
*** Running vivado
    with args -log design_1_axi_smc_1.vds -m64 -product Vivado -mode batch -messageDb vivado.pb -notrace -source design_1_axi_smc_1.tcl


ECHO 已關閉。
ECHO 已關閉。

****** Vivado v2023.2 (64-bit)
  **** SW Build 4029153 on Fri Oct 13 20:14:34 MDT 2023
  **** IP Build 4028589 on Sat Oct 14 00:45:43 MDT 2023
  **** SharedData Build 4025554 on Tue Oct 10 17:18:54 MDT 2023
    ** Copyright 1986-2022 Xilinx, Inc. All Rights Reserved.
    ** Copyright 2022-2023 Advanced Micro Devices, Inc. All Rights Reserved.

source design_1_axi_smc_1.tcl -notrace
create_project: Time (s): cpu = 00:00:10 ; elapsed = 00:00:12 . Memory (MB): peak = 485.641 ; gain = 180.195
INFO: [IP_Flow 19-234] Refreshing IP repositories
INFO: [IP_Flow 19-1700] Loaded user IP repository 'c:/RFC-8439-fpga-implementation/IP_repo'.
INFO: [IP_Flow 19-2313] Loaded Vivado IP repository 'C:/Xilinx/Vivado/2023.2/data/ip'.
update_ip_catalog: Time (s): cpu = 00:00:00 ; elapsed = 00:00:07 . Memory (MB): peak = 494.645 ; gain = 9.004
INFO: [IP_Flow 19-6924] IPCACHE: Running cache check for IP inst: design_1_axi_smc_1
Command: synth_design -top design_1_axi_smc_1 -part xc7z020clg400-1 -incremental_mode off -mode out_of_context
Starting synth_design
Attempting to get a license for feature 'Synthesis' and/or device 'xc7z020'
INFO: [Common 17-349] Got license for feature 'Synthesis' and/or device 'xc7z020'
INFO: [Device 21-403] Loading part xc7z020clg400-1
INFO: [Synth 8-7079] Multithreading enabled for synth_design using a maximum of 2 processes.
INFO: [Synth 8-7078] Launching helper process for spawning children vivado processes
INFO: [Synth 8-7075] Helper process launched with PID 26672
---------------------------------------------------------------------------------
Starting RTL Elaboration : Time (s): cpu = 00:00:09 ; elapsed = 00:01:10 . Memory (MB): peak = 1388.000 ; gain = 438.070
---------------------------------------------------------------------------------
INFO: [Synth 8-6157] synthesizing module 'design_1_axi_smc_1' [c:/RFC-8439-fpga-implementation/RFC8439_sys/RFC8439_sys.gen/sources_1/bd/design_1/ip/design_1_axi_smc_1/synth/design_1_axi_smc_1.v:53]
INFO: [Synth 8-6157] synthesizing module 'bd_6f02' [c:/RFC-8439-fpga-implementation/RFC8439_sys/RFC8439_sys.gen/sources_1/bd/design_1/ip/design_1_axi_smc_1/bd_0/synth/bd_6f02.v:10]
INFO: [Synth 8-6157] synthesizing module 'clk_map_imp_19UC7HI' [c:/RFC-8439-fpga-implementation/RFC8439_sys/RFC8439_sys.gen/sources_1/bd/design_1/ip/design_1_axi_smc_1/bd_0/synth/bd_6f02.v:2509]
INFO: [Synth 8-6157] synthesizing module 'bd_6f02_one_0' [c:/RFC-8439-fpga-implementation/RFC8439_sys/RFC8439_sys.gen/sources_1/bd/design_1/ip/design_1_axi_smc_1/bd_0/ip/ip_0/synth/bd_6f02_one_0.v:53]
INFO: [Synth 8-6157] synthesizing module 'xlconstant_v1_1_8_xlconstant' [c:/RFC-8439-fpga-implementation/RFC8439_sys/RFC8439_sys.gen/sources_1/bd/design_1/ipshared/d390/hdl/xlconstant_v1_1_vl_rfs.v:68]
INFO: [Synth 8-6155] done synthesizing module 'xlconstant_v1_1_8_xlconstant' (0#1) [c:/RFC-8439-fpga-implementation/RFC8439_sys/RFC8439_sys.gen/sources_1/bd/design_1/ipshared/d390/hdl/xlconstant_v1_1_vl_rfs.v:68]
INFO: [Synth 8-6155] done synthesizing module 'bd_6f02_one_0' (0#1) [c:/RFC-8439-fpga-implementation/RFC8439_sys/RFC8439_sys.gen/sources_1/bd/design_1/ip/design_1_axi_smc_1/bd_0/ip/ip_0/synth/bd_6f02_one_0.v:53]
INFO: [Synth 8-638] synthesizing module 'bd_6f02_psr_aclk_0' [c:/RFC-8439-fpga-implementation/RFC8439_sys/RFC8439_sys.gen/sources_1/bd/design_1/ip/design_1_axi_smc_1/bd_0/ip/ip_1/synth/bd_6f02_psr_aclk_0.vhd:74]
	Parameter C_FAMILY bound to: zynq - type: string 
	Parameter C_EXT_RST_WIDTH bound to: 4 - type: integer 
	Parameter C_AUX_RST_WIDTH bound to: 1 - type: integer 
	Parameter C_EXT_RESET_HIGH bound to: 1'b0 
	Parameter C_AUX_RESET_HIGH bound to: 1'b0 
	Parameter C_NUM_BUS_RST bound to: 1 - type: integer 
	Parameter C_NUM_PERP_RST bound to: 1 - type: integer 
	Parameter C_NUM_INTERCONNECT_ARESETN bound to: 1 - type: integer 
	Parameter C_NUM_PERP_ARESETN bound to: 1 - type: integer 
INFO: [Synth 8-3491] module 'proc_sys_reset' declared at 'c:/RFC-8439-fpga-implementation/RFC8439_sys/RFC8439_sys.gen/sources_1/bd/design_1/ipshared/408c/hdl/proc_sys_reset_v5_0_vh_rfs.vhd:1271' bound to instance 'U0' of component 'proc_sys_reset' [c:/RFC-8439-fpga-implementation/RFC8439_sys/RFC8439_sys.gen/sources_1/bd/design_1/ip/design_1_axi_smc_1/bd_0/ip/ip_1/synth/bd_6f02_psr_aclk_0.vhd:129]
INFO: [Synth 8-638] synthesizing module 'proc_sys_reset' [c:/RFC-8439-fpga-implementation/RFC8439_sys/RFC8439_sys.gen/sources_1/bd/design_1/ipshared/408c/hdl/proc_sys_reset_v5_0_vh_rfs.vhd:1330]
	Parameter INIT bound to: 1'b1 
INFO: [Synth 8-113] binding component instance 'FDRE_inst' to cell 'FDRE' [c:/RFC-8439-fpga-implementation/RFC8439_sys/RFC8439_sys.gen/sources_1/bd/design_1/ipshared/408c/hdl/proc_sys_reset_v5_0_vh_rfs.vhd:1399]
	Parameter INIT bound to: 1'b1 
INFO: [Synth 8-113] binding component instance 'FDRE_BSR' to cell 'FDRE' [c:/RFC-8439-fpga-implementation/RFC8439_sys/RFC8439_sys.gen/sources_1/bd/design_1/ipshared/408c/hdl/proc_sys_reset_v5_0_vh_rfs.vhd:1415]
	Parameter INIT bound to: 1'b0 
INFO: [Synth 8-113] binding component instance 'FDRE_BSR_N' to cell 'FDRE' [c:/RFC-8439-fpga-implementation/RFC8439_sys/RFC8439_sys.gen/sources_1/bd/design_1/ipshared/408c/hdl/proc_sys_reset_v5_0_vh_rfs.vhd:1441]
	Parameter INIT bound to: 1'b1 
INFO: [Synth 8-113] binding component instance 'FDRE_PER' to cell 'FDRE' [c:/RFC-8439-fpga-implementation/RFC8439_sys/RFC8439_sys.gen/sources_1/bd/design_1/ipshared/408c/hdl/proc_sys_reset_v5_0_vh_rfs.vhd:1464]
	Parameter INIT bound to: 1'b0 
INFO: [Synth 8-113] binding component instance 'FDRE_PER_N' to cell 'FDRE' [c:/RFC-8439-fpga-implementation/RFC8439_sys/RFC8439_sys.gen/sources_1/bd/design_1/ipshared/408c/hdl/proc_sys_reset_v5_0_vh_rfs.vhd:1488]
INFO: [Synth 8-638] synthesizing module 'lpf' [c:/RFC-8439-fpga-implementation/RFC8439_sys/RFC8439_sys.gen/sources_1/bd/design_1/ipshared/408c/hdl/proc_sys_reset_v5_0_vh_rfs.vhd:821]
INFO: [Synth 8-3491] module 'SRL16' declared at 'C:/Xilinx/Vivado/2023.2/scripts/rt/data/unisim_comp.v:133721' bound to instance 'POR_SRL_I' of component 'SRL16' [c:/RFC-8439-fpga-implementation/RFC8439_sys/RFC8439_sys.gen/sources_1/bd/design_1/ipshared/408c/hdl/proc_sys_reset_v5_0_vh_rfs.vhd:873]
INFO: [Synth 8-6157] synthesizing module 'SRL16' [C:/Xilinx/Vivado/2023.2/scripts/rt/data/unisim_comp.v:133721]
INFO: [Synth 8-6155] done synthesizing module 'SRL16' (0#1) [C:/Xilinx/Vivado/2023.2/scripts/rt/data/unisim_comp.v:133721]
INFO: [Synth 8-638] synthesizing module 'cdc_sync' [c:/RFC-8439-fpga-implementation/RFC8439_sys/RFC8439_sys.gen/sources_1/bd/design_1/ipshared/ef1e/hdl/lib_cdc_v1_0_rfs.vhd:106]
	Parameter INIT bound to: 1'b0 
INFO: [Synth 8-113] binding component instance 'CROSS_PLEVEL_IN2SCNDRY_IN_cdc_to' to cell 'FDR' [c:/RFC-8439-fpga-implementation/RFC8439_sys/RFC8439_sys.gen/sources_1/bd/design_1/ipshared/ef1e/hdl/lib_cdc_v1_0_rfs.vhd:514]
	Parameter INIT bound to: 1'b0 
INFO: [Synth 8-113] binding component instance 'CROSS_PLEVEL_IN2SCNDRY_s_level_out_d2' to cell 'FDR' [c:/RFC-8439-fpga-implementation/RFC8439_sys/RFC8439_sys.gen/sources_1/bd/design_1/ipshared/ef1e/hdl/lib_cdc_v1_0_rfs.vhd:545]
	Parameter INIT bound to: 1'b0 
INFO: [Synth 8-113] binding component instance 'CROSS_PLEVEL_IN2SCNDRY_s_level_out_d3' to cell 'FDR' [c:/RFC-8439-fpga-implementation/RFC8439_sys/RFC8439_sys.gen/sources_1/bd/design_1/ipshared/ef1e/hdl/lib_cdc_v1_0_rfs.vhd:554]
	Parameter INIT bound to: 1'b0 
INFO: [Synth 8-113] binding component instance 'CROSS_PLEVEL_IN2SCNDRY_s_level_out_d4' to cell 'FDR' [c:/RFC-8439-fpga-implementation/RFC8439_sys/RFC8439_sys.gen/sources_1/bd/design_1/ipshared/ef1e/hdl/lib_cdc_v1_0_rfs.vhd:564]
	Parameter INIT bound to: 1'b0 
INFO: [Synth 8-113] binding component instance 'CROSS_PLEVEL_IN2SCNDRY_s_level_out_d5' to cell 'FDR' [c:/RFC-8439-fpga-implementation/RFC8439_sys/RFC8439_sys.gen/sources_1/bd/design_1/ipshared/ef1e/hdl/lib_cdc_v1_0_rfs.vhd:574]
	Parameter INIT bound to: 1'b0 
INFO: [Synth 8-113] binding component instance 'CROSS_PLEVEL_IN2SCNDRY_s_level_out_d6' to cell 'FDR' [c:/RFC-8439-fpga-implementation/RFC8439_sys/RFC8439_sys.gen/sources_1/bd/design_1/ipshared/ef1e/hdl/lib_cdc_v1_0_rfs.vhd:584]
INFO: [Synth 8-256] done synthesizing module 'cdc_sync' (0#1) [c:/RFC-8439-fpga-implementation/RFC8439_sys/RFC8439_sys.gen/sources_1/bd/design_1/ipshared/ef1e/hdl/lib_cdc_v1_0_rfs.vhd:106]
INFO: [Synth 8-256] done synthesizing module 'lpf' (0#1) [c:/RFC-8439-fpga-implementation/RFC8439_sys/RFC8439_sys.gen/sources_1/bd/design_1/ipshared/408c/hdl/proc_sys_reset_v5_0_vh_rfs.vhd:821]
INFO: [Synth 8-638] synthesizing module 'sequence_psr' [c:/RFC-8439-fpga-implementation/RFC8439_sys/RFC8439_sys.gen/sources_1/bd/design_1/ipshared/408c/hdl/proc_sys_reset_v5_0_vh_rfs.vhd:304]
INFO: [Synth 8-638] synthesizing module 'upcnt_n' [c:/RFC-8439-fpga-implementation/RFC8439_sys/RFC8439_sys.gen/sources_1/bd/design_1/ipshared/408c/hdl/proc_sys_reset_v5_0_vh_rfs.vhd:126]
INFO: [Synth 8-256] done synthesizing module 'upcnt_n' (0#1) [c:/RFC-8439-fpga-implementation/RFC8439_sys/RFC8439_sys.gen/sources_1/bd/design_1/ipshared/408c/hdl/proc_sys_reset_v5_0_vh_rfs.vhd:126]
INFO: [Synth 8-256] done synthesizing module 'sequence_psr' (0#1) [c:/RFC-8439-fpga-implementation/RFC8439_sys/RFC8439_sys.gen/sources_1/bd/design_1/ipshared/408c/hdl/proc_sys_reset_v5_0_vh_rfs.vhd:304]
INFO: [Synth 8-256] done synthesizing module 'proc_sys_reset' (0#1) [c:/RFC-8439-fpga-implementation/RFC8439_sys/RFC8439_sys.gen/sources_1/bd/design_1/ipshared/408c/hdl/proc_sys_reset_v5_0_vh_rfs.vhd:1330]
INFO: [Synth 8-256] done synthesizing module 'bd_6f02_psr_aclk_0' (0#1) [c:/RFC-8439-fpga-implementation/RFC8439_sys/RFC8439_sys.gen/sources_1/bd/design_1/ip/design_1_axi_smc_1/bd_0/ip/ip_1/synth/bd_6f02_psr_aclk_0.vhd:74]
WARNING: [Synth 8-7071] port 'mb_reset' of module 'bd_6f02_psr_aclk_0' is unconnected for instance 'psr_aclk' [c:/RFC-8439-fpga-implementation/RFC8439_sys/RFC8439_sys.gen/sources_1/bd/design_1/ip/design_1_axi_smc_1/bd_0/synth/bd_6f02.v:2568]
WARNING: [Synth 8-7071] port 'bus_struct_reset' of module 'bd_6f02_psr_aclk_0' is unconnected for instance 'psr_aclk' [c:/RFC-8439-fpga-implementation/RFC8439_sys/RFC8439_sys.gen/sources_1/bd/design_1/ip/design_1_axi_smc_1/bd_0/synth/bd_6f02.v:2568]
WARNING: [Synth 8-7071] port 'peripheral_reset' of module 'bd_6f02_psr_aclk_0' is unconnected for instance 'psr_aclk' [c:/RFC-8439-fpga-implementation/RFC8439_sys/RFC8439_sys.gen/sources_1/bd/design_1/ip/design_1_axi_smc_1/bd_0/synth/bd_6f02.v:2568]
WARNING: [Synth 8-7071] port 'peripheral_aresetn' of module 'bd_6f02_psr_aclk_0' is unconnected for instance 'psr_aclk' [c:/RFC-8439-fpga-implementation/RFC8439_sys/RFC8439_sys.gen/sources_1/bd/design_1/ip/design_1_axi_smc_1/bd_0/synth/bd_6f02.v:2568]
WARNING: [Synth 8-7023] instance 'psr_aclk' of module 'bd_6f02_psr_aclk_0' has 10 connections declared, but only 6 given [c:/RFC-8439-fpga-implementation/RFC8439_sys/RFC8439_sys.gen/sources_1/bd/design_1/ip/design_1_axi_smc_1/bd_0/synth/bd_6f02.v:2568]
INFO: [Synth 8-6155] done synthesizing module 'clk_map_imp_19UC7HI' (0#1) [c:/RFC-8439-fpga-implementation/RFC8439_sys/RFC8439_sys.gen/sources_1/bd/design_1/ip/design_1_axi_smc_1/bd_0/synth/bd_6f02.v:2509]
INFO: [Synth 8-6157] synthesizing module 'm00_exit_pipeline_imp_PYUQT9' [c:/RFC-8439-fpga-implementation/RFC8439_sys/RFC8439_sys.gen/sources_1/bd/design_1/ip/design_1_axi_smc_1/bd_0/synth/bd_6f02.v:2577]
INFO: [Synth 8-6157] synthesizing module 'bd_6f02_m00e_0' [c:/RFC-8439-fpga-implementation/RFC8439_sys/RFC8439_sys.gen/sources_1/bd/design_1/ip/design_1_axi_smc_1/bd_0/ip/ip_22/synth/bd_6f02_m00e_0.sv:53]
INFO: [Synth 8-6157] synthesizing module 'xpm_cdc_async_rst' [C:/Xilinx/Vivado/2023.2/data/ip/xpm/xpm_cdc/hdl/xpm_cdc.sv:1175]
INFO: [Synth 8-6155] done synthesizing module 'xpm_cdc_async_rst' (0#1) [C:/Xilinx/Vivado/2023.2/data/ip/xpm/xpm_cdc/hdl/xpm_cdc.sv:1175]
INFO: [Synth 8-6155] done synthesizing module 'bd_6f02_m00e_0' (0#1) [c:/RFC-8439-fpga-implementation/RFC8439_sys/RFC8439_sys.gen/sources_1/bd/design_1/ip/design_1_axi_smc_1/bd_0/ip/ip_22/synth/bd_6f02_m00e_0.sv:53]
INFO: [Synth 8-6155] done synthesizing module 'm00_exit_pipeline_imp_PYUQT9' (0#1) [c:/RFC-8439-fpga-implementation/RFC8439_sys/RFC8439_sys.gen/sources_1/bd/design_1/ip/design_1_axi_smc_1/bd_0/synth/bd_6f02.v:2577]
INFO: [Synth 8-6157] synthesizing module 'm00_nodes_imp_3S6IOH' [c:/RFC-8439-fpga-implementation/RFC8439_sys/RFC8439_sys.gen/sources_1/bd/design_1/ip/design_1_axi_smc_1/bd_0/synth/bd_6f02.v:2948]
INFO: [Synth 8-6157] synthesizing module 'bd_6f02_m00arn_0' [c:/RFC-8439-fpga-implementation/RFC8439_sys/RFC8439_sys.gen/sources_1/bd/design_1/ip/design_1_axi_smc_1/bd_0/ip/ip_17/synth/bd_6f02_m00arn_0.sv:53]
INFO: [Synth 8-6157] synthesizing module 'xpm_memory_sdpram' [C:/Xilinx/Vivado/2023.2/data/ip/xpm/xpm_memory/hdl/xpm_memory.sv:8548]
INFO: [Synth 8-6157] synthesizing module 'xpm_memory_base' [C:/Xilinx/Vivado/2023.2/data/ip/xpm/xpm_memory/hdl/xpm_memory.sv:54]
INFO: [Synth 8-6155] done synthesizing module 'xpm_memory_base' (0#1) [C:/Xilinx/Vivado/2023.2/data/ip/xpm/xpm_memory/hdl/xpm_memory.sv:54]
INFO: [Synth 8-6155] done synthesizing module 'xpm_memory_sdpram' (0#1) [C:/Xilinx/Vivado/2023.2/data/ip/xpm/xpm_memory/hdl/xpm_memory.sv:8548]
INFO: [Synth 8-6157] synthesizing module 'xpm_memory_sdpram__parameterized0' [C:/Xilinx/Vivado/2023.2/data/ip/xpm/xpm_memory/hdl/xpm_memory.sv:8548]
INFO: [Synth 8-6157] synthesizing module 'xpm_memory_base__parameterized0' [C:/Xilinx/Vivado/2023.2/data/ip/xpm/xpm_memory/hdl/xpm_memory.sv:54]
INFO: [Synth 8-6155] done synthesizing module 'xpm_memory_base__parameterized0' (0#1) [C:/Xilinx/Vivado/2023.2/data/ip/xpm/xpm_memory/hdl/xpm_memory.sv:54]
INFO: [Synth 8-6155] done synthesizing module 'xpm_memory_sdpram__parameterized0' (0#1) [C:/Xilinx/Vivado/2023.2/data/ip/xpm/xpm_memory/hdl/xpm_memory.sv:8548]
INFO: [Synth 8-6155] done synthesizing module 'bd_6f02_m00arn_0' (0#1) [c:/RFC-8439-fpga-implementation/RFC8439_sys/RFC8439_sys.gen/sources_1/bd/design_1/ip/design_1_axi_smc_1/bd_0/ip/ip_17/synth/bd_6f02_m00arn_0.sv:53]
INFO: [Synth 8-6157] synthesizing module 'bd_6f02_m00awn_0' [c:/RFC-8439-fpga-implementation/RFC8439_sys/RFC8439_sys.gen/sources_1/bd/design_1/ip/design_1_axi_smc_1/bd_0/ip/ip_19/synth/bd_6f02_m00awn_0.sv:53]
INFO: [Synth 8-6155] done synthesizing module 'bd_6f02_m00awn_0' (0#1) [c:/RFC-8439-fpga-implementation/RFC8439_sys/RFC8439_sys.gen/sources_1/bd/design_1/ip/design_1_axi_smc_1/bd_0/ip/ip_19/synth/bd_6f02_m00awn_0.sv:53]
INFO: [Synth 8-6157] synthesizing module 'bd_6f02_m00bn_0' [c:/RFC-8439-fpga-implementation/RFC8439_sys/RFC8439_sys.gen/sources_1/bd/design_1/ip/design_1_axi_smc_1/bd_0/ip/ip_21/synth/bd_6f02_m00bn_0.sv:53]
INFO: [Synth 8-6157] synthesizing module 'xpm_memory_sdpram__parameterized1' [C:/Xilinx/Vivado/2023.2/data/ip/xpm/xpm_memory/hdl/xpm_memory.sv:8548]
INFO: [Synth 8-6157] synthesizing module 'xpm_memory_base__parameterized1' [C:/Xilinx/Vivado/2023.2/data/ip/xpm/xpm_memory/hdl/xpm_memory.sv:54]
INFO: [Synth 8-6155] done synthesizing module 'xpm_memory_base__parameterized1' (0#1) [C:/Xilinx/Vivado/2023.2/data/ip/xpm/xpm_memory/hdl/xpm_memory.sv:54]
INFO: [Synth 8-6155] done synthesizing module 'xpm_memory_sdpram__parameterized1' (0#1) [C:/Xilinx/Vivado/2023.2/data/ip/xpm/xpm_memory/hdl/xpm_memory.sv:8548]
INFO: [Synth 8-6157] synthesizing module 'xpm_memory_sdpram__parameterized2' [C:/Xilinx/Vivado/2023.2/data/ip/xpm/xpm_memory/hdl/xpm_memory.sv:8548]
INFO: [Synth 8-6157] synthesizing module 'xpm_memory_base__parameterized2' [C:/Xilinx/Vivado/2023.2/data/ip/xpm/xpm_memory/hdl/xpm_memory.sv:54]
INFO: [Synth 8-6155] done synthesizing module 'xpm_memory_base__parameterized2' (0#1) [C:/Xilinx/Vivado/2023.2/data/ip/xpm/xpm_memory/hdl/xpm_memory.sv:54]
INFO: [Synth 8-6155] done synthesizing module 'xpm_memory_sdpram__parameterized2' (0#1) [C:/Xilinx/Vivado/2023.2/data/ip/xpm/xpm_memory/hdl/xpm_memory.sv:8548]
INFO: [Synth 8-6155] done synthesizing module 'bd_6f02_m00bn_0' (0#1) [c:/RFC-8439-fpga-implementation/RFC8439_sys/RFC8439_sys.gen/sources_1/bd/design_1/ip/design_1_axi_smc_1/bd_0/ip/ip_21/synth/bd_6f02_m00bn_0.sv:53]
INFO: [Synth 8-6157] synthesizing module 'bd_6f02_m00rn_0' [c:/RFC-8439-fpga-implementation/RFC8439_sys/RFC8439_sys.gen/sources_1/bd/design_1/ip/design_1_axi_smc_1/bd_0/ip/ip_18/synth/bd_6f02_m00rn_0.sv:53]
INFO: [Synth 8-6157] synthesizing module 'xpm_memory_sdpram__parameterized3' [C:/Xilinx/Vivado/2023.2/data/ip/xpm/xpm_memory/hdl/xpm_memory.sv:8548]
INFO: [Synth 8-6157] synthesizing module 'xpm_memory_base__parameterized3' [C:/Xilinx/Vivado/2023.2/data/ip/xpm/xpm_memory/hdl/xpm_memory.sv:54]
INFO: [Synth 8-6155] done synthesizing module 'xpm_memory_base__parameterized3' (0#1) [C:/Xilinx/Vivado/2023.2/data/ip/xpm/xpm_memory/hdl/xpm_memory.sv:54]
INFO: [Synth 8-6155] done synthesizing module 'xpm_memory_sdpram__parameterized3' (0#1) [C:/Xilinx/Vivado/2023.2/data/ip/xpm/xpm_memory/hdl/xpm_memory.sv:8548]
INFO: [Synth 8-6155] done synthesizing module 'bd_6f02_m00rn_0' (0#1) [c:/RFC-8439-fpga-implementation/RFC8439_sys/RFC8439_sys.gen/sources_1/bd/design_1/ip/design_1_axi_smc_1/bd_0/ip/ip_18/synth/bd_6f02_m00rn_0.sv:53]
INFO: [Synth 8-6157] synthesizing module 'bd_6f02_m00wn_0' [c:/RFC-8439-fpga-implementation/RFC8439_sys/RFC8439_sys.gen/sources_1/bd/design_1/ip/design_1_axi_smc_1/bd_0/ip/ip_20/synth/bd_6f02_m00wn_0.sv:53]
INFO: [Synth 8-6157] synthesizing module 'xpm_memory_sdpram__parameterized4' [C:/Xilinx/Vivado/2023.2/data/ip/xpm/xpm_memory/hdl/xpm_memory.sv:8548]
INFO: [Synth 8-6157] synthesizing module 'xpm_memory_base__parameterized4' [C:/Xilinx/Vivado/2023.2/data/ip/xpm/xpm_memory/hdl/xpm_memory.sv:54]
INFO: [Synth 8-6155] done synthesizing module 'xpm_memory_base__parameterized4' (0#1) [C:/Xilinx/Vivado/2023.2/data/ip/xpm/xpm_memory/hdl/xpm_memory.sv:54]
INFO: [Synth 8-6155] done synthesizing module 'xpm_memory_sdpram__parameterized4' (0#1) [C:/Xilinx/Vivado/2023.2/data/ip/xpm/xpm_memory/hdl/xpm_memory.sv:8548]
INFO: [Synth 8-6155] done synthesizing module 'bd_6f02_m00wn_0' (0#1) [c:/RFC-8439-fpga-implementation/RFC8439_sys/RFC8439_sys.gen/sources_1/bd/design_1/ip/design_1_axi_smc_1/bd_0/ip/ip_20/synth/bd_6f02_m00wn_0.sv:53]
INFO: [Synth 8-6155] done synthesizing module 'm00_nodes_imp_3S6IOH' (0#1) [c:/RFC-8439-fpga-implementation/RFC8439_sys/RFC8439_sys.gen/sources_1/bd/design_1/ip/design_1_axi_smc_1/bd_0/synth/bd_6f02.v:2948]
INFO: [Synth 8-6157] synthesizing module 'bd_6f02_m00s2a_0' [c:/RFC-8439-fpga-implementation/RFC8439_sys/RFC8439_sys.gen/sources_1/bd/design_1/ip/design_1_axi_smc_1/bd_0/ip/ip_16/synth/bd_6f02_m00s2a_0.sv:53]
INFO: [Synth 8-6155] done synthesizing module 'bd_6f02_m00s2a_0' (0#1) [c:/RFC-8439-fpga-implementation/RFC8439_sys/RFC8439_sys.gen/sources_1/bd/design_1/ip/design_1_axi_smc_1/bd_0/ip/ip_16/synth/bd_6f02_m00s2a_0.sv:53]
INFO: [Synth 8-6157] synthesizing module 'm01_exit_pipeline_imp_KQMHVH' [c:/RFC-8439-fpga-implementation/RFC8439_sys/RFC8439_sys.gen/sources_1/bd/design_1/ip/design_1_axi_smc_1/bd_0/synth/bd_6f02.v:3244]
INFO: [Synth 8-6157] synthesizing module 'bd_6f02_m01e_0' [c:/RFC-8439-fpga-implementation/RFC8439_sys/RFC8439_sys.gen/sources_1/bd/design_1/ip/design_1_axi_smc_1/bd_0/ip/ip_29/synth/bd_6f02_m01e_0.sv:53]
INFO: [Synth 8-6155] done synthesizing module 'bd_6f02_m01e_0' (0#1) [c:/RFC-8439-fpga-implementation/RFC8439_sys/RFC8439_sys.gen/sources_1/bd/design_1/ip/design_1_axi_smc_1/bd_0/ip/ip_29/synth/bd_6f02_m01e_0.sv:53]
INFO: [Synth 8-6155] done synthesizing module 'm01_exit_pipeline_imp_KQMHVH' (0#1) [c:/RFC-8439-fpga-implementation/RFC8439_sys/RFC8439_sys.gen/sources_1/bd/design_1/ip/design_1_axi_smc_1/bd_0/synth/bd_6f02.v:3244]
INFO: [Synth 8-6157] synthesizing module 'm01_nodes_imp_1455NXJ' [c:/RFC-8439-fpga-implementation/RFC8439_sys/RFC8439_sys.gen/sources_1/bd/design_1/ip/design_1_axi_smc_1/bd_0/synth/bd_6f02.v:3615]
INFO: [Synth 8-6157] synthesizing module 'bd_6f02_m01arn_0' [c:/RFC-8439-fpga-implementation/RFC8439_sys/RFC8439_sys.gen/sources_1/bd/design_1/ip/design_1_axi_smc_1/bd_0/ip/ip_24/synth/bd_6f02_m01arn_0.sv:53]
INFO: [Synth 8-6155] done synthesizing module 'bd_6f02_m01arn_0' (0#1) [c:/RFC-8439-fpga-implementation/RFC8439_sys/RFC8439_sys.gen/sources_1/bd/design_1/ip/design_1_axi_smc_1/bd_0/ip/ip_24/synth/bd_6f02_m01arn_0.sv:53]
INFO: [Synth 8-6157] synthesizing module 'bd_6f02_m01awn_0' [c:/RFC-8439-fpga-implementation/RFC8439_sys/RFC8439_sys.gen/sources_1/bd/design_1/ip/design_1_axi_smc_1/bd_0/ip/ip_26/synth/bd_6f02_m01awn_0.sv:53]
INFO: [Synth 8-6155] done synthesizing module 'bd_6f02_m01awn_0' (0#1) [c:/RFC-8439-fpga-implementation/RFC8439_sys/RFC8439_sys.gen/sources_1/bd/design_1/ip/design_1_axi_smc_1/bd_0/ip/ip_26/synth/bd_6f02_m01awn_0.sv:53]
INFO: [Synth 8-6157] synthesizing module 'bd_6f02_m01bn_0' [c:/RFC-8439-fpga-implementation/RFC8439_sys/RFC8439_sys.gen/sources_1/bd/design_1/ip/design_1_axi_smc_1/bd_0/ip/ip_28/synth/bd_6f02_m01bn_0.sv:53]
INFO: [Synth 8-6155] done synthesizing module 'bd_6f02_m01bn_0' (0#1) [c:/RFC-8439-fpga-implementation/RFC8439_sys/RFC8439_sys.gen/sources_1/bd/design_1/ip/design_1_axi_smc_1/bd_0/ip/ip_28/synth/bd_6f02_m01bn_0.sv:53]
INFO: [Synth 8-6157] synthesizing module 'bd_6f02_m01rn_0' [c:/RFC-8439-fpga-implementation/RFC8439_sys/RFC8439_sys.gen/sources_1/bd/design_1/ip/design_1_axi_smc_1/bd_0/ip/ip_25/synth/bd_6f02_m01rn_0.sv:53]
INFO: [Synth 8-6155] done synthesizing module 'bd_6f02_m01rn_0' (0#1) [c:/RFC-8439-fpga-implementation/RFC8439_sys/RFC8439_sys.gen/sources_1/bd/design_1/ip/design_1_axi_smc_1/bd_0/ip/ip_25/synth/bd_6f02_m01rn_0.sv:53]
INFO: [Synth 8-6157] synthesizing module 'bd_6f02_m01wn_0' [c:/RFC-8439-fpga-implementation/RFC8439_sys/RFC8439_sys.gen/sources_1/bd/design_1/ip/design_1_axi_smc_1/bd_0/ip/ip_27/synth/bd_6f02_m01wn_0.sv:53]
INFO: [Synth 8-6155] done synthesizing module 'bd_6f02_m01wn_0' (0#1) [c:/RFC-8439-fpga-implementation/RFC8439_sys/RFC8439_sys.gen/sources_1/bd/design_1/ip/design_1_axi_smc_1/bd_0/ip/ip_27/synth/bd_6f02_m01wn_0.sv:53]
INFO: [Synth 8-6155] done synthesizing module 'm01_nodes_imp_1455NXJ' (0#1) [c:/RFC-8439-fpga-implementation/RFC8439_sys/RFC8439_sys.gen/sources_1/bd/design_1/ip/design_1_axi_smc_1/bd_0/synth/bd_6f02.v:3615]
INFO: [Synth 8-6157] synthesizing module 'bd_6f02_m01s2a_0' [c:/RFC-8439-fpga-implementation/RFC8439_sys/RFC8439_sys.gen/sources_1/bd/design_1/ip/design_1_axi_smc_1/bd_0/ip/ip_23/synth/bd_6f02_m01s2a_0.sv:53]
INFO: [Synth 8-6155] done synthesizing module 'bd_6f02_m01s2a_0' (0#1) [c:/RFC-8439-fpga-implementation/RFC8439_sys/RFC8439_sys.gen/sources_1/bd/design_1/ip/design_1_axi_smc_1/bd_0/ip/ip_23/synth/bd_6f02_m01s2a_0.sv:53]
INFO: [Synth 8-6157] synthesizing module 'm02_exit_pipeline_imp_W4HJGD' [c:/RFC-8439-fpga-implementation/RFC8439_sys/RFC8439_sys.gen/sources_1/bd/design_1/ip/design_1_axi_smc_1/bd_0/synth/bd_6f02.v:3911]
INFO: [Synth 8-6157] synthesizing module 'bd_6f02_m02e_0' [c:/RFC-8439-fpga-implementation/RFC8439_sys/RFC8439_sys.gen/sources_1/bd/design_1/ip/design_1_axi_smc_1/bd_0/ip/ip_36/synth/bd_6f02_m02e_0.sv:53]
INFO: [Synth 8-6155] done synthesizing module 'bd_6f02_m02e_0' (0#1) [c:/RFC-8439-fpga-implementation/RFC8439_sys/RFC8439_sys.gen/sources_1/bd/design_1/ip/design_1_axi_smc_1/bd_0/ip/ip_36/synth/bd_6f02_m02e_0.sv:53]
INFO: [Synth 8-6155] done synthesizing module 'm02_exit_pipeline_imp_W4HJGD' (0#1) [c:/RFC-8439-fpga-implementation/RFC8439_sys/RFC8439_sys.gen/sources_1/bd/design_1/ip/design_1_axi_smc_1/bd_0/synth/bd_6f02.v:3911]
INFO: [Synth 8-6157] synthesizing module 'm02_nodes_imp_1TPC058' [c:/RFC-8439-fpga-implementation/RFC8439_sys/RFC8439_sys.gen/sources_1/bd/design_1/ip/design_1_axi_smc_1/bd_0/synth/bd_6f02.v:4212]
INFO: [Synth 8-6157] synthesizing module 'bd_6f02_m02arn_0' [c:/RFC-8439-fpga-implementation/RFC8439_sys/RFC8439_sys.gen/sources_1/bd/design_1/ip/design_1_axi_smc_1/bd_0/ip/ip_31/synth/bd_6f02_m02arn_0.sv:53]
INFO: [Synth 8-6155] done synthesizing module 'bd_6f02_m02arn_0' (0#1) [c:/RFC-8439-fpga-implementation/RFC8439_sys/RFC8439_sys.gen/sources_1/bd/design_1/ip/design_1_axi_smc_1/bd_0/ip/ip_31/synth/bd_6f02_m02arn_0.sv:53]
INFO: [Synth 8-6157] synthesizing module 'bd_6f02_m02awn_0' [c:/RFC-8439-fpga-implementation/RFC8439_sys/RFC8439_sys.gen/sources_1/bd/design_1/ip/design_1_axi_smc_1/bd_0/ip/ip_33/synth/bd_6f02_m02awn_0.sv:53]
INFO: [Synth 8-6155] done synthesizing module 'bd_6f02_m02awn_0' (0#1) [c:/RFC-8439-fpga-implementation/RFC8439_sys/RFC8439_sys.gen/sources_1/bd/design_1/ip/design_1_axi_smc_1/bd_0/ip/ip_33/synth/bd_6f02_m02awn_0.sv:53]
INFO: [Synth 8-6157] synthesizing module 'bd_6f02_m02bn_0' [c:/RFC-8439-fpga-implementation/RFC8439_sys/RFC8439_sys.gen/sources_1/bd/design_1/ip/design_1_axi_smc_1/bd_0/ip/ip_35/synth/bd_6f02_m02bn_0.sv:53]
INFO: [Synth 8-6155] done synthesizing module 'bd_6f02_m02bn_0' (0#1) [c:/RFC-8439-fpga-implementation/RFC8439_sys/RFC8439_sys.gen/sources_1/bd/design_1/ip/design_1_axi_smc_1/bd_0/ip/ip_35/synth/bd_6f02_m02bn_0.sv:53]
INFO: [Synth 8-6157] synthesizing module 'bd_6f02_m02rn_0' [c:/RFC-8439-fpga-implementation/RFC8439_sys/RFC8439_sys.gen/sources_1/bd/design_1/ip/design_1_axi_smc_1/bd_0/ip/ip_32/synth/bd_6f02_m02rn_0.sv:53]
INFO: [Synth 8-6155] done synthesizing module 'bd_6f02_m02rn_0' (0#1) [c:/RFC-8439-fpga-implementation/RFC8439_sys/RFC8439_sys.gen/sources_1/bd/design_1/ip/design_1_axi_smc_1/bd_0/ip/ip_32/synth/bd_6f02_m02rn_0.sv:53]
INFO: [Synth 8-6157] synthesizing module 'bd_6f02_m02wn_0' [c:/RFC-8439-fpga-implementation/RFC8439_sys/RFC8439_sys.gen/sources_1/bd/design_1/ip/design_1_axi_smc_1/bd_0/ip/ip_34/synth/bd_6f02_m02wn_0.sv:53]
INFO: [Synth 8-6155] done synthesizing module 'bd_6f02_m02wn_0' (0#1) [c:/RFC-8439-fpga-implementation/RFC8439_sys/RFC8439_sys.gen/sources_1/bd/design_1/ip/design_1_axi_smc_1/bd_0/ip/ip_34/synth/bd_6f02_m02wn_0.sv:53]
INFO: [Synth 8-6155] done synthesizing module 'm02_nodes_imp_1TPC058' (0#1) [c:/RFC-8439-fpga-implementation/RFC8439_sys/RFC8439_sys.gen/sources_1/bd/design_1/ip/design_1_axi_smc_1/bd_0/synth/bd_6f02.v:4212]
INFO: [Synth 8-6157] synthesizing module 'bd_6f02_m02s2a_0' [c:/RFC-8439-fpga-implementation/RFC8439_sys/RFC8439_sys.gen/sources_1/bd/design_1/ip/design_1_axi_smc_1/bd_0/ip/ip_30/synth/bd_6f02_m02s2a_0.sv:53]
INFO: [Synth 8-6155] done synthesizing module 'bd_6f02_m02s2a_0' (0#1) [c:/RFC-8439-fpga-implementation/RFC8439_sys/RFC8439_sys.gen/sources_1/bd/design_1/ip/design_1_axi_smc_1/bd_0/ip/ip_30/synth/bd_6f02_m02s2a_0.sv:53]
INFO: [Synth 8-6157] synthesizing module 'm03_exit_pipeline_imp_S08D4T' [c:/RFC-8439-fpga-implementation/RFC8439_sys/RFC8439_sys.gen/sources_1/bd/design_1/ip/design_1_axi_smc_1/bd_0/synth/bd_6f02.v:4508]
INFO: [Synth 8-6157] synthesizing module 'bd_6f02_m03e_0' [c:/RFC-8439-fpga-implementation/RFC8439_sys/RFC8439_sys.gen/sources_1/bd/design_1/ip/design_1_axi_smc_1/bd_0/ip/ip_43/synth/bd_6f02_m03e_0.sv:53]
INFO: [Synth 8-6155] done synthesizing module 'bd_6f02_m03e_0' (0#1) [c:/RFC-8439-fpga-implementation/RFC8439_sys/RFC8439_sys.gen/sources_1/bd/design_1/ip/design_1_axi_smc_1/bd_0/ip/ip_43/synth/bd_6f02_m03e_0.sv:53]
INFO: [Synth 8-6155] done synthesizing module 'm03_exit_pipeline_imp_S08D4T' (0#1) [c:/RFC-8439-fpga-implementation/RFC8439_sys/RFC8439_sys.gen/sources_1/bd/design_1/ip/design_1_axi_smc_1/bd_0/synth/bd_6f02.v:4508]
INFO: [Synth 8-6157] synthesizing module 'm03_nodes_imp_VKC2X6' [c:/RFC-8439-fpga-implementation/RFC8439_sys/RFC8439_sys.gen/sources_1/bd/design_1/ip/design_1_axi_smc_1/bd_0/synth/bd_6f02.v:4809]
INFO: [Synth 8-6157] synthesizing module 'bd_6f02_m03arn_0' [c:/RFC-8439-fpga-implementation/RFC8439_sys/RFC8439_sys.gen/sources_1/bd/design_1/ip/design_1_axi_smc_1/bd_0/ip/ip_38/synth/bd_6f02_m03arn_0.sv:53]
INFO: [Synth 8-6155] done synthesizing module 'bd_6f02_m03arn_0' (0#1) [c:/RFC-8439-fpga-implementation/RFC8439_sys/RFC8439_sys.gen/sources_1/bd/design_1/ip/design_1_axi_smc_1/bd_0/ip/ip_38/synth/bd_6f02_m03arn_0.sv:53]
INFO: [Synth 8-6157] synthesizing module 'bd_6f02_m03awn_0' [c:/RFC-8439-fpga-implementation/RFC8439_sys/RFC8439_sys.gen/sources_1/bd/design_1/ip/design_1_axi_smc_1/bd_0/ip/ip_40/synth/bd_6f02_m03awn_0.sv:53]
INFO: [Synth 8-6155] done synthesizing module 'bd_6f02_m03awn_0' (0#1) [c:/RFC-8439-fpga-implementation/RFC8439_sys/RFC8439_sys.gen/sources_1/bd/design_1/ip/design_1_axi_smc_1/bd_0/ip/ip_40/synth/bd_6f02_m03awn_0.sv:53]
INFO: [Synth 8-6157] synthesizing module 'bd_6f02_m03bn_0' [c:/RFC-8439-fpga-implementation/RFC8439_sys/RFC8439_sys.gen/sources_1/bd/design_1/ip/design_1_axi_smc_1/bd_0/ip/ip_42/synth/bd_6f02_m03bn_0.sv:53]
INFO: [Synth 8-6155] done synthesizing module 'bd_6f02_m03bn_0' (0#1) [c:/RFC-8439-fpga-implementation/RFC8439_sys/RFC8439_sys.gen/sources_1/bd/design_1/ip/design_1_axi_smc_1/bd_0/ip/ip_42/synth/bd_6f02_m03bn_0.sv:53]
INFO: [Synth 8-6157] synthesizing module 'bd_6f02_m03rn_0' [c:/RFC-8439-fpga-implementation/RFC8439_sys/RFC8439_sys.gen/sources_1/bd/design_1/ip/design_1_axi_smc_1/bd_0/ip/ip_39/synth/bd_6f02_m03rn_0.sv:53]
INFO: [Synth 8-6155] done synthesizing module 'bd_6f02_m03rn_0' (0#1) [c:/RFC-8439-fpga-implementation/RFC8439_sys/RFC8439_sys.gen/sources_1/bd/design_1/ip/design_1_axi_smc_1/bd_0/ip/ip_39/synth/bd_6f02_m03rn_0.sv:53]
INFO: [Synth 8-6157] synthesizing module 'bd_6f02_m03wn_0' [c:/RFC-8439-fpga-implementation/RFC8439_sys/RFC8439_sys.gen/sources_1/bd/design_1/ip/design_1_axi_smc_1/bd_0/ip/ip_41/synth/bd_6f02_m03wn_0.sv:53]
INFO: [Synth 8-6155] done synthesizing module 'bd_6f02_m03wn_0' (0#1) [c:/RFC-8439-fpga-implementation/RFC8439_sys/RFC8439_sys.gen/sources_1/bd/design_1/ip/design_1_axi_smc_1/bd_0/ip/ip_41/synth/bd_6f02_m03wn_0.sv:53]
INFO: [Synth 8-6155] done synthesizing module 'm03_nodes_imp_VKC2X6' (0#1) [c:/RFC-8439-fpga-implementation/RFC8439_sys/RFC8439_sys.gen/sources_1/bd/design_1/ip/design_1_axi_smc_1/bd_0/synth/bd_6f02.v:4809]
INFO: [Synth 8-6157] synthesizing module 'bd_6f02_m03s2a_0' [c:/RFC-8439-fpga-implementation/RFC8439_sys/RFC8439_sys.gen/sources_1/bd/design_1/ip/design_1_axi_smc_1/bd_0/ip/ip_37/synth/bd_6f02_m03s2a_0.sv:53]
INFO: [Synth 8-6155] done synthesizing module 'bd_6f02_m03s2a_0' (0#1) [c:/RFC-8439-fpga-implementation/RFC8439_sys/RFC8439_sys.gen/sources_1/bd/design_1/ip/design_1_axi_smc_1/bd_0/ip/ip_37/synth/bd_6f02_m03s2a_0.sv:53]
INFO: [Synth 8-6157] synthesizing module 'm04_exit_pipeline_imp_C4N5P' [c:/RFC-8439-fpga-implementation/RFC8439_sys/RFC8439_sys.gen/sources_1/bd/design_1/ip/design_1_axi_smc_1/bd_0/synth/bd_6f02.v:5105]
INFO: [Synth 8-6157] synthesizing module 'bd_6f02_m04e_0' [c:/RFC-8439-fpga-implementation/RFC8439_sys/RFC8439_sys.gen/sources_1/bd/design_1/ip/design_1_axi_smc_1/bd_0/ip/ip_50/synth/bd_6f02_m04e_0.sv:53]
INFO: [Synth 8-6155] done synthesizing module 'bd_6f02_m04e_0' (0#1) [c:/RFC-8439-fpga-implementation/RFC8439_sys/RFC8439_sys.gen/sources_1/bd/design_1/ip/design_1_axi_smc_1/bd_0/ip/ip_50/synth/bd_6f02_m04e_0.sv:53]
INFO: [Synth 8-6155] done synthesizing module 'm04_exit_pipeline_imp_C4N5P' (0#1) [c:/RFC-8439-fpga-implementation/RFC8439_sys/RFC8439_sys.gen/sources_1/bd/design_1/ip/design_1_axi_smc_1/bd_0/synth/bd_6f02.v:5105]
INFO: [Synth 8-6157] synthesizing module 'm04_nodes_imp_5KCFT6' [c:/RFC-8439-fpga-implementation/RFC8439_sys/RFC8439_sys.gen/sources_1/bd/design_1/ip/design_1_axi_smc_1/bd_0/synth/bd_6f02.v:5406]
INFO: [Synth 8-6157] synthesizing module 'bd_6f02_m04arn_0' [c:/RFC-8439-fpga-implementation/RFC8439_sys/RFC8439_sys.gen/sources_1/bd/design_1/ip/design_1_axi_smc_1/bd_0/ip/ip_45/synth/bd_6f02_m04arn_0.sv:53]
INFO: [Synth 8-6155] done synthesizing module 'bd_6f02_m04arn_0' (0#1) [c:/RFC-8439-fpga-implementation/RFC8439_sys/RFC8439_sys.gen/sources_1/bd/design_1/ip/design_1_axi_smc_1/bd_0/ip/ip_45/synth/bd_6f02_m04arn_0.sv:53]
INFO: [Synth 8-6157] synthesizing module 'bd_6f02_m04awn_0' [c:/RFC-8439-fpga-implementation/RFC8439_sys/RFC8439_sys.gen/sources_1/bd/design_1/ip/design_1_axi_smc_1/bd_0/ip/ip_47/synth/bd_6f02_m04awn_0.sv:53]
INFO: [Synth 8-6155] done synthesizing module 'bd_6f02_m04awn_0' (0#1) [c:/RFC-8439-fpga-implementation/RFC8439_sys/RFC8439_sys.gen/sources_1/bd/design_1/ip/design_1_axi_smc_1/bd_0/ip/ip_47/synth/bd_6f02_m04awn_0.sv:53]
INFO: [Synth 8-6157] synthesizing module 'bd_6f02_m04bn_0' [c:/RFC-8439-fpga-implementation/RFC8439_sys/RFC8439_sys.gen/sources_1/bd/design_1/ip/design_1_axi_smc_1/bd_0/ip/ip_49/synth/bd_6f02_m04bn_0.sv:53]
INFO: [Synth 8-6155] done synthesizing module 'bd_6f02_m04bn_0' (0#1) [c:/RFC-8439-fpga-implementation/RFC8439_sys/RFC8439_sys.gen/sources_1/bd/design_1/ip/design_1_axi_smc_1/bd_0/ip/ip_49/synth/bd_6f02_m04bn_0.sv:53]
INFO: [Synth 8-6157] synthesizing module 'bd_6f02_m04rn_0' [c:/RFC-8439-fpga-implementation/RFC8439_sys/RFC8439_sys.gen/sources_1/bd/design_1/ip/design_1_axi_smc_1/bd_0/ip/ip_46/synth/bd_6f02_m04rn_0.sv:53]
INFO: [Synth 8-6155] done synthesizing module 'bd_6f02_m04rn_0' (0#1) [c:/RFC-8439-fpga-implementation/RFC8439_sys/RFC8439_sys.gen/sources_1/bd/design_1/ip/design_1_axi_smc_1/bd_0/ip/ip_46/synth/bd_6f02_m04rn_0.sv:53]
INFO: [Synth 8-6157] synthesizing module 'bd_6f02_m04wn_0' [c:/RFC-8439-fpga-implementation/RFC8439_sys/RFC8439_sys.gen/sources_1/bd/design_1/ip/design_1_axi_smc_1/bd_0/ip/ip_48/synth/bd_6f02_m04wn_0.sv:53]
INFO: [Synth 8-6155] done synthesizing module 'bd_6f02_m04wn_0' (0#1) [c:/RFC-8439-fpga-implementation/RFC8439_sys/RFC8439_sys.gen/sources_1/bd/design_1/ip/design_1_axi_smc_1/bd_0/ip/ip_48/synth/bd_6f02_m04wn_0.sv:53]
INFO: [Synth 8-6155] done synthesizing module 'm04_nodes_imp_5KCFT6' (0#1) [c:/RFC-8439-fpga-implementation/RFC8439_sys/RFC8439_sys.gen/sources_1/bd/design_1/ip/design_1_axi_smc_1/bd_0/synth/bd_6f02.v:5406]
INFO: [Synth 8-6157] synthesizing module 'bd_6f02_m04s2a_0' [c:/RFC-8439-fpga-implementation/RFC8439_sys/RFC8439_sys.gen/sources_1/bd/design_1/ip/design_1_axi_smc_1/bd_0/ip/ip_44/synth/bd_6f02_m04s2a_0.sv:53]
INFO: [Synth 8-6155] done synthesizing module 'bd_6f02_m04s2a_0' (0#1) [c:/RFC-8439-fpga-implementation/RFC8439_sys/RFC8439_sys.gen/sources_1/bd/design_1/ip/design_1_axi_smc_1/bd_0/ip/ip_44/synth/bd_6f02_m04s2a_0.sv:53]
INFO: [Synth 8-6157] synthesizing module 'bd_6f02_s00a2s_0' [c:/RFC-8439-fpga-implementation/RFC8439_sys/RFC8439_sys.gen/sources_1/bd/design_1/ip/design_1_axi_smc_1/bd_0/ip/ip_10/synth/bd_6f02_s00a2s_0.sv:53]
INFO: [Synth 8-6155] done synthesizing module 'bd_6f02_s00a2s_0' (0#1) [c:/RFC-8439-fpga-implementation/RFC8439_sys/RFC8439_sys.gen/sources_1/bd/design_1/ip/design_1_axi_smc_1/bd_0/ip/ip_10/synth/bd_6f02_s00a2s_0.sv:53]
INFO: [Synth 8-6157] synthesizing module 's00_entry_pipeline_imp_1PSXOAM' [c:/RFC-8439-fpga-implementation/RFC8439_sys/RFC8439_sys.gen/sources_1/bd/design_1/ip/design_1_axi_smc_1/bd_0/synth/bd_6f02.v:5702]
INFO: [Synth 8-6157] synthesizing module 'bd_6f02_s00mmu_0' [c:/RFC-8439-fpga-implementation/RFC8439_sys/RFC8439_sys.gen/sources_1/bd/design_1/ip/design_1_axi_smc_1/bd_0/ip/ip_7/synth/bd_6f02_s00mmu_0.sv:53]
INFO: [Synth 8-6155] done synthesizing module 'bd_6f02_s00mmu_0' (0#1) [c:/RFC-8439-fpga-implementation/RFC8439_sys/RFC8439_sys.gen/sources_1/bd/design_1/ip/design_1_axi_smc_1/bd_0/ip/ip_7/synth/bd_6f02_s00mmu_0.sv:53]
INFO: [Synth 8-6157] synthesizing module 'bd_6f02_s00sic_0' [c:/RFC-8439-fpga-implementation/RFC8439_sys/RFC8439_sys.gen/sources_1/bd/design_1/ip/design_1_axi_smc_1/bd_0/ip/ip_9/synth/bd_6f02_s00sic_0.sv:53]
INFO: [Synth 8-6155] done synthesizing module 'bd_6f02_s00sic_0' (0#1) [c:/RFC-8439-fpga-implementation/RFC8439_sys/RFC8439_sys.gen/sources_1/bd/design_1/ip/design_1_axi_smc_1/bd_0/ip/ip_9/synth/bd_6f02_s00sic_0.sv:53]
INFO: [Synth 8-6157] synthesizing module 'bd_6f02_s00tr_0' [c:/RFC-8439-fpga-implementation/RFC8439_sys/RFC8439_sys.gen/sources_1/bd/design_1/ip/design_1_axi_smc_1/bd_0/ip/ip_8/synth/bd_6f02_s00tr_0.sv:53]
INFO: [Synth 8-6155] done synthesizing module 'bd_6f02_s00tr_0' (0#1) [c:/RFC-8439-fpga-implementation/RFC8439_sys/RFC8439_sys.gen/sources_1/bd/design_1/ip/design_1_axi_smc_1/bd_0/ip/ip_8/synth/bd_6f02_s00tr_0.sv:53]
INFO: [Synth 8-6155] done synthesizing module 's00_entry_pipeline_imp_1PSXOAM' (0#1) [c:/RFC-8439-fpga-implementation/RFC8439_sys/RFC8439_sys.gen/sources_1/bd/design_1/ip/design_1_axi_smc_1/bd_0/synth/bd_6f02.v:5702]
INFO: [Synth 8-6157] synthesizing module 's00_nodes_imp_1KC0NQC' [c:/RFC-8439-fpga-implementation/RFC8439_sys/RFC8439_sys.gen/sources_1/bd/design_1/ip/design_1_axi_smc_1/bd_0/synth/bd_6f02.v:6356]
INFO: [Synth 8-6157] synthesizing module 'bd_6f02_sarn_0' [c:/RFC-8439-fpga-implementation/RFC8439_sys/RFC8439_sys.gen/sources_1/bd/design_1/ip/design_1_axi_smc_1/bd_0/ip/ip_11/synth/bd_6f02_sarn_0.sv:53]
INFO: [Synth 8-6157] synthesizing module 'xpm_memory_sdpram__parameterized5' [C:/Xilinx/Vivado/2023.2/data/ip/xpm/xpm_memory/hdl/xpm_memory.sv:8548]
INFO: [Synth 8-6157] synthesizing module 'xpm_memory_base__parameterized5' [C:/Xilinx/Vivado/2023.2/data/ip/xpm/xpm_memory/hdl/xpm_memory.sv:54]
INFO: [Synth 8-6155] done synthesizing module 'xpm_memory_base__parameterized5' (0#1) [C:/Xilinx/Vivado/2023.2/data/ip/xpm/xpm_memory/hdl/xpm_memory.sv:54]
INFO: [Synth 8-6155] done synthesizing module 'xpm_memory_sdpram__parameterized5' (0#1) [C:/Xilinx/Vivado/2023.2/data/ip/xpm/xpm_memory/hdl/xpm_memory.sv:8548]
INFO: [Synth 8-6157] synthesizing module 'xpm_memory_sdpram__parameterized6' [C:/Xilinx/Vivado/2023.2/data/ip/xpm/xpm_memory/hdl/xpm_memory.sv:8548]
INFO: [Synth 8-6157] synthesizing module 'xpm_memory_base__parameterized6' [C:/Xilinx/Vivado/2023.2/data/ip/xpm/xpm_memory/hdl/xpm_memory.sv:54]
INFO: [Synth 8-6155] done synthesizing module 'xpm_memory_base__parameterized6' (0#1) [C:/Xilinx/Vivado/2023.2/data/ip/xpm/xpm_memory/hdl/xpm_memory.sv:54]
INFO: [Synth 8-6155] done synthesizing module 'xpm_memory_sdpram__parameterized6' (0#1) [C:/Xilinx/Vivado/2023.2/data/ip/xpm/xpm_memory/hdl/xpm_memory.sv:8548]
INFO: [Synth 8-6155] done synthesizing module 'bd_6f02_sarn_0' (0#1) [c:/RFC-8439-fpga-implementation/RFC8439_sys/RFC8439_sys.gen/sources_1/bd/design_1/ip/design_1_axi_smc_1/bd_0/ip/ip_11/synth/bd_6f02_sarn_0.sv:53]
INFO: [Synth 8-6157] synthesizing module 'bd_6f02_sawn_0' [c:/RFC-8439-fpga-implementation/RFC8439_sys/RFC8439_sys.gen/sources_1/bd/design_1/ip/design_1_axi_smc_1/bd_0/ip/ip_13/synth/bd_6f02_sawn_0.sv:53]
INFO: [Synth 8-6155] done synthesizing module 'bd_6f02_sawn_0' (0#1) [c:/RFC-8439-fpga-implementation/RFC8439_sys/RFC8439_sys.gen/sources_1/bd/design_1/ip/design_1_axi_smc_1/bd_0/ip/ip_13/synth/bd_6f02_sawn_0.sv:53]
INFO: [Synth 8-6157] synthesizing module 'bd_6f02_sbn_0' [c:/RFC-8439-fpga-implementation/RFC8439_sys/RFC8439_sys.gen/sources_1/bd/design_1/ip/design_1_axi_smc_1/bd_0/ip/ip_15/synth/bd_6f02_sbn_0.sv:53]
INFO: [Synth 8-6157] synthesizing module 'xpm_memory_sdpram__parameterized7' [C:/Xilinx/Vivado/2023.2/data/ip/xpm/xpm_memory/hdl/xpm_memory.sv:8548]
INFO: [Synth 8-6157] synthesizing module 'xpm_memory_base__parameterized7' [C:/Xilinx/Vivado/2023.2/data/ip/xpm/xpm_memory/hdl/xpm_memory.sv:54]
INFO: [Synth 8-6155] done synthesizing module 'xpm_memory_base__parameterized7' (0#1) [C:/Xilinx/Vivado/2023.2/data/ip/xpm/xpm_memory/hdl/xpm_memory.sv:54]
INFO: [Synth 8-6155] done synthesizing module 'xpm_memory_sdpram__parameterized7' (0#1) [C:/Xilinx/Vivado/2023.2/data/ip/xpm/xpm_memory/hdl/xpm_memory.sv:8548]
INFO: [Synth 8-6155] done synthesizing module 'bd_6f02_sbn_0' (0#1) [c:/RFC-8439-fpga-implementation/RFC8439_sys/RFC8439_sys.gen/sources_1/bd/design_1/ip/design_1_axi_smc_1/bd_0/ip/ip_15/synth/bd_6f02_sbn_0.sv:53]
INFO: [Synth 8-6157] synthesizing module 'bd_6f02_srn_0' [c:/RFC-8439-fpga-implementation/RFC8439_sys/RFC8439_sys.gen/sources_1/bd/design_1/ip/design_1_axi_smc_1/bd_0/ip/ip_12/synth/bd_6f02_srn_0.sv:53]
INFO: [Synth 8-6157] synthesizing module 'xpm_memory_sdpram__parameterized8' [C:/Xilinx/Vivado/2023.2/data/ip/xpm/xpm_memory/hdl/xpm_memory.sv:8548]
INFO: [Synth 8-6157] synthesizing module 'xpm_memory_base__parameterized8' [C:/Xilinx/Vivado/2023.2/data/ip/xpm/xpm_memory/hdl/xpm_memory.sv:54]
INFO: [Synth 8-6155] done synthesizing module 'xpm_memory_base__parameterized8' (0#1) [C:/Xilinx/Vivado/2023.2/data/ip/xpm/xpm_memory/hdl/xpm_memory.sv:54]
INFO: [Synth 8-6155] done synthesizing module 'xpm_memory_sdpram__parameterized8' (0#1) [C:/Xilinx/Vivado/2023.2/data/ip/xpm/xpm_memory/hdl/xpm_memory.sv:8548]
INFO: [Synth 8-6155] done synthesizing module 'bd_6f02_srn_0' (0#1) [c:/RFC-8439-fpga-implementation/RFC8439_sys/RFC8439_sys.gen/sources_1/bd/design_1/ip/design_1_axi_smc_1/bd_0/ip/ip_12/synth/bd_6f02_srn_0.sv:53]
INFO: [Synth 8-6157] synthesizing module 'bd_6f02_swn_0' [c:/RFC-8439-fpga-implementation/RFC8439_sys/RFC8439_sys.gen/sources_1/bd/design_1/ip/design_1_axi_smc_1/bd_0/ip/ip_14/synth/bd_6f02_swn_0.sv:53]
INFO: [Synth 8-6157] synthesizing module 'xpm_memory_sdpram__parameterized9' [C:/Xilinx/Vivado/2023.2/data/ip/xpm/xpm_memory/hdl/xpm_memory.sv:8548]
INFO: [Synth 8-6157] synthesizing module 'xpm_memory_base__parameterized9' [C:/Xilinx/Vivado/2023.2/data/ip/xpm/xpm_memory/hdl/xpm_memory.sv:54]
INFO: [Synth 8-6155] done synthesizing module 'xpm_memory_base__parameterized9' (0#1) [C:/Xilinx/Vivado/2023.2/data/ip/xpm/xpm_memory/hdl/xpm_memory.sv:54]
INFO: [Synth 8-6155] done synthesizing module 'xpm_memory_sdpram__parameterized9' (0#1) [C:/Xilinx/Vivado/2023.2/data/ip/xpm/xpm_memory/hdl/xpm_memory.sv:8548]
INFO: [Synth 8-6155] done synthesizing module 'bd_6f02_swn_0' (0#1) [c:/RFC-8439-fpga-implementation/RFC8439_sys/RFC8439_sys.gen/sources_1/bd/design_1/ip/design_1_axi_smc_1/bd_0/ip/ip_14/synth/bd_6f02_swn_0.sv:53]
INFO: [Synth 8-6155] done synthesizing module 's00_nodes_imp_1KC0NQC' (0#1) [c:/RFC-8439-fpga-implementation/RFC8439_sys/RFC8439_sys.gen/sources_1/bd/design_1/ip/design_1_axi_smc_1/bd_0/synth/bd_6f02.v:6356]
INFO: [Synth 8-6157] synthesizing module 'switchboards_imp_18NKQB4' [c:/RFC-8439-fpga-implementation/RFC8439_sys/RFC8439_sys.gen/sources_1/bd/design_1/ip/design_1_axi_smc_1/bd_0/synth/bd_6f02.v:6652]
INFO: [Synth 8-6157] synthesizing module 'bd_6f02_arsw_0' [c:/RFC-8439-fpga-implementation/RFC8439_sys/RFC8439_sys.gen/sources_1/bd/design_1/ip/design_1_axi_smc_1/bd_0/ip/ip_2/synth/bd_6f02_arsw_0.sv:53]
INFO: [Synth 8-6155] done synthesizing module 'bd_6f02_arsw_0' (0#1) [c:/RFC-8439-fpga-implementation/RFC8439_sys/RFC8439_sys.gen/sources_1/bd/design_1/ip/design_1_axi_smc_1/bd_0/ip/ip_2/synth/bd_6f02_arsw_0.sv:53]
INFO: [Synth 8-6157] synthesizing module 'bd_6f02_awsw_0' [c:/RFC-8439-fpga-implementation/RFC8439_sys/RFC8439_sys.gen/sources_1/bd/design_1/ip/design_1_axi_smc_1/bd_0/ip/ip_4/synth/bd_6f02_awsw_0.sv:53]
INFO: [Synth 8-6155] done synthesizing module 'bd_6f02_awsw_0' (0#1) [c:/RFC-8439-fpga-implementation/RFC8439_sys/RFC8439_sys.gen/sources_1/bd/design_1/ip/design_1_axi_smc_1/bd_0/ip/ip_4/synth/bd_6f02_awsw_0.sv:53]
INFO: [Synth 8-6157] synthesizing module 'bd_6f02_bsw_0' [c:/RFC-8439-fpga-implementation/RFC8439_sys/RFC8439_sys.gen/sources_1/bd/design_1/ip/design_1_axi_smc_1/bd_0/ip/ip_6/synth/bd_6f02_bsw_0.sv:53]
INFO: [Synth 8-6155] done synthesizing module 'bd_6f02_bsw_0' (0#1) [c:/RFC-8439-fpga-implementation/RFC8439_sys/RFC8439_sys.gen/sources_1/bd/design_1/ip/design_1_axi_smc_1/bd_0/ip/ip_6/synth/bd_6f02_bsw_0.sv:53]
INFO: [Synth 8-6157] synthesizing module 'bd_6f02_rsw_0' [c:/RFC-8439-fpga-implementation/RFC8439_sys/RFC8439_sys.gen/sources_1/bd/design_1/ip/design_1_axi_smc_1/bd_0/ip/ip_3/synth/bd_6f02_rsw_0.sv:53]
INFO: [Synth 8-6155] done synthesizing module 'bd_6f02_rsw_0' (0#1) [c:/RFC-8439-fpga-implementation/RFC8439_sys/RFC8439_sys.gen/sources_1/bd/design_1/ip/design_1_axi_smc_1/bd_0/ip/ip_3/synth/bd_6f02_rsw_0.sv:53]
INFO: [Synth 8-6157] synthesizing module 'bd_6f02_wsw_0' [c:/RFC-8439-fpga-implementation/RFC8439_sys/RFC8439_sys.gen/sources_1/bd/design_1/ip/design_1_axi_smc_1/bd_0/ip/ip_5/synth/bd_6f02_wsw_0.sv:53]
INFO: [Synth 8-6155] done synthesizing module 'bd_6f02_wsw_0' (0#1) [c:/RFC-8439-fpga-implementation/RFC8439_sys/RFC8439_sys.gen/sources_1/bd/design_1/ip/design_1_axi_smc_1/bd_0/ip/ip_5/synth/bd_6f02_wsw_0.sv:53]
INFO: [Synth 8-6155] done synthesizing module 'switchboards_imp_18NKQB4' (0#1) [c:/RFC-8439-fpga-implementation/RFC8439_sys/RFC8439_sys.gen/sources_1/bd/design_1/ip/design_1_axi_smc_1/bd_0/synth/bd_6f02.v:6652]
INFO: [Synth 8-6155] done synthesizing module 'bd_6f02' (0#1) [c:/RFC-8439-fpga-implementation/RFC8439_sys/RFC8439_sys.gen/sources_1/bd/design_1/ip/design_1_axi_smc_1/bd_0/synth/bd_6f02.v:10]
INFO: [Synth 8-6155] done synthesizing module 'design_1_axi_smc_1' (0#1) [c:/RFC-8439-fpga-implementation/RFC8439_sys/RFC8439_sys.gen/sources_1/bd/design_1/ip/design_1_axi_smc_1/synth/design_1_axi_smc_1.v:53]
WARNING: [Synth 8-3848] Net aresetn_out in module/entity clk_map_imp_19UC7HI does not have driver. [c:/RFC-8439-fpga-implementation/RFC8439_sys/RFC8439_sys.gen/sources_1/bd/design_1/ip/design_1_axi_smc_1/bd_0/synth/bd_6f02.v:2541]
WARNING: [Synth 8-7129] Port aclk in module sc_util_v1_0_4_pipeline__parameterized0 is either unconnected or has no load
WARNING: [Synth 8-7129] Port aclken in module sc_util_v1_0_4_pipeline__parameterized0 is either unconnected or has no load
WARNING: [Synth 8-7129] Port areset in module sc_util_v1_0_4_pipeline__parameterized0 is either unconnected or has no load
WARNING: [Synth 8-7129] Port din[0] in module sc_util_v1_0_4_onehot_to_binary__parameterized2 is either unconnected or has no load
WARNING: [Synth 8-7129] Port aclk in module sc_util_v1_0_4_pipeline__parameterized5 is either unconnected or has no load
WARNING: [Synth 8-7129] Port aclken in module sc_util_v1_0_4_pipeline__parameterized5 is either unconnected or has no load
WARNING: [Synth 8-7129] Port areset in module sc_util_v1_0_4_pipeline__parameterized5 is either unconnected or has no load
WARNING: [Synth 8-7129] Port connectivity[4] in module sc_switchboard_v1_0_7_top__parameterized2 is either unconnected or has no load
WARNING: [Synth 8-7129] Port connectivity[3] in module sc_switchboard_v1_0_7_top__parameterized2 is either unconnected or has no load
WARNING: [Synth 8-7129] Port connectivity[2] in module sc_switchboard_v1_0_7_top__parameterized2 is either unconnected or has no load
WARNING: [Synth 8-7129] Port connectivity[1] in module sc_switchboard_v1_0_7_top__parameterized2 is either unconnected or has no load
WARNING: [Synth 8-7129] Port connectivity[0] in module sc_switchboard_v1_0_7_top__parameterized2 is either unconnected or has no load
WARNING: [Synth 8-7129] Port aclk in module sc_util_v1_0_4_pipeline__parameterized9 is either unconnected or has no load
WARNING: [Synth 8-7129] Port aclken in module sc_util_v1_0_4_pipeline__parameterized9 is either unconnected or has no load
WARNING: [Synth 8-7129] Port areset in module sc_util_v1_0_4_pipeline__parameterized9 is either unconnected or has no load
WARNING: [Synth 8-7129] Port din[0] in module sc_util_v1_0_4_onehot_to_binary__parameterized3 is either unconnected or has no load
WARNING: [Synth 8-7129] Port aclk in module sc_util_v1_0_4_pipeline__parameterized4 is either unconnected or has no load
WARNING: [Synth 8-7129] Port aclken in module sc_util_v1_0_4_pipeline__parameterized4 is either unconnected or has no load
WARNING: [Synth 8-7129] Port areset in module sc_util_v1_0_4_pipeline__parameterized4 is either unconnected or has no load
WARNING: [Synth 8-7129] Port connectivity[4] in module sc_switchboard_v1_0_7_top__parameterized1 is either unconnected or has no load
WARNING: [Synth 8-7129] Port connectivity[3] in module sc_switchboard_v1_0_7_top__parameterized1 is either unconnected or has no load
WARNING: [Synth 8-7129] Port connectivity[2] in module sc_switchboard_v1_0_7_top__parameterized1 is either unconnected or has no load
WARNING: [Synth 8-7129] Port connectivity[1] in module sc_switchboard_v1_0_7_top__parameterized1 is either unconnected or has no load
WARNING: [Synth 8-7129] Port connectivity[0] in module sc_switchboard_v1_0_7_top__parameterized1 is either unconnected or has no load
WARNING: [Synth 8-7129] Port aclk in module sc_util_v1_0_4_pipeline__parameterized3 is either unconnected or has no load
WARNING: [Synth 8-7129] Port aclken in module sc_util_v1_0_4_pipeline__parameterized3 is either unconnected or has no load
WARNING: [Synth 8-7129] Port areset in module sc_util_v1_0_4_pipeline__parameterized3 is either unconnected or has no load
WARNING: [Synth 8-7129] Port connectivity[4] in module sc_switchboard_v1_0_7_top__parameterized0 is either unconnected or has no load
WARNING: [Synth 8-7129] Port connectivity[3] in module sc_switchboard_v1_0_7_top__parameterized0 is either unconnected or has no load
WARNING: [Synth 8-7129] Port connectivity[2] in module sc_switchboard_v1_0_7_top__parameterized0 is either unconnected or has no load
WARNING: [Synth 8-7129] Port connectivity[1] in module sc_switchboard_v1_0_7_top__parameterized0 is either unconnected or has no load
WARNING: [Synth 8-7129] Port connectivity[0] in module sc_switchboard_v1_0_7_top__parameterized0 is either unconnected or has no load
WARNING: [Synth 8-7129] Port aclk in module sc_util_v1_0_4_pipeline__parameterized1 is either unconnected or has no load
WARNING: [Synth 8-7129] Port aclken in module sc_util_v1_0_4_pipeline__parameterized1 is either unconnected or has no load
WARNING: [Synth 8-7129] Port areset in module sc_util_v1_0_4_pipeline__parameterized1 is either unconnected or has no load
WARNING: [Synth 8-7129] Port connectivity[4] in module sc_switchboard_v1_0_7_top is either unconnected or has no load
WARNING: [Synth 8-7129] Port connectivity[3] in module sc_switchboard_v1_0_7_top is either unconnected or has no load
WARNING: [Synth 8-7129] Port connectivity[2] in module sc_switchboard_v1_0_7_top is either unconnected or has no load
WARNING: [Synth 8-7129] Port connectivity[1] in module sc_switchboard_v1_0_7_top is either unconnected or has no load
WARNING: [Synth 8-7129] Port connectivity[0] in module sc_switchboard_v1_0_7_top is either unconnected or has no load
WARNING: [Synth 8-7129] Port aresetn in module switchboards_imp_18NKQB4 is either unconnected or has no load
WARNING: [Synth 8-7129] Port din[0] in module sc_util_v1_0_4_onehot_to_binary is either unconnected or has no load
WARNING: [Synth 8-7129] Port sleep in module xpm_memory_base__parameterized9 is either unconnected or has no load
WARNING: [Synth 8-7129] Port rsta in module xpm_memory_base__parameterized9 is either unconnected or has no load
WARNING: [Synth 8-7129] Port regcea in module xpm_memory_base__parameterized9 is either unconnected or has no load
WARNING: [Synth 8-7129] Port injectsbiterra in module xpm_memory_base__parameterized9 is either unconnected or has no load
WARNING: [Synth 8-7129] Port injectdbiterra in module xpm_memory_base__parameterized9 is either unconnected or has no load
WARNING: [Synth 8-7129] Port clkb in module xpm_memory_base__parameterized9 is either unconnected or has no load
WARNING: [Synth 8-7129] Port regceb in module xpm_memory_base__parameterized9 is either unconnected or has no load
WARNING: [Synth 8-7129] Port web[0] in module xpm_memory_base__parameterized9 is either unconnected or has no load
WARNING: [Synth 8-7129] Port dinb[55] in module xpm_memory_base__parameterized9 is either unconnected or has no load
WARNING: [Synth 8-7129] Port dinb[54] in module xpm_memory_base__parameterized9 is either unconnected or has no load
WARNING: [Synth 8-7129] Port dinb[53] in module xpm_memory_base__parameterized9 is either unconnected or has no load
WARNING: [Synth 8-7129] Port dinb[52] in module xpm_memory_base__parameterized9 is either unconnected or has no load
WARNING: [Synth 8-7129] Port dinb[51] in module xpm_memory_base__parameterized9 is either unconnected or has no load
WARNING: [Synth 8-7129] Port dinb[50] in module xpm_memory_base__parameterized9 is either unconnected or has no load
WARNING: [Synth 8-7129] Port dinb[49] in module xpm_memory_base__parameterized9 is either unconnected or has no load
WARNING: [Synth 8-7129] Port dinb[48] in module xpm_memory_base__parameterized9 is either unconnected or has no load
WARNING: [Synth 8-7129] Port dinb[47] in module xpm_memory_base__parameterized9 is either unconnected or has no load
WARNING: [Synth 8-7129] Port dinb[46] in module xpm_memory_base__parameterized9 is either unconnected or has no load
WARNING: [Synth 8-7129] Port dinb[45] in module xpm_memory_base__parameterized9 is either unconnected or has no load
WARNING: [Synth 8-7129] Port dinb[44] in module xpm_memory_base__parameterized9 is either unconnected or has no load
WARNING: [Synth 8-7129] Port dinb[43] in module xpm_memory_base__parameterized9 is either unconnected or has no load
WARNING: [Synth 8-7129] Port dinb[42] in module xpm_memory_base__parameterized9 is either unconnected or has no load
WARNING: [Synth 8-7129] Port dinb[41] in module xpm_memory_base__parameterized9 is either unconnected or has no load
WARNING: [Synth 8-7129] Port dinb[40] in module xpm_memory_base__parameterized9 is either unconnected or has no load
WARNING: [Synth 8-7129] Port dinb[39] in module xpm_memory_base__parameterized9 is either unconnected or has no load
WARNING: [Synth 8-7129] Port dinb[38] in module xpm_memory_base__parameterized9 is either unconnected or has no load
WARNING: [Synth 8-7129] Port dinb[37] in module xpm_memory_base__parameterized9 is either unconnected or has no load
WARNING: [Synth 8-7129] Port dinb[36] in module xpm_memory_base__parameterized9 is either unconnected or has no load
WARNING: [Synth 8-7129] Port dinb[35] in module xpm_memory_base__parameterized9 is either unconnected or has no load
WARNING: [Synth 8-7129] Port dinb[34] in module xpm_memory_base__parameterized9 is either unconnected or has no load
WARNING: [Synth 8-7129] Port dinb[33] in module xpm_memory_base__parameterized9 is either unconnected or has no load
WARNING: [Synth 8-7129] Port dinb[32] in module xpm_memory_base__parameterized9 is either unconnected or has no load
WARNING: [Synth 8-7129] Port dinb[31] in module xpm_memory_base__parameterized9 is either unconnected or has no load
WARNING: [Synth 8-7129] Port dinb[30] in module xpm_memory_base__parameterized9 is either unconnected or has no load
WARNING: [Synth 8-7129] Port dinb[29] in module xpm_memory_base__parameterized9 is either unconnected or has no load
WARNING: [Synth 8-7129] Port dinb[28] in module xpm_memory_base__parameterized9 is either unconnected or has no load
WARNING: [Synth 8-7129] Port dinb[27] in module xpm_memory_base__parameterized9 is either unconnected or has no load
WARNING: [Synth 8-7129] Port dinb[26] in module xpm_memory_base__parameterized9 is either unconnected or has no load
WARNING: [Synth 8-7129] Port dinb[25] in module xpm_memory_base__parameterized9 is either unconnected or has no load
WARNING: [Synth 8-7129] Port dinb[24] in module xpm_memory_base__parameterized9 is either unconnected or has no load
WARNING: [Synth 8-7129] Port dinb[23] in module xpm_memory_base__parameterized9 is either unconnected or has no load
WARNING: [Synth 8-7129] Port dinb[22] in module xpm_memory_base__parameterized9 is either unconnected or has no load
WARNING: [Synth 8-7129] Port dinb[21] in module xpm_memory_base__parameterized9 is either unconnected or has no load
WARNING: [Synth 8-7129] Port dinb[20] in module xpm_memory_base__parameterized9 is either unconnected or has no load
WARNING: [Synth 8-7129] Port dinb[19] in module xpm_memory_base__parameterized9 is either unconnected or has no load
WARNING: [Synth 8-7129] Port dinb[18] in module xpm_memory_base__parameterized9 is either unconnected or has no load
WARNING: [Synth 8-7129] Port dinb[17] in module xpm_memory_base__parameterized9 is either unconnected or has no load
WARNING: [Synth 8-7129] Port dinb[16] in module xpm_memory_base__parameterized9 is either unconnected or has no load
WARNING: [Synth 8-7129] Port dinb[15] in module xpm_memory_base__parameterized9 is either unconnected or has no load
WARNING: [Synth 8-7129] Port dinb[14] in module xpm_memory_base__parameterized9 is either unconnected or has no load
WARNING: [Synth 8-7129] Port dinb[13] in module xpm_memory_base__parameterized9 is either unconnected or has no load
WARNING: [Synth 8-7129] Port dinb[12] in module xpm_memory_base__parameterized9 is either unconnected or has no load
WARNING: [Synth 8-7129] Port dinb[11] in module xpm_memory_base__parameterized9 is either unconnected or has no load
WARNING: [Synth 8-7129] Port dinb[10] in module xpm_memory_base__parameterized9 is either unconnected or has no load
WARNING: [Synth 8-7129] Port dinb[9] in module xpm_memory_base__parameterized9 is either unconnected or has no load
WARNING: [Synth 8-7129] Port dinb[8] in module xpm_memory_base__parameterized9 is either unconnected or has no load
WARNING: [Synth 8-7129] Port dinb[7] in module xpm_memory_base__parameterized9 is either unconnected or has no load
WARNING: [Synth 8-7129] Port dinb[6] in module xpm_memory_base__parameterized9 is either unconnected or has no load
INFO: [Common 17-14] Message 'Synth 8-7129' appears 100 times and further instances of the messages will be disabled. Use the Tcl command set_msg_config to change the current settings.
---------------------------------------------------------------------------------
Finished RTL Elaboration : Time (s): cpu = 00:00:19 ; elapsed = 00:01:24 . Memory (MB): peak = 1699.047 ; gain = 749.117
---------------------------------------------------------------------------------
---------------------------------------------------------------------------------
Start Handling Custom Attributes
---------------------------------------------------------------------------------
---------------------------------------------------------------------------------
Finished Handling Custom Attributes : Time (s): cpu = 00:00:19 ; elapsed = 00:01:24 . Memory (MB): peak = 1699.047 ; gain = 749.117
---------------------------------------------------------------------------------
---------------------------------------------------------------------------------
Finished RTL Optimization Phase 1 : Time (s): cpu = 00:00:19 ; elapsed = 00:01:24 . Memory (MB): peak = 1699.047 ; gain = 749.117
---------------------------------------------------------------------------------
Netlist sorting complete. Time (s): cpu = 00:00:05 ; elapsed = 00:00:06 . Memory (MB): peak = 2016.707 ; gain = 14.617
INFO: [Netlist 29-17] Analyzing 13 Unisim elements for replacement
INFO: [Netlist 29-28] Unisim Transformation completed in 0 CPU seconds
INFO: [Project 1-570] Preparing netlist for logic optimization

Processing XDC Constraints
Initializing timing engine

*** Running vivado
    with args -log design_1_axi_smc_1.vds -m64 -product Vivado -mode batch -messageDb vivado.pb -notrace -source design_1_axi_smc_1.tcl


ECHO 已關閉。
ECHO 已關閉。

****** Vivado v2023.2 (64-bit)
  **** SW Build 4029153 on Fri Oct 13 20:14:34 MDT 2023
  **** IP Build 4028589 on Sat Oct 14 00:45:43 MDT 2023
  **** SharedData Build 4025554 on Tue Oct 10 17:18:54 MDT 2023
    ** Copyright 1986-2022 Xilinx, Inc. All Rights Reserved.
    ** Copyright 2022-2023 Advanced Micro Devices, Inc. All Rights Reserved.

source design_1_axi_smc_1.tcl -notrace
create_project: Time (s): cpu = 00:00:06 ; elapsed = 00:00:06 . Memory (MB): peak = 487.328 ; gain = 182.969
INFO: [IP_Flow 19-234] Refreshing IP repositories
INFO: [IP_Flow 19-1700] Loaded user IP repository 'c:/RFC-8439-fpga-implementation/IP_repo'.
INFO: [IP_Flow 19-2313] Loaded Vivado IP repository 'C:/Xilinx/Vivado/2023.2/data/ip'.
INFO: [IP_Flow 19-6924] IPCACHE: Running cache check for IP inst: design_1_axi_smc_1
Command: synth_design -top design_1_axi_smc_1 -part xc7z020clg400-1 -incremental_mode off -mode out_of_context
Starting synth_design
Attempting to get a license for feature 'Synthesis' and/or device 'xc7z020'
INFO: [Common 17-349] Got license for feature 'Synthesis' and/or device 'xc7z020'
INFO: [Device 21-403] Loading part xc7z020clg400-1
INFO: [Synth 8-7079] Multithreading enabled for synth_design using a maximum of 2 processes.
INFO: [Synth 8-7078] Launching helper process for spawning children vivado processes
INFO: [Synth 8-7075] Helper process launched with PID 11144
---------------------------------------------------------------------------------
Starting RTL Elaboration : Time (s): cpu = 00:00:05 ; elapsed = 00:00:06 . Memory (MB): peak = 1389.863 ; gain = 439.871
---------------------------------------------------------------------------------
INFO: [Synth 8-6157] synthesizing module 'design_1_axi_smc_1' [c:/RFC-8439-fpga-implementation/RFC8439_sys/RFC8439_sys.gen/sources_1/bd/design_1/ip/design_1_axi_smc_1/synth/design_1_axi_smc_1.v:53]
INFO: [Synth 8-6157] synthesizing module 'bd_6f02' [c:/RFC-8439-fpga-implementation/RFC8439_sys/RFC8439_sys.gen/sources_1/bd/design_1/ip/design_1_axi_smc_1/bd_0/synth/bd_6f02.v:10]
INFO: [Synth 8-6157] synthesizing module 'clk_map_imp_19UC7HI' [c:/RFC-8439-fpga-implementation/RFC8439_sys/RFC8439_sys.gen/sources_1/bd/design_1/ip/design_1_axi_smc_1/bd_0/synth/bd_6f02.v:2509]
INFO: [Synth 8-6157] synthesizing module 'bd_6f02_one_0' [c:/RFC-8439-fpga-implementation/RFC8439_sys/RFC8439_sys.gen/sources_1/bd/design_1/ip/design_1_axi_smc_1/bd_0/ip/ip_0/synth/bd_6f02_one_0.v:53]
INFO: [Synth 8-6157] synthesizing module 'xlconstant_v1_1_8_xlconstant' [c:/RFC-8439-fpga-implementation/RFC8439_sys/RFC8439_sys.gen/sources_1/bd/design_1/ipshared/d390/hdl/xlconstant_v1_1_vl_rfs.v:68]
INFO: [Synth 8-6155] done synthesizing module 'xlconstant_v1_1_8_xlconstant' (0#1) [c:/RFC-8439-fpga-implementation/RFC8439_sys/RFC8439_sys.gen/sources_1/bd/design_1/ipshared/d390/hdl/xlconstant_v1_1_vl_rfs.v:68]
INFO: [Synth 8-6155] done synthesizing module 'bd_6f02_one_0' (0#1) [c:/RFC-8439-fpga-implementation/RFC8439_sys/RFC8439_sys.gen/sources_1/bd/design_1/ip/design_1_axi_smc_1/bd_0/ip/ip_0/synth/bd_6f02_one_0.v:53]
INFO: [Synth 8-638] synthesizing module 'bd_6f02_psr_aclk_0' [c:/RFC-8439-fpga-implementation/RFC8439_sys/RFC8439_sys.gen/sources_1/bd/design_1/ip/design_1_axi_smc_1/bd_0/ip/ip_1/synth/bd_6f02_psr_aclk_0.vhd:74]
	Parameter C_FAMILY bound to: zynq - type: string 
	Parameter C_EXT_RST_WIDTH bound to: 4 - type: integer 
	Parameter C_AUX_RST_WIDTH bound to: 1 - type: integer 
	Parameter C_EXT_RESET_HIGH bound to: 1'b0 
	Parameter C_AUX_RESET_HIGH bound to: 1'b0 
	Parameter C_NUM_BUS_RST bound to: 1 - type: integer 
	Parameter C_NUM_PERP_RST bound to: 1 - type: integer 
	Parameter C_NUM_INTERCONNECT_ARESETN bound to: 1 - type: integer 
	Parameter C_NUM_PERP_ARESETN bound to: 1 - type: integer 
INFO: [Synth 8-3491] module 'proc_sys_reset' declared at 'c:/RFC-8439-fpga-implementation/RFC8439_sys/RFC8439_sys.gen/sources_1/bd/design_1/ipshared/408c/hdl/proc_sys_reset_v5_0_vh_rfs.vhd:1271' bound to instance 'U0' of component 'proc_sys_reset' [c:/RFC-8439-fpga-implementation/RFC8439_sys/RFC8439_sys.gen/sources_1/bd/design_1/ip/design_1_axi_smc_1/bd_0/ip/ip_1/synth/bd_6f02_psr_aclk_0.vhd:129]
INFO: [Synth 8-638] synthesizing module 'proc_sys_reset' [c:/RFC-8439-fpga-implementation/RFC8439_sys/RFC8439_sys.gen/sources_1/bd/design_1/ipshared/408c/hdl/proc_sys_reset_v5_0_vh_rfs.vhd:1330]
	Parameter INIT bound to: 1'b1 
INFO: [Synth 8-113] binding component instance 'FDRE_inst' to cell 'FDRE' [c:/RFC-8439-fpga-implementation/RFC8439_sys/RFC8439_sys.gen/sources_1/bd/design_1/ipshared/408c/hdl/proc_sys_reset_v5_0_vh_rfs.vhd:1399]
	Parameter INIT bound to: 1'b1 
INFO: [Synth 8-113] binding component instance 'FDRE_BSR' to cell 'FDRE' [c:/RFC-8439-fpga-implementation/RFC8439_sys/RFC8439_sys.gen/sources_1/bd/design_1/ipshared/408c/hdl/proc_sys_reset_v5_0_vh_rfs.vhd:1415]
	Parameter INIT bound to: 1'b0 
INFO: [Synth 8-113] binding component instance 'FDRE_BSR_N' to cell 'FDRE' [c:/RFC-8439-fpga-implementation/RFC8439_sys/RFC8439_sys.gen/sources_1/bd/design_1/ipshared/408c/hdl/proc_sys_reset_v5_0_vh_rfs.vhd:1441]
	Parameter INIT bound to: 1'b1 
INFO: [Synth 8-113] binding component instance 'FDRE_PER' to cell 'FDRE' [c:/RFC-8439-fpga-implementation/RFC8439_sys/RFC8439_sys.gen/sources_1/bd/design_1/ipshared/408c/hdl/proc_sys_reset_v5_0_vh_rfs.vhd:1464]
	Parameter INIT bound to: 1'b0 
INFO: [Synth 8-113] binding component instance 'FDRE_PER_N' to cell 'FDRE' [c:/RFC-8439-fpga-implementation/RFC8439_sys/RFC8439_sys.gen/sources_1/bd/design_1/ipshared/408c/hdl/proc_sys_reset_v5_0_vh_rfs.vhd:1488]
INFO: [Synth 8-638] synthesizing module 'lpf' [c:/RFC-8439-fpga-implementation/RFC8439_sys/RFC8439_sys.gen/sources_1/bd/design_1/ipshared/408c/hdl/proc_sys_reset_v5_0_vh_rfs.vhd:821]
INFO: [Synth 8-3491] module 'SRL16' declared at 'C:/Xilinx/Vivado/2023.2/scripts/rt/data/unisim_comp.v:133721' bound to instance 'POR_SRL_I' of component 'SRL16' [c:/RFC-8439-fpga-implementation/RFC8439_sys/RFC8439_sys.gen/sources_1/bd/design_1/ipshared/408c/hdl/proc_sys_reset_v5_0_vh_rfs.vhd:873]
INFO: [Synth 8-6157] synthesizing module 'SRL16' [C:/Xilinx/Vivado/2023.2/scripts/rt/data/unisim_comp.v:133721]
INFO: [Synth 8-6155] done synthesizing module 'SRL16' (0#1) [C:/Xilinx/Vivado/2023.2/scripts/rt/data/unisim_comp.v:133721]
INFO: [Synth 8-638] synthesizing module 'cdc_sync' [c:/RFC-8439-fpga-implementation/RFC8439_sys/RFC8439_sys.gen/sources_1/bd/design_1/ipshared/ef1e/hdl/lib_cdc_v1_0_rfs.vhd:106]
	Parameter INIT bound to: 1'b0 
INFO: [Synth 8-113] binding component instance 'CROSS_PLEVEL_IN2SCNDRY_IN_cdc_to' to cell 'FDR' [c:/RFC-8439-fpga-implementation/RFC8439_sys/RFC8439_sys.gen/sources_1/bd/design_1/ipshared/ef1e/hdl/lib_cdc_v1_0_rfs.vhd:514]
	Parameter INIT bound to: 1'b0 
INFO: [Synth 8-113] binding component instance 'CROSS_PLEVEL_IN2SCNDRY_s_level_out_d2' to cell 'FDR' [c:/RFC-8439-fpga-implementation/RFC8439_sys/RFC8439_sys.gen/sources_1/bd/design_1/ipshared/ef1e/hdl/lib_cdc_v1_0_rfs.vhd:545]
	Parameter INIT bound to: 1'b0 
INFO: [Synth 8-113] binding component instance 'CROSS_PLEVEL_IN2SCNDRY_s_level_out_d3' to cell 'FDR' [c:/RFC-8439-fpga-implementation/RFC8439_sys/RFC8439_sys.gen/sources_1/bd/design_1/ipshared/ef1e/hdl/lib_cdc_v1_0_rfs.vhd:554]
	Parameter INIT bound to: 1'b0 
INFO: [Synth 8-113] binding component instance 'CROSS_PLEVEL_IN2SCNDRY_s_level_out_d4' to cell 'FDR' [c:/RFC-8439-fpga-implementation/RFC8439_sys/RFC8439_sys.gen/sources_1/bd/design_1/ipshared/ef1e/hdl/lib_cdc_v1_0_rfs.vhd:564]
	Parameter INIT bound to: 1'b0 
INFO: [Synth 8-113] binding component instance 'CROSS_PLEVEL_IN2SCNDRY_s_level_out_d5' to cell 'FDR' [c:/RFC-8439-fpga-implementation/RFC8439_sys/RFC8439_sys.gen/sources_1/bd/design_1/ipshared/ef1e/hdl/lib_cdc_v1_0_rfs.vhd:574]
	Parameter INIT bound to: 1'b0 
INFO: [Synth 8-113] binding component instance 'CROSS_PLEVEL_IN2SCNDRY_s_level_out_d6' to cell 'FDR' [c:/RFC-8439-fpga-implementation/RFC8439_sys/RFC8439_sys.gen/sources_1/bd/design_1/ipshared/ef1e/hdl/lib_cdc_v1_0_rfs.vhd:584]
INFO: [Synth 8-256] done synthesizing module 'cdc_sync' (0#1) [c:/RFC-8439-fpga-implementation/RFC8439_sys/RFC8439_sys.gen/sources_1/bd/design_1/ipshared/ef1e/hdl/lib_cdc_v1_0_rfs.vhd:106]
INFO: [Synth 8-256] done synthesizing module 'lpf' (0#1) [c:/RFC-8439-fpga-implementation/RFC8439_sys/RFC8439_sys.gen/sources_1/bd/design_1/ipshared/408c/hdl/proc_sys_reset_v5_0_vh_rfs.vhd:821]
INFO: [Synth 8-638] synthesizing module 'sequence_psr' [c:/RFC-8439-fpga-implementation/RFC8439_sys/RFC8439_sys.gen/sources_1/bd/design_1/ipshared/408c/hdl/proc_sys_reset_v5_0_vh_rfs.vhd:304]
INFO: [Synth 8-638] synthesizing module 'upcnt_n' [c:/RFC-8439-fpga-implementation/RFC8439_sys/RFC8439_sys.gen/sources_1/bd/design_1/ipshared/408c/hdl/proc_sys_reset_v5_0_vh_rfs.vhd:126]
INFO: [Synth 8-256] done synthesizing module 'upcnt_n' (0#1) [c:/RFC-8439-fpga-implementation/RFC8439_sys/RFC8439_sys.gen/sources_1/bd/design_1/ipshared/408c/hdl/proc_sys_reset_v5_0_vh_rfs.vhd:126]
INFO: [Synth 8-256] done synthesizing module 'sequence_psr' (0#1) [c:/RFC-8439-fpga-implementation/RFC8439_sys/RFC8439_sys.gen/sources_1/bd/design_1/ipshared/408c/hdl/proc_sys_reset_v5_0_vh_rfs.vhd:304]
INFO: [Synth 8-256] done synthesizing module 'proc_sys_reset' (0#1) [c:/RFC-8439-fpga-implementation/RFC8439_sys/RFC8439_sys.gen/sources_1/bd/design_1/ipshared/408c/hdl/proc_sys_reset_v5_0_vh_rfs.vhd:1330]
INFO: [Synth 8-256] done synthesizing module 'bd_6f02_psr_aclk_0' (0#1) [c:/RFC-8439-fpga-implementation/RFC8439_sys/RFC8439_sys.gen/sources_1/bd/design_1/ip/design_1_axi_smc_1/bd_0/ip/ip_1/synth/bd_6f02_psr_aclk_0.vhd:74]
WARNING: [Synth 8-7071] port 'mb_reset' of module 'bd_6f02_psr_aclk_0' is unconnected for instance 'psr_aclk' [c:/RFC-8439-fpga-implementation/RFC8439_sys/RFC8439_sys.gen/sources_1/bd/design_1/ip/design_1_axi_smc_1/bd_0/synth/bd_6f02.v:2568]
WARNING: [Synth 8-7071] port 'bus_struct_reset' of module 'bd_6f02_psr_aclk_0' is unconnected for instance 'psr_aclk' [c:/RFC-8439-fpga-implementation/RFC8439_sys/RFC8439_sys.gen/sources_1/bd/design_1/ip/design_1_axi_smc_1/bd_0/synth/bd_6f02.v:2568]
WARNING: [Synth 8-7071] port 'peripheral_reset' of module 'bd_6f02_psr_aclk_0' is unconnected for instance 'psr_aclk' [c:/RFC-8439-fpga-implementation/RFC8439_sys/RFC8439_sys.gen/sources_1/bd/design_1/ip/design_1_axi_smc_1/bd_0/synth/bd_6f02.v:2568]
WARNING: [Synth 8-7071] port 'peripheral_aresetn' of module 'bd_6f02_psr_aclk_0' is unconnected for instance 'psr_aclk' [c:/RFC-8439-fpga-implementation/RFC8439_sys/RFC8439_sys.gen/sources_1/bd/design_1/ip/design_1_axi_smc_1/bd_0/synth/bd_6f02.v:2568]
WARNING: [Synth 8-7023] instance 'psr_aclk' of module 'bd_6f02_psr_aclk_0' has 10 connections declared, but only 6 given [c:/RFC-8439-fpga-implementation/RFC8439_sys/RFC8439_sys.gen/sources_1/bd/design_1/ip/design_1_axi_smc_1/bd_0/synth/bd_6f02.v:2568]
INFO: [Synth 8-6155] done synthesizing module 'clk_map_imp_19UC7HI' (0#1) [c:/RFC-8439-fpga-implementation/RFC8439_sys/RFC8439_sys.gen/sources_1/bd/design_1/ip/design_1_axi_smc_1/bd_0/synth/bd_6f02.v:2509]
INFO: [Synth 8-6157] synthesizing module 'm00_exit_pipeline_imp_PYUQT9' [c:/RFC-8439-fpga-implementation/RFC8439_sys/RFC8439_sys.gen/sources_1/bd/design_1/ip/design_1_axi_smc_1/bd_0/synth/bd_6f02.v:2577]
INFO: [Synth 8-6157] synthesizing module 'bd_6f02_m00e_0' [c:/RFC-8439-fpga-implementation/RFC8439_sys/RFC8439_sys.gen/sources_1/bd/design_1/ip/design_1_axi_smc_1/bd_0/ip/ip_22/synth/bd_6f02_m00e_0.sv:53]
INFO: [Synth 8-6157] synthesizing module 'xpm_cdc_async_rst' [C:/Xilinx/Vivado/2023.2/data/ip/xpm/xpm_cdc/hdl/xpm_cdc.sv:1175]
INFO: [Synth 8-6155] done synthesizing module 'xpm_cdc_async_rst' (0#1) [C:/Xilinx/Vivado/2023.2/data/ip/xpm/xpm_cdc/hdl/xpm_cdc.sv:1175]
INFO: [Synth 8-6155] done synthesizing module 'bd_6f02_m00e_0' (0#1) [c:/RFC-8439-fpga-implementation/RFC8439_sys/RFC8439_sys.gen/sources_1/bd/design_1/ip/design_1_axi_smc_1/bd_0/ip/ip_22/synth/bd_6f02_m00e_0.sv:53]
INFO: [Synth 8-6155] done synthesizing module 'm00_exit_pipeline_imp_PYUQT9' (0#1) [c:/RFC-8439-fpga-implementation/RFC8439_sys/RFC8439_sys.gen/sources_1/bd/design_1/ip/design_1_axi_smc_1/bd_0/synth/bd_6f02.v:2577]
INFO: [Synth 8-6157] synthesizing module 'm00_nodes_imp_3S6IOH' [c:/RFC-8439-fpga-implementation/RFC8439_sys/RFC8439_sys.gen/sources_1/bd/design_1/ip/design_1_axi_smc_1/bd_0/synth/bd_6f02.v:2948]
INFO: [Synth 8-6157] synthesizing module 'bd_6f02_m00arn_0' [c:/RFC-8439-fpga-implementation/RFC8439_sys/RFC8439_sys.gen/sources_1/bd/design_1/ip/design_1_axi_smc_1/bd_0/ip/ip_17/synth/bd_6f02_m00arn_0.sv:53]
INFO: [Synth 8-6157] synthesizing module 'xpm_memory_sdpram' [C:/Xilinx/Vivado/2023.2/data/ip/xpm/xpm_memory/hdl/xpm_memory.sv:8548]
INFO: [Synth 8-6157] synthesizing module 'xpm_memory_base' [C:/Xilinx/Vivado/2023.2/data/ip/xpm/xpm_memory/hdl/xpm_memory.sv:54]
INFO: [Synth 8-6155] done synthesizing module 'xpm_memory_base' (0#1) [C:/Xilinx/Vivado/2023.2/data/ip/xpm/xpm_memory/hdl/xpm_memory.sv:54]
INFO: [Synth 8-6155] done synthesizing module 'xpm_memory_sdpram' (0#1) [C:/Xilinx/Vivado/2023.2/data/ip/xpm/xpm_memory/hdl/xpm_memory.sv:8548]
INFO: [Synth 8-6157] synthesizing module 'xpm_memory_sdpram__parameterized0' [C:/Xilinx/Vivado/2023.2/data/ip/xpm/xpm_memory/hdl/xpm_memory.sv:8548]
INFO: [Synth 8-6157] synthesizing module 'xpm_memory_base__parameterized0' [C:/Xilinx/Vivado/2023.2/data/ip/xpm/xpm_memory/hdl/xpm_memory.sv:54]
INFO: [Synth 8-6155] done synthesizing module 'xpm_memory_base__parameterized0' (0#1) [C:/Xilinx/Vivado/2023.2/data/ip/xpm/xpm_memory/hdl/xpm_memory.sv:54]
INFO: [Synth 8-6155] done synthesizing module 'xpm_memory_sdpram__parameterized0' (0#1) [C:/Xilinx/Vivado/2023.2/data/ip/xpm/xpm_memory/hdl/xpm_memory.sv:8548]
INFO: [Synth 8-6155] done synthesizing module 'bd_6f02_m00arn_0' (0#1) [c:/RFC-8439-fpga-implementation/RFC8439_sys/RFC8439_sys.gen/sources_1/bd/design_1/ip/design_1_axi_smc_1/bd_0/ip/ip_17/synth/bd_6f02_m00arn_0.sv:53]
INFO: [Synth 8-6157] synthesizing module 'bd_6f02_m00awn_0' [c:/RFC-8439-fpga-implementation/RFC8439_sys/RFC8439_sys.gen/sources_1/bd/design_1/ip/design_1_axi_smc_1/bd_0/ip/ip_19/synth/bd_6f02_m00awn_0.sv:53]
INFO: [Synth 8-6155] done synthesizing module 'bd_6f02_m00awn_0' (0#1) [c:/RFC-8439-fpga-implementation/RFC8439_sys/RFC8439_sys.gen/sources_1/bd/design_1/ip/design_1_axi_smc_1/bd_0/ip/ip_19/synth/bd_6f02_m00awn_0.sv:53]
INFO: [Synth 8-6157] synthesizing module 'bd_6f02_m00bn_0' [c:/RFC-8439-fpga-implementation/RFC8439_sys/RFC8439_sys.gen/sources_1/bd/design_1/ip/design_1_axi_smc_1/bd_0/ip/ip_21/synth/bd_6f02_m00bn_0.sv:53]
INFO: [Synth 8-6157] synthesizing module 'xpm_memory_sdpram__parameterized1' [C:/Xilinx/Vivado/2023.2/data/ip/xpm/xpm_memory/hdl/xpm_memory.sv:8548]
INFO: [Synth 8-6157] synthesizing module 'xpm_memory_base__parameterized1' [C:/Xilinx/Vivado/2023.2/data/ip/xpm/xpm_memory/hdl/xpm_memory.sv:54]
INFO: [Synth 8-6155] done synthesizing module 'xpm_memory_base__parameterized1' (0#1) [C:/Xilinx/Vivado/2023.2/data/ip/xpm/xpm_memory/hdl/xpm_memory.sv:54]
INFO: [Synth 8-6155] done synthesizing module 'xpm_memory_sdpram__parameterized1' (0#1) [C:/Xilinx/Vivado/2023.2/data/ip/xpm/xpm_memory/hdl/xpm_memory.sv:8548]
INFO: [Synth 8-6157] synthesizing module 'xpm_memory_sdpram__parameterized2' [C:/Xilinx/Vivado/2023.2/data/ip/xpm/xpm_memory/hdl/xpm_memory.sv:8548]
INFO: [Synth 8-6157] synthesizing module 'xpm_memory_base__parameterized2' [C:/Xilinx/Vivado/2023.2/data/ip/xpm/xpm_memory/hdl/xpm_memory.sv:54]
INFO: [Synth 8-6155] done synthesizing module 'xpm_memory_base__parameterized2' (0#1) [C:/Xilinx/Vivado/2023.2/data/ip/xpm/xpm_memory/hdl/xpm_memory.sv:54]
INFO: [Synth 8-6155] done synthesizing module 'xpm_memory_sdpram__parameterized2' (0#1) [C:/Xilinx/Vivado/2023.2/data/ip/xpm/xpm_memory/hdl/xpm_memory.sv:8548]
INFO: [Synth 8-6155] done synthesizing module 'bd_6f02_m00bn_0' (0#1) [c:/RFC-8439-fpga-implementation/RFC8439_sys/RFC8439_sys.gen/sources_1/bd/design_1/ip/design_1_axi_smc_1/bd_0/ip/ip_21/synth/bd_6f02_m00bn_0.sv:53]
INFO: [Synth 8-6157] synthesizing module 'bd_6f02_m00rn_0' [c:/RFC-8439-fpga-implementation/RFC8439_sys/RFC8439_sys.gen/sources_1/bd/design_1/ip/design_1_axi_smc_1/bd_0/ip/ip_18/synth/bd_6f02_m00rn_0.sv:53]
INFO: [Synth 8-6157] synthesizing module 'xpm_memory_sdpram__parameterized3' [C:/Xilinx/Vivado/2023.2/data/ip/xpm/xpm_memory/hdl/xpm_memory.sv:8548]
INFO: [Synth 8-6157] synthesizing module 'xpm_memory_base__parameterized3' [C:/Xilinx/Vivado/2023.2/data/ip/xpm/xpm_memory/hdl/xpm_memory.sv:54]
INFO: [Synth 8-6155] done synthesizing module 'xpm_memory_base__parameterized3' (0#1) [C:/Xilinx/Vivado/2023.2/data/ip/xpm/xpm_memory/hdl/xpm_memory.sv:54]
INFO: [Synth 8-6155] done synthesizing module 'xpm_memory_sdpram__parameterized3' (0#1) [C:/Xilinx/Vivado/2023.2/data/ip/xpm/xpm_memory/hdl/xpm_memory.sv:8548]
INFO: [Synth 8-6155] done synthesizing module 'bd_6f02_m00rn_0' (0#1) [c:/RFC-8439-fpga-implementation/RFC8439_sys/RFC8439_sys.gen/sources_1/bd/design_1/ip/design_1_axi_smc_1/bd_0/ip/ip_18/synth/bd_6f02_m00rn_0.sv:53]
INFO: [Synth 8-6157] synthesizing module 'bd_6f02_m00wn_0' [c:/RFC-8439-fpga-implementation/RFC8439_sys/RFC8439_sys.gen/sources_1/bd/design_1/ip/design_1_axi_smc_1/bd_0/ip/ip_20/synth/bd_6f02_m00wn_0.sv:53]
INFO: [Synth 8-6157] synthesizing module 'xpm_memory_sdpram__parameterized4' [C:/Xilinx/Vivado/2023.2/data/ip/xpm/xpm_memory/hdl/xpm_memory.sv:8548]
INFO: [Synth 8-6157] synthesizing module 'xpm_memory_base__parameterized4' [C:/Xilinx/Vivado/2023.2/data/ip/xpm/xpm_memory/hdl/xpm_memory.sv:54]
INFO: [Synth 8-6155] done synthesizing module 'xpm_memory_base__parameterized4' (0#1) [C:/Xilinx/Vivado/2023.2/data/ip/xpm/xpm_memory/hdl/xpm_memory.sv:54]
INFO: [Synth 8-6155] done synthesizing module 'xpm_memory_sdpram__parameterized4' (0#1) [C:/Xilinx/Vivado/2023.2/data/ip/xpm/xpm_memory/hdl/xpm_memory.sv:8548]
INFO: [Synth 8-6155] done synthesizing module 'bd_6f02_m00wn_0' (0#1) [c:/RFC-8439-fpga-implementation/RFC8439_sys/RFC8439_sys.gen/sources_1/bd/design_1/ip/design_1_axi_smc_1/bd_0/ip/ip_20/synth/bd_6f02_m00wn_0.sv:53]
INFO: [Synth 8-6155] done synthesizing module 'm00_nodes_imp_3S6IOH' (0#1) [c:/RFC-8439-fpga-implementation/RFC8439_sys/RFC8439_sys.gen/sources_1/bd/design_1/ip/design_1_axi_smc_1/bd_0/synth/bd_6f02.v:2948]
INFO: [Synth 8-6157] synthesizing module 'bd_6f02_m00s2a_0' [c:/RFC-8439-fpga-implementation/RFC8439_sys/RFC8439_sys.gen/sources_1/bd/design_1/ip/design_1_axi_smc_1/bd_0/ip/ip_16/synth/bd_6f02_m00s2a_0.sv:53]
INFO: [Synth 8-6155] done synthesizing module 'bd_6f02_m00s2a_0' (0#1) [c:/RFC-8439-fpga-implementation/RFC8439_sys/RFC8439_sys.gen/sources_1/bd/design_1/ip/design_1_axi_smc_1/bd_0/ip/ip_16/synth/bd_6f02_m00s2a_0.sv:53]
INFO: [Synth 8-6157] synthesizing module 'm01_exit_pipeline_imp_KQMHVH' [c:/RFC-8439-fpga-implementation/RFC8439_sys/RFC8439_sys.gen/sources_1/bd/design_1/ip/design_1_axi_smc_1/bd_0/synth/bd_6f02.v:3244]
INFO: [Synth 8-6157] synthesizing module 'bd_6f02_m01e_0' [c:/RFC-8439-fpga-implementation/RFC8439_sys/RFC8439_sys.gen/sources_1/bd/design_1/ip/design_1_axi_smc_1/bd_0/ip/ip_29/synth/bd_6f02_m01e_0.sv:53]
INFO: [Synth 8-6155] done synthesizing module 'bd_6f02_m01e_0' (0#1) [c:/RFC-8439-fpga-implementation/RFC8439_sys/RFC8439_sys.gen/sources_1/bd/design_1/ip/design_1_axi_smc_1/bd_0/ip/ip_29/synth/bd_6f02_m01e_0.sv:53]
INFO: [Synth 8-6155] done synthesizing module 'm01_exit_pipeline_imp_KQMHVH' (0#1) [c:/RFC-8439-fpga-implementation/RFC8439_sys/RFC8439_sys.gen/sources_1/bd/design_1/ip/design_1_axi_smc_1/bd_0/synth/bd_6f02.v:3244]
INFO: [Synth 8-6157] synthesizing module 'm01_nodes_imp_1455NXJ' [c:/RFC-8439-fpga-implementation/RFC8439_sys/RFC8439_sys.gen/sources_1/bd/design_1/ip/design_1_axi_smc_1/bd_0/synth/bd_6f02.v:3615]
INFO: [Synth 8-6157] synthesizing module 'bd_6f02_m01arn_0' [c:/RFC-8439-fpga-implementation/RFC8439_sys/RFC8439_sys.gen/sources_1/bd/design_1/ip/design_1_axi_smc_1/bd_0/ip/ip_24/synth/bd_6f02_m01arn_0.sv:53]
INFO: [Synth 8-6155] done synthesizing module 'bd_6f02_m01arn_0' (0#1) [c:/RFC-8439-fpga-implementation/RFC8439_sys/RFC8439_sys.gen/sources_1/bd/design_1/ip/design_1_axi_smc_1/bd_0/ip/ip_24/synth/bd_6f02_m01arn_0.sv:53]
INFO: [Synth 8-6157] synthesizing module 'bd_6f02_m01awn_0' [c:/RFC-8439-fpga-implementation/RFC8439_sys/RFC8439_sys.gen/sources_1/bd/design_1/ip/design_1_axi_smc_1/bd_0/ip/ip_26/synth/bd_6f02_m01awn_0.sv:53]
INFO: [Synth 8-6155] done synthesizing module 'bd_6f02_m01awn_0' (0#1) [c:/RFC-8439-fpga-implementation/RFC8439_sys/RFC8439_sys.gen/sources_1/bd/design_1/ip/design_1_axi_smc_1/bd_0/ip/ip_26/synth/bd_6f02_m01awn_0.sv:53]
INFO: [Synth 8-6157] synthesizing module 'bd_6f02_m01bn_0' [c:/RFC-8439-fpga-implementation/RFC8439_sys/RFC8439_sys.gen/sources_1/bd/design_1/ip/design_1_axi_smc_1/bd_0/ip/ip_28/synth/bd_6f02_m01bn_0.sv:53]
INFO: [Synth 8-6155] done synthesizing module 'bd_6f02_m01bn_0' (0#1) [c:/RFC-8439-fpga-implementation/RFC8439_sys/RFC8439_sys.gen/sources_1/bd/design_1/ip/design_1_axi_smc_1/bd_0/ip/ip_28/synth/bd_6f02_m01bn_0.sv:53]
INFO: [Synth 8-6157] synthesizing module 'bd_6f02_m01rn_0' [c:/RFC-8439-fpga-implementation/RFC8439_sys/RFC8439_sys.gen/sources_1/bd/design_1/ip/design_1_axi_smc_1/bd_0/ip/ip_25/synth/bd_6f02_m01rn_0.sv:53]
INFO: [Synth 8-6155] done synthesizing module 'bd_6f02_m01rn_0' (0#1) [c:/RFC-8439-fpga-implementation/RFC8439_sys/RFC8439_sys.gen/sources_1/bd/design_1/ip/design_1_axi_smc_1/bd_0/ip/ip_25/synth/bd_6f02_m01rn_0.sv:53]
INFO: [Synth 8-6157] synthesizing module 'bd_6f02_m01wn_0' [c:/RFC-8439-fpga-implementation/RFC8439_sys/RFC8439_sys.gen/sources_1/bd/design_1/ip/design_1_axi_smc_1/bd_0/ip/ip_27/synth/bd_6f02_m01wn_0.sv:53]
INFO: [Synth 8-6155] done synthesizing module 'bd_6f02_m01wn_0' (0#1) [c:/RFC-8439-fpga-implementation/RFC8439_sys/RFC8439_sys.gen/sources_1/bd/design_1/ip/design_1_axi_smc_1/bd_0/ip/ip_27/synth/bd_6f02_m01wn_0.sv:53]
INFO: [Synth 8-6155] done synthesizing module 'm01_nodes_imp_1455NXJ' (0#1) [c:/RFC-8439-fpga-implementation/RFC8439_sys/RFC8439_sys.gen/sources_1/bd/design_1/ip/design_1_axi_smc_1/bd_0/synth/bd_6f02.v:3615]
INFO: [Synth 8-6157] synthesizing module 'bd_6f02_m01s2a_0' [c:/RFC-8439-fpga-implementation/RFC8439_sys/RFC8439_sys.gen/sources_1/bd/design_1/ip/design_1_axi_smc_1/bd_0/ip/ip_23/synth/bd_6f02_m01s2a_0.sv:53]
INFO: [Synth 8-6155] done synthesizing module 'bd_6f02_m01s2a_0' (0#1) [c:/RFC-8439-fpga-implementation/RFC8439_sys/RFC8439_sys.gen/sources_1/bd/design_1/ip/design_1_axi_smc_1/bd_0/ip/ip_23/synth/bd_6f02_m01s2a_0.sv:53]
INFO: [Synth 8-6157] synthesizing module 'm02_exit_pipeline_imp_W4HJGD' [c:/RFC-8439-fpga-implementation/RFC8439_sys/RFC8439_sys.gen/sources_1/bd/design_1/ip/design_1_axi_smc_1/bd_0/synth/bd_6f02.v:3911]
INFO: [Synth 8-6157] synthesizing module 'bd_6f02_m02e_0' [c:/RFC-8439-fpga-implementation/RFC8439_sys/RFC8439_sys.gen/sources_1/bd/design_1/ip/design_1_axi_smc_1/bd_0/ip/ip_36/synth/bd_6f02_m02e_0.sv:53]
INFO: [Synth 8-6155] done synthesizing module 'bd_6f02_m02e_0' (0#1) [c:/RFC-8439-fpga-implementation/RFC8439_sys/RFC8439_sys.gen/sources_1/bd/design_1/ip/design_1_axi_smc_1/bd_0/ip/ip_36/synth/bd_6f02_m02e_0.sv:53]
INFO: [Synth 8-6155] done synthesizing module 'm02_exit_pipeline_imp_W4HJGD' (0#1) [c:/RFC-8439-fpga-implementation/RFC8439_sys/RFC8439_sys.gen/sources_1/bd/design_1/ip/design_1_axi_smc_1/bd_0/synth/bd_6f02.v:3911]
INFO: [Synth 8-6157] synthesizing module 'm02_nodes_imp_1TPC058' [c:/RFC-8439-fpga-implementation/RFC8439_sys/RFC8439_sys.gen/sources_1/bd/design_1/ip/design_1_axi_smc_1/bd_0/synth/bd_6f02.v:4212]
INFO: [Synth 8-6157] synthesizing module 'bd_6f02_m02arn_0' [c:/RFC-8439-fpga-implementation/RFC8439_sys/RFC8439_sys.gen/sources_1/bd/design_1/ip/design_1_axi_smc_1/bd_0/ip/ip_31/synth/bd_6f02_m02arn_0.sv:53]
INFO: [Synth 8-6155] done synthesizing module 'bd_6f02_m02arn_0' (0#1) [c:/RFC-8439-fpga-implementation/RFC8439_sys/RFC8439_sys.gen/sources_1/bd/design_1/ip/design_1_axi_smc_1/bd_0/ip/ip_31/synth/bd_6f02_m02arn_0.sv:53]
INFO: [Synth 8-6157] synthesizing module 'bd_6f02_m02awn_0' [c:/RFC-8439-fpga-implementation/RFC8439_sys/RFC8439_sys.gen/sources_1/bd/design_1/ip/design_1_axi_smc_1/bd_0/ip/ip_33/synth/bd_6f02_m02awn_0.sv:53]
INFO: [Synth 8-6155] done synthesizing module 'bd_6f02_m02awn_0' (0#1) [c:/RFC-8439-fpga-implementation/RFC8439_sys/RFC8439_sys.gen/sources_1/bd/design_1/ip/design_1_axi_smc_1/bd_0/ip/ip_33/synth/bd_6f02_m02awn_0.sv:53]
INFO: [Synth 8-6157] synthesizing module 'bd_6f02_m02bn_0' [c:/RFC-8439-fpga-implementation/RFC8439_sys/RFC8439_sys.gen/sources_1/bd/design_1/ip/design_1_axi_smc_1/bd_0/ip/ip_35/synth/bd_6f02_m02bn_0.sv:53]
INFO: [Synth 8-6155] done synthesizing module 'bd_6f02_m02bn_0' (0#1) [c:/RFC-8439-fpga-implementation/RFC8439_sys/RFC8439_sys.gen/sources_1/bd/design_1/ip/design_1_axi_smc_1/bd_0/ip/ip_35/synth/bd_6f02_m02bn_0.sv:53]
INFO: [Synth 8-6157] synthesizing module 'bd_6f02_m02rn_0' [c:/RFC-8439-fpga-implementation/RFC8439_sys/RFC8439_sys.gen/sources_1/bd/design_1/ip/design_1_axi_smc_1/bd_0/ip/ip_32/synth/bd_6f02_m02rn_0.sv:53]
INFO: [Synth 8-6155] done synthesizing module 'bd_6f02_m02rn_0' (0#1) [c:/RFC-8439-fpga-implementation/RFC8439_sys/RFC8439_sys.gen/sources_1/bd/design_1/ip/design_1_axi_smc_1/bd_0/ip/ip_32/synth/bd_6f02_m02rn_0.sv:53]
INFO: [Synth 8-6157] synthesizing module 'bd_6f02_m02wn_0' [c:/RFC-8439-fpga-implementation/RFC8439_sys/RFC8439_sys.gen/sources_1/bd/design_1/ip/design_1_axi_smc_1/bd_0/ip/ip_34/synth/bd_6f02_m02wn_0.sv:53]
INFO: [Synth 8-6155] done synthesizing module 'bd_6f02_m02wn_0' (0#1) [c:/RFC-8439-fpga-implementation/RFC8439_sys/RFC8439_sys.gen/sources_1/bd/design_1/ip/design_1_axi_smc_1/bd_0/ip/ip_34/synth/bd_6f02_m02wn_0.sv:53]
INFO: [Synth 8-6155] done synthesizing module 'm02_nodes_imp_1TPC058' (0#1) [c:/RFC-8439-fpga-implementation/RFC8439_sys/RFC8439_sys.gen/sources_1/bd/design_1/ip/design_1_axi_smc_1/bd_0/synth/bd_6f02.v:4212]
INFO: [Synth 8-6157] synthesizing module 'bd_6f02_m02s2a_0' [c:/RFC-8439-fpga-implementation/RFC8439_sys/RFC8439_sys.gen/sources_1/bd/design_1/ip/design_1_axi_smc_1/bd_0/ip/ip_30/synth/bd_6f02_m02s2a_0.sv:53]
INFO: [Synth 8-6155] done synthesizing module 'bd_6f02_m02s2a_0' (0#1) [c:/RFC-8439-fpga-implementation/RFC8439_sys/RFC8439_sys.gen/sources_1/bd/design_1/ip/design_1_axi_smc_1/bd_0/ip/ip_30/synth/bd_6f02_m02s2a_0.sv:53]
INFO: [Synth 8-6157] synthesizing module 'm03_exit_pipeline_imp_S08D4T' [c:/RFC-8439-fpga-implementation/RFC8439_sys/RFC8439_sys.gen/sources_1/bd/design_1/ip/design_1_axi_smc_1/bd_0/synth/bd_6f02.v:4508]
INFO: [Synth 8-6157] synthesizing module 'bd_6f02_m03e_0' [c:/RFC-8439-fpga-implementation/RFC8439_sys/RFC8439_sys.gen/sources_1/bd/design_1/ip/design_1_axi_smc_1/bd_0/ip/ip_43/synth/bd_6f02_m03e_0.sv:53]
INFO: [Synth 8-6155] done synthesizing module 'bd_6f02_m03e_0' (0#1) [c:/RFC-8439-fpga-implementation/RFC8439_sys/RFC8439_sys.gen/sources_1/bd/design_1/ip/design_1_axi_smc_1/bd_0/ip/ip_43/synth/bd_6f02_m03e_0.sv:53]
INFO: [Synth 8-6155] done synthesizing module 'm03_exit_pipeline_imp_S08D4T' (0#1) [c:/RFC-8439-fpga-implementation/RFC8439_sys/RFC8439_sys.gen/sources_1/bd/design_1/ip/design_1_axi_smc_1/bd_0/synth/bd_6f02.v:4508]
INFO: [Synth 8-6157] synthesizing module 'm03_nodes_imp_VKC2X6' [c:/RFC-8439-fpga-implementation/RFC8439_sys/RFC8439_sys.gen/sources_1/bd/design_1/ip/design_1_axi_smc_1/bd_0/synth/bd_6f02.v:4809]
INFO: [Synth 8-6157] synthesizing module 'bd_6f02_m03arn_0' [c:/RFC-8439-fpga-implementation/RFC8439_sys/RFC8439_sys.gen/sources_1/bd/design_1/ip/design_1_axi_smc_1/bd_0/ip/ip_38/synth/bd_6f02_m03arn_0.sv:53]
INFO: [Synth 8-6155] done synthesizing module 'bd_6f02_m03arn_0' (0#1) [c:/RFC-8439-fpga-implementation/RFC8439_sys/RFC8439_sys.gen/sources_1/bd/design_1/ip/design_1_axi_smc_1/bd_0/ip/ip_38/synth/bd_6f02_m03arn_0.sv:53]
INFO: [Synth 8-6157] synthesizing module 'bd_6f02_m03awn_0' [c:/RFC-8439-fpga-implementation/RFC8439_sys/RFC8439_sys.gen/sources_1/bd/design_1/ip/design_1_axi_smc_1/bd_0/ip/ip_40/synth/bd_6f02_m03awn_0.sv:53]
INFO: [Synth 8-6155] done synthesizing module 'bd_6f02_m03awn_0' (0#1) [c:/RFC-8439-fpga-implementation/RFC8439_sys/RFC8439_sys.gen/sources_1/bd/design_1/ip/design_1_axi_smc_1/bd_0/ip/ip_40/synth/bd_6f02_m03awn_0.sv:53]
INFO: [Synth 8-6157] synthesizing module 'bd_6f02_m03bn_0' [c:/RFC-8439-fpga-implementation/RFC8439_sys/RFC8439_sys.gen/sources_1/bd/design_1/ip/design_1_axi_smc_1/bd_0/ip/ip_42/synth/bd_6f02_m03bn_0.sv:53]
INFO: [Synth 8-6155] done synthesizing module 'bd_6f02_m03bn_0' (0#1) [c:/RFC-8439-fpga-implementation/RFC8439_sys/RFC8439_sys.gen/sources_1/bd/design_1/ip/design_1_axi_smc_1/bd_0/ip/ip_42/synth/bd_6f02_m03bn_0.sv:53]
INFO: [Synth 8-6157] synthesizing module 'bd_6f02_m03rn_0' [c:/RFC-8439-fpga-implementation/RFC8439_sys/RFC8439_sys.gen/sources_1/bd/design_1/ip/design_1_axi_smc_1/bd_0/ip/ip_39/synth/bd_6f02_m03rn_0.sv:53]
INFO: [Synth 8-6155] done synthesizing module 'bd_6f02_m03rn_0' (0#1) [c:/RFC-8439-fpga-implementation/RFC8439_sys/RFC8439_sys.gen/sources_1/bd/design_1/ip/design_1_axi_smc_1/bd_0/ip/ip_39/synth/bd_6f02_m03rn_0.sv:53]
INFO: [Synth 8-6157] synthesizing module 'bd_6f02_m03wn_0' [c:/RFC-8439-fpga-implementation/RFC8439_sys/RFC8439_sys.gen/sources_1/bd/design_1/ip/design_1_axi_smc_1/bd_0/ip/ip_41/synth/bd_6f02_m03wn_0.sv:53]
INFO: [Synth 8-6155] done synthesizing module 'bd_6f02_m03wn_0' (0#1) [c:/RFC-8439-fpga-implementation/RFC8439_sys/RFC8439_sys.gen/sources_1/bd/design_1/ip/design_1_axi_smc_1/bd_0/ip/ip_41/synth/bd_6f02_m03wn_0.sv:53]
INFO: [Synth 8-6155] done synthesizing module 'm03_nodes_imp_VKC2X6' (0#1) [c:/RFC-8439-fpga-implementation/RFC8439_sys/RFC8439_sys.gen/sources_1/bd/design_1/ip/design_1_axi_smc_1/bd_0/synth/bd_6f02.v:4809]
INFO: [Synth 8-6157] synthesizing module 'bd_6f02_m03s2a_0' [c:/RFC-8439-fpga-implementation/RFC8439_sys/RFC8439_sys.gen/sources_1/bd/design_1/ip/design_1_axi_smc_1/bd_0/ip/ip_37/synth/bd_6f02_m03s2a_0.sv:53]
INFO: [Synth 8-6155] done synthesizing module 'bd_6f02_m03s2a_0' (0#1) [c:/RFC-8439-fpga-implementation/RFC8439_sys/RFC8439_sys.gen/sources_1/bd/design_1/ip/design_1_axi_smc_1/bd_0/ip/ip_37/synth/bd_6f02_m03s2a_0.sv:53]
INFO: [Synth 8-6157] synthesizing module 'm04_exit_pipeline_imp_C4N5P' [c:/RFC-8439-fpga-implementation/RFC8439_sys/RFC8439_sys.gen/sources_1/bd/design_1/ip/design_1_axi_smc_1/bd_0/synth/bd_6f02.v:5105]
INFO: [Synth 8-6157] synthesizing module 'bd_6f02_m04e_0' [c:/RFC-8439-fpga-implementation/RFC8439_sys/RFC8439_sys.gen/sources_1/bd/design_1/ip/design_1_axi_smc_1/bd_0/ip/ip_50/synth/bd_6f02_m04e_0.sv:53]
INFO: [Synth 8-6155] done synthesizing module 'bd_6f02_m04e_0' (0#1) [c:/RFC-8439-fpga-implementation/RFC8439_sys/RFC8439_sys.gen/sources_1/bd/design_1/ip/design_1_axi_smc_1/bd_0/ip/ip_50/synth/bd_6f02_m04e_0.sv:53]
INFO: [Synth 8-6155] done synthesizing module 'm04_exit_pipeline_imp_C4N5P' (0#1) [c:/RFC-8439-fpga-implementation/RFC8439_sys/RFC8439_sys.gen/sources_1/bd/design_1/ip/design_1_axi_smc_1/bd_0/synth/bd_6f02.v:5105]
INFO: [Synth 8-6157] synthesizing module 'm04_nodes_imp_5KCFT6' [c:/RFC-8439-fpga-implementation/RFC8439_sys/RFC8439_sys.gen/sources_1/bd/design_1/ip/design_1_axi_smc_1/bd_0/synth/bd_6f02.v:5406]
INFO: [Synth 8-6157] synthesizing module 'bd_6f02_m04arn_0' [c:/RFC-8439-fpga-implementation/RFC8439_sys/RFC8439_sys.gen/sources_1/bd/design_1/ip/design_1_axi_smc_1/bd_0/ip/ip_45/synth/bd_6f02_m04arn_0.sv:53]
INFO: [Synth 8-6155] done synthesizing module 'bd_6f02_m04arn_0' (0#1) [c:/RFC-8439-fpga-implementation/RFC8439_sys/RFC8439_sys.gen/sources_1/bd/design_1/ip/design_1_axi_smc_1/bd_0/ip/ip_45/synth/bd_6f02_m04arn_0.sv:53]
INFO: [Synth 8-6157] synthesizing module 'bd_6f02_m04awn_0' [c:/RFC-8439-fpga-implementation/RFC8439_sys/RFC8439_sys.gen/sources_1/bd/design_1/ip/design_1_axi_smc_1/bd_0/ip/ip_47/synth/bd_6f02_m04awn_0.sv:53]
INFO: [Synth 8-6155] done synthesizing module 'bd_6f02_m04awn_0' (0#1) [c:/RFC-8439-fpga-implementation/RFC8439_sys/RFC8439_sys.gen/sources_1/bd/design_1/ip/design_1_axi_smc_1/bd_0/ip/ip_47/synth/bd_6f02_m04awn_0.sv:53]
INFO: [Synth 8-6157] synthesizing module 'bd_6f02_m04bn_0' [c:/RFC-8439-fpga-implementation/RFC8439_sys/RFC8439_sys.gen/sources_1/bd/design_1/ip/design_1_axi_smc_1/bd_0/ip/ip_49/synth/bd_6f02_m04bn_0.sv:53]
INFO: [Synth 8-6155] done synthesizing module 'bd_6f02_m04bn_0' (0#1) [c:/RFC-8439-fpga-implementation/RFC8439_sys/RFC8439_sys.gen/sources_1/bd/design_1/ip/design_1_axi_smc_1/bd_0/ip/ip_49/synth/bd_6f02_m04bn_0.sv:53]
INFO: [Synth 8-6157] synthesizing module 'bd_6f02_m04rn_0' [c:/RFC-8439-fpga-implementation/RFC8439_sys/RFC8439_sys.gen/sources_1/bd/design_1/ip/design_1_axi_smc_1/bd_0/ip/ip_46/synth/bd_6f02_m04rn_0.sv:53]
INFO: [Synth 8-6155] done synthesizing module 'bd_6f02_m04rn_0' (0#1) [c:/RFC-8439-fpga-implementation/RFC8439_sys/RFC8439_sys.gen/sources_1/bd/design_1/ip/design_1_axi_smc_1/bd_0/ip/ip_46/synth/bd_6f02_m04rn_0.sv:53]
INFO: [Synth 8-6157] synthesizing module 'bd_6f02_m04wn_0' [c:/RFC-8439-fpga-implementation/RFC8439_sys/RFC8439_sys.gen/sources_1/bd/design_1/ip/design_1_axi_smc_1/bd_0/ip/ip_48/synth/bd_6f02_m04wn_0.sv:53]
INFO: [Synth 8-6155] done synthesizing module 'bd_6f02_m04wn_0' (0#1) [c:/RFC-8439-fpga-implementation/RFC8439_sys/RFC8439_sys.gen/sources_1/bd/design_1/ip/design_1_axi_smc_1/bd_0/ip/ip_48/synth/bd_6f02_m04wn_0.sv:53]
INFO: [Synth 8-6155] done synthesizing module 'm04_nodes_imp_5KCFT6' (0#1) [c:/RFC-8439-fpga-implementation/RFC8439_sys/RFC8439_sys.gen/sources_1/bd/design_1/ip/design_1_axi_smc_1/bd_0/synth/bd_6f02.v:5406]
INFO: [Synth 8-6157] synthesizing module 'bd_6f02_m04s2a_0' [c:/RFC-8439-fpga-implementation/RFC8439_sys/RFC8439_sys.gen/sources_1/bd/design_1/ip/design_1_axi_smc_1/bd_0/ip/ip_44/synth/bd_6f02_m04s2a_0.sv:53]
INFO: [Synth 8-6155] done synthesizing module 'bd_6f02_m04s2a_0' (0#1) [c:/RFC-8439-fpga-implementation/RFC8439_sys/RFC8439_sys.gen/sources_1/bd/design_1/ip/design_1_axi_smc_1/bd_0/ip/ip_44/synth/bd_6f02_m04s2a_0.sv:53]
INFO: [Synth 8-6157] synthesizing module 'bd_6f02_s00a2s_0' [c:/RFC-8439-fpga-implementation/RFC8439_sys/RFC8439_sys.gen/sources_1/bd/design_1/ip/design_1_axi_smc_1/bd_0/ip/ip_10/synth/bd_6f02_s00a2s_0.sv:53]
INFO: [Synth 8-6155] done synthesizing module 'bd_6f02_s00a2s_0' (0#1) [c:/RFC-8439-fpga-implementation/RFC8439_sys/RFC8439_sys.gen/sources_1/bd/design_1/ip/design_1_axi_smc_1/bd_0/ip/ip_10/synth/bd_6f02_s00a2s_0.sv:53]
INFO: [Synth 8-6157] synthesizing module 's00_entry_pipeline_imp_1PSXOAM' [c:/RFC-8439-fpga-implementation/RFC8439_sys/RFC8439_sys.gen/sources_1/bd/design_1/ip/design_1_axi_smc_1/bd_0/synth/bd_6f02.v:5702]
INFO: [Synth 8-6157] synthesizing module 'bd_6f02_s00mmu_0' [c:/RFC-8439-fpga-implementation/RFC8439_sys/RFC8439_sys.gen/sources_1/bd/design_1/ip/design_1_axi_smc_1/bd_0/ip/ip_7/synth/bd_6f02_s00mmu_0.sv:53]
INFO: [Synth 8-6155] done synthesizing module 'bd_6f02_s00mmu_0' (0#1) [c:/RFC-8439-fpga-implementation/RFC8439_sys/RFC8439_sys.gen/sources_1/bd/design_1/ip/design_1_axi_smc_1/bd_0/ip/ip_7/synth/bd_6f02_s00mmu_0.sv:53]
INFO: [Synth 8-6157] synthesizing module 'bd_6f02_s00sic_0' [c:/RFC-8439-fpga-implementation/RFC8439_sys/RFC8439_sys.gen/sources_1/bd/design_1/ip/design_1_axi_smc_1/bd_0/ip/ip_9/synth/bd_6f02_s00sic_0.sv:53]
INFO: [Synth 8-6155] done synthesizing module 'bd_6f02_s00sic_0' (0#1) [c:/RFC-8439-fpga-implementation/RFC8439_sys/RFC8439_sys.gen/sources_1/bd/design_1/ip/design_1_axi_smc_1/bd_0/ip/ip_9/synth/bd_6f02_s00sic_0.sv:53]
INFO: [Synth 8-6157] synthesizing module 'bd_6f02_s00tr_0' [c:/RFC-8439-fpga-implementation/RFC8439_sys/RFC8439_sys.gen/sources_1/bd/design_1/ip/design_1_axi_smc_1/bd_0/ip/ip_8/synth/bd_6f02_s00tr_0.sv:53]
INFO: [Synth 8-6155] done synthesizing module 'bd_6f02_s00tr_0' (0#1) [c:/RFC-8439-fpga-implementation/RFC8439_sys/RFC8439_sys.gen/sources_1/bd/design_1/ip/design_1_axi_smc_1/bd_0/ip/ip_8/synth/bd_6f02_s00tr_0.sv:53]
INFO: [Synth 8-6155] done synthesizing module 's00_entry_pipeline_imp_1PSXOAM' (0#1) [c:/RFC-8439-fpga-implementation/RFC8439_sys/RFC8439_sys.gen/sources_1/bd/design_1/ip/design_1_axi_smc_1/bd_0/synth/bd_6f02.v:5702]
INFO: [Synth 8-6157] synthesizing module 's00_nodes_imp_1KC0NQC' [c:/RFC-8439-fpga-implementation/RFC8439_sys/RFC8439_sys.gen/sources_1/bd/design_1/ip/design_1_axi_smc_1/bd_0/synth/bd_6f02.v:6356]
INFO: [Synth 8-6157] synthesizing module 'bd_6f02_sarn_0' [c:/RFC-8439-fpga-implementation/RFC8439_sys/RFC8439_sys.gen/sources_1/bd/design_1/ip/design_1_axi_smc_1/bd_0/ip/ip_11/synth/bd_6f02_sarn_0.sv:53]
INFO: [Synth 8-6157] synthesizing module 'xpm_memory_sdpram__parameterized5' [C:/Xilinx/Vivado/2023.2/data/ip/xpm/xpm_memory/hdl/xpm_memory.sv:8548]
INFO: [Synth 8-6157] synthesizing module 'xpm_memory_base__parameterized5' [C:/Xilinx/Vivado/2023.2/data/ip/xpm/xpm_memory/hdl/xpm_memory.sv:54]
INFO: [Synth 8-6155] done synthesizing module 'xpm_memory_base__parameterized5' (0#1) [C:/Xilinx/Vivado/2023.2/data/ip/xpm/xpm_memory/hdl/xpm_memory.sv:54]
INFO: [Synth 8-6155] done synthesizing module 'xpm_memory_sdpram__parameterized5' (0#1) [C:/Xilinx/Vivado/2023.2/data/ip/xpm/xpm_memory/hdl/xpm_memory.sv:8548]
INFO: [Synth 8-6157] synthesizing module 'xpm_memory_sdpram__parameterized6' [C:/Xilinx/Vivado/2023.2/data/ip/xpm/xpm_memory/hdl/xpm_memory.sv:8548]
INFO: [Synth 8-6157] synthesizing module 'xpm_memory_base__parameterized6' [C:/Xilinx/Vivado/2023.2/data/ip/xpm/xpm_memory/hdl/xpm_memory.sv:54]
INFO: [Synth 8-6155] done synthesizing module 'xpm_memory_base__parameterized6' (0#1) [C:/Xilinx/Vivado/2023.2/data/ip/xpm/xpm_memory/hdl/xpm_memory.sv:54]
INFO: [Synth 8-6155] done synthesizing module 'xpm_memory_sdpram__parameterized6' (0#1) [C:/Xilinx/Vivado/2023.2/data/ip/xpm/xpm_memory/hdl/xpm_memory.sv:8548]
INFO: [Synth 8-6155] done synthesizing module 'bd_6f02_sarn_0' (0#1) [c:/RFC-8439-fpga-implementation/RFC8439_sys/RFC8439_sys.gen/sources_1/bd/design_1/ip/design_1_axi_smc_1/bd_0/ip/ip_11/synth/bd_6f02_sarn_0.sv:53]
INFO: [Synth 8-6157] synthesizing module 'bd_6f02_sawn_0' [c:/RFC-8439-fpga-implementation/RFC8439_sys/RFC8439_sys.gen/sources_1/bd/design_1/ip/design_1_axi_smc_1/bd_0/ip/ip_13/synth/bd_6f02_sawn_0.sv:53]
INFO: [Synth 8-6155] done synthesizing module 'bd_6f02_sawn_0' (0#1) [c:/RFC-8439-fpga-implementation/RFC8439_sys/RFC8439_sys.gen/sources_1/bd/design_1/ip/design_1_axi_smc_1/bd_0/ip/ip_13/synth/bd_6f02_sawn_0.sv:53]
INFO: [Synth 8-6157] synthesizing module 'bd_6f02_sbn_0' [c:/RFC-8439-fpga-implementation/RFC8439_sys/RFC8439_sys.gen/sources_1/bd/design_1/ip/design_1_axi_smc_1/bd_0/ip/ip_15/synth/bd_6f02_sbn_0.sv:53]
INFO: [Synth 8-6157] synthesizing module 'xpm_memory_sdpram__parameterized7' [C:/Xilinx/Vivado/2023.2/data/ip/xpm/xpm_memory/hdl/xpm_memory.sv:8548]
INFO: [Synth 8-6157] synthesizing module 'xpm_memory_base__parameterized7' [C:/Xilinx/Vivado/2023.2/data/ip/xpm/xpm_memory/hdl/xpm_memory.sv:54]
INFO: [Synth 8-6155] done synthesizing module 'xpm_memory_base__parameterized7' (0#1) [C:/Xilinx/Vivado/2023.2/data/ip/xpm/xpm_memory/hdl/xpm_memory.sv:54]
INFO: [Synth 8-6155] done synthesizing module 'xpm_memory_sdpram__parameterized7' (0#1) [C:/Xilinx/Vivado/2023.2/data/ip/xpm/xpm_memory/hdl/xpm_memory.sv:8548]
INFO: [Synth 8-6155] done synthesizing module 'bd_6f02_sbn_0' (0#1) [c:/RFC-8439-fpga-implementation/RFC8439_sys/RFC8439_sys.gen/sources_1/bd/design_1/ip/design_1_axi_smc_1/bd_0/ip/ip_15/synth/bd_6f02_sbn_0.sv:53]
INFO: [Synth 8-6157] synthesizing module 'bd_6f02_srn_0' [c:/RFC-8439-fpga-implementation/RFC8439_sys/RFC8439_sys.gen/sources_1/bd/design_1/ip/design_1_axi_smc_1/bd_0/ip/ip_12/synth/bd_6f02_srn_0.sv:53]
INFO: [Synth 8-6157] synthesizing module 'xpm_memory_sdpram__parameterized8' [C:/Xilinx/Vivado/2023.2/data/ip/xpm/xpm_memory/hdl/xpm_memory.sv:8548]
INFO: [Synth 8-6157] synthesizing module 'xpm_memory_base__parameterized8' [C:/Xilinx/Vivado/2023.2/data/ip/xpm/xpm_memory/hdl/xpm_memory.sv:54]
INFO: [Synth 8-6155] done synthesizing module 'xpm_memory_base__parameterized8' (0#1) [C:/Xilinx/Vivado/2023.2/data/ip/xpm/xpm_memory/hdl/xpm_memory.sv:54]
INFO: [Synth 8-6155] done synthesizing module 'xpm_memory_sdpram__parameterized8' (0#1) [C:/Xilinx/Vivado/2023.2/data/ip/xpm/xpm_memory/hdl/xpm_memory.sv:8548]
INFO: [Synth 8-6155] done synthesizing module 'bd_6f02_srn_0' (0#1) [c:/RFC-8439-fpga-implementation/RFC8439_sys/RFC8439_sys.gen/sources_1/bd/design_1/ip/design_1_axi_smc_1/bd_0/ip/ip_12/synth/bd_6f02_srn_0.sv:53]
INFO: [Synth 8-6157] synthesizing module 'bd_6f02_swn_0' [c:/RFC-8439-fpga-implementation/RFC8439_sys/RFC8439_sys.gen/sources_1/bd/design_1/ip/design_1_axi_smc_1/bd_0/ip/ip_14/synth/bd_6f02_swn_0.sv:53]
INFO: [Synth 8-6157] synthesizing module 'xpm_memory_sdpram__parameterized9' [C:/Xilinx/Vivado/2023.2/data/ip/xpm/xpm_memory/hdl/xpm_memory.sv:8548]
INFO: [Synth 8-6157] synthesizing module 'xpm_memory_base__parameterized9' [C:/Xilinx/Vivado/2023.2/data/ip/xpm/xpm_memory/hdl/xpm_memory.sv:54]
INFO: [Synth 8-6155] done synthesizing module 'xpm_memory_base__parameterized9' (0#1) [C:/Xilinx/Vivado/2023.2/data/ip/xpm/xpm_memory/hdl/xpm_memory.sv:54]
INFO: [Synth 8-6155] done synthesizing module 'xpm_memory_sdpram__parameterized9' (0#1) [C:/Xilinx/Vivado/2023.2/data/ip/xpm/xpm_memory/hdl/xpm_memory.sv:8548]
INFO: [Synth 8-6155] done synthesizing module 'bd_6f02_swn_0' (0#1) [c:/RFC-8439-fpga-implementation/RFC8439_sys/RFC8439_sys.gen/sources_1/bd/design_1/ip/design_1_axi_smc_1/bd_0/ip/ip_14/synth/bd_6f02_swn_0.sv:53]
INFO: [Synth 8-6155] done synthesizing module 's00_nodes_imp_1KC0NQC' (0#1) [c:/RFC-8439-fpga-implementation/RFC8439_sys/RFC8439_sys.gen/sources_1/bd/design_1/ip/design_1_axi_smc_1/bd_0/synth/bd_6f02.v:6356]
INFO: [Synth 8-6157] synthesizing module 'switchboards_imp_18NKQB4' [c:/RFC-8439-fpga-implementation/RFC8439_sys/RFC8439_sys.gen/sources_1/bd/design_1/ip/design_1_axi_smc_1/bd_0/synth/bd_6f02.v:6652]
INFO: [Synth 8-6157] synthesizing module 'bd_6f02_arsw_0' [c:/RFC-8439-fpga-implementation/RFC8439_sys/RFC8439_sys.gen/sources_1/bd/design_1/ip/design_1_axi_smc_1/bd_0/ip/ip_2/synth/bd_6f02_arsw_0.sv:53]
INFO: [Synth 8-6155] done synthesizing module 'bd_6f02_arsw_0' (0#1) [c:/RFC-8439-fpga-implementation/RFC8439_sys/RFC8439_sys.gen/sources_1/bd/design_1/ip/design_1_axi_smc_1/bd_0/ip/ip_2/synth/bd_6f02_arsw_0.sv:53]
INFO: [Synth 8-6157] synthesizing module 'bd_6f02_awsw_0' [c:/RFC-8439-fpga-implementation/RFC8439_sys/RFC8439_sys.gen/sources_1/bd/design_1/ip/design_1_axi_smc_1/bd_0/ip/ip_4/synth/bd_6f02_awsw_0.sv:53]
INFO: [Synth 8-6155] done synthesizing module 'bd_6f02_awsw_0' (0#1) [c:/RFC-8439-fpga-implementation/RFC8439_sys/RFC8439_sys.gen/sources_1/bd/design_1/ip/design_1_axi_smc_1/bd_0/ip/ip_4/synth/bd_6f02_awsw_0.sv:53]
INFO: [Synth 8-6157] synthesizing module 'bd_6f02_bsw_0' [c:/RFC-8439-fpga-implementation/RFC8439_sys/RFC8439_sys.gen/sources_1/bd/design_1/ip/design_1_axi_smc_1/bd_0/ip/ip_6/synth/bd_6f02_bsw_0.sv:53]
INFO: [Synth 8-6155] done synthesizing module 'bd_6f02_bsw_0' (0#1) [c:/RFC-8439-fpga-implementation/RFC8439_sys/RFC8439_sys.gen/sources_1/bd/design_1/ip/design_1_axi_smc_1/bd_0/ip/ip_6/synth/bd_6f02_bsw_0.sv:53]
INFO: [Synth 8-6157] synthesizing module 'bd_6f02_rsw_0' [c:/RFC-8439-fpga-implementation/RFC8439_sys/RFC8439_sys.gen/sources_1/bd/design_1/ip/design_1_axi_smc_1/bd_0/ip/ip_3/synth/bd_6f02_rsw_0.sv:53]
INFO: [Synth 8-6155] done synthesizing module 'bd_6f02_rsw_0' (0#1) [c:/RFC-8439-fpga-implementation/RFC8439_sys/RFC8439_sys.gen/sources_1/bd/design_1/ip/design_1_axi_smc_1/bd_0/ip/ip_3/synth/bd_6f02_rsw_0.sv:53]
INFO: [Synth 8-6157] synthesizing module 'bd_6f02_wsw_0' [c:/RFC-8439-fpga-implementation/RFC8439_sys/RFC8439_sys.gen/sources_1/bd/design_1/ip/design_1_axi_smc_1/bd_0/ip/ip_5/synth/bd_6f02_wsw_0.sv:53]
INFO: [Synth 8-6155] done synthesizing module 'bd_6f02_wsw_0' (0#1) [c:/RFC-8439-fpga-implementation/RFC8439_sys/RFC8439_sys.gen/sources_1/bd/design_1/ip/design_1_axi_smc_1/bd_0/ip/ip_5/synth/bd_6f02_wsw_0.sv:53]
INFO: [Synth 8-6155] done synthesizing module 'switchboards_imp_18NKQB4' (0#1) [c:/RFC-8439-fpga-implementation/RFC8439_sys/RFC8439_sys.gen/sources_1/bd/design_1/ip/design_1_axi_smc_1/bd_0/synth/bd_6f02.v:6652]
INFO: [Synth 8-6155] done synthesizing module 'bd_6f02' (0#1) [c:/RFC-8439-fpga-implementation/RFC8439_sys/RFC8439_sys.gen/sources_1/bd/design_1/ip/design_1_axi_smc_1/bd_0/synth/bd_6f02.v:10]
INFO: [Synth 8-6155] done synthesizing module 'design_1_axi_smc_1' (0#1) [c:/RFC-8439-fpga-implementation/RFC8439_sys/RFC8439_sys.gen/sources_1/bd/design_1/ip/design_1_axi_smc_1/synth/design_1_axi_smc_1.v:53]
WARNING: [Synth 8-3848] Net aresetn_out in module/entity clk_map_imp_19UC7HI does not have driver. [c:/RFC-8439-fpga-implementation/RFC8439_sys/RFC8439_sys.gen/sources_1/bd/design_1/ip/design_1_axi_smc_1/bd_0/synth/bd_6f02.v:2541]
WARNING: [Synth 8-7129] Port aclk in module sc_util_v1_0_4_pipeline__parameterized0 is either unconnected or has no load
WARNING: [Synth 8-7129] Port aclken in module sc_util_v1_0_4_pipeline__parameterized0 is either unconnected or has no load
WARNING: [Synth 8-7129] Port areset in module sc_util_v1_0_4_pipeline__parameterized0 is either unconnected or has no load
WARNING: [Synth 8-7129] Port din[0] in module sc_util_v1_0_4_onehot_to_binary__parameterized2 is either unconnected or has no load
WARNING: [Synth 8-7129] Port aclk in module sc_util_v1_0_4_pipeline__parameterized5 is either unconnected or has no load
WARNING: [Synth 8-7129] Port aclken in module sc_util_v1_0_4_pipeline__parameterized5 is either unconnected or has no load
WARNING: [Synth 8-7129] Port areset in module sc_util_v1_0_4_pipeline__parameterized5 is either unconnected or has no load
WARNING: [Synth 8-7129] Port connectivity[4] in module sc_switchboard_v1_0_7_top__parameterized2 is either unconnected or has no load
WARNING: [Synth 8-7129] Port connectivity[3] in module sc_switchboard_v1_0_7_top__parameterized2 is either unconnected or has no load
WARNING: [Synth 8-7129] Port connectivity[2] in module sc_switchboard_v1_0_7_top__parameterized2 is either unconnected or has no load
WARNING: [Synth 8-7129] Port connectivity[1] in module sc_switchboard_v1_0_7_top__parameterized2 is either unconnected or has no load
WARNING: [Synth 8-7129] Port connectivity[0] in module sc_switchboard_v1_0_7_top__parameterized2 is either unconnected or has no load
WARNING: [Synth 8-7129] Port aclk in module sc_util_v1_0_4_pipeline__parameterized9 is either unconnected or has no load
WARNING: [Synth 8-7129] Port aclken in module sc_util_v1_0_4_pipeline__parameterized9 is either unconnected or has no load
WARNING: [Synth 8-7129] Port areset in module sc_util_v1_0_4_pipeline__parameterized9 is either unconnected or has no load
WARNING: [Synth 8-7129] Port din[0] in module sc_util_v1_0_4_onehot_to_binary__parameterized3 is either unconnected or has no load
WARNING: [Synth 8-7129] Port aclk in module sc_util_v1_0_4_pipeline__parameterized4 is either unconnected or has no load
WARNING: [Synth 8-7129] Port aclken in module sc_util_v1_0_4_pipeline__parameterized4 is either unconnected or has no load
WARNING: [Synth 8-7129] Port areset in module sc_util_v1_0_4_pipeline__parameterized4 is either unconnected or has no load
WARNING: [Synth 8-7129] Port connectivity[4] in module sc_switchboard_v1_0_7_top__parameterized1 is either unconnected or has no load
WARNING: [Synth 8-7129] Port connectivity[3] in module sc_switchboard_v1_0_7_top__parameterized1 is either unconnected or has no load
WARNING: [Synth 8-7129] Port connectivity[2] in module sc_switchboard_v1_0_7_top__parameterized1 is either unconnected or has no load
WARNING: [Synth 8-7129] Port connectivity[1] in module sc_switchboard_v1_0_7_top__parameterized1 is either unconnected or has no load
WARNING: [Synth 8-7129] Port connectivity[0] in module sc_switchboard_v1_0_7_top__parameterized1 is either unconnected or has no load
WARNING: [Synth 8-7129] Port aclk in module sc_util_v1_0_4_pipeline__parameterized3 is either unconnected or has no load
WARNING: [Synth 8-7129] Port aclken in module sc_util_v1_0_4_pipeline__parameterized3 is either unconnected or has no load
WARNING: [Synth 8-7129] Port areset in module sc_util_v1_0_4_pipeline__parameterized3 is either unconnected or has no load
WARNING: [Synth 8-7129] Port connectivity[4] in module sc_switchboard_v1_0_7_top__parameterized0 is either unconnected or has no load
WARNING: [Synth 8-7129] Port connectivity[3] in module sc_switchboard_v1_0_7_top__parameterized0 is either unconnected or has no load
WARNING: [Synth 8-7129] Port connectivity[2] in module sc_switchboard_v1_0_7_top__parameterized0 is either unconnected or has no load
WARNING: [Synth 8-7129] Port connectivity[1] in module sc_switchboard_v1_0_7_top__parameterized0 is either unconnected or has no load
WARNING: [Synth 8-7129] Port connectivity[0] in module sc_switchboard_v1_0_7_top__parameterized0 is either unconnected or has no load
WARNING: [Synth 8-7129] Port aclk in module sc_util_v1_0_4_pipeline__parameterized1 is either unconnected or has no load
WARNING: [Synth 8-7129] Port aclken in module sc_util_v1_0_4_pipeline__parameterized1 is either unconnected or has no load
WARNING: [Synth 8-7129] Port areset in module sc_util_v1_0_4_pipeline__parameterized1 is either unconnected or has no load
WARNING: [Synth 8-7129] Port connectivity[4] in module sc_switchboard_v1_0_7_top is either unconnected or has no load
WARNING: [Synth 8-7129] Port connectivity[3] in module sc_switchboard_v1_0_7_top is either unconnected or has no load
WARNING: [Synth 8-7129] Port connectivity[2] in module sc_switchboard_v1_0_7_top is either unconnected or has no load
WARNING: [Synth 8-7129] Port connectivity[1] in module sc_switchboard_v1_0_7_top is either unconnected or has no load
WARNING: [Synth 8-7129] Port connectivity[0] in module sc_switchboard_v1_0_7_top is either unconnected or has no load
WARNING: [Synth 8-7129] Port aresetn in module switchboards_imp_18NKQB4 is either unconnected or has no load
WARNING: [Synth 8-7129] Port din[0] in module sc_util_v1_0_4_onehot_to_binary is either unconnected or has no load
WARNING: [Synth 8-7129] Port sleep in module xpm_memory_base__parameterized9 is either unconnected or has no load
WARNING: [Synth 8-7129] Port rsta in module xpm_memory_base__parameterized9 is either unconnected or has no load
WARNING: [Synth 8-7129] Port regcea in module xpm_memory_base__parameterized9 is either unconnected or has no load
WARNING: [Synth 8-7129] Port injectsbiterra in module xpm_memory_base__parameterized9 is either unconnected or has no load
WARNING: [Synth 8-7129] Port injectdbiterra in module xpm_memory_base__parameterized9 is either unconnected or has no load
WARNING: [Synth 8-7129] Port clkb in module xpm_memory_base__parameterized9 is either unconnected or has no load
WARNING: [Synth 8-7129] Port regceb in module xpm_memory_base__parameterized9 is either unconnected or has no load
WARNING: [Synth 8-7129] Port web[0] in module xpm_memory_base__parameterized9 is either unconnected or has no load
WARNING: [Synth 8-7129] Port dinb[55] in module xpm_memory_base__parameterized9 is either unconnected or has no load
WARNING: [Synth 8-7129] Port dinb[54] in module xpm_memory_base__parameterized9 is either unconnected or has no load
WARNING: [Synth 8-7129] Port dinb[53] in module xpm_memory_base__parameterized9 is either unconnected or has no load
WARNING: [Synth 8-7129] Port dinb[52] in module xpm_memory_base__parameterized9 is either unconnected or has no load
WARNING: [Synth 8-7129] Port dinb[51] in module xpm_memory_base__parameterized9 is either unconnected or has no load
WARNING: [Synth 8-7129] Port dinb[50] in module xpm_memory_base__parameterized9 is either unconnected or has no load
WARNING: [Synth 8-7129] Port dinb[49] in module xpm_memory_base__parameterized9 is either unconnected or has no load
WARNING: [Synth 8-7129] Port dinb[48] in module xpm_memory_base__parameterized9 is either unconnected or has no load
WARNING: [Synth 8-7129] Port dinb[47] in module xpm_memory_base__parameterized9 is either unconnected or has no load
WARNING: [Synth 8-7129] Port dinb[46] in module xpm_memory_base__parameterized9 is either unconnected or has no load
WARNING: [Synth 8-7129] Port dinb[45] in module xpm_memory_base__parameterized9 is either unconnected or has no load
WARNING: [Synth 8-7129] Port dinb[44] in module xpm_memory_base__parameterized9 is either unconnected or has no load
WARNING: [Synth 8-7129] Port dinb[43] in module xpm_memory_base__parameterized9 is either unconnected or has no load
WARNING: [Synth 8-7129] Port dinb[42] in module xpm_memory_base__parameterized9 is either unconnected or has no load
WARNING: [Synth 8-7129] Port dinb[41] in module xpm_memory_base__parameterized9 is either unconnected or has no load
WARNING: [Synth 8-7129] Port dinb[40] in module xpm_memory_base__parameterized9 is either unconnected or has no load
WARNING: [Synth 8-7129] Port dinb[39] in module xpm_memory_base__parameterized9 is either unconnected or has no load
WARNING: [Synth 8-7129] Port dinb[38] in module xpm_memory_base__parameterized9 is either unconnected or has no load
WARNING: [Synth 8-7129] Port dinb[37] in module xpm_memory_base__parameterized9 is either unconnected or has no load
WARNING: [Synth 8-7129] Port dinb[36] in module xpm_memory_base__parameterized9 is either unconnected or has no load
WARNING: [Synth 8-7129] Port dinb[35] in module xpm_memory_base__parameterized9 is either unconnected or has no load
WARNING: [Synth 8-7129] Port dinb[34] in module xpm_memory_base__parameterized9 is either unconnected or has no load
WARNING: [Synth 8-7129] Port dinb[33] in module xpm_memory_base__parameterized9 is either unconnected or has no load
WARNING: [Synth 8-7129] Port dinb[32] in module xpm_memory_base__parameterized9 is either unconnected or has no load
WARNING: [Synth 8-7129] Port dinb[31] in module xpm_memory_base__parameterized9 is either unconnected or has no load
WARNING: [Synth 8-7129] Port dinb[30] in module xpm_memory_base__parameterized9 is either unconnected or has no load
WARNING: [Synth 8-7129] Port dinb[29] in module xpm_memory_base__parameterized9 is either unconnected or has no load
WARNING: [Synth 8-7129] Port dinb[28] in module xpm_memory_base__parameterized9 is either unconnected or has no load
WARNING: [Synth 8-7129] Port dinb[27] in module xpm_memory_base__parameterized9 is either unconnected or has no load
WARNING: [Synth 8-7129] Port dinb[26] in module xpm_memory_base__parameterized9 is either unconnected or has no load
WARNING: [Synth 8-7129] Port dinb[25] in module xpm_memory_base__parameterized9 is either unconnected or has no load
WARNING: [Synth 8-7129] Port dinb[24] in module xpm_memory_base__parameterized9 is either unconnected or has no load
WARNING: [Synth 8-7129] Port dinb[23] in module xpm_memory_base__parameterized9 is either unconnected or has no load
WARNING: [Synth 8-7129] Port dinb[22] in module xpm_memory_base__parameterized9 is either unconnected or has no load
WARNING: [Synth 8-7129] Port dinb[21] in module xpm_memory_base__parameterized9 is either unconnected or has no load
WARNING: [Synth 8-7129] Port dinb[20] in module xpm_memory_base__parameterized9 is either unconnected or has no load
WARNING: [Synth 8-7129] Port dinb[19] in module xpm_memory_base__parameterized9 is either unconnected or has no load
WARNING: [Synth 8-7129] Port dinb[18] in module xpm_memory_base__parameterized9 is either unconnected or has no load
WARNING: [Synth 8-7129] Port dinb[17] in module xpm_memory_base__parameterized9 is either unconnected or has no load
WARNING: [Synth 8-7129] Port dinb[16] in module xpm_memory_base__parameterized9 is either unconnected or has no load
WARNING: [Synth 8-7129] Port dinb[15] in module xpm_memory_base__parameterized9 is either unconnected or has no load
WARNING: [Synth 8-7129] Port dinb[14] in module xpm_memory_base__parameterized9 is either unconnected or has no load
WARNING: [Synth 8-7129] Port dinb[13] in module xpm_memory_base__parameterized9 is either unconnected or has no load
WARNING: [Synth 8-7129] Port dinb[12] in module xpm_memory_base__parameterized9 is either unconnected or has no load
WARNING: [Synth 8-7129] Port dinb[11] in module xpm_memory_base__parameterized9 is either unconnected or has no load
WARNING: [Synth 8-7129] Port dinb[10] in module xpm_memory_base__parameterized9 is either unconnected or has no load
WARNING: [Synth 8-7129] Port dinb[9] in module xpm_memory_base__parameterized9 is either unconnected or has no load
WARNING: [Synth 8-7129] Port dinb[8] in module xpm_memory_base__parameterized9 is either unconnected or has no load
WARNING: [Synth 8-7129] Port dinb[7] in module xpm_memory_base__parameterized9 is either unconnected or has no load
WARNING: [Synth 8-7129] Port dinb[6] in module xpm_memory_base__parameterized9 is either unconnected or has no load
INFO: [Common 17-14] Message 'Synth 8-7129' appears 100 times and further instances of the messages will be disabled. Use the Tcl command set_msg_config to change the current settings.
---------------------------------------------------------------------------------
Finished RTL Elaboration : Time (s): cpu = 00:00:13 ; elapsed = 00:00:15 . Memory (MB): peak = 1701.750 ; gain = 751.758
---------------------------------------------------------------------------------
---------------------------------------------------------------------------------
Start Handling Custom Attributes
---------------------------------------------------------------------------------
---------------------------------------------------------------------------------
Finished Handling Custom Attributes : Time (s): cpu = 00:00:14 ; elapsed = 00:00:15 . Memory (MB): peak = 1701.750 ; gain = 751.758
---------------------------------------------------------------------------------
---------------------------------------------------------------------------------
Finished RTL Optimization Phase 1 : Time (s): cpu = 00:00:14 ; elapsed = 00:00:15 . Memory (MB): peak = 1701.750 ; gain = 751.758
---------------------------------------------------------------------------------
Netlist sorting complete. Time (s): cpu = 00:00:03 ; elapsed = 00:00:03 . Memory (MB): peak = 2018.789 ; gain = 15.465
INFO: [Netlist 29-17] Analyzing 13 Unisim elements for replacement
INFO: [Netlist 29-28] Unisim Transformation completed in 0 CPU seconds
INFO: [Project 1-570] Preparing netlist for logic optimization

Processing XDC Constraints
Initializing timing engine
Parsing XDC File [c:/RFC-8439-fpga-implementation/RFC8439_sys/RFC8439_sys.gen/sources_1/bd/design_1/ip/design_1_axi_smc_1/ooc.xdc] for cell 'inst'
Finished Parsing XDC File [c:/RFC-8439-fpga-implementation/RFC8439_sys/RFC8439_sys.gen/sources_1/bd/design_1/ip/design_1_axi_smc_1/ooc.xdc] for cell 'inst'
Parsing XDC File [c:/RFC-8439-fpga-implementation/RFC8439_sys/RFC8439_sys.gen/sources_1/bd/design_1/ip/design_1_axi_smc_1/bd_0/ip/ip_1/bd_6f02_psr_aclk_0_board.xdc] for cell 'inst/clk_map/psr_aclk/U0'
Finished Parsing XDC File [c:/RFC-8439-fpga-implementation/RFC8439_sys/RFC8439_sys.gen/sources_1/bd/design_1/ip/design_1_axi_smc_1/bd_0/ip/ip_1/bd_6f02_psr_aclk_0_board.xdc] for cell 'inst/clk_map/psr_aclk/U0'
Parsing XDC File [c:/RFC-8439-fpga-implementation/RFC8439_sys/RFC8439_sys.gen/sources_1/bd/design_1/ip/design_1_axi_smc_1/bd_0/ip/ip_1/bd_6f02_psr_aclk_0.xdc] for cell 'inst/clk_map/psr_aclk/U0'
Finished Parsing XDC File [c:/RFC-8439-fpga-implementation/RFC8439_sys/RFC8439_sys.gen/sources_1/bd/design_1/ip/design_1_axi_smc_1/bd_0/ip/ip_1/bd_6f02_psr_aclk_0.xdc] for cell 'inst/clk_map/psr_aclk/U0'
INFO: [Project 1-236] Implementation specific constraints were found while reading constraint file [c:/RFC-8439-fpga-implementation/RFC8439_sys/RFC8439_sys.gen/sources_1/bd/design_1/ip/design_1_axi_smc_1/bd_0/ip/ip_1/bd_6f02_psr_aclk_0.xdc]. These constraints will be ignored for synthesis but will be used in implementation. Impacted constraints are listed in the file [.Xil/design_1_axi_smc_1_propImpl.xdc].
Resolution: To avoid this warning, move constraints listed in [.Xil/design_1_axi_smc_1_propImpl.xdc] to another XDC file and exclude this new file from synthesis with the used_in_synthesis property (File Properties dialog in GUI) and re-run elaboration/synthesis.
Parsing XDC File [c:/RFC-8439-fpga-implementation/RFC8439_sys/RFC8439_sys.gen/sources_1/bd/design_1/ip/design_1_axi_smc_1/bd_0/ip/ip_11/bd_6f02_sarn_0_clocks.xdc] for cell 'inst/s00_nodes/s00_ar_node/inst'
Finished Parsing XDC File [c:/RFC-8439-fpga-implementation/RFC8439_sys/RFC8439_sys.gen/sources_1/bd/design_1/ip/design_1_axi_smc_1/bd_0/ip/ip_11/bd_6f02_sarn_0_clocks.xdc] for cell 'inst/s00_nodes/s00_ar_node/inst'
INFO: [Project 1-236] Implementation specific constraints were found while reading constraint file [c:/RFC-8439-fpga-implementation/RFC8439_sys/RFC8439_sys.gen/sources_1/bd/design_1/ip/design_1_axi_smc_1/bd_0/ip/ip_11/bd_6f02_sarn_0_clocks.xdc]. These constraints will be ignored for synthesis but will be used in implementation. Impacted constraints are listed in the file [.Xil/design_1_axi_smc_1_propImpl.xdc].
Resolution: To avoid this warning, move constraints listed in [.Xil/design_1_axi_smc_1_propImpl.xdc] to another XDC file and exclude this new file from synthesis with the used_in_synthesis property (File Properties dialog in GUI) and re-run elaboration/synthesis.
Parsing XDC File [c:/RFC-8439-fpga-implementation/RFC8439_sys/RFC8439_sys.gen/sources_1/bd/design_1/ip/design_1_axi_smc_1/bd_0/ip/ip_12/bd_6f02_srn_0_clocks.xdc] for cell 'inst/s00_nodes/s00_r_node/inst'
Finished Parsing XDC File [c:/RFC-8439-fpga-implementation/RFC8439_sys/RFC8439_sys.gen/sources_1/bd/design_1/ip/design_1_axi_smc_1/bd_0/ip/ip_12/bd_6f02_srn_0_clocks.xdc] for cell 'inst/s00_nodes/s00_r_node/inst'
INFO: [Project 1-236] Implementation specific constraints were found while reading constraint file [c:/RFC-8439-fpga-implementation/RFC8439_sys/RFC8439_sys.gen/sources_1/bd/design_1/ip/design_1_axi_smc_1/bd_0/ip/ip_12/bd_6f02_srn_0_clocks.xdc]. These constraints will be ignored for synthesis but will be used in implementation. Impacted constraints are listed in the file [.Xil/design_1_axi_smc_1_propImpl.xdc].
Resolution: To avoid this warning, move constraints listed in [.Xil/design_1_axi_smc_1_propImpl.xdc] to another XDC file and exclude this new file from synthesis with the used_in_synthesis property (File Properties dialog in GUI) and re-run elaboration/synthesis.
Parsing XDC File [c:/RFC-8439-fpga-implementation/RFC8439_sys/RFC8439_sys.gen/sources_1/bd/design_1/ip/design_1_axi_smc_1/bd_0/ip/ip_13/bd_6f02_sawn_0_clocks.xdc] for cell 'inst/s00_nodes/s00_aw_node/inst'
Finished Parsing XDC File [c:/RFC-8439-fpga-implementation/RFC8439_sys/RFC8439_sys.gen/sources_1/bd/design_1/ip/design_1_axi_smc_1/bd_0/ip/ip_13/bd_6f02_sawn_0_clocks.xdc] for cell 'inst/s00_nodes/s00_aw_node/inst'
INFO: [Project 1-236] Implementation specific constraints were found while reading constraint file [c:/RFC-8439-fpga-implementation/RFC8439_sys/RFC8439_sys.gen/sources_1/bd/design_1/ip/design_1_axi_smc_1/bd_0/ip/ip_13/bd_6f02_sawn_0_clocks.xdc]. These constraints will be ignored for synthesis but will be used in implementation. Impacted constraints are listed in the file [.Xil/design_1_axi_smc_1_propImpl.xdc].
Resolution: To avoid this warning, move constraints listed in [.Xil/design_1_axi_smc_1_propImpl.xdc] to another XDC file and exclude this new file from synthesis with the used_in_synthesis property (File Properties dialog in GUI) and re-run elaboration/synthesis.
Parsing XDC File [c:/RFC-8439-fpga-implementation/RFC8439_sys/RFC8439_sys.gen/sources_1/bd/design_1/ip/design_1_axi_smc_1/bd_0/ip/ip_14/bd_6f02_swn_0_clocks.xdc] for cell 'inst/s00_nodes/s00_w_node/inst'
Finished Parsing XDC File [c:/RFC-8439-fpga-implementation/RFC8439_sys/RFC8439_sys.gen/sources_1/bd/design_1/ip/design_1_axi_smc_1/bd_0/ip/ip_14/bd_6f02_swn_0_clocks.xdc] for cell 'inst/s00_nodes/s00_w_node/inst'
INFO: [Project 1-236] Implementation specific constraints were found while reading constraint file [c:/RFC-8439-fpga-implementation/RFC8439_sys/RFC8439_sys.gen/sources_1/bd/design_1/ip/design_1_axi_smc_1/bd_0/ip/ip_14/bd_6f02_swn_0_clocks.xdc]. These constraints will be ignored for synthesis but will be used in implementation. Impacted constraints are listed in the file [.Xil/design_1_axi_smc_1_propImpl.xdc].
Resolution: To avoid this warning, move constraints listed in [.Xil/design_1_axi_smc_1_propImpl.xdc] to another XDC file and exclude this new file from synthesis with the used_in_synthesis property (File Properties dialog in GUI) and re-run elaboration/synthesis.
Parsing XDC File [c:/RFC-8439-fpga-implementation/RFC8439_sys/RFC8439_sys.gen/sources_1/bd/design_1/ip/design_1_axi_smc_1/bd_0/ip/ip_15/bd_6f02_sbn_0_clocks.xdc] for cell 'inst/s00_nodes/s00_b_node/inst'
Finished Parsing XDC File [c:/RFC-8439-fpga-implementation/RFC8439_sys/RFC8439_sys.gen/sources_1/bd/design_1/ip/design_1_axi_smc_1/bd_0/ip/ip_15/bd_6f02_sbn_0_clocks.xdc] for cell 'inst/s00_nodes/s00_b_node/inst'
INFO: [Project 1-236] Implementation specific constraints were found while reading constraint file [c:/RFC-8439-fpga-implementation/RFC8439_sys/RFC8439_sys.gen/sources_1/bd/design_1/ip/design_1_axi_smc_1/bd_0/ip/ip_15/bd_6f02_sbn_0_clocks.xdc]. These constraints will be ignored for synthesis but will be used in implementation. Impacted constraints are listed in the file [.Xil/design_1_axi_smc_1_propImpl.xdc].
Resolution: To avoid this warning, move constraints listed in [.Xil/design_1_axi_smc_1_propImpl.xdc] to another XDC file and exclude this new file from synthesis with the used_in_synthesis property (File Properties dialog in GUI) and re-run elaboration/synthesis.
Parsing XDC File [c:/RFC-8439-fpga-implementation/RFC8439_sys/RFC8439_sys.gen/sources_1/bd/design_1/ip/design_1_axi_smc_1/bd_0/ip/ip_17/bd_6f02_m00arn_0_clocks.xdc] for cell 'inst/m00_nodes/m00_ar_node/inst'
Finished Parsing XDC File [c:/RFC-8439-fpga-implementation/RFC8439_sys/RFC8439_sys.gen/sources_1/bd/design_1/ip/design_1_axi_smc_1/bd_0/ip/ip_17/bd_6f02_m00arn_0_clocks.xdc] for cell 'inst/m00_nodes/m00_ar_node/inst'
INFO: [Project 1-236] Implementation specific constraints were found while reading constraint file [c:/RFC-8439-fpga-implementation/RFC8439_sys/RFC8439_sys.gen/sources_1/bd/design_1/ip/design_1_axi_smc_1/bd_0/ip/ip_17/bd_6f02_m00arn_0_clocks.xdc]. These constraints will be ignored for synthesis but will be used in implementation. Impacted constraints are listed in the file [.Xil/design_1_axi_smc_1_propImpl.xdc].
Resolution: To avoid this warning, move constraints listed in [.Xil/design_1_axi_smc_1_propImpl.xdc] to another XDC file and exclude this new file from synthesis with the used_in_synthesis property (File Properties dialog in GUI) and re-run elaboration/synthesis.
Parsing XDC File [c:/RFC-8439-fpga-implementation/RFC8439_sys/RFC8439_sys.gen/sources_1/bd/design_1/ip/design_1_axi_smc_1/bd_0/ip/ip_18/bd_6f02_m00rn_0_clocks.xdc] for cell 'inst/m00_nodes/m00_r_node/inst'
Finished Parsing XDC File [c:/RFC-8439-fpga-implementation/RFC8439_sys/RFC8439_sys.gen/sources_1/bd/design_1/ip/design_1_axi_smc_1/bd_0/ip/ip_18/bd_6f02_m00rn_0_clocks.xdc] for cell 'inst/m00_nodes/m00_r_node/inst'
INFO: [Project 1-236] Implementation specific constraints were found while reading constraint file [c:/RFC-8439-fpga-implementation/RFC8439_sys/RFC8439_sys.gen/sources_1/bd/design_1/ip/design_1_axi_smc_1/bd_0/ip/ip_18/bd_6f02_m00rn_0_clocks.xdc]. These constraints will be ignored for synthesis but will be used in implementation. Impacted constraints are listed in the file [.Xil/design_1_axi_smc_1_propImpl.xdc].
Resolution: To avoid this warning, move constraints listed in [.Xil/design_1_axi_smc_1_propImpl.xdc] to another XDC file and exclude this new file from synthesis with the used_in_synthesis property (File Properties dialog in GUI) and re-run elaboration/synthesis.
Parsing XDC File [c:/RFC-8439-fpga-implementation/RFC8439_sys/RFC8439_sys.gen/sources_1/bd/design_1/ip/design_1_axi_smc_1/bd_0/ip/ip_19/bd_6f02_m00awn_0_clocks.xdc] for cell 'inst/m00_nodes/m00_aw_node/inst'
Finished Parsing XDC File [c:/RFC-8439-fpga-implementation/RFC8439_sys/RFC8439_sys.gen/sources_1/bd/design_1/ip/design_1_axi_smc_1/bd_0/ip/ip_19/bd_6f02_m00awn_0_clocks.xdc] for cell 'inst/m00_nodes/m00_aw_node/inst'
INFO: [Project 1-236] Implementation specific constraints were found while reading constraint file [c:/RFC-8439-fpga-implementation/RFC8439_sys/RFC8439_sys.gen/sources_1/bd/design_1/ip/design_1_axi_smc_1/bd_0/ip/ip_19/bd_6f02_m00awn_0_clocks.xdc]. These constraints will be ignored for synthesis but will be used in implementation. Impacted constraints are listed in the file [.Xil/design_1_axi_smc_1_propImpl.xdc].
Resolution: To avoid this warning, move constraints listed in [.Xil/design_1_axi_smc_1_propImpl.xdc] to another XDC file and exclude this new file from synthesis with the used_in_synthesis property (File Properties dialog in GUI) and re-run elaboration/synthesis.
Parsing XDC File [c:/RFC-8439-fpga-implementation/RFC8439_sys/RFC8439_sys.gen/sources_1/bd/design_1/ip/design_1_axi_smc_1/bd_0/ip/ip_20/bd_6f02_m00wn_0_clocks.xdc] for cell 'inst/m00_nodes/m00_w_node/inst'
Finished Parsing XDC File [c:/RFC-8439-fpga-implementation/RFC8439_sys/RFC8439_sys.gen/sources_1/bd/design_1/ip/design_1_axi_smc_1/bd_0/ip/ip_20/bd_6f02_m00wn_0_clocks.xdc] for cell 'inst/m00_nodes/m00_w_node/inst'
INFO: [Project 1-236] Implementation specific constraints were found while reading constraint file [c:/RFC-8439-fpga-implementation/RFC8439_sys/RFC8439_sys.gen/sources_1/bd/design_1/ip/design_1_axi_smc_1/bd_0/ip/ip_20/bd_6f02_m00wn_0_clocks.xdc]. These constraints will be ignored for synthesis but will be used in implementation. Impacted constraints are listed in the file [.Xil/design_1_axi_smc_1_propImpl.xdc].
Resolution: To avoid this warning, move constraints listed in [.Xil/design_1_axi_smc_1_propImpl.xdc] to another XDC file and exclude this new file from synthesis with the used_in_synthesis property (File Properties dialog in GUI) and re-run elaboration/synthesis.
Parsing XDC File [c:/RFC-8439-fpga-implementation/RFC8439_sys/RFC8439_sys.gen/sources_1/bd/design_1/ip/design_1_axi_smc_1/bd_0/ip/ip_21/bd_6f02_m00bn_0_clocks.xdc] for cell 'inst/m00_nodes/m00_b_node/inst'
Finished Parsing XDC File [c:/RFC-8439-fpga-implementation/RFC8439_sys/RFC8439_sys.gen/sources_1/bd/design_1/ip/design_1_axi_smc_1/bd_0/ip/ip_21/bd_6f02_m00bn_0_clocks.xdc] for cell 'inst/m00_nodes/m00_b_node/inst'
INFO: [Project 1-236] Implementation specific constraints were found while reading constraint file [c:/RFC-8439-fpga-implementation/RFC8439_sys/RFC8439_sys.gen/sources_1/bd/design_1/ip/design_1_axi_smc_1/bd_0/ip/ip_21/bd_6f02_m00bn_0_clocks.xdc]. These constraints will be ignored for synthesis but will be used in implementation. Impacted constraints are listed in the file [.Xil/design_1_axi_smc_1_propImpl.xdc].
Resolution: To avoid this warning, move constraints listed in [.Xil/design_1_axi_smc_1_propImpl.xdc] to another XDC file and exclude this new file from synthesis with the used_in_synthesis property (File Properties dialog in GUI) and re-run elaboration/synthesis.
Parsing XDC File [c:/RFC-8439-fpga-implementation/RFC8439_sys/RFC8439_sys.gen/sources_1/bd/design_1/ip/design_1_axi_smc_1/bd_0/ip/ip_24/bd_6f02_m01arn_0_clocks.xdc] for cell 'inst/m01_nodes/m01_ar_node/inst'
Finished Parsing XDC File [c:/RFC-8439-fpga-implementation/RFC8439_sys/RFC8439_sys.gen/sources_1/bd/design_1/ip/design_1_axi_smc_1/bd_0/ip/ip_24/bd_6f02_m01arn_0_clocks.xdc] for cell 'inst/m01_nodes/m01_ar_node/inst'
INFO: [Project 1-236] Implementation specific constraints were found while reading constraint file [c:/RFC-8439-fpga-implementation/RFC8439_sys/RFC8439_sys.gen/sources_1/bd/design_1/ip/design_1_axi_smc_1/bd_0/ip/ip_24/bd_6f02_m01arn_0_clocks.xdc]. These constraints will be ignored for synthesis but will be used in implementation. Impacted constraints are listed in the file [.Xil/design_1_axi_smc_1_propImpl.xdc].
Resolution: To avoid this warning, move constraints listed in [.Xil/design_1_axi_smc_1_propImpl.xdc] to another XDC file and exclude this new file from synthesis with the used_in_synthesis property (File Properties dialog in GUI) and re-run elaboration/synthesis.
Parsing XDC File [c:/RFC-8439-fpga-implementation/RFC8439_sys/RFC8439_sys.gen/sources_1/bd/design_1/ip/design_1_axi_smc_1/bd_0/ip/ip_25/bd_6f02_m01rn_0_clocks.xdc] for cell 'inst/m01_nodes/m01_r_node/inst'
Finished Parsing XDC File [c:/RFC-8439-fpga-implementation/RFC8439_sys/RFC8439_sys.gen/sources_1/bd/design_1/ip/design_1_axi_smc_1/bd_0/ip/ip_25/bd_6f02_m01rn_0_clocks.xdc] for cell 'inst/m01_nodes/m01_r_node/inst'
INFO: [Project 1-236] Implementation specific constraints were found while reading constraint file [c:/RFC-8439-fpga-implementation/RFC8439_sys/RFC8439_sys.gen/sources_1/bd/design_1/ip/design_1_axi_smc_1/bd_0/ip/ip_25/bd_6f02_m01rn_0_clocks.xdc]. These constraints will be ignored for synthesis but will be used in implementation. Impacted constraints are listed in the file [.Xil/design_1_axi_smc_1_propImpl.xdc].
Resolution: To avoid this warning, move constraints listed in [.Xil/design_1_axi_smc_1_propImpl.xdc] to another XDC file and exclude this new file from synthesis with the used_in_synthesis property (File Properties dialog in GUI) and re-run elaboration/synthesis.
Parsing XDC File [c:/RFC-8439-fpga-implementation/RFC8439_sys/RFC8439_sys.gen/sources_1/bd/design_1/ip/design_1_axi_smc_1/bd_0/ip/ip_26/bd_6f02_m01awn_0_clocks.xdc] for cell 'inst/m01_nodes/m01_aw_node/inst'
Finished Parsing XDC File [c:/RFC-8439-fpga-implementation/RFC8439_sys/RFC8439_sys.gen/sources_1/bd/design_1/ip/design_1_axi_smc_1/bd_0/ip/ip_26/bd_6f02_m01awn_0_clocks.xdc] for cell 'inst/m01_nodes/m01_aw_node/inst'
INFO: [Project 1-236] Implementation specific constraints were found while reading constraint file [c:/RFC-8439-fpga-implementation/RFC8439_sys/RFC8439_sys.gen/sources_1/bd/design_1/ip/design_1_axi_smc_1/bd_0/ip/ip_26/bd_6f02_m01awn_0_clocks.xdc]. These constraints will be ignored for synthesis but will be used in implementation. Impacted constraints are listed in the file [.Xil/design_1_axi_smc_1_propImpl.xdc].
Resolution: To avoid this warning, move constraints listed in [.Xil/design_1_axi_smc_1_propImpl.xdc] to another XDC file and exclude this new file from synthesis with the used_in_synthesis property (File Properties dialog in GUI) and re-run elaboration/synthesis.
Parsing XDC File [c:/RFC-8439-fpga-implementation/RFC8439_sys/RFC8439_sys.gen/sources_1/bd/design_1/ip/design_1_axi_smc_1/bd_0/ip/ip_27/bd_6f02_m01wn_0_clocks.xdc] for cell 'inst/m01_nodes/m01_w_node/inst'
Finished Parsing XDC File [c:/RFC-8439-fpga-implementation/RFC8439_sys/RFC8439_sys.gen/sources_1/bd/design_1/ip/design_1_axi_smc_1/bd_0/ip/ip_27/bd_6f02_m01wn_0_clocks.xdc] for cell 'inst/m01_nodes/m01_w_node/inst'
INFO: [Project 1-236] Implementation specific constraints were found while reading constraint file [c:/RFC-8439-fpga-implementation/RFC8439_sys/RFC8439_sys.gen/sources_1/bd/design_1/ip/design_1_axi_smc_1/bd_0/ip/ip_27/bd_6f02_m01wn_0_clocks.xdc]. These constraints will be ignored for synthesis but will be used in implementation. Impacted constraints are listed in the file [.Xil/design_1_axi_smc_1_propImpl.xdc].
Resolution: To avoid this warning, move constraints listed in [.Xil/design_1_axi_smc_1_propImpl.xdc] to another XDC file and exclude this new file from synthesis with the used_in_synthesis property (File Properties dialog in GUI) and re-run elaboration/synthesis.
Parsing XDC File [c:/RFC-8439-fpga-implementation/RFC8439_sys/RFC8439_sys.gen/sources_1/bd/design_1/ip/design_1_axi_smc_1/bd_0/ip/ip_28/bd_6f02_m01bn_0_clocks.xdc] for cell 'inst/m01_nodes/m01_b_node/inst'
Finished Parsing XDC File [c:/RFC-8439-fpga-implementation/RFC8439_sys/RFC8439_sys.gen/sources_1/bd/design_1/ip/design_1_axi_smc_1/bd_0/ip/ip_28/bd_6f02_m01bn_0_clocks.xdc] for cell 'inst/m01_nodes/m01_b_node/inst'
INFO: [Project 1-236] Implementation specific constraints were found while reading constraint file [c:/RFC-8439-fpga-implementation/RFC8439_sys/RFC8439_sys.gen/sources_1/bd/design_1/ip/design_1_axi_smc_1/bd_0/ip/ip_28/bd_6f02_m01bn_0_clocks.xdc]. These constraints will be ignored for synthesis but will be used in implementation. Impacted constraints are listed in the file [.Xil/design_1_axi_smc_1_propImpl.xdc].
Resolution: To avoid this warning, move constraints listed in [.Xil/design_1_axi_smc_1_propImpl.xdc] to another XDC file and exclude this new file from synthesis with the used_in_synthesis property (File Properties dialog in GUI) and re-run elaboration/synthesis.
Parsing XDC File [c:/RFC-8439-fpga-implementation/RFC8439_sys/RFC8439_sys.gen/sources_1/bd/design_1/ip/design_1_axi_smc_1/bd_0/ip/ip_31/bd_6f02_m02arn_0_clocks.xdc] for cell 'inst/m02_nodes/m02_ar_node/inst'
Finished Parsing XDC File [c:/RFC-8439-fpga-implementation/RFC8439_sys/RFC8439_sys.gen/sources_1/bd/design_1/ip/design_1_axi_smc_1/bd_0/ip/ip_31/bd_6f02_m02arn_0_clocks.xdc] for cell 'inst/m02_nodes/m02_ar_node/inst'
INFO: [Project 1-236] Implementation specific constraints were found while reading constraint file [c:/RFC-8439-fpga-implementation/RFC8439_sys/RFC8439_sys.gen/sources_1/bd/design_1/ip/design_1_axi_smc_1/bd_0/ip/ip_31/bd_6f02_m02arn_0_clocks.xdc]. These constraints will be ignored for synthesis but will be used in implementation. Impacted constraints are listed in the file [.Xil/design_1_axi_smc_1_propImpl.xdc].
Resolution: To avoid this warning, move constraints listed in [.Xil/design_1_axi_smc_1_propImpl.xdc] to another XDC file and exclude this new file from synthesis with the used_in_synthesis property (File Properties dialog in GUI) and re-run elaboration/synthesis.
Parsing XDC File [c:/RFC-8439-fpga-implementation/RFC8439_sys/RFC8439_sys.gen/sources_1/bd/design_1/ip/design_1_axi_smc_1/bd_0/ip/ip_32/bd_6f02_m02rn_0_clocks.xdc] for cell 'inst/m02_nodes/m02_r_node/inst'
Finished Parsing XDC File [c:/RFC-8439-fpga-implementation/RFC8439_sys/RFC8439_sys.gen/sources_1/bd/design_1/ip/design_1_axi_smc_1/bd_0/ip/ip_32/bd_6f02_m02rn_0_clocks.xdc] for cell 'inst/m02_nodes/m02_r_node/inst'
INFO: [Project 1-236] Implementation specific constraints were found while reading constraint file [c:/RFC-8439-fpga-implementation/RFC8439_sys/RFC8439_sys.gen/sources_1/bd/design_1/ip/design_1_axi_smc_1/bd_0/ip/ip_32/bd_6f02_m02rn_0_clocks.xdc]. These constraints will be ignored for synthesis but will be used in implementation. Impacted constraints are listed in the file [.Xil/design_1_axi_smc_1_propImpl.xdc].
Resolution: To avoid this warning, move constraints listed in [.Xil/design_1_axi_smc_1_propImpl.xdc] to another XDC file and exclude this new file from synthesis with the used_in_synthesis property (File Properties dialog in GUI) and re-run elaboration/synthesis.
Parsing XDC File [c:/RFC-8439-fpga-implementation/RFC8439_sys/RFC8439_sys.gen/sources_1/bd/design_1/ip/design_1_axi_smc_1/bd_0/ip/ip_33/bd_6f02_m02awn_0_clocks.xdc] for cell 'inst/m02_nodes/m02_aw_node/inst'
Finished Parsing XDC File [c:/RFC-8439-fpga-implementation/RFC8439_sys/RFC8439_sys.gen/sources_1/bd/design_1/ip/design_1_axi_smc_1/bd_0/ip/ip_33/bd_6f02_m02awn_0_clocks.xdc] for cell 'inst/m02_nodes/m02_aw_node/inst'
INFO: [Project 1-236] Implementation specific constraints were found while reading constraint file [c:/RFC-8439-fpga-implementation/RFC8439_sys/RFC8439_sys.gen/sources_1/bd/design_1/ip/design_1_axi_smc_1/bd_0/ip/ip_33/bd_6f02_m02awn_0_clocks.xdc]. These constraints will be ignored for synthesis but will be used in implementation. Impacted constraints are listed in the file [.Xil/design_1_axi_smc_1_propImpl.xdc].
Resolution: To avoid this warning, move constraints listed in [.Xil/design_1_axi_smc_1_propImpl.xdc] to another XDC file and exclude this new file from synthesis with the used_in_synthesis property (File Properties dialog in GUI) and re-run elaboration/synthesis.
Parsing XDC File [c:/RFC-8439-fpga-implementation/RFC8439_sys/RFC8439_sys.gen/sources_1/bd/design_1/ip/design_1_axi_smc_1/bd_0/ip/ip_34/bd_6f02_m02wn_0_clocks.xdc] for cell 'inst/m02_nodes/m02_w_node/inst'
Finished Parsing XDC File [c:/RFC-8439-fpga-implementation/RFC8439_sys/RFC8439_sys.gen/sources_1/bd/design_1/ip/design_1_axi_smc_1/bd_0/ip/ip_34/bd_6f02_m02wn_0_clocks.xdc] for cell 'inst/m02_nodes/m02_w_node/inst'
INFO: [Project 1-236] Implementation specific constraints were found while reading constraint file [c:/RFC-8439-fpga-implementation/RFC8439_sys/RFC8439_sys.gen/sources_1/bd/design_1/ip/design_1_axi_smc_1/bd_0/ip/ip_34/bd_6f02_m02wn_0_clocks.xdc]. These constraints will be ignored for synthesis but will be used in implementation. Impacted constraints are listed in the file [.Xil/design_1_axi_smc_1_propImpl.xdc].
Resolution: To avoid this warning, move constraints listed in [.Xil/design_1_axi_smc_1_propImpl.xdc] to another XDC file and exclude this new file from synthesis with the used_in_synthesis property (File Properties dialog in GUI) and re-run elaboration/synthesis.
Parsing XDC File [c:/RFC-8439-fpga-implementation/RFC8439_sys/RFC8439_sys.gen/sources_1/bd/design_1/ip/design_1_axi_smc_1/bd_0/ip/ip_35/bd_6f02_m02bn_0_clocks.xdc] for cell 'inst/m02_nodes/m02_b_node/inst'
Finished Parsing XDC File [c:/RFC-8439-fpga-implementation/RFC8439_sys/RFC8439_sys.gen/sources_1/bd/design_1/ip/design_1_axi_smc_1/bd_0/ip/ip_35/bd_6f02_m02bn_0_clocks.xdc] for cell 'inst/m02_nodes/m02_b_node/inst'
INFO: [Project 1-236] Implementation specific constraints were found while reading constraint file [c:/RFC-8439-fpga-implementation/RFC8439_sys/RFC8439_sys.gen/sources_1/bd/design_1/ip/design_1_axi_smc_1/bd_0/ip/ip_35/bd_6f02_m02bn_0_clocks.xdc]. These constraints will be ignored for synthesis but will be used in implementation. Impacted constraints are listed in the file [.Xil/design_1_axi_smc_1_propImpl.xdc].
Resolution: To avoid this warning, move constraints listed in [.Xil/design_1_axi_smc_1_propImpl.xdc] to another XDC file and exclude this new file from synthesis with the used_in_synthesis property (File Properties dialog in GUI) and re-run elaboration/synthesis.
Parsing XDC File [c:/RFC-8439-fpga-implementation/RFC8439_sys/RFC8439_sys.gen/sources_1/bd/design_1/ip/design_1_axi_smc_1/bd_0/ip/ip_38/bd_6f02_m03arn_0_clocks.xdc] for cell 'inst/m03_nodes/m03_ar_node/inst'
Finished Parsing XDC File [c:/RFC-8439-fpga-implementation/RFC8439_sys/RFC8439_sys.gen/sources_1/bd/design_1/ip/design_1_axi_smc_1/bd_0/ip/ip_38/bd_6f02_m03arn_0_clocks.xdc] for cell 'inst/m03_nodes/m03_ar_node/inst'
INFO: [Project 1-236] Implementation specific constraints were found while reading constraint file [c:/RFC-8439-fpga-implementation/RFC8439_sys/RFC8439_sys.gen/sources_1/bd/design_1/ip/design_1_axi_smc_1/bd_0/ip/ip_38/bd_6f02_m03arn_0_clocks.xdc]. These constraints will be ignored for synthesis but will be used in implementation. Impacted constraints are listed in the file [.Xil/design_1_axi_smc_1_propImpl.xdc].
Resolution: To avoid this warning, move constraints listed in [.Xil/design_1_axi_smc_1_propImpl.xdc] to another XDC file and exclude this new file from synthesis with the used_in_synthesis property (File Properties dialog in GUI) and re-run elaboration/synthesis.
Parsing XDC File [c:/RFC-8439-fpga-implementation/RFC8439_sys/RFC8439_sys.gen/sources_1/bd/design_1/ip/design_1_axi_smc_1/bd_0/ip/ip_39/bd_6f02_m03rn_0_clocks.xdc] for cell 'inst/m03_nodes/m03_r_node/inst'
Finished Parsing XDC File [c:/RFC-8439-fpga-implementation/RFC8439_sys/RFC8439_sys.gen/sources_1/bd/design_1/ip/design_1_axi_smc_1/bd_0/ip/ip_39/bd_6f02_m03rn_0_clocks.xdc] for cell 'inst/m03_nodes/m03_r_node/inst'
INFO: [Project 1-236] Implementation specific constraints were found while reading constraint file [c:/RFC-8439-fpga-implementation/RFC8439_sys/RFC8439_sys.gen/sources_1/bd/design_1/ip/design_1_axi_smc_1/bd_0/ip/ip_39/bd_6f02_m03rn_0_clocks.xdc]. These constraints will be ignored for synthesis but will be used in implementation. Impacted constraints are listed in the file [.Xil/design_1_axi_smc_1_propImpl.xdc].
Resolution: To avoid this warning, move constraints listed in [.Xil/design_1_axi_smc_1_propImpl.xdc] to another XDC file and exclude this new file from synthesis with the used_in_synthesis property (File Properties dialog in GUI) and re-run elaboration/synthesis.
Parsing XDC File [c:/RFC-8439-fpga-implementation/RFC8439_sys/RFC8439_sys.gen/sources_1/bd/design_1/ip/design_1_axi_smc_1/bd_0/ip/ip_40/bd_6f02_m03awn_0_clocks.xdc] for cell 'inst/m03_nodes/m03_aw_node/inst'
Finished Parsing XDC File [c:/RFC-8439-fpga-implementation/RFC8439_sys/RFC8439_sys.gen/sources_1/bd/design_1/ip/design_1_axi_smc_1/bd_0/ip/ip_40/bd_6f02_m03awn_0_clocks.xdc] for cell 'inst/m03_nodes/m03_aw_node/inst'
INFO: [Project 1-236] Implementation specific constraints were found while reading constraint file [c:/RFC-8439-fpga-implementation/RFC8439_sys/RFC8439_sys.gen/sources_1/bd/design_1/ip/design_1_axi_smc_1/bd_0/ip/ip_40/bd_6f02_m03awn_0_clocks.xdc]. These constraints will be ignored for synthesis but will be used in implementation. Impacted constraints are listed in the file [.Xil/design_1_axi_smc_1_propImpl.xdc].
Resolution: To avoid this warning, move constraints listed in [.Xil/design_1_axi_smc_1_propImpl.xdc] to another XDC file and exclude this new file from synthesis with the used_in_synthesis property (File Properties dialog in GUI) and re-run elaboration/synthesis.
Parsing XDC File [c:/RFC-8439-fpga-implementation/RFC8439_sys/RFC8439_sys.gen/sources_1/bd/design_1/ip/design_1_axi_smc_1/bd_0/ip/ip_41/bd_6f02_m03wn_0_clocks.xdc] for cell 'inst/m03_nodes/m03_w_node/inst'
Finished Parsing XDC File [c:/RFC-8439-fpga-implementation/RFC8439_sys/RFC8439_sys.gen/sources_1/bd/design_1/ip/design_1_axi_smc_1/bd_0/ip/ip_41/bd_6f02_m03wn_0_clocks.xdc] for cell 'inst/m03_nodes/m03_w_node/inst'
INFO: [Project 1-236] Implementation specific constraints were found while reading constraint file [c:/RFC-8439-fpga-implementation/RFC8439_sys/RFC8439_sys.gen/sources_1/bd/design_1/ip/design_1_axi_smc_1/bd_0/ip/ip_41/bd_6f02_m03wn_0_clocks.xdc]. These constraints will be ignored for synthesis but will be used in implementation. Impacted constraints are listed in the file [.Xil/design_1_axi_smc_1_propImpl.xdc].
Resolution: To avoid this warning, move constraints listed in [.Xil/design_1_axi_smc_1_propImpl.xdc] to another XDC file and exclude this new file from synthesis with the used_in_synthesis property (File Properties dialog in GUI) and re-run elaboration/synthesis.
Parsing XDC File [c:/RFC-8439-fpga-implementation/RFC8439_sys/RFC8439_sys.gen/sources_1/bd/design_1/ip/design_1_axi_smc_1/bd_0/ip/ip_42/bd_6f02_m03bn_0_clocks.xdc] for cell 'inst/m03_nodes/m03_b_node/inst'
Finished Parsing XDC File [c:/RFC-8439-fpga-implementation/RFC8439_sys/RFC8439_sys.gen/sources_1/bd/design_1/ip/design_1_axi_smc_1/bd_0/ip/ip_42/bd_6f02_m03bn_0_clocks.xdc] for cell 'inst/m03_nodes/m03_b_node/inst'
INFO: [Project 1-236] Implementation specific constraints were found while reading constraint file [c:/RFC-8439-fpga-implementation/RFC8439_sys/RFC8439_sys.gen/sources_1/bd/design_1/ip/design_1_axi_smc_1/bd_0/ip/ip_42/bd_6f02_m03bn_0_clocks.xdc]. These constraints will be ignored for synthesis but will be used in implementation. Impacted constraints are listed in the file [.Xil/design_1_axi_smc_1_propImpl.xdc].
Resolution: To avoid this warning, move constraints listed in [.Xil/design_1_axi_smc_1_propImpl.xdc] to another XDC file and exclude this new file from synthesis with the used_in_synthesis property (File Properties dialog in GUI) and re-run elaboration/synthesis.
Parsing XDC File [c:/RFC-8439-fpga-implementation/RFC8439_sys/RFC8439_sys.gen/sources_1/bd/design_1/ip/design_1_axi_smc_1/bd_0/ip/ip_45/bd_6f02_m04arn_0_clocks.xdc] for cell 'inst/m04_nodes/m04_ar_node/inst'
Finished Parsing XDC File [c:/RFC-8439-fpga-implementation/RFC8439_sys/RFC8439_sys.gen/sources_1/bd/design_1/ip/design_1_axi_smc_1/bd_0/ip/ip_45/bd_6f02_m04arn_0_clocks.xdc] for cell 'inst/m04_nodes/m04_ar_node/inst'
INFO: [Project 1-236] Implementation specific constraints were found while reading constraint file [c:/RFC-8439-fpga-implementation/RFC8439_sys/RFC8439_sys.gen/sources_1/bd/design_1/ip/design_1_axi_smc_1/bd_0/ip/ip_45/bd_6f02_m04arn_0_clocks.xdc]. These constraints will be ignored for synthesis but will be used in implementation. Impacted constraints are listed in the file [.Xil/design_1_axi_smc_1_propImpl.xdc].
Resolution: To avoid this warning, move constraints listed in [.Xil/design_1_axi_smc_1_propImpl.xdc] to another XDC file and exclude this new file from synthesis with the used_in_synthesis property (File Properties dialog in GUI) and re-run elaboration/synthesis.
Parsing XDC File [c:/RFC-8439-fpga-implementation/RFC8439_sys/RFC8439_sys.gen/sources_1/bd/design_1/ip/design_1_axi_smc_1/bd_0/ip/ip_46/bd_6f02_m04rn_0_clocks.xdc] for cell 'inst/m04_nodes/m04_r_node/inst'
Finished Parsing XDC File [c:/RFC-8439-fpga-implementation/RFC8439_sys/RFC8439_sys.gen/sources_1/bd/design_1/ip/design_1_axi_smc_1/bd_0/ip/ip_46/bd_6f02_m04rn_0_clocks.xdc] for cell 'inst/m04_nodes/m04_r_node/inst'
INFO: [Project 1-236] Implementation specific constraints were found while reading constraint file [c:/RFC-8439-fpga-implementation/RFC8439_sys/RFC8439_sys.gen/sources_1/bd/design_1/ip/design_1_axi_smc_1/bd_0/ip/ip_46/bd_6f02_m04rn_0_clocks.xdc]. These constraints will be ignored for synthesis but will be used in implementation. Impacted constraints are listed in the file [.Xil/design_1_axi_smc_1_propImpl.xdc].
Resolution: To avoid this warning, move constraints listed in [.Xil/design_1_axi_smc_1_propImpl.xdc] to another XDC file and exclude this new file from synthesis with the used_in_synthesis property (File Properties dialog in GUI) and re-run elaboration/synthesis.
Parsing XDC File [c:/RFC-8439-fpga-implementation/RFC8439_sys/RFC8439_sys.gen/sources_1/bd/design_1/ip/design_1_axi_smc_1/bd_0/ip/ip_47/bd_6f02_m04awn_0_clocks.xdc] for cell 'inst/m04_nodes/m04_aw_node/inst'
Finished Parsing XDC File [c:/RFC-8439-fpga-implementation/RFC8439_sys/RFC8439_sys.gen/sources_1/bd/design_1/ip/design_1_axi_smc_1/bd_0/ip/ip_47/bd_6f02_m04awn_0_clocks.xdc] for cell 'inst/m04_nodes/m04_aw_node/inst'
INFO: [Project 1-236] Implementation specific constraints were found while reading constraint file [c:/RFC-8439-fpga-implementation/RFC8439_sys/RFC8439_sys.gen/sources_1/bd/design_1/ip/design_1_axi_smc_1/bd_0/ip/ip_47/bd_6f02_m04awn_0_clocks.xdc]. These constraints will be ignored for synthesis but will be used in implementation. Impacted constraints are listed in the file [.Xil/design_1_axi_smc_1_propImpl.xdc].
Resolution: To avoid this warning, move constraints listed in [.Xil/design_1_axi_smc_1_propImpl.xdc] to another XDC file and exclude this new file from synthesis with the used_in_synthesis property (File Properties dialog in GUI) and re-run elaboration/synthesis.
Parsing XDC File [c:/RFC-8439-fpga-implementation/RFC8439_sys/RFC8439_sys.gen/sources_1/bd/design_1/ip/design_1_axi_smc_1/bd_0/ip/ip_48/bd_6f02_m04wn_0_clocks.xdc] for cell 'inst/m04_nodes/m04_w_node/inst'
Finished Parsing XDC File [c:/RFC-8439-fpga-implementation/RFC8439_sys/RFC8439_sys.gen/sources_1/bd/design_1/ip/design_1_axi_smc_1/bd_0/ip/ip_48/bd_6f02_m04wn_0_clocks.xdc] for cell 'inst/m04_nodes/m04_w_node/inst'
INFO: [Project 1-236] Implementation specific constraints were found while reading constraint file [c:/RFC-8439-fpga-implementation/RFC8439_sys/RFC8439_sys.gen/sources_1/bd/design_1/ip/design_1_axi_smc_1/bd_0/ip/ip_48/bd_6f02_m04wn_0_clocks.xdc]. These constraints will be ignored for synthesis but will be used in implementation. Impacted constraints are listed in the file [.Xil/design_1_axi_smc_1_propImpl.xdc].
Resolution: To avoid this warning, move constraints listed in [.Xil/design_1_axi_smc_1_propImpl.xdc] to another XDC file and exclude this new file from synthesis with the used_in_synthesis property (File Properties dialog in GUI) and re-run elaboration/synthesis.
Parsing XDC File [c:/RFC-8439-fpga-implementation/RFC8439_sys/RFC8439_sys.gen/sources_1/bd/design_1/ip/design_1_axi_smc_1/bd_0/ip/ip_49/bd_6f02_m04bn_0_clocks.xdc] for cell 'inst/m04_nodes/m04_b_node/inst'
Finished Parsing XDC File [c:/RFC-8439-fpga-implementation/RFC8439_sys/RFC8439_sys.gen/sources_1/bd/design_1/ip/design_1_axi_smc_1/bd_0/ip/ip_49/bd_6f02_m04bn_0_clocks.xdc] for cell 'inst/m04_nodes/m04_b_node/inst'
INFO: [Project 1-236] Implementation specific constraints were found while reading constraint file [c:/RFC-8439-fpga-implementation/RFC8439_sys/RFC8439_sys.gen/sources_1/bd/design_1/ip/design_1_axi_smc_1/bd_0/ip/ip_49/bd_6f02_m04bn_0_clocks.xdc]. These constraints will be ignored for synthesis but will be used in implementation. Impacted constraints are listed in the file [.Xil/design_1_axi_smc_1_propImpl.xdc].
Resolution: To avoid this warning, move constraints listed in [.Xil/design_1_axi_smc_1_propImpl.xdc] to another XDC file and exclude this new file from synthesis with the used_in_synthesis property (File Properties dialog in GUI) and re-run elaboration/synthesis.
Parsing XDC File [c:/RFC-8439-fpga-implementation/RFC8439_sys/RFC8439_sys.gen/sources_1/bd/design_1/ip/design_1_axi_smc_1/smartconnect.xdc] for cell 'inst'
Finished Parsing XDC File [c:/RFC-8439-fpga-implementation/RFC8439_sys/RFC8439_sys.gen/sources_1/bd/design_1/ip/design_1_axi_smc_1/smartconnect.xdc] for cell 'inst'
INFO: [Project 1-236] Implementation specific constraints were found while reading constraint file [c:/RFC-8439-fpga-implementation/RFC8439_sys/RFC8439_sys.gen/sources_1/bd/design_1/ip/design_1_axi_smc_1/smartconnect.xdc]. These constraints will be ignored for synthesis but will be used in implementation. Impacted constraints are listed in the file [.Xil/design_1_axi_smc_1_propImpl.xdc].
Resolution: To avoid this warning, move constraints listed in [.Xil/design_1_axi_smc_1_propImpl.xdc] to another XDC file and exclude this new file from synthesis with the used_in_synthesis property (File Properties dialog in GUI) and re-run elaboration/synthesis.
Parsing XDC File [C:/RFC-8439-fpga-implementation/RFC8439_sys/RFC8439_sys.runs/design_1_axi_smc_1_synth_1/dont_touch.xdc]
Finished Parsing XDC File [C:/RFC-8439-fpga-implementation/RFC8439_sys/RFC8439_sys.runs/design_1_axi_smc_1_synth_1/dont_touch.xdc]
INFO: [Project 1-236] Implementation specific constraints were found while reading constraint file [C:/Xilinx/Vivado/2023.2/data/ip/xpm/xpm_memory/tcl/xpm_memory_xdc.tcl]. These constraints will be ignored for synthesis but will be used in implementation. Impacted constraints are listed in the file [.Xil/design_1_axi_smc_1_propImpl.xdc].
Resolution: To avoid this warning, move constraints listed in [.Xil/design_1_axi_smc_1_propImpl.xdc] to another XDC file and exclude this new file from synthesis with the used_in_synthesis property (File Properties dialog in GUI) and re-run elaboration/synthesis.
INFO: [Project 1-1714] 128 XPM XDC files have been applied to the design.
Completed Processing XDC Constraints

Netlist sorting complete. Time (s): cpu = 00:00:00 ; elapsed = 00:00:00.032 . Memory (MB): peak = 2723.391 ; gain = 0.000
INFO: [Project 1-111] Unisim Transformation Summary:
  A total of 13 instances were transformed.
  FDR => FDRE: 12 instances
  SRL16 => SRL16E: 1 instance 

系統找不到指定的路徑。
Constraint Validation Runtime : Time (s): cpu = 00:00:02 ; elapsed = 00:00:02 . Memory (MB): peak = 2843.273 ; gain = 119.883
INFO: [Designutils 20-5008] Incremental synthesis strategy off
---------------------------------------------------------------------------------
Finished Constraint Validation : Time (s): cpu = 00:00:51 ; elapsed = 00:00:52 . Memory (MB): peak = 2843.273 ; gain = 1893.281
---------------------------------------------------------------------------------
---------------------------------------------------------------------------------
Start Loading Part and Timing Information
---------------------------------------------------------------------------------
Loading part: xc7z020clg400-1
---------------------------------------------------------------------------------
Finished Loading Part and Timing Information : Time (s): cpu = 00:00:51 ; elapsed = 00:00:52 . Memory (MB): peak = 2843.273 ; gain = 1893.281
---------------------------------------------------------------------------------
---------------------------------------------------------------------------------
Start Applying 'set_property' XDC Constraints
---------------------------------------------------------------------------------
Applied set_property KEEP_HIERARCHY = SOFT for inst. (constraint file  C:/RFC-8439-fpga-implementation/RFC8439_sys/RFC8439_sys.runs/design_1_axi_smc_1_synth_1/dont_touch.xdc, line 343).
Applied set_property KEEP_HIERARCHY = SOFT for inst/m00_nodes/m00_ar_node/inst/m_sc_xpm_cdc_async_rst_inst. (constraint file  auto generated constraint).
Applied set_property KEEP_HIERARCHY = SOFT for inst/m00_nodes/m00_aw_node/inst/m_sc_xpm_cdc_async_rst_inst. (constraint file  auto generated constraint).
Applied set_property KEEP_HIERARCHY = SOFT for inst/m00_nodes/m00_b_node/inst/m_sc_xpm_cdc_async_rst_inst. (constraint file  auto generated constraint).
Applied set_property KEEP_HIERARCHY = SOFT for inst/m00_nodes/m00_r_node/inst/m_sc_xpm_cdc_async_rst_inst. (constraint file  auto generated constraint).
Applied set_property KEEP_HIERARCHY = SOFT for inst/m00_nodes/m00_w_node/inst/m_sc_xpm_cdc_async_rst_inst. (constraint file  auto generated constraint).
Applied set_property KEEP_HIERARCHY = SOFT for inst/m01_nodes/m01_ar_node/inst/m_sc_xpm_cdc_async_rst_inst. (constraint file  auto generated constraint).
Applied set_property KEEP_HIERARCHY = SOFT for inst/m01_nodes/m01_aw_node/inst/m_sc_xpm_cdc_async_rst_inst. (constraint file  auto generated constraint).
Applied set_property KEEP_HIERARCHY = SOFT for inst/m01_nodes/m01_b_node/inst/m_sc_xpm_cdc_async_rst_inst. (constraint file  auto generated constraint).
Applied set_property KEEP_HIERARCHY = SOFT for inst/m01_nodes/m01_r_node/inst/m_sc_xpm_cdc_async_rst_inst. (constraint file  auto generated constraint).
Applied set_property KEEP_HIERARCHY = SOFT for inst/m01_nodes/m01_w_node/inst/m_sc_xpm_cdc_async_rst_inst. (constraint file  auto generated constraint).
Applied set_property KEEP_HIERARCHY = SOFT for inst/m02_nodes/m02_ar_node/inst/m_sc_xpm_cdc_async_rst_inst. (constraint file  auto generated constraint).
Applied set_property KEEP_HIERARCHY = SOFT for inst/m02_nodes/m02_aw_node/inst/m_sc_xpm_cdc_async_rst_inst. (constraint file  auto generated constraint).
Applied set_property KEEP_HIERARCHY = SOFT for inst/m02_nodes/m02_b_node/inst/m_sc_xpm_cdc_async_rst_inst. (constraint file  auto generated constraint).
Applied set_property KEEP_HIERARCHY = SOFT for inst/m02_nodes/m02_r_node/inst/m_sc_xpm_cdc_async_rst_inst. (constraint file  auto generated constraint).
Applied set_property KEEP_HIERARCHY = SOFT for inst/m02_nodes/m02_w_node/inst/m_sc_xpm_cdc_async_rst_inst. (constraint file  auto generated constraint).
Applied set_property KEEP_HIERARCHY = SOFT for inst/m03_nodes/m03_ar_node/inst/m_sc_xpm_cdc_async_rst_inst. (constraint file  auto generated constraint).
Applied set_property KEEP_HIERARCHY = SOFT for inst/m03_nodes/m03_aw_node/inst/m_sc_xpm_cdc_async_rst_inst. (constraint file  auto generated constraint).
Applied set_property KEEP_HIERARCHY = SOFT for inst/m03_nodes/m03_b_node/inst/m_sc_xpm_cdc_async_rst_inst. (constraint file  auto generated constraint).
Applied set_property KEEP_HIERARCHY = SOFT for inst/m03_nodes/m03_r_node/inst/m_sc_xpm_cdc_async_rst_inst. (constraint file  auto generated constraint).
Applied set_property KEEP_HIERARCHY = SOFT for inst/m03_nodes/m03_w_node/inst/m_sc_xpm_cdc_async_rst_inst. (constraint file  auto generated constraint).
Applied set_property KEEP_HIERARCHY = SOFT for inst/m04_nodes/m04_ar_node/inst/m_sc_xpm_cdc_async_rst_inst. (constraint file  auto generated constraint).
Applied set_property KEEP_HIERARCHY = SOFT for inst/m04_nodes/m04_aw_node/inst/m_sc_xpm_cdc_async_rst_inst. (constraint file  auto generated constraint).
Applied set_property KEEP_HIERARCHY = SOFT for inst/m04_nodes/m04_b_node/inst/m_sc_xpm_cdc_async_rst_inst. (constraint file  auto generated constraint).
Applied set_property KEEP_HIERARCHY = SOFT for inst/m04_nodes/m04_r_node/inst/m_sc_xpm_cdc_async_rst_inst. (constraint file  auto generated constraint).
Applied set_property KEEP_HIERARCHY = SOFT for inst/m04_nodes/m04_w_node/inst/m_sc_xpm_cdc_async_rst_inst. (constraint file  auto generated constraint).
Applied set_property KEEP_HIERARCHY = SOFT for inst/s00_nodes/s00_ar_node/inst/m_sc_xpm_cdc_async_rst_inst. (constraint file  auto generated constraint).
Applied set_property KEEP_HIERARCHY = SOFT for inst/s00_nodes/s00_aw_node/inst/m_sc_xpm_cdc_async_rst_inst. (constraint file  auto generated constraint).
Applied set_property KEEP_HIERARCHY = SOFT for inst/s00_nodes/s00_b_node/inst/m_sc_xpm_cdc_async_rst_inst. (constraint file  auto generated constraint).
Applied set_property KEEP_HIERARCHY = SOFT for inst/s00_nodes/s00_r_node/inst/m_sc_xpm_cdc_async_rst_inst. (constraint file  auto generated constraint).
Applied set_property KEEP_HIERARCHY = SOFT for inst/s00_nodes/s00_w_node/inst/m_sc_xpm_cdc_async_rst_inst. (constraint file  auto generated constraint).
Applied set_property KEEP_HIERARCHY = SOFT for inst/m00_nodes/m00_ar_node/inst/s_sc_xpm_cdc_async_rst_inst. (constraint file  auto generated constraint).
Applied set_property KEEP_HIERARCHY = SOFT for inst/m00_nodes/m00_aw_node/inst/s_sc_xpm_cdc_async_rst_inst. (constraint file  auto generated constraint).
Applied set_property KEEP_HIERARCHY = SOFT for inst/m00_nodes/m00_b_node/inst/s_sc_xpm_cdc_async_rst_inst. (constraint file  auto generated constraint).
Applied set_property KEEP_HIERARCHY = SOFT for inst/m00_nodes/m00_r_node/inst/s_sc_xpm_cdc_async_rst_inst. (constraint file  auto generated constraint).
Applied set_property KEEP_HIERARCHY = SOFT for inst/m00_nodes/m00_w_node/inst/s_sc_xpm_cdc_async_rst_inst. (constraint file  auto generated constraint).
Applied set_property KEEP_HIERARCHY = SOFT for inst/m01_nodes/m01_ar_node/inst/s_sc_xpm_cdc_async_rst_inst. (constraint file  auto generated constraint).
Applied set_property KEEP_HIERARCHY = SOFT for inst/m01_nodes/m01_aw_node/inst/s_sc_xpm_cdc_async_rst_inst. (constraint file  auto generated constraint).
Applied set_property KEEP_HIERARCHY = SOFT for inst/m01_nodes/m01_b_node/inst/s_sc_xpm_cdc_async_rst_inst. (constraint file  auto generated constraint).
Applied set_property KEEP_HIERARCHY = SOFT for inst/m01_nodes/m01_r_node/inst/s_sc_xpm_cdc_async_rst_inst. (constraint file  auto generated constraint).
Applied set_property KEEP_HIERARCHY = SOFT for inst/m01_nodes/m01_w_node/inst/s_sc_xpm_cdc_async_rst_inst. (constraint file  auto generated constraint).
Applied set_property KEEP_HIERARCHY = SOFT for inst/m02_nodes/m02_ar_node/inst/s_sc_xpm_cdc_async_rst_inst. (constraint file  auto generated constraint).
Applied set_property KEEP_HIERARCHY = SOFT for inst/m02_nodes/m02_aw_node/inst/s_sc_xpm_cdc_async_rst_inst. (constraint file  auto generated constraint).
Applied set_property KEEP_HIERARCHY = SOFT for inst/m02_nodes/m02_b_node/inst/s_sc_xpm_cdc_async_rst_inst. (constraint file  auto generated constraint).
Applied set_property KEEP_HIERARCHY = SOFT for inst/m02_nodes/m02_r_node/inst/s_sc_xpm_cdc_async_rst_inst. (constraint file  auto generated constraint).
Applied set_property KEEP_HIERARCHY = SOFT for inst/m02_nodes/m02_w_node/inst/s_sc_xpm_cdc_async_rst_inst. (constraint file  auto generated constraint).
Applied set_property KEEP_HIERARCHY = SOFT for inst/m03_nodes/m03_ar_node/inst/s_sc_xpm_cdc_async_rst_inst. (constraint file  auto generated constraint).
Applied set_property KEEP_HIERARCHY = SOFT for inst/m03_nodes/m03_aw_node/inst/s_sc_xpm_cdc_async_rst_inst. (constraint file  auto generated constraint).
Applied set_property KEEP_HIERARCHY = SOFT for inst/m03_nodes/m03_b_node/inst/s_sc_xpm_cdc_async_rst_inst. (constraint file  auto generated constraint).
Applied set_property KEEP_HIERARCHY = SOFT for inst/m03_nodes/m03_r_node/inst/s_sc_xpm_cdc_async_rst_inst. (constraint file  auto generated constraint).
Applied set_property KEEP_HIERARCHY = SOFT for inst/m03_nodes/m03_w_node/inst/s_sc_xpm_cdc_async_rst_inst. (constraint file  auto generated constraint).
Applied set_property KEEP_HIERARCHY = SOFT for inst/m04_nodes/m04_ar_node/inst/s_sc_xpm_cdc_async_rst_inst. (constraint file  auto generated constraint).
Applied set_property KEEP_HIERARCHY = SOFT for inst/m04_nodes/m04_aw_node/inst/s_sc_xpm_cdc_async_rst_inst. (constraint file  auto generated constraint).
Applied set_property KEEP_HIERARCHY = SOFT for inst/m04_nodes/m04_b_node/inst/s_sc_xpm_cdc_async_rst_inst. (constraint file  auto generated constraint).
Applied set_property KEEP_HIERARCHY = SOFT for inst/m04_nodes/m04_r_node/inst/s_sc_xpm_cdc_async_rst_inst. (constraint file  auto generated constraint).
Applied set_property KEEP_HIERARCHY = SOFT for inst/m04_nodes/m04_w_node/inst/s_sc_xpm_cdc_async_rst_inst. (constraint file  auto generated constraint).
Applied set_property KEEP_HIERARCHY = SOFT for inst/s00_nodes/s00_ar_node/inst/s_sc_xpm_cdc_async_rst_inst. (constraint file  auto generated constraint).
Applied set_property KEEP_HIERARCHY = SOFT for inst/s00_nodes/s00_aw_node/inst/s_sc_xpm_cdc_async_rst_inst. (constraint file  auto generated constraint).
Applied set_property KEEP_HIERARCHY = SOFT for inst/s00_nodes/s00_b_node/inst/s_sc_xpm_cdc_async_rst_inst. (constraint file  auto generated constraint).
Applied set_property KEEP_HIERARCHY = SOFT for inst/s00_nodes/s00_r_node/inst/s_sc_xpm_cdc_async_rst_inst. (constraint file  auto generated constraint).
Applied set_property KEEP_HIERARCHY = SOFT for inst/s00_nodes/s00_w_node/inst/s_sc_xpm_cdc_async_rst_inst. (constraint file  auto generated constraint).
Applied set_property KEEP_HIERARCHY = SOFT for inst/m00_exit_pipeline/m00_exit/inst/xpm_cdc_async_rst_inst. (constraint file  auto generated constraint).
Applied set_property KEEP_HIERARCHY = SOFT for inst/m01_exit_pipeline/m01_exit/inst/xpm_cdc_async_rst_inst. (constraint file  auto generated constraint).
Applied set_property KEEP_HIERARCHY = SOFT for inst/m02_exit_pipeline/m02_exit/inst/xpm_cdc_async_rst_inst. (constraint file  auto generated constraint).
Applied set_property KEEP_HIERARCHY = SOFT for inst/m03_exit_pipeline/m03_exit/inst/xpm_cdc_async_rst_inst. (constraint file  auto generated constraint).
Applied set_property KEEP_HIERARCHY = SOFT for inst/m04_exit_pipeline/m04_exit/inst/xpm_cdc_async_rst_inst. (constraint file  auto generated constraint).
Applied set_property KEEP_HIERARCHY = SOFT for inst/s00_entry_pipeline/s00_mmu/inst/xpm_cdc_async_rst_inst. (constraint file  auto generated constraint).
Applied set_property KEEP_HIERARCHY = SOFT for inst/s00_entry_pipeline/s00_si_converter/inst/xpm_cdc_async_rst_inst. (constraint file  auto generated constraint).
Applied set_property KEEP_HIERARCHY = SOFT for inst/s00_entry_pipeline/s00_transaction_regulator/inst/xpm_cdc_async_rst_inst. (constraint file  auto generated constraint).
Applied set_property KEEP_HIERARCHY = SOFT for inst/m00_nodes/m00_ar_node/inst/inst_mi_handler/\gen_normal_area.gen_node_prog_full.inst_node_prog_full /\gen_xpm_memory_fifo.inst_fifo /\gen_mem_rep[0].inst_xpm_memory . (constraint file  auto generated constraint).
Applied set_property KEEP_HIERARCHY = SOFT for inst/m00_nodes/m00_aw_node/inst/inst_mi_handler/\gen_normal_area.gen_node_prog_full.inst_node_prog_full /\gen_xpm_memory_fifo.inst_fifo /\gen_mem_rep[0].inst_xpm_memory . (constraint file  auto generated constraint).
Applied set_property KEEP_HIERARCHY = SOFT for inst/m00_nodes/m00_w_node/inst/inst_mi_handler/\gen_normal_area.gen_node_prog_full.inst_node_prog_full /\gen_xpm_memory_fifo.inst_fifo /\gen_mem_rep[0].inst_xpm_memory . (constraint file  auto generated constraint).
Applied set_property KEEP_HIERARCHY = SOFT for inst/m01_nodes/m01_ar_node/inst/inst_mi_handler/\gen_normal_area.gen_node_prog_full.inst_node_prog_full /\gen_xpm_memory_fifo.inst_fifo /\gen_mem_rep[0].inst_xpm_memory . (constraint file  auto generated constraint).
Applied set_property KEEP_HIERARCHY = SOFT for inst/m01_nodes/m01_aw_node/inst/inst_mi_handler/\gen_normal_area.gen_node_prog_full.inst_node_prog_full /\gen_xpm_memory_fifo.inst_fifo /\gen_mem_rep[0].inst_xpm_memory . (constraint file  auto generated constraint).
Applied set_property KEEP_HIERARCHY = SOFT for inst/m01_nodes/m01_w_node/inst/inst_mi_handler/\gen_normal_area.gen_node_prog_full.inst_node_prog_full /\gen_xpm_memory_fifo.inst_fifo /\gen_mem_rep[0].inst_xpm_memory . (constraint file  auto generated constraint).
Applied set_property KEEP_HIERARCHY = SOFT for inst/m02_nodes/m02_ar_node/inst/inst_mi_handler/\gen_normal_area.gen_node_prog_full.inst_node_prog_full /\gen_xpm_memory_fifo.inst_fifo /\gen_mem_rep[0].inst_xpm_memory . (constraint file  auto generated constraint).
Applied set_property KEEP_HIERARCHY = SOFT for inst/m02_nodes/m02_aw_node/inst/inst_mi_handler/\gen_normal_area.gen_node_prog_full.inst_node_prog_full /\gen_xpm_memory_fifo.inst_fifo /\gen_mem_rep[0].inst_xpm_memory . (constraint file  auto generated constraint).
Applied set_property KEEP_HIERARCHY = SOFT for inst/m02_nodes/m02_w_node/inst/inst_mi_handler/\gen_normal_area.gen_node_prog_full.inst_node_prog_full /\gen_xpm_memory_fifo.inst_fifo /\gen_mem_rep[0].inst_xpm_memory . (constraint file  auto generated constraint).
Applied set_property KEEP_HIERARCHY = SOFT for inst/m03_nodes/m03_ar_node/inst/inst_mi_handler/\gen_normal_area.gen_node_prog_full.inst_node_prog_full /\gen_xpm_memory_fifo.inst_fifo /\gen_mem_rep[0].inst_xpm_memory . (constraint file  auto generated constraint).
Applied set_property KEEP_HIERARCHY = SOFT for inst/m03_nodes/m03_aw_node/inst/inst_mi_handler/\gen_normal_area.gen_node_prog_full.inst_node_prog_full /\gen_xpm_memory_fifo.inst_fifo /\gen_mem_rep[0].inst_xpm_memory . (constraint file  auto generated constraint).
Applied set_property KEEP_HIERARCHY = SOFT for inst/m03_nodes/m03_w_node/inst/inst_mi_handler/\gen_normal_area.gen_node_prog_full.inst_node_prog_full /\gen_xpm_memory_fifo.inst_fifo /\gen_mem_rep[0].inst_xpm_memory . (constraint file  auto generated constraint).
Applied set_property KEEP_HIERARCHY = SOFT for inst/m04_nodes/m04_ar_node/inst/inst_mi_handler/\gen_normal_area.gen_node_prog_full.inst_node_prog_full /\gen_xpm_memory_fifo.inst_fifo /\gen_mem_rep[0].inst_xpm_memory . (constraint file  auto generated constraint).
Applied set_property KEEP_HIERARCHY = SOFT for inst/m04_nodes/m04_aw_node/inst/inst_mi_handler/\gen_normal_area.gen_node_prog_full.inst_node_prog_full /\gen_xpm_memory_fifo.inst_fifo /\gen_mem_rep[0].inst_xpm_memory . (constraint file  auto generated constraint).
Applied set_property KEEP_HIERARCHY = SOFT for inst/m04_nodes/m04_w_node/inst/inst_mi_handler/\gen_normal_area.gen_node_prog_full.inst_node_prog_full /\gen_xpm_memory_fifo.inst_fifo /\gen_mem_rep[0].inst_xpm_memory . (constraint file  auto generated constraint).
Applied set_property KEEP_HIERARCHY = SOFT for inst/s00_nodes/s00_b_node/inst/inst_mi_handler/\gen_normal_area.gen_node_prog_full.inst_node_prog_full /\gen_xpm_memory_fifo.inst_fifo /\gen_mem_rep[0].inst_xpm_memory . (constraint file  auto generated constraint).
Applied set_property KEEP_HIERARCHY = SOFT for inst/s00_nodes/s00_r_node/inst/inst_mi_handler/\gen_normal_area.gen_node_prog_full.inst_node_prog_full /\gen_xpm_memory_fifo.inst_fifo /\gen_mem_rep[0].inst_xpm_memory . (constraint file  auto generated constraint).
Applied set_property KEEP_HIERARCHY = SOFT for inst/m00_nodes/m00_ar_node/inst/inst_mi_handler/\gen_normal_area.inst_fifo_node_payld /\gen_xpm_memory_fifo.inst_fifo /\gen_mem_rep[0].inst_xpm_memory . (constraint file  auto generated constraint).
Applied set_property KEEP_HIERARCHY = SOFT for inst/m00_nodes/m00_aw_node/inst/inst_mi_handler/\gen_normal_area.inst_fifo_node_payld /\gen_xpm_memory_fifo.inst_fifo /\gen_mem_rep[0].inst_xpm_memory . (constraint file  auto generated constraint).
Applied set_property KEEP_HIERARCHY = SOFT for inst/m01_nodes/m01_ar_node/inst/inst_mi_handler/\gen_normal_area.inst_fifo_node_payld /\gen_xpm_memory_fifo.inst_fifo /\gen_mem_rep[0].inst_xpm_memory . (constraint file  auto generated constraint).
Applied set_property KEEP_HIERARCHY = SOFT for inst/m01_nodes/m01_aw_node/inst/inst_mi_handler/\gen_normal_area.inst_fifo_node_payld /\gen_xpm_memory_fifo.inst_fifo /\gen_mem_rep[0].inst_xpm_memory . (constraint file  auto generated constraint).
Applied set_property KEEP_HIERARCHY = SOFT for inst/m02_nodes/m02_ar_node/inst/inst_mi_handler/\gen_normal_area.inst_fifo_node_payld /\gen_xpm_memory_fifo.inst_fifo /\gen_mem_rep[0].inst_xpm_memory . (constraint file  auto generated constraint).
Applied set_property KEEP_HIERARCHY = SOFT for inst/m02_nodes/m02_aw_node/inst/inst_mi_handler/\gen_normal_area.inst_fifo_node_payld /\gen_xpm_memory_fifo.inst_fifo /\gen_mem_rep[0].inst_xpm_memory . (constraint file  auto generated constraint).
Applied set_property KEEP_HIERARCHY = SOFT for inst/m03_nodes/m03_ar_node/inst/inst_mi_handler/\gen_normal_area.inst_fifo_node_payld /\gen_xpm_memory_fifo.inst_fifo /\gen_mem_rep[0].inst_xpm_memory . (constraint file  auto generated constraint).
Applied set_property KEEP_HIERARCHY = SOFT for inst/m03_nodes/m03_aw_node/inst/inst_mi_handler/\gen_normal_area.inst_fifo_node_payld /\gen_xpm_memory_fifo.inst_fifo /\gen_mem_rep[0].inst_xpm_memory . (constraint file  auto generated constraint).
Applied set_property KEEP_HIERARCHY = SOFT for inst/m04_nodes/m04_ar_node/inst/inst_mi_handler/\gen_normal_area.inst_fifo_node_payld /\gen_xpm_memory_fifo.inst_fifo /\gen_mem_rep[0].inst_xpm_memory . (constraint file  auto generated constraint).
Applied set_property KEEP_HIERARCHY = SOFT for inst/m04_nodes/m04_aw_node/inst/inst_mi_handler/\gen_normal_area.inst_fifo_node_payld /\gen_xpm_memory_fifo.inst_fifo /\gen_mem_rep[0].inst_xpm_memory . (constraint file  auto generated constraint).
Applied set_property KEEP_HIERARCHY = SOFT for inst/m00_nodes/m00_b_node/inst/inst_mi_handler/\gen_normal_area.gen_fifo_req.inst_fifo_req /\gen_xpm_memory_fifo.inst_fifo /\gen_mem_rep[0].inst_xpm_memory . (constraint file  auto generated constraint).
Applied set_property KEEP_HIERARCHY = SOFT for inst/m00_nodes/m00_r_node/inst/inst_mi_handler/\gen_normal_area.gen_fifo_req.inst_fifo_req /\gen_xpm_memory_fifo.inst_fifo /\gen_mem_rep[0].inst_xpm_memory . (constraint file  auto generated constraint).
Applied set_property KEEP_HIERARCHY = SOFT for inst/m01_nodes/m01_b_node/inst/inst_mi_handler/\gen_normal_area.gen_fifo_req.inst_fifo_req /\gen_xpm_memory_fifo.inst_fifo /\gen_mem_rep[0].inst_xpm_memory . (constraint file  auto generated constraint).
Applied set_property KEEP_HIERARCHY = SOFT for inst/m01_nodes/m01_r_node/inst/inst_mi_handler/\gen_normal_area.gen_fifo_req.inst_fifo_req /\gen_xpm_memory_fifo.inst_fifo /\gen_mem_rep[0].inst_xpm_memory . (constraint file  auto generated constraint).
Applied set_property KEEP_HIERARCHY = SOFT for inst/m02_nodes/m02_b_node/inst/inst_mi_handler/\gen_normal_area.gen_fifo_req.inst_fifo_req /\gen_xpm_memory_fifo.inst_fifo /\gen_mem_rep[0].inst_xpm_memory . (constraint file  auto generated constraint).
Applied set_property KEEP_HIERARCHY = SOFT for inst/m02_nodes/m02_r_node/inst/inst_mi_handler/\gen_normal_area.gen_fifo_req.inst_fifo_req /\gen_xpm_memory_fifo.inst_fifo /\gen_mem_rep[0].inst_xpm_memory . (constraint file  auto generated constraint).
Applied set_property KEEP_HIERARCHY = SOFT for inst/m03_nodes/m03_b_node/inst/inst_mi_handler/\gen_normal_area.gen_fifo_req.inst_fifo_req /\gen_xpm_memory_fifo.inst_fifo /\gen_mem_rep[0].inst_xpm_memory . (constraint file  auto generated constraint).
Applied set_property KEEP_HIERARCHY = SOFT for inst/m03_nodes/m03_r_node/inst/inst_mi_handler/\gen_normal_area.gen_fifo_req.inst_fifo_req /\gen_xpm_memory_fifo.inst_fifo /\gen_mem_rep[0].inst_xpm_memory . (constraint file  auto generated constraint).
Applied set_property KEEP_HIERARCHY = SOFT for inst/m04_nodes/m04_b_node/inst/inst_mi_handler/\gen_normal_area.gen_fifo_req.inst_fifo_req /\gen_xpm_memory_fifo.inst_fifo /\gen_mem_rep[0].inst_xpm_memory . (constraint file  auto generated constraint).
Applied set_property KEEP_HIERARCHY = SOFT for inst/m04_nodes/m04_r_node/inst/inst_mi_handler/\gen_normal_area.gen_fifo_req.inst_fifo_req /\gen_xpm_memory_fifo.inst_fifo /\gen_mem_rep[0].inst_xpm_memory . (constraint file  auto generated constraint).
Applied set_property KEEP_HIERARCHY = SOFT for inst/m00_nodes/m00_b_node/inst/inst_mi_handler/\gen_normal_area.inst_fifo_node_payld /\gen_xpm_memory_fifo.inst_fifo /\gen_mem_rep[0].inst_xpm_memory . (constraint file  auto generated constraint).
Applied set_property KEEP_HIERARCHY = SOFT for inst/m01_nodes/m01_b_node/inst/inst_mi_handler/\gen_normal_area.inst_fifo_node_payld /\gen_xpm_memory_fifo.inst_fifo /\gen_mem_rep[0].inst_xpm_memory . (constraint file  auto generated constraint).
Applied set_property KEEP_HIERARCHY = SOFT for inst/m02_nodes/m02_b_node/inst/inst_mi_handler/\gen_normal_area.inst_fifo_node_payld /\gen_xpm_memory_fifo.inst_fifo /\gen_mem_rep[0].inst_xpm_memory . (constraint file  auto generated constraint).
Applied set_property KEEP_HIERARCHY = SOFT for inst/m03_nodes/m03_b_node/inst/inst_mi_handler/\gen_normal_area.inst_fifo_node_payld /\gen_xpm_memory_fifo.inst_fifo /\gen_mem_rep[0].inst_xpm_memory . (constraint file  auto generated constraint).
Applied set_property KEEP_HIERARCHY = SOFT for inst/m04_nodes/m04_b_node/inst/inst_mi_handler/\gen_normal_area.inst_fifo_node_payld /\gen_xpm_memory_fifo.inst_fifo /\gen_mem_rep[0].inst_xpm_memory . (constraint file  auto generated constraint).
Applied set_property KEEP_HIERARCHY = SOFT for inst/m00_nodes/m00_r_node/inst/inst_mi_handler/\gen_normal_area.inst_fifo_node_payld /\gen_xpm_memory_fifo.inst_fifo /\gen_mem_rep[0].inst_xpm_memory . (constraint file  auto generated constraint).
Applied set_property KEEP_HIERARCHY = SOFT for inst/m01_nodes/m01_r_node/inst/inst_mi_handler/\gen_normal_area.inst_fifo_node_payld /\gen_xpm_memory_fifo.inst_fifo /\gen_mem_rep[0].inst_xpm_memory . (constraint file  auto generated constraint).
Applied set_property KEEP_HIERARCHY = SOFT for inst/m02_nodes/m02_r_node/inst/inst_mi_handler/\gen_normal_area.inst_fifo_node_payld /\gen_xpm_memory_fifo.inst_fifo /\gen_mem_rep[0].inst_xpm_memory . (constraint file  auto generated constraint).
Applied set_property KEEP_HIERARCHY = SOFT for inst/m03_nodes/m03_r_node/inst/inst_mi_handler/\gen_normal_area.inst_fifo_node_payld /\gen_xpm_memory_fifo.inst_fifo /\gen_mem_rep[0].inst_xpm_memory . (constraint file  auto generated constraint).
Applied set_property KEEP_HIERARCHY = SOFT for inst/m04_nodes/m04_r_node/inst/inst_mi_handler/\gen_normal_area.inst_fifo_node_payld /\gen_xpm_memory_fifo.inst_fifo /\gen_mem_rep[0].inst_xpm_memory . (constraint file  auto generated constraint).
Applied set_property KEEP_HIERARCHY = SOFT for inst/m00_nodes/m00_w_node/inst/inst_mi_handler/\gen_normal_area.inst_fifo_node_payld /\gen_xpm_memory_fifo.inst_fifo /\gen_mem_rep[0].inst_xpm_memory . (constraint file  auto generated constraint).
Applied set_property KEEP_HIERARCHY = SOFT for inst/m01_nodes/m01_w_node/inst/inst_mi_handler/\gen_normal_area.inst_fifo_node_payld /\gen_xpm_memory_fifo.inst_fifo /\gen_mem_rep[0].inst_xpm_memory . (constraint file  auto generated constraint).
Applied set_property KEEP_HIERARCHY = SOFT for inst/m02_nodes/m02_w_node/inst/inst_mi_handler/\gen_normal_area.inst_fifo_node_payld /\gen_xpm_memory_fifo.inst_fifo /\gen_mem_rep[0].inst_xpm_memory . (constraint file  auto generated constraint).
Applied set_property KEEP_HIERARCHY = SOFT for inst/m03_nodes/m03_w_node/inst/inst_mi_handler/\gen_normal_area.inst_fifo_node_payld /\gen_xpm_memory_fifo.inst_fifo /\gen_mem_rep[0].inst_xpm_memory . (constraint file  auto generated constraint).
Applied set_property KEEP_HIERARCHY = SOFT for inst/m04_nodes/m04_w_node/inst/inst_mi_handler/\gen_normal_area.inst_fifo_node_payld /\gen_xpm_memory_fifo.inst_fifo /\gen_mem_rep[0].inst_xpm_memory . (constraint file  auto generated constraint).
Applied set_property KEEP_HIERARCHY = SOFT for inst/s00_nodes/s00_ar_node/inst/inst_mi_handler/\gen_normal_area.gen_fifo_req.inst_fifo_req /\gen_xpm_memory_fifo.inst_fifo /\gen_mem_rep[0].inst_xpm_memory . (constraint file  auto generated constraint).
Applied set_property KEEP_HIERARCHY = SOFT for inst/s00_nodes/s00_aw_node/inst/inst_mi_handler/\gen_normal_area.gen_fifo_req.inst_fifo_req /\gen_xpm_memory_fifo.inst_fifo /\gen_mem_rep[0].inst_xpm_memory . (constraint file  auto generated constraint).
Applied set_property KEEP_HIERARCHY = SOFT for inst/s00_nodes/s00_w_node/inst/inst_mi_handler/\gen_normal_area.gen_fifo_req.inst_fifo_req /\gen_xpm_memory_fifo.inst_fifo /\gen_mem_rep[0].inst_xpm_memory . (constraint file  auto generated constraint).
Applied set_property KEEP_HIERARCHY = SOFT for inst/s00_nodes/s00_ar_node/inst/inst_mi_handler/\gen_normal_area.inst_fifo_node_payld /\gen_xpm_memory_fifo.inst_fifo /\gen_mem_rep[0].inst_xpm_memory . (constraint file  auto generated constraint).
Applied set_property KEEP_HIERARCHY = SOFT for inst/s00_nodes/s00_aw_node/inst/inst_mi_handler/\gen_normal_area.inst_fifo_node_payld /\gen_xpm_memory_fifo.inst_fifo /\gen_mem_rep[0].inst_xpm_memory . (constraint file  auto generated constraint).
Applied set_property KEEP_HIERARCHY = SOFT for inst/s00_nodes/s00_b_node/inst/inst_mi_handler/\gen_normal_area.inst_fifo_node_payld /\gen_xpm_memory_fifo.inst_fifo /\gen_mem_rep[0].inst_xpm_memory . (constraint file  auto generated constraint).
Applied set_property KEEP_HIERARCHY = SOFT for inst/s00_nodes/s00_r_node/inst/inst_mi_handler/\gen_normal_area.inst_fifo_node_payld /\gen_xpm_memory_fifo.inst_fifo /\gen_mem_rep[0].inst_xpm_memory . (constraint file  auto generated constraint).
Applied set_property KEEP_HIERARCHY = SOFT for inst/s00_nodes/s00_w_node/inst/inst_mi_handler/\gen_normal_area.inst_fifo_node_payld /\gen_xpm_memory_fifo.inst_fifo /\gen_mem_rep[0].inst_xpm_memory . (constraint file  auto generated constraint).
---------------------------------------------------------------------------------
Finished applying 'set_property' XDC Constraints : Time (s): cpu = 00:00:52 ; elapsed = 00:00:52 . Memory (MB): peak = 2843.273 ; gain = 1893.281
---------------------------------------------------------------------------------
INFO: [Synth 8-4490] FSM extraction disabled for register 'gen_pipelined.state_reg' through user attribute
INFO: [Synth 8-4490] FSM extraction disabled for register 'gen_pipelined.state_reg' through user attribute
INFO: [Synth 8-4490] FSM extraction disabled for register 'gen_AB_reg_slice.state_reg' through user attribute
INFO: [Synth 8-802] inferred FSM for state register 'w_state_reg' in module 'sc_exit_v1_0_14_axilite_conv'
INFO: [Synth 8-802] inferred FSM for state register 'r_state_reg' in module 'sc_exit_v1_0_14_axilite_conv'
INFO: [Synth 8-4490] FSM extraction disabled for register 'gen_pipelined.state_reg' through user attribute
INFO: [Synth 8-802] inferred FSM for state register 'gen_axi.gen_write.write_cs_reg' in module 'sc_mmu_v1_0_12_decerr_slave'
INFO: [Synth 8-4490] FSM extraction disabled for register 'gen_pipelined.state_reg' through user attribute
INFO: [Synth 8-4490] FSM extraction disabled for register 'gen_pipelined.state_reg' through user attribute
INFO: [Synth 8-4490] FSM extraction disabled for register 'gen_pipelined.state_reg' through user attribute
INFO: [Synth 8-4490] FSM extraction disabled for register 'gen_pipelined.state_reg' through user attribute
INFO: [Synth 8-4490] FSM extraction disabled for register 'gen_pipelined.state_reg' through user attribute
INFO: [Synth 8-802] inferred FSM for state register 'state_reg' in module 'sc_transaction_regulator_v1_0_10_multithread'
INFO: [Synth 8-4490] FSM extraction disabled for register 'gen_AB_reg_slice.state_reg' through user attribute
---------------------------------------------------------------------------------------------------
                   State |                     New Encoding |                Previous Encoding 
---------------------------------------------------------------------------------------------------
                  W_IDLE |                              000 | 00000000000000000000000000000000
                    W_RX |                              001 | 00000000000000000000000000000001
                    W_TX |                              010 | 00000000000000000000000000000010
              W_COMPLETE |                              011 | 00000000000000000000000000000100
               W_RECOVER |                              100 | 00000000000000000000000000000011
---------------------------------------------------------------------------------------------------
INFO: [Synth 8-3354] encoded FSM with state register 'w_state_reg' using encoding 'sequential' in module 'sc_exit_v1_0_14_axilite_conv'
---------------------------------------------------------------------------------------------------
                   State |                     New Encoding |                Previous Encoding 
---------------------------------------------------------------------------------------------------
                  R_IDLE |                               00 | 00000000000000000000000000000000
                    R_RX |                               01 | 00000000000000000000000000000001
                    R_TX |                               10 | 00000000000000000000000000000010
---------------------------------------------------------------------------------------------------
INFO: [Synth 8-3354] encoded FSM with state register 'r_state_reg' using encoding 'sequential' in module 'sc_exit_v1_0_14_axilite_conv'
---------------------------------------------------------------------------------------------------
                   State |                     New Encoding |                Previous Encoding 
---------------------------------------------------------------------------------------------------
            P_WRITE_IDLE |                              001 |                               00
            P_WRITE_DATA |                              010 |                               01
            P_WRITE_RESP |                              100 |                               10
---------------------------------------------------------------------------------------------------
INFO: [Synth 8-3354] encoded FSM with state register 'gen_axi.gen_write.write_cs_reg' using encoding 'one-hot' in module 'sc_mmu_v1_0_12_decerr_slave'
---------------------------------------------------------------------------------------------------
                   State |                     New Encoding |                Previous Encoding 
---------------------------------------------------------------------------------------------------
                    INIT |                              000 | 00000000000000000000000000000000
                    IDLE |                              001 | 00000000000000000000000000000001
                DEADLOCK |                              010 | 00000000000000000000000000000010
                OVERFLOW |                              011 | 00000000000000000000000000000100
                ALLOCATE |                              100 | 00000000000000000000000000000011
                 REFRESH |                              101 | 00000000000000000000000000000101
---------------------------------------------------------------------------------------------------
INFO: [Synth 8-3354] encoded FSM with state register 'state_reg' using encoding 'sequential' in module 'sc_transaction_regulator_v1_0_10_multithread'
---------------------------------------------------------------------------------
Finished RTL Optimization Phase 2 : Time (s): cpu = 00:00:59 ; elapsed = 00:01:00 . Memory (MB): peak = 2843.273 ; gain = 1893.281
---------------------------------------------------------------------------------
---------------------------------------------------------------------------------
Start RTL Component Statistics 
---------------------------------------------------------------------------------
Detailed RTL Component Info : 
+---Adders : 
	   2 Input   12 Bit       Adders := 6     
	   2 Input    9 Bit       Adders := 9     
	   2 Input    8 Bit       Adders := 20    
	   2 Input    7 Bit       Adders := 4     
	   3 Input    6 Bit       Adders := 5     
	   2 Input    6 Bit       Adders := 361   
	   2 Input    5 Bit       Adders := 16    
	   3 Input    5 Bit       Adders := 5     
	   4 Input    5 Bit       Adders := 5     
	   2 Input    4 Bit       Adders := 59    
	   3 Input    4 Bit       Adders := 2     
	   2 Input    3 Bit       Adders := 1     
	   2 Input    2 Bit       Adders := 18    
	   3 Input    1 Bit       Adders := 12    
+---XORs : 
	   2 Input      1 Bit         XORs := 478   
+---Registers : 
	             2178 Bit    Registers := 74    
	              512 Bit    Registers := 3     
	              164 Bit    Registers := 10    
	              146 Bit    Registers := 12    
	              104 Bit    Registers := 1     
	               74 Bit    Registers := 5     
	               73 Bit    Registers := 1     
	               64 Bit    Registers := 13    
	               56 Bit    Registers := 6     
	               53 Bit    Registers := 6     
	               47 Bit    Registers := 5     
	               42 Bit    Registers := 4     
	               41 Bit    Registers := 5     
	               33 Bit    Registers := 5     
	               32 Bit    Registers := 11    
	               27 Bit    Registers := 1     
	               22 Bit    Registers := 3     
	               21 Bit    Registers := 4     
	               18 Bit    Registers := 10    
	               16 Bit    Registers := 1     
	               14 Bit    Registers := 1     
	               13 Bit    Registers := 3     
	               12 Bit    Registers := 18    
	                9 Bit    Registers := 9     
	                8 Bit    Registers := 26    
	                7 Bit    Registers := 15    
	                6 Bit    Registers := 181   
	                5 Bit    Registers := 37    
	                4 Bit    Registers := 82    
	                3 Bit    Registers := 119   
	                2 Bit    Registers := 42    
	                1 Bit    Registers := 1296  
+---Muxes : 
	   2 Input 2178 Bit        Muxes := 36    
	   2 Input  146 Bit        Muxes := 10    
	   2 Input   56 Bit        Muxes := 5     
	   2 Input   47 Bit        Muxes := 5     
	   2 Input   42 Bit        Muxes := 4     
	   2 Input   41 Bit        Muxes := 4     
	   2 Input   33 Bit        Muxes := 5     
	   3 Input   32 Bit        Muxes := 3     
	   2 Input   32 Bit        Muxes := 15    
	   2 Input   21 Bit        Muxes := 4     
	   2 Input   16 Bit        Muxes := 1     
	   2 Input   14 Bit        Muxes := 1     
	   3 Input   13 Bit        Muxes := 3     
	   2 Input   13 Bit        Muxes := 3     
	   2 Input   12 Bit        Muxes := 33    
	   5 Input   12 Bit        Muxes := 3     
	   5 Input    9 Bit        Muxes := 3     
	   2 Input    9 Bit        Muxes := 9     
	   3 Input    8 Bit        Muxes := 3     
	   2 Input    8 Bit        Muxes := 62    
	   7 Input    8 Bit        Muxes := 2     
	   2 Input    7 Bit        Muxes := 32    
	   2 Input    6 Bit        Muxes := 61    
	   2 Input    5 Bit        Muxes := 22    
	   4 Input    5 Bit        Muxes := 8     
	   2 Input    4 Bit        Muxes := 62    
	   3 Input    4 Bit        Muxes := 2     
	   4 Input    3 Bit        Muxes := 24    
	  11 Input    3 Bit        Muxes := 22    
	   2 Input    3 Bit        Muxes := 36    
	   5 Input    3 Bit        Muxes := 5     
	   9 Input    3 Bit        Muxes := 2     
	   6 Input    3 Bit        Muxes := 2     
	   2 Input    2 Bit        Muxes := 279   
	   4 Input    2 Bit        Muxes := 4     
	   3 Input    2 Bit        Muxes := 6     
	   5 Input    2 Bit        Muxes := 1     
	   7 Input    2 Bit        Muxes := 13    
	   6 Input    1 Bit        Muxes := 286   
	   4 Input    1 Bit        Muxes := 77    
	  10 Input    1 Bit        Muxes := 108   
	   7 Input    1 Bit        Muxes := 72    
	  12 Input    1 Bit        Muxes := 24    
	   2 Input    1 Bit        Muxes := 654   
	   5 Input    1 Bit        Muxes := 42    
	   3 Input    1 Bit        Muxes := 55    
---------------------------------------------------------------------------------
Finished RTL Component Statistics 
---------------------------------------------------------------------------------
---------------------------------------------------------------------------------
Start Part Resource Summary
---------------------------------------------------------------------------------
Part Resources:
DSPs: 220 (col length:60)
BRAMs: 280 (col length: RAMB18 60 RAMB36 30)
---------------------------------------------------------------------------------
Finished Part Resource Summary
---------------------------------------------------------------------------------
---------------------------------------------------------------------------------
Start Cross Boundary and Area Optimization
---------------------------------------------------------------------------------
WARNING: [Synth 8-7080] Parallel synthesis criteria is not met
---------------------------------------------------------------------------------
Finished Cross Boundary and Area Optimization : Time (s): cpu = 00:02:06 ; elapsed = 00:02:09 . Memory (MB): peak = 2843.273 ; gain = 1893.281
---------------------------------------------------------------------------------
---------------------------------------------------------------------------------
Start ROM, RAM, DSP, Shift Register and Retiming Reporting
---------------------------------------------------------------------------------

Distributed RAM: Preliminary Mapping Report (see note below)
+-------------------------------------------------------------------------------------------------------------------------------------------------------------------------------------+----------------------------------+----------------+----------------------+--------------+
|Module Name                                                                                                                                                                          | RTL Object                       | Inference      | Size (Depth x Width) | Primitives   | 
+-------------------------------------------------------------------------------------------------------------------------------------------------------------------------------------+----------------------------------+----------------+----------------------+--------------+
|inst/i_0/\m00_nodes/m00_ar_node/inst /\inst_mi_handler/gen_normal_area.inst_fifo_node_payld/gen_xpm_memory_fifo.inst_fifo/gen_mem_rep[0].inst_xpm_memory /xpm_memory_base_inst       | gen_wr_a.gen_word_narrow.mem_reg | User Attribute | 32 x 164             | RAM32M x 28  | 
|inst/i_0/\m00_nodes/m00_aw_node/inst /\inst_mi_handler/gen_normal_area.inst_fifo_node_payld/gen_xpm_memory_fifo.inst_fifo/gen_mem_rep[0].inst_xpm_memory /xpm_memory_base_inst       | gen_wr_a.gen_word_narrow.mem_reg | User Attribute | 32 x 164             | RAM32M x 28  | 
|inst/i_0/\m00_nodes/m00_b_node/inst /\inst_mi_handler/gen_normal_area.inst_fifo_node_payld/gen_xpm_memory_fifo.inst_fifo/gen_mem_rep[0].inst_xpm_memory /xpm_memory_base_inst        | gen_wr_a.gen_word_narrow.mem_reg | User Attribute | 32 x 7               | RAM32M x 2   | 
|inst/i_0/\m00_nodes/m00_r_node/inst /\inst_mi_handler/gen_normal_area.inst_fifo_node_payld/gen_xpm_memory_fifo.inst_fifo/gen_mem_rep[0].inst_xpm_memory /xpm_memory_base_inst        | gen_wr_a.gen_word_narrow.mem_reg | User Attribute | 32 x 53              | RAM32M x 9   | 
|inst/i_0/\m00_nodes/m00_w_node/inst /\inst_mi_handler/gen_normal_area.inst_fifo_node_payld/gen_xpm_memory_fifo.inst_fifo/gen_mem_rep[0].inst_xpm_memory /xpm_memory_base_inst        | gen_wr_a.gen_word_narrow.mem_reg | User Attribute | 32 x 74              | RAM32M x 13  | 
|inst/i_0/\m01_nodes/m01_ar_node/inst /\inst_mi_handler/gen_normal_area.inst_fifo_node_payld/gen_xpm_memory_fifo.inst_fifo/gen_mem_rep[0].inst_xpm_memory /xpm_memory_base_inst       | gen_wr_a.gen_word_narrow.mem_reg | User Attribute | 32 x 164             | RAM32M x 28  | 
|inst/i_0/\m01_nodes/m01_aw_node/inst /\inst_mi_handler/gen_normal_area.inst_fifo_node_payld/gen_xpm_memory_fifo.inst_fifo/gen_mem_rep[0].inst_xpm_memory /xpm_memory_base_inst       | gen_wr_a.gen_word_narrow.mem_reg | User Attribute | 32 x 164             | RAM32M x 28  | 
|inst/i_0/\m01_nodes/m01_b_node/inst /\inst_mi_handler/gen_normal_area.inst_fifo_node_payld/gen_xpm_memory_fifo.inst_fifo/gen_mem_rep[0].inst_xpm_memory /xpm_memory_base_inst        | gen_wr_a.gen_word_narrow.mem_reg | User Attribute | 32 x 7               | RAM32M x 2   | 
|inst/i_0/\m01_nodes/m01_r_node/inst /\inst_mi_handler/gen_normal_area.inst_fifo_node_payld/gen_xpm_memory_fifo.inst_fifo/gen_mem_rep[0].inst_xpm_memory /xpm_memory_base_inst        | gen_wr_a.gen_word_narrow.mem_reg | User Attribute | 32 x 53              | RAM32M x 9   | 
|inst/i_0/\m01_nodes/m01_w_node/inst /\inst_mi_handler/gen_normal_area.inst_fifo_node_payld/gen_xpm_memory_fifo.inst_fifo/gen_mem_rep[0].inst_xpm_memory /xpm_memory_base_inst        | gen_wr_a.gen_word_narrow.mem_reg | User Attribute | 32 x 74              | RAM32M x 13  | 
|inst/i_0/\m02_nodes/m02_ar_node/inst /\inst_mi_handler/gen_normal_area.inst_fifo_node_payld/gen_xpm_memory_fifo.inst_fifo/gen_mem_rep[0].inst_xpm_memory /xpm_memory_base_inst       | gen_wr_a.gen_word_narrow.mem_reg | User Attribute | 32 x 164             | RAM32M x 28  | 
|inst/i_0/\m02_nodes/m02_aw_node/inst /\inst_mi_handler/gen_normal_area.inst_fifo_node_payld/gen_xpm_memory_fifo.inst_fifo/gen_mem_rep[0].inst_xpm_memory /xpm_memory_base_inst       | gen_wr_a.gen_word_narrow.mem_reg | User Attribute | 32 x 164             | RAM32M x 28  | 
|inst/i_0/\m02_nodes/m02_b_node/inst /\inst_mi_handler/gen_normal_area.inst_fifo_node_payld/gen_xpm_memory_fifo.inst_fifo/gen_mem_rep[0].inst_xpm_memory /xpm_memory_base_inst        | gen_wr_a.gen_word_narrow.mem_reg | User Attribute | 32 x 7               | RAM32M x 2   | 
|inst/i_0/\m02_nodes/m02_r_node/inst /\inst_mi_handler/gen_normal_area.inst_fifo_node_payld/gen_xpm_memory_fifo.inst_fifo/gen_mem_rep[0].inst_xpm_memory /xpm_memory_base_inst        | gen_wr_a.gen_word_narrow.mem_reg | User Attribute | 32 x 53              | RAM32M x 9   | 
|inst/i_0/\m02_nodes/m02_w_node/inst /\inst_mi_handler/gen_normal_area.inst_fifo_node_payld/gen_xpm_memory_fifo.inst_fifo/gen_mem_rep[0].inst_xpm_memory /xpm_memory_base_inst        | gen_wr_a.gen_word_narrow.mem_reg | User Attribute | 32 x 74              | RAM32M x 13  | 
|inst/i_0/\m03_nodes/m03_ar_node/inst /\inst_mi_handler/gen_normal_area.inst_fifo_node_payld/gen_xpm_memory_fifo.inst_fifo/gen_mem_rep[0].inst_xpm_memory /xpm_memory_base_inst       | gen_wr_a.gen_word_narrow.mem_reg | User Attribute | 32 x 164             | RAM32M x 28  | 
|inst/i_0/\m03_nodes/m03_aw_node/inst /\inst_mi_handler/gen_normal_area.inst_fifo_node_payld/gen_xpm_memory_fifo.inst_fifo/gen_mem_rep[0].inst_xpm_memory /xpm_memory_base_inst       | gen_wr_a.gen_word_narrow.mem_reg | User Attribute | 32 x 164             | RAM32M x 28  | 
|inst/i_0/\m03_nodes/m03_b_node/inst /\inst_mi_handler/gen_normal_area.inst_fifo_node_payld/gen_xpm_memory_fifo.inst_fifo/gen_mem_rep[0].inst_xpm_memory /xpm_memory_base_inst        | gen_wr_a.gen_word_narrow.mem_reg | User Attribute | 32 x 7               | RAM32M x 2   | 
|inst/i_0/\m03_nodes/m03_r_node/inst /\inst_mi_handler/gen_normal_area.inst_fifo_node_payld/gen_xpm_memory_fifo.inst_fifo/gen_mem_rep[0].inst_xpm_memory /xpm_memory_base_inst        | gen_wr_a.gen_word_narrow.mem_reg | User Attribute | 32 x 53              | RAM32M x 9   | 
|inst/i_0/\m03_nodes/m03_w_node/inst /\inst_mi_handler/gen_normal_area.inst_fifo_node_payld/gen_xpm_memory_fifo.inst_fifo/gen_mem_rep[0].inst_xpm_memory /xpm_memory_base_inst        | gen_wr_a.gen_word_narrow.mem_reg | User Attribute | 32 x 74              | RAM32M x 13  | 
|inst/i_0/\m04_nodes/m04_ar_node/inst /\inst_mi_handler/gen_normal_area.inst_fifo_node_payld/gen_xpm_memory_fifo.inst_fifo/gen_mem_rep[0].inst_xpm_memory /xpm_memory_base_inst       | gen_wr_a.gen_word_narrow.mem_reg | User Attribute | 32 x 164             | RAM32M x 28  | 
|inst/i_0/\m04_nodes/m04_aw_node/inst /\inst_mi_handler/gen_normal_area.inst_fifo_node_payld/gen_xpm_memory_fifo.inst_fifo/gen_mem_rep[0].inst_xpm_memory /xpm_memory_base_inst       | gen_wr_a.gen_word_narrow.mem_reg | User Attribute | 32 x 164             | RAM32M x 28  | 
|inst/i_0/\m04_nodes/m04_b_node/inst /\inst_mi_handler/gen_normal_area.inst_fifo_node_payld/gen_xpm_memory_fifo.inst_fifo/gen_mem_rep[0].inst_xpm_memory /xpm_memory_base_inst        | gen_wr_a.gen_word_narrow.mem_reg | User Attribute | 32 x 7               | RAM32M x 2   | 
|inst/i_0/\m04_nodes/m04_r_node/inst /\inst_mi_handler/gen_normal_area.inst_fifo_node_payld/gen_xpm_memory_fifo.inst_fifo/gen_mem_rep[0].inst_xpm_memory /xpm_memory_base_inst        | gen_wr_a.gen_word_narrow.mem_reg | User Attribute | 32 x 53              | RAM32M x 9   | 
|inst/i_0/\m04_nodes/m04_w_node/inst /\inst_mi_handler/gen_normal_area.inst_fifo_node_payld/gen_xpm_memory_fifo.inst_fifo/gen_mem_rep[0].inst_xpm_memory /xpm_memory_base_inst        | gen_wr_a.gen_word_narrow.mem_reg | User Attribute | 32 x 74              | RAM32M x 13  | 
|inst/i_0/\s00_nodes/s00_ar_node/inst /\inst_mi_handler/gen_normal_area.gen_fifo_req.inst_fifo_req/gen_xpm_memory_fifo.inst_fifo/gen_mem_rep[0].inst_xpm_memory /xpm_memory_base_inst | gen_wr_a.gen_word_narrow.mem_reg | User Attribute | 32 x 22              | RAM32M x 4   | 
|inst/i_0/\s00_nodes/s00_ar_node/inst /\inst_mi_handler/gen_normal_area.inst_fifo_node_payld/gen_xpm_memory_fifo.inst_fifo/gen_mem_rep[0].inst_xpm_memory /xpm_memory_base_inst       | gen_wr_a.gen_word_narrow.mem_reg | User Attribute | 32 x 146             | RAM32M x 25  | 
|inst/i_0/\s00_nodes/s00_aw_node/inst /\inst_mi_handler/gen_normal_area.gen_fifo_req.inst_fifo_req/gen_xpm_memory_fifo.inst_fifo/gen_mem_rep[0].inst_xpm_memory /xpm_memory_base_inst | gen_wr_a.gen_word_narrow.mem_reg | User Attribute | 32 x 22              | RAM32M x 4   | 
|inst/i_0/\s00_nodes/s00_aw_node/inst /\inst_mi_handler/gen_normal_area.inst_fifo_node_payld/gen_xpm_memory_fifo.inst_fifo/gen_mem_rep[0].inst_xpm_memory /xpm_memory_base_inst       | gen_wr_a.gen_word_narrow.mem_reg | User Attribute | 32 x 146             | RAM32M x 25  | 
|inst/i_0/\s00_nodes/s00_b_node/inst /\inst_mi_handler/gen_normal_area.inst_fifo_node_payld/gen_xpm_memory_fifo.inst_fifo/gen_mem_rep[0].inst_xpm_memory /xpm_memory_base_inst        | gen_wr_a.gen_word_narrow.mem_reg | User Attribute | 32 x 27              | RAM32M x 5   | 
|inst/i_0/\s00_nodes/s00_r_node/inst /\inst_mi_handler/gen_normal_area.inst_fifo_node_payld/gen_xpm_memory_fifo.inst_fifo/gen_mem_rep[0].inst_xpm_memory /xpm_memory_base_inst        | gen_wr_a.gen_word_narrow.mem_reg | User Attribute | 32 x 73              | RAM32M x 13  | 
|inst/i_0/\s00_nodes/s00_w_node/inst /\inst_mi_handler/gen_normal_area.gen_fifo_req.inst_fifo_req/gen_xpm_memory_fifo.inst_fifo/gen_mem_rep[0].inst_xpm_memory /xpm_memory_base_inst  | gen_wr_a.gen_word_narrow.mem_reg | User Attribute | 32 x 22              | RAM32M x 4   | 
|inst/i_0/\s00_nodes/s00_w_node/inst /\inst_mi_handler/gen_normal_area.inst_fifo_node_payld/gen_xpm_memory_fifo.inst_fifo/gen_mem_rep[0].inst_xpm_memory /xpm_memory_base_inst        | gen_wr_a.gen_word_narrow.mem_reg | User Attribute | 32 x 56              | RAM32M x 10  | 
+-------------------------------------------------------------------------------------------------------------------------------------------------------------------------------------+----------------------------------+----------------+----------------------+--------------+

Note: The table above is a preliminary report that shows the Distributed RAMs at the current stage of the synthesis flow. Some Distributed RAMs may be reimplemented as non Distributed RAM primitives later in the synthesis flow. Multiple instantiated RAMs are reported only once.
---------------------------------------------------------------------------------
Finished ROM, RAM, DSP, Shift Register and Retiming Reporting
---------------------------------------------------------------------------------
---------------------------------------------------------------------------------
Start Applying XDC Timing Constraints
---------------------------------------------------------------------------------
---------------------------------------------------------------------------------
Finished Applying XDC Timing Constraints : Time (s): cpu = 00:02:10 ; elapsed = 00:02:14 . Memory (MB): peak = 2843.273 ; gain = 1893.281
---------------------------------------------------------------------------------
---------------------------------------------------------------------------------
Start Timing Optimization
---------------------------------------------------------------------------------
---------------------------------------------------------------------------------
Finished Timing Optimization : Time (s): cpu = 00:02:18 ; elapsed = 00:02:22 . Memory (MB): peak = 2843.273 ; gain = 1893.281
---------------------------------------------------------------------------------
---------------------------------------------------------------------------------
Start ROM, RAM, DSP, Shift Register and Retiming Reporting
---------------------------------------------------------------------------------

Distributed RAM: Final Mapping Report
+-------------------------------------------------------------------------------------------------------------------------------------------------------------------------------------+----------------------------------+----------------+----------------------+--------------+
|Module Name                                                                                                                                                                          | RTL Object                       | Inference      | Size (Depth x Width) | Primitives   | 
+-------------------------------------------------------------------------------------------------------------------------------------------------------------------------------------+----------------------------------+----------------+----------------------+--------------+
|inst/i_0/\m00_nodes/m00_ar_node/inst /\inst_mi_handler/gen_normal_area.inst_fifo_node_payld/gen_xpm_memory_fifo.inst_fifo/gen_mem_rep[0].inst_xpm_memory /xpm_memory_base_inst       | gen_wr_a.gen_word_narrow.mem_reg | User Attribute | 32 x 164             | RAM32M x 28  | 
|inst/i_0/\m00_nodes/m00_aw_node/inst /\inst_mi_handler/gen_normal_area.inst_fifo_node_payld/gen_xpm_memory_fifo.inst_fifo/gen_mem_rep[0].inst_xpm_memory /xpm_memory_base_inst       | gen_wr_a.gen_word_narrow.mem_reg | User Attribute | 32 x 164             | RAM32M x 28  | 
|inst/i_0/\m00_nodes/m00_b_node/inst /\inst_mi_handler/gen_normal_area.inst_fifo_node_payld/gen_xpm_memory_fifo.inst_fifo/gen_mem_rep[0].inst_xpm_memory /xpm_memory_base_inst        | gen_wr_a.gen_word_narrow.mem_reg | User Attribute | 32 x 7               | RAM32M x 2   | 
|inst/i_0/\m00_nodes/m00_r_node/inst /\inst_mi_handler/gen_normal_area.inst_fifo_node_payld/gen_xpm_memory_fifo.inst_fifo/gen_mem_rep[0].inst_xpm_memory /xpm_memory_base_inst        | gen_wr_a.gen_word_narrow.mem_reg | User Attribute | 32 x 53              | RAM32M x 9   | 
|inst/i_0/\m00_nodes/m00_w_node/inst /\inst_mi_handler/gen_normal_area.inst_fifo_node_payld/gen_xpm_memory_fifo.inst_fifo/gen_mem_rep[0].inst_xpm_memory /xpm_memory_base_inst        | gen_wr_a.gen_word_narrow.mem_reg | User Attribute | 32 x 74              | RAM32M x 13  | 
|inst/i_0/\m01_nodes/m01_ar_node/inst /\inst_mi_handler/gen_normal_area.inst_fifo_node_payld/gen_xpm_memory_fifo.inst_fifo/gen_mem_rep[0].inst_xpm_memory /xpm_memory_base_inst       | gen_wr_a.gen_word_narrow.mem_reg | User Attribute | 32 x 164             | RAM32M x 28  | 
|inst/i_0/\m01_nodes/m01_aw_node/inst /\inst_mi_handler/gen_normal_area.inst_fifo_node_payld/gen_xpm_memory_fifo.inst_fifo/gen_mem_rep[0].inst_xpm_memory /xpm_memory_base_inst       | gen_wr_a.gen_word_narrow.mem_reg | User Attribute | 32 x 164             | RAM32M x 28  | 
|inst/i_0/\m01_nodes/m01_b_node/inst /\inst_mi_handler/gen_normal_area.inst_fifo_node_payld/gen_xpm_memory_fifo.inst_fifo/gen_mem_rep[0].inst_xpm_memory /xpm_memory_base_inst        | gen_wr_a.gen_word_narrow.mem_reg | User Attribute | 32 x 7               | RAM32M x 2   | 
|inst/i_0/\m01_nodes/m01_r_node/inst /\inst_mi_handler/gen_normal_area.inst_fifo_node_payld/gen_xpm_memory_fifo.inst_fifo/gen_mem_rep[0].inst_xpm_memory /xpm_memory_base_inst        | gen_wr_a.gen_word_narrow.mem_reg | User Attribute | 32 x 53              | RAM32M x 9   | 
|inst/i_0/\m01_nodes/m01_w_node/inst /\inst_mi_handler/gen_normal_area.inst_fifo_node_payld/gen_xpm_memory_fifo.inst_fifo/gen_mem_rep[0].inst_xpm_memory /xpm_memory_base_inst        | gen_wr_a.gen_word_narrow.mem_reg | User Attribute | 32 x 74              | RAM32M x 13  | 
|inst/i_0/\m02_nodes/m02_ar_node/inst /\inst_mi_handler/gen_normal_area.inst_fifo_node_payld/gen_xpm_memory_fifo.inst_fifo/gen_mem_rep[0].inst_xpm_memory /xpm_memory_base_inst       | gen_wr_a.gen_word_narrow.mem_reg | User Attribute | 32 x 164             | RAM32M x 28  | 
|inst/i_0/\m02_nodes/m02_aw_node/inst /\inst_mi_handler/gen_normal_area.inst_fifo_node_payld/gen_xpm_memory_fifo.inst_fifo/gen_mem_rep[0].inst_xpm_memory /xpm_memory_base_inst       | gen_wr_a.gen_word_narrow.mem_reg | User Attribute | 32 x 164             | RAM32M x 28  | 
|inst/i_0/\m02_nodes/m02_b_node/inst /\inst_mi_handler/gen_normal_area.inst_fifo_node_payld/gen_xpm_memory_fifo.inst_fifo/gen_mem_rep[0].inst_xpm_memory /xpm_memory_base_inst        | gen_wr_a.gen_word_narrow.mem_reg | User Attribute | 32 x 7               | RAM32M x 2   | 
|inst/i_0/\m02_nodes/m02_r_node/inst /\inst_mi_handler/gen_normal_area.inst_fifo_node_payld/gen_xpm_memory_fifo.inst_fifo/gen_mem_rep[0].inst_xpm_memory /xpm_memory_base_inst        | gen_wr_a.gen_word_narrow.mem_reg | User Attribute | 32 x 53              | RAM32M x 9   | 
|inst/i_0/\m02_nodes/m02_w_node/inst /\inst_mi_handler/gen_normal_area.inst_fifo_node_payld/gen_xpm_memory_fifo.inst_fifo/gen_mem_rep[0].inst_xpm_memory /xpm_memory_base_inst        | gen_wr_a.gen_word_narrow.mem_reg | User Attribute | 32 x 74              | RAM32M x 13  | 
|inst/i_0/\m03_nodes/m03_ar_node/inst /\inst_mi_handler/gen_normal_area.inst_fifo_node_payld/gen_xpm_memory_fifo.inst_fifo/gen_mem_rep[0].inst_xpm_memory /xpm_memory_base_inst       | gen_wr_a.gen_word_narrow.mem_reg | User Attribute | 32 x 164             | RAM32M x 28  | 
|inst/i_0/\m03_nodes/m03_aw_node/inst /\inst_mi_handler/gen_normal_area.inst_fifo_node_payld/gen_xpm_memory_fifo.inst_fifo/gen_mem_rep[0].inst_xpm_memory /xpm_memory_base_inst       | gen_wr_a.gen_word_narrow.mem_reg | User Attribute | 32 x 164             | RAM32M x 28  | 
|inst/i_0/\m03_nodes/m03_b_node/inst /\inst_mi_handler/gen_normal_area.inst_fifo_node_payld/gen_xpm_memory_fifo.inst_fifo/gen_mem_rep[0].inst_xpm_memory /xpm_memory_base_inst        | gen_wr_a.gen_word_narrow.mem_reg | User Attribute | 32 x 7               | RAM32M x 2   | 
|inst/i_0/\m03_nodes/m03_r_node/inst /\inst_mi_handler/gen_normal_area.inst_fifo_node_payld/gen_xpm_memory_fifo.inst_fifo/gen_mem_rep[0].inst_xpm_memory /xpm_memory_base_inst        | gen_wr_a.gen_word_narrow.mem_reg | User Attribute | 32 x 53              | RAM32M x 9   | 
|inst/i_0/\m03_nodes/m03_w_node/inst /\inst_mi_handler/gen_normal_area.inst_fifo_node_payld/gen_xpm_memory_fifo.inst_fifo/gen_mem_rep[0].inst_xpm_memory /xpm_memory_base_inst        | gen_wr_a.gen_word_narrow.mem_reg | User Attribute | 32 x 74              | RAM32M x 13  | 
|inst/i_0/\m04_nodes/m04_ar_node/inst /\inst_mi_handler/gen_normal_area.inst_fifo_node_payld/gen_xpm_memory_fifo.inst_fifo/gen_mem_rep[0].inst_xpm_memory /xpm_memory_base_inst       | gen_wr_a.gen_word_narrow.mem_reg | User Attribute | 32 x 164             | RAM32M x 28  | 
|inst/i_0/\m04_nodes/m04_aw_node/inst /\inst_mi_handler/gen_normal_area.inst_fifo_node_payld/gen_xpm_memory_fifo.inst_fifo/gen_mem_rep[0].inst_xpm_memory /xpm_memory_base_inst       | gen_wr_a.gen_word_narrow.mem_reg | User Attribute | 32 x 164             | RAM32M x 28  | 
|inst/i_0/\m04_nodes/m04_b_node/inst /\inst_mi_handler/gen_normal_area.inst_fifo_node_payld/gen_xpm_memory_fifo.inst_fifo/gen_mem_rep[0].inst_xpm_memory /xpm_memory_base_inst        | gen_wr_a.gen_word_narrow.mem_reg | User Attribute | 32 x 7               | RAM32M x 2   | 
|inst/i_0/\m04_nodes/m04_r_node/inst /\inst_mi_handler/gen_normal_area.inst_fifo_node_payld/gen_xpm_memory_fifo.inst_fifo/gen_mem_rep[0].inst_xpm_memory /xpm_memory_base_inst        | gen_wr_a.gen_word_narrow.mem_reg | User Attribute | 32 x 53              | RAM32M x 9   | 
|inst/i_0/\m04_nodes/m04_w_node/inst /\inst_mi_handler/gen_normal_area.inst_fifo_node_payld/gen_xpm_memory_fifo.inst_fifo/gen_mem_rep[0].inst_xpm_memory /xpm_memory_base_inst        | gen_wr_a.gen_word_narrow.mem_reg | User Attribute | 32 x 74              | RAM32M x 13  | 
|inst/i_0/\s00_nodes/s00_ar_node/inst /\inst_mi_handler/gen_normal_area.gen_fifo_req.inst_fifo_req/gen_xpm_memory_fifo.inst_fifo/gen_mem_rep[0].inst_xpm_memory /xpm_memory_base_inst | gen_wr_a.gen_word_narrow.mem_reg | User Attribute | 32 x 22              | RAM32M x 4   | 
|inst/i_0/\s00_nodes/s00_ar_node/inst /\inst_mi_handler/gen_normal_area.inst_fifo_node_payld/gen_xpm_memory_fifo.inst_fifo/gen_mem_rep[0].inst_xpm_memory /xpm_memory_base_inst       | gen_wr_a.gen_word_narrow.mem_reg | User Attribute | 32 x 146             | RAM32M x 25  | 
|inst/i_0/\s00_nodes/s00_aw_node/inst /\inst_mi_handler/gen_normal_area.gen_fifo_req.inst_fifo_req/gen_xpm_memory_fifo.inst_fifo/gen_mem_rep[0].inst_xpm_memory /xpm_memory_base_inst | gen_wr_a.gen_word_narrow.mem_reg | User Attribute | 32 x 22              | RAM32M x 4   | 
|inst/i_0/\s00_nodes/s00_aw_node/inst /\inst_mi_handler/gen_normal_area.inst_fifo_node_payld/gen_xpm_memory_fifo.inst_fifo/gen_mem_rep[0].inst_xpm_memory /xpm_memory_base_inst       | gen_wr_a.gen_word_narrow.mem_reg | User Attribute | 32 x 146             | RAM32M x 25  | 
|inst/i_0/\s00_nodes/s00_b_node/inst /\inst_mi_handler/gen_normal_area.inst_fifo_node_payld/gen_xpm_memory_fifo.inst_fifo/gen_mem_rep[0].inst_xpm_memory /xpm_memory_base_inst        | gen_wr_a.gen_word_narrow.mem_reg | User Attribute | 32 x 27              | RAM32M x 5   | 
|inst/i_0/\s00_nodes/s00_r_node/inst /\inst_mi_handler/gen_normal_area.inst_fifo_node_payld/gen_xpm_memory_fifo.inst_fifo/gen_mem_rep[0].inst_xpm_memory /xpm_memory_base_inst        | gen_wr_a.gen_word_narrow.mem_reg | User Attribute | 32 x 73              | RAM32M x 13  | 
|inst/i_0/\s00_nodes/s00_w_node/inst /\inst_mi_handler/gen_normal_area.gen_fifo_req.inst_fifo_req/gen_xpm_memory_fifo.inst_fifo/gen_mem_rep[0].inst_xpm_memory /xpm_memory_base_inst  | gen_wr_a.gen_word_narrow.mem_reg | User Attribute | 32 x 22              | RAM32M x 4   | 
|inst/i_0/\s00_nodes/s00_w_node/inst /\inst_mi_handler/gen_normal_area.inst_fifo_node_payld/gen_xpm_memory_fifo.inst_fifo/gen_mem_rep[0].inst_xpm_memory /xpm_memory_base_inst        | gen_wr_a.gen_word_narrow.mem_reg | User Attribute | 32 x 56              | RAM32M x 10  | 
+-------------------------------------------------------------------------------------------------------------------------------------------------------------------------------------+----------------------------------+----------------+----------------------+--------------+

---------------------------------------------------------------------------------
Finished ROM, RAM, DSP, Shift Register and Retiming Reporting
---------------------------------------------------------------------------------
---------------------------------------------------------------------------------
Start Technology Mapping
---------------------------------------------------------------------------------
---------------------------------------------------------------------------------
Finished Technology Mapping : Time (s): cpu = 00:02:24 ; elapsed = 00:02:28 . Memory (MB): peak = 2843.273 ; gain = 1893.281
---------------------------------------------------------------------------------
---------------------------------------------------------------------------------
Start IO Insertion
---------------------------------------------------------------------------------
---------------------------------------------------------------------------------
Start Flattening Before IO Insertion
---------------------------------------------------------------------------------
---------------------------------------------------------------------------------
Finished Flattening Before IO Insertion
---------------------------------------------------------------------------------
---------------------------------------------------------------------------------
Start Final Netlist Cleanup
---------------------------------------------------------------------------------
---------------------------------------------------------------------------------
Finished Final Netlist Cleanup
---------------------------------------------------------------------------------
---------------------------------------------------------------------------------
Finished IO Insertion : Time (s): cpu = 00:02:27 ; elapsed = 00:02:32 . Memory (MB): peak = 2843.273 ; gain = 1893.281
---------------------------------------------------------------------------------
---------------------------------------------------------------------------------
Start Renaming Generated Instances
---------------------------------------------------------------------------------
---------------------------------------------------------------------------------
Finished Renaming Generated Instances : Time (s): cpu = 00:02:27 ; elapsed = 00:02:32 . Memory (MB): peak = 2843.273 ; gain = 1893.281
---------------------------------------------------------------------------------
---------------------------------------------------------------------------------
Start Rebuilding User Hierarchy
---------------------------------------------------------------------------------
---------------------------------------------------------------------------------
Finished Rebuilding User Hierarchy : Time (s): cpu = 00:02:28 ; elapsed = 00:02:33 . Memory (MB): peak = 2843.273 ; gain = 1893.281
---------------------------------------------------------------------------------
---------------------------------------------------------------------------------
Start Renaming Generated Ports
---------------------------------------------------------------------------------
---------------------------------------------------------------------------------
Finished Renaming Generated Ports : Time (s): cpu = 00:02:28 ; elapsed = 00:02:33 . Memory (MB): peak = 2843.273 ; gain = 1893.281
---------------------------------------------------------------------------------
---------------------------------------------------------------------------------
Start Handling Custom Attributes
---------------------------------------------------------------------------------
---------------------------------------------------------------------------------
Finished Handling Custom Attributes : Time (s): cpu = 00:02:29 ; elapsed = 00:02:33 . Memory (MB): peak = 2843.273 ; gain = 1893.281
---------------------------------------------------------------------------------
---------------------------------------------------------------------------------
Start Renaming Generated Nets
---------------------------------------------------------------------------------
---------------------------------------------------------------------------------
Finished Renaming Generated Nets : Time (s): cpu = 00:02:29 ; elapsed = 00:02:33 . Memory (MB): peak = 2843.273 ; gain = 1893.281
---------------------------------------------------------------------------------
---------------------------------------------------------------------------------
Start ROM, RAM, DSP, Shift Register and Retiming Reporting
---------------------------------------------------------------------------------

Dynamic Shift Register Report:
+------------+---------------+--------+------------+--------+---------+--------+--------+--------+
|Module Name | RTL Name      | Length | Data Width | SRL16E | SRLC32E | Mux F7 | Mux F8 | Mux F9 | 
+------------+---------------+--------+------------+--------+---------+--------+--------+--------+
|dsrl        | shift_reg_reg | 16     | 1          | 1      | 0       | 0      | 0      | 0      | 
|dsrl__1     | shift_reg_reg | 32     | 1          | 0      | 1       | 0      | 0      | 0      | 
|dsrl__2     | shift_reg_reg | 4      | 1          | 1      | 0       | 0      | 0      | 0      | 
+------------+---------------+--------+------------+--------+---------+--------+--------+--------+

---------------------------------------------------------------------------------
Finished ROM, RAM, DSP, Shift Register and Retiming Reporting
---------------------------------------------------------------------------------
---------------------------------------------------------------------------------
Start Writing Synthesis Report
---------------------------------------------------------------------------------

Report BlackBoxes: 
+-+--------------+----------+
| |BlackBox name |Instances |
+-+--------------+----------+
+-+--------------+----------+

Report Cell Usage: 
+------+---------+------+
|      |Cell     |Count |
+------+---------+------+
|1     |CARRY4   |    23|
|2     |LUT1     |   428|
|3     |LUT2     |   553|
|4     |LUT3     |  1709|
|5     |LUT4     |  1169|
|6     |LUT5     |  1173|
|7     |LUT6     |  2172|
|8     |MUXF7    |    12|
|9     |RAM32M   |   210|
|10    |RAM32X1D |    11|
|11    |SRL16    |     1|
|12    |SRL16E   |   208|
|13    |SRLC32E  |   185|
|14    |FDCE     |   204|
|15    |FDR      |     4|
|16    |FDRE     |  7053|
|17    |FDSE     |   383|
+------+---------+------+
---------------------------------------------------------------------------------
Finished Writing Synthesis Report : Time (s): cpu = 00:02:29 ; elapsed = 00:02:34 . Memory (MB): peak = 2843.273 ; gain = 1893.281
---------------------------------------------------------------------------------
Synthesis finished with 0 errors, 0 critical warnings and 4645 warnings.
Synthesis Optimization Runtime : Time (s): cpu = 00:01:43 ; elapsed = 00:02:03 . Memory (MB): peak = 2843.273 ; gain = 751.758
Synthesis Optimization Complete : Time (s): cpu = 00:02:29 ; elapsed = 00:02:34 . Memory (MB): peak = 2843.273 ; gain = 1893.281
INFO: [Project 1-571] Translating synthesized netlist
Netlist sorting complete. Time (s): cpu = 00:00:00 ; elapsed = 00:00:00.361 . Memory (MB): peak = 2843.273 ; gain = 0.000
INFO: [Netlist 29-17] Analyzing 261 Unisim elements for replacement
INFO: [Netlist 29-28] Unisim Transformation completed in 0 CPU seconds
INFO: [Project 1-570] Preparing netlist for logic optimization
INFO: [Opt 31-138] Pushed 0 inverter(s) to 0 load pin(s).
Netlist sorting complete. Time (s): cpu = 00:00:00 ; elapsed = 00:00:00.009 . Memory (MB): peak = 2843.273 ; gain = 0.000
INFO: [Project 1-111] Unisim Transformation Summary:
  A total of 226 instances were transformed.
  FDR => FDRE: 4 instances
  RAM32M => RAM32M (RAMD32(x6), RAMS32(x2)): 210 instances
  RAM32X1D => RAM32X1D (RAMD32(x2)): 11 instances
  SRL16 => SRL16E: 1 instance 

系統找不到指定的路徑。
Synth Design complete | Checksum: f31a1189
INFO: [Common 17-83] Releasing license: Synthesis
281 Infos, 107 Warnings, 0 Critical Warnings and 0 Errors encountered.
synth_design completed successfully
synth_design: Time (s): cpu = 00:02:36 ; elapsed = 00:02:42 . Memory (MB): peak = 2843.273 ; gain = 2320.465
Write ShapeDB Complete: Time (s): cpu = 00:00:00 ; elapsed = 00:00:00.016 . Memory (MB): peak = 2843.273 ; gain = 0.000
INFO: [Common 17-1381] The checkpoint 'C:/RFC-8439-fpga-implementation/RFC8439_sys/RFC8439_sys.runs/design_1_axi_smc_1_synth_1/design_1_axi_smc_1.dcp' has been generated.
INFO: [Coretcl 2-1648] Added synthesis output to IP cache for IP design_1_axi_smc_1, cache-ID = eb30f7b1618eacd6
INFO: [Coretcl 2-1174] Renamed 1157 cell refs.
Write ShapeDB Complete: Time (s): cpu = 00:00:00 ; elapsed = 00:00:00.014 . Memory (MB): peak = 2843.273 ; gain = 0.000
INFO: [Common 17-1381] The checkpoint 'C:/RFC-8439-fpga-implementation/RFC8439_sys/RFC8439_sys.runs/design_1_axi_smc_1_synth_1/design_1_axi_smc_1.dcp' has been generated.
INFO: [runtcl-4] Executing : report_utilization -file design_1_axi_smc_1_utilization_synth.rpt -pb design_1_axi_smc_1_utilization_synth.pb
INFO: [Common 17-206] Exiting Vivado at Sat May 23 02:12:27 2026...
