Copyright 1986-2022 Xilinx, Inc. All Rights Reserved. Copyright 2022-2023 Advanced Micro Devices, Inc. All Rights Reserved.
---------------------------------------------------------------------------------------------------------------------------------------------
| Tool Version : Vivado v.2023.2 (win64) Build 4029153 Fri Oct 13 20:14:34 MDT 2023
| Date         : Sat May 16 16:15:47 2026
| Host         : LAPTOP-9PRMHLIN running 64-bit major release  (build 9200)
| Command      : report_control_sets -verbose -file design_1_wrapper_control_sets_placed.rpt
| Design       : design_1_wrapper
| Device       : xc7z020
---------------------------------------------------------------------------------------------------------------------------------------------

Control Set Information

Table of Contents
-----------------
1. Summary
2. Histogram
3. Flip-Flop Distribution
4. Detailed Control Set Information

1. Summary
----------

+----------------------------------------------------------+-------+
|                          Status                          | Count |
+----------------------------------------------------------+-------+
| Total control sets                                       |   441 |
|    Minimum number of control sets                        |   441 |
|    Addition due to synthesis replication                 |     0 |
|    Addition due to physical synthesis replication        |     0 |
| Unused register locations in slices containing registers |  1209 |
+----------------------------------------------------------+-------+
* Control sets can be merged at opt_design using control_set_merge or merge_equivalent_drivers
** Run report_qor_suggestions for automated merging and remapping suggestions


2. Histogram
------------

+--------------------+-------+
|       Fanout       | Count |
+--------------------+-------+
| Total control sets |   441 |
| >= 0 to < 4        |    51 |
| >= 4 to < 6        |    77 |
| >= 6 to < 8        |    24 |
| >= 8 to < 10       |   107 |
| >= 10 to < 12      |    10 |
| >= 12 to < 14      |    39 |
| >= 14 to < 16      |     1 |
| >= 16              |   132 |
+--------------------+-------+
* Control sets can be remapped at either synth_design or opt_design


3. Flip-Flop Distribution
-------------------------

+--------------+-----------------------+------------------------+-----------------+--------------+
| Clock Enable | Synchronous Set/Reset | Asynchronous Set/Reset | Total Registers | Total Slices |
+--------------+-----------------------+------------------------+-----------------+--------------+
| No           | No                    | No                     |             440 |          165 |
| No           | No                    | Yes                    |             134 |           60 |
| No           | Yes                   | No                     |             468 |          239 |
| Yes          | No                    | No                     |            2886 |          821 |
| Yes          | No                    | Yes                    |            3050 |         1196 |
| Yes          | Yes                   | No                     |            2109 |          647 |
+--------------+-----------------------+------------------------+-----------------+--------------+


4. Detailed Control Set Information
-----------------------------------

+-------------------------------------------------+------------------------------------------------------------------------------------------------------------------------------------------------------------------------------------------------------------+------------------------------------------------------------------------------------------------------------------------------------------------------------------------------------------+------------------+----------------+--------------+
|                   Clock Signal                  |                                                                                                Enable Signal                                                                                               |                                                                                     Set/Reset Signal                                                                                     | Slice Load Count | Bel Load Count | Bels / Slice |
+-------------------------------------------------+------------------------------------------------------------------------------------------------------------------------------------------------------------------------------------------------------------+------------------------------------------------------------------------------------------------------------------------------------------------------------------------------------------+------------------+----------------+--------------+
|  design_1_i/processing_system7_0/inst/FCLK_CLK0 |                                                                                                                                                                                                            | design_1_i/axi_smc/inst/s00_nodes/s00_w_node/inst/mi_handler_m_sc_areset                                                                                                                 |                1 |              1 |         1.00 |
|  design_1_i/processing_system7_0/inst/FCLK_CLK0 |                                                                                                                                                                                                            | design_1_i/axi_smc/inst/m02_nodes/m02_b_node/inst/mi_handler_m_sc_areset                                                                                                                 |                1 |              1 |         1.00 |
|  design_1_i/processing_system7_0/inst/FCLK_CLK0 |                                                                                                                                                                                                            | design_1_i/axi_smc/inst/s00_nodes/s00_r_node/inst/s_sc_areset_pipe                                                                                                                       |                1 |              1 |         1.00 |
|  design_1_i/processing_system7_0/inst/FCLK_CLK0 |                                                                                                                                                                                                            | design_1_i/axi_smc/inst/m00_nodes/m00_ar_node/inst/mi_handler_m_sc_areset                                                                                                                |                1 |              1 |         1.00 |
|  design_1_i/processing_system7_0/inst/FCLK_CLK0 |                                                                                                                                                                                                            | design_1_i/axi_smc/inst/m02_nodes/m02_w_node/inst/s_sc_areset_pipe                                                                                                                       |                1 |              1 |         1.00 |
|  design_1_i/processing_system7_0/inst/FCLK_CLK0 |                                                                                                                                                                                                            | design_1_i/axi_smc/inst/m00_nodes/m00_ar_node/inst/s_sc_areset_pipe                                                                                                                      |                1 |              1 |         1.00 |
|  design_1_i/processing_system7_0/inst/FCLK_CLK0 |                                                                                                                                                                                                            | design_1_i/axi_smc/inst/m02_nodes/m02_aw_node/inst/mi_handler_m_sc_areset                                                                                                                |                1 |              1 |         1.00 |
|  design_1_i/processing_system7_0/inst/FCLK_CLK0 |                                                                                                                                                                                                            | design_1_i/axi_smc/inst/m02_nodes/m02_w_node/inst/mi_handler_m_sc_areset                                                                                                                 |                1 |              1 |         1.00 |
|  design_1_i/processing_system7_0/inst/FCLK_CLK0 |                                                                                                                                                                                                            | design_1_i/axi_smc/inst/m02_nodes/m02_aw_node/inst/s_sc_areset_pipe                                                                                                                      |                1 |              1 |         1.00 |
|  design_1_i/processing_system7_0/inst/FCLK_CLK0 |                                                                                                                                                                                                            | design_1_i/axi_smc/inst/s00_nodes/s00_w_node/inst/s_sc_areset_pipe                                                                                                                       |                1 |              1 |         1.00 |
|  design_1_i/processing_system7_0/inst/FCLK_CLK0 |                                                                                                                                                                                                            | design_1_i/axi_smc/inst/m02_nodes/m02_r_node/inst/mi_handler_m_sc_areset                                                                                                                 |                1 |              1 |         1.00 |
|  design_1_i/processing_system7_0/inst/FCLK_CLK0 |                                                                                                                                                                                                            | design_1_i/axi_smc/inst/m00_nodes/m00_b_node/inst/mi_handler_m_sc_areset                                                                                                                 |                1 |              1 |         1.00 |
|  design_1_i/processing_system7_0/inst/FCLK_CLK0 |                                                                                                                                                                                                            | design_1_i/axi_smc/inst/m00_nodes/m00_b_node/inst/s_sc_areset_pipe                                                                                                                       |                1 |              1 |         1.00 |
|  design_1_i/processing_system7_0/inst/FCLK_CLK0 |                                                                                                                                                                                                            | design_1_i/axi_smc/inst/m02_nodes/m02_r_node/inst/s_sc_areset_pipe                                                                                                                       |                1 |              1 |         1.00 |
|  design_1_i/processing_system7_0/inst/FCLK_CLK0 |                                                                                                                                                                                                            | design_1_i/axi_smc/inst/m02_nodes/m02_b_node/inst/s_sc_areset_pipe                                                                                                                       |                1 |              1 |         1.00 |
|  design_1_i/processing_system7_0/inst/FCLK_CLK0 |                                                                                                                                                                                                            | design_1_i/axi_smc/inst/m00_nodes/m00_r_node/inst/s_sc_areset_pipe                                                                                                                       |                1 |              1 |         1.00 |
|  design_1_i/processing_system7_0/inst/FCLK_CLK0 |                                                                                                                                                                                                            | design_1_i/axi_smc/inst/m00_nodes/m00_r_node/inst/mi_handler_m_sc_areset                                                                                                                 |                1 |              1 |         1.00 |
|  design_1_i/processing_system7_0/inst/FCLK_CLK0 |                                                                                                                                                                                                            | design_1_i/axi_smc/inst/m00_nodes/m00_w_node/inst/mi_handler_m_sc_areset                                                                                                                 |                1 |              1 |         1.00 |
|  design_1_i/processing_system7_0/inst/FCLK_CLK0 |                                                                                                                                                                                                            | design_1_i/axi_smc/inst/m00_nodes/m00_aw_node/inst/mi_handler_m_sc_areset                                                                                                                |                1 |              1 |         1.00 |
|  design_1_i/processing_system7_0/inst/FCLK_CLK0 |                                                                                                                                                                                                            | design_1_i/axi_smc/inst/m00_nodes/m00_aw_node/inst/s_sc_areset_pipe                                                                                                                      |                1 |              1 |         1.00 |
|  design_1_i/processing_system7_0/inst/FCLK_CLK0 |                                                                                                                                                                                                            | design_1_i/axi_smc/inst/s00_nodes/s00_aw_node/inst/s_sc_areset_pipe                                                                                                                      |                1 |              1 |         1.00 |
|  design_1_i/processing_system7_0/inst/FCLK_CLK0 |                                                                                                                                                                                                            | design_1_i/axi_smc/inst/s00_nodes/s00_ar_node/inst/s_sc_areset_pipe                                                                                                                      |                1 |              1 |         1.00 |
|  design_1_i/processing_system7_0/inst/FCLK_CLK0 |                                                                                                                                                                                                            | design_1_i/axi_smc/inst/s00_nodes/s00_ar_node/inst/mi_handler_m_sc_areset                                                                                                                |                1 |              1 |         1.00 |
|  design_1_i/processing_system7_0/inst/FCLK_CLK0 |                                                                                                                                                                                                            | design_1_i/axi_smc/inst/m00_nodes/m00_w_node/inst/s_sc_areset_pipe                                                                                                                       |                1 |              1 |         1.00 |
|  design_1_i/processing_system7_0/inst/FCLK_CLK0 |                                                                                                                                                                                                            | design_1_i/axi_smc/inst/s00_nodes/s00_aw_node/inst/mi_handler_m_sc_areset                                                                                                                |                1 |              1 |         1.00 |
|  design_1_i/processing_system7_0/inst/FCLK_CLK0 |                                                                                                                                                                                                            | design_1_i/axi_smc/inst/m02_nodes/m02_ar_node/inst/mi_handler_m_sc_areset                                                                                                                |                1 |              1 |         1.00 |
|  design_1_i/processing_system7_0/inst/FCLK_CLK0 |                                                                                                                                                                                                            | design_1_i/axi_smc/inst/m02_nodes/m02_ar_node/inst/s_sc_areset_pipe                                                                                                                      |                1 |              1 |         1.00 |
|  design_1_i/processing_system7_0/inst/FCLK_CLK0 |                                                                                                                                                                                                            | design_1_i/axi_smc/inst/s00_nodes/s00_b_node/inst/s_sc_areset_pipe                                                                                                                       |                1 |              1 |         1.00 |
|  design_1_i/processing_system7_0/inst/FCLK_CLK0 | design_1_i/axi_smc/inst/s00_entry_pipeline/s00_mmu/inst/gen_wroute_fifo.wroute_fifo/gen_srls[2].srl_nx1/shift_qual                                                                                         |                                                                                                                                                                                          |                1 |              2 |         2.00 |
|  design_1_i/processing_system7_0/inst/FCLK_CLK0 |                                                                                                                                                                                                            | design_1_i/axi_smc/inst/s00_entry_pipeline/s00_mmu/inst/xpm_cdc_async_rst_inst/reset_pol                                                                                                 |                1 |              3 |         3.00 |
|  design_1_i/processing_system7_0/inst/FCLK_CLK0 |                                                                                                                                                                                                            | design_1_i/axi_smc/inst/m00_nodes/m00_w_node/inst/s_sc_xpm_cdc_async_rst_inst/reset_pol                                                                                                  |                1 |              3 |         3.00 |
|  design_1_i/processing_system7_0/inst/FCLK_CLK0 |                                                                                                                                                                                                            | design_1_i/axi_smc/inst/s00_entry_pipeline/s00_si_converter/inst/xpm_cdc_async_rst_inst/reset_pol                                                                                        |                1 |              3 |         3.00 |
|  design_1_i/processing_system7_0/inst/FCLK_CLK0 |                                                                                                                                                                                                            | design_1_i/axi_smc/inst/s00_nodes/s00_w_node/inst/s_sc_xpm_cdc_async_rst_inst/reset_pol                                                                                                  |                1 |              3 |         3.00 |
|  design_1_i/processing_system7_0/inst/FCLK_CLK0 |                                                                                                                                                                                                            | design_1_i/axi_smc/inst/m02_nodes/m02_ar_node/inst/s_sc_xpm_cdc_async_rst_inst/reset_pol                                                                                                 |                1 |              3 |         3.00 |
|  design_1_i/processing_system7_0/inst/FCLK_CLK0 |                                                                                                                                                                                                            | design_1_i/axi_smc/inst/m00_nodes/m00_aw_node/inst/s_sc_xpm_cdc_async_rst_inst/reset_pol                                                                                                 |                1 |              3 |         3.00 |
|  design_1_i/processing_system7_0/inst/FCLK_CLK0 |                                                                                                                                                                                                            | design_1_i/axi_smc/inst/s00_entry_pipeline/s00_transaction_regulator/inst/xpm_cdc_async_rst_inst/reset_pol                                                                               |                1 |              3 |         3.00 |
|  design_1_i/processing_system7_0/inst/FCLK_CLK0 |                                                                                                                                                                                                            | design_1_i/axi_smc/inst/m00_nodes/m00_b_node/inst/s_sc_xpm_cdc_async_rst_inst/reset_pol                                                                                                  |                1 |              3 |         3.00 |
|  design_1_i/processing_system7_0/inst/FCLK_CLK0 |                                                                                                                                                                                                            | design_1_i/axi_smc/inst/m02_nodes/m02_b_node/inst/s_sc_xpm_cdc_async_rst_inst/reset_pol                                                                                                  |                1 |              3 |         3.00 |
|  design_1_i/processing_system7_0/inst/FCLK_CLK0 | design_1_i/axi_smc/inst/m02_exit_pipeline/m02_exit/inst/exit_inst/gen_w_cmd_fifo.w_cmd_fifo/gen_srls[3].srl_nx1/shift_qual                                                                                 |                                                                                                                                                                                          |                1 |              3 |         3.00 |
|  design_1_i/processing_system7_0/inst/FCLK_CLK0 |                                                                                                                                                                                                            | design_1_i/axi_smc/inst/m02_nodes/m02_r_node/inst/s_sc_xpm_cdc_async_rst_inst/reset_pol                                                                                                  |                1 |              3 |         3.00 |
|  design_1_i/processing_system7_0/inst/FCLK_CLK0 |                                                                                                                                                                                                            | design_1_i/axi_smc/inst/m02_exit_pipeline/m02_exit/inst/xpm_cdc_async_rst_inst/reset_pol                                                                                                 |                1 |              3 |         3.00 |
|  design_1_i/processing_system7_0/inst/FCLK_CLK0 |                                                                                                                                                                                                            | design_1_i/axi_smc/inst/m02_nodes/m02_w_node/inst/s_sc_xpm_cdc_async_rst_inst/reset_pol                                                                                                  |                1 |              3 |         3.00 |
|  design_1_i/processing_system7_0/inst/FCLK_CLK0 |                                                                                                                                                                                                            | design_1_i/axi_smc/inst/m00_exit_pipeline/m00_exit/inst/xpm_cdc_async_rst_inst/reset_pol                                                                                                 |                1 |              3 |         3.00 |
|  design_1_i/processing_system7_0/inst/FCLK_CLK0 |                                                                                                                                                                                                            | design_1_i/axi_smc/inst/s00_nodes/s00_aw_node/inst/s_sc_xpm_cdc_async_rst_inst/reset_pol                                                                                                 |                1 |              3 |         3.00 |
|  design_1_i/processing_system7_0/inst/FCLK_CLK0 |                                                                                                                                                                                                            | design_1_i/axi_smc/inst/s00_nodes/s00_ar_node/inst/s_sc_xpm_cdc_async_rst_inst/reset_pol                                                                                                 |                1 |              3 |         3.00 |
|  design_1_i/processing_system7_0/inst/FCLK_CLK0 |                                                                                                                                                                                                            | design_1_i/axi_smc/inst/s00_nodes/s00_r_node/inst/s_sc_xpm_cdc_async_rst_inst/reset_pol                                                                                                  |                1 |              3 |         3.00 |
|  design_1_i/processing_system7_0/inst/FCLK_CLK0 |                                                                                                                                                                                                            | design_1_i/axi_smc/inst/m00_nodes/m00_r_node/inst/s_sc_xpm_cdc_async_rst_inst/reset_pol                                                                                                  |                1 |              3 |         3.00 |
|  design_1_i/processing_system7_0/inst/FCLK_CLK0 |                                                                                                                                                                                                            | design_1_i/axi_smc/inst/s00_nodes/s00_b_node/inst/s_sc_xpm_cdc_async_rst_inst/reset_pol                                                                                                  |                1 |              3 |         3.00 |
|  design_1_i/processing_system7_0/inst/FCLK_CLK0 |                                                                                                                                                                                                            | design_1_i/axi_smc/inst/m00_nodes/m00_ar_node/inst/s_sc_xpm_cdc_async_rst_inst/reset_pol                                                                                                 |                1 |              3 |         3.00 |
|  design_1_i/processing_system7_0/inst/FCLK_CLK0 | design_1_i/axi_smc/inst/m00_exit_pipeline/m00_exit/inst/exit_inst/gen_w_cmd_fifo.w_cmd_fifo/gen_srls[3].srl_nx1/shift_qual                                                                                 |                                                                                                                                                                                          |                1 |              3 |         3.00 |
|  design_1_i/processing_system7_0/inst/FCLK_CLK0 |                                                                                                                                                                                                            | design_1_i/axi_smc/inst/m02_nodes/m02_aw_node/inst/s_sc_xpm_cdc_async_rst_inst/reset_pol                                                                                                 |                1 |              3 |         3.00 |
|  design_1_i/processing_system7_0/inst/FCLK_CLK0 | design_1_i/axi_smc/inst/s00_entry_pipeline/s00_si_converter/inst/converter.wrap_narrow_inst/gen_thread_loop[2].r_payld_fifo/cmd_fifo/fifoaddr[3]_i_1__5_n_0                                                | design_1_i/axi_smc/inst/s00_entry_pipeline/s00_si_converter/inst/areset                                                                                                                  |                1 |              4 |         4.00 |
|  design_1_i/processing_system7_0/inst/FCLK_CLK0 |                                                                                                                                                                                                            | design_1_i/axi_smc/inst/m00_nodes/m00_ar_node/inst/inst_mi_handler/m_sc_areset_r                                                                                                         |                4 |              4 |         1.00 |
|  design_1_i/processing_system7_0/inst/FCLK_CLK0 | design_1_i/axi_smc/inst/s00_entry_pipeline/s00_si_converter/inst/gen_normal.splitter_inst/gen_no_wsplitter.gen_endpoint_woffset.gen_wbypass_offset_fifo.wbypass_offset_fifo/fifoaddr[3]_i_1__14_n_0        | design_1_i/axi_smc/inst/s00_entry_pipeline/s00_si_converter/inst/areset                                                                                                                  |                1 |              4 |         4.00 |
|  design_1_i/processing_system7_0/inst/FCLK_CLK0 |                                                                                                                                                                                                            | design_1_i/axi_smc/inst/s00_entry_pipeline/s00_si_converter/inst/converter.wrap_narrow_inst/gen_thread_loop[0].r_payld_fifo/areset_reg                                                   |                2 |              4 |         2.00 |
|  design_1_i/processing_system7_0/inst/FCLK_CLK0 |                                                                                                                                                                                                            | design_1_i/axi_smc/inst/clk_map/psr_aclk/U0/EXT_LPF/lpf_int                                                                                                                              |                3 |              4 |         1.33 |
|  design_1_i/processing_system7_0/inst/FCLK_CLK0 | design_1_i/axi_smc/inst/m02_exit_pipeline/m02_exit/inst/splitter_inst/gen_axi4lite.axilite_conv/E[0]                                                                                                       | design_1_i/axi_smc/inst/m02_exit_pipeline/m02_exit/inst/areset                                                                                                                           |                1 |              4 |         4.00 |
|  design_1_i/processing_system7_0/inst/FCLK_CLK0 | design_1_i/axi_smc/inst/m00_exit_pipeline/m00_exit/inst/exit_inst/gen_w_cmd_fifo.w_cmd_fifo/fifoaddr[3]_i_1__0_n_0                                                                                         | design_1_i/axi_smc/inst/m00_exit_pipeline/m00_exit/inst/areset                                                                                                                           |                1 |              4 |         4.00 |
|  design_1_i/processing_system7_0/inst/FCLK_CLK0 | design_1_i/axi_smc/inst/m02_exit_pipeline/m02_exit/inst/ar_reg/m_vector_i                                                                                                                                  |                                                                                                                                                                                          |                1 |              4 |         4.00 |
|  design_1_i/processing_system7_0/inst/FCLK_CLK0 |                                                                                                                                                                                                            | design_1_i/axi_smc/inst/m02_nodes/m02_w_node/inst/inst_mi_handler/m_sc_areset_r                                                                                                          |                2 |              4 |         2.00 |
|  design_1_i/processing_system7_0/inst/FCLK_CLK0 | design_1_i/axi_smc/inst/s00_entry_pipeline/s00_si_converter/inst/converter.wrap_narrow_inst/gen_thread_loop[2].r_cmd_fifo/fifoaddr[3]_i_1__7_n_0                                                           | design_1_i/axi_smc/inst/s00_entry_pipeline/s00_si_converter/inst/areset                                                                                                                  |                1 |              4 |         4.00 |
|  design_1_i/processing_system7_0/inst/FCLK_CLK0 | design_1_i/axi_smc/inst/m02_exit_pipeline/m02_exit/inst/exit_inst/gen_w_cmd_fifo.w_cmd_fifo/fifoaddr[3]_i_1__0_n_0                                                                                         | design_1_i/axi_smc/inst/m02_exit_pipeline/m02_exit/inst/areset                                                                                                                           |                1 |              4 |         4.00 |
|  design_1_i/processing_system7_0/inst/FCLK_CLK0 | design_1_i/axi_smc/inst/s00_entry_pipeline/s00_si_converter/inst/converter.wrap_narrow_inst/gen_thread_loop[1].r_payld_fifo/E[0]                                                                           | design_1_i/axi_smc/inst/s00_entry_pipeline/s00_si_converter/inst/areset                                                                                                                  |                1 |              4 |         4.00 |
|  design_1_i/processing_system7_0/inst/FCLK_CLK0 |                                                                                                                                                                                                            | design_1_i/axi_smc/inst/s00_entry_pipeline/s00_transaction_regulator/inst/gen_endpoint.gen_w_multithread.w_multithread/cmd_reg/deadlock_d                                                |                2 |              4 |         2.00 |
|  design_1_i/processing_system7_0/inst/FCLK_CLK0 | design_1_i/axi_smc/inst/s00_entry_pipeline/s00_si_converter/inst/converter.wrap_narrow_inst/gen_thread_loop[1].r_payld_fifo/gen_thread_loop[2].r_unshelve_reg[2][0]                                        | design_1_i/axi_smc/inst/s00_entry_pipeline/s00_si_converter/inst/areset                                                                                                                  |                1 |              4 |         4.00 |
|  design_1_i/processing_system7_0/inst/FCLK_CLK0 | design_1_i/axi_smc/inst/m02_exit_pipeline/m02_exit/inst/ar_reg/skid_buffer[1136]_i_1_n_0                                                                                                                   |                                                                                                                                                                                          |                1 |              4 |         4.00 |
|  design_1_i/processing_system7_0/inst/FCLK_CLK0 | design_1_i/axi_smc/inst/m02_exit_pipeline/m02_exit/inst/aw_reg/m_vector_i                                                                                                                                  |                                                                                                                                                                                          |                1 |              4 |         4.00 |
|  design_1_i/processing_system7_0/inst/FCLK_CLK0 |                                                                                                                                                                                                            | design_1_i/axi_smc/inst/s00_nodes/s00_b_node/inst/inst_mi_handler/m_sc_areset_r                                                                                                          |                2 |              4 |         2.00 |
|  design_1_i/processing_system7_0/inst/FCLK_CLK0 | design_1_i/axi_smc/inst/s00_entry_pipeline/s00_si_converter/inst/converter.wrap_narrow_inst/gen_thread_loop[1].r_payld_fifo/cmd_fifo/E[0]                                                                  |                                                                                                                                                                                          |                2 |              4 |         2.00 |
|  design_1_i/processing_system7_0/inst/FCLK_CLK0 |                                                                                                                                                                                                            | design_1_i/axi_smc/inst/s00_nodes/s00_r_node/inst/inst_mi_handler/m_sc_areset_r                                                                                                          |                2 |              4 |         2.00 |
|  design_1_i/processing_system7_0/inst/FCLK_CLK0 | design_1_i/axi_smc/inst/m02_exit_pipeline/m02_exit/inst/aw_reg/skid_buffer[1136]_i_1__0_n_0                                                                                                                |                                                                                                                                                                                          |                1 |              4 |         4.00 |
|  design_1_i/processing_system7_0/inst/FCLK_CLK0 | design_1_i/axi_smc/inst/s00_entry_pipeline/s00_si_converter/inst/converter.wrap_narrow_inst/gen_thread_loop[1].r_payld_fifo/cmd_fifo/fifoaddr[3]_i_1__8_n_0                                                | design_1_i/axi_smc/inst/s00_entry_pipeline/s00_si_converter/inst/areset                                                                                                                  |                2 |              4 |         2.00 |
|  design_1_i/processing_system7_0/inst/FCLK_CLK0 | design_1_i/axi_smc/inst/s00_entry_pipeline/s00_transaction_regulator/inst/gen_endpoint.gen_w_multithread.w_multithread/cmd_reg/gen_pipe.sr_aid_match_reg[3]                                                | design_1_i/axi_smc/inst/s00_entry_pipeline/s00_transaction_regulator/inst/gen_endpoint.gen_w_multithread.w_multithread/cmd_reg/areset_reg                                                |                1 |              4 |         4.00 |
|  design_1_i/processing_system7_0/inst/FCLK_CLK0 |                                                                                                                                                                                                            | design_1_i/rst_ps7_0_100M/U0/EXT_LPF/lpf_int                                                                                                                                             |                2 |              4 |         2.00 |
|  design_1_i/processing_system7_0/inst/FCLK_CLK0 | design_1_i/axi_smc/inst/s00_entry_pipeline/s00_si_converter/inst/converter.wrap_narrow_inst/gen_thread_loop[1].r_cmd_fifo/fifoaddr[3]_i_1__10_n_0                                                          | design_1_i/axi_smc/inst/s00_entry_pipeline/s00_si_converter/inst/areset                                                                                                                  |                1 |              4 |         4.00 |
|  design_1_i/processing_system7_0/inst/FCLK_CLK0 | design_1_i/axi_smc/inst/s00_entry_pipeline/s00_si_converter/inst/converter.wrap_narrow_inst/gen_thread_loop[0].r_cmd_fifo/fifoaddr[3]_i_1__4_n_0                                                           | design_1_i/axi_smc/inst/s00_entry_pipeline/s00_si_converter/inst/areset                                                                                                                  |                1 |              4 |         4.00 |
|  design_1_i/processing_system7_0/inst/FCLK_CLK0 |                                                                                                                                                                                                            | design_1_i/axi_smc/inst/m00_nodes/m00_aw_node/inst/inst_mi_handler/m_sc_areset_r                                                                                                         |                3 |              4 |         1.33 |
|  design_1_i/processing_system7_0/inst/FCLK_CLK0 |                                                                                                                                                                                                            | design_1_i/axi_smc/inst/s00_entry_pipeline/s00_transaction_regulator/inst/gen_endpoint.gen_r_multithread.r_multithread/cmd_reg/deadlock_d                                                |                1 |              4 |         4.00 |
|  design_1_i/processing_system7_0/inst/FCLK_CLK0 |                                                                                                                                                                                                            | design_1_i/axi_smc/inst/m02_nodes/m02_aw_node/inst/inst_mi_handler/m_sc_areset_r                                                                                                         |                2 |              4 |         2.00 |
|  design_1_i/processing_system7_0/inst/FCLK_CLK0 |                                                                                                                                                                                                            | design_1_i/axi_smc/inst/m02_nodes/m02_ar_node/inst/inst_mi_handler/m_sc_areset_r                                                                                                         |                3 |              4 |         1.33 |
|  design_1_i/processing_system7_0/inst/FCLK_CLK0 |                                                                                                                                                                                                            | design_1_i/axi_smc/inst/m00_nodes/m00_w_node/inst/inst_mi_handler/m_sc_areset_r                                                                                                          |                3 |              4 |         1.33 |
|  design_1_i/processing_system7_0/inst/FCLK_CLK0 | design_1_i/axi_smc/inst/s00_entry_pipeline/s00_si_converter/inst/converter.wrap_narrow_inst/w_payld_fifo/w_payld_push_d                                                                                    | design_1_i/axi_smc/inst/s00_entry_pipeline/s00_si_converter/inst/areset                                                                                                                  |                1 |              4 |         4.00 |
|  design_1_i/processing_system7_0/inst/FCLK_CLK0 | design_1_i/axi_smc/inst/s00_entry_pipeline/s00_si_converter/inst/converter.wrap_narrow_inst/gen_thread_loop[0].r_payld_fifo/cmd_fifo/E[0]                                                                  |                                                                                                                                                                                          |                4 |              4 |         1.00 |
|  design_1_i/processing_system7_0/inst/FCLK_CLK0 | design_1_i/RFC8439_0/inst/RFC8439_v1_0_S00_AXI_inst/axi_awready0                                                                                                                                           | design_1_i/RFC8439_0/inst/RFC8439_v1_0_S00_AXI_inst/Rfc8439_core/u_poly1305/AR[0]                                                                                                        |                1 |              4 |         4.00 |
|  design_1_i/processing_system7_0/inst/FCLK_CLK0 | design_1_i/RFC8439_0/inst/RFC8439_v1_0_S00_AXI_inst/axi_arready0                                                                                                                                           | design_1_i/RFC8439_0/inst/RFC8439_v1_0_S00_AXI_inst/Rfc8439_core/u_poly1305/AR[0]                                                                                                        |                1 |              4 |         4.00 |
|  design_1_i/processing_system7_0/inst/FCLK_CLK0 | design_1_i/axi_smc/inst/s00_entry_pipeline/s00_si_converter/inst/converter.wrap_narrow_inst/w_payld_fifo/cmd_fifo/E[0]                                                                                     |                                                                                                                                                                                          |                2 |              4 |         2.00 |
|  design_1_i/processing_system7_0/inst/FCLK_CLK0 | design_1_i/axi_smc/inst/s00_entry_pipeline/s00_si_converter/inst/converter.wrap_narrow_inst/w_payld_fifo/cmd_fifo/fifoaddr[3]_i_1__12_n_0                                                                  | design_1_i/axi_smc/inst/s00_entry_pipeline/s00_si_converter/inst/areset                                                                                                                  |                2 |              4 |         2.00 |
|  design_1_i/processing_system7_0/inst/FCLK_CLK0 | design_1_i/axi_smc/inst/s00_entry_pipeline/s00_si_converter/inst/converter.wrap_narrow_inst/gen_thread_loop[0].r_payld_fifo/cmd_fifo/fifoaddr[3]_i_1__2_n_0                                                | design_1_i/axi_smc/inst/s00_entry_pipeline/s00_si_converter/inst/areset                                                                                                                  |                2 |              4 |         2.00 |
|  design_1_i/processing_system7_0/inst/FCLK_CLK0 | design_1_i/axi_smc/inst/s00_entry_pipeline/s00_mmu/inst/gen_wroute_fifo.wroute_fifo/fifoaddr[3]_i_1_n_0                                                                                                    | design_1_i/axi_smc/inst/s00_entry_pipeline/s00_mmu/inst/areset                                                                                                                           |                1 |              4 |         4.00 |
|  design_1_i/processing_system7_0/inst/FCLK_CLK0 | design_1_i/axi_smc/inst/m00_exit_pipeline/m00_exit/inst/exit_inst/gen_r_cmd_fifo.r_cmd_fifo/fifoaddr[3]_i_1_n_0                                                                                            | design_1_i/axi_smc/inst/m00_exit_pipeline/m00_exit/inst/areset                                                                                                                           |                1 |              4 |         4.00 |
|  design_1_i/processing_system7_0/inst/FCLK_CLK0 | design_1_i/axi_smc/inst/s00_entry_pipeline/s00_transaction_regulator/inst/gen_endpoint.gen_r_multithread.r_multithread/allocate_queue/gen_srls[3].srl_nx1/shift_qual                                       |                                                                                                                                                                                          |                1 |              4 |         4.00 |
|  design_1_i/processing_system7_0/inst/FCLK_CLK0 | design_1_i/axi_smc/inst/s00_entry_pipeline/s00_transaction_regulator/inst/gen_endpoint.gen_r_multithread.r_multithread/allocate_queue/gen_pipelined.mesg_reg                                               |                                                                                                                                                                                          |                2 |              4 |         2.00 |
|  design_1_i/processing_system7_0/inst/FCLK_CLK0 | design_1_i/axi_smc/inst/s00_entry_pipeline/s00_transaction_regulator/inst/gen_endpoint.gen_r_multithread.r_multithread/allocate_queue/free_ready                                                           | design_1_i/axi_smc/inst/s00_entry_pipeline/s00_transaction_regulator/inst/areset                                                                                                         |                1 |              4 |         4.00 |
|  design_1_i/processing_system7_0/inst/FCLK_CLK0 | design_1_i/axi_smc/inst/s00_entry_pipeline/s00_si_converter/inst/converter.wrap_narrow_inst/w_cmd_fifo/fifoaddr[3]_i_1__11_n_0                                                                             | design_1_i/axi_smc/inst/s00_entry_pipeline/s00_si_converter/inst/areset                                                                                                                  |                1 |              4 |         4.00 |
|  design_1_i/processing_system7_0/inst/FCLK_CLK0 | design_1_i/axi_smc/inst/s00_entry_pipeline/s00_transaction_regulator/inst/gen_endpoint.gen_r_multithread.r_multithread/cmd_reg/active_cnt                                                                  | design_1_i/axi_smc/inst/s00_entry_pipeline/s00_transaction_regulator/inst/gen_endpoint.gen_r_multithread.r_multithread/cmd_reg/areset_reg_2                                              |                1 |              4 |         4.00 |
|  design_1_i/processing_system7_0/inst/FCLK_CLK0 | design_1_i/axi_smc/inst/s00_entry_pipeline/s00_transaction_regulator/inst/gen_endpoint.gen_r_multithread.r_multithread/cmd_reg/gen_pipe.sr_aid_match_reg[2]                                                | design_1_i/axi_smc/inst/s00_entry_pipeline/s00_transaction_regulator/inst/gen_endpoint.gen_r_multithread.r_multithread/cmd_reg/areset_reg_0                                              |                1 |              4 |         4.00 |
|  design_1_i/processing_system7_0/inst/FCLK_CLK0 | design_1_i/axi_smc/inst/s00_entry_pipeline/s00_transaction_regulator/inst/gen_endpoint.gen_r_multithread.r_multithread/cmd_reg/gen_pipe.sr_aid_match_reg[3]                                                | design_1_i/axi_smc/inst/s00_entry_pipeline/s00_transaction_regulator/inst/gen_endpoint.gen_r_multithread.r_multithread/cmd_reg/areset_reg                                                |                1 |              4 |         4.00 |
|  design_1_i/processing_system7_0/inst/FCLK_CLK0 | design_1_i/axi_smc/inst/s00_entry_pipeline/s00_transaction_regulator/inst/gen_endpoint.gen_r_multithread.r_multithread/cmd_reg/aid_match_d                                                                 |                                                                                                                                                                                          |                1 |              4 |         4.00 |
|  design_1_i/processing_system7_0/inst/FCLK_CLK0 | design_1_i/axi_smc/inst/s00_entry_pipeline/s00_transaction_regulator/inst/gen_endpoint.gen_r_multithread.r_multithread/cmd_reg/aid_match_d                                                                 | design_1_i/axi_smc/inst/s00_entry_pipeline/s00_transaction_regulator/inst/gen_endpoint.gen_r_multithread.r_multithread/cmd_reg/deadlock_d                                                |                2 |              4 |         2.00 |
|  design_1_i/processing_system7_0/inst/FCLK_CLK0 | design_1_i/axi_smc/inst/s00_entry_pipeline/s00_transaction_regulator/inst/gen_endpoint.gen_r_multithread.r_multithread/cmd_reg/gen_pipe.sr_aid_match_reg[1]                                                | design_1_i/axi_smc/inst/s00_entry_pipeline/s00_transaction_regulator/inst/gen_endpoint.gen_r_multithread.r_multithread/cmd_reg/areset_reg_1                                              |                2 |              4 |         2.00 |
|  design_1_i/processing_system7_0/inst/FCLK_CLK0 | design_1_i/axi_bram_ctrl_0/U0/gext_inst.abcv4_0_ext_inst/GEN_AXI4.I_FULL_AXI/I_WR_CHNL/wrdata_reg_ld                                                                                                       | design_1_i/axi_bram_ctrl_0/U0/gext_inst.abcv4_0_ext_inst/GEN_AXI4.I_FULL_AXI/I_WR_CHNL/GEN_WR_NO_ECC.bram_we_int[3]_i_1_n_0                                                              |                1 |              4 |         4.00 |
|  design_1_i/processing_system7_0/inst/FCLK_CLK0 | design_1_i/axi_smc/inst/s00_entry_pipeline/s00_transaction_regulator/inst/gen_endpoint.gen_r_multithread.r_multithread/cmd_reg/FSM_sequential_state_reg[0][0]                                              |                                                                                                                                                                                          |                1 |              4 |         4.00 |
|  design_1_i/processing_system7_0/inst/FCLK_CLK0 | design_1_i/axi_bram_ctrl_0/U0/gext_inst.abcv4_0_ext_inst/GEN_AXI4.I_FULL_AXI/I_RD_CHNL/GEN_NO_RD_CMD_OPT.I_WRAP_BRST/E[1]                                                                                  | design_1_i/axi_bram_ctrl_0/U0/gext_inst.abcv4_0_ext_inst/GEN_AXI4.I_FULL_AXI/I_WR_CHNL/I_WRAP_BRST/SR[0]                                                                                 |                1 |              4 |         4.00 |
|  design_1_i/processing_system7_0/inst/FCLK_CLK0 | design_1_i/axi_smc/inst/s00_entry_pipeline/s00_transaction_regulator/inst/gen_endpoint.gen_w_multithread.w_multithread/allocate_queue/gen_srls[3].srl_nx1/shift_qual                                       |                                                                                                                                                                                          |                1 |              4 |         4.00 |
|  design_1_i/processing_system7_0/inst/FCLK_CLK0 | design_1_i/axi_bram_ctrl_0/U0/gext_inst.abcv4_0_ext_inst/GEN_AXI4.I_FULL_AXI/I_RD_CHNL/FSM_sequential_GEN_NO_RD_CMD_OPT.rd_data_sm_cs[3]_i_1_n_0                                                           | design_1_i/axi_bram_ctrl_0/U0/gext_inst.abcv4_0_ext_inst/GEN_AXI4.I_FULL_AXI/I_RD_CHNL/GEN_NO_RD_CMD_OPT.I_WRAP_BRST/SR[0]                                                               |                3 |              4 |         1.33 |
|  design_1_i/processing_system7_0/inst/FCLK_CLK0 | design_1_i/axi_smc/inst/s00_entry_pipeline/s00_transaction_regulator/inst/gen_endpoint.gen_w_multithread.w_multithread/allocate_queue/free_ready                                                           | design_1_i/axi_smc/inst/s00_entry_pipeline/s00_transaction_regulator/inst/areset                                                                                                         |                1 |              4 |         4.00 |
|  design_1_i/processing_system7_0/inst/FCLK_CLK0 | design_1_i/axi_smc/inst/s00_entry_pipeline/s00_si_converter/inst/converter.wrap_narrow_inst/gen_thread_loop[3].r_cmd_fifo/fifoaddr[3]_i_1__1_n_0                                                           | design_1_i/axi_smc/inst/s00_entry_pipeline/s00_si_converter/inst/areset                                                                                                                  |                1 |              4 |         4.00 |
|  design_1_i/processing_system7_0/inst/FCLK_CLK0 | design_1_i/axi_smc/inst/s00_entry_pipeline/s00_transaction_regulator/inst/gen_endpoint.gen_w_multithread.w_multithread/allocate_queue/gen_pipelined.mesg_reg                                               |                                                                                                                                                                                          |                2 |              4 |         2.00 |
|  design_1_i/processing_system7_0/inst/FCLK_CLK0 | design_1_i/axi_smc/inst/s00_entry_pipeline/s00_transaction_regulator/inst/gen_endpoint.gen_w_multithread.w_multithread/cmd_reg/aid_match_d                                                                 |                                                                                                                                                                                          |                1 |              4 |         4.00 |
|  design_1_i/processing_system7_0/inst/FCLK_CLK0 | design_1_i/axi_smc/inst/s00_entry_pipeline/s00_transaction_regulator/inst/gen_endpoint.gen_w_multithread.w_multithread/cmd_reg/aid_match_d                                                                 | design_1_i/axi_smc/inst/s00_entry_pipeline/s00_transaction_regulator/inst/gen_endpoint.gen_w_multithread.w_multithread/cmd_reg/deadlock_d                                                |                1 |              4 |         4.00 |
|  design_1_i/processing_system7_0/inst/FCLK_CLK0 | design_1_i/axi_smc/inst/s00_entry_pipeline/s00_transaction_regulator/inst/gen_endpoint.gen_w_multithread.w_multithread/cmd_reg/gen_pipe.sr_aid_match_reg[2]                                                | design_1_i/axi_smc/inst/s00_entry_pipeline/s00_transaction_regulator/inst/gen_endpoint.gen_w_multithread.w_multithread/cmd_reg/areset_reg_0                                              |                1 |              4 |         4.00 |
|  design_1_i/processing_system7_0/inst/FCLK_CLK0 | design_1_i/axi_smc/inst/s00_entry_pipeline/s00_si_converter/inst/converter.wrap_narrow_inst/gen_thread_loop[3].r_payld_fifo/cmd_fifo/E[0]                                                                  |                                                                                                                                                                                          |                2 |              4 |         2.00 |
|  design_1_i/processing_system7_0/inst/FCLK_CLK0 | design_1_i/axi_smc/inst/s00_entry_pipeline/s00_transaction_regulator/inst/gen_endpoint.gen_w_multithread.w_multithread/cmd_reg/gen_pipe.sr_aid_match_reg[1]                                                | design_1_i/axi_smc/inst/s00_entry_pipeline/s00_transaction_regulator/inst/gen_endpoint.gen_w_multithread.w_multithread/cmd_reg/areset_reg_1                                              |                1 |              4 |         4.00 |
|  design_1_i/processing_system7_0/inst/FCLK_CLK0 | design_1_i/axi_smc/inst/s00_entry_pipeline/s00_transaction_regulator/inst/gen_endpoint.gen_w_multithread.w_multithread/cmd_reg/active_cnt                                                                  | design_1_i/axi_smc/inst/s00_entry_pipeline/s00_transaction_regulator/inst/gen_endpoint.gen_w_multithread.w_multithread/cmd_reg/areset_reg_2                                              |                1 |              4 |         4.00 |
|  design_1_i/processing_system7_0/inst/FCLK_CLK0 | design_1_i/axi_smc/inst/s00_entry_pipeline/s00_si_converter/inst/converter.wrap_narrow_inst/gen_thread_loop[3].r_payld_fifo/cmd_fifo/fifoaddr[3]_i_1_n_0                                                   | design_1_i/axi_smc/inst/s00_entry_pipeline/s00_si_converter/inst/areset                                                                                                                  |                2 |              4 |         2.00 |
|  design_1_i/processing_system7_0/inst/FCLK_CLK0 | design_1_i/axi_smc/inst/s00_entry_pipeline/s00_transaction_regulator/inst/gen_endpoint.gen_w_multithread.w_multithread/cmd_reg/FSM_sequential_state_reg[1]_1[0]                                            |                                                                                                                                                                                          |                2 |              4 |         2.00 |
|  design_1_i/processing_system7_0/inst/FCLK_CLK0 | design_1_i/axi_smc/inst/m02_exit_pipeline/m02_exit/inst/splitter_inst/gen_axi4lite.axilite_conv/ar_addr_d[5]_i_1_n_0                                                                                       | design_1_i/axi_smc/inst/m02_exit_pipeline/m02_exit/inst/areset                                                                                                                           |                1 |              4 |         4.00 |
|  design_1_i/processing_system7_0/inst/FCLK_CLK0 | design_1_i/axi_smc/inst/s00_entry_pipeline/s00_si_converter/inst/converter.wrap_narrow_inst/gen_thread_loop[2].r_payld_fifo/cmd_fifo/E[0]                                                                  |                                                                                                                                                                                          |                2 |              4 |         2.00 |
|  design_1_i/processing_system7_0/inst/FCLK_CLK0 | design_1_i/axi_smc/inst/m02_exit_pipeline/m02_exit/inst/splitter_inst/gen_axi4lite.axilite_conv/aw_addr[5]_i_1_n_0                                                                                         | design_1_i/axi_smc/inst/m02_exit_pipeline/m02_exit/inst/areset                                                                                                                           |                1 |              4 |         4.00 |
|  design_1_i/processing_system7_0/inst/FCLK_CLK0 | design_1_i/axi_smc/inst/s00_entry_pipeline/s00_si_converter/inst/converter.wrap_narrow_inst/w_payld_fifo/fifoaddr                                                                                          | design_1_i/axi_smc/inst/s00_entry_pipeline/s00_si_converter/inst/areset                                                                                                                  |                3 |              5 |         1.67 |
|  design_1_i/processing_system7_0/inst/FCLK_CLK0 | design_1_i/axi_smc/inst/s00_entry_pipeline/s00_si_converter/inst/converter.wrap_narrow_inst/gen_thread_loop[3].r_payld_fifo/fifoaddr                                                                       | design_1_i/axi_smc/inst/s00_entry_pipeline/s00_si_converter/inst/areset                                                                                                                  |                2 |              5 |         2.50 |
|  design_1_i/processing_system7_0/inst/FCLK_CLK0 | design_1_i/axi_smc/inst/s00_entry_pipeline/s00_mmu/inst/aw_sreg/gen_endpoint.w_state_reg[1]_0[0]                                                                                                           | design_1_i/axi_smc/inst/s00_entry_pipeline/s00_mmu/inst/areset_d                                                                                                                         |                2 |              5 |         2.50 |
|  design_1_i/processing_system7_0/inst/FCLK_CLK0 | design_1_i/axi_smc/inst/s00_entry_pipeline/s00_si_converter/inst/converter.wrap_narrow_inst/gen_thread_loop[1].r_payld_fifo/fifoaddr                                                                       | design_1_i/axi_smc/inst/s00_entry_pipeline/s00_si_converter/inst/areset                                                                                                                  |                3 |              5 |         1.67 |
|  design_1_i/processing_system7_0/inst/FCLK_CLK0 | design_1_i/RFC8439_0/inst/RFC8439_v1_0_S00_AXI_inst/Rfc8439_core/u_poly1305/E[0]                                                                                                                           | design_1_i/RFC8439_0/inst/RFC8439_v1_0_S00_AXI_inst/Rfc8439_core/u_poly1305/AR[0]                                                                                                        |                4 |              5 |         1.25 |
|  design_1_i/processing_system7_0/inst/FCLK_CLK0 | design_1_i/axi_smc/inst/s00_entry_pipeline/s00_mmu/inst/aw_sreg/E[0]                                                                                                                                       | design_1_i/axi_smc/inst/s00_entry_pipeline/s00_mmu/inst/areset_d                                                                                                                         |                2 |              5 |         2.50 |
|  design_1_i/processing_system7_0/inst/FCLK_CLK0 | design_1_i/axi_smc/inst/s00_entry_pipeline/s00_si_converter/inst/converter.wrap_narrow_inst/gen_thread_loop[2].r_payld_fifo/fifoaddr                                                                       | design_1_i/axi_smc/inst/s00_entry_pipeline/s00_si_converter/inst/areset                                                                                                                  |                3 |              5 |         1.67 |
|  design_1_i/processing_system7_0/inst/FCLK_CLK0 | design_1_i/axi_smc/inst/s00_entry_pipeline/s00_si_converter/inst/converter.wrap_narrow_inst/gen_thread_loop[0].r_payld_fifo/fifoaddr                                                                       | design_1_i/axi_smc/inst/s00_entry_pipeline/s00_si_converter/inst/areset                                                                                                                  |                4 |              5 |         1.25 |
|  design_1_i/processing_system7_0/inst/FCLK_CLK0 | design_1_i/axi_smc/inst/s00_entry_pipeline/s00_mmu/inst/ar_sreg/E[0]                                                                                                                                       | design_1_i/axi_smc/inst/s00_entry_pipeline/s00_mmu/inst/areset                                                                                                                           |                2 |              5 |         2.50 |
|  design_1_i/processing_system7_0/inst/FCLK_CLK0 | design_1_i/axi_smc/inst/m00_exit_pipeline/m00_exit/inst/exit_inst/gen_r_cmd_fifo.r_cmd_fifo/gen_srls[17].srl_nx1/shift_qual                                                                                |                                                                                                                                                                                          |                2 |              6 |         3.00 |
|  design_1_i/processing_system7_0/inst/FCLK_CLK0 | design_1_i/axi_smc/inst/m02_nodes/m02_w_node/inst/inst_mi_handler/gen_normal_area.gen_node_prog_full.inst_node_prog_full/gen_xpm_memory_fifo.inst_fifo/gen_mem_rep[0].inst_rd_addrb/rd_addrb_incr          | design_1_i/axi_smc/inst/m02_nodes/m02_w_node/inst/inst_mi_handler/m_sc_areset_r                                                                                                          |                2 |              6 |         3.00 |
|  design_1_i/processing_system7_0/inst/FCLK_CLK0 | design_1_i/axi_smc/inst/m00_nodes/m00_w_node/inst/inst_mi_handler/gen_normal_area.gen_node_prog_full.inst_node_prog_full/gen_xpm_memory_fifo.inst_fifo/gen_mem_rep[0].inst_rd_addrb/rd_addrb_incr          | design_1_i/axi_smc/inst/m00_nodes/m00_w_node/inst/inst_mi_handler/m_sc_areset_r                                                                                                          |                3 |              6 |         2.00 |
|  design_1_i/processing_system7_0/inst/FCLK_CLK0 | design_1_i/axi_smc/inst/m00_nodes/m00_ar_node/inst/inst_mi_handler/gen_normal_area.gen_node_prog_full.inst_node_prog_full/gen_xpm_memory_fifo.inst_fifo/gen_mem_rep[0].inst_rd_addrb/rd_addrb_incr         | design_1_i/axi_smc/inst/m00_nodes/m00_ar_node/inst/inst_mi_handler/m_sc_areset_r                                                                                                         |                3 |              6 |         2.00 |
|  design_1_i/processing_system7_0/inst/FCLK_CLK0 | design_1_i/axi_smc/inst/m02_nodes/m02_ar_node/inst/inst_mi_handler/gen_normal_area.gen_node_prog_full.inst_node_prog_full/gen_xpm_memory_fifo.inst_fifo/gen_mem_rep[0].inst_rd_addrb/rd_addrb_incr         | design_1_i/axi_smc/inst/m02_nodes/m02_ar_node/inst/inst_mi_handler/m_sc_areset_r                                                                                                         |                2 |              6 |         3.00 |
|  design_1_i/processing_system7_0/inst/FCLK_CLK0 | design_1_i/axi_smc/inst/m02_nodes/m02_b_node/inst/inst_mi_handler/gen_normal_area.gen_fifo_req.inst_fifo_req/gen_xpm_memory_fifo.inst_fifo/gen_mem_rep[0].inst_rd_addrb/rd_addrb_incr                      | design_1_i/axi_smc/inst/m02_nodes/m02_b_node/inst/inst_mi_handler/m_sc_areset_r                                                                                                          |                3 |              6 |         2.00 |
|  design_1_i/processing_system7_0/inst/FCLK_CLK0 | design_1_i/axi_smc/inst/m02_nodes/m02_aw_node/inst/inst_mi_handler/gen_normal_area.gen_node_prog_full.inst_node_prog_full/gen_xpm_memory_fifo.inst_fifo/gen_mem_rep[0].inst_rd_addrb/rd_addrb_incr         | design_1_i/axi_smc/inst/m02_nodes/m02_aw_node/inst/inst_mi_handler/m_sc_areset_r                                                                                                         |                2 |              6 |         3.00 |
|  design_1_i/processing_system7_0/inst/FCLK_CLK0 | design_1_i/axi_smc/inst/clk_map/psr_aclk/U0/SEQ/seq_cnt_en                                                                                                                                                 | design_1_i/axi_smc/inst/clk_map/psr_aclk/U0/SEQ/SEQ_COUNTER/clear                                                                                                                        |                1 |              6 |         6.00 |
|  design_1_i/processing_system7_0/inst/FCLK_CLK0 | design_1_i/axi_smc/inst/m00_nodes/m00_b_node/inst/inst_mi_handler/gen_normal_area.gen_fifo_req.inst_fifo_req/gen_xpm_memory_fifo.inst_fifo/gen_mem_rep[0].inst_rd_addrb/rd_addrb_incr                      | design_1_i/axi_smc/inst/m00_nodes/m00_b_node/inst/inst_mi_handler/m_sc_areset_r                                                                                                          |                3 |              6 |         2.00 |
|  design_1_i/processing_system7_0/inst/FCLK_CLK0 | design_1_i/axi_smc/inst/m02_exit_pipeline/m02_exit/inst/splitter_inst/gen_axi4lite.axilite_conv/m_axi_arid_i[2]_i_1_n_0                                                                                    | design_1_i/axi_smc/inst/m02_exit_pipeline/m02_exit/inst/areset                                                                                                                           |                1 |              6 |         6.00 |
|  design_1_i/processing_system7_0/inst/FCLK_CLK0 | design_1_i/axi_smc/inst/s00_entry_pipeline/s00_si_converter/inst/converter.wrap_narrow_inst/w_cmd_fifo/w_payld_push134_out                                                                                 |                                                                                                                                                                                          |                2 |              6 |         3.00 |
|  design_1_i/processing_system7_0/inst/FCLK_CLK0 | design_1_i/rst_ps7_0_100M/U0/SEQ/seq_cnt_en                                                                                                                                                                | design_1_i/rst_ps7_0_100M/U0/SEQ/SEQ_COUNTER/clear                                                                                                                                       |                1 |              6 |         6.00 |
|  design_1_i/processing_system7_0/inst/FCLK_CLK0 | design_1_i/axi_smc/inst/s00_nodes/s00_r_node/inst/inst_mi_handler/gen_normal_area.gen_node_prog_full.inst_node_prog_full/gen_xpm_memory_fifo.inst_fifo/gen_mem_rep[0].inst_rd_addrb/rd_addrb_incr          | design_1_i/axi_smc/inst/s00_nodes/s00_r_node/inst/inst_mi_handler/m_sc_areset_r                                                                                                          |                3 |              6 |         2.00 |
|  design_1_i/processing_system7_0/inst/FCLK_CLK0 | design_1_i/axi_smc/inst/m02_nodes/m02_r_node/inst/inst_mi_handler/gen_normal_area.gen_fifo_req.inst_fifo_req/gen_xpm_memory_fifo.inst_fifo/gen_mem_rep[0].inst_rd_addrb/rd_addrb_incr                      | design_1_i/axi_smc/inst/m02_nodes/m02_r_node/inst/inst_mi_handler/m_sc_areset_r                                                                                                          |                1 |              6 |         6.00 |
|  design_1_i/processing_system7_0/inst/FCLK_CLK0 | design_1_i/axi_smc/inst/m00_nodes/m00_r_node/inst/inst_mi_handler/gen_normal_area.gen_fifo_req.inst_fifo_req/gen_xpm_memory_fifo.inst_fifo/gen_mem_rep[0].inst_rd_addrb/rd_addrb_incr                      | design_1_i/axi_smc/inst/m00_nodes/m00_r_node/inst/inst_mi_handler/m_sc_areset_r                                                                                                          |                3 |              6 |         2.00 |
|  design_1_i/processing_system7_0/inst/FCLK_CLK0 | design_1_i/axi_smc/inst/m00_nodes/m00_aw_node/inst/inst_mi_handler/gen_normal_area.gen_node_prog_full.inst_node_prog_full/gen_xpm_memory_fifo.inst_fifo/gen_mem_rep[0].inst_rd_addrb/rd_addrb_incr         | design_1_i/axi_smc/inst/m00_nodes/m00_aw_node/inst/inst_mi_handler/m_sc_areset_r                                                                                                         |                2 |              6 |         3.00 |
|  design_1_i/processing_system7_0/inst/FCLK_CLK0 | design_1_i/axi_smc/inst/m00_exit_pipeline/m00_exit/inst/exit_inst/gen_r_cmd_fifo.r_cmd_fifo/gen_pipelined.mesg_reg                                                                                         |                                                                                                                                                                                          |                2 |              6 |         3.00 |
|  design_1_i/processing_system7_0/inst/FCLK_CLK0 | design_1_i/axi_smc/inst/s00_nodes/s00_b_node/inst/inst_mi_handler/gen_normal_area.gen_node_prog_full.inst_node_prog_full/gen_xpm_memory_fifo.inst_fifo/gen_mem_rep[0].inst_rd_addrb/rd_addrb_incr          | design_1_i/axi_smc/inst/s00_nodes/s00_b_node/inst/inst_mi_handler/m_sc_areset_r                                                                                                          |                3 |              6 |         2.00 |
|  design_1_i/processing_system7_0/inst/FCLK_CLK0 |                                                                                                                                                                                                            | design_1_i/axi_smc/inst/m02_nodes/m02_b_node/inst/inst_mi_handler/m_sc_areset_r                                                                                                          |                4 |              7 |         1.75 |
|  design_1_i/processing_system7_0/inst/FCLK_CLK0 |                                                                                                                                                                                                            | design_1_i/axi_smc/inst/m00_nodes/m00_r_node/inst/inst_mi_handler/m_sc_areset_r                                                                                                          |                4 |              7 |         1.75 |
|  design_1_i/processing_system7_0/inst/FCLK_CLK0 |                                                                                                                                                                                                            | design_1_i/axi_smc/inst/m00_nodes/m00_b_node/inst/inst_mi_handler/m_sc_areset_r                                                                                                          |                4 |              7 |         1.75 |
|  design_1_i/processing_system7_0/inst/FCLK_CLK0 |                                                                                                                                                                                                            | design_1_i/axi_smc/inst/m02_nodes/m02_r_node/inst/inst_mi_handler/m_sc_areset_r                                                                                                          |                4 |              7 |         1.75 |
|  design_1_i/processing_system7_0/inst/FCLK_CLK0 | design_1_i/axi_smc/inst/s00_entry_pipeline/s00_si_converter/inst/gen_normal.splitter_inst/gen_no_wsplitter.gen_endpoint_woffset.gen_wbypass_offset_fifo.wbypass_offset_fifo/gen_srls[7].srl_nx1/shift_qual |                                                                                                                                                                                          |                2 |              7 |         3.50 |
|  design_1_i/processing_system7_0/inst/FCLK_CLK0 | design_1_i/axi_smc/inst/s00_entry_pipeline/s00_si_converter/inst/gen_normal.splitter_inst/gen_no_wsplitter.gen_endpoint_woffset.gen_wbypass_offset_fifo.wbypass_offset_fifo/gen_pipelined.mesg_reg_0       |                                                                                                                                                                                          |                3 |              7 |         2.33 |
|  design_1_i/processing_system7_0/inst/FCLK_CLK0 | design_1_i/RFC8439_0/inst/RFC8439_v1_0_S00_AXI_inst/slv_reg2[15]_i_1_n_0                                                                                                                                   | design_1_i/RFC8439_0/inst/RFC8439_v1_0_S00_AXI_inst/Rfc8439_core/u_poly1305/AR[0]                                                                                                        |                2 |              8 |         4.00 |
|  design_1_i/processing_system7_0/inst/FCLK_CLK0 | design_1_i/RFC8439_0/inst/RFC8439_v1_0_S00_AXI_inst/slv_reg4[15]_i_1_n_0                                                                                                                                   | design_1_i/RFC8439_0/inst/RFC8439_v1_0_S00_AXI_inst/Rfc8439_core/u_poly1305/AR[0]                                                                                                        |                2 |              8 |         4.00 |
|  design_1_i/processing_system7_0/inst/FCLK_CLK0 |                                                                                                                                                                                                            | design_1_i/axi_smc/inst/s00_nodes/s00_b_node/inst/inst_si_handler/areset_r_0                                                                                                             |                3 |              8 |         2.67 |
|  design_1_i/processing_system7_0/inst/FCLK_CLK0 |                                                                                                                                                                                                            | design_1_i/axi_smc/inst/s00_nodes/s00_r_node/inst/inst_si_handler/areset_r_0                                                                                                             |                2 |              8 |         4.00 |
|  design_1_i/processing_system7_0/inst/FCLK_CLK0 | design_1_i/RFC8439_0/inst/RFC8439_v1_0_S00_AXI_inst/slv_reg8[7]_i_1_n_0                                                                                                                                    | design_1_i/RFC8439_0/inst/RFC8439_v1_0_S00_AXI_inst/Rfc8439_core/u_poly1305/AR[0]                                                                                                        |                6 |              8 |         1.33 |
|  design_1_i/processing_system7_0/inst/FCLK_CLK0 | design_1_i/axi_smc/inst/s00_entry_pipeline/s00_si_converter/inst/converter.wrap_narrow_inst/w_payld_fifo/cmd_fifo/gen_pipelined.mesg_reg                                                                   |                                                                                                                                                                                          |                3 |              8 |         2.67 |
|  design_1_i/processing_system7_0/inst/FCLK_CLK0 | design_1_i/RFC8439_0/inst/RFC8439_v1_0_S00_AXI_inst/Rfc8439_core/u_poly1305/FSM_onehot_wr_state_reg[0]_0[0]                                                                                                | design_1_i/RFC8439_0/inst/RFC8439_v1_0_S00_AXI_inst/Rfc8439_core/u_poly1305/AR[0]                                                                                                        |                3 |              8 |         2.67 |
|  design_1_i/processing_system7_0/inst/FCLK_CLK0 | design_1_i/axi_smc/inst/s00_entry_pipeline/s00_si_converter/inst/converter.wrap_narrow_inst/w_cmd_fifo/E[0]                                                                                                | design_1_i/axi_smc/inst/s00_entry_pipeline/s00_si_converter/inst/areset                                                                                                                  |                3 |              8 |         2.67 |
|  design_1_i/processing_system7_0/inst/FCLK_CLK0 | design_1_i/axi_smc/inst/s00_entry_pipeline/s00_si_converter/inst/converter.wrap_narrow_inst/w_payld_fifo/cmd_fifo/gen_srls[11].srl_nx1/shift_qual                                                          |                                                                                                                                                                                          |                2 |              8 |         4.00 |
|  design_1_i/processing_system7_0/inst/FCLK_CLK0 | design_1_i/axi_bram_ctrl_0/U0/gext_inst.abcv4_0_ext_inst/GEN_AXI4.I_FULL_AXI/I_RD_CHNL/GEN_NO_RD_CMD_OPT.brst_cnt[7]_i_1_n_0                                                                               | design_1_i/axi_bram_ctrl_0/U0/gext_inst.abcv4_0_ext_inst/GEN_AXI4.I_FULL_AXI/I_RD_CHNL/GEN_NO_RD_CMD_OPT.I_WRAP_BRST/SR[0]                                                               |                3 |              8 |         2.67 |
|  design_1_i/processing_system7_0/inst/FCLK_CLK0 | design_1_i/axi_smc/inst/s00_entry_pipeline/s00_si_converter/inst/converter.wrap_narrow_inst/gen_thread_loop[3].r_cmd_fifo/E[0]                                                                             | design_1_i/axi_smc/inst/s00_entry_pipeline/s00_si_converter/inst/areset                                                                                                                  |                3 |              8 |         2.67 |
|  design_1_i/processing_system7_0/inst/FCLK_CLK0 | design_1_i/axi_smc/inst/s00_entry_pipeline/s00_si_converter/inst/converter.wrap_narrow_inst/gen_thread_loop[3].r_payld_fifo/cmd_fifo/gen_pipelined.mesg_reg                                                |                                                                                                                                                                                          |                3 |              8 |         2.67 |
|  design_1_i/processing_system7_0/inst/FCLK_CLK0 | design_1_i/axi_smc/inst/s00_entry_pipeline/s00_si_converter/inst/converter.wrap_narrow_inst/gen_thread_loop[3].r_payld_fifo/cmd_fifo/gen_srls[11].srl_nx1/shift_qual                                       |                                                                                                                                                                                          |                2 |              8 |         4.00 |
|  design_1_i/processing_system7_0/inst/FCLK_CLK0 | design_1_i/axi_smc/inst/s00_entry_pipeline/s00_si_converter/inst/converter.wrap_narrow_inst/gen_thread_loop[2].r_payld_fifo/cmd_fifo/gen_pipelined.mesg_reg                                                |                                                                                                                                                                                          |                3 |              8 |         2.67 |
|  design_1_i/processing_system7_0/inst/FCLK_CLK0 | design_1_i/axi_smc/inst/s00_entry_pipeline/s00_si_converter/inst/converter.wrap_narrow_inst/gen_thread_loop[2].r_payld_fifo/cmd_fifo/gen_srls[11].srl_nx1/shift_qual                                       |                                                                                                                                                                                          |                2 |              8 |         4.00 |
|  design_1_i/processing_system7_0/inst/FCLK_CLK0 | design_1_i/axi_smc/inst/s00_entry_pipeline/s00_si_converter/inst/converter.wrap_narrow_inst/gen_thread_loop[2].r_cmd_fifo/E[0]                                                                             | design_1_i/axi_smc/inst/s00_entry_pipeline/s00_si_converter/inst/areset                                                                                                                  |                3 |              8 |         2.67 |
|  design_1_i/processing_system7_0/inst/FCLK_CLK0 | design_1_i/axi_smc/inst/s00_entry_pipeline/s00_si_converter/inst/converter.wrap_narrow_inst/gen_thread_loop[1].r_payld_fifo/cmd_fifo/gen_pipelined.mesg_reg                                                |                                                                                                                                                                                          |                2 |              8 |         4.00 |
|  design_1_i/processing_system7_0/inst/FCLK_CLK0 | design_1_i/RFC8439_0/inst/RFC8439_v1_0_S00_AXI_inst/slv_reg9[15]_i_1_n_0                                                                                                                                   | design_1_i/RFC8439_0/inst/RFC8439_v1_0_S00_AXI_inst/Rfc8439_core/u_poly1305/AR[0]                                                                                                        |                2 |              8 |         4.00 |
|  design_1_i/processing_system7_0/inst/FCLK_CLK0 | design_1_i/RFC8439_0/inst/RFC8439_v1_0_S00_AXI_inst/slv_reg1[23]_i_1_n_0                                                                                                                                   | design_1_i/RFC8439_0/inst/RFC8439_v1_0_S00_AXI_inst/Rfc8439_core/u_poly1305/AR[0]                                                                                                        |                1 |              8 |         8.00 |
|  design_1_i/processing_system7_0/inst/FCLK_CLK0 | design_1_i/RFC8439_0/inst/RFC8439_v1_0_S00_AXI_inst/slv_reg3[23]_i_1_n_0                                                                                                                                   | design_1_i/RFC8439_0/inst/RFC8439_v1_0_S00_AXI_inst/Rfc8439_core/u_poly1305/AR[0]                                                                                                        |                2 |              8 |         4.00 |
|  design_1_i/processing_system7_0/inst/FCLK_CLK0 | design_1_i/RFC8439_0/inst/RFC8439_v1_0_S00_AXI_inst/slv_reg8[23]_i_1_n_0                                                                                                                                   | design_1_i/RFC8439_0/inst/RFC8439_v1_0_S00_AXI_inst/Rfc8439_core/u_poly1305/AR[0]                                                                                                        |                1 |              8 |         8.00 |
|  design_1_i/processing_system7_0/inst/FCLK_CLK0 | design_1_i/RFC8439_0/inst/RFC8439_v1_0_S00_AXI_inst/slv_reg3[7]_i_1_n_0                                                                                                                                    | design_1_i/RFC8439_0/inst/RFC8439_v1_0_S00_AXI_inst/Rfc8439_core/u_poly1305/AR[0]                                                                                                        |                3 |              8 |         2.67 |
|  design_1_i/processing_system7_0/inst/FCLK_CLK0 | design_1_i/RFC8439_0/inst/RFC8439_v1_0_S00_AXI_inst/slv_reg1[31]_i_1_n_0                                                                                                                                   | design_1_i/RFC8439_0/inst/RFC8439_v1_0_S00_AXI_inst/Rfc8439_core/u_poly1305/AR[0]                                                                                                        |                2 |              8 |         4.00 |
|  design_1_i/processing_system7_0/inst/FCLK_CLK0 | design_1_i/RFC8439_0/inst/RFC8439_v1_0_S00_AXI_inst/slv_reg2[7]_i_1_n_0                                                                                                                                    | design_1_i/RFC8439_0/inst/RFC8439_v1_0_S00_AXI_inst/Rfc8439_core/u_poly1305/AR[0]                                                                                                        |                1 |              8 |         8.00 |
|  design_1_i/processing_system7_0/inst/FCLK_CLK0 | design_1_i/RFC8439_0/inst/RFC8439_v1_0_S00_AXI_inst/slv_reg6[15]_i_1_n_0                                                                                                                                   | design_1_i/RFC8439_0/inst/RFC8439_v1_0_S00_AXI_inst/Rfc8439_core/u_poly1305/AR[0]                                                                                                        |                2 |              8 |         4.00 |
|  design_1_i/processing_system7_0/inst/FCLK_CLK0 | design_1_i/RFC8439_0/inst/RFC8439_v1_0_S00_AXI_inst/slv_reg2[23]_i_1_n_0                                                                                                                                   | design_1_i/RFC8439_0/inst/RFC8439_v1_0_S00_AXI_inst/Rfc8439_core/u_poly1305/AR[0]                                                                                                        |                1 |              8 |         8.00 |
|  design_1_i/processing_system7_0/inst/FCLK_CLK0 | design_1_i/RFC8439_0/inst/RFC8439_v1_0_S00_AXI_inst/slv_reg8[15]_i_1_n_0                                                                                                                                   | design_1_i/RFC8439_0/inst/RFC8439_v1_0_S00_AXI_inst/Rfc8439_core/u_poly1305/AR[0]                                                                                                        |                4 |              8 |         2.00 |
|  design_1_i/processing_system7_0/inst/FCLK_CLK0 | design_1_i/RFC8439_0/inst/RFC8439_v1_0_S00_AXI_inst/slv_reg4[23]_i_1_n_0                                                                                                                                   | design_1_i/RFC8439_0/inst/RFC8439_v1_0_S00_AXI_inst/Rfc8439_core/u_poly1305/AR[0]                                                                                                        |                2 |              8 |         4.00 |
|  design_1_i/processing_system7_0/inst/FCLK_CLK0 | design_1_i/RFC8439_0/inst/RFC8439_v1_0_S00_AXI_inst/slv_reg3[15]_i_1_n_0                                                                                                                                   | design_1_i/RFC8439_0/inst/RFC8439_v1_0_S00_AXI_inst/Rfc8439_core/u_poly1305/AR[0]                                                                                                        |                2 |              8 |         4.00 |
|  design_1_i/processing_system7_0/inst/FCLK_CLK0 | design_1_i/RFC8439_0/inst/RFC8439_v1_0_S00_AXI_inst/slv_reg6[7]_i_1_n_0                                                                                                                                    | design_1_i/RFC8439_0/inst/RFC8439_v1_0_S00_AXI_inst/Rfc8439_core/u_poly1305/AR[0]                                                                                                        |                1 |              8 |         8.00 |
|  design_1_i/processing_system7_0/inst/FCLK_CLK0 | design_1_i/RFC8439_0/inst/RFC8439_v1_0_S00_AXI_inst/slv_reg7[15]_i_1_n_0                                                                                                                                   | design_1_i/RFC8439_0/inst/RFC8439_v1_0_S00_AXI_inst/Rfc8439_core/u_poly1305/AR[0]                                                                                                        |                3 |              8 |         2.67 |
|  design_1_i/processing_system7_0/inst/FCLK_CLK0 | design_1_i/RFC8439_0/inst/RFC8439_v1_0_S00_AXI_inst/slv_reg1[7]_i_1_n_0                                                                                                                                    | design_1_i/RFC8439_0/inst/RFC8439_v1_0_S00_AXI_inst/Rfc8439_core/u_poly1305/AR[0]                                                                                                        |                2 |              8 |         4.00 |
|  design_1_i/processing_system7_0/inst/FCLK_CLK0 | design_1_i/RFC8439_0/inst/RFC8439_v1_0_S00_AXI_inst/slv_reg7[31]_i_1_n_0                                                                                                                                   | design_1_i/RFC8439_0/inst/RFC8439_v1_0_S00_AXI_inst/Rfc8439_core/u_poly1305/AR[0]                                                                                                        |                2 |              8 |         4.00 |
|  design_1_i/processing_system7_0/inst/FCLK_CLK0 | design_1_i/RFC8439_0/inst/RFC8439_v1_0_S00_AXI_inst/slv_reg8[31]_i_1_n_0                                                                                                                                   | design_1_i/RFC8439_0/inst/RFC8439_v1_0_S00_AXI_inst/Rfc8439_core/u_poly1305/AR[0]                                                                                                        |                2 |              8 |         4.00 |
|  design_1_i/processing_system7_0/inst/FCLK_CLK0 | design_1_i/RFC8439_0/inst/RFC8439_v1_0_S00_AXI_inst/slv_reg9[23]_i_1_n_0                                                                                                                                   | design_1_i/RFC8439_0/inst/RFC8439_v1_0_S00_AXI_inst/Rfc8439_core/u_poly1305/AR[0]                                                                                                        |                2 |              8 |         4.00 |
|  design_1_i/processing_system7_0/inst/FCLK_CLK0 | design_1_i/RFC8439_0/inst/RFC8439_v1_0_S00_AXI_inst/slv_reg9[31]_i_1_n_0                                                                                                                                   | design_1_i/RFC8439_0/inst/RFC8439_v1_0_S00_AXI_inst/Rfc8439_core/u_poly1305/AR[0]                                                                                                        |                2 |              8 |         4.00 |
|  design_1_i/processing_system7_0/inst/FCLK_CLK0 | design_1_i/RFC8439_0/inst/RFC8439_v1_0_S00_AXI_inst/slv_reg7[7]_i_1_n_0                                                                                                                                    | design_1_i/RFC8439_0/inst/RFC8439_v1_0_S00_AXI_inst/Rfc8439_core/u_poly1305/AR[0]                                                                                                        |                2 |              8 |         4.00 |
|  design_1_i/processing_system7_0/inst/FCLK_CLK0 | design_1_i/RFC8439_0/inst/RFC8439_v1_0_S00_AXI_inst/slv_reg6[23]_i_1_n_0                                                                                                                                   | design_1_i/RFC8439_0/inst/RFC8439_v1_0_S00_AXI_inst/Rfc8439_core/u_poly1305/AR[0]                                                                                                        |                2 |              8 |         4.00 |
|  design_1_i/processing_system7_0/inst/FCLK_CLK0 | design_1_i/RFC8439_0/inst/RFC8439_v1_0_S00_AXI_inst/slv_reg4[7]_i_1_n_0                                                                                                                                    | design_1_i/RFC8439_0/inst/RFC8439_v1_0_S00_AXI_inst/Rfc8439_core/u_poly1305/AR[0]                                                                                                        |                3 |              8 |         2.67 |
|  design_1_i/processing_system7_0/inst/FCLK_CLK0 | design_1_i/RFC8439_0/inst/RFC8439_v1_0_S00_AXI_inst/slv_reg7[23]_i_1_n_0                                                                                                                                   | design_1_i/RFC8439_0/inst/RFC8439_v1_0_S00_AXI_inst/Rfc8439_core/u_poly1305/AR[0]                                                                                                        |                3 |              8 |         2.67 |
|  design_1_i/processing_system7_0/inst/FCLK_CLK0 | design_1_i/RFC8439_0/inst/RFC8439_v1_0_S00_AXI_inst/slv_reg9[7]_i_1_n_0                                                                                                                                    | design_1_i/RFC8439_0/inst/RFC8439_v1_0_S00_AXI_inst/Rfc8439_core/u_poly1305/AR[0]                                                                                                        |                2 |              8 |         4.00 |
|  design_1_i/processing_system7_0/inst/FCLK_CLK0 | design_1_i/RFC8439_0/inst/RFC8439_v1_0_S00_AXI_inst/slv_reg3[31]_i_1_n_0                                                                                                                                   | design_1_i/RFC8439_0/inst/RFC8439_v1_0_S00_AXI_inst/Rfc8439_core/u_poly1305/AR[0]                                                                                                        |                2 |              8 |         4.00 |
|  design_1_i/processing_system7_0/inst/FCLK_CLK0 | design_1_i/RFC8439_0/inst/RFC8439_v1_0_S00_AXI_inst/p_1_in__0[7]                                                                                                                                           | design_1_i/RFC8439_0/inst/RFC8439_v1_0_S00_AXI_inst/Rfc8439_core/u_poly1305/AR[0]                                                                                                        |                2 |              8 |         4.00 |
|  design_1_i/processing_system7_0/inst/FCLK_CLK0 | design_1_i/RFC8439_0/inst/RFC8439_v1_0_S00_AXI_inst/p_1_in__0[23]                                                                                                                                          | design_1_i/RFC8439_0/inst/RFC8439_v1_0_S00_AXI_inst/Rfc8439_core/u_poly1305/AR[0]                                                                                                        |                2 |              8 |         4.00 |
|  design_1_i/processing_system7_0/inst/FCLK_CLK0 | design_1_i/RFC8439_0/inst/RFC8439_v1_0_S00_AXI_inst/p_1_in__0[15]                                                                                                                                          | design_1_i/RFC8439_0/inst/RFC8439_v1_0_S00_AXI_inst/Rfc8439_core/u_poly1305/AR[0]                                                                                                        |                3 |              8 |         2.67 |
|  design_1_i/processing_system7_0/inst/FCLK_CLK0 | design_1_i/RFC8439_0/inst/RFC8439_v1_0_S00_AXI_inst/p_1_in__0[31]                                                                                                                                          | design_1_i/RFC8439_0/inst/RFC8439_v1_0_S00_AXI_inst/Rfc8439_core/u_poly1305/AR[0]                                                                                                        |                2 |              8 |         4.00 |
|  design_1_i/processing_system7_0/inst/FCLK_CLK0 | design_1_i/axi_smc/inst/s00_entry_pipeline/s00_si_converter/inst/converter.wrap_narrow_inst/gen_thread_loop[0].r_cmd_fifo/E[0]                                                                             | design_1_i/axi_smc/inst/s00_entry_pipeline/s00_si_converter/inst/areset                                                                                                                  |                3 |              8 |         2.67 |
|  design_1_i/processing_system7_0/inst/FCLK_CLK0 | design_1_i/axi_smc/inst/s00_entry_pipeline/s00_si_converter/inst/converter.wrap_narrow_inst/gen_thread_loop[0].r_payld_fifo/cmd_fifo/gen_srls[11].srl_nx1/shift_qual                                       |                                                                                                                                                                                          |                2 |              8 |         4.00 |
|  design_1_i/processing_system7_0/inst/FCLK_CLK0 | design_1_i/RFC8439_0/inst/RFC8439_v1_0_S00_AXI_inst/slv_reg11[31]_i_1_n_0                                                                                                                                  | design_1_i/RFC8439_0/inst/RFC8439_v1_0_S00_AXI_inst/Rfc8439_core/u_poly1305/AR[0]                                                                                                        |                1 |              8 |         8.00 |
|  design_1_i/processing_system7_0/inst/FCLK_CLK0 | design_1_i/axi_smc/inst/s00_entry_pipeline/s00_si_converter/inst/converter.wrap_narrow_inst/gen_thread_loop[0].r_payld_fifo/cmd_fifo/gen_pipelined.mesg_reg                                                |                                                                                                                                                                                          |                3 |              8 |         2.67 |
|  design_1_i/processing_system7_0/inst/FCLK_CLK0 | design_1_i/RFC8439_0/inst/RFC8439_v1_0_S00_AXI_inst/slv_reg12[7]_i_1_n_0                                                                                                                                   | design_1_i/RFC8439_0/inst/RFC8439_v1_0_S00_AXI_inst/Rfc8439_core/u_poly1305/AR[0]                                                                                                        |                2 |              8 |         4.00 |
|  design_1_i/processing_system7_0/inst/FCLK_CLK0 | design_1_i/axi_smc/inst/s00_entry_pipeline/s00_si_converter/inst/converter.wrap_narrow_inst/gen_thread_loop[1].r_cmd_fifo/E[0]                                                                             | design_1_i/axi_smc/inst/s00_entry_pipeline/s00_si_converter/inst/areset                                                                                                                  |                3 |              8 |         2.67 |
|  design_1_i/processing_system7_0/inst/FCLK_CLK0 | design_1_i/axi_smc/inst/s00_entry_pipeline/s00_mmu/inst/gen_endpoint.decerr_slave_inst/gen_axi.gen_read.read_cnt[7]_i_1_n_0                                                                                | design_1_i/axi_smc/inst/s00_entry_pipeline/s00_mmu/inst/areset                                                                                                                           |                3 |              8 |         2.67 |
|  design_1_i/processing_system7_0/inst/FCLK_CLK0 | design_1_i/RFC8439_0/inst/RFC8439_v1_0_S00_AXI_inst/slv_reg1[15]_i_1_n_0                                                                                                                                   | design_1_i/RFC8439_0/inst/RFC8439_v1_0_S00_AXI_inst/Rfc8439_core/u_poly1305/AR[0]                                                                                                        |                1 |              8 |         8.00 |
|  design_1_i/processing_system7_0/inst/FCLK_CLK0 | design_1_i/RFC8439_0/inst/RFC8439_v1_0_S00_AXI_inst/slv_reg11[7]_i_1_n_0                                                                                                                                   | design_1_i/RFC8439_0/inst/RFC8439_v1_0_S00_AXI_inst/Rfc8439_core/u_poly1305/AR[0]                                                                                                        |                2 |              8 |         4.00 |
|  design_1_i/processing_system7_0/inst/FCLK_CLK0 | design_1_i/RFC8439_0/inst/RFC8439_v1_0_S00_AXI_inst/slv_reg10[23]_i_1_n_0                                                                                                                                  | design_1_i/RFC8439_0/inst/RFC8439_v1_0_S00_AXI_inst/Rfc8439_core/u_poly1305/AR[0]                                                                                                        |                2 |              8 |         4.00 |
|  design_1_i/processing_system7_0/inst/FCLK_CLK0 | design_1_i/RFC8439_0/inst/RFC8439_v1_0_S00_AXI_inst/slv_reg10[7]_i_1_n_0                                                                                                                                   | design_1_i/RFC8439_0/inst/RFC8439_v1_0_S00_AXI_inst/Rfc8439_core/u_poly1305/AR[0]                                                                                                        |                1 |              8 |         8.00 |
|  design_1_i/processing_system7_0/inst/FCLK_CLK0 | design_1_i/RFC8439_0/inst/RFC8439_v1_0_S00_AXI_inst/slv_reg10[31]_i_1_n_0                                                                                                                                  | design_1_i/RFC8439_0/inst/RFC8439_v1_0_S00_AXI_inst/Rfc8439_core/u_poly1305/AR[0]                                                                                                        |                2 |              8 |         4.00 |
|  design_1_i/processing_system7_0/inst/FCLK_CLK0 | design_1_i/RFC8439_0/inst/RFC8439_v1_0_S00_AXI_inst/slv_reg11[15]_i_1_n_0                                                                                                                                  | design_1_i/RFC8439_0/inst/RFC8439_v1_0_S00_AXI_inst/Rfc8439_core/u_poly1305/AR[0]                                                                                                        |                3 |              8 |         2.67 |
|  design_1_i/processing_system7_0/inst/FCLK_CLK0 | design_1_i/RFC8439_0/inst/RFC8439_v1_0_S00_AXI_inst/slv_reg11[23]_i_1_n_0                                                                                                                                  | design_1_i/RFC8439_0/inst/RFC8439_v1_0_S00_AXI_inst/Rfc8439_core/u_poly1305/AR[0]                                                                                                        |                1 |              8 |         8.00 |
|  design_1_i/processing_system7_0/inst/FCLK_CLK0 | design_1_i/RFC8439_0/inst/RFC8439_v1_0_S00_AXI_inst/slv_reg12[15]_i_1_n_0                                                                                                                                  | design_1_i/RFC8439_0/inst/RFC8439_v1_0_S00_AXI_inst/Rfc8439_core/u_poly1305/AR[0]                                                                                                        |                2 |              8 |         4.00 |
|  design_1_i/processing_system7_0/inst/FCLK_CLK0 | design_1_i/RFC8439_0/inst/RFC8439_v1_0_S00_AXI_inst/slv_reg12[23]_i_1_n_0                                                                                                                                  | design_1_i/RFC8439_0/inst/RFC8439_v1_0_S00_AXI_inst/Rfc8439_core/u_poly1305/AR[0]                                                                                                        |                3 |              8 |         2.67 |
|  design_1_i/processing_system7_0/inst/FCLK_CLK0 | design_1_i/RFC8439_0/inst/RFC8439_v1_0_S00_AXI_inst/slv_reg12[31]_i_1_n_0                                                                                                                                  | design_1_i/RFC8439_0/inst/RFC8439_v1_0_S00_AXI_inst/Rfc8439_core/u_poly1305/AR[0]                                                                                                        |                2 |              8 |         4.00 |
|  design_1_i/processing_system7_0/inst/FCLK_CLK0 | design_1_i/RFC8439_0/inst/RFC8439_v1_0_S00_AXI_inst/slv_reg13[15]_i_1_n_0                                                                                                                                  | design_1_i/RFC8439_0/inst/RFC8439_v1_0_S00_AXI_inst/Rfc8439_core/u_poly1305/AR[0]                                                                                                        |                2 |              8 |         4.00 |
|  design_1_i/processing_system7_0/inst/FCLK_CLK0 | design_1_i/RFC8439_0/inst/RFC8439_v1_0_S00_AXI_inst/slv_reg13[23]_i_1_n_0                                                                                                                                  | design_1_i/RFC8439_0/inst/RFC8439_v1_0_S00_AXI_inst/Rfc8439_core/u_poly1305/AR[0]                                                                                                        |                1 |              8 |         8.00 |
|  design_1_i/processing_system7_0/inst/FCLK_CLK0 | design_1_i/RFC8439_0/inst/RFC8439_v1_0_S00_AXI_inst/slv_reg13[31]_i_1_n_0                                                                                                                                  | design_1_i/RFC8439_0/inst/RFC8439_v1_0_S00_AXI_inst/Rfc8439_core/u_poly1305/AR[0]                                                                                                        |                3 |              8 |         2.67 |
|  design_1_i/processing_system7_0/inst/FCLK_CLK0 | design_1_i/RFC8439_0/inst/RFC8439_v1_0_S00_AXI_inst/slv_reg10[15]_i_1_n_0                                                                                                                                  | design_1_i/RFC8439_0/inst/RFC8439_v1_0_S00_AXI_inst/Rfc8439_core/u_poly1305/AR[0]                                                                                                        |                3 |              8 |         2.67 |
|  design_1_i/processing_system7_0/inst/FCLK_CLK0 | design_1_i/RFC8439_0/inst/RFC8439_v1_0_S00_AXI_inst/slv_reg13[7]_i_1_n_0                                                                                                                                   | design_1_i/RFC8439_0/inst/RFC8439_v1_0_S00_AXI_inst/Rfc8439_core/u_poly1305/AR[0]                                                                                                        |                2 |              8 |         4.00 |
|  design_1_i/processing_system7_0/inst/FCLK_CLK0 | design_1_i/RFC8439_0/inst/RFC8439_v1_0_S00_AXI_inst/slv_reg14[7]_i_1_n_0                                                                                                                                   | design_1_i/RFC8439_0/inst/RFC8439_v1_0_S00_AXI_inst/Rfc8439_core/u_poly1305/AR[0]                                                                                                        |                2 |              8 |         4.00 |
|  design_1_i/processing_system7_0/inst/FCLK_CLK0 | design_1_i/RFC8439_0/inst/RFC8439_v1_0_S00_AXI_inst/slv_reg14[31]_i_1_n_0                                                                                                                                  | design_1_i/RFC8439_0/inst/RFC8439_v1_0_S00_AXI_inst/Rfc8439_core/u_poly1305/AR[0]                                                                                                        |                2 |              8 |         4.00 |
|  design_1_i/processing_system7_0/inst/FCLK_CLK0 | design_1_i/RFC8439_0/inst/RFC8439_v1_0_S00_AXI_inst/slv_reg15[15]_i_1_n_0                                                                                                                                  | design_1_i/RFC8439_0/inst/RFC8439_v1_0_S00_AXI_inst/Rfc8439_core/u_poly1305/AR[0]                                                                                                        |                3 |              8 |         2.67 |
|  design_1_i/processing_system7_0/inst/FCLK_CLK0 | design_1_i/RFC8439_0/inst/RFC8439_v1_0_S00_AXI_inst/slv_reg6[31]_i_1_n_0                                                                                                                                   | design_1_i/RFC8439_0/inst/RFC8439_v1_0_S00_AXI_inst/Rfc8439_core/u_poly1305/AR[0]                                                                                                        |                1 |              8 |         8.00 |
|  design_1_i/processing_system7_0/inst/FCLK_CLK0 | design_1_i/RFC8439_0/inst/RFC8439_v1_0_S00_AXI_inst/slv_reg15[23]_i_1_n_0                                                                                                                                  | design_1_i/RFC8439_0/inst/RFC8439_v1_0_S00_AXI_inst/Rfc8439_core/u_poly1305/AR[0]                                                                                                        |                3 |              8 |         2.67 |
|  design_1_i/processing_system7_0/inst/FCLK_CLK0 | design_1_i/RFC8439_0/inst/RFC8439_v1_0_S00_AXI_inst/slv_reg14[15]_i_1_n_0                                                                                                                                  | design_1_i/RFC8439_0/inst/RFC8439_v1_0_S00_AXI_inst/Rfc8439_core/u_poly1305/AR[0]                                                                                                        |                4 |              8 |         2.00 |
|  design_1_i/processing_system7_0/inst/FCLK_CLK0 | design_1_i/axi_smc/inst/s00_nodes/s00_ar_node/inst/inst_mi_handler/gen_normal_area.gen_fifo_req.inst_fifo_req/gen_xpm_memory_fifo.inst_fifo/gen_mem_rep[0].inst_rd_addrb/rd_addrb_incr                     | design_1_i/axi_smc/inst/s00_nodes/s00_ar_node/inst/inst_mi_handler/m_sc_areset_r                                                                                                         |                3 |              8 |         2.67 |
|  design_1_i/processing_system7_0/inst/FCLK_CLK0 | design_1_i/axi_smc/inst/s00_nodes/s00_ar_node/inst/inst_mi_handler/gen_normal_area.gen_fifo_req.inst_fifo_req/gen_xpm_memory_fifo.inst_fifo/wr_wea                                                         |                                                                                                                                                                                          |                1 |              8 |         8.00 |
|  design_1_i/processing_system7_0/inst/FCLK_CLK0 | design_1_i/axi_smc/inst/s00_nodes/s00_aw_node/inst/inst_mi_handler/gen_normal_area.gen_fifo_req.inst_fifo_req/gen_xpm_memory_fifo.inst_fifo/wr_wea                                                         |                                                                                                                                                                                          |                1 |              8 |         8.00 |
|  design_1_i/processing_system7_0/inst/FCLK_CLK0 | design_1_i/axi_smc/inst/s00_nodes/s00_aw_node/inst/inst_mi_handler/gen_normal_area.gen_fifo_req.inst_fifo_req/gen_xpm_memory_fifo.inst_fifo/gen_mem_rep[0].inst_rd_addrb/rd_addrb_incr                     | design_1_i/axi_smc/inst/s00_nodes/s00_aw_node/inst/inst_mi_handler/m_sc_areset_r                                                                                                         |                3 |              8 |         2.67 |
|  design_1_i/processing_system7_0/inst/FCLK_CLK0 | design_1_i/axi_smc/inst/s00_nodes/s00_w_node/inst/inst_mi_handler/gen_normal_area.gen_fifo_req.inst_fifo_req/gen_xpm_memory_fifo.inst_fifo/gen_mem_rep[0].inst_rd_addrb/rd_addrb_incr                      | design_1_i/axi_smc/inst/s00_nodes/s00_w_node/inst/inst_mi_handler/m_sc_areset_r                                                                                                          |                3 |              8 |         2.67 |
|  design_1_i/processing_system7_0/inst/FCLK_CLK0 | design_1_i/axi_smc/inst/s00_nodes/s00_w_node/inst/inst_mi_handler/gen_normal_area.gen_fifo_req.inst_fifo_req/gen_xpm_memory_fifo.inst_fifo/wr_wea                                                          |                                                                                                                                                                                          |                1 |              8 |         8.00 |
|  design_1_i/processing_system7_0/inst/FCLK_CLK0 | design_1_i/axi_smc/inst/m02_exit_pipeline/m02_exit/inst/splitter_inst/gen_axi4lite.axilite_conv/ar_cnt[7]_i_1_n_0                                                                                          | design_1_i/axi_smc/inst/m02_exit_pipeline/m02_exit/inst/areset                                                                                                                           |                4 |              8 |         2.00 |
|  design_1_i/processing_system7_0/inst/FCLK_CLK0 | design_1_i/RFC8439_0/inst/RFC8439_v1_0_S00_AXI_inst/slv_reg14[23]_i_1_n_0                                                                                                                                  | design_1_i/RFC8439_0/inst/RFC8439_v1_0_S00_AXI_inst/Rfc8439_core/u_poly1305/AR[0]                                                                                                        |                2 |              8 |         4.00 |
|  design_1_i/processing_system7_0/inst/FCLK_CLK0 | design_1_i/RFC8439_0/inst/RFC8439_v1_0_S00_AXI_inst/slv_reg15[31]_i_1_n_0                                                                                                                                  | design_1_i/RFC8439_0/inst/RFC8439_v1_0_S00_AXI_inst/Rfc8439_core/u_poly1305/AR[0]                                                                                                        |                2 |              8 |         4.00 |
|  design_1_i/processing_system7_0/inst/FCLK_CLK0 | design_1_i/axi_smc/inst/m02_exit_pipeline/m02_exit/inst/splitter_inst/gen_axi4lite.axilite_conv/r_beats[7]_i_1_n_0                                                                                         | design_1_i/axi_smc/inst/m02_exit_pipeline/m02_exit/inst/areset                                                                                                                           |                3 |              8 |         2.67 |
|  design_1_i/processing_system7_0/inst/FCLK_CLK0 | design_1_i/RFC8439_0/inst/RFC8439_v1_0_S00_AXI_inst/slv_reg15[7]_i_1_n_0                                                                                                                                   | design_1_i/RFC8439_0/inst/RFC8439_v1_0_S00_AXI_inst/Rfc8439_core/u_poly1305/AR[0]                                                                                                        |                2 |              8 |         4.00 |
|  design_1_i/processing_system7_0/inst/FCLK_CLK0 | design_1_i/axi_smc/inst/s00_entry_pipeline/s00_si_converter/inst/converter.wrap_narrow_inst/gen_thread_loop[1].r_payld_fifo/cmd_fifo/gen_srls[11].srl_nx1/shift_qual                                       |                                                                                                                                                                                          |                2 |              8 |         4.00 |
|  design_1_i/processing_system7_0/inst/FCLK_CLK0 | design_1_i/RFC8439_0/inst/RFC8439_v1_0_S00_AXI_inst/slv_reg4[31]_i_1_n_0                                                                                                                                   | design_1_i/RFC8439_0/inst/RFC8439_v1_0_S00_AXI_inst/Rfc8439_core/u_poly1305/AR[0]                                                                                                        |                2 |              8 |         4.00 |
|  design_1_i/processing_system7_0/inst/FCLK_CLK0 | design_1_i/RFC8439_0/inst/RFC8439_v1_0_S00_AXI_inst/slv_reg2[31]_i_1_n_0                                                                                                                                   | design_1_i/RFC8439_0/inst/RFC8439_v1_0_S00_AXI_inst/Rfc8439_core/u_poly1305/AR[0]                                                                                                        |                2 |              8 |         4.00 |
|  design_1_i/processing_system7_0/inst/FCLK_CLK0 | design_1_i/axi_smc/inst/s00_entry_pipeline/s00_si_converter/inst/converter.wrap_narrow_inst/w_payld_fifo/w_subst_mask_reg[3][0]                                                                            |                                                                                                                                                                                          |                3 |              9 |         3.00 |
|  design_1_i/processing_system7_0/inst/FCLK_CLK0 |                                                                                                                                                                                                            | design_1_i/axi_smc/inst/s00_nodes/s00_ar_node/inst/inst_mi_handler/m_sc_areset_r                                                                                                         |                4 |              9 |         2.25 |
|  design_1_i/processing_system7_0/inst/FCLK_CLK0 | design_1_i/axi_smc/inst/s00_entry_pipeline/s00_si_converter/inst/converter.wrap_narrow_inst/gen_thread_loop[0].r_payld_fifo/cmd_fifo/cmd_len_qq                                                            | design_1_i/axi_smc/inst/s00_entry_pipeline/s00_si_converter/inst/areset                                                                                                                  |                2 |              9 |         4.50 |
|  design_1_i/processing_system7_0/inst/FCLK_CLK0 | design_1_i/axi_smc/inst/s00_entry_pipeline/s00_si_converter/inst/converter.wrap_narrow_inst/gen_thread_loop[1].r_payld_fifo/cmd_fifo/cmd_len_qq                                                            | design_1_i/axi_smc/inst/s00_entry_pipeline/s00_si_converter/inst/areset                                                                                                                  |                2 |              9 |         4.50 |
|  design_1_i/processing_system7_0/inst/FCLK_CLK0 | design_1_i/axi_smc/inst/s00_entry_pipeline/s00_si_converter/inst/converter.wrap_narrow_inst/w_payld_fifo/cmd_fifo/cmd_len_qq                                                                               | design_1_i/axi_smc/inst/s00_entry_pipeline/s00_si_converter/inst/areset                                                                                                                  |                3 |              9 |         3.00 |
|  design_1_i/processing_system7_0/inst/FCLK_CLK0 | design_1_i/axi_smc/inst/s00_entry_pipeline/s00_si_converter/inst/converter.wrap_narrow_inst/gen_thread_loop[1].r_payld_fifo/cmd_fifo/cmd_active_reg[0]                                                     | design_1_i/axi_smc/inst/s00_entry_pipeline/s00_si_converter/inst/areset                                                                                                                  |                4 |              9 |         2.25 |
|  design_1_i/processing_system7_0/inst/FCLK_CLK0 | design_1_i/axi_smc/inst/m02_exit_pipeline/m02_exit/inst/splitter_inst/gen_axi4lite.axilite_conv/b_cnt                                                                                                      | design_1_i/axi_smc/inst/m02_exit_pipeline/m02_exit/inst/splitter_inst/gen_axi4lite.axilite_conv/b_cnt[8]_i_1_n_0                                                                         |                2 |              9 |         4.50 |
|  design_1_i/processing_system7_0/inst/FCLK_CLK0 | design_1_i/axi_smc/inst/m02_exit_pipeline/m02_exit/inst/splitter_inst/gen_axi4lite.axilite_conv/w_cnt[8]_i_1_n_0                                                                                           | design_1_i/axi_smc/inst/m02_exit_pipeline/m02_exit/inst/areset                                                                                                                           |                3 |              9 |         3.00 |
|  design_1_i/processing_system7_0/inst/FCLK_CLK0 | design_1_i/axi_smc/inst/s00_entry_pipeline/s00_si_converter/inst/converter.wrap_narrow_inst/gen_thread_loop[0].r_payld_fifo/cmd_fifo/cmd_active_reg[0]                                                     | design_1_i/axi_smc/inst/s00_entry_pipeline/s00_si_converter/inst/areset                                                                                                                  |                3 |              9 |         3.00 |
|  design_1_i/processing_system7_0/inst/FCLK_CLK0 | design_1_i/axi_smc/inst/s00_entry_pipeline/s00_si_converter/inst/converter.wrap_narrow_inst/gen_thread_loop[2].r_payld_fifo/cmd_fifo/cmd_len_qq                                                            | design_1_i/axi_smc/inst/s00_entry_pipeline/s00_si_converter/inst/areset                                                                                                                  |                3 |              9 |         3.00 |
|  design_1_i/processing_system7_0/inst/FCLK_CLK0 | design_1_i/axi_smc/inst/s00_entry_pipeline/s00_si_converter/inst/converter.wrap_narrow_inst/gen_thread_loop[2].r_payld_fifo/cmd_fifo/cmd_active_reg[0]                                                     | design_1_i/axi_smc/inst/s00_entry_pipeline/s00_si_converter/inst/areset                                                                                                                  |                5 |              9 |         1.80 |
|  design_1_i/processing_system7_0/inst/FCLK_CLK0 | design_1_i/axi_smc/inst/s00_entry_pipeline/s00_si_converter/inst/converter.wrap_narrow_inst/w_payld_fifo/cmd_fifo/cmd_active_reg_0[0]                                                                      | design_1_i/axi_smc/inst/s00_entry_pipeline/s00_si_converter/inst/areset                                                                                                                  |                3 |              9 |         3.00 |
|  design_1_i/processing_system7_0/inst/FCLK_CLK0 | design_1_i/axi_smc/inst/s00_entry_pipeline/s00_si_converter/inst/converter.wrap_narrow_inst/w_payld_fifo/s_ready_i_reg_0                                                                                   | design_1_i/axi_smc/inst/s00_entry_pipeline/s00_si_converter/inst/converter.wrap_narrow_inst/w_payld_fifo/w_accum_continue_d_reg                                                          |                2 |              9 |         4.50 |
|  design_1_i/processing_system7_0/inst/FCLK_CLK0 | design_1_i/axi_smc/inst/s00_entry_pipeline/s00_si_converter/inst/converter.wrap_narrow_inst/w_payld_fifo/w_subst_mask_reg[3][2]                                                                            |                                                                                                                                                                                          |                3 |              9 |         3.00 |
|  design_1_i/processing_system7_0/inst/FCLK_CLK0 | design_1_i/axi_smc/inst/s00_entry_pipeline/s00_si_converter/inst/converter.wrap_narrow_inst/w_payld_fifo/w_subst_mask_reg[3][1]                                                                            |                                                                                                                                                                                          |                4 |              9 |         2.25 |
|  design_1_i/processing_system7_0/inst/FCLK_CLK0 |                                                                                                                                                                                                            | design_1_i/axi_smc/inst/s00_nodes/s00_w_node/inst/inst_mi_handler/m_sc_areset_r                                                                                                          |                5 |              9 |         1.80 |
|  design_1_i/processing_system7_0/inst/FCLK_CLK0 | design_1_i/axi_smc/inst/s00_entry_pipeline/s00_si_converter/inst/converter.wrap_narrow_inst/gen_thread_loop[3].r_payld_fifo/cmd_fifo/cmd_len_qq                                                            | design_1_i/axi_smc/inst/s00_entry_pipeline/s00_si_converter/inst/areset                                                                                                                  |                3 |              9 |         3.00 |
|  design_1_i/processing_system7_0/inst/FCLK_CLK0 | design_1_i/axi_smc/inst/s00_entry_pipeline/s00_si_converter/inst/converter.wrap_narrow_inst/gen_thread_loop[3].r_payld_fifo/cmd_fifo/cmd_active_reg[0]                                                     | design_1_i/axi_smc/inst/s00_entry_pipeline/s00_si_converter/inst/areset                                                                                                                  |                3 |              9 |         3.00 |
|  design_1_i/processing_system7_0/inst/FCLK_CLK0 |                                                                                                                                                                                                            | design_1_i/axi_smc/inst/s00_nodes/s00_aw_node/inst/inst_mi_handler/m_sc_areset_r                                                                                                         |                5 |              9 |         1.80 |
|  design_1_i/processing_system7_0/inst/FCLK_CLK0 | design_1_i/axi_bram_ctrl_0/U0/gext_inst.abcv4_0_ext_inst/GEN_AXI4.I_FULL_AXI/I_RD_CHNL/GEN_NO_RD_CMD_OPT.I_WRAP_BRST/E[0]                                                                                  | design_1_i/axi_bram_ctrl_0/U0/gext_inst.abcv4_0_ext_inst/GEN_AXI4.I_FULL_AXI/I_WR_CHNL/I_WRAP_BRST/SR[0]                                                                                 |                4 |             10 |         2.50 |
|  design_1_i/processing_system7_0/inst/FCLK_CLK0 | design_1_i/axi_smc/inst/s00_nodes/s00_b_node/inst/inst_mi_handler/gen_normal_area.inst_fifo_node_payld/gen_xpm_memory_fifo.inst_fifo/gen_mem_rep[0].inst_rd_addrb/rd_addrb_incr                            | design_1_i/axi_smc/inst/s00_nodes/s00_b_node/inst/inst_mi_handler/m_sc_areset_r                                                                                                          |                4 |             10 |         2.50 |
|  design_1_i/processing_system7_0/inst/FCLK_CLK0 | design_1_i/axi_smc/inst/s00_entry_pipeline/s00_si_converter/inst/converter.wrap_narrow_inst/gen_thread_arb.r_thread_arb/gen_thread_loop[1].r_cmd_active_reg[1][0]                                          | design_1_i/axi_smc/inst/s00_entry_pipeline/s00_si_converter/inst/areset                                                                                                                  |                5 |             10 |         2.00 |
|  design_1_i/processing_system7_0/inst/FCLK_CLK0 | design_1_i/axi_smc/inst/s00_entry_pipeline/s00_si_converter/inst/converter.wrap_narrow_inst/gen_thread_arb.r_thread_arb/gen_thread_loop[0].r_cmd_active_reg[0][0]                                          | design_1_i/axi_smc/inst/s00_entry_pipeline/s00_si_converter/inst/areset                                                                                                                  |                4 |             10 |         2.50 |
|  design_1_i/processing_system7_0/inst/FCLK_CLK0 | design_1_i/axi_smc/inst/s00_entry_pipeline/s00_si_converter/inst/converter.wrap_narrow_inst/gen_thread_arb.r_thread_arb/E[0]                                                                               | design_1_i/axi_smc/inst/s00_entry_pipeline/s00_si_converter/inst/areset                                                                                                                  |                4 |             10 |         2.50 |
|  design_1_i/processing_system7_0/inst/FCLK_CLK0 | design_1_i/axi_smc/inst/m02_nodes/m02_b_node/inst/inst_mi_handler/gen_normal_area.inst_fifo_node_payld/gen_xpm_memory_fifo.inst_fifo/wr_wea                                                                |                                                                                                                                                                                          |                2 |             10 |         5.00 |
|  design_1_i/processing_system7_0/inst/FCLK_CLK0 | design_1_i/axi_smc/inst/m00_nodes/m00_b_node/inst/inst_mi_handler/gen_normal_area.inst_fifo_node_payld/gen_xpm_memory_fifo.inst_fifo/wr_wea                                                                |                                                                                                                                                                                          |                2 |             10 |         5.00 |
|  design_1_i/processing_system7_0/inst/FCLK_CLK0 | design_1_i/axi_smc/inst/s00_entry_pipeline/s00_si_converter/inst/converter.wrap_narrow_inst/gen_thread_arb.r_thread_arb/gen_thread_loop[2].r_cmd_active_reg[2][0]                                          | design_1_i/axi_smc/inst/s00_entry_pipeline/s00_si_converter/inst/areset                                                                                                                  |                4 |             10 |         2.50 |
|  design_1_i/processing_system7_0/inst/FCLK_CLK0 | design_1_i/axi_smc/inst/s00_entry_pipeline/s00_si_converter/inst/converter.wrap_narrow_inst/w_cmd_fifo/gen_srls[15].srl_nx1/shift_qual                                                                     |                                                                                                                                                                                          |                3 |             11 |         3.67 |
|  design_1_i/processing_system7_0/inst/FCLK_CLK0 | design_1_i/axi_smc/inst/s00_entry_pipeline/s00_si_converter/inst/converter.wrap_narrow_inst/w_cmd_fifo/gen_pipelined.mesg_reg                                                                              |                                                                                                                                                                                          |                6 |             11 |         1.83 |
|  design_1_i/processing_system7_0/inst/FCLK_CLK0 | design_1_i/axi_smc/inst/m00_nodes/m00_aw_node/inst/inst_mi_handler/inst_ingress/inst_pipeline_valid/ingress_valid                                                                                          | design_1_i/axi_smc/inst/m00_nodes/m00_aw_node/inst/inst_mi_handler/areset_r                                                                                                              |                4 |             12 |         3.00 |
|  design_1_i/processing_system7_0/inst/FCLK_CLK0 | design_1_i/axi_smc/inst/m00_nodes/m00_aw_node/inst/inst_si_handler/s_sc_valid                                                                                                                              | design_1_i/axi_smc/inst/m00_nodes/m00_aw_node/inst/inst_mi_handler/areset_r                                                                                                              |                4 |             12 |         3.00 |
|  design_1_i/processing_system7_0/inst/FCLK_CLK0 | design_1_i/axi_smc/inst/m02_nodes/m02_w_node/inst/inst_si_handler/s_sc_valid                                                                                                                               | design_1_i/axi_smc/inst/m02_nodes/m02_w_node/inst/inst_mi_handler/areset_r                                                                                                               |                3 |             12 |         4.00 |
|  design_1_i/processing_system7_0/inst/FCLK_CLK0 | design_1_i/axi_smc/inst/m00_nodes/m00_b_node/inst/inst_mi_handler/gen_normal_area.inst_fifo_node_payld/gen_xpm_memory_fifo.inst_fifo/gen_mem_rep[0].inst_rd_addrb/rd_addrb_incr                            | design_1_i/axi_smc/inst/m00_nodes/m00_b_node/inst/inst_mi_handler/m_sc_areset_r                                                                                                          |                6 |             12 |         2.00 |
|  design_1_i/processing_system7_0/inst/FCLK_CLK0 | design_1_i/axi_smc/inst/s00_entry_pipeline/s00_mmu/inst/gen_endpoint.decerr_slave_inst/gen_axi.gen_read.s_axi_rid_i                                                                                        | design_1_i/axi_smc/inst/s00_entry_pipeline/s00_mmu/inst/areset                                                                                                                           |                3 |             12 |         4.00 |
|  design_1_i/processing_system7_0/inst/FCLK_CLK0 | design_1_i/axi_smc/inst/s00_entry_pipeline/s00_mmu/inst/gen_endpoint.decerr_slave_inst/gen_axi.gen_write.s_axi_bid_i[11]_i_1_n_0                                                                           | design_1_i/axi_smc/inst/s00_entry_pipeline/s00_mmu/inst/areset                                                                                                                           |                6 |             12 |         2.00 |
|  design_1_i/processing_system7_0/inst/FCLK_CLK0 | design_1_i/axi_smc/inst/m02_nodes/m02_aw_node/inst/inst_mi_handler/inst_ingress/inst_pipeline_valid/ingress_valid                                                                                          | design_1_i/axi_smc/inst/m02_nodes/m02_aw_node/inst/inst_mi_handler/areset_r                                                                                                              |                3 |             12 |         4.00 |
|  design_1_i/processing_system7_0/inst/FCLK_CLK0 | design_1_i/axi_smc/inst/m02_nodes/m02_aw_node/inst/inst_si_handler/s_sc_valid                                                                                                                              | design_1_i/axi_smc/inst/m02_nodes/m02_aw_node/inst/inst_mi_handler/areset_r                                                                                                              |                5 |             12 |         2.40 |
|  design_1_i/processing_system7_0/inst/FCLK_CLK0 | design_1_i/axi_smc/inst/m00_nodes/m00_ar_node/inst/inst_mi_handler/inst_ingress/inst_pipeline_valid/ingress_valid                                                                                          | design_1_i/axi_smc/inst/m00_nodes/m00_ar_node/inst/inst_mi_handler/areset_r                                                                                                              |                4 |             12 |         3.00 |
|  design_1_i/processing_system7_0/inst/FCLK_CLK0 | design_1_i/axi_smc/inst/m02_nodes/m02_b_node/inst/inst_mi_handler/gen_normal_area.inst_fifo_node_payld/gen_xpm_memory_fifo.inst_fifo/gen_mem_rep[0].inst_rd_addrb/rd_addrb_incr                            | design_1_i/axi_smc/inst/m02_nodes/m02_b_node/inst/inst_mi_handler/m_sc_areset_r                                                                                                          |                5 |             12 |         2.40 |
|  design_1_i/processing_system7_0/inst/FCLK_CLK0 | design_1_i/axi_smc/inst/m02_nodes/m02_ar_node/inst/inst_mi_handler/inst_ingress/inst_pipeline_valid/ingress_valid                                                                                          | design_1_i/axi_smc/inst/m02_nodes/m02_ar_node/inst/inst_mi_handler/areset_r                                                                                                              |                4 |             12 |         3.00 |
|  design_1_i/processing_system7_0/inst/FCLK_CLK0 | design_1_i/axi_smc/inst/m02_nodes/m02_ar_node/inst/inst_si_handler/s_sc_valid                                                                                                                              | design_1_i/axi_smc/inst/m02_nodes/m02_ar_node/inst/inst_mi_handler/areset_r                                                                                                              |                4 |             12 |         3.00 |
|  design_1_i/processing_system7_0/inst/FCLK_CLK0 | design_1_i/axi_smc/inst/m00_nodes/m00_ar_node/inst/inst_si_handler/s_sc_valid                                                                                                                              | design_1_i/axi_smc/inst/m00_nodes/m00_ar_node/inst/inst_mi_handler/areset_r                                                                                                              |                3 |             12 |         4.00 |
|  design_1_i/processing_system7_0/inst/FCLK_CLK0 | design_1_i/axi_smc/inst/s00_nodes/s00_b_node/inst/inst_mi_handler/inst_ingress/inst_pipeline_valid/ingress_valid                                                                                           | design_1_i/axi_smc/inst/s00_nodes/s00_b_node/inst/inst_mi_handler/areset_r                                                                                                               |                4 |             12 |         3.00 |
|  design_1_i/processing_system7_0/inst/FCLK_CLK0 | design_1_i/axi_smc/inst/m00_nodes/m00_w_node/inst/inst_mi_handler/inst_ingress/inst_pipeline_valid/ingress_valid                                                                                           | design_1_i/axi_smc/inst/m00_nodes/m00_w_node/inst/inst_mi_handler/areset_r                                                                                                               |                4 |             12 |         3.00 |
|  design_1_i/processing_system7_0/inst/FCLK_CLK0 | design_1_i/axi_smc/inst/m00_nodes/m00_w_node/inst/inst_si_handler/s_sc_valid                                                                                                                               | design_1_i/axi_smc/inst/m00_nodes/m00_w_node/inst/inst_mi_handler/areset_r                                                                                                               |                4 |             12 |         3.00 |
|  design_1_i/processing_system7_0/inst/FCLK_CLK0 | design_1_i/axi_smc/inst/s00_nodes/s00_b_node/inst/inst_si_handler/gen_si_handler.gen_arbiter_rr_normal_area.inst_arbiter/s_sc_valid                                                                        | design_1_i/axi_smc/inst/s00_nodes/s00_b_node/inst/inst_mi_handler/areset_r                                                                                                               |                5 |             12 |         2.40 |
|  design_1_i/processing_system7_0/inst/FCLK_CLK0 | design_1_i/axi_smc/inst/s00_nodes/s00_r_node/inst/inst_mi_handler/inst_ingress/inst_pipeline_valid/ingress_valid                                                                                           | design_1_i/axi_smc/inst/s00_nodes/s00_r_node/inst/inst_mi_handler/areset_r                                                                                                               |                4 |             12 |         3.00 |
|  design_1_i/processing_system7_0/inst/FCLK_CLK0 | design_1_i/axi_smc/inst/s00_nodes/s00_r_node/inst/inst_si_handler/gen_si_handler.gen_arbiter_rr_normal_area.inst_arbiter/s_sc_valid                                                                        | design_1_i/axi_smc/inst/s00_nodes/s00_r_node/inst/inst_mi_handler/areset_r                                                                                                               |                6 |             12 |         2.00 |
|  design_1_i/processing_system7_0/inst/FCLK_CLK0 | design_1_i/axi_smc/inst/s00_entry_pipeline/s00_mmu/inst/b_sreg/skid_buffer[1035]_i_1__0_n_0                                                                                                                |                                                                                                                                                                                          |                4 |             12 |         3.00 |
|  design_1_i/processing_system7_0/inst/FCLK_CLK0 | design_1_i/axi_smc/inst/m02_nodes/m02_w_node/inst/inst_mi_handler/inst_ingress/inst_pipeline_valid/ingress_valid                                                                                           | design_1_i/axi_smc/inst/m02_nodes/m02_w_node/inst/inst_mi_handler/areset_r                                                                                                               |                4 |             12 |         3.00 |
|  design_1_i/processing_system7_0/inst/FCLK_CLK0 | design_1_i/axi_smc/inst/s00_entry_pipeline/s00_si_converter/inst/converter.wrap_narrow_inst/gen_thread_loop[3].r_cmd_fifo/gen_pipelined.mesg_reg                                                           |                                                                                                                                                                                          |                5 |             13 |         2.60 |
|  design_1_i/processing_system7_0/inst/FCLK_CLK0 | design_1_i/axi_smc/inst/s00_entry_pipeline/s00_si_converter/inst/converter.wrap_narrow_inst/gen_thread_loop[0].r_cmd_fifo/gen_pipelined.mesg_reg                                                           |                                                                                                                                                                                          |                4 |             13 |         3.25 |
|  design_1_i/processing_system7_0/inst/FCLK_CLK0 | design_1_i/axi_smc/inst/s00_entry_pipeline/s00_transaction_regulator/inst/gen_endpoint.gen_r_multithread.r_multithread/cmd_reg/aid_match_d_reg[1]                                                          |                                                                                                                                                                                          |                5 |             13 |         2.60 |
|  design_1_i/processing_system7_0/inst/FCLK_CLK0 | design_1_i/axi_smc/inst/s00_entry_pipeline/s00_transaction_regulator/inst/gen_endpoint.gen_r_multithread.r_multithread/cmd_reg/aid_match_d_reg[3]                                                          |                                                                                                                                                                                          |                3 |             13 |         4.33 |
|  design_1_i/processing_system7_0/inst/FCLK_CLK0 | design_1_i/axi_smc/inst/s00_entry_pipeline/s00_transaction_regulator/inst/gen_endpoint.gen_r_multithread.r_multithread/cmd_reg/aid_match_d_reg[2]                                                          |                                                                                                                                                                                          |                2 |             13 |         6.50 |
|  design_1_i/processing_system7_0/inst/FCLK_CLK0 | design_1_i/axi_smc/inst/s00_entry_pipeline/s00_si_converter/inst/converter.wrap_narrow_inst/gen_thread_loop[2].r_cmd_fifo/gen_pipelined.mesg_reg                                                           |                                                                                                                                                                                          |                4 |             13 |         3.25 |
|  design_1_i/processing_system7_0/inst/FCLK_CLK0 | design_1_i/axi_smc/inst/s00_entry_pipeline/s00_si_converter/inst/converter.wrap_narrow_inst/gen_thread_loop[0].r_cmd_fifo/gen_srls[20].srl_nx1/shift_qual                                                  |                                                                                                                                                                                          |                4 |             13 |         3.25 |
|  design_1_i/processing_system7_0/inst/FCLK_CLK0 | design_1_i/axi_smc/inst/s00_entry_pipeline/s00_si_converter/inst/converter.wrap_narrow_inst/gen_thread_loop[2].r_cmd_fifo/gen_srls[20].srl_nx1/shift_qual                                                  |                                                                                                                                                                                          |                4 |             13 |         3.25 |
|  design_1_i/processing_system7_0/inst/FCLK_CLK0 | design_1_i/axi_smc/inst/s00_entry_pipeline/s00_si_converter/inst/converter.wrap_narrow_inst/gen_thread_loop[3].r_cmd_fifo/gen_srls[20].srl_nx1/shift_qual                                                  |                                                                                                                                                                                          |                4 |             13 |         3.25 |
|  design_1_i/processing_system7_0/inst/FCLK_CLK0 | design_1_i/axi_smc/inst/m02_nodes/m02_aw_node/inst/inst_mi_handler/gen_normal_area.inst_fifo_node_payld/gen_xpm_memory_fifo.inst_fifo/gen_mem_rep[0].inst_rd_addrb/rd_addrb_incr                           | design_1_i/axi_smc/inst/m02_nodes/m02_aw_node/inst/inst_mi_handler/m_sc_areset_r                                                                                                         |                5 |             13 |         2.60 |
|  design_1_i/processing_system7_0/inst/FCLK_CLK0 | design_1_i/axi_smc/inst/s00_entry_pipeline/s00_transaction_regulator/inst/gen_endpoint.gen_w_multithread.w_multithread/cmd_reg/gen_pipelined.mesg_reg_reg[1]                                               |                                                                                                                                                                                          |                4 |             13 |         3.25 |
|  design_1_i/processing_system7_0/inst/FCLK_CLK0 | design_1_i/axi_smc/inst/s00_entry_pipeline/s00_si_converter/inst/converter.wrap_narrow_inst/gen_thread_loop[1].r_cmd_fifo/gen_pipelined.mesg_reg                                                           |                                                                                                                                                                                          |                4 |             13 |         3.25 |
|  design_1_i/processing_system7_0/inst/FCLK_CLK0 | design_1_i/axi_smc/inst/s00_entry_pipeline/s00_si_converter/inst/converter.wrap_narrow_inst/gen_thread_loop[1].r_cmd_fifo/gen_srls[20].srl_nx1/shift_qual                                                  |                                                                                                                                                                                          |                4 |             13 |         3.25 |
|  design_1_i/processing_system7_0/inst/FCLK_CLK0 | design_1_i/axi_smc/inst/s00_entry_pipeline/s00_transaction_regulator/inst/gen_endpoint.gen_w_multithread.w_multithread/cmd_reg/gen_pipelined.mesg_reg_reg[2]                                               |                                                                                                                                                                                          |                2 |             13 |         6.50 |
|  design_1_i/processing_system7_0/inst/FCLK_CLK0 | design_1_i/axi_smc/inst/s00_entry_pipeline/s00_transaction_regulator/inst/gen_endpoint.gen_w_multithread.w_multithread/cmd_reg/gen_pipelined.mesg_reg_reg[3]                                               |                                                                                                                                                                                          |                5 |             13 |         2.60 |
|  design_1_i/processing_system7_0/inst/FCLK_CLK0 | design_1_i/axi_smc/inst/s00_entry_pipeline/s00_transaction_regulator/inst/gen_endpoint.gen_r_multithread.r_multithread/cmd_reg/active_target                                                               |                                                                                                                                                                                          |                3 |             13 |         4.33 |
|  design_1_i/processing_system7_0/inst/FCLK_CLK0 | design_1_i/axi_smc/inst/s00_entry_pipeline/s00_mmu/inst/r_sreg/skid_buffer[1058]_i_1_n_0                                                                                                                   |                                                                                                                                                                                          |                4 |             13 |         3.25 |
|  design_1_i/processing_system7_0/inst/FCLK_CLK0 | design_1_i/axi_smc/inst/s00_entry_pipeline/s00_transaction_regulator/inst/gen_endpoint.gen_w_multithread.w_multithread/cmd_reg/active_target                                                               |                                                                                                                                                                                          |                4 |             13 |         3.25 |
|  design_1_i/processing_system7_0/inst/FCLK_CLK0 | design_1_i/axi_smc/inst/s00_entry_pipeline/s00_mmu/inst/b_sreg/m_vector_i                                                                                                                                  |                                                                                                                                                                                          |                5 |             14 |         2.80 |
|  design_1_i/processing_system7_0/inst/FCLK_CLK0 | design_1_i/axi_smc/inst/m02_nodes/m02_aw_node/inst/inst_mi_handler/gen_normal_area.inst_fifo_node_payld/gen_xpm_memory_fifo.inst_fifo/wr_wea                                                               |                                                                                                                                                                                          |                2 |             16 |         8.00 |
|  design_1_i/processing_system7_0/inst/FCLK_CLK0 | design_1_i/axi_bram_ctrl_0/U0/gext_inst.abcv4_0_ext_inst/GEN_AXI4.I_FULL_AXI/GEN_ARB.I_SNG_PORT/E[0]                                                                                                       | design_1_i/axi_bram_ctrl_0/U0/gext_inst.abcv4_0_ext_inst/GEN_AXI4.I_FULL_AXI/I_RD_CHNL/GEN_NO_RD_CMD_OPT.I_WRAP_BRST/SR[0]                                                               |                4 |             16 |         4.00 |
|  design_1_i/processing_system7_0/inst/FCLK_CLK0 | design_1_i/axi_smc/inst/s00_nodes/s00_b_node/inst/inst_mi_handler/gen_normal_area.inst_fifo_node_payld/gen_xpm_memory_fifo.inst_fifo/wr_wea                                                                |                                                                                                                                                                                          |                2 |             16 |         8.00 |
|  design_1_i/processing_system7_0/inst/FCLK_CLK0 | design_1_i/axi_smc/inst/m00_exit_pipeline/m00_exit/inst/aw_reg/skid_buffer[1144]_i_1__0_n_0                                                                                                                |                                                                                                                                                                                          |                3 |             18 |         6.00 |
|  design_1_i/processing_system7_0/inst/FCLK_CLK0 | design_1_i/axi_smc/inst/m00_exit_pipeline/m00_exit/inst/aw_reg/m_vector_i                                                                                                                                  |                                                                                                                                                                                          |                3 |             18 |         6.00 |
|  design_1_i/processing_system7_0/inst/FCLK_CLK0 | design_1_i/axi_smc/inst/m00_exit_pipeline/m00_exit/inst/ar_reg/skid_buffer[1144]_i_1_n_0                                                                                                                   |                                                                                                                                                                                          |                5 |             22 |         4.40 |
|  design_1_i/processing_system7_0/inst/FCLK_CLK0 | design_1_i/axi_smc/inst/m00_exit_pipeline/m00_exit/inst/ar_reg/m_vector_i                                                                                                                                  |                                                                                                                                                                                          |                3 |             22 |         7.33 |
|  design_1_i/processing_system7_0/inst/FCLK_CLK0 | design_1_i/axi_smc/inst/s00_nodes/s00_aw_node/inst/inst_si_handler/s_sc_valid                                                                                                                              | design_1_i/axi_smc/inst/s00_nodes/s00_aw_node/inst/inst_mi_handler/areset_r                                                                                                              |               12 |             24 |         2.00 |
|  design_1_i/processing_system7_0/inst/FCLK_CLK0 | design_1_i/axi_smc/inst/s00_nodes/s00_w_node/inst/inst_si_handler/s_sc_valid                                                                                                                               | design_1_i/axi_smc/inst/s00_nodes/s00_w_node/inst/inst_mi_handler/areset_r                                                                                                               |                9 |             24 |         2.67 |
|  design_1_i/processing_system7_0/inst/FCLK_CLK0 | design_1_i/axi_smc/inst/s00_nodes/s00_ar_node/inst/inst_si_handler/s_sc_valid                                                                                                                              | design_1_i/axi_smc/inst/s00_nodes/s00_ar_node/inst/inst_mi_handler/areset_r                                                                                                              |                8 |             24 |         3.00 |
|  design_1_i/processing_system7_0/inst/FCLK_CLK0 | design_1_i/axi_smc/inst/m02_nodes/m02_b_node/inst/inst_si_handler/s_sc_valid                                                                                                                               | design_1_i/axi_smc/inst/m02_nodes/m02_b_node/inst/inst_mi_handler/areset_r                                                                                                               |                8 |             24 |         3.00 |
|  design_1_i/processing_system7_0/inst/FCLK_CLK0 | design_1_i/axi_smc/inst/m02_nodes/m02_r_node/inst/inst_si_handler/s_sc_valid                                                                                                                               | design_1_i/axi_smc/inst/m02_nodes/m02_r_node/inst/inst_mi_handler/areset_r                                                                                                               |                8 |             24 |         3.00 |
|  design_1_i/processing_system7_0/inst/FCLK_CLK0 | design_1_i/axi_smc/inst/m00_nodes/m00_b_node/inst/inst_si_handler/s_sc_valid                                                                                                                               | design_1_i/axi_smc/inst/m00_nodes/m00_b_node/inst/inst_mi_handler/areset_r                                                                                                               |                9 |             24 |         2.67 |
|  design_1_i/processing_system7_0/inst/FCLK_CLK0 | design_1_i/axi_smc/inst/m00_nodes/m00_r_node/inst/inst_si_handler/s_sc_valid                                                                                                                               | design_1_i/axi_smc/inst/m00_nodes/m00_r_node/inst/inst_mi_handler/areset_r                                                                                                               |                8 |             24 |         3.00 |
|  design_1_i/processing_system7_0/inst/FCLK_CLK0 | design_1_i/axi_smc/inst/m02_nodes/m02_ar_node/inst/inst_mi_handler/gen_normal_area.inst_fifo_node_payld/gen_xpm_memory_fifo.inst_fifo/gen_mem_rep[0].inst_rd_addrb/rd_addrb_incr                           | design_1_i/axi_smc/inst/m02_nodes/m02_ar_node/inst/inst_mi_handler/m_sc_areset_r                                                                                                         |                7 |             24 |         3.43 |
|  design_1_i/processing_system7_0/inst/FCLK_CLK0 | design_1_i/RFC8439_0/inst/RFC8439_v1_0_S00_AXI_inst/Rfc8439_core/rd_len[4]_i_1_n_0                                                                                                                         | design_1_i/RFC8439_0/inst/RFC8439_v1_0_S00_AXI_inst/Rfc8439_core/u_poly1305/AR[0]                                                                                                        |                6 |             26 |         4.33 |
|  design_1_i/processing_system7_0/inst/FCLK_CLK0 | design_1_i/axi_smc/inst/s00_entry_pipeline/s00_si_converter/inst/converter.wrap_narrow_inst/w_shelve_d                                                                                                     |                                                                                                                                                                                          |               10 |             27 |         2.70 |
|  design_1_i/processing_system7_0/inst/FCLK_CLK0 | design_1_i/axi_smc/inst/m00_nodes/m00_aw_node/inst/inst_mi_handler/gen_normal_area.inst_fifo_node_payld/gen_xpm_memory_fifo.inst_fifo/gen_mem_rep[0].inst_rd_addrb/rd_addrb_incr                           | design_1_i/axi_smc/inst/m00_nodes/m00_aw_node/inst/inst_mi_handler/m_sc_areset_r                                                                                                         |                8 |             27 |         3.38 |
|  design_1_i/processing_system7_0/inst/FCLK_CLK0 |                                                                                                                                                                                                            | design_1_i/axi_smc/inst/m00_exit_pipeline/m00_exit/inst/areset                                                                                                                           |               10 |             28 |         2.80 |
|  design_1_i/processing_system7_0/inst/FCLK_CLK0 |                                                                                                                                                                                                            | design_1_i/axi_bram_ctrl_0/U0/gext_inst.abcv4_0_ext_inst/GEN_AXI4.I_FULL_AXI/I_RD_CHNL/GEN_NO_RD_CMD_OPT.I_WRAP_BRST/SR[0]                                                               |               16 |             31 |         1.94 |
|  design_1_i/processing_system7_0/inst/FCLK_CLK0 | design_1_i/RFC8439_0/inst/RFC8439_v1_0_S00_AXI_inst/Rfc8439_core/u_poly1305/h1[31]_i_1_n_0                                                                                                                 | design_1_i/RFC8439_0/inst/RFC8439_v1_0_S00_AXI_inst/Rfc8439_core/u_poly1305/AR[0]                                                                                                        |               15 |             32 |         2.13 |
|  design_1_i/processing_system7_0/inst/FCLK_CLK0 | design_1_i/RFC8439_0/inst/RFC8439_v1_0_S00_AXI_inst/Rfc8439_core/key_cfg[223]_i_1_n_0                                                                                                                      | design_1_i/RFC8439_0/inst/RFC8439_v1_0_S00_AXI_inst/Rfc8439_core/u_poly1305/AR[0]                                                                                                        |               12 |             32 |         2.67 |
|  design_1_i/processing_system7_0/inst/FCLK_CLK0 | design_1_i/RFC8439_0/inst/RFC8439_v1_0_S00_AXI_inst/Rfc8439_core/u_poly1305/h0[31]_i_1_n_0                                                                                                                 | design_1_i/RFC8439_0/inst/RFC8439_v1_0_S00_AXI_inst/Rfc8439_core/u_poly1305/AR[0]                                                                                                        |               22 |             32 |         1.45 |
|  design_1_i/processing_system7_0/inst/FCLK_CLK0 | design_1_i/axi_bram_ctrl_0/U0/gext_inst.abcv4_0_ext_inst/GEN_AXI4.I_FULL_AXI/I_RD_CHNL/axi_rdata_en                                                                                                        | design_1_i/axi_bram_ctrl_0/U0/gext_inst.abcv4_0_ext_inst/GEN_AXI4.I_FULL_AXI/I_RD_CHNL/GEN_NO_RD_CMD_OPT.GEN_RDATA_NO_ECC.GEN_RDATA_NO_RL_NO_ECC.GEN_RDATA[31].axi_rdata_int[31]_i_1_n_0 |                5 |             32 |         6.40 |
|  design_1_i/processing_system7_0/inst/FCLK_CLK0 | design_1_i/axi_bram_ctrl_0/U0/gext_inst.abcv4_0_ext_inst/GEN_AXI4.I_FULL_AXI/I_RD_CHNL/rd_skid_buf_ld                                                                                                      | design_1_i/axi_bram_ctrl_0/U0/gext_inst.abcv4_0_ext_inst/GEN_AXI4.I_FULL_AXI/I_RD_CHNL/GEN_NO_RD_CMD_OPT.I_WRAP_BRST/SR[0]                                                               |                5 |             32 |         6.40 |
|  design_1_i/processing_system7_0/inst/FCLK_CLK0 | design_1_i/RFC8439_0/inst/RFC8439_v1_0_S00_AXI_inst/Rfc8439_core/u_poly1305/h4[31]_i_1_n_0                                                                                                                 | design_1_i/RFC8439_0/inst/RFC8439_v1_0_S00_AXI_inst/Rfc8439_core/u_poly1305/AR[0]                                                                                                        |               12 |             32 |         2.67 |
|  design_1_i/processing_system7_0/inst/FCLK_CLK0 | design_1_i/axi_bram_ctrl_0/U0/gext_inst.abcv4_0_ext_inst/GEN_AXI4.I_FULL_AXI/I_WR_CHNL/wrdata_reg_ld                                                                                                       |                                                                                                                                                                                          |               15 |             32 |         2.13 |
|  design_1_i/processing_system7_0/inst/FCLK_CLK0 | design_1_i/RFC8439_0/inst/RFC8439_v1_0_S00_AXI_inst/Rfc8439_core/u_chacha20/FSM_sequential_main_state_reg[2]                                                                                               | design_1_i/RFC8439_0/inst/RFC8439_v1_0_S00_AXI_inst/Rfc8439_core/u_poly1305/AR[0]                                                                                                        |               14 |             32 |         2.29 |
|  design_1_i/processing_system7_0/inst/FCLK_CLK0 | design_1_i/RFC8439_0/inst/RFC8439_v1_0_S00_AXI_inst/Rfc8439_core/key_cfg[159]_i_1_n_0                                                                                                                      | design_1_i/RFC8439_0/inst/RFC8439_v1_0_S00_AXI_inst/Rfc8439_core/u_poly1305/AR[0]                                                                                                        |               15 |             32 |         2.13 |
|  design_1_i/processing_system7_0/inst/FCLK_CLK0 | design_1_i/RFC8439_0/inst/RFC8439_v1_0_S00_AXI_inst/Rfc8439_core/u_chacha20/init_buf[4][31]_i_1_n_0                                                                                                        | design_1_i/RFC8439_0/inst/RFC8439_v1_0_S00_AXI_inst/Rfc8439_core/u_chacha20/init_buf[12][31]_i_1_n_0                                                                                     |                8 |             32 |         4.00 |
|  design_1_i/processing_system7_0/inst/FCLK_CLK0 | design_1_i/axi_smc/inst/m02_exit_pipeline/m02_exit/inst/r_reg/skid_buffer[1090]_i_1_n_0                                                                                                                    |                                                                                                                                                                                          |                6 |             32 |         5.33 |
|  design_1_i/processing_system7_0/inst/FCLK_CLK0 | design_1_i/RFC8439_0/inst/RFC8439_v1_0_S00_AXI_inst/Rfc8439_core/key_cfg[63]_i_1_n_0                                                                                                                       | design_1_i/RFC8439_0/inst/RFC8439_v1_0_S00_AXI_inst/Rfc8439_core/u_poly1305/AR[0]                                                                                                        |               14 |             32 |         2.29 |
|  design_1_i/processing_system7_0/inst/FCLK_CLK0 | design_1_i/RFC8439_0/inst/RFC8439_v1_0_S00_AXI_inst/slv_reg_rden__0                                                                                                                                        | design_1_i/RFC8439_0/inst/RFC8439_v1_0_S00_AXI_inst/Rfc8439_core/u_poly1305/AR[0]                                                                                                        |               32 |             32 |         1.00 |
|  design_1_i/processing_system7_0/inst/FCLK_CLK0 | design_1_i/RFC8439_0/inst/RFC8439_v1_0_S00_AXI_inst/Rfc8439_core/key_cfg[255]_i_1_n_0                                                                                                                      | design_1_i/RFC8439_0/inst/RFC8439_v1_0_S00_AXI_inst/Rfc8439_core/u_poly1305/AR[0]                                                                                                        |               13 |             32 |         2.46 |
|  design_1_i/processing_system7_0/inst/FCLK_CLK0 | design_1_i/RFC8439_0/inst/RFC8439_v1_0_S00_AXI_inst/Rfc8439_core/u_chacha20/ks_prefetch_busy_reg_0[0]                                                                                                      | design_1_i/RFC8439_0/inst/RFC8439_v1_0_S00_AXI_inst/Rfc8439_core/u_poly1305/AR[0]                                                                                                        |                9 |             32 |         3.56 |
|  design_1_i/processing_system7_0/inst/FCLK_CLK0 | design_1_i/axi_smc/inst/m02_exit_pipeline/m02_exit/inst/r_reg/m_vector_i                                                                                                                                   |                                                                                                                                                                                          |                6 |             32 |         5.33 |
|  design_1_i/processing_system7_0/inst/FCLK_CLK0 | design_1_i/RFC8439_0/inst/RFC8439_v1_0_S00_AXI_inst/Rfc8439_core/u_chacha20/ks_prefetch_busy_reg_4[0]                                                                                                      | design_1_i/RFC8439_0/inst/RFC8439_v1_0_S00_AXI_inst/Rfc8439_core/u_poly1305/AR[0]                                                                                                        |                8 |             32 |         4.00 |
|  design_1_i/processing_system7_0/inst/FCLK_CLK0 | design_1_i/axi_smc/inst/m02_exit_pipeline/m02_exit/inst/splitter_inst/gen_axi4lite.axilite_conv/s_axi_rdata_i[31]_i_1_n_0                                                                                  | design_1_i/axi_smc/inst/m02_exit_pipeline/m02_exit/inst/areset                                                                                                                           |                4 |             32 |         8.00 |
|  design_1_i/processing_system7_0/inst/FCLK_CLK0 | design_1_i/RFC8439_0/inst/RFC8439_v1_0_S00_AXI_inst/Rfc8439_core/key_cfg[95]_i_1_n_0                                                                                                                       | design_1_i/RFC8439_0/inst/RFC8439_v1_0_S00_AXI_inst/Rfc8439_core/u_poly1305/AR[0]                                                                                                        |               12 |             32 |         2.67 |
|  design_1_i/processing_system7_0/inst/FCLK_CLK0 | design_1_i/RFC8439_0/inst/RFC8439_v1_0_S00_AXI_inst/Rfc8439_core/key_cfg[191]_i_1_n_0                                                                                                                      | design_1_i/RFC8439_0/inst/RFC8439_v1_0_S00_AXI_inst/Rfc8439_core/u_poly1305/AR[0]                                                                                                        |               18 |             32 |         1.78 |
|  design_1_i/processing_system7_0/inst/FCLK_CLK0 | design_1_i/RFC8439_0/inst/RFC8439_v1_0_S00_AXI_inst/Rfc8439_core/key_cfg[31]_i_1_n_0                                                                                                                       | design_1_i/RFC8439_0/inst/RFC8439_v1_0_S00_AXI_inst/Rfc8439_core/u_poly1305/AR[0]                                                                                                        |               14 |             32 |         2.29 |
|  design_1_i/processing_system7_0/inst/FCLK_CLK0 | design_1_i/RFC8439_0/inst/RFC8439_v1_0_S00_AXI_inst/Rfc8439_core/key_cfg[127]_i_1_n_0                                                                                                                      | design_1_i/RFC8439_0/inst/RFC8439_v1_0_S00_AXI_inst/Rfc8439_core/u_poly1305/AR[0]                                                                                                        |               10 |             32 |         3.20 |
|  design_1_i/processing_system7_0/inst/FCLK_CLK0 | design_1_i/RFC8439_0/inst/RFC8439_v1_0_S00_AXI_inst/Rfc8439_core/u_poly1305/h2[31]_i_1_n_0                                                                                                                 | design_1_i/RFC8439_0/inst/RFC8439_v1_0_S00_AXI_inst/Rfc8439_core/u_poly1305/AR[0]                                                                                                        |               14 |             32 |         2.29 |
|  design_1_i/processing_system7_0/inst/FCLK_CLK0 | design_1_i/RFC8439_0/inst/RFC8439_v1_0_S00_AXI_inst/Rfc8439_core/u_poly1305/h3[31]_i_1_n_0                                                                                                                 | design_1_i/RFC8439_0/inst/RFC8439_v1_0_S00_AXI_inst/Rfc8439_core/u_poly1305/AR[0]                                                                                                        |               12 |             32 |         2.67 |
|  design_1_i/processing_system7_0/inst/FCLK_CLK0 | design_1_i/RFC8439_0/inst/RFC8439_v1_0_S00_AXI_inst/Rfc8439_core/nonce_cfg[95]                                                                                                                             | design_1_i/RFC8439_0/inst/RFC8439_v1_0_S00_AXI_inst/Rfc8439_core/u_poly1305/AR[0]                                                                                                        |                9 |             32 |         3.56 |
|  design_1_i/processing_system7_0/inst/FCLK_CLK0 | design_1_i/RFC8439_0/inst/RFC8439_v1_0_S00_AXI_inst/Rfc8439_core/nonce_cfg[63]                                                                                                                             | design_1_i/RFC8439_0/inst/RFC8439_v1_0_S00_AXI_inst/Rfc8439_core/u_poly1305/AR[0]                                                                                                        |                8 |             32 |         4.00 |
|  design_1_i/processing_system7_0/inst/FCLK_CLK0 | design_1_i/RFC8439_0/inst/RFC8439_v1_0_S00_AXI_inst/Rfc8439_core/nonce_cfg[7]                                                                                                                              | design_1_i/RFC8439_0/inst/RFC8439_v1_0_S00_AXI_inst/Rfc8439_core/u_poly1305/AR[0]                                                                                                        |                9 |             32 |         3.56 |
|  design_1_i/processing_system7_0/inst/FCLK_CLK0 | design_1_i/axi_smc/inst/m00_exit_pipeline/m00_exit/inst/r_reg/m_vector_i                                                                                                                                   |                                                                                                                                                                                          |                5 |             33 |         6.60 |
|  design_1_i/processing_system7_0/inst/FCLK_CLK0 | design_1_i/axi_smc/inst/m00_exit_pipeline/m00_exit/inst/r_reg/skid_buffer[1090]_i_1_n_0                                                                                                                    |                                                                                                                                                                                          |                6 |             33 |         5.50 |
|  design_1_i/processing_system7_0/inst/FCLK_CLK0 | design_1_i/axi_smc/inst/s00_entry_pipeline/s00_si_converter/inst/converter.wrap_narrow_inst/aw_reg_slice/m_vector_i                                                                                        |                                                                                                                                                                                          |               12 |             34 |         2.83 |
|  design_1_i/processing_system7_0/inst/FCLK_CLK0 | design_1_i/axi_smc/inst/s00_entry_pipeline/s00_si_converter/inst/converter.wrap_narrow_inst/aw_reg_slice/skid_buffer[1144]_i_1_n_0                                                                         |                                                                                                                                                                                          |               11 |             34 |         3.09 |
|  design_1_i/processing_system7_0/inst/FCLK_CLK0 | design_1_i/axi_smc/inst/s00_entry_pipeline/s00_si_converter/inst/converter.wrap_narrow_inst/ar_reg_slice/m_vector_i                                                                                        |                                                                                                                                                                                          |               10 |             34 |         3.40 |
|  design_1_i/processing_system7_0/inst/FCLK_CLK0 | design_1_i/axi_smc/inst/m00_nodes/m00_ar_node/inst/inst_mi_handler/gen_normal_area.inst_fifo_node_payld/gen_xpm_memory_fifo.inst_fifo/gen_mem_rep[0].inst_rd_addrb/rd_addrb_incr                           | design_1_i/axi_smc/inst/m00_nodes/m00_ar_node/inst/inst_mi_handler/m_sc_areset_r                                                                                                         |                9 |             34 |         3.78 |
|  design_1_i/processing_system7_0/inst/FCLK_CLK0 | design_1_i/axi_smc/inst/s00_entry_pipeline/s00_mmu/inst/r_sreg/skid_buffer[1058]_i_1_n_0                                                                                                                   | design_1_i/axi_smc/inst/s00_entry_pipeline/s00_mmu/inst/r_sreg/skid_buffer[1088]_i_1_n_0                                                                                                 |               10 |             34 |         3.40 |
|  design_1_i/processing_system7_0/inst/FCLK_CLK0 | design_1_i/axi_smc/inst/s00_entry_pipeline/s00_si_converter/inst/converter.wrap_narrow_inst/ar_reg_slice/skid_buffer[1144]_i_1__0_n_0                                                                      |                                                                                                                                                                                          |                9 |             34 |         3.78 |
|  design_1_i/processing_system7_0/inst/FCLK_CLK0 | design_1_i/axi_smc/inst/s00_entry_pipeline/s00_si_converter/inst/converter.wrap_narrow_inst/gen_thread_loop[2].r_payld_fifo/gen_srls[40].srl_nx1/push                                                      |                                                                                                                                                                                          |               10 |             36 |         3.60 |
|  design_1_i/processing_system7_0/inst/FCLK_CLK0 | design_1_i/axi_smc/inst/s00_entry_pipeline/s00_si_converter/inst/converter.wrap_narrow_inst/gen_thread_loop[3].r_payld_fifo/gen_srls[40].srl_nx1/push                                                      |                                                                                                                                                                                          |                9 |             36 |         4.00 |
|  design_1_i/processing_system7_0/inst/FCLK_CLK0 | design_1_i/axi_smc/inst/s00_entry_pipeline/s00_si_converter/inst/converter.wrap_narrow_inst/gen_thread_loop[1].r_payld_fifo/cmd_fifo/m_valid_i                                                             |                                                                                                                                                                                          |               10 |             36 |         3.60 |
|  design_1_i/processing_system7_0/inst/FCLK_CLK0 | design_1_i/axi_smc/inst/s00_entry_pipeline/s00_si_converter/inst/converter.wrap_narrow_inst/r_shelf                                                                                                        |                                                                                                                                                                                          |               15 |             36 |         2.40 |
|  design_1_i/processing_system7_0/inst/FCLK_CLK0 | design_1_i/axi_smc/inst/s00_entry_pipeline/s00_si_converter/inst/converter.wrap_narrow_inst/gen_thread_loop[1].r_burst_continue_reg[1]_inv_n_0                                                             |                                                                                                                                                                                          |               12 |             36 |         3.00 |
|  design_1_i/processing_system7_0/inst/FCLK_CLK0 | design_1_i/axi_smc/inst/s00_entry_pipeline/s00_si_converter/inst/converter.wrap_narrow_inst/gen_thread_loop[0].r_payld_fifo/cmd_fifo/m_valid_i                                                             |                                                                                                                                                                                          |                9 |             36 |         4.00 |
|  design_1_i/processing_system7_0/inst/FCLK_CLK0 | design_1_i/axi_smc/inst/s00_entry_pipeline/s00_si_converter/inst/converter.wrap_narrow_inst/gen_thread_loop[0].r_payld_fifo/gen_srls[40].srl_nx1/push                                                      |                                                                                                                                                                                          |                9 |             36 |         4.00 |
|  design_1_i/processing_system7_0/inst/FCLK_CLK0 | design_1_i/axi_smc/inst/s00_entry_pipeline/s00_si_converter/inst/converter.wrap_narrow_inst/gen_thread_loop[2].r_burst_continue_reg[2]_inv_n_0                                                             |                                                                                                                                                                                          |               12 |             36 |         3.00 |
|  design_1_i/processing_system7_0/inst/FCLK_CLK0 | design_1_i/axi_smc/inst/s00_entry_pipeline/s00_si_converter/inst/converter.wrap_narrow_inst/gen_thread_loop[1].r_payld_fifo/gen_srls[40].srl_nx1/push                                                      |                                                                                                                                                                                          |               10 |             36 |         3.60 |
|  design_1_i/processing_system7_0/inst/FCLK_CLK0 | design_1_i/axi_smc/inst/s00_entry_pipeline/s00_si_converter/inst/converter.wrap_narrow_inst/gen_thread_loop[3].r_burst_continue_reg[3]_inv_n_0                                                             |                                                                                                                                                                                          |               14 |             36 |         2.57 |
|  design_1_i/processing_system7_0/inst/FCLK_CLK0 | design_1_i/axi_smc/inst/m02_exit_pipeline/m02_exit/inst/w_reg/skid_buffer[2052]_i_1_n_0                                                                                                                    |                                                                                                                                                                                          |                7 |             36 |         5.14 |
|  design_1_i/processing_system7_0/inst/FCLK_CLK0 | design_1_i/axi_smc/inst/m02_exit_pipeline/m02_exit/inst/w_reg/m_vector_i                                                                                                                                   |                                                                                                                                                                                          |                6 |             36 |         6.00 |
|  design_1_i/processing_system7_0/inst/FCLK_CLK0 | design_1_i/axi_smc/inst/s00_entry_pipeline/s00_si_converter/inst/converter.wrap_narrow_inst/gen_thread_loop[2].r_payld_fifo/cmd_fifo/m_valid_i                                                             |                                                                                                                                                                                          |               10 |             36 |         3.60 |
|  design_1_i/processing_system7_0/inst/FCLK_CLK0 | design_1_i/axi_smc/inst/s00_entry_pipeline/s00_si_converter/inst/converter.wrap_narrow_inst/gen_thread_loop[3].r_payld_fifo/cmd_fifo/m_valid_i                                                             |                                                                                                                                                                                          |                9 |             36 |         4.00 |
|  design_1_i/processing_system7_0/inst/FCLK_CLK0 | design_1_i/axi_smc/inst/m00_exit_pipeline/m00_exit/inst/w_reg/m_vector_i                                                                                                                                   |                                                                                                                                                                                          |                8 |             37 |         4.62 |
|  design_1_i/processing_system7_0/inst/FCLK_CLK0 | design_1_i/axi_smc/inst/m00_exit_pipeline/m00_exit/inst/w_reg/skid_buffer[2052]_i_1_n_0                                                                                                                    |                                                                                                                                                                                          |               10 |             37 |         3.70 |
|  design_1_i/processing_system7_0/inst/FCLK_CLK0 | design_1_i/axi_smc/inst/s00_entry_pipeline/s00_mmu/inst/w_sreg/skid_buffer[2052]_i_1_n_0                                                                                                                   |                                                                                                                                                                                          |                5 |             37 |         7.40 |
|  design_1_i/processing_system7_0/inst/FCLK_CLK0 | design_1_i/axi_smc/inst/s00_entry_pipeline/s00_mmu/inst/w_sreg/m_vector_i                                                                                                                                  |                                                                                                                                                                                          |                5 |             37 |         7.40 |
|  design_1_i/processing_system7_0/inst/FCLK_CLK0 | design_1_i/axi_smc/inst/s00_entry_pipeline/s00_si_converter/inst/converter.wrap_narrow_inst/r_payld_reg                                                                                                    |                                                                                                                                                                                          |               26 |             37 |         1.42 |
|  design_1_i/processing_system7_0/inst/FCLK_CLK0 | design_1_i/axi_smc/inst/s00_entry_pipeline/s00_si_converter/inst/converter.wrap_narrow_inst/w_payld_fifo/gen_srls[103].srl_nx1/push                                                                        |                                                                                                                                                                                          |               10 |             38 |         3.80 |
|  design_1_i/processing_system7_0/inst/FCLK_CLK0 | design_1_i/axi_smc/inst/s00_entry_pipeline/s00_si_converter/inst/gen_normal.splitter_inst/gen_no_wsplitter.gen_endpoint_woffset.gen_wbypass_offset_fifo.wbypass_offset_fifo/E[0]                           |                                                                                                                                                                                          |               11 |             39 |         3.55 |
|  design_1_i/processing_system7_0/inst/FCLK_CLK0 | design_1_i/axi_smc/inst/m02_nodes/m02_ar_node/inst/inst_mi_handler/gen_normal_area.inst_fifo_node_payld/gen_xpm_memory_fifo.inst_fifo/wr_wea                                                               |                                                                                                                                                                                          |                5 |             40 |         8.00 |
|  design_1_i/processing_system7_0/inst/FCLK_CLK0 | design_1_i/axi_smc/inst/s00_nodes/s00_aw_node/inst/inst_mi_handler/gen_normal_area.inst_fifo_send/rd_addrb_incr                                                                                            | design_1_i/axi_smc/inst/s00_nodes/s00_aw_node/inst/inst_mi_handler/m_sc_areset_r                                                                                                         |                8 |             41 |         5.12 |
|  design_1_i/processing_system7_0/inst/FCLK_CLK0 | design_1_i/axi_smc/inst/s00_entry_pipeline/s00_mmu/inst/ar_reg_stall/m_vector_i                                                                                                                            |                                                                                                                                                                                          |                6 |             42 |         7.00 |
|  design_1_i/processing_system7_0/inst/FCLK_CLK0 | design_1_i/axi_smc/inst/s00_nodes/s00_r_node/inst/inst_mi_handler/gen_normal_area.inst_fifo_node_payld/gen_xpm_memory_fifo.inst_fifo/gen_mem_rep[0].inst_rd_addrb/rd_addrb_incr                            | design_1_i/axi_smc/inst/s00_nodes/s00_r_node/inst/inst_mi_handler/m_sc_areset_r                                                                                                          |               10 |             42 |         4.20 |
|  design_1_i/processing_system7_0/inst/FCLK_CLK0 | design_1_i/axi_smc/inst/s00_entry_pipeline/s00_mmu/inst/aw_reg_stall/skid_buffer[1144]_i_1__0_n_0                                                                                                          |                                                                                                                                                                                          |                8 |             42 |         5.25 |
|  design_1_i/processing_system7_0/inst/FCLK_CLK0 | design_1_i/axi_smc/inst/s00_entry_pipeline/s00_mmu/inst/aw_reg_stall/m_vector_i                                                                                                                            |                                                                                                                                                                                          |                8 |             42 |         5.25 |
|  design_1_i/processing_system7_0/inst/FCLK_CLK0 | design_1_i/axi_smc/inst/s00_entry_pipeline/s00_mmu/inst/ar_reg_stall/skid_buffer[1144]_i_1_n_0                                                                                                             |                                                                                                                                                                                          |                7 |             42 |         6.00 |
|  design_1_i/processing_system7_0/inst/FCLK_CLK0 | design_1_i/axi_smc/inst/s00_entry_pipeline/s00_transaction_regulator/inst/gen_endpoint.gen_r_multithread.r_multithread/cmd_reg/m_vector_i                                                                  |                                                                                                                                                                                          |                8 |             43 |         5.38 |
|  design_1_i/processing_system7_0/inst/FCLK_CLK0 | design_1_i/axi_smc/inst/s00_entry_pipeline/s00_transaction_regulator/inst/gen_endpoint.gen_r_multithread.r_multithread/cmd_reg/E[0]                                                                        |                                                                                                                                                                                          |               11 |             43 |         3.91 |
|  design_1_i/processing_system7_0/inst/FCLK_CLK0 | design_1_i/axi_smc/inst/m02_nodes/m02_w_node/inst/inst_mi_handler/gen_normal_area.inst_fifo_node_payld/gen_xpm_memory_fifo.inst_fifo/gen_mem_rep[0].inst_rd_addrb/rd_addrb_incr                            | design_1_i/axi_smc/inst/m02_nodes/m02_w_node/inst/inst_mi_handler/m_sc_areset_r                                                                                                          |                9 |             43 |         4.78 |
|  design_1_i/processing_system7_0/inst/FCLK_CLK0 | design_1_i/axi_smc/inst/s00_entry_pipeline/s00_transaction_regulator/inst/gen_endpoint.gen_w_multithread.w_multithread/cmd_reg/m_vector_i                                                                  |                                                                                                                                                                                          |                8 |             43 |         5.38 |
|  design_1_i/processing_system7_0/inst/FCLK_CLK0 | design_1_i/axi_smc/inst/s00_entry_pipeline/s00_transaction_regulator/inst/gen_endpoint.gen_w_multithread.w_multithread/cmd_reg/skid_buffer[1144]_i_1_n_0                                                   |                                                                                                                                                                                          |                9 |             43 |         4.78 |
|  design_1_i/processing_system7_0/inst/FCLK_CLK0 | design_1_i/axi_smc/inst/s00_entry_pipeline/s00_transaction_regulator/inst/gen_endpoint.gen_r_multithread.r_multithread/cmd_reg/skid_buffer[1144]_i_1__0_n_0                                                |                                                                                                                                                                                          |                9 |             43 |         4.78 |
|  design_1_i/processing_system7_0/inst/FCLK_CLK0 | design_1_i/axi_smc/inst/s00_entry_pipeline/s00_transaction_regulator/inst/gen_endpoint.gen_w_multithread.w_multithread/cmd_reg/E[0]                                                                        |                                                                                                                                                                                          |               18 |             43 |         2.39 |
|  design_1_i/processing_system7_0/inst/FCLK_CLK0 | design_1_i/axi_smc/inst/m00_nodes/m00_w_node/inst/inst_mi_handler/gen_normal_area.inst_fifo_node_payld/gen_xpm_memory_fifo.inst_fifo/gen_mem_rep[0].inst_rd_addrb/rd_addrb_incr                            | design_1_i/axi_smc/inst/m00_nodes/m00_w_node/inst/inst_mi_handler/m_sc_areset_r                                                                                                          |                9 |             43 |         4.78 |
|  design_1_i/processing_system7_0/inst/FCLK_CLK0 | design_1_i/axi_smc/inst/m02_nodes/m02_r_node/inst/inst_mi_handler/gen_normal_area.inst_fifo_node_payld/gen_xpm_memory_fifo.inst_fifo/gen_mem_rep[0].inst_rd_addrb/rd_addrb_incr                            | design_1_i/axi_smc/inst/m02_nodes/m02_r_node/inst/inst_mi_handler/m_sc_areset_r                                                                                                          |               10 |             47 |         4.70 |
|  design_1_i/processing_system7_0/inst/FCLK_CLK0 | design_1_i/axi_smc/inst/s00_nodes/s00_ar_node/inst/inst_mi_handler/gen_normal_area.inst_fifo_send/rd_addrb_incr                                                                                            | design_1_i/axi_smc/inst/s00_nodes/s00_ar_node/inst/inst_mi_handler/m_sc_areset_r                                                                                                         |                9 |             47 |         5.22 |
|  design_1_i/processing_system7_0/inst/FCLK_CLK0 | design_1_i/axi_smc/inst/m00_nodes/m00_r_node/inst/inst_mi_handler/gen_normal_area.inst_fifo_node_payld/gen_xpm_memory_fifo.inst_fifo/gen_mem_rep[0].inst_rd_addrb/rd_addrb_incr                            | design_1_i/axi_smc/inst/m00_nodes/m00_r_node/inst/inst_mi_handler/m_sc_areset_r                                                                                                          |               10 |             47 |         4.70 |
|  design_1_i/processing_system7_0/inst/FCLK_CLK0 | design_1_i/axi_smc/inst/s00_entry_pipeline/s00_mmu/inst/r_sreg/m_vector_i                                                                                                                                  |                                                                                                                                                                                          |               15 |             47 |         3.13 |
|  design_1_i/processing_system7_0/inst/FCLK_CLK0 |                                                                                                                                                                                                            | design_1_i/axi_smc/inst/s00_entry_pipeline/s00_mmu/inst/areset                                                                                                                           |               20 |             47 |         2.35 |
|  design_1_i/processing_system7_0/inst/FCLK_CLK0 | design_1_i/axi_smc/inst/s00_nodes/s00_w_node/inst/inst_mi_handler/gen_normal_area.inst_fifo_send/rd_addrb_incr                                                                                             | design_1_i/axi_smc/inst/s00_nodes/s00_w_node/inst/inst_mi_handler/m_sc_areset_r                                                                                                          |               10 |             48 |         4.80 |
|  design_1_i/processing_system7_0/inst/FCLK_CLK0 | design_1_i/axi_smc/inst/s00_nodes/s00_aw_node/inst/inst_mi_handler/gen_normal_area.inst_fifo_node_payld/gen_xpm_memory_fifo.inst_fifo/wr_wea                                                               |                                                                                                                                                                                          |                6 |             48 |         8.00 |
|  design_1_i/processing_system7_0/inst/FCLK_CLK0 | design_1_i/axi_smc/inst/m00_nodes/m00_aw_node/inst/inst_mi_handler/gen_normal_area.inst_fifo_node_payld/gen_xpm_memory_fifo.inst_fifo/wr_wea                                                               |                                                                                                                                                                                          |                6 |             48 |         8.00 |
|  design_1_i/processing_system7_0/inst/FCLK_CLK0 |                                                                                                                                                                                                            | design_1_i/axi_smc/inst/m02_exit_pipeline/m02_exit/inst/areset                                                                                                                           |               19 |             49 |         2.58 |
|  design_1_i/processing_system7_0/inst/FCLK_CLK0 | design_1_i/axi_smc/inst/s00_entry_pipeline/s00_mmu/inst/aw_sreg/skid_buffer[1144]_i_1__2_n_0                                                                                                               |                                                                                                                                                                                          |               13 |             52 |         4.00 |
|  design_1_i/processing_system7_0/inst/FCLK_CLK0 | design_1_i/axi_smc/inst/s00_entry_pipeline/s00_mmu/inst/aw_sreg/m_vector_i                                                                                                                                 |                                                                                                                                                                                          |               14 |             52 |         3.71 |
|  design_1_i/processing_system7_0/inst/FCLK_CLK0 | design_1_i/axi_smc/inst/s00_entry_pipeline/s00_mmu/inst/ar_sreg/skid_buffer[1144]_i_1__1_n_0                                                                                                               |                                                                                                                                                                                          |               10 |             52 |         5.20 |
|  design_1_i/processing_system7_0/inst/FCLK_CLK0 | design_1_i/axi_smc/inst/s00_entry_pipeline/s00_mmu/inst/ar_sreg/m_vector_i                                                                                                                                 |                                                                                                                                                                                          |               11 |             52 |         4.73 |
|  design_1_i/processing_system7_0/inst/FCLK_CLK0 | design_1_i/axi_smc/inst/m02_nodes/m02_w_node/inst/inst_mi_handler/gen_normal_area.inst_fifo_node_payld/gen_xpm_memory_fifo.inst_fifo/wr_wea                                                                |                                                                                                                                                                                          |                7 |             56 |         8.00 |
|  design_1_i/processing_system7_0/inst/FCLK_CLK0 | design_1_i/axi_smc/inst/s00_nodes/s00_ar_node/inst/inst_mi_handler/gen_normal_area.inst_fifo_node_payld/gen_xpm_memory_fifo.inst_fifo/wr_wea                                                               |                                                                                                                                                                                          |                7 |             56 |         8.00 |
|  design_1_i/processing_system7_0/inst/FCLK_CLK0 | design_1_i/axi_smc/inst/s00_nodes/s00_w_node/inst/inst_mi_handler/gen_normal_area.inst_fifo_node_payld/gen_xpm_memory_fifo.inst_fifo/wr_wea                                                                |                                                                                                                                                                                          |                7 |             56 |         8.00 |
|  design_1_i/processing_system7_0/inst/FCLK_CLK0 | design_1_i/axi_smc/inst/m00_nodes/m00_ar_node/inst/inst_mi_handler/gen_normal_area.inst_fifo_node_payld/gen_xpm_memory_fifo.inst_fifo/wr_wea                                                               |                                                                                                                                                                                          |                7 |             56 |         8.00 |
|  design_1_i/processing_system7_0/inst/FCLK_CLK0 | design_1_i/axi_smc/inst/m00_nodes/m00_w_node/inst/inst_mi_handler/gen_normal_area.inst_fifo_node_payld/gen_xpm_memory_fifo.inst_fifo/wr_wea                                                                |                                                                                                                                                                                          |                7 |             56 |         8.00 |
|  design_1_i/processing_system7_0/inst/FCLK_CLK0 | design_1_i/axi_smc/inst/m00_nodes/m00_r_node/inst/inst_mi_handler/gen_normal_area.inst_fifo_node_payld/gen_xpm_memory_fifo.inst_fifo/wr_wea                                                                |                                                                                                                                                                                          |                7 |             56 |         8.00 |
|  design_1_i/processing_system7_0/inst/FCLK_CLK0 | design_1_i/axi_smc/inst/s00_nodes/s00_r_node/inst/inst_mi_handler/gen_normal_area.inst_fifo_node_payld/gen_xpm_memory_fifo.inst_fifo/wr_wea                                                                |                                                                                                                                                                                          |                7 |             56 |         8.00 |
|  design_1_i/processing_system7_0/inst/FCLK_CLK0 | design_1_i/axi_smc/inst/m02_nodes/m02_r_node/inst/inst_mi_handler/gen_normal_area.inst_fifo_node_payld/gen_xpm_memory_fifo.inst_fifo/wr_wea                                                                |                                                                                                                                                                                          |                7 |             56 |         8.00 |
|  design_1_i/processing_system7_0/inst/FCLK_CLK0 | design_1_i/RFC8439_0/inst/RFC8439_v1_0_S00_AXI_inst/Rfc8439_core/u_poly1305/d4[57]_i_1_n_0                                                                                                                 | design_1_i/RFC8439_0/inst/RFC8439_v1_0_S00_AXI_inst/Rfc8439_core/u_poly1305/AR[0]                                                                                                        |               17 |             58 |         3.41 |
|  design_1_i/processing_system7_0/inst/FCLK_CLK0 | design_1_i/RFC8439_0/inst/RFC8439_v1_0_S00_AXI_inst/Rfc8439_core/u_poly1305/d0[59]_i_1_n_0                                                                                                                 | design_1_i/RFC8439_0/inst/RFC8439_v1_0_S00_AXI_inst/Rfc8439_core/u_poly1305/AR[0]                                                                                                        |               11 |             60 |         5.45 |
|  design_1_i/processing_system7_0/inst/FCLK_CLK0 |                                                                                                                                                                                                            | design_1_i/axi_smc/inst/s00_entry_pipeline/s00_transaction_regulator/inst/areset                                                                                                         |               32 |             62 |         1.94 |
|  design_1_i/processing_system7_0/inst/FCLK_CLK0 | design_1_i/RFC8439_0/inst/RFC8439_v1_0_S00_AXI_inst/Rfc8439_core/u_poly1305/d3[63]_i_1_n_0                                                                                                                 | design_1_i/RFC8439_0/inst/RFC8439_v1_0_S00_AXI_inst/Rfc8439_core/u_poly1305/AR[0]                                                                                                        |               23 |             64 |         2.78 |
|  design_1_i/processing_system7_0/inst/FCLK_CLK0 | design_1_i/RFC8439_0/inst/RFC8439_v1_0_S00_AXI_inst/Rfc8439_core/u_poly1305/d2[63]_i_1_n_0                                                                                                                 | design_1_i/RFC8439_0/inst/RFC8439_v1_0_S00_AXI_inst/Rfc8439_core/u_poly1305/AR[0]                                                                                                        |               19 |             64 |         3.37 |
|  design_1_i/processing_system7_0/inst/FCLK_CLK0 | design_1_i/RFC8439_0/inst/RFC8439_v1_0_S00_AXI_inst/Rfc8439_core/u_poly1305/d1[63]_i_1_n_0                                                                                                                 | design_1_i/RFC8439_0/inst/RFC8439_v1_0_S00_AXI_inst/Rfc8439_core/u_poly1305/AR[0]                                                                                                        |               20 |             64 |         3.20 |
|  design_1_i/processing_system7_0/inst/FCLK_CLK0 | design_1_i/RFC8439_0/inst/RFC8439_v1_0_S00_AXI_inst/Rfc8439_core/msg_len_reg0                                                                                                                              | design_1_i/RFC8439_0/inst/RFC8439_v1_0_S00_AXI_inst/Rfc8439_core/u_poly1305/AR[0]                                                                                                        |               26 |             65 |         2.50 |
|  design_1_i/processing_system7_0/inst/FCLK_CLK0 |                                                                                                                                                                                                            | design_1_i/RFC8439_0/inst/RFC8439_v1_0_S00_AXI_inst/Rfc8439_core/u_poly1305/AR[0]                                                                                                        |               42 |             80 |         1.90 |
|  design_1_i/processing_system7_0/inst/FCLK_CLK0 |                                                                                                                                                                                                            | design_1_i/axi_smc/inst/s00_entry_pipeline/s00_si_converter/inst/areset                                                                                                                  |               46 |             94 |         2.04 |
|  design_1_i/processing_system7_0/inst/FCLK_CLK0 | design_1_i/RFC8439_0/inst/RFC8439_v1_0_S00_AXI_inst/Rfc8439_core/u_chacha20/ks_prefetch_busy_reg_6[0]                                                                                                      | design_1_i/RFC8439_0/inst/RFC8439_v1_0_S00_AXI_inst/Rfc8439_core/u_poly1305/AR[0]                                                                                                        |               37 |            128 |         3.46 |
|  design_1_i/processing_system7_0/inst/FCLK_CLK0 | design_1_i/RFC8439_0/inst/RFC8439_v1_0_S00_AXI_inst/Rfc8439_core/u_poly1305/mac_tag[127]_i_1_n_0                                                                                                           | design_1_i/RFC8439_0/inst/RFC8439_v1_0_S00_AXI_inst/Rfc8439_core/u_poly1305/AR[0]                                                                                                        |               32 |            128 |         4.00 |
|  design_1_i/processing_system7_0/inst/FCLK_CLK0 | design_1_i/RFC8439_0/inst/RFC8439_v1_0_S00_AXI_inst/Rfc8439_core/rd_data[127]_i_1_n_0                                                                                                                      | design_1_i/RFC8439_0/inst/RFC8439_v1_0_S00_AXI_inst/Rfc8439_core/u_poly1305/AR[0]                                                                                                        |               46 |            128 |         2.78 |
|  design_1_i/processing_system7_0/inst/FCLK_CLK0 | design_1_i/RFC8439_0/inst/RFC8439_v1_0_S00_AXI_inst/Rfc8439_core/FSM_sequential_rd_state[0]_i_1_n_0                                                                                                        | design_1_i/RFC8439_0/inst/RFC8439_v1_0_S00_AXI_inst/Rfc8439_core/u_poly1305/AR[0]                                                                                                        |               81 |            152 |         1.88 |
|  design_1_i/processing_system7_0/inst/FCLK_CLK0 | design_1_i/RFC8439_0/inst/RFC8439_v1_0_S00_AXI_inst/Rfc8439_core/u_poly1305/s_reg                                                                                                                          | design_1_i/RFC8439_0/inst/RFC8439_v1_0_S00_AXI_inst/Rfc8439_core/u_poly1305/AR[0]                                                                                                        |               96 |            234 |         2.44 |
|  design_1_i/processing_system7_0/inst/FCLK_CLK0 | design_1_i/RFC8439_0/inst/RFC8439_v1_0_S00_AXI_inst/Rfc8439_core/u_chacha20/E[0]                                                                                                                           | design_1_i/RFC8439_0/inst/RFC8439_v1_0_S00_AXI_inst/Rfc8439_core/u_poly1305/AR[0]                                                                                                        |               88 |            234 |         2.66 |
|  design_1_i/processing_system7_0/inst/FCLK_CLK0 | design_1_i/RFC8439_0/inst/RFC8439_v1_0_S00_AXI_inst/Rfc8439_core/u_chacha20/init_buf[4][31]_i_1_n_0                                                                                                        |                                                                                                                                                                                          |              101 |            352 |         3.49 |
|  design_1_i/processing_system7_0/inst/FCLK_CLK0 |                                                                                                                                                                                                            |                                                                                                                                                                                          |              167 |            443 |         2.65 |
|  design_1_i/processing_system7_0/inst/FCLK_CLK0 | design_1_i/RFC8439_0/inst/RFC8439_v1_0_S00_AXI_inst/Rfc8439_core/u_chacha20/keystream_buf[0][31]_i_1_n_0                                                                                                   |                                                                                                                                                                                          |              172 |            512 |         2.98 |
|  design_1_i/processing_system7_0/inst/FCLK_CLK0 | design_1_i/RFC8439_0/inst/RFC8439_v1_0_S00_AXI_inst/Rfc8439_core/u_chacha20/slv_reg0_reg[0][0]                                                                                                             | design_1_i/RFC8439_0/inst/RFC8439_v1_0_S00_AXI_inst/Rfc8439_core/u_poly1305/AR[0]                                                                                                        |              194 |            512 |         2.64 |
|  design_1_i/processing_system7_0/inst/FCLK_CLK0 | design_1_i/RFC8439_0/inst/RFC8439_v1_0_S00_AXI_inst/Rfc8439_core/u_chacha20/ks_prefetch_busy_reg_5[0]                                                                                                      | design_1_i/RFC8439_0/inst/RFC8439_v1_0_S00_AXI_inst/Rfc8439_core/u_poly1305/AR[0]                                                                                                        |              253 |            512 |         2.02 |
+-------------------------------------------------+------------------------------------------------------------------------------------------------------------------------------------------------------------------------------------------------------------+------------------------------------------------------------------------------------------------------------------------------------------------------------------------------------------+------------------+----------------+--------------+


