Copyright 1986-2022 Xilinx, Inc. All Rights Reserved. Copyright 2022-2023 Advanced Micro Devices, Inc. All Rights Reserved.
------------------------------------------------------------------------------------------------------------------------------------------------------------------------------------------------------------------------------------------------------------------------------------
| Tool Version : Vivado v.2023.2 (win64) Build 4029153 Fri Oct 13 20:14:34 MDT 2023
| Date         : Sun May 17 21:02:49 2026
| Host         : LAPTOP-9PRMHLIN running 64-bit major release  (build 9200)
| Command      : report_timing_summary -max_paths 10 -report_unconstrained -warn_on_violation -file design_1_wrapper_timing_summary_postroute_physopted.rpt -pb design_1_wrapper_timing_summary_postroute_physopted.pb -rpx design_1_wrapper_timing_summary_postroute_physopted.rpx
| Design       : design_1_wrapper
| Device       : 7z020-clg400
| Speed File   : -1  PRODUCTION 1.12 2019-11-22
| Design State : Physopt postRoute
------------------------------------------------------------------------------------------------------------------------------------------------------------------------------------------------------------------------------------------------------------------------------------

Timing Summary Report

------------------------------------------------------------------------------------------------
| Timer Settings
| --------------
------------------------------------------------------------------------------------------------

  Enable Multi Corner Analysis               :  Yes
  Enable Pessimism Removal                   :  Yes
  Pessimism Removal Resolution               :  Nearest Common Node
  Enable Input Delay Default Clock           :  No
  Enable Preset / Clear Arcs                 :  No
  Disable Flight Delays                      :  No
  Ignore I/O Paths                           :  No
  Timing Early Launch at Borrowing Latches   :  No
  Borrow Time for Max Delay Exceptions       :  Yes
  Merge Timing Exceptions                    :  Yes
  Inter-SLR Compensation                     :  Conservative

  Corner  Analyze    Analyze    
  Name    Max Paths  Min Paths  
  ------  ---------  ---------  
  Slow    Yes        Yes        
  Fast    Yes        Yes        


------------------------------------------------------------------------------------------------
| Report Methodology
| ------------------
------------------------------------------------------------------------------------------------

Rule    Severity  Description                Violations  
------  --------  -------------------------  ----------  
DPIR-1  Warning   Asynchronous driver check  1154        

Note: This report is based on the most recent report_methodology run and may not be up-to-date. Run report_methodology on the current design for the latest report.



check_timing report

Table of Contents
-----------------
1. checking no_clock (0)
2. checking constant_clock (0)
3. checking pulse_width_clock (0)
4. checking unconstrained_internal_endpoints (0)
5. checking no_input_delay (0)
6. checking no_output_delay (0)
7. checking multiple_clock (0)
8. checking generated_clocks (0)
9. checking loops (0)
10. checking partial_input_delay (0)
11. checking partial_output_delay (0)
12. checking latch_loops (0)

1. checking no_clock (0)
------------------------
 There are 0 register/latch pins with no clock.


2. checking constant_clock (0)
------------------------------
 There are 0 register/latch pins with constant_clock.


3. checking pulse_width_clock (0)
---------------------------------
 There are 0 register/latch pins which need pulse_width check


4. checking unconstrained_internal_endpoints (0)
------------------------------------------------
 There are 0 pins that are not constrained for maximum delay.

 There are 0 pins that are not constrained for maximum delay due to constant clock.


5. checking no_input_delay (0)
------------------------------
 There are 0 input ports with no input delay specified.

 There are 0 input ports with no input delay but user has a false path constraint.


6. checking no_output_delay (0)
-------------------------------
 There are 0 ports with no output delay specified.

 There are 0 ports with no output delay but user has a false path constraint

 There are 0 ports with no output delay but with a timing clock defined on it or propagating through it


7. checking multiple_clock (0)
------------------------------
 There are 0 register/latch pins with multiple clocks.


8. checking generated_clocks (0)
--------------------------------
 There are 0 generated clocks that are not connected to a clock source.


9. checking loops (0)
---------------------
 There are 0 combinational loops in the design.


10. checking partial_input_delay (0)
------------------------------------
 There are 0 input ports with partial input delay specified.


11. checking partial_output_delay (0)
-------------------------------------
 There are 0 ports with partial output delay specified.


12. checking latch_loops (0)
----------------------------
 There are 0 combinational latch loops in the design through latch input



------------------------------------------------------------------------------------------------
| Design Timing Summary
| ---------------------
------------------------------------------------------------------------------------------------

    WNS(ns)      TNS(ns)  TNS Failing Endpoints  TNS Total Endpoints      WHS(ns)      THS(ns)  THS Failing Endpoints  THS Total Endpoints     WPWS(ns)     TPWS(ns)  TPWS Failing Endpoints  TPWS Total Endpoints  
    -------      -------  ---------------------  -------------------      -------      -------  ---------------------  -------------------     --------     --------  ----------------------  --------------------  
      0.056        0.000                      0                39634        0.014        0.000                      0                39634        3.750        0.000                       0                 13824  


All user specified timing constraints are met.


------------------------------------------------------------------------------------------------
| Clock Summary
| -------------
------------------------------------------------------------------------------------------------

Clock       Waveform(ns)       Period(ns)      Frequency(MHz)
-----       ------------       ----------      --------------
clk_fpga_0  {0.000 5.000}      10.000          100.000         


------------------------------------------------------------------------------------------------
| Intra Clock Table
| -----------------
------------------------------------------------------------------------------------------------

Clock             WNS(ns)      TNS(ns)  TNS Failing Endpoints  TNS Total Endpoints      WHS(ns)      THS(ns)  THS Failing Endpoints  THS Total Endpoints     WPWS(ns)     TPWS(ns)  TPWS Failing Endpoints  TPWS Total Endpoints  
-----             -------      -------  ---------------------  -------------------      -------      -------  ---------------------  -------------------     --------     --------  ----------------------  --------------------  
clk_fpga_0          0.056        0.000                      0                36326        0.014        0.000                      0                36326        3.750        0.000                       0                 13824  


------------------------------------------------------------------------------------------------
| Inter Clock Table
| -----------------
------------------------------------------------------------------------------------------------

From Clock    To Clock          WNS(ns)      TNS(ns)  TNS Failing Endpoints  TNS Total Endpoints      WHS(ns)      THS(ns)  THS Failing Endpoints  THS Total Endpoints  
----------    --------          -------      -------  ---------------------  -------------------      -------      -------  ---------------------  -------------------  


------------------------------------------------------------------------------------------------
| Other Path Groups Table
| -----------------------
------------------------------------------------------------------------------------------------

Path Group         From Clock         To Clock               WNS(ns)      TNS(ns)  TNS Failing Endpoints  TNS Total Endpoints      WHS(ns)      THS(ns)  THS Failing Endpoints  THS Total Endpoints  
----------         ----------         --------               -------      -------  ---------------------  -------------------      -------      -------  ---------------------  -------------------  
**async_default**  clk_fpga_0         clk_fpga_0               1.084        0.000                      0                 3308        1.493        0.000                      0                 3308  


------------------------------------------------------------------------------------------------
| User Ignored Path Table
| -----------------------
------------------------------------------------------------------------------------------------

Path Group    From Clock    To Clock    
----------    ----------    --------    
(none)                      clk_fpga_0    
(none)        clk_fpga_0    clk_fpga_0    


------------------------------------------------------------------------------------------------
| Unconstrained Path Table
| ------------------------
------------------------------------------------------------------------------------------------

Path Group    From Clock    To Clock    
----------    ----------    --------    


------------------------------------------------------------------------------------------------
| Timing Details
| --------------
------------------------------------------------------------------------------------------------


---------------------------------------------------------------------------------------------------
From Clock:  clk_fpga_0
  To Clock:  clk_fpga_0

Setup :            0  Failing Endpoints,  Worst Slack        0.056ns,  Total Violation        0.000ns
Hold  :            0  Failing Endpoints,  Worst Slack        0.014ns,  Total Violation        0.000ns
PW    :            0  Failing Endpoints,  Worst Slack        3.750ns,  Total Violation        0.000ns
---------------------------------------------------------------------------------------------------


Max Delay Paths
--------------------------------------------------------------------------------------
Slack (MET) :             0.056ns  (required time - arrival time)
  Source:                 design_1_i/RFC8439_0/inst/RFC8439_v1_0_S00_AXI_inst/Rfc8439_core/u_poly1305/h_full_reg[0]/C
                            (rising edge-triggered cell FDCE clocked by clk_fpga_0  {rise@0.000ns fall@5.000ns period=10.000ns})
  Destination:            design_1_i/RFC8439_0/inst/RFC8439_v1_0_S00_AXI_inst/Rfc8439_core/u_poly1305/mac_tag_reg[125]/D
                            (rising edge-triggered cell FDCE clocked by clk_fpga_0  {rise@0.000ns fall@5.000ns period=10.000ns})
  Path Group:             clk_fpga_0
  Path Type:              Setup (Max at Slow Process Corner)
  Requirement:            10.000ns  (clk_fpga_0 rise@10.000ns - clk_fpga_0 rise@0.000ns)
  Data Path Delay:        9.867ns  (logic 7.837ns (79.424%)  route 2.030ns (20.576%))
  Logic Levels:           51  (CARRY4=49 LUT2=2)
  Clock Path Skew:        0.016ns (DCD - SCD + CPR)
    Destination Clock Delay (DCD):    2.928ns = ( 12.928 - 10.000 ) 
    Source Clock Delay      (SCD):    3.027ns
    Clock Pessimism Removal (CPR):    0.115ns
  Clock Uncertainty:      0.154ns  ((TSJ^2 + TIJ^2)^1/2 + DJ) / 2 + PE
    Total System Jitter     (TSJ):    0.071ns
    Total Input Jitter      (TIJ):    0.300ns
    Discrete Jitter          (DJ):    0.000ns
    Phase Error              (PE):    0.000ns

    Location             Delay type                Incr(ns)  Path(ns)    Netlist Resource(s)
  -------------------------------------------------------------------    -------------------
                         (clock clk_fpga_0 rise edge)
                                                      0.000     0.000 r  
    PS7_X0Y0             PS7                          0.000     0.000 r  design_1_i/processing_system7_0/inst/PS7_i/FCLKCLK[0]
                         net (fo=1, routed)           1.193     1.193    design_1_i/processing_system7_0/inst/FCLK_CLK_unbuffered[0]
    BUFGCTRL_X0Y17       BUFG (Prop_bufg_I_O)         0.101     1.294 r  design_1_i/processing_system7_0/inst/buffer_fclk_clk_0.FCLK_CLK_0_BUFG_replica/O
                         net (fo=3, routed)           1.733     3.027    design_1_i/RFC8439_0/inst/RFC8439_v1_0_S00_AXI_inst/Rfc8439_core/u_poly1305/FCLK_CLK0_repN_alias
    SLICE_X31Y21         FDCE                                         r  design_1_i/RFC8439_0/inst/RFC8439_v1_0_S00_AXI_inst/Rfc8439_core/u_poly1305/h_full_reg[0]/C
  -------------------------------------------------------------------    -------------------
    SLICE_X31Y21         FDCE (Prop_fdce_C_Q)         0.456     3.483 r  design_1_i/RFC8439_0/inst/RFC8439_v1_0_S00_AXI_inst/Rfc8439_core/u_poly1305/h_full_reg[0]/Q
                         net (fo=2, routed)           0.294     3.777    design_1_i/RFC8439_0/inst/RFC8439_v1_0_S00_AXI_inst/Rfc8439_core/u_poly1305/h_full[0]
    SLICE_X30Y21         LUT2 (Prop_lut2_I0_O)        0.124     3.901 r  design_1_i/RFC8439_0/inst/RFC8439_v1_0_S00_AXI_inst/Rfc8439_core/u_poly1305/mac_tag[3]_i_86/O
                         net (fo=1, routed)           0.473     4.374    design_1_i/RFC8439_0/inst/RFC8439_v1_0_S00_AXI_inst/Rfc8439_core/u_poly1305/mac_tag[3]_i_86_n_0
    SLICE_X30Y24         CARRY4 (Prop_carry4_CYINIT_CO[3])
                                                      0.595     4.969 r  design_1_i/RFC8439_0/inst/RFC8439_v1_0_S00_AXI_inst/Rfc8439_core/u_poly1305/mac_tag_reg[3]_i_81/CO[3]
                         net (fo=1, routed)           0.009     4.978    design_1_i/RFC8439_0/inst/RFC8439_v1_0_S00_AXI_inst/Rfc8439_core/u_poly1305/mac_tag_reg[3]_i_81_n_0
    SLICE_X30Y25         CARRY4 (Prop_carry4_CI_CO[3])
                                                      0.117     5.095 r  design_1_i/RFC8439_0/inst/RFC8439_v1_0_S00_AXI_inst/Rfc8439_core/u_poly1305/mac_tag_reg[3]_i_76/CO[3]
                         net (fo=1, routed)           0.000     5.095    design_1_i/RFC8439_0/inst/RFC8439_v1_0_S00_AXI_inst/Rfc8439_core/u_poly1305/mac_tag_reg[3]_i_76_n_0
    SLICE_X30Y26         CARRY4 (Prop_carry4_CI_CO[3])
                                                      0.117     5.212 r  design_1_i/RFC8439_0/inst/RFC8439_v1_0_S00_AXI_inst/Rfc8439_core/u_poly1305/mac_tag_reg[3]_i_71/CO[3]
                         net (fo=1, routed)           0.000     5.212    design_1_i/RFC8439_0/inst/RFC8439_v1_0_S00_AXI_inst/Rfc8439_core/u_poly1305/mac_tag_reg[3]_i_71_n_0
    SLICE_X30Y27         CARRY4 (Prop_carry4_CI_CO[3])
                                                      0.117     5.329 r  design_1_i/RFC8439_0/inst/RFC8439_v1_0_S00_AXI_inst/Rfc8439_core/u_poly1305/mac_tag_reg[3]_i_66/CO[3]
                         net (fo=1, routed)           0.000     5.329    design_1_i/RFC8439_0/inst/RFC8439_v1_0_S00_AXI_inst/Rfc8439_core/u_poly1305/mac_tag_reg[3]_i_66_n_0
    SLICE_X30Y28         CARRY4 (Prop_carry4_CI_CO[3])
                                                      0.117     5.446 r  design_1_i/RFC8439_0/inst/RFC8439_v1_0_S00_AXI_inst/Rfc8439_core/u_poly1305/mac_tag_reg[3]_i_61/CO[3]
                         net (fo=1, routed)           0.000     5.446    design_1_i/RFC8439_0/inst/RFC8439_v1_0_S00_AXI_inst/Rfc8439_core/u_poly1305/mac_tag_reg[3]_i_61_n_0
    SLICE_X30Y29         CARRY4 (Prop_carry4_CI_CO[3])
                                                      0.117     5.563 r  design_1_i/RFC8439_0/inst/RFC8439_v1_0_S00_AXI_inst/Rfc8439_core/u_poly1305/mac_tag_reg[3]_i_56/CO[3]
                         net (fo=1, routed)           0.000     5.563    design_1_i/RFC8439_0/inst/RFC8439_v1_0_S00_AXI_inst/Rfc8439_core/u_poly1305/mac_tag_reg[3]_i_56_n_0
    SLICE_X30Y30         CARRY4 (Prop_carry4_CI_CO[3])
                                                      0.117     5.680 r  design_1_i/RFC8439_0/inst/RFC8439_v1_0_S00_AXI_inst/Rfc8439_core/u_poly1305/mac_tag_reg[3]_i_51/CO[3]
                         net (fo=1, routed)           0.000     5.680    design_1_i/RFC8439_0/inst/RFC8439_v1_0_S00_AXI_inst/Rfc8439_core/u_poly1305/mac_tag_reg[3]_i_51_n_0
    SLICE_X30Y31         CARRY4 (Prop_carry4_CI_CO[3])
                                                      0.117     5.797 r  design_1_i/RFC8439_0/inst/RFC8439_v1_0_S00_AXI_inst/Rfc8439_core/u_poly1305/mac_tag_reg[3]_i_46/CO[3]
                         net (fo=1, routed)           0.000     5.797    design_1_i/RFC8439_0/inst/RFC8439_v1_0_S00_AXI_inst/Rfc8439_core/u_poly1305/mac_tag_reg[3]_i_46_n_0
    SLICE_X30Y32         CARRY4 (Prop_carry4_CI_CO[3])
                                                      0.117     5.914 r  design_1_i/RFC8439_0/inst/RFC8439_v1_0_S00_AXI_inst/Rfc8439_core/u_poly1305/mac_tag_reg[3]_i_41/CO[3]
                         net (fo=1, routed)           0.000     5.914    design_1_i/RFC8439_0/inst/RFC8439_v1_0_S00_AXI_inst/Rfc8439_core/u_poly1305/mac_tag_reg[3]_i_41_n_0
    SLICE_X30Y33         CARRY4 (Prop_carry4_CI_CO[3])
                                                      0.117     6.031 r  design_1_i/RFC8439_0/inst/RFC8439_v1_0_S00_AXI_inst/Rfc8439_core/u_poly1305/mac_tag_reg[3]_i_36/CO[3]
                         net (fo=1, routed)           0.000     6.031    design_1_i/RFC8439_0/inst/RFC8439_v1_0_S00_AXI_inst/Rfc8439_core/u_poly1305/mac_tag_reg[3]_i_36_n_0
    SLICE_X30Y34         CARRY4 (Prop_carry4_CI_CO[3])
                                                      0.117     6.148 r  design_1_i/RFC8439_0/inst/RFC8439_v1_0_S00_AXI_inst/Rfc8439_core/u_poly1305/mac_tag_reg[3]_i_31/CO[3]
                         net (fo=1, routed)           0.000     6.148    design_1_i/RFC8439_0/inst/RFC8439_v1_0_S00_AXI_inst/Rfc8439_core/u_poly1305/mac_tag_reg[3]_i_31_n_0
    SLICE_X30Y35         CARRY4 (Prop_carry4_CI_CO[3])
                                                      0.117     6.265 r  design_1_i/RFC8439_0/inst/RFC8439_v1_0_S00_AXI_inst/Rfc8439_core/u_poly1305/mac_tag_reg[3]_i_26/CO[3]
                         net (fo=1, routed)           0.000     6.265    design_1_i/RFC8439_0/inst/RFC8439_v1_0_S00_AXI_inst/Rfc8439_core/u_poly1305/mac_tag_reg[3]_i_26_n_0
    SLICE_X30Y36         CARRY4 (Prop_carry4_CI_CO[3])
                                                      0.117     6.382 r  design_1_i/RFC8439_0/inst/RFC8439_v1_0_S00_AXI_inst/Rfc8439_core/u_poly1305/mac_tag_reg[3]_i_21/CO[3]
                         net (fo=1, routed)           0.000     6.382    design_1_i/RFC8439_0/inst/RFC8439_v1_0_S00_AXI_inst/Rfc8439_core/u_poly1305/mac_tag_reg[3]_i_21_n_0
    SLICE_X30Y37         CARRY4 (Prop_carry4_CI_CO[3])
                                                      0.117     6.499 r  design_1_i/RFC8439_0/inst/RFC8439_v1_0_S00_AXI_inst/Rfc8439_core/u_poly1305/mac_tag_reg[3]_i_16/CO[3]
                         net (fo=1, routed)           0.000     6.499    design_1_i/RFC8439_0/inst/RFC8439_v1_0_S00_AXI_inst/Rfc8439_core/u_poly1305/mac_tag_reg[3]_i_16_n_0
    SLICE_X30Y38         CARRY4 (Prop_carry4_CI_CO[3])
                                                      0.117     6.616 r  design_1_i/RFC8439_0/inst/RFC8439_v1_0_S00_AXI_inst/Rfc8439_core/u_poly1305/mac_tag_reg[3]_i_11/CO[3]
                         net (fo=1, routed)           0.000     6.616    design_1_i/RFC8439_0/inst/RFC8439_v1_0_S00_AXI_inst/Rfc8439_core/u_poly1305/mac_tag_reg[3]_i_11_n_0
    SLICE_X30Y39         CARRY4 (Prop_carry4_CI_CO[3])
                                                      0.117     6.733 r  design_1_i/RFC8439_0/inst/RFC8439_v1_0_S00_AXI_inst/Rfc8439_core/u_poly1305/mac_tag_reg[3]_i_8/CO[3]
                         net (fo=1, routed)           0.000     6.733    design_1_i/RFC8439_0/inst/RFC8439_v1_0_S00_AXI_inst/Rfc8439_core/u_poly1305/mac_tag_reg[3]_i_8_n_0
    SLICE_X30Y40         CARRY4 (Prop_carry4_CI_CO[0])
                                                      0.254     6.987 r  design_1_i/RFC8439_0/inst/RFC8439_v1_0_S00_AXI_inst/Rfc8439_core/u_poly1305/mac_tag_reg[3]_i_3/CO[0]
                         net (fo=4, routed)           1.244     8.232    design_1_i/RFC8439_0/inst/RFC8439_v1_0_S00_AXI_inst/Rfc8439_core/u_poly1305/h_mod1
    SLICE_X31Y22         LUT2 (Prop_lut2_I0_O)        0.367     8.599 r  design_1_i/RFC8439_0/inst/RFC8439_v1_0_S00_AXI_inst/Rfc8439_core/u_poly1305/mac_tag[3]_i_7/O
                         net (fo=1, routed)           0.000     8.599    design_1_i/RFC8439_0/inst/RFC8439_v1_0_S00_AXI_inst/Rfc8439_core/u_poly1305/mac_tag[3]_i_7_n_0
    SLICE_X31Y22         CARRY4 (Prop_carry4_S[0]_CO[3])
                                                      0.532     9.131 r  design_1_i/RFC8439_0/inst/RFC8439_v1_0_S00_AXI_inst/Rfc8439_core/u_poly1305/mac_tag_reg[3]_i_1/CO[3]
                         net (fo=1, routed)           0.000     9.131    design_1_i/RFC8439_0/inst/RFC8439_v1_0_S00_AXI_inst/Rfc8439_core/u_poly1305/mac_tag_reg[3]_i_1_n_0
    SLICE_X31Y23         CARRY4 (Prop_carry4_CI_CO[3])
                                                      0.114     9.245 r  design_1_i/RFC8439_0/inst/RFC8439_v1_0_S00_AXI_inst/Rfc8439_core/u_poly1305/mac_tag_reg[7]_i_1/CO[3]
                         net (fo=1, routed)           0.000     9.245    design_1_i/RFC8439_0/inst/RFC8439_v1_0_S00_AXI_inst/Rfc8439_core/u_poly1305/mac_tag_reg[7]_i_1_n_0
    SLICE_X31Y24         CARRY4 (Prop_carry4_CI_CO[3])
                                                      0.114     9.359 r  design_1_i/RFC8439_0/inst/RFC8439_v1_0_S00_AXI_inst/Rfc8439_core/u_poly1305/mac_tag_reg[11]_i_1/CO[3]
                         net (fo=1, routed)           0.009     9.368    design_1_i/RFC8439_0/inst/RFC8439_v1_0_S00_AXI_inst/Rfc8439_core/u_poly1305/mac_tag_reg[11]_i_1_n_0
    SLICE_X31Y25         CARRY4 (Prop_carry4_CI_CO[3])
                                                      0.114     9.482 r  design_1_i/RFC8439_0/inst/RFC8439_v1_0_S00_AXI_inst/Rfc8439_core/u_poly1305/mac_tag_reg[15]_i_1/CO[3]
                         net (fo=1, routed)           0.000     9.482    design_1_i/RFC8439_0/inst/RFC8439_v1_0_S00_AXI_inst/Rfc8439_core/u_poly1305/mac_tag_reg[15]_i_1_n_0
    SLICE_X31Y26         CARRY4 (Prop_carry4_CI_CO[3])
                                                      0.114     9.596 r  design_1_i/RFC8439_0/inst/RFC8439_v1_0_S00_AXI_inst/Rfc8439_core/u_poly1305/mac_tag_reg[19]_i_1/CO[3]
                         net (fo=1, routed)           0.000     9.596    design_1_i/RFC8439_0/inst/RFC8439_v1_0_S00_AXI_inst/Rfc8439_core/u_poly1305/mac_tag_reg[19]_i_1_n_0
    SLICE_X31Y27         CARRY4 (Prop_carry4_CI_CO[3])
                                                      0.114     9.710 r  design_1_i/RFC8439_0/inst/RFC8439_v1_0_S00_AXI_inst/Rfc8439_core/u_poly1305/mac_tag_reg[23]_i_1/CO[3]
                         net (fo=1, routed)           0.000     9.710    design_1_i/RFC8439_0/inst/RFC8439_v1_0_S00_AXI_inst/Rfc8439_core/u_poly1305/mac_tag_reg[23]_i_1_n_0
    SLICE_X31Y28         CARRY4 (Prop_carry4_CI_CO[3])
                                                      0.114     9.824 r  design_1_i/RFC8439_0/inst/RFC8439_v1_0_S00_AXI_inst/Rfc8439_core/u_poly1305/mac_tag_reg[27]_i_1/CO[3]
                         net (fo=1, routed)           0.000     9.824    design_1_i/RFC8439_0/inst/RFC8439_v1_0_S00_AXI_inst/Rfc8439_core/u_poly1305/mac_tag_reg[27]_i_1_n_0
    SLICE_X31Y29         CARRY4 (Prop_carry4_CI_CO[3])
                                                      0.114     9.938 r  design_1_i/RFC8439_0/inst/RFC8439_v1_0_S00_AXI_inst/Rfc8439_core/u_poly1305/mac_tag_reg[31]_i_1/CO[3]
                         net (fo=1, routed)           0.000     9.938    design_1_i/RFC8439_0/inst/RFC8439_v1_0_S00_AXI_inst/Rfc8439_core/u_poly1305/mac_tag_reg[31]_i_1_n_0
    SLICE_X31Y30         CARRY4 (Prop_carry4_CI_CO[3])
                                                      0.114    10.052 r  design_1_i/RFC8439_0/inst/RFC8439_v1_0_S00_AXI_inst/Rfc8439_core/u_poly1305/mac_tag_reg[35]_i_1/CO[3]
                         net (fo=1, routed)           0.000    10.052    design_1_i/RFC8439_0/inst/RFC8439_v1_0_S00_AXI_inst/Rfc8439_core/u_poly1305/mac_tag_reg[35]_i_1_n_0
    SLICE_X31Y31         CARRY4 (Prop_carry4_CI_CO[3])
                                                      0.114    10.166 r  design_1_i/RFC8439_0/inst/RFC8439_v1_0_S00_AXI_inst/Rfc8439_core/u_poly1305/mac_tag_reg[39]_i_1/CO[3]
                         net (fo=1, routed)           0.000    10.166    design_1_i/RFC8439_0/inst/RFC8439_v1_0_S00_AXI_inst/Rfc8439_core/u_poly1305/mac_tag_reg[39]_i_1_n_0
    SLICE_X31Y32         CARRY4 (Prop_carry4_CI_CO[3])
                                                      0.114    10.280 r  design_1_i/RFC8439_0/inst/RFC8439_v1_0_S00_AXI_inst/Rfc8439_core/u_poly1305/mac_tag_reg[43]_i_1/CO[3]
                         net (fo=1, routed)           0.000    10.280    design_1_i/RFC8439_0/inst/RFC8439_v1_0_S00_AXI_inst/Rfc8439_core/u_poly1305/mac_tag_reg[43]_i_1_n_0
    SLICE_X31Y33         CARRY4 (Prop_carry4_CI_CO[3])
                                                      0.114    10.394 r  design_1_i/RFC8439_0/inst/RFC8439_v1_0_S00_AXI_inst/Rfc8439_core/u_poly1305/mac_tag_reg[47]_i_1/CO[3]
                         net (fo=1, routed)           0.000    10.394    design_1_i/RFC8439_0/inst/RFC8439_v1_0_S00_AXI_inst/Rfc8439_core/u_poly1305/mac_tag_reg[47]_i_1_n_0
    SLICE_X31Y34         CARRY4 (Prop_carry4_CI_CO[3])
                                                      0.114    10.508 r  design_1_i/RFC8439_0/inst/RFC8439_v1_0_S00_AXI_inst/Rfc8439_core/u_poly1305/mac_tag_reg[51]_i_1/CO[3]
                         net (fo=1, routed)           0.000    10.508    design_1_i/RFC8439_0/inst/RFC8439_v1_0_S00_AXI_inst/Rfc8439_core/u_poly1305/mac_tag_reg[51]_i_1_n_0
    SLICE_X31Y35         CARRY4 (Prop_carry4_CI_CO[3])
                                                      0.114    10.622 r  design_1_i/RFC8439_0/inst/RFC8439_v1_0_S00_AXI_inst/Rfc8439_core/u_poly1305/mac_tag_reg[55]_i_1/CO[3]
                         net (fo=1, routed)           0.000    10.622    design_1_i/RFC8439_0/inst/RFC8439_v1_0_S00_AXI_inst/Rfc8439_core/u_poly1305/mac_tag_reg[55]_i_1_n_0
    SLICE_X31Y36         CARRY4 (Prop_carry4_CI_CO[3])
                                                      0.114    10.736 r  design_1_i/RFC8439_0/inst/RFC8439_v1_0_S00_AXI_inst/Rfc8439_core/u_poly1305/mac_tag_reg[59]_i_1/CO[3]
                         net (fo=1, routed)           0.000    10.736    design_1_i/RFC8439_0/inst/RFC8439_v1_0_S00_AXI_inst/Rfc8439_core/u_poly1305/mac_tag_reg[59]_i_1_n_0
    SLICE_X31Y37         CARRY4 (Prop_carry4_CI_CO[3])
                                                      0.114    10.850 r  design_1_i/RFC8439_0/inst/RFC8439_v1_0_S00_AXI_inst/Rfc8439_core/u_poly1305/mac_tag_reg[63]_i_1/CO[3]
                         net (fo=1, routed)           0.000    10.850    design_1_i/RFC8439_0/inst/RFC8439_v1_0_S00_AXI_inst/Rfc8439_core/u_poly1305/mac_tag_reg[63]_i_1_n_0
    SLICE_X31Y38         CARRY4 (Prop_carry4_CI_CO[3])
                                                      0.114    10.964 r  design_1_i/RFC8439_0/inst/RFC8439_v1_0_S00_AXI_inst/Rfc8439_core/u_poly1305/mac_tag_reg[67]_i_1/CO[3]
                         net (fo=1, routed)           0.000    10.964    design_1_i/RFC8439_0/inst/RFC8439_v1_0_S00_AXI_inst/Rfc8439_core/u_poly1305/mac_tag_reg[67]_i_1_n_0
    SLICE_X31Y39         CARRY4 (Prop_carry4_CI_CO[3])
                                                      0.114    11.078 r  design_1_i/RFC8439_0/inst/RFC8439_v1_0_S00_AXI_inst/Rfc8439_core/u_poly1305/mac_tag_reg[71]_i_1/CO[3]
                         net (fo=1, routed)           0.000    11.078    design_1_i/RFC8439_0/inst/RFC8439_v1_0_S00_AXI_inst/Rfc8439_core/u_poly1305/mac_tag_reg[71]_i_1_n_0
    SLICE_X31Y40         CARRY4 (Prop_carry4_CI_CO[3])
                                                      0.114    11.192 r  design_1_i/RFC8439_0/inst/RFC8439_v1_0_S00_AXI_inst/Rfc8439_core/u_poly1305/mac_tag_reg[75]_i_1/CO[3]
                         net (fo=1, routed)           0.000    11.192    design_1_i/RFC8439_0/inst/RFC8439_v1_0_S00_AXI_inst/Rfc8439_core/u_poly1305/mac_tag_reg[75]_i_1_n_0
    SLICE_X31Y41         CARRY4 (Prop_carry4_CI_CO[3])
                                                      0.114    11.306 r  design_1_i/RFC8439_0/inst/RFC8439_v1_0_S00_AXI_inst/Rfc8439_core/u_poly1305/mac_tag_reg[79]_i_1/CO[3]
                         net (fo=1, routed)           0.000    11.306    design_1_i/RFC8439_0/inst/RFC8439_v1_0_S00_AXI_inst/Rfc8439_core/u_poly1305/mac_tag_reg[79]_i_1_n_0
    SLICE_X31Y42         CARRY4 (Prop_carry4_CI_CO[3])
                                                      0.114    11.420 r  design_1_i/RFC8439_0/inst/RFC8439_v1_0_S00_AXI_inst/Rfc8439_core/u_poly1305/mac_tag_reg[83]_i_1/CO[3]
                         net (fo=1, routed)           0.000    11.420    design_1_i/RFC8439_0/inst/RFC8439_v1_0_S00_AXI_inst/Rfc8439_core/u_poly1305/mac_tag_reg[83]_i_1_n_0
    SLICE_X31Y43         CARRY4 (Prop_carry4_CI_CO[3])
                                                      0.114    11.534 r  design_1_i/RFC8439_0/inst/RFC8439_v1_0_S00_AXI_inst/Rfc8439_core/u_poly1305/mac_tag_reg[87]_i_1/CO[3]
                         net (fo=1, routed)           0.000    11.534    design_1_i/RFC8439_0/inst/RFC8439_v1_0_S00_AXI_inst/Rfc8439_core/u_poly1305/mac_tag_reg[87]_i_1_n_0
    SLICE_X31Y44         CARRY4 (Prop_carry4_CI_CO[3])
                                                      0.114    11.648 r  design_1_i/RFC8439_0/inst/RFC8439_v1_0_S00_AXI_inst/Rfc8439_core/u_poly1305/mac_tag_reg[91]_i_1/CO[3]
                         net (fo=1, routed)           0.000    11.648    design_1_i/RFC8439_0/inst/RFC8439_v1_0_S00_AXI_inst/Rfc8439_core/u_poly1305/mac_tag_reg[91]_i_1_n_0
    SLICE_X31Y45         CARRY4 (Prop_carry4_CI_CO[3])
                                                      0.114    11.762 r  design_1_i/RFC8439_0/inst/RFC8439_v1_0_S00_AXI_inst/Rfc8439_core/u_poly1305/mac_tag_reg[95]_i_1/CO[3]
                         net (fo=1, routed)           0.000    11.762    design_1_i/RFC8439_0/inst/RFC8439_v1_0_S00_AXI_inst/Rfc8439_core/u_poly1305/mac_tag_reg[95]_i_1_n_0
    SLICE_X31Y46         CARRY4 (Prop_carry4_CI_CO[3])
                                                      0.114    11.876 r  design_1_i/RFC8439_0/inst/RFC8439_v1_0_S00_AXI_inst/Rfc8439_core/u_poly1305/mac_tag_reg[99]_i_1/CO[3]
                         net (fo=1, routed)           0.000    11.876    design_1_i/RFC8439_0/inst/RFC8439_v1_0_S00_AXI_inst/Rfc8439_core/u_poly1305/mac_tag_reg[99]_i_1_n_0
    SLICE_X31Y47         CARRY4 (Prop_carry4_CI_CO[3])
                                                      0.114    11.990 r  design_1_i/RFC8439_0/inst/RFC8439_v1_0_S00_AXI_inst/Rfc8439_core/u_poly1305/mac_tag_reg[103]_i_1/CO[3]
                         net (fo=1, routed)           0.000    11.990    design_1_i/RFC8439_0/inst/RFC8439_v1_0_S00_AXI_inst/Rfc8439_core/u_poly1305/mac_tag_reg[103]_i_1_n_0
    SLICE_X31Y48         CARRY4 (Prop_carry4_CI_CO[3])
                                                      0.114    12.104 r  design_1_i/RFC8439_0/inst/RFC8439_v1_0_S00_AXI_inst/Rfc8439_core/u_poly1305/mac_tag_reg[107]_i_1/CO[3]
                         net (fo=1, routed)           0.000    12.104    design_1_i/RFC8439_0/inst/RFC8439_v1_0_S00_AXI_inst/Rfc8439_core/u_poly1305/mac_tag_reg[107]_i_1_n_0
    SLICE_X31Y49         CARRY4 (Prop_carry4_CI_CO[3])
                                                      0.114    12.218 r  design_1_i/RFC8439_0/inst/RFC8439_v1_0_S00_AXI_inst/Rfc8439_core/u_poly1305/mac_tag_reg[111]_i_1/CO[3]
                         net (fo=1, routed)           0.001    12.218    design_1_i/RFC8439_0/inst/RFC8439_v1_0_S00_AXI_inst/Rfc8439_core/u_poly1305/mac_tag_reg[111]_i_1_n_0
    SLICE_X31Y50         CARRY4 (Prop_carry4_CI_CO[3])
                                                      0.114    12.332 r  design_1_i/RFC8439_0/inst/RFC8439_v1_0_S00_AXI_inst/Rfc8439_core/u_poly1305/mac_tag_reg[115]_i_1/CO[3]
                         net (fo=1, routed)           0.000    12.332    design_1_i/RFC8439_0/inst/RFC8439_v1_0_S00_AXI_inst/Rfc8439_core/u_poly1305/mac_tag_reg[115]_i_1_n_0
    SLICE_X31Y51         CARRY4 (Prop_carry4_CI_CO[3])
                                                      0.114    12.446 r  design_1_i/RFC8439_0/inst/RFC8439_v1_0_S00_AXI_inst/Rfc8439_core/u_poly1305/mac_tag_reg[119]_i_1/CO[3]
                         net (fo=1, routed)           0.000    12.446    design_1_i/RFC8439_0/inst/RFC8439_v1_0_S00_AXI_inst/Rfc8439_core/u_poly1305/mac_tag_reg[119]_i_1_n_0
    SLICE_X31Y52         CARRY4 (Prop_carry4_CI_CO[3])
                                                      0.114    12.560 r  design_1_i/RFC8439_0/inst/RFC8439_v1_0_S00_AXI_inst/Rfc8439_core/u_poly1305/mac_tag_reg[123]_i_1/CO[3]
                         net (fo=1, routed)           0.000    12.560    design_1_i/RFC8439_0/inst/RFC8439_v1_0_S00_AXI_inst/Rfc8439_core/u_poly1305/mac_tag_reg[123]_i_1_n_0
    SLICE_X31Y53         CARRY4 (Prop_carry4_CI_O[1])
                                                      0.334    12.894 r  design_1_i/RFC8439_0/inst/RFC8439_v1_0_S00_AXI_inst/Rfc8439_core/u_poly1305/mac_tag_reg[127]_i_2/O[1]
                         net (fo=1, routed)           0.000    12.894    design_1_i/RFC8439_0/inst/RFC8439_v1_0_S00_AXI_inst/Rfc8439_core/u_poly1305/mac_tag_reg[127]_i_2_n_6
    SLICE_X31Y53         FDCE                                         r  design_1_i/RFC8439_0/inst/RFC8439_v1_0_S00_AXI_inst/Rfc8439_core/u_poly1305/mac_tag_reg[125]/D
  -------------------------------------------------------------------    -------------------

                         (clock clk_fpga_0 rise edge)
                                                     10.000    10.000 r  
    PS7_X0Y0             PS7                          0.000    10.000 r  design_1_i/processing_system7_0/inst/PS7_i/FCLKCLK[0]
                         net (fo=1, routed)           1.088    11.088    design_1_i/processing_system7_0/inst/FCLK_CLK_unbuffered[0]
    BUFGCTRL_X0Y17       BUFG (Prop_bufg_I_O)         0.091    11.179 r  design_1_i/processing_system7_0/inst/buffer_fclk_clk_0.FCLK_CLK_0_BUFG_replica/O
                         net (fo=3, routed)           0.133    11.312    design_1_i/processing_system7_0/inst/FCLK_CLK0_repN
    BUFGCTRL_X0Y16       BUFG (Prop_bufg_I_O)         0.091    11.403 r  design_1_i/processing_system7_0/inst/buffer_fclk_clk_0.FCLK_CLK_0_BUFG/O
                         net (fo=13921, routed)       1.525    12.928    design_1_i/RFC8439_0/inst/RFC8439_v1_0_S00_AXI_inst/Rfc8439_core/u_poly1305/s00_axi_aclk
    SLICE_X31Y53         FDCE                                         r  design_1_i/RFC8439_0/inst/RFC8439_v1_0_S00_AXI_inst/Rfc8439_core/u_poly1305/mac_tag_reg[125]/C
                         clock pessimism              0.115    13.043    
                         clock uncertainty           -0.154    12.889    
    SLICE_X31Y53         FDCE (Setup_fdce_C_D)        0.062    12.951    design_1_i/RFC8439_0/inst/RFC8439_v1_0_S00_AXI_inst/Rfc8439_core/u_poly1305/mac_tag_reg[125]
  -------------------------------------------------------------------
                         required time                         12.951    
                         arrival time                         -12.894    
  -------------------------------------------------------------------
                         slack                                  0.056    

Slack (MET) :             0.076ns  (required time - arrival time)
  Source:                 design_1_i/RFC8439_0/inst/RFC8439_v1_0_S00_AXI_inst/Rfc8439_core/u_poly1305/r2_reg[14]/C
                            (rising edge-triggered cell FDCE clocked by clk_fpga_0  {rise@0.000ns fall@5.000ns period=10.000ns})
  Destination:            design_1_i/RFC8439_0/inst/RFC8439_v1_0_S00_AXI_inst/Rfc8439_core/u_poly1305/p42_reg[53]/D
                            (rising edge-triggered cell FDRE clocked by clk_fpga_0  {rise@0.000ns fall@5.000ns period=10.000ns})
  Path Group:             clk_fpga_0
  Path Type:              Setup (Max at Slow Process Corner)
  Requirement:            10.000ns  (clk_fpga_0 rise@10.000ns - clk_fpga_0 rise@0.000ns)
  Data Path Delay:        9.716ns  (logic 7.322ns (75.357%)  route 2.394ns (24.643%))
  Logic Levels:           9  (CARRY4=6 DSP48E1=2 LUT2=1)
  Clock Path Skew:        -0.116ns (DCD - SCD + CPR)
    Destination Clock Delay (DCD):    2.984ns = ( 12.984 - 10.000 ) 
    Source Clock Delay      (SCD):    3.238ns
    Clock Pessimism Removal (CPR):    0.138ns
  Clock Uncertainty:      0.154ns  ((TSJ^2 + TIJ^2)^1/2 + DJ) / 2 + PE
    Total System Jitter     (TSJ):    0.071ns
    Total Input Jitter      (TIJ):    0.300ns
    Discrete Jitter          (DJ):    0.000ns
    Phase Error              (PE):    0.000ns

    Location             Delay type                Incr(ns)  Path(ns)    Netlist Resource(s)
  -------------------------------------------------------------------    -------------------
                         (clock clk_fpga_0 rise edge)
                                                      0.000     0.000 r  
    PS7_X0Y0             PS7                          0.000     0.000 r  design_1_i/processing_system7_0/inst/PS7_i/FCLKCLK[0]
                         net (fo=1, routed)           1.193     1.193    design_1_i/processing_system7_0/inst/FCLK_CLK_unbuffered[0]
    BUFGCTRL_X0Y17       BUFG (Prop_bufg_I_O)         0.101     1.294 r  design_1_i/processing_system7_0/inst/buffer_fclk_clk_0.FCLK_CLK_0_BUFG_replica/O
                         net (fo=3, routed)           0.146     1.440    design_1_i/processing_system7_0/inst/FCLK_CLK0_repN
    BUFGCTRL_X0Y16       BUFG (Prop_bufg_I_O)         0.101     1.541 r  design_1_i/processing_system7_0/inst/buffer_fclk_clk_0.FCLK_CLK_0_BUFG/O
                         net (fo=13921, routed)       1.697     3.238    design_1_i/RFC8439_0/inst/RFC8439_v1_0_S00_AXI_inst/Rfc8439_core/u_poly1305/s00_axi_aclk
    SLICE_X31Y60         FDCE                                         r  design_1_i/RFC8439_0/inst/RFC8439_v1_0_S00_AXI_inst/Rfc8439_core/u_poly1305/r2_reg[14]/C
  -------------------------------------------------------------------    -------------------
    SLICE_X31Y60         FDCE (Prop_fdce_C_Q)         0.456     3.694 r  design_1_i/RFC8439_0/inst/RFC8439_v1_0_S00_AXI_inst/Rfc8439_core/u_poly1305/r2_reg[14]/Q
                         net (fo=4, routed)           1.521     5.215    design_1_i/RFC8439_0/inst/RFC8439_v1_0_S00_AXI_inst/Rfc8439_core/u_poly1305/r2[14]
    DSP48_X0Y18          DSP48E1 (Prop_dsp48e1_A[14]_PCOUT[47])
                                                      4.036     9.251 r  design_1_i/RFC8439_0/inst/RFC8439_v1_0_S00_AXI_inst/Rfc8439_core/u_poly1305/p420/PCOUT[47]
                         net (fo=1, routed)           0.002     9.253    design_1_i/RFC8439_0/inst/RFC8439_v1_0_S00_AXI_inst/Rfc8439_core/u_poly1305/p420_n_106
    DSP48_X0Y19          DSP48E1 (Prop_dsp48e1_PCIN[47]_P[0])
                                                      1.518    10.771 r  design_1_i/RFC8439_0/inst/RFC8439_v1_0_S00_AXI_inst/Rfc8439_core/u_poly1305/p420__0/P[0]
                         net (fo=1, routed)           0.871    11.642    design_1_i/RFC8439_0/inst/RFC8439_v1_0_S00_AXI_inst/Rfc8439_core/u_poly1305/p420__0_n_105
    SLICE_X11Y39         LUT2 (Prop_lut2_I1_O)        0.124    11.766 r  design_1_i/RFC8439_0/inst/RFC8439_v1_0_S00_AXI_inst/Rfc8439_core/u_poly1305/p42[35]_i_3/O
                         net (fo=1, routed)           0.000    11.766    design_1_i/RFC8439_0/inst/RFC8439_v1_0_S00_AXI_inst/Rfc8439_core/u_poly1305/p42[35]_i_3_n_0
    SLICE_X11Y39         CARRY4 (Prop_carry4_S[2]_CO[3])
                                                      0.398    12.164 r  design_1_i/RFC8439_0/inst/RFC8439_v1_0_S00_AXI_inst/Rfc8439_core/u_poly1305/p42_reg[35]_i_1/CO[3]
                         net (fo=1, routed)           0.000    12.164    design_1_i/RFC8439_0/inst/RFC8439_v1_0_S00_AXI_inst/Rfc8439_core/u_poly1305/p42_reg[35]_i_1_n_0
    SLICE_X11Y40         CARRY4 (Prop_carry4_CI_CO[3])
                                                      0.114    12.278 r  design_1_i/RFC8439_0/inst/RFC8439_v1_0_S00_AXI_inst/Rfc8439_core/u_poly1305/p42_reg[39]_i_1/CO[3]
                         net (fo=1, routed)           0.000    12.278    design_1_i/RFC8439_0/inst/RFC8439_v1_0_S00_AXI_inst/Rfc8439_core/u_poly1305/p42_reg[39]_i_1_n_0
    SLICE_X11Y41         CARRY4 (Prop_carry4_CI_CO[3])
                                                      0.114    12.392 r  design_1_i/RFC8439_0/inst/RFC8439_v1_0_S00_AXI_inst/Rfc8439_core/u_poly1305/p42_reg[43]_i_1/CO[3]
                         net (fo=1, routed)           0.000    12.392    design_1_i/RFC8439_0/inst/RFC8439_v1_0_S00_AXI_inst/Rfc8439_core/u_poly1305/p42_reg[43]_i_1_n_0
    SLICE_X11Y42         CARRY4 (Prop_carry4_CI_CO[3])
                                                      0.114    12.506 r  design_1_i/RFC8439_0/inst/RFC8439_v1_0_S00_AXI_inst/Rfc8439_core/u_poly1305/p42_reg[47]_i_1/CO[3]
                         net (fo=1, routed)           0.000    12.506    design_1_i/RFC8439_0/inst/RFC8439_v1_0_S00_AXI_inst/Rfc8439_core/u_poly1305/p42_reg[47]_i_1_n_0
    SLICE_X11Y43         CARRY4 (Prop_carry4_CI_CO[3])
                                                      0.114    12.620 r  design_1_i/RFC8439_0/inst/RFC8439_v1_0_S00_AXI_inst/Rfc8439_core/u_poly1305/p42_reg[51]_i_1/CO[3]
                         net (fo=1, routed)           0.000    12.620    design_1_i/RFC8439_0/inst/RFC8439_v1_0_S00_AXI_inst/Rfc8439_core/u_poly1305/p42_reg[51]_i_1_n_0
    SLICE_X11Y44         CARRY4 (Prop_carry4_CI_O[1])
                                                      0.334    12.954 r  design_1_i/RFC8439_0/inst/RFC8439_v1_0_S00_AXI_inst/Rfc8439_core/u_poly1305/p42_reg[55]_i_1/O[1]
                         net (fo=1, routed)           0.000    12.954    design_1_i/RFC8439_0/inst/RFC8439_v1_0_S00_AXI_inst/Rfc8439_core/u_poly1305/p420__3[53]
    SLICE_X11Y44         FDRE                                         r  design_1_i/RFC8439_0/inst/RFC8439_v1_0_S00_AXI_inst/Rfc8439_core/u_poly1305/p42_reg[53]/D
  -------------------------------------------------------------------    -------------------

                         (clock clk_fpga_0 rise edge)
                                                     10.000    10.000 r  
    PS7_X0Y0             PS7                          0.000    10.000 r  design_1_i/processing_system7_0/inst/PS7_i/FCLKCLK[0]
                         net (fo=1, routed)           1.088    11.088    design_1_i/processing_system7_0/inst/FCLK_CLK_unbuffered[0]
    BUFGCTRL_X0Y17       BUFG (Prop_bufg_I_O)         0.091    11.179 r  design_1_i/processing_system7_0/inst/buffer_fclk_clk_0.FCLK_CLK_0_BUFG_replica/O
                         net (fo=3, routed)           0.133    11.312    design_1_i/processing_system7_0/inst/FCLK_CLK0_repN
    BUFGCTRL_X0Y16       BUFG (Prop_bufg_I_O)         0.091    11.403 r  design_1_i/processing_system7_0/inst/buffer_fclk_clk_0.FCLK_CLK_0_BUFG/O
                         net (fo=13921, routed)       1.581    12.984    design_1_i/RFC8439_0/inst/RFC8439_v1_0_S00_AXI_inst/Rfc8439_core/u_poly1305/s00_axi_aclk
    SLICE_X11Y44         FDRE                                         r  design_1_i/RFC8439_0/inst/RFC8439_v1_0_S00_AXI_inst/Rfc8439_core/u_poly1305/p42_reg[53]/C
                         clock pessimism              0.138    13.122    
                         clock uncertainty           -0.154    12.968    
    SLICE_X11Y44         FDRE (Setup_fdre_C_D)        0.062    13.030    design_1_i/RFC8439_0/inst/RFC8439_v1_0_S00_AXI_inst/Rfc8439_core/u_poly1305/p42_reg[53]
  -------------------------------------------------------------------
                         required time                         13.030    
                         arrival time                         -12.954    
  -------------------------------------------------------------------
                         slack                                  0.076    

Slack (MET) :             0.077ns  (required time - arrival time)
  Source:                 design_1_i/RFC8439_0/inst/RFC8439_v1_0_S00_AXI_inst/Rfc8439_core/u_poly1305/h_full_reg[0]/C
                            (rising edge-triggered cell FDCE clocked by clk_fpga_0  {rise@0.000ns fall@5.000ns period=10.000ns})
  Destination:            design_1_i/RFC8439_0/inst/RFC8439_v1_0_S00_AXI_inst/Rfc8439_core/u_poly1305/mac_tag_reg[127]/D
                            (rising edge-triggered cell FDCE clocked by clk_fpga_0  {rise@0.000ns fall@5.000ns period=10.000ns})
  Path Group:             clk_fpga_0
  Path Type:              Setup (Max at Slow Process Corner)
  Requirement:            10.000ns  (clk_fpga_0 rise@10.000ns - clk_fpga_0 rise@0.000ns)
  Data Path Delay:        9.846ns  (logic 7.816ns (79.380%)  route 2.030ns (20.620%))
  Logic Levels:           51  (CARRY4=49 LUT2=2)
  Clock Path Skew:        0.016ns (DCD - SCD + CPR)
    Destination Clock Delay (DCD):    2.928ns = ( 12.928 - 10.000 ) 
    Source Clock Delay      (SCD):    3.027ns
    Clock Pessimism Removal (CPR):    0.115ns
  Clock Uncertainty:      0.154ns  ((TSJ^2 + TIJ^2)^1/2 + DJ) / 2 + PE
    Total System Jitter     (TSJ):    0.071ns
    Total Input Jitter      (TIJ):    0.300ns
    Discrete Jitter          (DJ):    0.000ns
    Phase Error              (PE):    0.000ns

    Location             Delay type                Incr(ns)  Path(ns)    Netlist Resource(s)
  -------------------------------------------------------------------    -------------------
                         (clock clk_fpga_0 rise edge)
                                                      0.000     0.000 r  
    PS7_X0Y0             PS7                          0.000     0.000 r  design_1_i/processing_system7_0/inst/PS7_i/FCLKCLK[0]
                         net (fo=1, routed)           1.193     1.193    design_1_i/processing_system7_0/inst/FCLK_CLK_unbuffered[0]
    BUFGCTRL_X0Y17       BUFG (Prop_bufg_I_O)         0.101     1.294 r  design_1_i/processing_system7_0/inst/buffer_fclk_clk_0.FCLK_CLK_0_BUFG_replica/O
                         net (fo=3, routed)           1.733     3.027    design_1_i/RFC8439_0/inst/RFC8439_v1_0_S00_AXI_inst/Rfc8439_core/u_poly1305/FCLK_CLK0_repN_alias
    SLICE_X31Y21         FDCE                                         r  design_1_i/RFC8439_0/inst/RFC8439_v1_0_S00_AXI_inst/Rfc8439_core/u_poly1305/h_full_reg[0]/C
  -------------------------------------------------------------------    -------------------
    SLICE_X31Y21         FDCE (Prop_fdce_C_Q)         0.456     3.483 r  design_1_i/RFC8439_0/inst/RFC8439_v1_0_S00_AXI_inst/Rfc8439_core/u_poly1305/h_full_reg[0]/Q
                         net (fo=2, routed)           0.294     3.777    design_1_i/RFC8439_0/inst/RFC8439_v1_0_S00_AXI_inst/Rfc8439_core/u_poly1305/h_full[0]
    SLICE_X30Y21         LUT2 (Prop_lut2_I0_O)        0.124     3.901 r  design_1_i/RFC8439_0/inst/RFC8439_v1_0_S00_AXI_inst/Rfc8439_core/u_poly1305/mac_tag[3]_i_86/O
                         net (fo=1, routed)           0.473     4.374    design_1_i/RFC8439_0/inst/RFC8439_v1_0_S00_AXI_inst/Rfc8439_core/u_poly1305/mac_tag[3]_i_86_n_0
    SLICE_X30Y24         CARRY4 (Prop_carry4_CYINIT_CO[3])
                                                      0.595     4.969 r  design_1_i/RFC8439_0/inst/RFC8439_v1_0_S00_AXI_inst/Rfc8439_core/u_poly1305/mac_tag_reg[3]_i_81/CO[3]
                         net (fo=1, routed)           0.009     4.978    design_1_i/RFC8439_0/inst/RFC8439_v1_0_S00_AXI_inst/Rfc8439_core/u_poly1305/mac_tag_reg[3]_i_81_n_0
    SLICE_X30Y25         CARRY4 (Prop_carry4_CI_CO[3])
                                                      0.117     5.095 r  design_1_i/RFC8439_0/inst/RFC8439_v1_0_S00_AXI_inst/Rfc8439_core/u_poly1305/mac_tag_reg[3]_i_76/CO[3]
                         net (fo=1, routed)           0.000     5.095    design_1_i/RFC8439_0/inst/RFC8439_v1_0_S00_AXI_inst/Rfc8439_core/u_poly1305/mac_tag_reg[3]_i_76_n_0
    SLICE_X30Y26         CARRY4 (Prop_carry4_CI_CO[3])
                                                      0.117     5.212 r  design_1_i/RFC8439_0/inst/RFC8439_v1_0_S00_AXI_inst/Rfc8439_core/u_poly1305/mac_tag_reg[3]_i_71/CO[3]
                         net (fo=1, routed)           0.000     5.212    design_1_i/RFC8439_0/inst/RFC8439_v1_0_S00_AXI_inst/Rfc8439_core/u_poly1305/mac_tag_reg[3]_i_71_n_0
    SLICE_X30Y27         CARRY4 (Prop_carry4_CI_CO[3])
                                                      0.117     5.329 r  design_1_i/RFC8439_0/inst/RFC8439_v1_0_S00_AXI_inst/Rfc8439_core/u_poly1305/mac_tag_reg[3]_i_66/CO[3]
                         net (fo=1, routed)           0.000     5.329    design_1_i/RFC8439_0/inst/RFC8439_v1_0_S00_AXI_inst/Rfc8439_core/u_poly1305/mac_tag_reg[3]_i_66_n_0
    SLICE_X30Y28         CARRY4 (Prop_carry4_CI_CO[3])
                                                      0.117     5.446 r  design_1_i/RFC8439_0/inst/RFC8439_v1_0_S00_AXI_inst/Rfc8439_core/u_poly1305/mac_tag_reg[3]_i_61/CO[3]
                         net (fo=1, routed)           0.000     5.446    design_1_i/RFC8439_0/inst/RFC8439_v1_0_S00_AXI_inst/Rfc8439_core/u_poly1305/mac_tag_reg[3]_i_61_n_0
    SLICE_X30Y29         CARRY4 (Prop_carry4_CI_CO[3])
                                                      0.117     5.563 r  design_1_i/RFC8439_0/inst/RFC8439_v1_0_S00_AXI_inst/Rfc8439_core/u_poly1305/mac_tag_reg[3]_i_56/CO[3]
                         net (fo=1, routed)           0.000     5.563    design_1_i/RFC8439_0/inst/RFC8439_v1_0_S00_AXI_inst/Rfc8439_core/u_poly1305/mac_tag_reg[3]_i_56_n_0
    SLICE_X30Y30         CARRY4 (Prop_carry4_CI_CO[3])
                                                      0.117     5.680 r  design_1_i/RFC8439_0/inst/RFC8439_v1_0_S00_AXI_inst/Rfc8439_core/u_poly1305/mac_tag_reg[3]_i_51/CO[3]
                         net (fo=1, routed)           0.000     5.680    design_1_i/RFC8439_0/inst/RFC8439_v1_0_S00_AXI_inst/Rfc8439_core/u_poly1305/mac_tag_reg[3]_i_51_n_0
    SLICE_X30Y31         CARRY4 (Prop_carry4_CI_CO[3])
                                                      0.117     5.797 r  design_1_i/RFC8439_0/inst/RFC8439_v1_0_S00_AXI_inst/Rfc8439_core/u_poly1305/mac_tag_reg[3]_i_46/CO[3]
                         net (fo=1, routed)           0.000     5.797    design_1_i/RFC8439_0/inst/RFC8439_v1_0_S00_AXI_inst/Rfc8439_core/u_poly1305/mac_tag_reg[3]_i_46_n_0
    SLICE_X30Y32         CARRY4 (Prop_carry4_CI_CO[3])
                                                      0.117     5.914 r  design_1_i/RFC8439_0/inst/RFC8439_v1_0_S00_AXI_inst/Rfc8439_core/u_poly1305/mac_tag_reg[3]_i_41/CO[3]
                         net (fo=1, routed)           0.000     5.914    design_1_i/RFC8439_0/inst/RFC8439_v1_0_S00_AXI_inst/Rfc8439_core/u_poly1305/mac_tag_reg[3]_i_41_n_0
    SLICE_X30Y33         CARRY4 (Prop_carry4_CI_CO[3])
                                                      0.117     6.031 r  design_1_i/RFC8439_0/inst/RFC8439_v1_0_S00_AXI_inst/Rfc8439_core/u_poly1305/mac_tag_reg[3]_i_36/CO[3]
                         net (fo=1, routed)           0.000     6.031    design_1_i/RFC8439_0/inst/RFC8439_v1_0_S00_AXI_inst/Rfc8439_core/u_poly1305/mac_tag_reg[3]_i_36_n_0
    SLICE_X30Y34         CARRY4 (Prop_carry4_CI_CO[3])
                                                      0.117     6.148 r  design_1_i/RFC8439_0/inst/RFC8439_v1_0_S00_AXI_inst/Rfc8439_core/u_poly1305/mac_tag_reg[3]_i_31/CO[3]
                         net (fo=1, routed)           0.000     6.148    design_1_i/RFC8439_0/inst/RFC8439_v1_0_S00_AXI_inst/Rfc8439_core/u_poly1305/mac_tag_reg[3]_i_31_n_0
    SLICE_X30Y35         CARRY4 (Prop_carry4_CI_CO[3])
                                                      0.117     6.265 r  design_1_i/RFC8439_0/inst/RFC8439_v1_0_S00_AXI_inst/Rfc8439_core/u_poly1305/mac_tag_reg[3]_i_26/CO[3]
                         net (fo=1, routed)           0.000     6.265    design_1_i/RFC8439_0/inst/RFC8439_v1_0_S00_AXI_inst/Rfc8439_core/u_poly1305/mac_tag_reg[3]_i_26_n_0
    SLICE_X30Y36         CARRY4 (Prop_carry4_CI_CO[3])
                                                      0.117     6.382 r  design_1_i/RFC8439_0/inst/RFC8439_v1_0_S00_AXI_inst/Rfc8439_core/u_poly1305/mac_tag_reg[3]_i_21/CO[3]
                         net (fo=1, routed)           0.000     6.382    design_1_i/RFC8439_0/inst/RFC8439_v1_0_S00_AXI_inst/Rfc8439_core/u_poly1305/mac_tag_reg[3]_i_21_n_0
    SLICE_X30Y37         CARRY4 (Prop_carry4_CI_CO[3])
                                                      0.117     6.499 r  design_1_i/RFC8439_0/inst/RFC8439_v1_0_S00_AXI_inst/Rfc8439_core/u_poly1305/mac_tag_reg[3]_i_16/CO[3]
                         net (fo=1, routed)           0.000     6.499    design_1_i/RFC8439_0/inst/RFC8439_v1_0_S00_AXI_inst/Rfc8439_core/u_poly1305/mac_tag_reg[3]_i_16_n_0
    SLICE_X30Y38         CARRY4 (Prop_carry4_CI_CO[3])
                                                      0.117     6.616 r  design_1_i/RFC8439_0/inst/RFC8439_v1_0_S00_AXI_inst/Rfc8439_core/u_poly1305/mac_tag_reg[3]_i_11/CO[3]
                         net (fo=1, routed)           0.000     6.616    design_1_i/RFC8439_0/inst/RFC8439_v1_0_S00_AXI_inst/Rfc8439_core/u_poly1305/mac_tag_reg[3]_i_11_n_0
    SLICE_X30Y39         CARRY4 (Prop_carry4_CI_CO[3])
                                                      0.117     6.733 r  design_1_i/RFC8439_0/inst/RFC8439_v1_0_S00_AXI_inst/Rfc8439_core/u_poly1305/mac_tag_reg[3]_i_8/CO[3]
                         net (fo=1, routed)           0.000     6.733    design_1_i/RFC8439_0/inst/RFC8439_v1_0_S00_AXI_inst/Rfc8439_core/u_poly1305/mac_tag_reg[3]_i_8_n_0
    SLICE_X30Y40         CARRY4 (Prop_carry4_CI_CO[0])
                                                      0.254     6.987 r  design_1_i/RFC8439_0/inst/RFC8439_v1_0_S00_AXI_inst/Rfc8439_core/u_poly1305/mac_tag_reg[3]_i_3/CO[0]
                         net (fo=4, routed)           1.244     8.232    design_1_i/RFC8439_0/inst/RFC8439_v1_0_S00_AXI_inst/Rfc8439_core/u_poly1305/h_mod1
    SLICE_X31Y22         LUT2 (Prop_lut2_I0_O)        0.367     8.599 r  design_1_i/RFC8439_0/inst/RFC8439_v1_0_S00_AXI_inst/Rfc8439_core/u_poly1305/mac_tag[3]_i_7/O
                         net (fo=1, routed)           0.000     8.599    design_1_i/RFC8439_0/inst/RFC8439_v1_0_S00_AXI_inst/Rfc8439_core/u_poly1305/mac_tag[3]_i_7_n_0
    SLICE_X31Y22         CARRY4 (Prop_carry4_S[0]_CO[3])
                                                      0.532     9.131 r  design_1_i/RFC8439_0/inst/RFC8439_v1_0_S00_AXI_inst/Rfc8439_core/u_poly1305/mac_tag_reg[3]_i_1/CO[3]
                         net (fo=1, routed)           0.000     9.131    design_1_i/RFC8439_0/inst/RFC8439_v1_0_S00_AXI_inst/Rfc8439_core/u_poly1305/mac_tag_reg[3]_i_1_n_0
    SLICE_X31Y23         CARRY4 (Prop_carry4_CI_CO[3])
                                                      0.114     9.245 r  design_1_i/RFC8439_0/inst/RFC8439_v1_0_S00_AXI_inst/Rfc8439_core/u_poly1305/mac_tag_reg[7]_i_1/CO[3]
                         net (fo=1, routed)           0.000     9.245    design_1_i/RFC8439_0/inst/RFC8439_v1_0_S00_AXI_inst/Rfc8439_core/u_poly1305/mac_tag_reg[7]_i_1_n_0
    SLICE_X31Y24         CARRY4 (Prop_carry4_CI_CO[3])
                                                      0.114     9.359 r  design_1_i/RFC8439_0/inst/RFC8439_v1_0_S00_AXI_inst/Rfc8439_core/u_poly1305/mac_tag_reg[11]_i_1/CO[3]
                         net (fo=1, routed)           0.009     9.368    design_1_i/RFC8439_0/inst/RFC8439_v1_0_S00_AXI_inst/Rfc8439_core/u_poly1305/mac_tag_reg[11]_i_1_n_0
    SLICE_X31Y25         CARRY4 (Prop_carry4_CI_CO[3])
                                                      0.114     9.482 r  design_1_i/RFC8439_0/inst/RFC8439_v1_0_S00_AXI_inst/Rfc8439_core/u_poly1305/mac_tag_reg[15]_i_1/CO[3]
                         net (fo=1, routed)           0.000     9.482    design_1_i/RFC8439_0/inst/RFC8439_v1_0_S00_AXI_inst/Rfc8439_core/u_poly1305/mac_tag_reg[15]_i_1_n_0
    SLICE_X31Y26         CARRY4 (Prop_carry4_CI_CO[3])
                                                      0.114     9.596 r  design_1_i/RFC8439_0/inst/RFC8439_v1_0_S00_AXI_inst/Rfc8439_core/u_poly1305/mac_tag_reg[19]_i_1/CO[3]
                         net (fo=1, routed)           0.000     9.596    design_1_i/RFC8439_0/inst/RFC8439_v1_0_S00_AXI_inst/Rfc8439_core/u_poly1305/mac_tag_reg[19]_i_1_n_0
    SLICE_X31Y27         CARRY4 (Prop_carry4_CI_CO[3])
                                                      0.114     9.710 r  design_1_i/RFC8439_0/inst/RFC8439_v1_0_S00_AXI_inst/Rfc8439_core/u_poly1305/mac_tag_reg[23]_i_1/CO[3]
                         net (fo=1, routed)           0.000     9.710    design_1_i/RFC8439_0/inst/RFC8439_v1_0_S00_AXI_inst/Rfc8439_core/u_poly1305/mac_tag_reg[23]_i_1_n_0
    SLICE_X31Y28         CARRY4 (Prop_carry4_CI_CO[3])
                                                      0.114     9.824 r  design_1_i/RFC8439_0/inst/RFC8439_v1_0_S00_AXI_inst/Rfc8439_core/u_poly1305/mac_tag_reg[27]_i_1/CO[3]
                         net (fo=1, routed)           0.000     9.824    design_1_i/RFC8439_0/inst/RFC8439_v1_0_S00_AXI_inst/Rfc8439_core/u_poly1305/mac_tag_reg[27]_i_1_n_0
    SLICE_X31Y29         CARRY4 (Prop_carry4_CI_CO[3])
                                                      0.114     9.938 r  design_1_i/RFC8439_0/inst/RFC8439_v1_0_S00_AXI_inst/Rfc8439_core/u_poly1305/mac_tag_reg[31]_i_1/CO[3]
                         net (fo=1, routed)           0.000     9.938    design_1_i/RFC8439_0/inst/RFC8439_v1_0_S00_AXI_inst/Rfc8439_core/u_poly1305/mac_tag_reg[31]_i_1_n_0
    SLICE_X31Y30         CARRY4 (Prop_carry4_CI_CO[3])
                                                      0.114    10.052 r  design_1_i/RFC8439_0/inst/RFC8439_v1_0_S00_AXI_inst/Rfc8439_core/u_poly1305/mac_tag_reg[35]_i_1/CO[3]
                         net (fo=1, routed)           0.000    10.052    design_1_i/RFC8439_0/inst/RFC8439_v1_0_S00_AXI_inst/Rfc8439_core/u_poly1305/mac_tag_reg[35]_i_1_n_0
    SLICE_X31Y31         CARRY4 (Prop_carry4_CI_CO[3])
                                                      0.114    10.166 r  design_1_i/RFC8439_0/inst/RFC8439_v1_0_S00_AXI_inst/Rfc8439_core/u_poly1305/mac_tag_reg[39]_i_1/CO[3]
                         net (fo=1, routed)           0.000    10.166    design_1_i/RFC8439_0/inst/RFC8439_v1_0_S00_AXI_inst/Rfc8439_core/u_poly1305/mac_tag_reg[39]_i_1_n_0
    SLICE_X31Y32         CARRY4 (Prop_carry4_CI_CO[3])
                                                      0.114    10.280 r  design_1_i/RFC8439_0/inst/RFC8439_v1_0_S00_AXI_inst/Rfc8439_core/u_poly1305/mac_tag_reg[43]_i_1/CO[3]
                         net (fo=1, routed)           0.000    10.280    design_1_i/RFC8439_0/inst/RFC8439_v1_0_S00_AXI_inst/Rfc8439_core/u_poly1305/mac_tag_reg[43]_i_1_n_0
    SLICE_X31Y33         CARRY4 (Prop_carry4_CI_CO[3])
                                                      0.114    10.394 r  design_1_i/RFC8439_0/inst/RFC8439_v1_0_S00_AXI_inst/Rfc8439_core/u_poly1305/mac_tag_reg[47]_i_1/CO[3]
                         net (fo=1, routed)           0.000    10.394    design_1_i/RFC8439_0/inst/RFC8439_v1_0_S00_AXI_inst/Rfc8439_core/u_poly1305/mac_tag_reg[47]_i_1_n_0
    SLICE_X31Y34         CARRY4 (Prop_carry4_CI_CO[3])
                                                      0.114    10.508 r  design_1_i/RFC8439_0/inst/RFC8439_v1_0_S00_AXI_inst/Rfc8439_core/u_poly1305/mac_tag_reg[51]_i_1/CO[3]
                         net (fo=1, routed)           0.000    10.508    design_1_i/RFC8439_0/inst/RFC8439_v1_0_S00_AXI_inst/Rfc8439_core/u_poly1305/mac_tag_reg[51]_i_1_n_0
    SLICE_X31Y35         CARRY4 (Prop_carry4_CI_CO[3])
                                                      0.114    10.622 r  design_1_i/RFC8439_0/inst/RFC8439_v1_0_S00_AXI_inst/Rfc8439_core/u_poly1305/mac_tag_reg[55]_i_1/CO[3]
                         net (fo=1, routed)           0.000    10.622    design_1_i/RFC8439_0/inst/RFC8439_v1_0_S00_AXI_inst/Rfc8439_core/u_poly1305/mac_tag_reg[55]_i_1_n_0
    SLICE_X31Y36         CARRY4 (Prop_carry4_CI_CO[3])
                                                      0.114    10.736 r  design_1_i/RFC8439_0/inst/RFC8439_v1_0_S00_AXI_inst/Rfc8439_core/u_poly1305/mac_tag_reg[59]_i_1/CO[3]
                         net (fo=1, routed)           0.000    10.736    design_1_i/RFC8439_0/inst/RFC8439_v1_0_S00_AXI_inst/Rfc8439_core/u_poly1305/mac_tag_reg[59]_i_1_n_0
    SLICE_X31Y37         CARRY4 (Prop_carry4_CI_CO[3])
                                                      0.114    10.850 r  design_1_i/RFC8439_0/inst/RFC8439_v1_0_S00_AXI_inst/Rfc8439_core/u_poly1305/mac_tag_reg[63]_i_1/CO[3]
                         net (fo=1, routed)           0.000    10.850    design_1_i/RFC8439_0/inst/RFC8439_v1_0_S00_AXI_inst/Rfc8439_core/u_poly1305/mac_tag_reg[63]_i_1_n_0
    SLICE_X31Y38         CARRY4 (Prop_carry4_CI_CO[3])
                                                      0.114    10.964 r  design_1_i/RFC8439_0/inst/RFC8439_v1_0_S00_AXI_inst/Rfc8439_core/u_poly1305/mac_tag_reg[67]_i_1/CO[3]
                         net (fo=1, routed)           0.000    10.964    design_1_i/RFC8439_0/inst/RFC8439_v1_0_S00_AXI_inst/Rfc8439_core/u_poly1305/mac_tag_reg[67]_i_1_n_0
    SLICE_X31Y39         CARRY4 (Prop_carry4_CI_CO[3])
                                                      0.114    11.078 r  design_1_i/RFC8439_0/inst/RFC8439_v1_0_S00_AXI_inst/Rfc8439_core/u_poly1305/mac_tag_reg[71]_i_1/CO[3]
                         net (fo=1, routed)           0.000    11.078    design_1_i/RFC8439_0/inst/RFC8439_v1_0_S00_AXI_inst/Rfc8439_core/u_poly1305/mac_tag_reg[71]_i_1_n_0
    SLICE_X31Y40         CARRY4 (Prop_carry4_CI_CO[3])
                                                      0.114    11.192 r  design_1_i/RFC8439_0/inst/RFC8439_v1_0_S00_AXI_inst/Rfc8439_core/u_poly1305/mac_tag_reg[75]_i_1/CO[3]
                         net (fo=1, routed)           0.000    11.192    design_1_i/RFC8439_0/inst/RFC8439_v1_0_S00_AXI_inst/Rfc8439_core/u_poly1305/mac_tag_reg[75]_i_1_n_0
    SLICE_X31Y41         CARRY4 (Prop_carry4_CI_CO[3])
                                                      0.114    11.306 r  design_1_i/RFC8439_0/inst/RFC8439_v1_0_S00_AXI_inst/Rfc8439_core/u_poly1305/mac_tag_reg[79]_i_1/CO[3]
                         net (fo=1, routed)           0.000    11.306    design_1_i/RFC8439_0/inst/RFC8439_v1_0_S00_AXI_inst/Rfc8439_core/u_poly1305/mac_tag_reg[79]_i_1_n_0
    SLICE_X31Y42         CARRY4 (Prop_carry4_CI_CO[3])
                                                      0.114    11.420 r  design_1_i/RFC8439_0/inst/RFC8439_v1_0_S00_AXI_inst/Rfc8439_core/u_poly1305/mac_tag_reg[83]_i_1/CO[3]
                         net (fo=1, routed)           0.000    11.420    design_1_i/RFC8439_0/inst/RFC8439_v1_0_S00_AXI_inst/Rfc8439_core/u_poly1305/mac_tag_reg[83]_i_1_n_0
    SLICE_X31Y43         CARRY4 (Prop_carry4_CI_CO[3])
                                                      0.114    11.534 r  design_1_i/RFC8439_0/inst/RFC8439_v1_0_S00_AXI_inst/Rfc8439_core/u_poly1305/mac_tag_reg[87]_i_1/CO[3]
                         net (fo=1, routed)           0.000    11.534    design_1_i/RFC8439_0/inst/RFC8439_v1_0_S00_AXI_inst/Rfc8439_core/u_poly1305/mac_tag_reg[87]_i_1_n_0
    SLICE_X31Y44         CARRY4 (Prop_carry4_CI_CO[3])
                                                      0.114    11.648 r  design_1_i/RFC8439_0/inst/RFC8439_v1_0_S00_AXI_inst/Rfc8439_core/u_poly1305/mac_tag_reg[91]_i_1/CO[3]
                         net (fo=1, routed)           0.000    11.648    design_1_i/RFC8439_0/inst/RFC8439_v1_0_S00_AXI_inst/Rfc8439_core/u_poly1305/mac_tag_reg[91]_i_1_n_0
    SLICE_X31Y45         CARRY4 (Prop_carry4_CI_CO[3])
                                                      0.114    11.762 r  design_1_i/RFC8439_0/inst/RFC8439_v1_0_S00_AXI_inst/Rfc8439_core/u_poly1305/mac_tag_reg[95]_i_1/CO[3]
                         net (fo=1, routed)           0.000    11.762    design_1_i/RFC8439_0/inst/RFC8439_v1_0_S00_AXI_inst/Rfc8439_core/u_poly1305/mac_tag_reg[95]_i_1_n_0
    SLICE_X31Y46         CARRY4 (Prop_carry4_CI_CO[3])
                                                      0.114    11.876 r  design_1_i/RFC8439_0/inst/RFC8439_v1_0_S00_AXI_inst/Rfc8439_core/u_poly1305/mac_tag_reg[99]_i_1/CO[3]
                         net (fo=1, routed)           0.000    11.876    design_1_i/RFC8439_0/inst/RFC8439_v1_0_S00_AXI_inst/Rfc8439_core/u_poly1305/mac_tag_reg[99]_i_1_n_0
    SLICE_X31Y47         CARRY4 (Prop_carry4_CI_CO[3])
                                                      0.114    11.990 r  design_1_i/RFC8439_0/inst/RFC8439_v1_0_S00_AXI_inst/Rfc8439_core/u_poly1305/mac_tag_reg[103]_i_1/CO[3]
                         net (fo=1, routed)           0.000    11.990    design_1_i/RFC8439_0/inst/RFC8439_v1_0_S00_AXI_inst/Rfc8439_core/u_poly1305/mac_tag_reg[103]_i_1_n_0
    SLICE_X31Y48         CARRY4 (Prop_carry4_CI_CO[3])
                                                      0.114    12.104 r  design_1_i/RFC8439_0/inst/RFC8439_v1_0_S00_AXI_inst/Rfc8439_core/u_poly1305/mac_tag_reg[107]_i_1/CO[3]
                         net (fo=1, routed)           0.000    12.104    design_1_i/RFC8439_0/inst/RFC8439_v1_0_S00_AXI_inst/Rfc8439_core/u_poly1305/mac_tag_reg[107]_i_1_n_0
    SLICE_X31Y49         CARRY4 (Prop_carry4_CI_CO[3])
                                                      0.114    12.218 r  design_1_i/RFC8439_0/inst/RFC8439_v1_0_S00_AXI_inst/Rfc8439_core/u_poly1305/mac_tag_reg[111]_i_1/CO[3]
                         net (fo=1, routed)           0.001    12.218    design_1_i/RFC8439_0/inst/RFC8439_v1_0_S00_AXI_inst/Rfc8439_core/u_poly1305/mac_tag_reg[111]_i_1_n_0
    SLICE_X31Y50         CARRY4 (Prop_carry4_CI_CO[3])
                                                      0.114    12.332 r  design_1_i/RFC8439_0/inst/RFC8439_v1_0_S00_AXI_inst/Rfc8439_core/u_poly1305/mac_tag_reg[115]_i_1/CO[3]
                         net (fo=1, routed)           0.000    12.332    design_1_i/RFC8439_0/inst/RFC8439_v1_0_S00_AXI_inst/Rfc8439_core/u_poly1305/mac_tag_reg[115]_i_1_n_0
    SLICE_X31Y51         CARRY4 (Prop_carry4_CI_CO[3])
                                                      0.114    12.446 r  design_1_i/RFC8439_0/inst/RFC8439_v1_0_S00_AXI_inst/Rfc8439_core/u_poly1305/mac_tag_reg[119]_i_1/CO[3]
                         net (fo=1, routed)           0.000    12.446    design_1_i/RFC8439_0/inst/RFC8439_v1_0_S00_AXI_inst/Rfc8439_core/u_poly1305/mac_tag_reg[119]_i_1_n_0
    SLICE_X31Y52         CARRY4 (Prop_carry4_CI_CO[3])
                                                      0.114    12.560 r  design_1_i/RFC8439_0/inst/RFC8439_v1_0_S00_AXI_inst/Rfc8439_core/u_poly1305/mac_tag_reg[123]_i_1/CO[3]
                         net (fo=1, routed)           0.000    12.560    design_1_i/RFC8439_0/inst/RFC8439_v1_0_S00_AXI_inst/Rfc8439_core/u_poly1305/mac_tag_reg[123]_i_1_n_0
    SLICE_X31Y53         CARRY4 (Prop_carry4_CI_O[3])
                                                      0.313    12.873 r  design_1_i/RFC8439_0/inst/RFC8439_v1_0_S00_AXI_inst/Rfc8439_core/u_poly1305/mac_tag_reg[127]_i_2/O[3]
                         net (fo=1, routed)           0.000    12.873    design_1_i/RFC8439_0/inst/RFC8439_v1_0_S00_AXI_inst/Rfc8439_core/u_poly1305/mac_tag_reg[127]_i_2_n_4
    SLICE_X31Y53         FDCE                                         r  design_1_i/RFC8439_0/inst/RFC8439_v1_0_S00_AXI_inst/Rfc8439_core/u_poly1305/mac_tag_reg[127]/D
  -------------------------------------------------------------------    -------------------

                         (clock clk_fpga_0 rise edge)
                                                     10.000    10.000 r  
    PS7_X0Y0             PS7                          0.000    10.000 r  design_1_i/processing_system7_0/inst/PS7_i/FCLKCLK[0]
                         net (fo=1, routed)           1.088    11.088    design_1_i/processing_system7_0/inst/FCLK_CLK_unbuffered[0]
    BUFGCTRL_X0Y17       BUFG (Prop_bufg_I_O)         0.091    11.179 r  design_1_i/processing_system7_0/inst/buffer_fclk_clk_0.FCLK_CLK_0_BUFG_replica/O
                         net (fo=3, routed)           0.133    11.312    design_1_i/processing_system7_0/inst/FCLK_CLK0_repN
    BUFGCTRL_X0Y16       BUFG (Prop_bufg_I_O)         0.091    11.403 r  design_1_i/processing_system7_0/inst/buffer_fclk_clk_0.FCLK_CLK_0_BUFG/O
                         net (fo=13921, routed)       1.525    12.928    design_1_i/RFC8439_0/inst/RFC8439_v1_0_S00_AXI_inst/Rfc8439_core/u_poly1305/s00_axi_aclk
    SLICE_X31Y53         FDCE                                         r  design_1_i/RFC8439_0/inst/RFC8439_v1_0_S00_AXI_inst/Rfc8439_core/u_poly1305/mac_tag_reg[127]/C
                         clock pessimism              0.115    13.043    
                         clock uncertainty           -0.154    12.889    
    SLICE_X31Y53         FDCE (Setup_fdce_C_D)        0.062    12.951    design_1_i/RFC8439_0/inst/RFC8439_v1_0_S00_AXI_inst/Rfc8439_core/u_poly1305/mac_tag_reg[127]
  -------------------------------------------------------------------
                         required time                         12.951    
                         arrival time                         -12.873    
  -------------------------------------------------------------------
                         slack                                  0.077    

Slack (MET) :             0.097ns  (required time - arrival time)
  Source:                 design_1_i/RFC8439_0/inst/RFC8439_v1_0_S00_AXI_inst/Rfc8439_core/u_poly1305/r2_reg[14]/C
                            (rising edge-triggered cell FDCE clocked by clk_fpga_0  {rise@0.000ns fall@5.000ns period=10.000ns})
  Destination:            design_1_i/RFC8439_0/inst/RFC8439_v1_0_S00_AXI_inst/Rfc8439_core/u_poly1305/p42_reg[55]/D
                            (rising edge-triggered cell FDRE clocked by clk_fpga_0  {rise@0.000ns fall@5.000ns period=10.000ns})
  Path Group:             clk_fpga_0
  Path Type:              Setup (Max at Slow Process Corner)
  Requirement:            10.000ns  (clk_fpga_0 rise@10.000ns - clk_fpga_0 rise@0.000ns)
  Data Path Delay:        9.695ns  (logic 7.301ns (75.304%)  route 2.394ns (24.696%))
  Logic Levels:           9  (CARRY4=6 DSP48E1=2 LUT2=1)
  Clock Path Skew:        -0.116ns (DCD - SCD + CPR)
    Destination Clock Delay (DCD):    2.984ns = ( 12.984 - 10.000 ) 
    Source Clock Delay      (SCD):    3.238ns
    Clock Pessimism Removal (CPR):    0.138ns
  Clock Uncertainty:      0.154ns  ((TSJ^2 + TIJ^2)^1/2 + DJ) / 2 + PE
    Total System Jitter     (TSJ):    0.071ns
    Total Input Jitter      (TIJ):    0.300ns
    Discrete Jitter          (DJ):    0.000ns
    Phase Error              (PE):    0.000ns

    Location             Delay type                Incr(ns)  Path(ns)    Netlist Resource(s)
  -------------------------------------------------------------------    -------------------
                         (clock clk_fpga_0 rise edge)
                                                      0.000     0.000 r  
    PS7_X0Y0             PS7                          0.000     0.000 r  design_1_i/processing_system7_0/inst/PS7_i/FCLKCLK[0]
                         net (fo=1, routed)           1.193     1.193    design_1_i/processing_system7_0/inst/FCLK_CLK_unbuffered[0]
    BUFGCTRL_X0Y17       BUFG (Prop_bufg_I_O)         0.101     1.294 r  design_1_i/processing_system7_0/inst/buffer_fclk_clk_0.FCLK_CLK_0_BUFG_replica/O
                         net (fo=3, routed)           0.146     1.440    design_1_i/processing_system7_0/inst/FCLK_CLK0_repN
    BUFGCTRL_X0Y16       BUFG (Prop_bufg_I_O)         0.101     1.541 r  design_1_i/processing_system7_0/inst/buffer_fclk_clk_0.FCLK_CLK_0_BUFG/O
                         net (fo=13921, routed)       1.697     3.238    design_1_i/RFC8439_0/inst/RFC8439_v1_0_S00_AXI_inst/Rfc8439_core/u_poly1305/s00_axi_aclk
    SLICE_X31Y60         FDCE                                         r  design_1_i/RFC8439_0/inst/RFC8439_v1_0_S00_AXI_inst/Rfc8439_core/u_poly1305/r2_reg[14]/C
  -------------------------------------------------------------------    -------------------
    SLICE_X31Y60         FDCE (Prop_fdce_C_Q)         0.456     3.694 r  design_1_i/RFC8439_0/inst/RFC8439_v1_0_S00_AXI_inst/Rfc8439_core/u_poly1305/r2_reg[14]/Q
                         net (fo=4, routed)           1.521     5.215    design_1_i/RFC8439_0/inst/RFC8439_v1_0_S00_AXI_inst/Rfc8439_core/u_poly1305/r2[14]
    DSP48_X0Y18          DSP48E1 (Prop_dsp48e1_A[14]_PCOUT[47])
                                                      4.036     9.251 r  design_1_i/RFC8439_0/inst/RFC8439_v1_0_S00_AXI_inst/Rfc8439_core/u_poly1305/p420/PCOUT[47]
                         net (fo=1, routed)           0.002     9.253    design_1_i/RFC8439_0/inst/RFC8439_v1_0_S00_AXI_inst/Rfc8439_core/u_poly1305/p420_n_106
    DSP48_X0Y19          DSP48E1 (Prop_dsp48e1_PCIN[47]_P[0])
                                                      1.518    10.771 r  design_1_i/RFC8439_0/inst/RFC8439_v1_0_S00_AXI_inst/Rfc8439_core/u_poly1305/p420__0/P[0]
                         net (fo=1, routed)           0.871    11.642    design_1_i/RFC8439_0/inst/RFC8439_v1_0_S00_AXI_inst/Rfc8439_core/u_poly1305/p420__0_n_105
    SLICE_X11Y39         LUT2 (Prop_lut2_I1_O)        0.124    11.766 r  design_1_i/RFC8439_0/inst/RFC8439_v1_0_S00_AXI_inst/Rfc8439_core/u_poly1305/p42[35]_i_3/O
                         net (fo=1, routed)           0.000    11.766    design_1_i/RFC8439_0/inst/RFC8439_v1_0_S00_AXI_inst/Rfc8439_core/u_poly1305/p42[35]_i_3_n_0
    SLICE_X11Y39         CARRY4 (Prop_carry4_S[2]_CO[3])
                                                      0.398    12.164 r  design_1_i/RFC8439_0/inst/RFC8439_v1_0_S00_AXI_inst/Rfc8439_core/u_poly1305/p42_reg[35]_i_1/CO[3]
                         net (fo=1, routed)           0.000    12.164    design_1_i/RFC8439_0/inst/RFC8439_v1_0_S00_AXI_inst/Rfc8439_core/u_poly1305/p42_reg[35]_i_1_n_0
    SLICE_X11Y40         CARRY4 (Prop_carry4_CI_CO[3])
                                                      0.114    12.278 r  design_1_i/RFC8439_0/inst/RFC8439_v1_0_S00_AXI_inst/Rfc8439_core/u_poly1305/p42_reg[39]_i_1/CO[3]
                         net (fo=1, routed)           0.000    12.278    design_1_i/RFC8439_0/inst/RFC8439_v1_0_S00_AXI_inst/Rfc8439_core/u_poly1305/p42_reg[39]_i_1_n_0
    SLICE_X11Y41         CARRY4 (Prop_carry4_CI_CO[3])
                                                      0.114    12.392 r  design_1_i/RFC8439_0/inst/RFC8439_v1_0_S00_AXI_inst/Rfc8439_core/u_poly1305/p42_reg[43]_i_1/CO[3]
                         net (fo=1, routed)           0.000    12.392    design_1_i/RFC8439_0/inst/RFC8439_v1_0_S00_AXI_inst/Rfc8439_core/u_poly1305/p42_reg[43]_i_1_n_0
    SLICE_X11Y42         CARRY4 (Prop_carry4_CI_CO[3])
                                                      0.114    12.506 r  design_1_i/RFC8439_0/inst/RFC8439_v1_0_S00_AXI_inst/Rfc8439_core/u_poly1305/p42_reg[47]_i_1/CO[3]
                         net (fo=1, routed)           0.000    12.506    design_1_i/RFC8439_0/inst/RFC8439_v1_0_S00_AXI_inst/Rfc8439_core/u_poly1305/p42_reg[47]_i_1_n_0
    SLICE_X11Y43         CARRY4 (Prop_carry4_CI_CO[3])
                                                      0.114    12.620 r  design_1_i/RFC8439_0/inst/RFC8439_v1_0_S00_AXI_inst/Rfc8439_core/u_poly1305/p42_reg[51]_i_1/CO[3]
                         net (fo=1, routed)           0.000    12.620    design_1_i/RFC8439_0/inst/RFC8439_v1_0_S00_AXI_inst/Rfc8439_core/u_poly1305/p42_reg[51]_i_1_n_0
    SLICE_X11Y44         CARRY4 (Prop_carry4_CI_O[3])
                                                      0.313    12.933 r  design_1_i/RFC8439_0/inst/RFC8439_v1_0_S00_AXI_inst/Rfc8439_core/u_poly1305/p42_reg[55]_i_1/O[3]
                         net (fo=1, routed)           0.000    12.933    design_1_i/RFC8439_0/inst/RFC8439_v1_0_S00_AXI_inst/Rfc8439_core/u_poly1305/p420__3[55]
    SLICE_X11Y44         FDRE                                         r  design_1_i/RFC8439_0/inst/RFC8439_v1_0_S00_AXI_inst/Rfc8439_core/u_poly1305/p42_reg[55]/D
  -------------------------------------------------------------------    -------------------

                         (clock clk_fpga_0 rise edge)
                                                     10.000    10.000 r  
    PS7_X0Y0             PS7                          0.000    10.000 r  design_1_i/processing_system7_0/inst/PS7_i/FCLKCLK[0]
                         net (fo=1, routed)           1.088    11.088    design_1_i/processing_system7_0/inst/FCLK_CLK_unbuffered[0]
    BUFGCTRL_X0Y17       BUFG (Prop_bufg_I_O)         0.091    11.179 r  design_1_i/processing_system7_0/inst/buffer_fclk_clk_0.FCLK_CLK_0_BUFG_replica/O
                         net (fo=3, routed)           0.133    11.312    design_1_i/processing_system7_0/inst/FCLK_CLK0_repN
    BUFGCTRL_X0Y16       BUFG (Prop_bufg_I_O)         0.091    11.403 r  design_1_i/processing_system7_0/inst/buffer_fclk_clk_0.FCLK_CLK_0_BUFG/O
                         net (fo=13921, routed)       1.581    12.984    design_1_i/RFC8439_0/inst/RFC8439_v1_0_S00_AXI_inst/Rfc8439_core/u_poly1305/s00_axi_aclk
    SLICE_X11Y44         FDRE                                         r  design_1_i/RFC8439_0/inst/RFC8439_v1_0_S00_AXI_inst/Rfc8439_core/u_poly1305/p42_reg[55]/C
                         clock pessimism              0.138    13.122    
                         clock uncertainty           -0.154    12.968    
    SLICE_X11Y44         FDRE (Setup_fdre_C_D)        0.062    13.030    design_1_i/RFC8439_0/inst/RFC8439_v1_0_S00_AXI_inst/Rfc8439_core/u_poly1305/p42_reg[55]
  -------------------------------------------------------------------
                         required time                         13.030    
                         arrival time                         -12.933    
  -------------------------------------------------------------------
                         slack                                  0.097    

Slack (MET) :             0.151ns  (required time - arrival time)
  Source:                 design_1_i/RFC8439_0/inst/RFC8439_v1_0_S00_AXI_inst/Rfc8439_core/u_poly1305/h_full_reg[0]/C
                            (rising edge-triggered cell FDCE clocked by clk_fpga_0  {rise@0.000ns fall@5.000ns period=10.000ns})
  Destination:            design_1_i/RFC8439_0/inst/RFC8439_v1_0_S00_AXI_inst/Rfc8439_core/u_poly1305/mac_tag_reg[126]/D
                            (rising edge-triggered cell FDCE clocked by clk_fpga_0  {rise@0.000ns fall@5.000ns period=10.000ns})
  Path Group:             clk_fpga_0
  Path Type:              Setup (Max at Slow Process Corner)
  Requirement:            10.000ns  (clk_fpga_0 rise@10.000ns - clk_fpga_0 rise@0.000ns)
  Data Path Delay:        9.772ns  (logic 7.742ns (79.224%)  route 2.030ns (20.776%))
  Logic Levels:           51  (CARRY4=49 LUT2=2)
  Clock Path Skew:        0.016ns (DCD - SCD + CPR)
    Destination Clock Delay (DCD):    2.928ns = ( 12.928 - 10.000 ) 
    Source Clock Delay      (SCD):    3.027ns
    Clock Pessimism Removal (CPR):    0.115ns
  Clock Uncertainty:      0.154ns  ((TSJ^2 + TIJ^2)^1/2 + DJ) / 2 + PE
    Total System Jitter     (TSJ):    0.071ns
    Total Input Jitter      (TIJ):    0.300ns
    Discrete Jitter          (DJ):    0.000ns
    Phase Error              (PE):    0.000ns

    Location             Delay type                Incr(ns)  Path(ns)    Netlist Resource(s)
  -------------------------------------------------------------------    -------------------
                         (clock clk_fpga_0 rise edge)
                                                      0.000     0.000 r  
    PS7_X0Y0             PS7                          0.000     0.000 r  design_1_i/processing_system7_0/inst/PS7_i/FCLKCLK[0]
                         net (fo=1, routed)           1.193     1.193    design_1_i/processing_system7_0/inst/FCLK_CLK_unbuffered[0]
    BUFGCTRL_X0Y17       BUFG (Prop_bufg_I_O)         0.101     1.294 r  design_1_i/processing_system7_0/inst/buffer_fclk_clk_0.FCLK_CLK_0_BUFG_replica/O
                         net (fo=3, routed)           1.733     3.027    design_1_i/RFC8439_0/inst/RFC8439_v1_0_S00_AXI_inst/Rfc8439_core/u_poly1305/FCLK_CLK0_repN_alias
    SLICE_X31Y21         FDCE                                         r  design_1_i/RFC8439_0/inst/RFC8439_v1_0_S00_AXI_inst/Rfc8439_core/u_poly1305/h_full_reg[0]/C
  -------------------------------------------------------------------    -------------------
    SLICE_X31Y21         FDCE (Prop_fdce_C_Q)         0.456     3.483 r  design_1_i/RFC8439_0/inst/RFC8439_v1_0_S00_AXI_inst/Rfc8439_core/u_poly1305/h_full_reg[0]/Q
                         net (fo=2, routed)           0.294     3.777    design_1_i/RFC8439_0/inst/RFC8439_v1_0_S00_AXI_inst/Rfc8439_core/u_poly1305/h_full[0]
    SLICE_X30Y21         LUT2 (Prop_lut2_I0_O)        0.124     3.901 r  design_1_i/RFC8439_0/inst/RFC8439_v1_0_S00_AXI_inst/Rfc8439_core/u_poly1305/mac_tag[3]_i_86/O
                         net (fo=1, routed)           0.473     4.374    design_1_i/RFC8439_0/inst/RFC8439_v1_0_S00_AXI_inst/Rfc8439_core/u_poly1305/mac_tag[3]_i_86_n_0
    SLICE_X30Y24         CARRY4 (Prop_carry4_CYINIT_CO[3])
                                                      0.595     4.969 r  design_1_i/RFC8439_0/inst/RFC8439_v1_0_S00_AXI_inst/Rfc8439_core/u_poly1305/mac_tag_reg[3]_i_81/CO[3]
                         net (fo=1, routed)           0.009     4.978    design_1_i/RFC8439_0/inst/RFC8439_v1_0_S00_AXI_inst/Rfc8439_core/u_poly1305/mac_tag_reg[3]_i_81_n_0
    SLICE_X30Y25         CARRY4 (Prop_carry4_CI_CO[3])
                                                      0.117     5.095 r  design_1_i/RFC8439_0/inst/RFC8439_v1_0_S00_AXI_inst/Rfc8439_core/u_poly1305/mac_tag_reg[3]_i_76/CO[3]
                         net (fo=1, routed)           0.000     5.095    design_1_i/RFC8439_0/inst/RFC8439_v1_0_S00_AXI_inst/Rfc8439_core/u_poly1305/mac_tag_reg[3]_i_76_n_0
    SLICE_X30Y26         CARRY4 (Prop_carry4_CI_CO[3])
                                                      0.117     5.212 r  design_1_i/RFC8439_0/inst/RFC8439_v1_0_S00_AXI_inst/Rfc8439_core/u_poly1305/mac_tag_reg[3]_i_71/CO[3]
                         net (fo=1, routed)           0.000     5.212    design_1_i/RFC8439_0/inst/RFC8439_v1_0_S00_AXI_inst/Rfc8439_core/u_poly1305/mac_tag_reg[3]_i_71_n_0
    SLICE_X30Y27         CARRY4 (Prop_carry4_CI_CO[3])
                                                      0.117     5.329 r  design_1_i/RFC8439_0/inst/RFC8439_v1_0_S00_AXI_inst/Rfc8439_core/u_poly1305/mac_tag_reg[3]_i_66/CO[3]
                         net (fo=1, routed)           0.000     5.329    design_1_i/RFC8439_0/inst/RFC8439_v1_0_S00_AXI_inst/Rfc8439_core/u_poly1305/mac_tag_reg[3]_i_66_n_0
    SLICE_X30Y28         CARRY4 (Prop_carry4_CI_CO[3])
                                                      0.117     5.446 r  design_1_i/RFC8439_0/inst/RFC8439_v1_0_S00_AXI_inst/Rfc8439_core/u_poly1305/mac_tag_reg[3]_i_61/CO[3]
                         net (fo=1, routed)           0.000     5.446    design_1_i/RFC8439_0/inst/RFC8439_v1_0_S00_AXI_inst/Rfc8439_core/u_poly1305/mac_tag_reg[3]_i_61_n_0
    SLICE_X30Y29         CARRY4 (Prop_carry4_CI_CO[3])
                                                      0.117     5.563 r  design_1_i/RFC8439_0/inst/RFC8439_v1_0_S00_AXI_inst/Rfc8439_core/u_poly1305/mac_tag_reg[3]_i_56/CO[3]
                         net (fo=1, routed)           0.000     5.563    design_1_i/RFC8439_0/inst/RFC8439_v1_0_S00_AXI_inst/Rfc8439_core/u_poly1305/mac_tag_reg[3]_i_56_n_0
    SLICE_X30Y30         CARRY4 (Prop_carry4_CI_CO[3])
                                                      0.117     5.680 r  design_1_i/RFC8439_0/inst/RFC8439_v1_0_S00_AXI_inst/Rfc8439_core/u_poly1305/mac_tag_reg[3]_i_51/CO[3]
                         net (fo=1, routed)           0.000     5.680    design_1_i/RFC8439_0/inst/RFC8439_v1_0_S00_AXI_inst/Rfc8439_core/u_poly1305/mac_tag_reg[3]_i_51_n_0
    SLICE_X30Y31         CARRY4 (Prop_carry4_CI_CO[3])
                                                      0.117     5.797 r  design_1_i/RFC8439_0/inst/RFC8439_v1_0_S00_AXI_inst/Rfc8439_core/u_poly1305/mac_tag_reg[3]_i_46/CO[3]
                         net (fo=1, routed)           0.000     5.797    design_1_i/RFC8439_0/inst/RFC8439_v1_0_S00_AXI_inst/Rfc8439_core/u_poly1305/mac_tag_reg[3]_i_46_n_0
    SLICE_X30Y32         CARRY4 (Prop_carry4_CI_CO[3])
                                                      0.117     5.914 r  design_1_i/RFC8439_0/inst/RFC8439_v1_0_S00_AXI_inst/Rfc8439_core/u_poly1305/mac_tag_reg[3]_i_41/CO[3]
                         net (fo=1, routed)           0.000     5.914    design_1_i/RFC8439_0/inst/RFC8439_v1_0_S00_AXI_inst/Rfc8439_core/u_poly1305/mac_tag_reg[3]_i_41_n_0
    SLICE_X30Y33         CARRY4 (Prop_carry4_CI_CO[3])
                                                      0.117     6.031 r  design_1_i/RFC8439_0/inst/RFC8439_v1_0_S00_AXI_inst/Rfc8439_core/u_poly1305/mac_tag_reg[3]_i_36/CO[3]
                         net (fo=1, routed)           0.000     6.031    design_1_i/RFC8439_0/inst/RFC8439_v1_0_S00_AXI_inst/Rfc8439_core/u_poly1305/mac_tag_reg[3]_i_36_n_0
    SLICE_X30Y34         CARRY4 (Prop_carry4_CI_CO[3])
                                                      0.117     6.148 r  design_1_i/RFC8439_0/inst/RFC8439_v1_0_S00_AXI_inst/Rfc8439_core/u_poly1305/mac_tag_reg[3]_i_31/CO[3]
                         net (fo=1, routed)           0.000     6.148    design_1_i/RFC8439_0/inst/RFC8439_v1_0_S00_AXI_inst/Rfc8439_core/u_poly1305/mac_tag_reg[3]_i_31_n_0
    SLICE_X30Y35         CARRY4 (Prop_carry4_CI_CO[3])
                                                      0.117     6.265 r  design_1_i/RFC8439_0/inst/RFC8439_v1_0_S00_AXI_inst/Rfc8439_core/u_poly1305/mac_tag_reg[3]_i_26/CO[3]
                         net (fo=1, routed)           0.000     6.265    design_1_i/RFC8439_0/inst/RFC8439_v1_0_S00_AXI_inst/Rfc8439_core/u_poly1305/mac_tag_reg[3]_i_26_n_0
    SLICE_X30Y36         CARRY4 (Prop_carry4_CI_CO[3])
                                                      0.117     6.382 r  design_1_i/RFC8439_0/inst/RFC8439_v1_0_S00_AXI_inst/Rfc8439_core/u_poly1305/mac_tag_reg[3]_i_21/CO[3]
                         net (fo=1, routed)           0.000     6.382    design_1_i/RFC8439_0/inst/RFC8439_v1_0_S00_AXI_inst/Rfc8439_core/u_poly1305/mac_tag_reg[3]_i_21_n_0
    SLICE_X30Y37         CARRY4 (Prop_carry4_CI_CO[3])
                                                      0.117     6.499 r  design_1_i/RFC8439_0/inst/RFC8439_v1_0_S00_AXI_inst/Rfc8439_core/u_poly1305/mac_tag_reg[3]_i_16/CO[3]
                         net (fo=1, routed)           0.000     6.499    design_1_i/RFC8439_0/inst/RFC8439_v1_0_S00_AXI_inst/Rfc8439_core/u_poly1305/mac_tag_reg[3]_i_16_n_0
    SLICE_X30Y38         CARRY4 (Prop_carry4_CI_CO[3])
                                                      0.117     6.616 r  design_1_i/RFC8439_0/inst/RFC8439_v1_0_S00_AXI_inst/Rfc8439_core/u_poly1305/mac_tag_reg[3]_i_11/CO[3]
                         net (fo=1, routed)           0.000     6.616    design_1_i/RFC8439_0/inst/RFC8439_v1_0_S00_AXI_inst/Rfc8439_core/u_poly1305/mac_tag_reg[3]_i_11_n_0
    SLICE_X30Y39         CARRY4 (Prop_carry4_CI_CO[3])
                                                      0.117     6.733 r  design_1_i/RFC8439_0/inst/RFC8439_v1_0_S00_AXI_inst/Rfc8439_core/u_poly1305/mac_tag_reg[3]_i_8/CO[3]
                         net (fo=1, routed)           0.000     6.733    design_1_i/RFC8439_0/inst/RFC8439_v1_0_S00_AXI_inst/Rfc8439_core/u_poly1305/mac_tag_reg[3]_i_8_n_0
    SLICE_X30Y40         CARRY4 (Prop_carry4_CI_CO[0])
                                                      0.254     6.987 r  design_1_i/RFC8439_0/inst/RFC8439_v1_0_S00_AXI_inst/Rfc8439_core/u_poly1305/mac_tag_reg[3]_i_3/CO[0]
                         net (fo=4, routed)           1.244     8.232    design_1_i/RFC8439_0/inst/RFC8439_v1_0_S00_AXI_inst/Rfc8439_core/u_poly1305/h_mod1
    SLICE_X31Y22         LUT2 (Prop_lut2_I0_O)        0.367     8.599 r  design_1_i/RFC8439_0/inst/RFC8439_v1_0_S00_AXI_inst/Rfc8439_core/u_poly1305/mac_tag[3]_i_7/O
                         net (fo=1, routed)           0.000     8.599    design_1_i/RFC8439_0/inst/RFC8439_v1_0_S00_AXI_inst/Rfc8439_core/u_poly1305/mac_tag[3]_i_7_n_0
    SLICE_X31Y22         CARRY4 (Prop_carry4_S[0]_CO[3])
                                                      0.532     9.131 r  design_1_i/RFC8439_0/inst/RFC8439_v1_0_S00_AXI_inst/Rfc8439_core/u_poly1305/mac_tag_reg[3]_i_1/CO[3]
                         net (fo=1, routed)           0.000     9.131    design_1_i/RFC8439_0/inst/RFC8439_v1_0_S00_AXI_inst/Rfc8439_core/u_poly1305/mac_tag_reg[3]_i_1_n_0
    SLICE_X31Y23         CARRY4 (Prop_carry4_CI_CO[3])
                                                      0.114     9.245 r  design_1_i/RFC8439_0/inst/RFC8439_v1_0_S00_AXI_inst/Rfc8439_core/u_poly1305/mac_tag_reg[7]_i_1/CO[3]
                         net (fo=1, routed)           0.000     9.245    design_1_i/RFC8439_0/inst/RFC8439_v1_0_S00_AXI_inst/Rfc8439_core/u_poly1305/mac_tag_reg[7]_i_1_n_0
    SLICE_X31Y24         CARRY4 (Prop_carry4_CI_CO[3])
                                                      0.114     9.359 r  design_1_i/RFC8439_0/inst/RFC8439_v1_0_S00_AXI_inst/Rfc8439_core/u_poly1305/mac_tag_reg[11]_i_1/CO[3]
                         net (fo=1, routed)           0.009     9.368    design_1_i/RFC8439_0/inst/RFC8439_v1_0_S00_AXI_inst/Rfc8439_core/u_poly1305/mac_tag_reg[11]_i_1_n_0
    SLICE_X31Y25         CARRY4 (Prop_carry4_CI_CO[3])
                                                      0.114     9.482 r  design_1_i/RFC8439_0/inst/RFC8439_v1_0_S00_AXI_inst/Rfc8439_core/u_poly1305/mac_tag_reg[15]_i_1/CO[3]
                         net (fo=1, routed)           0.000     9.482    design_1_i/RFC8439_0/inst/RFC8439_v1_0_S00_AXI_inst/Rfc8439_core/u_poly1305/mac_tag_reg[15]_i_1_n_0
    SLICE_X31Y26         CARRY4 (Prop_carry4_CI_CO[3])
                                                      0.114     9.596 r  design_1_i/RFC8439_0/inst/RFC8439_v1_0_S00_AXI_inst/Rfc8439_core/u_poly1305/mac_tag_reg[19]_i_1/CO[3]
                         net (fo=1, routed)           0.000     9.596    design_1_i/RFC8439_0/inst/RFC8439_v1_0_S00_AXI_inst/Rfc8439_core/u_poly1305/mac_tag_reg[19]_i_1_n_0
    SLICE_X31Y27         CARRY4 (Prop_carry4_CI_CO[3])
                                                      0.114     9.710 r  design_1_i/RFC8439_0/inst/RFC8439_v1_0_S00_AXI_inst/Rfc8439_core/u_poly1305/mac_tag_reg[23]_i_1/CO[3]
                         net (fo=1, routed)           0.000     9.710    design_1_i/RFC8439_0/inst/RFC8439_v1_0_S00_AXI_inst/Rfc8439_core/u_poly1305/mac_tag_reg[23]_i_1_n_0
    SLICE_X31Y28         CARRY4 (Prop_carry4_CI_CO[3])
                                                      0.114     9.824 r  design_1_i/RFC8439_0/inst/RFC8439_v1_0_S00_AXI_inst/Rfc8439_core/u_poly1305/mac_tag_reg[27]_i_1/CO[3]
                         net (fo=1, routed)           0.000     9.824    design_1_i/RFC8439_0/inst/RFC8439_v1_0_S00_AXI_inst/Rfc8439_core/u_poly1305/mac_tag_reg[27]_i_1_n_0
    SLICE_X31Y29         CARRY4 (Prop_carry4_CI_CO[3])
                                                      0.114     9.938 r  design_1_i/RFC8439_0/inst/RFC8439_v1_0_S00_AXI_inst/Rfc8439_core/u_poly1305/mac_tag_reg[31]_i_1/CO[3]
                         net (fo=1, routed)           0.000     9.938    design_1_i/RFC8439_0/inst/RFC8439_v1_0_S00_AXI_inst/Rfc8439_core/u_poly1305/mac_tag_reg[31]_i_1_n_0
    SLICE_X31Y30         CARRY4 (Prop_carry4_CI_CO[3])
                                                      0.114    10.052 r  design_1_i/RFC8439_0/inst/RFC8439_v1_0_S00_AXI_inst/Rfc8439_core/u_poly1305/mac_tag_reg[35]_i_1/CO[3]
                         net (fo=1, routed)           0.000    10.052    design_1_i/RFC8439_0/inst/RFC8439_v1_0_S00_AXI_inst/Rfc8439_core/u_poly1305/mac_tag_reg[35]_i_1_n_0
    SLICE_X31Y31         CARRY4 (Prop_carry4_CI_CO[3])
                                                      0.114    10.166 r  design_1_i/RFC8439_0/inst/RFC8439_v1_0_S00_AXI_inst/Rfc8439_core/u_poly1305/mac_tag_reg[39]_i_1/CO[3]
                         net (fo=1, routed)           0.000    10.166    design_1_i/RFC8439_0/inst/RFC8439_v1_0_S00_AXI_inst/Rfc8439_core/u_poly1305/mac_tag_reg[39]_i_1_n_0
    SLICE_X31Y32         CARRY4 (Prop_carry4_CI_CO[3])
                                                      0.114    10.280 r  design_1_i/RFC8439_0/inst/RFC8439_v1_0_S00_AXI_inst/Rfc8439_core/u_poly1305/mac_tag_reg[43]_i_1/CO[3]
                         net (fo=1, routed)           0.000    10.280    design_1_i/RFC8439_0/inst/RFC8439_v1_0_S00_AXI_inst/Rfc8439_core/u_poly1305/mac_tag_reg[43]_i_1_n_0
    SLICE_X31Y33         CARRY4 (Prop_carry4_CI_CO[3])
                                                      0.114    10.394 r  design_1_i/RFC8439_0/inst/RFC8439_v1_0_S00_AXI_inst/Rfc8439_core/u_poly1305/mac_tag_reg[47]_i_1/CO[3]
                         net (fo=1, routed)           0.000    10.394    design_1_i/RFC8439_0/inst/RFC8439_v1_0_S00_AXI_inst/Rfc8439_core/u_poly1305/mac_tag_reg[47]_i_1_n_0
    SLICE_X31Y34         CARRY4 (Prop_carry4_CI_CO[3])
                                                      0.114    10.508 r  design_1_i/RFC8439_0/inst/RFC8439_v1_0_S00_AXI_inst/Rfc8439_core/u_poly1305/mac_tag_reg[51]_i_1/CO[3]
                         net (fo=1, routed)           0.000    10.508    design_1_i/RFC8439_0/inst/RFC8439_v1_0_S00_AXI_inst/Rfc8439_core/u_poly1305/mac_tag_reg[51]_i_1_n_0
    SLICE_X31Y35         CARRY4 (Prop_carry4_CI_CO[3])
                                                      0.114    10.622 r  design_1_i/RFC8439_0/inst/RFC8439_v1_0_S00_AXI_inst/Rfc8439_core/u_poly1305/mac_tag_reg[55]_i_1/CO[3]
                         net (fo=1, routed)           0.000    10.622    design_1_i/RFC8439_0/inst/RFC8439_v1_0_S00_AXI_inst/Rfc8439_core/u_poly1305/mac_tag_reg[55]_i_1_n_0
    SLICE_X31Y36         CARRY4 (Prop_carry4_CI_CO[3])
                                                      0.114    10.736 r  design_1_i/RFC8439_0/inst/RFC8439_v1_0_S00_AXI_inst/Rfc8439_core/u_poly1305/mac_tag_reg[59]_i_1/CO[3]
                         net (fo=1, routed)           0.000    10.736    design_1_i/RFC8439_0/inst/RFC8439_v1_0_S00_AXI_inst/Rfc8439_core/u_poly1305/mac_tag_reg[59]_i_1_n_0
    SLICE_X31Y37         CARRY4 (Prop_carry4_CI_CO[3])
                                                      0.114    10.850 r  design_1_i/RFC8439_0/inst/RFC8439_v1_0_S00_AXI_inst/Rfc8439_core/u_poly1305/mac_tag_reg[63]_i_1/CO[3]
                         net (fo=1, routed)           0.000    10.850    design_1_i/RFC8439_0/inst/RFC8439_v1_0_S00_AXI_inst/Rfc8439_core/u_poly1305/mac_tag_reg[63]_i_1_n_0
    SLICE_X31Y38         CARRY4 (Prop_carry4_CI_CO[3])
                                                      0.114    10.964 r  design_1_i/RFC8439_0/inst/RFC8439_v1_0_S00_AXI_inst/Rfc8439_core/u_poly1305/mac_tag_reg[67]_i_1/CO[3]
                         net (fo=1, routed)           0.000    10.964    design_1_i/RFC8439_0/inst/RFC8439_v1_0_S00_AXI_inst/Rfc8439_core/u_poly1305/mac_tag_reg[67]_i_1_n_0
    SLICE_X31Y39         CARRY4 (Prop_carry4_CI_CO[3])
                                                      0.114    11.078 r  design_1_i/RFC8439_0/inst/RFC8439_v1_0_S00_AXI_inst/Rfc8439_core/u_poly1305/mac_tag_reg[71]_i_1/CO[3]
                         net (fo=1, routed)           0.000    11.078    design_1_i/RFC8439_0/inst/RFC8439_v1_0_S00_AXI_inst/Rfc8439_core/u_poly1305/mac_tag_reg[71]_i_1_n_0
    SLICE_X31Y40         CARRY4 (Prop_carry4_CI_CO[3])
                                                      0.114    11.192 r  design_1_i/RFC8439_0/inst/RFC8439_v1_0_S00_AXI_inst/Rfc8439_core/u_poly1305/mac_tag_reg[75]_i_1/CO[3]
                         net (fo=1, routed)           0.000    11.192    design_1_i/RFC8439_0/inst/RFC8439_v1_0_S00_AXI_inst/Rfc8439_core/u_poly1305/mac_tag_reg[75]_i_1_n_0
    SLICE_X31Y41         CARRY4 (Prop_carry4_CI_CO[3])
                                                      0.114    11.306 r  design_1_i/RFC8439_0/inst/RFC8439_v1_0_S00_AXI_inst/Rfc8439_core/u_poly1305/mac_tag_reg[79]_i_1/CO[3]
                         net (fo=1, routed)           0.000    11.306    design_1_i/RFC8439_0/inst/RFC8439_v1_0_S00_AXI_inst/Rfc8439_core/u_poly1305/mac_tag_reg[79]_i_1_n_0
    SLICE_X31Y42         CARRY4 (Prop_carry4_CI_CO[3])
                                                      0.114    11.420 r  design_1_i/RFC8439_0/inst/RFC8439_v1_0_S00_AXI_inst/Rfc8439_core/u_poly1305/mac_tag_reg[83]_i_1/CO[3]
                         net (fo=1, routed)           0.000    11.420    design_1_i/RFC8439_0/inst/RFC8439_v1_0_S00_AXI_inst/Rfc8439_core/u_poly1305/mac_tag_reg[83]_i_1_n_0
    SLICE_X31Y43         CARRY4 (Prop_carry4_CI_CO[3])
                                                      0.114    11.534 r  design_1_i/RFC8439_0/inst/RFC8439_v1_0_S00_AXI_inst/Rfc8439_core/u_poly1305/mac_tag_reg[87]_i_1/CO[3]
                         net (fo=1, routed)           0.000    11.534    design_1_i/RFC8439_0/inst/RFC8439_v1_0_S00_AXI_inst/Rfc8439_core/u_poly1305/mac_tag_reg[87]_i_1_n_0
    SLICE_X31Y44         CARRY4 (Prop_carry4_CI_CO[3])
                                                      0.114    11.648 r  design_1_i/RFC8439_0/inst/RFC8439_v1_0_S00_AXI_inst/Rfc8439_core/u_poly1305/mac_tag_reg[91]_i_1/CO[3]
                         net (fo=1, routed)           0.000    11.648    design_1_i/RFC8439_0/inst/RFC8439_v1_0_S00_AXI_inst/Rfc8439_core/u_poly1305/mac_tag_reg[91]_i_1_n_0
    SLICE_X31Y45         CARRY4 (Prop_carry4_CI_CO[3])
                                                      0.114    11.762 r  design_1_i/RFC8439_0/inst/RFC8439_v1_0_S00_AXI_inst/Rfc8439_core/u_poly1305/mac_tag_reg[95]_i_1/CO[3]
                         net (fo=1, routed)           0.000    11.762    design_1_i/RFC8439_0/inst/RFC8439_v1_0_S00_AXI_inst/Rfc8439_core/u_poly1305/mac_tag_reg[95]_i_1_n_0
    SLICE_X31Y46         CARRY4 (Prop_carry4_CI_CO[3])
                                                      0.114    11.876 r  design_1_i/RFC8439_0/inst/RFC8439_v1_0_S00_AXI_inst/Rfc8439_core/u_poly1305/mac_tag_reg[99]_i_1/CO[3]
                         net (fo=1, routed)           0.000    11.876    design_1_i/RFC8439_0/inst/RFC8439_v1_0_S00_AXI_inst/Rfc8439_core/u_poly1305/mac_tag_reg[99]_i_1_n_0
    SLICE_X31Y47         CARRY4 (Prop_carry4_CI_CO[3])
                                                      0.114    11.990 r  design_1_i/RFC8439_0/inst/RFC8439_v1_0_S00_AXI_inst/Rfc8439_core/u_poly1305/mac_tag_reg[103]_i_1/CO[3]
                         net (fo=1, routed)           0.000    11.990    design_1_i/RFC8439_0/inst/RFC8439_v1_0_S00_AXI_inst/Rfc8439_core/u_poly1305/mac_tag_reg[103]_i_1_n_0
    SLICE_X31Y48         CARRY4 (Prop_carry4_CI_CO[3])
                                                      0.114    12.104 r  design_1_i/RFC8439_0/inst/RFC8439_v1_0_S00_AXI_inst/Rfc8439_core/u_poly1305/mac_tag_reg[107]_i_1/CO[3]
                         net (fo=1, routed)           0.000    12.104    design_1_i/RFC8439_0/inst/RFC8439_v1_0_S00_AXI_inst/Rfc8439_core/u_poly1305/mac_tag_reg[107]_i_1_n_0
    SLICE_X31Y49         CARRY4 (Prop_carry4_CI_CO[3])
                                                      0.114    12.218 r  design_1_i/RFC8439_0/inst/RFC8439_v1_0_S00_AXI_inst/Rfc8439_core/u_poly1305/mac_tag_reg[111]_i_1/CO[3]
                         net (fo=1, routed)           0.001    12.218    design_1_i/RFC8439_0/inst/RFC8439_v1_0_S00_AXI_inst/Rfc8439_core/u_poly1305/mac_tag_reg[111]_i_1_n_0
    SLICE_X31Y50         CARRY4 (Prop_carry4_CI_CO[3])
                                                      0.114    12.332 r  design_1_i/RFC8439_0/inst/RFC8439_v1_0_S00_AXI_inst/Rfc8439_core/u_poly1305/mac_tag_reg[115]_i_1/CO[3]
                         net (fo=1, routed)           0.000    12.332    design_1_i/RFC8439_0/inst/RFC8439_v1_0_S00_AXI_inst/Rfc8439_core/u_poly1305/mac_tag_reg[115]_i_1_n_0
    SLICE_X31Y51         CARRY4 (Prop_carry4_CI_CO[3])
                                                      0.114    12.446 r  design_1_i/RFC8439_0/inst/RFC8439_v1_0_S00_AXI_inst/Rfc8439_core/u_poly1305/mac_tag_reg[119]_i_1/CO[3]
                         net (fo=1, routed)           0.000    12.446    design_1_i/RFC8439_0/inst/RFC8439_v1_0_S00_AXI_inst/Rfc8439_core/u_poly1305/mac_tag_reg[119]_i_1_n_0
    SLICE_X31Y52         CARRY4 (Prop_carry4_CI_CO[3])
                                                      0.114    12.560 r  design_1_i/RFC8439_0/inst/RFC8439_v1_0_S00_AXI_inst/Rfc8439_core/u_poly1305/mac_tag_reg[123]_i_1/CO[3]
                         net (fo=1, routed)           0.000    12.560    design_1_i/RFC8439_0/inst/RFC8439_v1_0_S00_AXI_inst/Rfc8439_core/u_poly1305/mac_tag_reg[123]_i_1_n_0
    SLICE_X31Y53         CARRY4 (Prop_carry4_CI_O[2])
                                                      0.239    12.799 r  design_1_i/RFC8439_0/inst/RFC8439_v1_0_S00_AXI_inst/Rfc8439_core/u_poly1305/mac_tag_reg[127]_i_2/O[2]
                         net (fo=1, routed)           0.000    12.799    design_1_i/RFC8439_0/inst/RFC8439_v1_0_S00_AXI_inst/Rfc8439_core/u_poly1305/mac_tag_reg[127]_i_2_n_5
    SLICE_X31Y53         FDCE                                         r  design_1_i/RFC8439_0/inst/RFC8439_v1_0_S00_AXI_inst/Rfc8439_core/u_poly1305/mac_tag_reg[126]/D
  -------------------------------------------------------------------    -------------------

                         (clock clk_fpga_0 rise edge)
                                                     10.000    10.000 r  
    PS7_X0Y0             PS7                          0.000    10.000 r  design_1_i/processing_system7_0/inst/PS7_i/FCLKCLK[0]
                         net (fo=1, routed)           1.088    11.088    design_1_i/processing_system7_0/inst/FCLK_CLK_unbuffered[0]
    BUFGCTRL_X0Y17       BUFG (Prop_bufg_I_O)         0.091    11.179 r  design_1_i/processing_system7_0/inst/buffer_fclk_clk_0.FCLK_CLK_0_BUFG_replica/O
                         net (fo=3, routed)           0.133    11.312    design_1_i/processing_system7_0/inst/FCLK_CLK0_repN
    BUFGCTRL_X0Y16       BUFG (Prop_bufg_I_O)         0.091    11.403 r  design_1_i/processing_system7_0/inst/buffer_fclk_clk_0.FCLK_CLK_0_BUFG/O
                         net (fo=13921, routed)       1.525    12.928    design_1_i/RFC8439_0/inst/RFC8439_v1_0_S00_AXI_inst/Rfc8439_core/u_poly1305/s00_axi_aclk
    SLICE_X31Y53         FDCE                                         r  design_1_i/RFC8439_0/inst/RFC8439_v1_0_S00_AXI_inst/Rfc8439_core/u_poly1305/mac_tag_reg[126]/C
                         clock pessimism              0.115    13.043    
                         clock uncertainty           -0.154    12.889    
    SLICE_X31Y53         FDCE (Setup_fdce_C_D)        0.062    12.951    design_1_i/RFC8439_0/inst/RFC8439_v1_0_S00_AXI_inst/Rfc8439_core/u_poly1305/mac_tag_reg[126]
  -------------------------------------------------------------------
                         required time                         12.951    
                         arrival time                         -12.799    
  -------------------------------------------------------------------
                         slack                                  0.151    

Slack (MET) :             0.167ns  (required time - arrival time)
  Source:                 design_1_i/RFC8439_0/inst/RFC8439_v1_0_S00_AXI_inst/Rfc8439_core/u_poly1305/h_full_reg[0]/C
                            (rising edge-triggered cell FDCE clocked by clk_fpga_0  {rise@0.000ns fall@5.000ns period=10.000ns})
  Destination:            design_1_i/RFC8439_0/inst/RFC8439_v1_0_S00_AXI_inst/Rfc8439_core/u_poly1305/mac_tag_reg[124]/D
                            (rising edge-triggered cell FDCE clocked by clk_fpga_0  {rise@0.000ns fall@5.000ns period=10.000ns})
  Path Group:             clk_fpga_0
  Path Type:              Setup (Max at Slow Process Corner)
  Requirement:            10.000ns  (clk_fpga_0 rise@10.000ns - clk_fpga_0 rise@0.000ns)
  Data Path Delay:        9.756ns  (logic 7.726ns (79.190%)  route 2.030ns (20.810%))
  Logic Levels:           51  (CARRY4=49 LUT2=2)
  Clock Path Skew:        0.016ns (DCD - SCD + CPR)
    Destination Clock Delay (DCD):    2.928ns = ( 12.928 - 10.000 ) 
    Source Clock Delay      (SCD):    3.027ns
    Clock Pessimism Removal (CPR):    0.115ns
  Clock Uncertainty:      0.154ns  ((TSJ^2 + TIJ^2)^1/2 + DJ) / 2 + PE
    Total System Jitter     (TSJ):    0.071ns
    Total Input Jitter      (TIJ):    0.300ns
    Discrete Jitter          (DJ):    0.000ns
    Phase Error              (PE):    0.000ns

    Location             Delay type                Incr(ns)  Path(ns)    Netlist Resource(s)
  -------------------------------------------------------------------    -------------------
                         (clock clk_fpga_0 rise edge)
                                                      0.000     0.000 r  
    PS7_X0Y0             PS7                          0.000     0.000 r  design_1_i/processing_system7_0/inst/PS7_i/FCLKCLK[0]
                         net (fo=1, routed)           1.193     1.193    design_1_i/processing_system7_0/inst/FCLK_CLK_unbuffered[0]
    BUFGCTRL_X0Y17       BUFG (Prop_bufg_I_O)         0.101     1.294 r  design_1_i/processing_system7_0/inst/buffer_fclk_clk_0.FCLK_CLK_0_BUFG_replica/O
                         net (fo=3, routed)           1.733     3.027    design_1_i/RFC8439_0/inst/RFC8439_v1_0_S00_AXI_inst/Rfc8439_core/u_poly1305/FCLK_CLK0_repN_alias
    SLICE_X31Y21         FDCE                                         r  design_1_i/RFC8439_0/inst/RFC8439_v1_0_S00_AXI_inst/Rfc8439_core/u_poly1305/h_full_reg[0]/C
  -------------------------------------------------------------------    -------------------
    SLICE_X31Y21         FDCE (Prop_fdce_C_Q)         0.456     3.483 r  design_1_i/RFC8439_0/inst/RFC8439_v1_0_S00_AXI_inst/Rfc8439_core/u_poly1305/h_full_reg[0]/Q
                         net (fo=2, routed)           0.294     3.777    design_1_i/RFC8439_0/inst/RFC8439_v1_0_S00_AXI_inst/Rfc8439_core/u_poly1305/h_full[0]
    SLICE_X30Y21         LUT2 (Prop_lut2_I0_O)        0.124     3.901 r  design_1_i/RFC8439_0/inst/RFC8439_v1_0_S00_AXI_inst/Rfc8439_core/u_poly1305/mac_tag[3]_i_86/O
                         net (fo=1, routed)           0.473     4.374    design_1_i/RFC8439_0/inst/RFC8439_v1_0_S00_AXI_inst/Rfc8439_core/u_poly1305/mac_tag[3]_i_86_n_0
    SLICE_X30Y24         CARRY4 (Prop_carry4_CYINIT_CO[3])
                                                      0.595     4.969 r  design_1_i/RFC8439_0/inst/RFC8439_v1_0_S00_AXI_inst/Rfc8439_core/u_poly1305/mac_tag_reg[3]_i_81/CO[3]
                         net (fo=1, routed)           0.009     4.978    design_1_i/RFC8439_0/inst/RFC8439_v1_0_S00_AXI_inst/Rfc8439_core/u_poly1305/mac_tag_reg[3]_i_81_n_0
    SLICE_X30Y25         CARRY4 (Prop_carry4_CI_CO[3])
                                                      0.117     5.095 r  design_1_i/RFC8439_0/inst/RFC8439_v1_0_S00_AXI_inst/Rfc8439_core/u_poly1305/mac_tag_reg[3]_i_76/CO[3]
                         net (fo=1, routed)           0.000     5.095    design_1_i/RFC8439_0/inst/RFC8439_v1_0_S00_AXI_inst/Rfc8439_core/u_poly1305/mac_tag_reg[3]_i_76_n_0
    SLICE_X30Y26         CARRY4 (Prop_carry4_CI_CO[3])
                                                      0.117     5.212 r  design_1_i/RFC8439_0/inst/RFC8439_v1_0_S00_AXI_inst/Rfc8439_core/u_poly1305/mac_tag_reg[3]_i_71/CO[3]
                         net (fo=1, routed)           0.000     5.212    design_1_i/RFC8439_0/inst/RFC8439_v1_0_S00_AXI_inst/Rfc8439_core/u_poly1305/mac_tag_reg[3]_i_71_n_0
    SLICE_X30Y27         CARRY4 (Prop_carry4_CI_CO[3])
                                                      0.117     5.329 r  design_1_i/RFC8439_0/inst/RFC8439_v1_0_S00_AXI_inst/Rfc8439_core/u_poly1305/mac_tag_reg[3]_i_66/CO[3]
                         net (fo=1, routed)           0.000     5.329    design_1_i/RFC8439_0/inst/RFC8439_v1_0_S00_AXI_inst/Rfc8439_core/u_poly1305/mac_tag_reg[3]_i_66_n_0
    SLICE_X30Y28         CARRY4 (Prop_carry4_CI_CO[3])
                                                      0.117     5.446 r  design_1_i/RFC8439_0/inst/RFC8439_v1_0_S00_AXI_inst/Rfc8439_core/u_poly1305/mac_tag_reg[3]_i_61/CO[3]
                         net (fo=1, routed)           0.000     5.446    design_1_i/RFC8439_0/inst/RFC8439_v1_0_S00_AXI_inst/Rfc8439_core/u_poly1305/mac_tag_reg[3]_i_61_n_0
    SLICE_X30Y29         CARRY4 (Prop_carry4_CI_CO[3])
                                                      0.117     5.563 r  design_1_i/RFC8439_0/inst/RFC8439_v1_0_S00_AXI_inst/Rfc8439_core/u_poly1305/mac_tag_reg[3]_i_56/CO[3]
                         net (fo=1, routed)           0.000     5.563    design_1_i/RFC8439_0/inst/RFC8439_v1_0_S00_AXI_inst/Rfc8439_core/u_poly1305/mac_tag_reg[3]_i_56_n_0
    SLICE_X30Y30         CARRY4 (Prop_carry4_CI_CO[3])
                                                      0.117     5.680 r  design_1_i/RFC8439_0/inst/RFC8439_v1_0_S00_AXI_inst/Rfc8439_core/u_poly1305/mac_tag_reg[3]_i_51/CO[3]
                         net (fo=1, routed)           0.000     5.680    design_1_i/RFC8439_0/inst/RFC8439_v1_0_S00_AXI_inst/Rfc8439_core/u_poly1305/mac_tag_reg[3]_i_51_n_0
    SLICE_X30Y31         CARRY4 (Prop_carry4_CI_CO[3])
                                                      0.117     5.797 r  design_1_i/RFC8439_0/inst/RFC8439_v1_0_S00_AXI_inst/Rfc8439_core/u_poly1305/mac_tag_reg[3]_i_46/CO[3]
                         net (fo=1, routed)           0.000     5.797    design_1_i/RFC8439_0/inst/RFC8439_v1_0_S00_AXI_inst/Rfc8439_core/u_poly1305/mac_tag_reg[3]_i_46_n_0
    SLICE_X30Y32         CARRY4 (Prop_carry4_CI_CO[3])
                                                      0.117     5.914 r  design_1_i/RFC8439_0/inst/RFC8439_v1_0_S00_AXI_inst/Rfc8439_core/u_poly1305/mac_tag_reg[3]_i_41/CO[3]
                         net (fo=1, routed)           0.000     5.914    design_1_i/RFC8439_0/inst/RFC8439_v1_0_S00_AXI_inst/Rfc8439_core/u_poly1305/mac_tag_reg[3]_i_41_n_0
    SLICE_X30Y33         CARRY4 (Prop_carry4_CI_CO[3])
                                                      0.117     6.031 r  design_1_i/RFC8439_0/inst/RFC8439_v1_0_S00_AXI_inst/Rfc8439_core/u_poly1305/mac_tag_reg[3]_i_36/CO[3]
                         net (fo=1, routed)           0.000     6.031    design_1_i/RFC8439_0/inst/RFC8439_v1_0_S00_AXI_inst/Rfc8439_core/u_poly1305/mac_tag_reg[3]_i_36_n_0
    SLICE_X30Y34         CARRY4 (Prop_carry4_CI_CO[3])
                                                      0.117     6.148 r  design_1_i/RFC8439_0/inst/RFC8439_v1_0_S00_AXI_inst/Rfc8439_core/u_poly1305/mac_tag_reg[3]_i_31/CO[3]
                         net (fo=1, routed)           0.000     6.148    design_1_i/RFC8439_0/inst/RFC8439_v1_0_S00_AXI_inst/Rfc8439_core/u_poly1305/mac_tag_reg[3]_i_31_n_0
    SLICE_X30Y35         CARRY4 (Prop_carry4_CI_CO[3])
                                                      0.117     6.265 r  design_1_i/RFC8439_0/inst/RFC8439_v1_0_S00_AXI_inst/Rfc8439_core/u_poly1305/mac_tag_reg[3]_i_26/CO[3]
                         net (fo=1, routed)           0.000     6.265    design_1_i/RFC8439_0/inst/RFC8439_v1_0_S00_AXI_inst/Rfc8439_core/u_poly1305/mac_tag_reg[3]_i_26_n_0
    SLICE_X30Y36         CARRY4 (Prop_carry4_CI_CO[3])
                                                      0.117     6.382 r  design_1_i/RFC8439_0/inst/RFC8439_v1_0_S00_AXI_inst/Rfc8439_core/u_poly1305/mac_tag_reg[3]_i_21/CO[3]
                         net (fo=1, routed)           0.000     6.382    design_1_i/RFC8439_0/inst/RFC8439_v1_0_S00_AXI_inst/Rfc8439_core/u_poly1305/mac_tag_reg[3]_i_21_n_0
    SLICE_X30Y37         CARRY4 (Prop_carry4_CI_CO[3])
                                                      0.117     6.499 r  design_1_i/RFC8439_0/inst/RFC8439_v1_0_S00_AXI_inst/Rfc8439_core/u_poly1305/mac_tag_reg[3]_i_16/CO[3]
                         net (fo=1, routed)           0.000     6.499    design_1_i/RFC8439_0/inst/RFC8439_v1_0_S00_AXI_inst/Rfc8439_core/u_poly1305/mac_tag_reg[3]_i_16_n_0
    SLICE_X30Y38         CARRY4 (Prop_carry4_CI_CO[3])
                                                      0.117     6.616 r  design_1_i/RFC8439_0/inst/RFC8439_v1_0_S00_AXI_inst/Rfc8439_core/u_poly1305/mac_tag_reg[3]_i_11/CO[3]
                         net (fo=1, routed)           0.000     6.616    design_1_i/RFC8439_0/inst/RFC8439_v1_0_S00_AXI_inst/Rfc8439_core/u_poly1305/mac_tag_reg[3]_i_11_n_0
    SLICE_X30Y39         CARRY4 (Prop_carry4_CI_CO[3])
                                                      0.117     6.733 r  design_1_i/RFC8439_0/inst/RFC8439_v1_0_S00_AXI_inst/Rfc8439_core/u_poly1305/mac_tag_reg[3]_i_8/CO[3]
                         net (fo=1, routed)           0.000     6.733    design_1_i/RFC8439_0/inst/RFC8439_v1_0_S00_AXI_inst/Rfc8439_core/u_poly1305/mac_tag_reg[3]_i_8_n_0
    SLICE_X30Y40         CARRY4 (Prop_carry4_CI_CO[0])
                                                      0.254     6.987 r  design_1_i/RFC8439_0/inst/RFC8439_v1_0_S00_AXI_inst/Rfc8439_core/u_poly1305/mac_tag_reg[3]_i_3/CO[0]
                         net (fo=4, routed)           1.244     8.232    design_1_i/RFC8439_0/inst/RFC8439_v1_0_S00_AXI_inst/Rfc8439_core/u_poly1305/h_mod1
    SLICE_X31Y22         LUT2 (Prop_lut2_I0_O)        0.367     8.599 r  design_1_i/RFC8439_0/inst/RFC8439_v1_0_S00_AXI_inst/Rfc8439_core/u_poly1305/mac_tag[3]_i_7/O
                         net (fo=1, routed)           0.000     8.599    design_1_i/RFC8439_0/inst/RFC8439_v1_0_S00_AXI_inst/Rfc8439_core/u_poly1305/mac_tag[3]_i_7_n_0
    SLICE_X31Y22         CARRY4 (Prop_carry4_S[0]_CO[3])
                                                      0.532     9.131 r  design_1_i/RFC8439_0/inst/RFC8439_v1_0_S00_AXI_inst/Rfc8439_core/u_poly1305/mac_tag_reg[3]_i_1/CO[3]
                         net (fo=1, routed)           0.000     9.131    design_1_i/RFC8439_0/inst/RFC8439_v1_0_S00_AXI_inst/Rfc8439_core/u_poly1305/mac_tag_reg[3]_i_1_n_0
    SLICE_X31Y23         CARRY4 (Prop_carry4_CI_CO[3])
                                                      0.114     9.245 r  design_1_i/RFC8439_0/inst/RFC8439_v1_0_S00_AXI_inst/Rfc8439_core/u_poly1305/mac_tag_reg[7]_i_1/CO[3]
                         net (fo=1, routed)           0.000     9.245    design_1_i/RFC8439_0/inst/RFC8439_v1_0_S00_AXI_inst/Rfc8439_core/u_poly1305/mac_tag_reg[7]_i_1_n_0
    SLICE_X31Y24         CARRY4 (Prop_carry4_CI_CO[3])
                                                      0.114     9.359 r  design_1_i/RFC8439_0/inst/RFC8439_v1_0_S00_AXI_inst/Rfc8439_core/u_poly1305/mac_tag_reg[11]_i_1/CO[3]
                         net (fo=1, routed)           0.009     9.368    design_1_i/RFC8439_0/inst/RFC8439_v1_0_S00_AXI_inst/Rfc8439_core/u_poly1305/mac_tag_reg[11]_i_1_n_0
    SLICE_X31Y25         CARRY4 (Prop_carry4_CI_CO[3])
                                                      0.114     9.482 r  design_1_i/RFC8439_0/inst/RFC8439_v1_0_S00_AXI_inst/Rfc8439_core/u_poly1305/mac_tag_reg[15]_i_1/CO[3]
                         net (fo=1, routed)           0.000     9.482    design_1_i/RFC8439_0/inst/RFC8439_v1_0_S00_AXI_inst/Rfc8439_core/u_poly1305/mac_tag_reg[15]_i_1_n_0
    SLICE_X31Y26         CARRY4 (Prop_carry4_CI_CO[3])
                                                      0.114     9.596 r  design_1_i/RFC8439_0/inst/RFC8439_v1_0_S00_AXI_inst/Rfc8439_core/u_poly1305/mac_tag_reg[19]_i_1/CO[3]
                         net (fo=1, routed)           0.000     9.596    design_1_i/RFC8439_0/inst/RFC8439_v1_0_S00_AXI_inst/Rfc8439_core/u_poly1305/mac_tag_reg[19]_i_1_n_0
    SLICE_X31Y27         CARRY4 (Prop_carry4_CI_CO[3])
                                                      0.114     9.710 r  design_1_i/RFC8439_0/inst/RFC8439_v1_0_S00_AXI_inst/Rfc8439_core/u_poly1305/mac_tag_reg[23]_i_1/CO[3]
                         net (fo=1, routed)           0.000     9.710    design_1_i/RFC8439_0/inst/RFC8439_v1_0_S00_AXI_inst/Rfc8439_core/u_poly1305/mac_tag_reg[23]_i_1_n_0
    SLICE_X31Y28         CARRY4 (Prop_carry4_CI_CO[3])
                                                      0.114     9.824 r  design_1_i/RFC8439_0/inst/RFC8439_v1_0_S00_AXI_inst/Rfc8439_core/u_poly1305/mac_tag_reg[27]_i_1/CO[3]
                         net (fo=1, routed)           0.000     9.824    design_1_i/RFC8439_0/inst/RFC8439_v1_0_S00_AXI_inst/Rfc8439_core/u_poly1305/mac_tag_reg[27]_i_1_n_0
    SLICE_X31Y29         CARRY4 (Prop_carry4_CI_CO[3])
                                                      0.114     9.938 r  design_1_i/RFC8439_0/inst/RFC8439_v1_0_S00_AXI_inst/Rfc8439_core/u_poly1305/mac_tag_reg[31]_i_1/CO[3]
                         net (fo=1, routed)           0.000     9.938    design_1_i/RFC8439_0/inst/RFC8439_v1_0_S00_AXI_inst/Rfc8439_core/u_poly1305/mac_tag_reg[31]_i_1_n_0
    SLICE_X31Y30         CARRY4 (Prop_carry4_CI_CO[3])
                                                      0.114    10.052 r  design_1_i/RFC8439_0/inst/RFC8439_v1_0_S00_AXI_inst/Rfc8439_core/u_poly1305/mac_tag_reg[35]_i_1/CO[3]
                         net (fo=1, routed)           0.000    10.052    design_1_i/RFC8439_0/inst/RFC8439_v1_0_S00_AXI_inst/Rfc8439_core/u_poly1305/mac_tag_reg[35]_i_1_n_0
    SLICE_X31Y31         CARRY4 (Prop_carry4_CI_CO[3])
                                                      0.114    10.166 r  design_1_i/RFC8439_0/inst/RFC8439_v1_0_S00_AXI_inst/Rfc8439_core/u_poly1305/mac_tag_reg[39]_i_1/CO[3]
                         net (fo=1, routed)           0.000    10.166    design_1_i/RFC8439_0/inst/RFC8439_v1_0_S00_AXI_inst/Rfc8439_core/u_poly1305/mac_tag_reg[39]_i_1_n_0
    SLICE_X31Y32         CARRY4 (Prop_carry4_CI_CO[3])
                                                      0.114    10.280 r  design_1_i/RFC8439_0/inst/RFC8439_v1_0_S00_AXI_inst/Rfc8439_core/u_poly1305/mac_tag_reg[43]_i_1/CO[3]
                         net (fo=1, routed)           0.000    10.280    design_1_i/RFC8439_0/inst/RFC8439_v1_0_S00_AXI_inst/Rfc8439_core/u_poly1305/mac_tag_reg[43]_i_1_n_0
    SLICE_X31Y33         CARRY4 (Prop_carry4_CI_CO[3])
                                                      0.114    10.394 r  design_1_i/RFC8439_0/inst/RFC8439_v1_0_S00_AXI_inst/Rfc8439_core/u_poly1305/mac_tag_reg[47]_i_1/CO[3]
                         net (fo=1, routed)           0.000    10.394    design_1_i/RFC8439_0/inst/RFC8439_v1_0_S00_AXI_inst/Rfc8439_core/u_poly1305/mac_tag_reg[47]_i_1_n_0
    SLICE_X31Y34         CARRY4 (Prop_carry4_CI_CO[3])
                                                      0.114    10.508 r  design_1_i/RFC8439_0/inst/RFC8439_v1_0_S00_AXI_inst/Rfc8439_core/u_poly1305/mac_tag_reg[51]_i_1/CO[3]
                         net (fo=1, routed)           0.000    10.508    design_1_i/RFC8439_0/inst/RFC8439_v1_0_S00_AXI_inst/Rfc8439_core/u_poly1305/mac_tag_reg[51]_i_1_n_0
    SLICE_X31Y35         CARRY4 (Prop_carry4_CI_CO[3])
                                                      0.114    10.622 r  design_1_i/RFC8439_0/inst/RFC8439_v1_0_S00_AXI_inst/Rfc8439_core/u_poly1305/mac_tag_reg[55]_i_1/CO[3]
                         net (fo=1, routed)           0.000    10.622    design_1_i/RFC8439_0/inst/RFC8439_v1_0_S00_AXI_inst/Rfc8439_core/u_poly1305/mac_tag_reg[55]_i_1_n_0
    SLICE_X31Y36         CARRY4 (Prop_carry4_CI_CO[3])
                                                      0.114    10.736 r  design_1_i/RFC8439_0/inst/RFC8439_v1_0_S00_AXI_inst/Rfc8439_core/u_poly1305/mac_tag_reg[59]_i_1/CO[3]
                         net (fo=1, routed)           0.000    10.736    design_1_i/RFC8439_0/inst/RFC8439_v1_0_S00_AXI_inst/Rfc8439_core/u_poly1305/mac_tag_reg[59]_i_1_n_0
    SLICE_X31Y37         CARRY4 (Prop_carry4_CI_CO[3])
                                                      0.114    10.850 r  design_1_i/RFC8439_0/inst/RFC8439_v1_0_S00_AXI_inst/Rfc8439_core/u_poly1305/mac_tag_reg[63]_i_1/CO[3]
                         net (fo=1, routed)           0.000    10.850    design_1_i/RFC8439_0/inst/RFC8439_v1_0_S00_AXI_inst/Rfc8439_core/u_poly1305/mac_tag_reg[63]_i_1_n_0
    SLICE_X31Y38         CARRY4 (Prop_carry4_CI_CO[3])
                                                      0.114    10.964 r  design_1_i/RFC8439_0/inst/RFC8439_v1_0_S00_AXI_inst/Rfc8439_core/u_poly1305/mac_tag_reg[67]_i_1/CO[3]
                         net (fo=1, routed)           0.000    10.964    design_1_i/RFC8439_0/inst/RFC8439_v1_0_S00_AXI_inst/Rfc8439_core/u_poly1305/mac_tag_reg[67]_i_1_n_0
    SLICE_X31Y39         CARRY4 (Prop_carry4_CI_CO[3])
                                                      0.114    11.078 r  design_1_i/RFC8439_0/inst/RFC8439_v1_0_S00_AXI_inst/Rfc8439_core/u_poly1305/mac_tag_reg[71]_i_1/CO[3]
                         net (fo=1, routed)           0.000    11.078    design_1_i/RFC8439_0/inst/RFC8439_v1_0_S00_AXI_inst/Rfc8439_core/u_poly1305/mac_tag_reg[71]_i_1_n_0
    SLICE_X31Y40         CARRY4 (Prop_carry4_CI_CO[3])
                                                      0.114    11.192 r  design_1_i/RFC8439_0/inst/RFC8439_v1_0_S00_AXI_inst/Rfc8439_core/u_poly1305/mac_tag_reg[75]_i_1/CO[3]
                         net (fo=1, routed)           0.000    11.192    design_1_i/RFC8439_0/inst/RFC8439_v1_0_S00_AXI_inst/Rfc8439_core/u_poly1305/mac_tag_reg[75]_i_1_n_0
    SLICE_X31Y41         CARRY4 (Prop_carry4_CI_CO[3])
                                                      0.114    11.306 r  design_1_i/RFC8439_0/inst/RFC8439_v1_0_S00_AXI_inst/Rfc8439_core/u_poly1305/mac_tag_reg[79]_i_1/CO[3]
                         net (fo=1, routed)           0.000    11.306    design_1_i/RFC8439_0/inst/RFC8439_v1_0_S00_AXI_inst/Rfc8439_core/u_poly1305/mac_tag_reg[79]_i_1_n_0
    SLICE_X31Y42         CARRY4 (Prop_carry4_CI_CO[3])
                                                      0.114    11.420 r  design_1_i/RFC8439_0/inst/RFC8439_v1_0_S00_AXI_inst/Rfc8439_core/u_poly1305/mac_tag_reg[83]_i_1/CO[3]
                         net (fo=1, routed)           0.000    11.420    design_1_i/RFC8439_0/inst/RFC8439_v1_0_S00_AXI_inst/Rfc8439_core/u_poly1305/mac_tag_reg[83]_i_1_n_0
    SLICE_X31Y43         CARRY4 (Prop_carry4_CI_CO[3])
                                                      0.114    11.534 r  design_1_i/RFC8439_0/inst/RFC8439_v1_0_S00_AXI_inst/Rfc8439_core/u_poly1305/mac_tag_reg[87]_i_1/CO[3]
                         net (fo=1, routed)           0.000    11.534    design_1_i/RFC8439_0/inst/RFC8439_v1_0_S00_AXI_inst/Rfc8439_core/u_poly1305/mac_tag_reg[87]_i_1_n_0
    SLICE_X31Y44         CARRY4 (Prop_carry4_CI_CO[3])
                                                      0.114    11.648 r  design_1_i/RFC8439_0/inst/RFC8439_v1_0_S00_AXI_inst/Rfc8439_core/u_poly1305/mac_tag_reg[91]_i_1/CO[3]
                         net (fo=1, routed)           0.000    11.648    design_1_i/RFC8439_0/inst/RFC8439_v1_0_S00_AXI_inst/Rfc8439_core/u_poly1305/mac_tag_reg[91]_i_1_n_0
    SLICE_X31Y45         CARRY4 (Prop_carry4_CI_CO[3])
                                                      0.114    11.762 r  design_1_i/RFC8439_0/inst/RFC8439_v1_0_S00_AXI_inst/Rfc8439_core/u_poly1305/mac_tag_reg[95]_i_1/CO[3]
                         net (fo=1, routed)           0.000    11.762    design_1_i/RFC8439_0/inst/RFC8439_v1_0_S00_AXI_inst/Rfc8439_core/u_poly1305/mac_tag_reg[95]_i_1_n_0
    SLICE_X31Y46         CARRY4 (Prop_carry4_CI_CO[3])
                                                      0.114    11.876 r  design_1_i/RFC8439_0/inst/RFC8439_v1_0_S00_AXI_inst/Rfc8439_core/u_poly1305/mac_tag_reg[99]_i_1/CO[3]
                         net (fo=1, routed)           0.000    11.876    design_1_i/RFC8439_0/inst/RFC8439_v1_0_S00_AXI_inst/Rfc8439_core/u_poly1305/mac_tag_reg[99]_i_1_n_0
    SLICE_X31Y47         CARRY4 (Prop_carry4_CI_CO[3])
                                                      0.114    11.990 r  design_1_i/RFC8439_0/inst/RFC8439_v1_0_S00_AXI_inst/Rfc8439_core/u_poly1305/mac_tag_reg[103]_i_1/CO[3]
                         net (fo=1, routed)           0.000    11.990    design_1_i/RFC8439_0/inst/RFC8439_v1_0_S00_AXI_inst/Rfc8439_core/u_poly1305/mac_tag_reg[103]_i_1_n_0
    SLICE_X31Y48         CARRY4 (Prop_carry4_CI_CO[3])
                                                      0.114    12.104 r  design_1_i/RFC8439_0/inst/RFC8439_v1_0_S00_AXI_inst/Rfc8439_core/u_poly1305/mac_tag_reg[107]_i_1/CO[3]
                         net (fo=1, routed)           0.000    12.104    design_1_i/RFC8439_0/inst/RFC8439_v1_0_S00_AXI_inst/Rfc8439_core/u_poly1305/mac_tag_reg[107]_i_1_n_0
    SLICE_X31Y49         CARRY4 (Prop_carry4_CI_CO[3])
                                                      0.114    12.218 r  design_1_i/RFC8439_0/inst/RFC8439_v1_0_S00_AXI_inst/Rfc8439_core/u_poly1305/mac_tag_reg[111]_i_1/CO[3]
                         net (fo=1, routed)           0.001    12.218    design_1_i/RFC8439_0/inst/RFC8439_v1_0_S00_AXI_inst/Rfc8439_core/u_poly1305/mac_tag_reg[111]_i_1_n_0
    SLICE_X31Y50         CARRY4 (Prop_carry4_CI_CO[3])
                                                      0.114    12.332 r  design_1_i/RFC8439_0/inst/RFC8439_v1_0_S00_AXI_inst/Rfc8439_core/u_poly1305/mac_tag_reg[115]_i_1/CO[3]
                         net (fo=1, routed)           0.000    12.332    design_1_i/RFC8439_0/inst/RFC8439_v1_0_S00_AXI_inst/Rfc8439_core/u_poly1305/mac_tag_reg[115]_i_1_n_0
    SLICE_X31Y51         CARRY4 (Prop_carry4_CI_CO[3])
                                                      0.114    12.446 r  design_1_i/RFC8439_0/inst/RFC8439_v1_0_S00_AXI_inst/Rfc8439_core/u_poly1305/mac_tag_reg[119]_i_1/CO[3]
                         net (fo=1, routed)           0.000    12.446    design_1_i/RFC8439_0/inst/RFC8439_v1_0_S00_AXI_inst/Rfc8439_core/u_poly1305/mac_tag_reg[119]_i_1_n_0
    SLICE_X31Y52         CARRY4 (Prop_carry4_CI_CO[3])
                                                      0.114    12.560 r  design_1_i/RFC8439_0/inst/RFC8439_v1_0_S00_AXI_inst/Rfc8439_core/u_poly1305/mac_tag_reg[123]_i_1/CO[3]
                         net (fo=1, routed)           0.000    12.560    design_1_i/RFC8439_0/inst/RFC8439_v1_0_S00_AXI_inst/Rfc8439_core/u_poly1305/mac_tag_reg[123]_i_1_n_0
    SLICE_X31Y53         CARRY4 (Prop_carry4_CI_O[0])
                                                      0.223    12.783 r  design_1_i/RFC8439_0/inst/RFC8439_v1_0_S00_AXI_inst/Rfc8439_core/u_poly1305/mac_tag_reg[127]_i_2/O[0]
                         net (fo=1, routed)           0.000    12.783    design_1_i/RFC8439_0/inst/RFC8439_v1_0_S00_AXI_inst/Rfc8439_core/u_poly1305/mac_tag_reg[127]_i_2_n_7
    SLICE_X31Y53         FDCE                                         r  design_1_i/RFC8439_0/inst/RFC8439_v1_0_S00_AXI_inst/Rfc8439_core/u_poly1305/mac_tag_reg[124]/D
  -------------------------------------------------------------------    -------------------

                         (clock clk_fpga_0 rise edge)
                                                     10.000    10.000 r  
    PS7_X0Y0             PS7                          0.000    10.000 r  design_1_i/processing_system7_0/inst/PS7_i/FCLKCLK[0]
                         net (fo=1, routed)           1.088    11.088    design_1_i/processing_system7_0/inst/FCLK_CLK_unbuffered[0]
    BUFGCTRL_X0Y17       BUFG (Prop_bufg_I_O)         0.091    11.179 r  design_1_i/processing_system7_0/inst/buffer_fclk_clk_0.FCLK_CLK_0_BUFG_replica/O
                         net (fo=3, routed)           0.133    11.312    design_1_i/processing_system7_0/inst/FCLK_CLK0_repN
    BUFGCTRL_X0Y16       BUFG (Prop_bufg_I_O)         0.091    11.403 r  design_1_i/processing_system7_0/inst/buffer_fclk_clk_0.FCLK_CLK_0_BUFG/O
                         net (fo=13921, routed)       1.525    12.928    design_1_i/RFC8439_0/inst/RFC8439_v1_0_S00_AXI_inst/Rfc8439_core/u_poly1305/s00_axi_aclk
    SLICE_X31Y53         FDCE                                         r  design_1_i/RFC8439_0/inst/RFC8439_v1_0_S00_AXI_inst/Rfc8439_core/u_poly1305/mac_tag_reg[124]/C
                         clock pessimism              0.115    13.043    
                         clock uncertainty           -0.154    12.889    
    SLICE_X31Y53         FDCE (Setup_fdce_C_D)        0.062    12.951    design_1_i/RFC8439_0/inst/RFC8439_v1_0_S00_AXI_inst/Rfc8439_core/u_poly1305/mac_tag_reg[124]
  -------------------------------------------------------------------
                         required time                         12.951    
                         arrival time                         -12.783    
  -------------------------------------------------------------------
                         slack                                  0.167    

Slack (MET) :             0.171ns  (required time - arrival time)
  Source:                 design_1_i/RFC8439_0/inst/RFC8439_v1_0_S00_AXI_inst/Rfc8439_core/u_poly1305/r2_reg[14]/C
                            (rising edge-triggered cell FDCE clocked by clk_fpga_0  {rise@0.000ns fall@5.000ns period=10.000ns})
  Destination:            design_1_i/RFC8439_0/inst/RFC8439_v1_0_S00_AXI_inst/Rfc8439_core/u_poly1305/p42_reg[54]/D
                            (rising edge-triggered cell FDRE clocked by clk_fpga_0  {rise@0.000ns fall@5.000ns period=10.000ns})
  Path Group:             clk_fpga_0
  Path Type:              Setup (Max at Slow Process Corner)
  Requirement:            10.000ns  (clk_fpga_0 rise@10.000ns - clk_fpga_0 rise@0.000ns)
  Data Path Delay:        9.621ns  (logic 7.227ns (75.114%)  route 2.394ns (24.886%))
  Logic Levels:           9  (CARRY4=6 DSP48E1=2 LUT2=1)
  Clock Path Skew:        -0.116ns (DCD - SCD + CPR)
    Destination Clock Delay (DCD):    2.984ns = ( 12.984 - 10.000 ) 
    Source Clock Delay      (SCD):    3.238ns
    Clock Pessimism Removal (CPR):    0.138ns
  Clock Uncertainty:      0.154ns  ((TSJ^2 + TIJ^2)^1/2 + DJ) / 2 + PE
    Total System Jitter     (TSJ):    0.071ns
    Total Input Jitter      (TIJ):    0.300ns
    Discrete Jitter          (DJ):    0.000ns
    Phase Error              (PE):    0.000ns

    Location             Delay type                Incr(ns)  Path(ns)    Netlist Resource(s)
  -------------------------------------------------------------------    -------------------
                         (clock clk_fpga_0 rise edge)
                                                      0.000     0.000 r  
    PS7_X0Y0             PS7                          0.000     0.000 r  design_1_i/processing_system7_0/inst/PS7_i/FCLKCLK[0]
                         net (fo=1, routed)           1.193     1.193    design_1_i/processing_system7_0/inst/FCLK_CLK_unbuffered[0]
    BUFGCTRL_X0Y17       BUFG (Prop_bufg_I_O)         0.101     1.294 r  design_1_i/processing_system7_0/inst/buffer_fclk_clk_0.FCLK_CLK_0_BUFG_replica/O
                         net (fo=3, routed)           0.146     1.440    design_1_i/processing_system7_0/inst/FCLK_CLK0_repN
    BUFGCTRL_X0Y16       BUFG (Prop_bufg_I_O)         0.101     1.541 r  design_1_i/processing_system7_0/inst/buffer_fclk_clk_0.FCLK_CLK_0_BUFG/O
                         net (fo=13921, routed)       1.697     3.238    design_1_i/RFC8439_0/inst/RFC8439_v1_0_S00_AXI_inst/Rfc8439_core/u_poly1305/s00_axi_aclk
    SLICE_X31Y60         FDCE                                         r  design_1_i/RFC8439_0/inst/RFC8439_v1_0_S00_AXI_inst/Rfc8439_core/u_poly1305/r2_reg[14]/C
  -------------------------------------------------------------------    -------------------
    SLICE_X31Y60         FDCE (Prop_fdce_C_Q)         0.456     3.694 r  design_1_i/RFC8439_0/inst/RFC8439_v1_0_S00_AXI_inst/Rfc8439_core/u_poly1305/r2_reg[14]/Q
                         net (fo=4, routed)           1.521     5.215    design_1_i/RFC8439_0/inst/RFC8439_v1_0_S00_AXI_inst/Rfc8439_core/u_poly1305/r2[14]
    DSP48_X0Y18          DSP48E1 (Prop_dsp48e1_A[14]_PCOUT[47])
                                                      4.036     9.251 r  design_1_i/RFC8439_0/inst/RFC8439_v1_0_S00_AXI_inst/Rfc8439_core/u_poly1305/p420/PCOUT[47]
                         net (fo=1, routed)           0.002     9.253    design_1_i/RFC8439_0/inst/RFC8439_v1_0_S00_AXI_inst/Rfc8439_core/u_poly1305/p420_n_106
    DSP48_X0Y19          DSP48E1 (Prop_dsp48e1_PCIN[47]_P[0])
                                                      1.518    10.771 r  design_1_i/RFC8439_0/inst/RFC8439_v1_0_S00_AXI_inst/Rfc8439_core/u_poly1305/p420__0/P[0]
                         net (fo=1, routed)           0.871    11.642    design_1_i/RFC8439_0/inst/RFC8439_v1_0_S00_AXI_inst/Rfc8439_core/u_poly1305/p420__0_n_105
    SLICE_X11Y39         LUT2 (Prop_lut2_I1_O)        0.124    11.766 r  design_1_i/RFC8439_0/inst/RFC8439_v1_0_S00_AXI_inst/Rfc8439_core/u_poly1305/p42[35]_i_3/O
                         net (fo=1, routed)           0.000    11.766    design_1_i/RFC8439_0/inst/RFC8439_v1_0_S00_AXI_inst/Rfc8439_core/u_poly1305/p42[35]_i_3_n_0
    SLICE_X11Y39         CARRY4 (Prop_carry4_S[2]_CO[3])
                                                      0.398    12.164 r  design_1_i/RFC8439_0/inst/RFC8439_v1_0_S00_AXI_inst/Rfc8439_core/u_poly1305/p42_reg[35]_i_1/CO[3]
                         net (fo=1, routed)           0.000    12.164    design_1_i/RFC8439_0/inst/RFC8439_v1_0_S00_AXI_inst/Rfc8439_core/u_poly1305/p42_reg[35]_i_1_n_0
    SLICE_X11Y40         CARRY4 (Prop_carry4_CI_CO[3])
                                                      0.114    12.278 r  design_1_i/RFC8439_0/inst/RFC8439_v1_0_S00_AXI_inst/Rfc8439_core/u_poly1305/p42_reg[39]_i_1/CO[3]
                         net (fo=1, routed)           0.000    12.278    design_1_i/RFC8439_0/inst/RFC8439_v1_0_S00_AXI_inst/Rfc8439_core/u_poly1305/p42_reg[39]_i_1_n_0
    SLICE_X11Y41         CARRY4 (Prop_carry4_CI_CO[3])
                                                      0.114    12.392 r  design_1_i/RFC8439_0/inst/RFC8439_v1_0_S00_AXI_inst/Rfc8439_core/u_poly1305/p42_reg[43]_i_1/CO[3]
                         net (fo=1, routed)           0.000    12.392    design_1_i/RFC8439_0/inst/RFC8439_v1_0_S00_AXI_inst/Rfc8439_core/u_poly1305/p42_reg[43]_i_1_n_0
    SLICE_X11Y42         CARRY4 (Prop_carry4_CI_CO[3])
                                                      0.114    12.506 r  design_1_i/RFC8439_0/inst/RFC8439_v1_0_S00_AXI_inst/Rfc8439_core/u_poly1305/p42_reg[47]_i_1/CO[3]
                         net (fo=1, routed)           0.000    12.506    design_1_i/RFC8439_0/inst/RFC8439_v1_0_S00_AXI_inst/Rfc8439_core/u_poly1305/p42_reg[47]_i_1_n_0
    SLICE_X11Y43         CARRY4 (Prop_carry4_CI_CO[3])
                                                      0.114    12.620 r  design_1_i/RFC8439_0/inst/RFC8439_v1_0_S00_AXI_inst/Rfc8439_core/u_poly1305/p42_reg[51]_i_1/CO[3]
                         net (fo=1, routed)           0.000    12.620    design_1_i/RFC8439_0/inst/RFC8439_v1_0_S00_AXI_inst/Rfc8439_core/u_poly1305/p42_reg[51]_i_1_n_0
    SLICE_X11Y44         CARRY4 (Prop_carry4_CI_O[2])
                                                      0.239    12.859 r  design_1_i/RFC8439_0/inst/RFC8439_v1_0_S00_AXI_inst/Rfc8439_core/u_poly1305/p42_reg[55]_i_1/O[2]
                         net (fo=1, routed)           0.000    12.859    design_1_i/RFC8439_0/inst/RFC8439_v1_0_S00_AXI_inst/Rfc8439_core/u_poly1305/p420__3[54]
    SLICE_X11Y44         FDRE                                         r  design_1_i/RFC8439_0/inst/RFC8439_v1_0_S00_AXI_inst/Rfc8439_core/u_poly1305/p42_reg[54]/D
  -------------------------------------------------------------------    -------------------

                         (clock clk_fpga_0 rise edge)
                                                     10.000    10.000 r  
    PS7_X0Y0             PS7                          0.000    10.000 r  design_1_i/processing_system7_0/inst/PS7_i/FCLKCLK[0]
                         net (fo=1, routed)           1.088    11.088    design_1_i/processing_system7_0/inst/FCLK_CLK_unbuffered[0]
    BUFGCTRL_X0Y17       BUFG (Prop_bufg_I_O)         0.091    11.179 r  design_1_i/processing_system7_0/inst/buffer_fclk_clk_0.FCLK_CLK_0_BUFG_replica/O
                         net (fo=3, routed)           0.133    11.312    design_1_i/processing_system7_0/inst/FCLK_CLK0_repN
    BUFGCTRL_X0Y16       BUFG (Prop_bufg_I_O)         0.091    11.403 r  design_1_i/processing_system7_0/inst/buffer_fclk_clk_0.FCLK_CLK_0_BUFG/O
                         net (fo=13921, routed)       1.581    12.984    design_1_i/RFC8439_0/inst/RFC8439_v1_0_S00_AXI_inst/Rfc8439_core/u_poly1305/s00_axi_aclk
    SLICE_X11Y44         FDRE                                         r  design_1_i/RFC8439_0/inst/RFC8439_v1_0_S00_AXI_inst/Rfc8439_core/u_poly1305/p42_reg[54]/C
                         clock pessimism              0.138    13.122    
                         clock uncertainty           -0.154    12.968    
    SLICE_X11Y44         FDRE (Setup_fdre_C_D)        0.062    13.030    design_1_i/RFC8439_0/inst/RFC8439_v1_0_S00_AXI_inst/Rfc8439_core/u_poly1305/p42_reg[54]
  -------------------------------------------------------------------
                         required time                         13.030    
                         arrival time                         -12.859    
  -------------------------------------------------------------------
                         slack                                  0.171    

Slack (MET) :             0.171ns  (required time - arrival time)
  Source:                 design_1_i/RFC8439_0/inst/RFC8439_v1_0_S00_AXI_inst/Rfc8439_core/u_poly1305/h_full_reg[0]/C
                            (rising edge-triggered cell FDCE clocked by clk_fpga_0  {rise@0.000ns fall@5.000ns period=10.000ns})
  Destination:            design_1_i/RFC8439_0/inst/RFC8439_v1_0_S00_AXI_inst/Rfc8439_core/u_poly1305/mac_tag_reg[121]/D
                            (rising edge-triggered cell FDCE clocked by clk_fpga_0  {rise@0.000ns fall@5.000ns period=10.000ns})
  Path Group:             clk_fpga_0
  Path Type:              Setup (Max at Slow Process Corner)
  Requirement:            10.000ns  (clk_fpga_0 rise@10.000ns - clk_fpga_0 rise@0.000ns)
  Data Path Delay:        9.753ns  (logic 7.723ns (79.184%)  route 2.030ns (20.816%))
  Logic Levels:           50  (CARRY4=48 LUT2=2)
  Clock Path Skew:        0.017ns (DCD - SCD + CPR)
    Destination Clock Delay (DCD):    2.929ns = ( 12.929 - 10.000 ) 
    Source Clock Delay      (SCD):    3.027ns
    Clock Pessimism Removal (CPR):    0.115ns
  Clock Uncertainty:      0.154ns  ((TSJ^2 + TIJ^2)^1/2 + DJ) / 2 + PE
    Total System Jitter     (TSJ):    0.071ns
    Total Input Jitter      (TIJ):    0.300ns
    Discrete Jitter          (DJ):    0.000ns
    Phase Error              (PE):    0.000ns

    Location             Delay type                Incr(ns)  Path(ns)    Netlist Resource(s)
  -------------------------------------------------------------------    -------------------
                         (clock clk_fpga_0 rise edge)
                                                      0.000     0.000 r  
    PS7_X0Y0             PS7                          0.000     0.000 r  design_1_i/processing_system7_0/inst/PS7_i/FCLKCLK[0]
                         net (fo=1, routed)           1.193     1.193    design_1_i/processing_system7_0/inst/FCLK_CLK_unbuffered[0]
    BUFGCTRL_X0Y17       BUFG (Prop_bufg_I_O)         0.101     1.294 r  design_1_i/processing_system7_0/inst/buffer_fclk_clk_0.FCLK_CLK_0_BUFG_replica/O
                         net (fo=3, routed)           1.733     3.027    design_1_i/RFC8439_0/inst/RFC8439_v1_0_S00_AXI_inst/Rfc8439_core/u_poly1305/FCLK_CLK0_repN_alias
    SLICE_X31Y21         FDCE                                         r  design_1_i/RFC8439_0/inst/RFC8439_v1_0_S00_AXI_inst/Rfc8439_core/u_poly1305/h_full_reg[0]/C
  -------------------------------------------------------------------    -------------------
    SLICE_X31Y21         FDCE (Prop_fdce_C_Q)         0.456     3.483 r  design_1_i/RFC8439_0/inst/RFC8439_v1_0_S00_AXI_inst/Rfc8439_core/u_poly1305/h_full_reg[0]/Q
                         net (fo=2, routed)           0.294     3.777    design_1_i/RFC8439_0/inst/RFC8439_v1_0_S00_AXI_inst/Rfc8439_core/u_poly1305/h_full[0]
    SLICE_X30Y21         LUT2 (Prop_lut2_I0_O)        0.124     3.901 r  design_1_i/RFC8439_0/inst/RFC8439_v1_0_S00_AXI_inst/Rfc8439_core/u_poly1305/mac_tag[3]_i_86/O
                         net (fo=1, routed)           0.473     4.374    design_1_i/RFC8439_0/inst/RFC8439_v1_0_S00_AXI_inst/Rfc8439_core/u_poly1305/mac_tag[3]_i_86_n_0
    SLICE_X30Y24         CARRY4 (Prop_carry4_CYINIT_CO[3])
                                                      0.595     4.969 r  design_1_i/RFC8439_0/inst/RFC8439_v1_0_S00_AXI_inst/Rfc8439_core/u_poly1305/mac_tag_reg[3]_i_81/CO[3]
                         net (fo=1, routed)           0.009     4.978    design_1_i/RFC8439_0/inst/RFC8439_v1_0_S00_AXI_inst/Rfc8439_core/u_poly1305/mac_tag_reg[3]_i_81_n_0
    SLICE_X30Y25         CARRY4 (Prop_carry4_CI_CO[3])
                                                      0.117     5.095 r  design_1_i/RFC8439_0/inst/RFC8439_v1_0_S00_AXI_inst/Rfc8439_core/u_poly1305/mac_tag_reg[3]_i_76/CO[3]
                         net (fo=1, routed)           0.000     5.095    design_1_i/RFC8439_0/inst/RFC8439_v1_0_S00_AXI_inst/Rfc8439_core/u_poly1305/mac_tag_reg[3]_i_76_n_0
    SLICE_X30Y26         CARRY4 (Prop_carry4_CI_CO[3])
                                                      0.117     5.212 r  design_1_i/RFC8439_0/inst/RFC8439_v1_0_S00_AXI_inst/Rfc8439_core/u_poly1305/mac_tag_reg[3]_i_71/CO[3]
                         net (fo=1, routed)           0.000     5.212    design_1_i/RFC8439_0/inst/RFC8439_v1_0_S00_AXI_inst/Rfc8439_core/u_poly1305/mac_tag_reg[3]_i_71_n_0
    SLICE_X30Y27         CARRY4 (Prop_carry4_CI_CO[3])
                                                      0.117     5.329 r  design_1_i/RFC8439_0/inst/RFC8439_v1_0_S00_AXI_inst/Rfc8439_core/u_poly1305/mac_tag_reg[3]_i_66/CO[3]
                         net (fo=1, routed)           0.000     5.329    design_1_i/RFC8439_0/inst/RFC8439_v1_0_S00_AXI_inst/Rfc8439_core/u_poly1305/mac_tag_reg[3]_i_66_n_0
    SLICE_X30Y28         CARRY4 (Prop_carry4_CI_CO[3])
                                                      0.117     5.446 r  design_1_i/RFC8439_0/inst/RFC8439_v1_0_S00_AXI_inst/Rfc8439_core/u_poly1305/mac_tag_reg[3]_i_61/CO[3]
                         net (fo=1, routed)           0.000     5.446    design_1_i/RFC8439_0/inst/RFC8439_v1_0_S00_AXI_inst/Rfc8439_core/u_poly1305/mac_tag_reg[3]_i_61_n_0
    SLICE_X30Y29         CARRY4 (Prop_carry4_CI_CO[3])
                                                      0.117     5.563 r  design_1_i/RFC8439_0/inst/RFC8439_v1_0_S00_AXI_inst/Rfc8439_core/u_poly1305/mac_tag_reg[3]_i_56/CO[3]
                         net (fo=1, routed)           0.000     5.563    design_1_i/RFC8439_0/inst/RFC8439_v1_0_S00_AXI_inst/Rfc8439_core/u_poly1305/mac_tag_reg[3]_i_56_n_0
    SLICE_X30Y30         CARRY4 (Prop_carry4_CI_CO[3])
                                                      0.117     5.680 r  design_1_i/RFC8439_0/inst/RFC8439_v1_0_S00_AXI_inst/Rfc8439_core/u_poly1305/mac_tag_reg[3]_i_51/CO[3]
                         net (fo=1, routed)           0.000     5.680    design_1_i/RFC8439_0/inst/RFC8439_v1_0_S00_AXI_inst/Rfc8439_core/u_poly1305/mac_tag_reg[3]_i_51_n_0
    SLICE_X30Y31         CARRY4 (Prop_carry4_CI_CO[3])
                                                      0.117     5.797 r  design_1_i/RFC8439_0/inst/RFC8439_v1_0_S00_AXI_inst/Rfc8439_core/u_poly1305/mac_tag_reg[3]_i_46/CO[3]
                         net (fo=1, routed)           0.000     5.797    design_1_i/RFC8439_0/inst/RFC8439_v1_0_S00_AXI_inst/Rfc8439_core/u_poly1305/mac_tag_reg[3]_i_46_n_0
    SLICE_X30Y32         CARRY4 (Prop_carry4_CI_CO[3])
                                                      0.117     5.914 r  design_1_i/RFC8439_0/inst/RFC8439_v1_0_S00_AXI_inst/Rfc8439_core/u_poly1305/mac_tag_reg[3]_i_41/CO[3]
                         net (fo=1, routed)           0.000     5.914    design_1_i/RFC8439_0/inst/RFC8439_v1_0_S00_AXI_inst/Rfc8439_core/u_poly1305/mac_tag_reg[3]_i_41_n_0
    SLICE_X30Y33         CARRY4 (Prop_carry4_CI_CO[3])
                                                      0.117     6.031 r  design_1_i/RFC8439_0/inst/RFC8439_v1_0_S00_AXI_inst/Rfc8439_core/u_poly1305/mac_tag_reg[3]_i_36/CO[3]
                         net (fo=1, routed)           0.000     6.031    design_1_i/RFC8439_0/inst/RFC8439_v1_0_S00_AXI_inst/Rfc8439_core/u_poly1305/mac_tag_reg[3]_i_36_n_0
    SLICE_X30Y34         CARRY4 (Prop_carry4_CI_CO[3])
                                                      0.117     6.148 r  design_1_i/RFC8439_0/inst/RFC8439_v1_0_S00_AXI_inst/Rfc8439_core/u_poly1305/mac_tag_reg[3]_i_31/CO[3]
                         net (fo=1, routed)           0.000     6.148    design_1_i/RFC8439_0/inst/RFC8439_v1_0_S00_AXI_inst/Rfc8439_core/u_poly1305/mac_tag_reg[3]_i_31_n_0
    SLICE_X30Y35         CARRY4 (Prop_carry4_CI_CO[3])
                                                      0.117     6.265 r  design_1_i/RFC8439_0/inst/RFC8439_v1_0_S00_AXI_inst/Rfc8439_core/u_poly1305/mac_tag_reg[3]_i_26/CO[3]
                         net (fo=1, routed)           0.000     6.265    design_1_i/RFC8439_0/inst/RFC8439_v1_0_S00_AXI_inst/Rfc8439_core/u_poly1305/mac_tag_reg[3]_i_26_n_0
    SLICE_X30Y36         CARRY4 (Prop_carry4_CI_CO[3])
                                                      0.117     6.382 r  design_1_i/RFC8439_0/inst/RFC8439_v1_0_S00_AXI_inst/Rfc8439_core/u_poly1305/mac_tag_reg[3]_i_21/CO[3]
                         net (fo=1, routed)           0.000     6.382    design_1_i/RFC8439_0/inst/RFC8439_v1_0_S00_AXI_inst/Rfc8439_core/u_poly1305/mac_tag_reg[3]_i_21_n_0
    SLICE_X30Y37         CARRY4 (Prop_carry4_CI_CO[3])
                                                      0.117     6.499 r  design_1_i/RFC8439_0/inst/RFC8439_v1_0_S00_AXI_inst/Rfc8439_core/u_poly1305/mac_tag_reg[3]_i_16/CO[3]
                         net (fo=1, routed)           0.000     6.499    design_1_i/RFC8439_0/inst/RFC8439_v1_0_S00_AXI_inst/Rfc8439_core/u_poly1305/mac_tag_reg[3]_i_16_n_0
    SLICE_X30Y38         CARRY4 (Prop_carry4_CI_CO[3])
                                                      0.117     6.616 r  design_1_i/RFC8439_0/inst/RFC8439_v1_0_S00_AXI_inst/Rfc8439_core/u_poly1305/mac_tag_reg[3]_i_11/CO[3]
                         net (fo=1, routed)           0.000     6.616    design_1_i/RFC8439_0/inst/RFC8439_v1_0_S00_AXI_inst/Rfc8439_core/u_poly1305/mac_tag_reg[3]_i_11_n_0
    SLICE_X30Y39         CARRY4 (Prop_carry4_CI_CO[3])
                                                      0.117     6.733 r  design_1_i/RFC8439_0/inst/RFC8439_v1_0_S00_AXI_inst/Rfc8439_core/u_poly1305/mac_tag_reg[3]_i_8/CO[3]
                         net (fo=1, routed)           0.000     6.733    design_1_i/RFC8439_0/inst/RFC8439_v1_0_S00_AXI_inst/Rfc8439_core/u_poly1305/mac_tag_reg[3]_i_8_n_0
    SLICE_X30Y40         CARRY4 (Prop_carry4_CI_CO[0])
                                                      0.254     6.987 r  design_1_i/RFC8439_0/inst/RFC8439_v1_0_S00_AXI_inst/Rfc8439_core/u_poly1305/mac_tag_reg[3]_i_3/CO[0]
                         net (fo=4, routed)           1.244     8.232    design_1_i/RFC8439_0/inst/RFC8439_v1_0_S00_AXI_inst/Rfc8439_core/u_poly1305/h_mod1
    SLICE_X31Y22         LUT2 (Prop_lut2_I0_O)        0.367     8.599 r  design_1_i/RFC8439_0/inst/RFC8439_v1_0_S00_AXI_inst/Rfc8439_core/u_poly1305/mac_tag[3]_i_7/O
                         net (fo=1, routed)           0.000     8.599    design_1_i/RFC8439_0/inst/RFC8439_v1_0_S00_AXI_inst/Rfc8439_core/u_poly1305/mac_tag[3]_i_7_n_0
    SLICE_X31Y22         CARRY4 (Prop_carry4_S[0]_CO[3])
                                                      0.532     9.131 r  design_1_i/RFC8439_0/inst/RFC8439_v1_0_S00_AXI_inst/Rfc8439_core/u_poly1305/mac_tag_reg[3]_i_1/CO[3]
                         net (fo=1, routed)           0.000     9.131    design_1_i/RFC8439_0/inst/RFC8439_v1_0_S00_AXI_inst/Rfc8439_core/u_poly1305/mac_tag_reg[3]_i_1_n_0
    SLICE_X31Y23         CARRY4 (Prop_carry4_CI_CO[3])
                                                      0.114     9.245 r  design_1_i/RFC8439_0/inst/RFC8439_v1_0_S00_AXI_inst/Rfc8439_core/u_poly1305/mac_tag_reg[7]_i_1/CO[3]
                         net (fo=1, routed)           0.000     9.245    design_1_i/RFC8439_0/inst/RFC8439_v1_0_S00_AXI_inst/Rfc8439_core/u_poly1305/mac_tag_reg[7]_i_1_n_0
    SLICE_X31Y24         CARRY4 (Prop_carry4_CI_CO[3])
                                                      0.114     9.359 r  design_1_i/RFC8439_0/inst/RFC8439_v1_0_S00_AXI_inst/Rfc8439_core/u_poly1305/mac_tag_reg[11]_i_1/CO[3]
                         net (fo=1, routed)           0.009     9.368    design_1_i/RFC8439_0/inst/RFC8439_v1_0_S00_AXI_inst/Rfc8439_core/u_poly1305/mac_tag_reg[11]_i_1_n_0
    SLICE_X31Y25         CARRY4 (Prop_carry4_CI_CO[3])
                                                      0.114     9.482 r  design_1_i/RFC8439_0/inst/RFC8439_v1_0_S00_AXI_inst/Rfc8439_core/u_poly1305/mac_tag_reg[15]_i_1/CO[3]
                         net (fo=1, routed)           0.000     9.482    design_1_i/RFC8439_0/inst/RFC8439_v1_0_S00_AXI_inst/Rfc8439_core/u_poly1305/mac_tag_reg[15]_i_1_n_0
    SLICE_X31Y26         CARRY4 (Prop_carry4_CI_CO[3])
                                                      0.114     9.596 r  design_1_i/RFC8439_0/inst/RFC8439_v1_0_S00_AXI_inst/Rfc8439_core/u_poly1305/mac_tag_reg[19]_i_1/CO[3]
                         net (fo=1, routed)           0.000     9.596    design_1_i/RFC8439_0/inst/RFC8439_v1_0_S00_AXI_inst/Rfc8439_core/u_poly1305/mac_tag_reg[19]_i_1_n_0
    SLICE_X31Y27         CARRY4 (Prop_carry4_CI_CO[3])
                                                      0.114     9.710 r  design_1_i/RFC8439_0/inst/RFC8439_v1_0_S00_AXI_inst/Rfc8439_core/u_poly1305/mac_tag_reg[23]_i_1/CO[3]
                         net (fo=1, routed)           0.000     9.710    design_1_i/RFC8439_0/inst/RFC8439_v1_0_S00_AXI_inst/Rfc8439_core/u_poly1305/mac_tag_reg[23]_i_1_n_0
    SLICE_X31Y28         CARRY4 (Prop_carry4_CI_CO[3])
                                                      0.114     9.824 r  design_1_i/RFC8439_0/inst/RFC8439_v1_0_S00_AXI_inst/Rfc8439_core/u_poly1305/mac_tag_reg[27]_i_1/CO[3]
                         net (fo=1, routed)           0.000     9.824    design_1_i/RFC8439_0/inst/RFC8439_v1_0_S00_AXI_inst/Rfc8439_core/u_poly1305/mac_tag_reg[27]_i_1_n_0
    SLICE_X31Y29         CARRY4 (Prop_carry4_CI_CO[3])
                                                      0.114     9.938 r  design_1_i/RFC8439_0/inst/RFC8439_v1_0_S00_AXI_inst/Rfc8439_core/u_poly1305/mac_tag_reg[31]_i_1/CO[3]
                         net (fo=1, routed)           0.000     9.938    design_1_i/RFC8439_0/inst/RFC8439_v1_0_S00_AXI_inst/Rfc8439_core/u_poly1305/mac_tag_reg[31]_i_1_n_0
    SLICE_X31Y30         CARRY4 (Prop_carry4_CI_CO[3])
                                                      0.114    10.052 r  design_1_i/RFC8439_0/inst/RFC8439_v1_0_S00_AXI_inst/Rfc8439_core/u_poly1305/mac_tag_reg[35]_i_1/CO[3]
                         net (fo=1, routed)           0.000    10.052    design_1_i/RFC8439_0/inst/RFC8439_v1_0_S00_AXI_inst/Rfc8439_core/u_poly1305/mac_tag_reg[35]_i_1_n_0
    SLICE_X31Y31         CARRY4 (Prop_carry4_CI_CO[3])
                                                      0.114    10.166 r  design_1_i/RFC8439_0/inst/RFC8439_v1_0_S00_AXI_inst/Rfc8439_core/u_poly1305/mac_tag_reg[39]_i_1/CO[3]
                         net (fo=1, routed)           0.000    10.166    design_1_i/RFC8439_0/inst/RFC8439_v1_0_S00_AXI_inst/Rfc8439_core/u_poly1305/mac_tag_reg[39]_i_1_n_0
    SLICE_X31Y32         CARRY4 (Prop_carry4_CI_CO[3])
                                                      0.114    10.280 r  design_1_i/RFC8439_0/inst/RFC8439_v1_0_S00_AXI_inst/Rfc8439_core/u_poly1305/mac_tag_reg[43]_i_1/CO[3]
                         net (fo=1, routed)           0.000    10.280    design_1_i/RFC8439_0/inst/RFC8439_v1_0_S00_AXI_inst/Rfc8439_core/u_poly1305/mac_tag_reg[43]_i_1_n_0
    SLICE_X31Y33         CARRY4 (Prop_carry4_CI_CO[3])
                                                      0.114    10.394 r  design_1_i/RFC8439_0/inst/RFC8439_v1_0_S00_AXI_inst/Rfc8439_core/u_poly1305/mac_tag_reg[47]_i_1/CO[3]
                         net (fo=1, routed)           0.000    10.394    design_1_i/RFC8439_0/inst/RFC8439_v1_0_S00_AXI_inst/Rfc8439_core/u_poly1305/mac_tag_reg[47]_i_1_n_0
    SLICE_X31Y34         CARRY4 (Prop_carry4_CI_CO[3])
                                                      0.114    10.508 r  design_1_i/RFC8439_0/inst/RFC8439_v1_0_S00_AXI_inst/Rfc8439_core/u_poly1305/mac_tag_reg[51]_i_1/CO[3]
                         net (fo=1, routed)           0.000    10.508    design_1_i/RFC8439_0/inst/RFC8439_v1_0_S00_AXI_inst/Rfc8439_core/u_poly1305/mac_tag_reg[51]_i_1_n_0
    SLICE_X31Y35         CARRY4 (Prop_carry4_CI_CO[3])
                                                      0.114    10.622 r  design_1_i/RFC8439_0/inst/RFC8439_v1_0_S00_AXI_inst/Rfc8439_core/u_poly1305/mac_tag_reg[55]_i_1/CO[3]
                         net (fo=1, routed)           0.000    10.622    design_1_i/RFC8439_0/inst/RFC8439_v1_0_S00_AXI_inst/Rfc8439_core/u_poly1305/mac_tag_reg[55]_i_1_n_0
    SLICE_X31Y36         CARRY4 (Prop_carry4_CI_CO[3])
                                                      0.114    10.736 r  design_1_i/RFC8439_0/inst/RFC8439_v1_0_S00_AXI_inst/Rfc8439_core/u_poly1305/mac_tag_reg[59]_i_1/CO[3]
                         net (fo=1, routed)           0.000    10.736    design_1_i/RFC8439_0/inst/RFC8439_v1_0_S00_AXI_inst/Rfc8439_core/u_poly1305/mac_tag_reg[59]_i_1_n_0
    SLICE_X31Y37         CARRY4 (Prop_carry4_CI_CO[3])
                                                      0.114    10.850 r  design_1_i/RFC8439_0/inst/RFC8439_v1_0_S00_AXI_inst/Rfc8439_core/u_poly1305/mac_tag_reg[63]_i_1/CO[3]
                         net (fo=1, routed)           0.000    10.850    design_1_i/RFC8439_0/inst/RFC8439_v1_0_S00_AXI_inst/Rfc8439_core/u_poly1305/mac_tag_reg[63]_i_1_n_0
    SLICE_X31Y38         CARRY4 (Prop_carry4_CI_CO[3])
                                                      0.114    10.964 r  design_1_i/RFC8439_0/inst/RFC8439_v1_0_S00_AXI_inst/Rfc8439_core/u_poly1305/mac_tag_reg[67]_i_1/CO[3]
                         net (fo=1, routed)           0.000    10.964    design_1_i/RFC8439_0/inst/RFC8439_v1_0_S00_AXI_inst/Rfc8439_core/u_poly1305/mac_tag_reg[67]_i_1_n_0
    SLICE_X31Y39         CARRY4 (Prop_carry4_CI_CO[3])
                                                      0.114    11.078 r  design_1_i/RFC8439_0/inst/RFC8439_v1_0_S00_AXI_inst/Rfc8439_core/u_poly1305/mac_tag_reg[71]_i_1/CO[3]
                         net (fo=1, routed)           0.000    11.078    design_1_i/RFC8439_0/inst/RFC8439_v1_0_S00_AXI_inst/Rfc8439_core/u_poly1305/mac_tag_reg[71]_i_1_n_0
    SLICE_X31Y40         CARRY4 (Prop_carry4_CI_CO[3])
                                                      0.114    11.192 r  design_1_i/RFC8439_0/inst/RFC8439_v1_0_S00_AXI_inst/Rfc8439_core/u_poly1305/mac_tag_reg[75]_i_1/CO[3]
                         net (fo=1, routed)           0.000    11.192    design_1_i/RFC8439_0/inst/RFC8439_v1_0_S00_AXI_inst/Rfc8439_core/u_poly1305/mac_tag_reg[75]_i_1_n_0
    SLICE_X31Y41         CARRY4 (Prop_carry4_CI_CO[3])
                                                      0.114    11.306 r  design_1_i/RFC8439_0/inst/RFC8439_v1_0_S00_AXI_inst/Rfc8439_core/u_poly1305/mac_tag_reg[79]_i_1/CO[3]
                         net (fo=1, routed)           0.000    11.306    design_1_i/RFC8439_0/inst/RFC8439_v1_0_S00_AXI_inst/Rfc8439_core/u_poly1305/mac_tag_reg[79]_i_1_n_0
    SLICE_X31Y42         CARRY4 (Prop_carry4_CI_CO[3])
                                                      0.114    11.420 r  design_1_i/RFC8439_0/inst/RFC8439_v1_0_S00_AXI_inst/Rfc8439_core/u_poly1305/mac_tag_reg[83]_i_1/CO[3]
                         net (fo=1, routed)           0.000    11.420    design_1_i/RFC8439_0/inst/RFC8439_v1_0_S00_AXI_inst/Rfc8439_core/u_poly1305/mac_tag_reg[83]_i_1_n_0
    SLICE_X31Y43         CARRY4 (Prop_carry4_CI_CO[3])
                                                      0.114    11.534 r  design_1_i/RFC8439_0/inst/RFC8439_v1_0_S00_AXI_inst/Rfc8439_core/u_poly1305/mac_tag_reg[87]_i_1/CO[3]
                         net (fo=1, routed)           0.000    11.534    design_1_i/RFC8439_0/inst/RFC8439_v1_0_S00_AXI_inst/Rfc8439_core/u_poly1305/mac_tag_reg[87]_i_1_n_0
    SLICE_X31Y44         CARRY4 (Prop_carry4_CI_CO[3])
                                                      0.114    11.648 r  design_1_i/RFC8439_0/inst/RFC8439_v1_0_S00_AXI_inst/Rfc8439_core/u_poly1305/mac_tag_reg[91]_i_1/CO[3]
                         net (fo=1, routed)           0.000    11.648    design_1_i/RFC8439_0/inst/RFC8439_v1_0_S00_AXI_inst/Rfc8439_core/u_poly1305/mac_tag_reg[91]_i_1_n_0
    SLICE_X31Y45         CARRY4 (Prop_carry4_CI_CO[3])
                                                      0.114    11.762 r  design_1_i/RFC8439_0/inst/RFC8439_v1_0_S00_AXI_inst/Rfc8439_core/u_poly1305/mac_tag_reg[95]_i_1/CO[3]
                         net (fo=1, routed)           0.000    11.762    design_1_i/RFC8439_0/inst/RFC8439_v1_0_S00_AXI_inst/Rfc8439_core/u_poly1305/mac_tag_reg[95]_i_1_n_0
    SLICE_X31Y46         CARRY4 (Prop_carry4_CI_CO[3])
                                                      0.114    11.876 r  design_1_i/RFC8439_0/inst/RFC8439_v1_0_S00_AXI_inst/Rfc8439_core/u_poly1305/mac_tag_reg[99]_i_1/CO[3]
                         net (fo=1, routed)           0.000    11.876    design_1_i/RFC8439_0/inst/RFC8439_v1_0_S00_AXI_inst/Rfc8439_core/u_poly1305/mac_tag_reg[99]_i_1_n_0
    SLICE_X31Y47         CARRY4 (Prop_carry4_CI_CO[3])
                                                      0.114    11.990 r  design_1_i/RFC8439_0/inst/RFC8439_v1_0_S00_AXI_inst/Rfc8439_core/u_poly1305/mac_tag_reg[103]_i_1/CO[3]
                         net (fo=1, routed)           0.000    11.990    design_1_i/RFC8439_0/inst/RFC8439_v1_0_S00_AXI_inst/Rfc8439_core/u_poly1305/mac_tag_reg[103]_i_1_n_0
    SLICE_X31Y48         CARRY4 (Prop_carry4_CI_CO[3])
                                                      0.114    12.104 r  design_1_i/RFC8439_0/inst/RFC8439_v1_0_S00_AXI_inst/Rfc8439_core/u_poly1305/mac_tag_reg[107]_i_1/CO[3]
                         net (fo=1, routed)           0.000    12.104    design_1_i/RFC8439_0/inst/RFC8439_v1_0_S00_AXI_inst/Rfc8439_core/u_poly1305/mac_tag_reg[107]_i_1_n_0
    SLICE_X31Y49         CARRY4 (Prop_carry4_CI_CO[3])
                                                      0.114    12.218 r  design_1_i/RFC8439_0/inst/RFC8439_v1_0_S00_AXI_inst/Rfc8439_core/u_poly1305/mac_tag_reg[111]_i_1/CO[3]
                         net (fo=1, routed)           0.001    12.218    design_1_i/RFC8439_0/inst/RFC8439_v1_0_S00_AXI_inst/Rfc8439_core/u_poly1305/mac_tag_reg[111]_i_1_n_0
    SLICE_X31Y50         CARRY4 (Prop_carry4_CI_CO[3])
                                                      0.114    12.332 r  design_1_i/RFC8439_0/inst/RFC8439_v1_0_S00_AXI_inst/Rfc8439_core/u_poly1305/mac_tag_reg[115]_i_1/CO[3]
                         net (fo=1, routed)           0.000    12.332    design_1_i/RFC8439_0/inst/RFC8439_v1_0_S00_AXI_inst/Rfc8439_core/u_poly1305/mac_tag_reg[115]_i_1_n_0
    SLICE_X31Y51         CARRY4 (Prop_carry4_CI_CO[3])
                                                      0.114    12.446 r  design_1_i/RFC8439_0/inst/RFC8439_v1_0_S00_AXI_inst/Rfc8439_core/u_poly1305/mac_tag_reg[119]_i_1/CO[3]
                         net (fo=1, routed)           0.000    12.446    design_1_i/RFC8439_0/inst/RFC8439_v1_0_S00_AXI_inst/Rfc8439_core/u_poly1305/mac_tag_reg[119]_i_1_n_0
    SLICE_X31Y52         CARRY4 (Prop_carry4_CI_O[1])
                                                      0.334    12.780 r  design_1_i/RFC8439_0/inst/RFC8439_v1_0_S00_AXI_inst/Rfc8439_core/u_poly1305/mac_tag_reg[123]_i_1/O[1]
                         net (fo=1, routed)           0.000    12.780    design_1_i/RFC8439_0/inst/RFC8439_v1_0_S00_AXI_inst/Rfc8439_core/u_poly1305/mac_tag_reg[123]_i_1_n_6
    SLICE_X31Y52         FDCE                                         r  design_1_i/RFC8439_0/inst/RFC8439_v1_0_S00_AXI_inst/Rfc8439_core/u_poly1305/mac_tag_reg[121]/D
  -------------------------------------------------------------------    -------------------

                         (clock clk_fpga_0 rise edge)
                                                     10.000    10.000 r  
    PS7_X0Y0             PS7                          0.000    10.000 r  design_1_i/processing_system7_0/inst/PS7_i/FCLKCLK[0]
                         net (fo=1, routed)           1.088    11.088    design_1_i/processing_system7_0/inst/FCLK_CLK_unbuffered[0]
    BUFGCTRL_X0Y17       BUFG (Prop_bufg_I_O)         0.091    11.179 r  design_1_i/processing_system7_0/inst/buffer_fclk_clk_0.FCLK_CLK_0_BUFG_replica/O
                         net (fo=3, routed)           0.133    11.312    design_1_i/processing_system7_0/inst/FCLK_CLK0_repN
    BUFGCTRL_X0Y16       BUFG (Prop_bufg_I_O)         0.091    11.403 r  design_1_i/processing_system7_0/inst/buffer_fclk_clk_0.FCLK_CLK_0_BUFG/O
                         net (fo=13921, routed)       1.526    12.929    design_1_i/RFC8439_0/inst/RFC8439_v1_0_S00_AXI_inst/Rfc8439_core/u_poly1305/s00_axi_aclk
    SLICE_X31Y52         FDCE                                         r  design_1_i/RFC8439_0/inst/RFC8439_v1_0_S00_AXI_inst/Rfc8439_core/u_poly1305/mac_tag_reg[121]/C
                         clock pessimism              0.115    13.044    
                         clock uncertainty           -0.154    12.890    
    SLICE_X31Y52         FDCE (Setup_fdce_C_D)        0.062    12.952    design_1_i/RFC8439_0/inst/RFC8439_v1_0_S00_AXI_inst/Rfc8439_core/u_poly1305/mac_tag_reg[121]
  -------------------------------------------------------------------
                         required time                         12.952    
                         arrival time                         -12.780    
  -------------------------------------------------------------------
                         slack                                  0.171    

Slack (MET) :             0.187ns  (required time - arrival time)
  Source:                 design_1_i/RFC8439_0/inst/RFC8439_v1_0_S00_AXI_inst/Rfc8439_core/u_poly1305/r2_reg[14]/C
                            (rising edge-triggered cell FDCE clocked by clk_fpga_0  {rise@0.000ns fall@5.000ns period=10.000ns})
  Destination:            design_1_i/RFC8439_0/inst/RFC8439_v1_0_S00_AXI_inst/Rfc8439_core/u_poly1305/p42_reg[52]/D
                            (rising edge-triggered cell FDRE clocked by clk_fpga_0  {rise@0.000ns fall@5.000ns period=10.000ns})
  Path Group:             clk_fpga_0
  Path Type:              Setup (Max at Slow Process Corner)
  Requirement:            10.000ns  (clk_fpga_0 rise@10.000ns - clk_fpga_0 rise@0.000ns)
  Data Path Delay:        9.605ns  (logic 7.211ns (75.072%)  route 2.394ns (24.928%))
  Logic Levels:           9  (CARRY4=6 DSP48E1=2 LUT2=1)
  Clock Path Skew:        -0.116ns (DCD - SCD + CPR)
    Destination Clock Delay (DCD):    2.984ns = ( 12.984 - 10.000 ) 
    Source Clock Delay      (SCD):    3.238ns
    Clock Pessimism Removal (CPR):    0.138ns
  Clock Uncertainty:      0.154ns  ((TSJ^2 + TIJ^2)^1/2 + DJ) / 2 + PE
    Total System Jitter     (TSJ):    0.071ns
    Total Input Jitter      (TIJ):    0.300ns
    Discrete Jitter          (DJ):    0.000ns
    Phase Error              (PE):    0.000ns

    Location             Delay type                Incr(ns)  Path(ns)    Netlist Resource(s)
  -------------------------------------------------------------------    -------------------
                         (clock clk_fpga_0 rise edge)
                                                      0.000     0.000 r  
    PS7_X0Y0             PS7                          0.000     0.000 r  design_1_i/processing_system7_0/inst/PS7_i/FCLKCLK[0]
                         net (fo=1, routed)           1.193     1.193    design_1_i/processing_system7_0/inst/FCLK_CLK_unbuffered[0]
    BUFGCTRL_X0Y17       BUFG (Prop_bufg_I_O)         0.101     1.294 r  design_1_i/processing_system7_0/inst/buffer_fclk_clk_0.FCLK_CLK_0_BUFG_replica/O
                         net (fo=3, routed)           0.146     1.440    design_1_i/processing_system7_0/inst/FCLK_CLK0_repN
    BUFGCTRL_X0Y16       BUFG (Prop_bufg_I_O)         0.101     1.541 r  design_1_i/processing_system7_0/inst/buffer_fclk_clk_0.FCLK_CLK_0_BUFG/O
                         net (fo=13921, routed)       1.697     3.238    design_1_i/RFC8439_0/inst/RFC8439_v1_0_S00_AXI_inst/Rfc8439_core/u_poly1305/s00_axi_aclk
    SLICE_X31Y60         FDCE                                         r  design_1_i/RFC8439_0/inst/RFC8439_v1_0_S00_AXI_inst/Rfc8439_core/u_poly1305/r2_reg[14]/C
  -------------------------------------------------------------------    -------------------
    SLICE_X31Y60         FDCE (Prop_fdce_C_Q)         0.456     3.694 r  design_1_i/RFC8439_0/inst/RFC8439_v1_0_S00_AXI_inst/Rfc8439_core/u_poly1305/r2_reg[14]/Q
                         net (fo=4, routed)           1.521     5.215    design_1_i/RFC8439_0/inst/RFC8439_v1_0_S00_AXI_inst/Rfc8439_core/u_poly1305/r2[14]
    DSP48_X0Y18          DSP48E1 (Prop_dsp48e1_A[14]_PCOUT[47])
                                                      4.036     9.251 r  design_1_i/RFC8439_0/inst/RFC8439_v1_0_S00_AXI_inst/Rfc8439_core/u_poly1305/p420/PCOUT[47]
                         net (fo=1, routed)           0.002     9.253    design_1_i/RFC8439_0/inst/RFC8439_v1_0_S00_AXI_inst/Rfc8439_core/u_poly1305/p420_n_106
    DSP48_X0Y19          DSP48E1 (Prop_dsp48e1_PCIN[47]_P[0])
                                                      1.518    10.771 r  design_1_i/RFC8439_0/inst/RFC8439_v1_0_S00_AXI_inst/Rfc8439_core/u_poly1305/p420__0/P[0]
                         net (fo=1, routed)           0.871    11.642    design_1_i/RFC8439_0/inst/RFC8439_v1_0_S00_AXI_inst/Rfc8439_core/u_poly1305/p420__0_n_105
    SLICE_X11Y39         LUT2 (Prop_lut2_I1_O)        0.124    11.766 r  design_1_i/RFC8439_0/inst/RFC8439_v1_0_S00_AXI_inst/Rfc8439_core/u_poly1305/p42[35]_i_3/O
                         net (fo=1, routed)           0.000    11.766    design_1_i/RFC8439_0/inst/RFC8439_v1_0_S00_AXI_inst/Rfc8439_core/u_poly1305/p42[35]_i_3_n_0
    SLICE_X11Y39         CARRY4 (Prop_carry4_S[2]_CO[3])
                                                      0.398    12.164 r  design_1_i/RFC8439_0/inst/RFC8439_v1_0_S00_AXI_inst/Rfc8439_core/u_poly1305/p42_reg[35]_i_1/CO[3]
                         net (fo=1, routed)           0.000    12.164    design_1_i/RFC8439_0/inst/RFC8439_v1_0_S00_AXI_inst/Rfc8439_core/u_poly1305/p42_reg[35]_i_1_n_0
    SLICE_X11Y40         CARRY4 (Prop_carry4_CI_CO[3])
                                                      0.114    12.278 r  design_1_i/RFC8439_0/inst/RFC8439_v1_0_S00_AXI_inst/Rfc8439_core/u_poly1305/p42_reg[39]_i_1/CO[3]
                         net (fo=1, routed)           0.000    12.278    design_1_i/RFC8439_0/inst/RFC8439_v1_0_S00_AXI_inst/Rfc8439_core/u_poly1305/p42_reg[39]_i_1_n_0
    SLICE_X11Y41         CARRY4 (Prop_carry4_CI_CO[3])
                                                      0.114    12.392 r  design_1_i/RFC8439_0/inst/RFC8439_v1_0_S00_AXI_inst/Rfc8439_core/u_poly1305/p42_reg[43]_i_1/CO[3]
                         net (fo=1, routed)           0.000    12.392    design_1_i/RFC8439_0/inst/RFC8439_v1_0_S00_AXI_inst/Rfc8439_core/u_poly1305/p42_reg[43]_i_1_n_0
    SLICE_X11Y42         CARRY4 (Prop_carry4_CI_CO[3])
                                                      0.114    12.506 r  design_1_i/RFC8439_0/inst/RFC8439_v1_0_S00_AXI_inst/Rfc8439_core/u_poly1305/p42_reg[47]_i_1/CO[3]
                         net (fo=1, routed)           0.000    12.506    design_1_i/RFC8439_0/inst/RFC8439_v1_0_S00_AXI_inst/Rfc8439_core/u_poly1305/p42_reg[47]_i_1_n_0
    SLICE_X11Y43         CARRY4 (Prop_carry4_CI_CO[3])
                                                      0.114    12.620 r  design_1_i/RFC8439_0/inst/RFC8439_v1_0_S00_AXI_inst/Rfc8439_core/u_poly1305/p42_reg[51]_i_1/CO[3]
                         net (fo=1, routed)           0.000    12.620    design_1_i/RFC8439_0/inst/RFC8439_v1_0_S00_AXI_inst/Rfc8439_core/u_poly1305/p42_reg[51]_i_1_n_0
    SLICE_X11Y44         CARRY4 (Prop_carry4_CI_O[0])
                                                      0.223    12.843 r  design_1_i/RFC8439_0/inst/RFC8439_v1_0_S00_AXI_inst/Rfc8439_core/u_poly1305/p42_reg[55]_i_1/O[0]
                         net (fo=1, routed)           0.000    12.843    design_1_i/RFC8439_0/inst/RFC8439_v1_0_S00_AXI_inst/Rfc8439_core/u_poly1305/p420__3[52]
    SLICE_X11Y44         FDRE                                         r  design_1_i/RFC8439_0/inst/RFC8439_v1_0_S00_AXI_inst/Rfc8439_core/u_poly1305/p42_reg[52]/D
  -------------------------------------------------------------------    -------------------

                         (clock clk_fpga_0 rise edge)
                                                     10.000    10.000 r  
    PS7_X0Y0             PS7                          0.000    10.000 r  design_1_i/processing_system7_0/inst/PS7_i/FCLKCLK[0]
                         net (fo=1, routed)           1.088    11.088    design_1_i/processing_system7_0/inst/FCLK_CLK_unbuffered[0]
    BUFGCTRL_X0Y17       BUFG (Prop_bufg_I_O)         0.091    11.179 r  design_1_i/processing_system7_0/inst/buffer_fclk_clk_0.FCLK_CLK_0_BUFG_replica/O
                         net (fo=3, routed)           0.133    11.312    design_1_i/processing_system7_0/inst/FCLK_CLK0_repN
    BUFGCTRL_X0Y16       BUFG (Prop_bufg_I_O)         0.091    11.403 r  design_1_i/processing_system7_0/inst/buffer_fclk_clk_0.FCLK_CLK_0_BUFG/O
                         net (fo=13921, routed)       1.581    12.984    design_1_i/RFC8439_0/inst/RFC8439_v1_0_S00_AXI_inst/Rfc8439_core/u_poly1305/s00_axi_aclk
    SLICE_X11Y44         FDRE                                         r  design_1_i/RFC8439_0/inst/RFC8439_v1_0_S00_AXI_inst/Rfc8439_core/u_poly1305/p42_reg[52]/C
                         clock pessimism              0.138    13.122    
                         clock uncertainty           -0.154    12.968    
    SLICE_X11Y44         FDRE (Setup_fdre_C_D)        0.062    13.030    design_1_i/RFC8439_0/inst/RFC8439_v1_0_S00_AXI_inst/Rfc8439_core/u_poly1305/p42_reg[52]
  -------------------------------------------------------------------
                         required time                         13.030    
                         arrival time                         -12.843    
  -------------------------------------------------------------------
                         slack                                  0.187    

Slack (MET) :             0.189ns  (required time - arrival time)
  Source:                 design_1_i/RFC8439_0/inst/RFC8439_v1_0_S00_AXI_inst/Rfc8439_core/u_poly1305/r4_5_reg[3]/C
                            (rising edge-triggered cell FDCE clocked by clk_fpga_0  {rise@0.000ns fall@5.000ns period=10.000ns})
  Destination:            design_1_i/RFC8439_0/inst/RFC8439_v1_0_S00_AXI_inst/Rfc8439_core/u_poly1305/p24_reg[53]/D
                            (rising edge-triggered cell FDRE clocked by clk_fpga_0  {rise@0.000ns fall@5.000ns period=10.000ns})
  Path Group:             clk_fpga_0
  Path Type:              Setup (Max at Slow Process Corner)
  Requirement:            10.000ns  (clk_fpga_0 rise@10.000ns - clk_fpga_0 rise@0.000ns)
  Data Path Delay:        9.630ns  (logic 7.321ns (76.025%)  route 2.309ns (23.975%))
  Logic Levels:           8  (CARRY4=5 DSP48E1=2 LUT2=1)
  Clock Path Skew:        -0.136ns (DCD - SCD + CPR)
    Destination Clock Delay (DCD):    2.898ns = ( 12.898 - 10.000 ) 
    Source Clock Delay      (SCD):    3.286ns
    Clock Pessimism Removal (CPR):    0.253ns
  Clock Uncertainty:      0.154ns  ((TSJ^2 + TIJ^2)^1/2 + DJ) / 2 + PE
    Total System Jitter     (TSJ):    0.071ns
    Total Input Jitter      (TIJ):    0.300ns
    Discrete Jitter          (DJ):    0.000ns
    Phase Error              (PE):    0.000ns

    Location             Delay type                Incr(ns)  Path(ns)    Netlist Resource(s)
  -------------------------------------------------------------------    -------------------
                         (clock clk_fpga_0 rise edge)
                                                      0.000     0.000 r  
    PS7_X0Y0             PS7                          0.000     0.000 r  design_1_i/processing_system7_0/inst/PS7_i/FCLKCLK[0]
                         net (fo=1, routed)           1.193     1.193    design_1_i/processing_system7_0/inst/FCLK_CLK_unbuffered[0]
    BUFGCTRL_X0Y17       BUFG (Prop_bufg_I_O)         0.101     1.294 r  design_1_i/processing_system7_0/inst/buffer_fclk_clk_0.FCLK_CLK_0_BUFG_replica/O
                         net (fo=3, routed)           0.146     1.440    design_1_i/processing_system7_0/inst/FCLK_CLK0_repN
    BUFGCTRL_X0Y16       BUFG (Prop_bufg_I_O)         0.101     1.541 r  design_1_i/processing_system7_0/inst/buffer_fclk_clk_0.FCLK_CLK_0_BUFG/O
                         net (fo=13921, routed)       1.745     3.286    design_1_i/RFC8439_0/inst/RFC8439_v1_0_S00_AXI_inst/Rfc8439_core/u_poly1305/s00_axi_aclk
    SLICE_X27Y12         FDCE                                         r  design_1_i/RFC8439_0/inst/RFC8439_v1_0_S00_AXI_inst/Rfc8439_core/u_poly1305/r4_5_reg[3]/C
  -------------------------------------------------------------------    -------------------
    SLICE_X27Y12         FDCE (Prop_fdce_C_Q)         0.456     3.742 r  design_1_i/RFC8439_0/inst/RFC8439_v1_0_S00_AXI_inst/Rfc8439_core/u_poly1305/r4_5_reg[3]/Q
                         net (fo=6, routed)           0.921     4.663    design_1_i/RFC8439_0/inst/RFC8439_v1_0_S00_AXI_inst/Rfc8439_core/u_poly1305/r4_5_reg_n_0_[3]
    DSP48_X1Y2           DSP48E1 (Prop_dsp48e1_A[3]_PCOUT[47])
                                                      4.036     8.699 r  design_1_i/RFC8439_0/inst/RFC8439_v1_0_S00_AXI_inst/Rfc8439_core/u_poly1305/p240/PCOUT[47]
                         net (fo=1, routed)           0.002     8.701    design_1_i/RFC8439_0/inst/RFC8439_v1_0_S00_AXI_inst/Rfc8439_core/u_poly1305/p240_n_106
    DSP48_X1Y3           DSP48E1 (Prop_dsp48e1_PCIN[47]_P[2])
                                                      1.518    10.219 r  design_1_i/RFC8439_0/inst/RFC8439_v1_0_S00_AXI_inst/Rfc8439_core/u_poly1305/p240__0/P[2]
                         net (fo=1, routed)           1.385    11.605    design_1_i/RFC8439_0/inst/RFC8439_v1_0_S00_AXI_inst/Rfc8439_core/u_poly1305/p240__0_n_103
    SLICE_X34Y6          LUT2 (Prop_lut2_I1_O)        0.124    11.729 r  design_1_i/RFC8439_0/inst/RFC8439_v1_0_S00_AXI_inst/Rfc8439_core/u_poly1305/p24[39]_i_5/O
                         net (fo=1, routed)           0.000    11.729    design_1_i/RFC8439_0/inst/RFC8439_v1_0_S00_AXI_inst/Rfc8439_core/u_poly1305/p24[39]_i_5_n_0
    SLICE_X34Y6          CARRY4 (Prop_carry4_S[0]_CO[3])
                                                      0.513    12.242 r  design_1_i/RFC8439_0/inst/RFC8439_v1_0_S00_AXI_inst/Rfc8439_core/u_poly1305/p24_reg[39]_i_1/CO[3]
                         net (fo=1, routed)           0.000    12.242    design_1_i/RFC8439_0/inst/RFC8439_v1_0_S00_AXI_inst/Rfc8439_core/u_poly1305/p24_reg[39]_i_1_n_0
    SLICE_X34Y7          CARRY4 (Prop_carry4_CI_CO[3])
                                                      0.117    12.359 r  design_1_i/RFC8439_0/inst/RFC8439_v1_0_S00_AXI_inst/Rfc8439_core/u_poly1305/p24_reg[43]_i_1/CO[3]
                         net (fo=1, routed)           0.000    12.359    design_1_i/RFC8439_0/inst/RFC8439_v1_0_S00_AXI_inst/Rfc8439_core/u_poly1305/p24_reg[43]_i_1_n_0
    SLICE_X34Y8          CARRY4 (Prop_carry4_CI_CO[3])
                                                      0.117    12.476 r  design_1_i/RFC8439_0/inst/RFC8439_v1_0_S00_AXI_inst/Rfc8439_core/u_poly1305/p24_reg[47]_i_1/CO[3]
                         net (fo=1, routed)           0.000    12.476    design_1_i/RFC8439_0/inst/RFC8439_v1_0_S00_AXI_inst/Rfc8439_core/u_poly1305/p24_reg[47]_i_1_n_0
    SLICE_X34Y9          CARRY4 (Prop_carry4_CI_CO[3])
                                                      0.117    12.593 r  design_1_i/RFC8439_0/inst/RFC8439_v1_0_S00_AXI_inst/Rfc8439_core/u_poly1305/p24_reg[51]_i_1/CO[3]
                         net (fo=1, routed)           0.000    12.593    design_1_i/RFC8439_0/inst/RFC8439_v1_0_S00_AXI_inst/Rfc8439_core/u_poly1305/p24_reg[51]_i_1_n_0
    SLICE_X34Y10         CARRY4 (Prop_carry4_CI_O[1])
                                                      0.323    12.916 r  design_1_i/RFC8439_0/inst/RFC8439_v1_0_S00_AXI_inst/Rfc8439_core/u_poly1305/p24_reg[55]_i_1/O[1]
                         net (fo=1, routed)           0.000    12.916    design_1_i/RFC8439_0/inst/RFC8439_v1_0_S00_AXI_inst/Rfc8439_core/u_poly1305/p240__3[53]
    SLICE_X34Y10         FDRE                                         r  design_1_i/RFC8439_0/inst/RFC8439_v1_0_S00_AXI_inst/Rfc8439_core/u_poly1305/p24_reg[53]/D
  -------------------------------------------------------------------    -------------------

                         (clock clk_fpga_0 rise edge)
                                                     10.000    10.000 r  
    PS7_X0Y0             PS7                          0.000    10.000 r  design_1_i/processing_system7_0/inst/PS7_i/FCLKCLK[0]
                         net (fo=1, routed)           1.088    11.088    design_1_i/processing_system7_0/inst/FCLK_CLK_unbuffered[0]
    BUFGCTRL_X0Y17       BUFG (Prop_bufg_I_O)         0.091    11.179 r  design_1_i/processing_system7_0/inst/buffer_fclk_clk_0.FCLK_CLK_0_BUFG_replica/O
                         net (fo=3, routed)           0.133    11.312    design_1_i/processing_system7_0/inst/FCLK_CLK0_repN
    BUFGCTRL_X0Y16       BUFG (Prop_bufg_I_O)         0.091    11.403 r  design_1_i/processing_system7_0/inst/buffer_fclk_clk_0.FCLK_CLK_0_BUFG/O
                         net (fo=13921, routed)       1.494    12.898    design_1_i/RFC8439_0/inst/RFC8439_v1_0_S00_AXI_inst/Rfc8439_core/u_poly1305/s00_axi_aclk
    SLICE_X34Y10         FDRE                                         r  design_1_i/RFC8439_0/inst/RFC8439_v1_0_S00_AXI_inst/Rfc8439_core/u_poly1305/p24_reg[53]/C
                         clock pessimism              0.253    13.150    
                         clock uncertainty           -0.154    12.996    
    SLICE_X34Y10         FDRE (Setup_fdre_C_D)        0.109    13.105    design_1_i/RFC8439_0/inst/RFC8439_v1_0_S00_AXI_inst/Rfc8439_core/u_poly1305/p24_reg[53]
  -------------------------------------------------------------------
                         required time                         13.105    
                         arrival time                         -12.916    
  -------------------------------------------------------------------
                         slack                                  0.189    





Min Delay Paths
--------------------------------------------------------------------------------------
Slack (MET) :             0.014ns  (arrival time - required time)
  Source:                 design_1_i/axi_smc/inst/m02_nodes/m02_w_node/inst/inst_mi_handler/gen_normal_area.inst_fifo_node_payld/gen_xpm_memory_fifo.inst_fifo/gen_mem_rep[0].inst_xpm_memory/xpm_memory_base_inst/gen_rd_b.gen_rd_b_synth_template.gen_rf_narrow_reg.doutb_reg_reg[28]/C
                            (rising edge-triggered cell FDRE clocked by clk_fpga_0  {rise@0.000ns fall@5.000ns period=10.000ns})
  Destination:            design_1_i/axi_smc/inst/m02_exit_pipeline/m02_exit/inst/splitter_inst/gen_axi4lite.axilite_conv/m_axi_wdata_i_reg[8]/D
                            (rising edge-triggered cell FDRE clocked by clk_fpga_0  {rise@0.000ns fall@5.000ns period=10.000ns})
  Path Group:             clk_fpga_0
  Path Type:              Hold (Min at Fast Process Corner)
  Requirement:            0.000ns  (clk_fpga_0 rise@0.000ns - clk_fpga_0 rise@0.000ns)
  Data Path Delay:        0.304ns  (logic 0.148ns (48.723%)  route 0.156ns (51.277%))
  Logic Levels:           0  
  Clock Path Skew:        0.267ns (DCD - SCD - CPR)
    Destination Clock Delay (DCD):    1.248ns
    Source Clock Delay      (SCD):    0.940ns
    Clock Pessimism Removal (CPR):    0.041ns

    Location             Delay type                Incr(ns)  Path(ns)    Netlist Resource(s)
  -------------------------------------------------------------------    -------------------
                         (clock clk_fpga_0 rise edge)
                                                      0.000     0.000 r  
    PS7_X0Y0             PS7                          0.000     0.000 r  design_1_i/processing_system7_0/inst/PS7_i/FCLKCLK[0]
                         net (fo=1, routed)           0.310     0.310    design_1_i/processing_system7_0/inst/FCLK_CLK_unbuffered[0]
    BUFGCTRL_X0Y17       BUFG (Prop_bufg_I_O)         0.026     0.336 r  design_1_i/processing_system7_0/inst/buffer_fclk_clk_0.FCLK_CLK_0_BUFG_replica/O
                         net (fo=3, routed)           0.030     0.366    design_1_i/processing_system7_0/inst/FCLK_CLK0_repN
    BUFGCTRL_X0Y16       BUFG (Prop_bufg_I_O)         0.026     0.392 r  design_1_i/processing_system7_0/inst/buffer_fclk_clk_0.FCLK_CLK_0_BUFG/O
                         net (fo=13921, routed)       0.548     0.940    design_1_i/axi_smc/inst/m02_nodes/m02_w_node/inst/inst_mi_handler/gen_normal_area.inst_fifo_node_payld/gen_xpm_memory_fifo.inst_fifo/gen_mem_rep[0].inst_xpm_memory/xpm_memory_base_inst/clka
    SLICE_X50Y64         FDRE                                         r  design_1_i/axi_smc/inst/m02_nodes/m02_w_node/inst/inst_mi_handler/gen_normal_area.inst_fifo_node_payld/gen_xpm_memory_fifo.inst_fifo/gen_mem_rep[0].inst_xpm_memory/xpm_memory_base_inst/gen_rd_b.gen_rd_b_synth_template.gen_rf_narrow_reg.doutb_reg_reg[28]/C
  -------------------------------------------------------------------    -------------------
    SLICE_X50Y64         FDRE (Prop_fdre_C_Q)         0.148     1.088 r  design_1_i/axi_smc/inst/m02_nodes/m02_w_node/inst/inst_mi_handler/gen_normal_area.inst_fifo_node_payld/gen_xpm_memory_fifo.inst_fifo/gen_mem_rep[0].inst_xpm_memory/xpm_memory_base_inst/gen_rd_b.gen_rd_b_synth_template.gen_rf_narrow_reg.doutb_reg_reg[28]/Q
                         net (fo=1, routed)           0.156     1.243    design_1_i/axi_smc/inst/m02_exit_pipeline/m02_exit/inst/splitter_inst/gen_axi4lite.axilite_conv/s_axi_wdata[8]
    SLICE_X49Y62         FDRE                                         r  design_1_i/axi_smc/inst/m02_exit_pipeline/m02_exit/inst/splitter_inst/gen_axi4lite.axilite_conv/m_axi_wdata_i_reg[8]/D
  -------------------------------------------------------------------    -------------------

                         (clock clk_fpga_0 rise edge)
                                                      0.000     0.000 r  
    PS7_X0Y0             PS7                          0.000     0.000 r  design_1_i/processing_system7_0/inst/PS7_i/FCLKCLK[0]
                         net (fo=1, routed)           0.337     0.337    design_1_i/processing_system7_0/inst/FCLK_CLK_unbuffered[0]
    BUFGCTRL_X0Y17       BUFG (Prop_bufg_I_O)         0.029     0.366 r  design_1_i/processing_system7_0/inst/buffer_fclk_clk_0.FCLK_CLK_0_BUFG_replica/O
                         net (fo=3, routed)           0.033     0.399    design_1_i/processing_system7_0/inst/FCLK_CLK0_repN
    BUFGCTRL_X0Y16       BUFG (Prop_bufg_I_O)         0.029     0.428 r  design_1_i/processing_system7_0/inst/buffer_fclk_clk_0.FCLK_CLK_0_BUFG/O
                         net (fo=13921, routed)       0.820     1.248    design_1_i/axi_smc/inst/m02_exit_pipeline/m02_exit/inst/splitter_inst/gen_axi4lite.axilite_conv/aclk
    SLICE_X49Y62         FDRE                                         r  design_1_i/axi_smc/inst/m02_exit_pipeline/m02_exit/inst/splitter_inst/gen_axi4lite.axilite_conv/m_axi_wdata_i_reg[8]/C
                         clock pessimism             -0.041     1.207    
    SLICE_X49Y62         FDRE (Hold_fdre_C_D)         0.022     1.229    design_1_i/axi_smc/inst/m02_exit_pipeline/m02_exit/inst/splitter_inst/gen_axi4lite.axilite_conv/m_axi_wdata_i_reg[8]
  -------------------------------------------------------------------
                         required time                         -1.229    
                         arrival time                           1.243    
  -------------------------------------------------------------------
                         slack                                  0.014    

Slack (MET) :             0.026ns  (arrival time - required time)
  Source:                 design_1_i/axi_smc/inst/s00_entry_pipeline/s00_si_converter/inst/converter.wrap_narrow_inst/w_payld_fifo/mesg_reg_reg[93]/C
                            (rising edge-triggered cell FDRE clocked by clk_fpga_0  {rise@0.000ns fall@5.000ns period=10.000ns})
  Destination:            design_1_i/axi_smc/inst/s00_nodes/s00_w_node/inst/inst_mi_handler/gen_normal_area.inst_fifo_node_payld/gen_xpm_memory_fifo.inst_fifo/gen_mem_rep[0].inst_xpm_memory/xpm_memory_base_inst/gen_wr_a.gen_word_narrow.mem_reg_0_31_42_47/RAMA/I
                            (rising edge-triggered cell RAMD32 clocked by clk_fpga_0  {rise@0.000ns fall@5.000ns period=10.000ns})
  Path Group:             clk_fpga_0
  Path Type:              Hold (Min at Fast Process Corner)
  Requirement:            0.000ns  (clk_fpga_0 rise@0.000ns - clk_fpga_0 rise@0.000ns)
  Data Path Delay:        0.428ns  (logic 0.164ns (38.297%)  route 0.264ns (61.703%))
  Logic Levels:           0  
  Clock Path Skew:        0.255ns (DCD - SCD - CPR)
    Destination Clock Delay (DCD):    1.244ns
    Source Clock Delay      (SCD):    0.948ns
    Clock Pessimism Removal (CPR):    0.041ns

    Location             Delay type                Incr(ns)  Path(ns)    Netlist Resource(s)
  -------------------------------------------------------------------    -------------------
                         (clock clk_fpga_0 rise edge)
                                                      0.000     0.000 r  
    PS7_X0Y0             PS7                          0.000     0.000 r  design_1_i/processing_system7_0/inst/PS7_i/FCLKCLK[0]
                         net (fo=1, routed)           0.310     0.310    design_1_i/processing_system7_0/inst/FCLK_CLK_unbuffered[0]
    BUFGCTRL_X0Y17       BUFG (Prop_bufg_I_O)         0.026     0.336 r  design_1_i/processing_system7_0/inst/buffer_fclk_clk_0.FCLK_CLK_0_BUFG_replica/O
                         net (fo=3, routed)           0.030     0.366    design_1_i/processing_system7_0/inst/FCLK_CLK0_repN
    BUFGCTRL_X0Y16       BUFG (Prop_bufg_I_O)         0.026     0.392 r  design_1_i/processing_system7_0/inst/buffer_fclk_clk_0.FCLK_CLK_0_BUFG/O
                         net (fo=13921, routed)       0.556     0.948    design_1_i/axi_smc/inst/s00_entry_pipeline/s00_si_converter/inst/converter.wrap_narrow_inst/w_payld_fifo/aclk
    SLICE_X46Y95         FDRE                                         r  design_1_i/axi_smc/inst/s00_entry_pipeline/s00_si_converter/inst/converter.wrap_narrow_inst/w_payld_fifo/mesg_reg_reg[93]/C
  -------------------------------------------------------------------    -------------------
    SLICE_X46Y95         FDRE (Prop_fdre_C_Q)         0.164     1.112 r  design_1_i/axi_smc/inst/s00_entry_pipeline/s00_si_converter/inst/converter.wrap_narrow_inst/w_payld_fifo/mesg_reg_reg[93]/Q
                         net (fo=1, routed)           0.264     1.376    design_1_i/axi_smc/inst/s00_nodes/s00_w_node/inst/inst_mi_handler/gen_normal_area.inst_fifo_node_payld/gen_xpm_memory_fifo.inst_fifo/gen_mem_rep[0].inst_xpm_memory/xpm_memory_base_inst/gen_wr_a.gen_word_narrow.mem_reg_0_31_42_47/DIA0
    SLICE_X50Y87         RAMD32                                       r  design_1_i/axi_smc/inst/s00_nodes/s00_w_node/inst/inst_mi_handler/gen_normal_area.inst_fifo_node_payld/gen_xpm_memory_fifo.inst_fifo/gen_mem_rep[0].inst_xpm_memory/xpm_memory_base_inst/gen_wr_a.gen_word_narrow.mem_reg_0_31_42_47/RAMA/I
  -------------------------------------------------------------------    -------------------

                         (clock clk_fpga_0 rise edge)
                                                      0.000     0.000 r  
    PS7_X0Y0             PS7                          0.000     0.000 r  design_1_i/processing_system7_0/inst/PS7_i/FCLKCLK[0]
                         net (fo=1, routed)           0.337     0.337    design_1_i/processing_system7_0/inst/FCLK_CLK_unbuffered[0]
    BUFGCTRL_X0Y17       BUFG (Prop_bufg_I_O)         0.029     0.366 r  design_1_i/processing_system7_0/inst/buffer_fclk_clk_0.FCLK_CLK_0_BUFG_replica/O
                         net (fo=3, routed)           0.033     0.399    design_1_i/processing_system7_0/inst/FCLK_CLK0_repN
    BUFGCTRL_X0Y16       BUFG (Prop_bufg_I_O)         0.029     0.428 r  design_1_i/processing_system7_0/inst/buffer_fclk_clk_0.FCLK_CLK_0_BUFG/O
                         net (fo=13921, routed)       0.816     1.244    design_1_i/axi_smc/inst/s00_nodes/s00_w_node/inst/inst_mi_handler/gen_normal_area.inst_fifo_node_payld/gen_xpm_memory_fifo.inst_fifo/gen_mem_rep[0].inst_xpm_memory/xpm_memory_base_inst/gen_wr_a.gen_word_narrow.mem_reg_0_31_42_47/WCLK
    SLICE_X50Y87         RAMD32                                       r  design_1_i/axi_smc/inst/s00_nodes/s00_w_node/inst/inst_mi_handler/gen_normal_area.inst_fifo_node_payld/gen_xpm_memory_fifo.inst_fifo/gen_mem_rep[0].inst_xpm_memory/xpm_memory_base_inst/gen_wr_a.gen_word_narrow.mem_reg_0_31_42_47/RAMA/CLK
                         clock pessimism             -0.041     1.203    
    SLICE_X50Y87         RAMD32 (Hold_ramd32_CLK_I)
                                                      0.147     1.350    design_1_i/axi_smc/inst/s00_nodes/s00_w_node/inst/inst_mi_handler/gen_normal_area.inst_fifo_node_payld/gen_xpm_memory_fifo.inst_fifo/gen_mem_rep[0].inst_xpm_memory/xpm_memory_base_inst/gen_wr_a.gen_word_narrow.mem_reg_0_31_42_47/RAMA
  -------------------------------------------------------------------
                         required time                         -1.350    
                         arrival time                           1.376    
  -------------------------------------------------------------------
                         slack                                  0.026    

Slack (MET) :             0.029ns  (arrival time - required time)
  Source:                 design_1_i/RFC8439_0/inst/RFC8439_v1_0_S00_AXI_inst/Rfc8439_core/poly_key_reg_reg[241]/C
                            (rising edge-triggered cell FDCE clocked by clk_fpga_0  {rise@0.000ns fall@5.000ns period=10.000ns})
  Destination:            design_1_i/RFC8439_0/inst/RFC8439_v1_0_S00_AXI_inst/Rfc8439_core/u_poly1305/s_val_reg_reg[113]/D
                            (rising edge-triggered cell FDCE clocked by clk_fpga_0  {rise@0.000ns fall@5.000ns period=10.000ns})
  Path Group:             clk_fpga_0
  Path Type:              Hold (Min at Fast Process Corner)
  Requirement:            0.000ns  (clk_fpga_0 rise@0.000ns - clk_fpga_0 rise@0.000ns)
  Data Path Delay:        0.344ns  (logic 0.164ns (47.612%)  route 0.180ns (52.388%))
  Logic Levels:           0  
  Clock Path Skew:        0.263ns (DCD - SCD - CPR)
    Destination Clock Delay (DCD):    1.277ns
    Source Clock Delay      (SCD):    0.978ns
    Clock Pessimism Removal (CPR):    0.036ns

    Location             Delay type                Incr(ns)  Path(ns)    Netlist Resource(s)
  -------------------------------------------------------------------    -------------------
                         (clock clk_fpga_0 rise edge)
                                                      0.000     0.000 r  
    PS7_X0Y0             PS7                          0.000     0.000 r  design_1_i/processing_system7_0/inst/PS7_i/FCLKCLK[0]
                         net (fo=1, routed)           0.310     0.310    design_1_i/processing_system7_0/inst/FCLK_CLK_unbuffered[0]
    BUFGCTRL_X0Y17       BUFG (Prop_bufg_I_O)         0.026     0.336 r  design_1_i/processing_system7_0/inst/buffer_fclk_clk_0.FCLK_CLK_0_BUFG_replica/O
                         net (fo=3, routed)           0.030     0.366    design_1_i/processing_system7_0/inst/FCLK_CLK0_repN
    BUFGCTRL_X0Y16       BUFG (Prop_bufg_I_O)         0.026     0.392 r  design_1_i/processing_system7_0/inst/buffer_fclk_clk_0.FCLK_CLK_0_BUFG/O
                         net (fo=13921, routed)       0.586     0.978    design_1_i/RFC8439_0/inst/RFC8439_v1_0_S00_AXI_inst/Rfc8439_core/s00_axi_aclk
    SLICE_X62Y48         FDCE                                         r  design_1_i/RFC8439_0/inst/RFC8439_v1_0_S00_AXI_inst/Rfc8439_core/poly_key_reg_reg[241]/C
  -------------------------------------------------------------------    -------------------
    SLICE_X62Y48         FDCE (Prop_fdce_C_Q)         0.164     1.142 r  design_1_i/RFC8439_0/inst/RFC8439_v1_0_S00_AXI_inst/Rfc8439_core/poly_key_reg_reg[241]/Q
                         net (fo=1, routed)           0.180     1.322    design_1_i/RFC8439_0/inst/RFC8439_v1_0_S00_AXI_inst/Rfc8439_core/u_poly1305/s_val_reg_reg[127]_0[219]
    SLICE_X62Y50         FDCE                                         r  design_1_i/RFC8439_0/inst/RFC8439_v1_0_S00_AXI_inst/Rfc8439_core/u_poly1305/s_val_reg_reg[113]/D
  -------------------------------------------------------------------    -------------------

                         (clock clk_fpga_0 rise edge)
                                                      0.000     0.000 r  
    PS7_X0Y0             PS7                          0.000     0.000 r  design_1_i/processing_system7_0/inst/PS7_i/FCLKCLK[0]
                         net (fo=1, routed)           0.337     0.337    design_1_i/processing_system7_0/inst/FCLK_CLK_unbuffered[0]
    BUFGCTRL_X0Y17       BUFG (Prop_bufg_I_O)         0.029     0.366 r  design_1_i/processing_system7_0/inst/buffer_fclk_clk_0.FCLK_CLK_0_BUFG_replica/O
                         net (fo=3, routed)           0.033     0.399    design_1_i/processing_system7_0/inst/FCLK_CLK0_repN
    BUFGCTRL_X0Y16       BUFG (Prop_bufg_I_O)         0.029     0.428 r  design_1_i/processing_system7_0/inst/buffer_fclk_clk_0.FCLK_CLK_0_BUFG/O
                         net (fo=13921, routed)       0.849     1.277    design_1_i/RFC8439_0/inst/RFC8439_v1_0_S00_AXI_inst/Rfc8439_core/u_poly1305/s00_axi_aclk
    SLICE_X62Y50         FDCE                                         r  design_1_i/RFC8439_0/inst/RFC8439_v1_0_S00_AXI_inst/Rfc8439_core/u_poly1305/s_val_reg_reg[113]/C
                         clock pessimism             -0.036     1.241    
    SLICE_X62Y50         FDCE (Hold_fdce_C_D)         0.052     1.293    design_1_i/RFC8439_0/inst/RFC8439_v1_0_S00_AXI_inst/Rfc8439_core/u_poly1305/s_val_reg_reg[113]
  -------------------------------------------------------------------
                         required time                         -1.293    
                         arrival time                           1.322    
  -------------------------------------------------------------------
                         slack                                  0.029    

Slack (MET) :             0.032ns  (arrival time - required time)
  Source:                 design_1_i/axi_smc/inst/s00_entry_pipeline/s00_si_converter/inst/converter.wrap_narrow_inst/w_accum_reg[data][7]/C
                            (rising edge-triggered cell FDRE clocked by clk_fpga_0  {rise@0.000ns fall@5.000ns period=10.000ns})
  Destination:            design_1_i/axi_smc/inst/s00_entry_pipeline/s00_si_converter/inst/converter.wrap_narrow_inst/w_payld_fifo/gen_srls[79].srl_nx1/shift_reg_reg[0]_srl32/D
                            (rising edge-triggered cell SRLC32E clocked by clk_fpga_0  {rise@0.000ns fall@5.000ns period=10.000ns})
  Path Group:             clk_fpga_0
  Path Type:              Hold (Min at Fast Process Corner)
  Requirement:            0.000ns  (clk_fpga_0 rise@0.000ns - clk_fpga_0 rise@0.000ns)
  Data Path Delay:        0.348ns  (logic 0.128ns (36.815%)  route 0.220ns (63.185%))
  Logic Levels:           0  
  Clock Path Skew:        0.259ns (DCD - SCD - CPR)
    Destination Clock Delay (DCD):    1.247ns
    Source Clock Delay      (SCD):    0.947ns
    Clock Pessimism Removal (CPR):    0.041ns

    Location             Delay type                Incr(ns)  Path(ns)    Netlist Resource(s)
  -------------------------------------------------------------------    -------------------
                         (clock clk_fpga_0 rise edge)
                                                      0.000     0.000 r  
    PS7_X0Y0             PS7                          0.000     0.000 r  design_1_i/processing_system7_0/inst/PS7_i/FCLKCLK[0]
                         net (fo=1, routed)           0.310     0.310    design_1_i/processing_system7_0/inst/FCLK_CLK_unbuffered[0]
    BUFGCTRL_X0Y17       BUFG (Prop_bufg_I_O)         0.026     0.336 r  design_1_i/processing_system7_0/inst/buffer_fclk_clk_0.FCLK_CLK_0_BUFG_replica/O
                         net (fo=3, routed)           0.030     0.366    design_1_i/processing_system7_0/inst/FCLK_CLK0_repN
    BUFGCTRL_X0Y16       BUFG (Prop_bufg_I_O)         0.026     0.392 r  design_1_i/processing_system7_0/inst/buffer_fclk_clk_0.FCLK_CLK_0_BUFG/O
                         net (fo=13921, routed)       0.555     0.947    design_1_i/axi_smc/inst/s00_entry_pipeline/s00_si_converter/inst/converter.wrap_narrow_inst/aclk
    SLICE_X47Y91         FDRE                                         r  design_1_i/axi_smc/inst/s00_entry_pipeline/s00_si_converter/inst/converter.wrap_narrow_inst/w_accum_reg[data][7]/C
  -------------------------------------------------------------------    -------------------
    SLICE_X47Y91         FDRE (Prop_fdre_C_Q)         0.128     1.075 r  design_1_i/axi_smc/inst/s00_entry_pipeline/s00_si_converter/inst/converter.wrap_narrow_inst/w_accum_reg[data][7]/Q
                         net (fo=1, routed)           0.220     1.294    design_1_i/axi_smc/inst/s00_entry_pipeline/s00_si_converter/inst/converter.wrap_narrow_inst/w_payld_fifo/gen_srls[79].srl_nx1/w_accum_mesg[0]
    SLICE_X50Y90         SRLC32E                                      r  design_1_i/axi_smc/inst/s00_entry_pipeline/s00_si_converter/inst/converter.wrap_narrow_inst/w_payld_fifo/gen_srls[79].srl_nx1/shift_reg_reg[0]_srl32/D
  -------------------------------------------------------------------    -------------------

                         (clock clk_fpga_0 rise edge)
                                                      0.000     0.000 r  
    PS7_X0Y0             PS7                          0.000     0.000 r  design_1_i/processing_system7_0/inst/PS7_i/FCLKCLK[0]
                         net (fo=1, routed)           0.337     0.337    design_1_i/processing_system7_0/inst/FCLK_CLK_unbuffered[0]
    BUFGCTRL_X0Y17       BUFG (Prop_bufg_I_O)         0.029     0.366 r  design_1_i/processing_system7_0/inst/buffer_fclk_clk_0.FCLK_CLK_0_BUFG_replica/O
                         net (fo=3, routed)           0.033     0.399    design_1_i/processing_system7_0/inst/FCLK_CLK0_repN
    BUFGCTRL_X0Y16       BUFG (Prop_bufg_I_O)         0.029     0.428 r  design_1_i/processing_system7_0/inst/buffer_fclk_clk_0.FCLK_CLK_0_BUFG/O
                         net (fo=13921, routed)       0.819     1.247    design_1_i/axi_smc/inst/s00_entry_pipeline/s00_si_converter/inst/converter.wrap_narrow_inst/w_payld_fifo/gen_srls[79].srl_nx1/aclk
    SLICE_X50Y90         SRLC32E                                      r  design_1_i/axi_smc/inst/s00_entry_pipeline/s00_si_converter/inst/converter.wrap_narrow_inst/w_payld_fifo/gen_srls[79].srl_nx1/shift_reg_reg[0]_srl32/CLK
                         clock pessimism             -0.041     1.206    
    SLICE_X50Y90         SRLC32E (Hold_srlc32e_CLK_D)
                                                      0.056     1.262    design_1_i/axi_smc/inst/s00_entry_pipeline/s00_si_converter/inst/converter.wrap_narrow_inst/w_payld_fifo/gen_srls[79].srl_nx1/shift_reg_reg[0]_srl32
  -------------------------------------------------------------------
                         required time                         -1.262    
                         arrival time                           1.294    
  -------------------------------------------------------------------
                         slack                                  0.032    

Slack (MET) :             0.033ns  (arrival time - required time)
  Source:                 design_1_i/axi_smc/inst/m02_nodes/m02_w_node/inst/inst_mi_handler/gen_normal_area.inst_fifo_node_payld/gen_xpm_memory_fifo.inst_fifo/gen_mem_rep[0].inst_xpm_memory/xpm_memory_base_inst/gen_rd_b.gen_rd_b_synth_template.gen_rf_narrow_reg.doutb_reg_reg[29]/C
                            (rising edge-triggered cell FDRE clocked by clk_fpga_0  {rise@0.000ns fall@5.000ns period=10.000ns})
  Destination:            design_1_i/axi_smc/inst/m02_exit_pipeline/m02_exit/inst/splitter_inst/gen_axi4lite.axilite_conv/m_axi_wdata_i_reg[9]/D
                            (rising edge-triggered cell FDRE clocked by clk_fpga_0  {rise@0.000ns fall@5.000ns period=10.000ns})
  Path Group:             clk_fpga_0
  Path Type:              Hold (Min at Fast Process Corner)
  Requirement:            0.000ns  (clk_fpga_0 rise@0.000ns - clk_fpga_0 rise@0.000ns)
  Data Path Delay:        0.371ns  (logic 0.164ns (44.212%)  route 0.207ns (55.788%))
  Logic Levels:           0  
  Clock Path Skew:        0.267ns (DCD - SCD - CPR)
    Destination Clock Delay (DCD):    1.248ns
    Source Clock Delay      (SCD):    0.940ns
    Clock Pessimism Removal (CPR):    0.041ns

    Location             Delay type                Incr(ns)  Path(ns)    Netlist Resource(s)
  -------------------------------------------------------------------    -------------------
                         (clock clk_fpga_0 rise edge)
                                                      0.000     0.000 r  
    PS7_X0Y0             PS7                          0.000     0.000 r  design_1_i/processing_system7_0/inst/PS7_i/FCLKCLK[0]
                         net (fo=1, routed)           0.310     0.310    design_1_i/processing_system7_0/inst/FCLK_CLK_unbuffered[0]
    BUFGCTRL_X0Y17       BUFG (Prop_bufg_I_O)         0.026     0.336 r  design_1_i/processing_system7_0/inst/buffer_fclk_clk_0.FCLK_CLK_0_BUFG_replica/O
                         net (fo=3, routed)           0.030     0.366    design_1_i/processing_system7_0/inst/FCLK_CLK0_repN
    BUFGCTRL_X0Y16       BUFG (Prop_bufg_I_O)         0.026     0.392 r  design_1_i/processing_system7_0/inst/buffer_fclk_clk_0.FCLK_CLK_0_BUFG/O
                         net (fo=13921, routed)       0.548     0.940    design_1_i/axi_smc/inst/m02_nodes/m02_w_node/inst/inst_mi_handler/gen_normal_area.inst_fifo_node_payld/gen_xpm_memory_fifo.inst_fifo/gen_mem_rep[0].inst_xpm_memory/xpm_memory_base_inst/clka
    SLICE_X50Y64         FDRE                                         r  design_1_i/axi_smc/inst/m02_nodes/m02_w_node/inst/inst_mi_handler/gen_normal_area.inst_fifo_node_payld/gen_xpm_memory_fifo.inst_fifo/gen_mem_rep[0].inst_xpm_memory/xpm_memory_base_inst/gen_rd_b.gen_rd_b_synth_template.gen_rf_narrow_reg.doutb_reg_reg[29]/C
  -------------------------------------------------------------------    -------------------
    SLICE_X50Y64         FDRE (Prop_fdre_C_Q)         0.164     1.104 r  design_1_i/axi_smc/inst/m02_nodes/m02_w_node/inst/inst_mi_handler/gen_normal_area.inst_fifo_node_payld/gen_xpm_memory_fifo.inst_fifo/gen_mem_rep[0].inst_xpm_memory/xpm_memory_base_inst/gen_rd_b.gen_rd_b_synth_template.gen_rf_narrow_reg.doutb_reg_reg[29]/Q
                         net (fo=1, routed)           0.207     1.311    design_1_i/axi_smc/inst/m02_exit_pipeline/m02_exit/inst/splitter_inst/gen_axi4lite.axilite_conv/s_axi_wdata[9]
    SLICE_X49Y62         FDRE                                         r  design_1_i/axi_smc/inst/m02_exit_pipeline/m02_exit/inst/splitter_inst/gen_axi4lite.axilite_conv/m_axi_wdata_i_reg[9]/D
  -------------------------------------------------------------------    -------------------

                         (clock clk_fpga_0 rise edge)
                                                      0.000     0.000 r  
    PS7_X0Y0             PS7                          0.000     0.000 r  design_1_i/processing_system7_0/inst/PS7_i/FCLKCLK[0]
                         net (fo=1, routed)           0.337     0.337    design_1_i/processing_system7_0/inst/FCLK_CLK_unbuffered[0]
    BUFGCTRL_X0Y17       BUFG (Prop_bufg_I_O)         0.029     0.366 r  design_1_i/processing_system7_0/inst/buffer_fclk_clk_0.FCLK_CLK_0_BUFG_replica/O
                         net (fo=3, routed)           0.033     0.399    design_1_i/processing_system7_0/inst/FCLK_CLK0_repN
    BUFGCTRL_X0Y16       BUFG (Prop_bufg_I_O)         0.029     0.428 r  design_1_i/processing_system7_0/inst/buffer_fclk_clk_0.FCLK_CLK_0_BUFG/O
                         net (fo=13921, routed)       0.820     1.248    design_1_i/axi_smc/inst/m02_exit_pipeline/m02_exit/inst/splitter_inst/gen_axi4lite.axilite_conv/aclk
    SLICE_X49Y62         FDRE                                         r  design_1_i/axi_smc/inst/m02_exit_pipeline/m02_exit/inst/splitter_inst/gen_axi4lite.axilite_conv/m_axi_wdata_i_reg[9]/C
                         clock pessimism             -0.041     1.207    
    SLICE_X49Y62         FDRE (Hold_fdre_C_D)         0.071     1.278    design_1_i/axi_smc/inst/m02_exit_pipeline/m02_exit/inst/splitter_inst/gen_axi4lite.axilite_conv/m_axi_wdata_i_reg[9]
  -------------------------------------------------------------------
                         required time                         -1.278    
                         arrival time                           1.311    
  -------------------------------------------------------------------
                         slack                                  0.033    

Slack (MET) :             0.037ns  (arrival time - required time)
  Source:                 design_1_i/axi_smc/inst/s00_entry_pipeline/s00_si_converter/inst/converter.wrap_narrow_inst/aw_reg_slice/m_vector_i_reg[1069]/C
                            (rising edge-triggered cell FDRE clocked by clk_fpga_0  {rise@0.000ns fall@5.000ns period=10.000ns})
  Destination:            design_1_i/axi_smc/inst/s00_nodes/s00_aw_node/inst/inst_mi_handler/gen_normal_area.inst_fifo_node_payld/gen_xpm_memory_fifo.inst_fifo/gen_mem_rep[0].inst_xpm_memory/xpm_memory_base_inst/gen_wr_a.gen_word_narrow.mem_reg_0_31_108_113/RAMA/I
                            (rising edge-triggered cell RAMD32 clocked by clk_fpga_0  {rise@0.000ns fall@5.000ns period=10.000ns})
  Path Group:             clk_fpga_0
  Path Type:              Hold (Min at Fast Process Corner)
  Requirement:            0.000ns  (clk_fpga_0 rise@0.000ns - clk_fpga_0 rise@0.000ns)
  Data Path Delay:        0.197ns  (logic 0.141ns (71.611%)  route 0.056ns (28.389%))
  Logic Levels:           0  
  Clock Path Skew:        0.013ns (DCD - SCD - CPR)
    Destination Clock Delay (DCD):    1.273ns
    Source Clock Delay      (SCD):    0.968ns
    Clock Pessimism Removal (CPR):    0.292ns

    Location             Delay type                Incr(ns)  Path(ns)    Netlist Resource(s)
  -------------------------------------------------------------------    -------------------
                         (clock clk_fpga_0 rise edge)
                                                      0.000     0.000 r  
    PS7_X0Y0             PS7                          0.000     0.000 r  design_1_i/processing_system7_0/inst/PS7_i/FCLKCLK[0]
                         net (fo=1, routed)           0.310     0.310    design_1_i/processing_system7_0/inst/FCLK_CLK_unbuffered[0]
    BUFGCTRL_X0Y17       BUFG (Prop_bufg_I_O)         0.026     0.336 r  design_1_i/processing_system7_0/inst/buffer_fclk_clk_0.FCLK_CLK_0_BUFG_replica/O
                         net (fo=3, routed)           0.030     0.366    design_1_i/processing_system7_0/inst/FCLK_CLK0_repN
    BUFGCTRL_X0Y16       BUFG (Prop_bufg_I_O)         0.026     0.392 r  design_1_i/processing_system7_0/inst/buffer_fclk_clk_0.FCLK_CLK_0_BUFG/O
                         net (fo=13921, routed)       0.576     0.968    design_1_i/axi_smc/inst/s00_entry_pipeline/s00_si_converter/inst/converter.wrap_narrow_inst/aw_reg_slice/aclk
    SLICE_X55Y94         FDRE                                         r  design_1_i/axi_smc/inst/s00_entry_pipeline/s00_si_converter/inst/converter.wrap_narrow_inst/aw_reg_slice/m_vector_i_reg[1069]/C
  -------------------------------------------------------------------    -------------------
    SLICE_X55Y94         FDRE (Prop_fdre_C_Q)         0.141     1.109 r  design_1_i/axi_smc/inst/s00_entry_pipeline/s00_si_converter/inst/converter.wrap_narrow_inst/aw_reg_slice/m_vector_i_reg[1069]/Q
                         net (fo=1, routed)           0.056     1.164    design_1_i/axi_smc/inst/s00_nodes/s00_aw_node/inst/inst_mi_handler/gen_normal_area.inst_fifo_node_payld/gen_xpm_memory_fifo.inst_fifo/gen_mem_rep[0].inst_xpm_memory/xpm_memory_base_inst/gen_wr_a.gen_word_narrow.mem_reg_0_31_108_113/DIA0
    SLICE_X54Y94         RAMD32                                       r  design_1_i/axi_smc/inst/s00_nodes/s00_aw_node/inst/inst_mi_handler/gen_normal_area.inst_fifo_node_payld/gen_xpm_memory_fifo.inst_fifo/gen_mem_rep[0].inst_xpm_memory/xpm_memory_base_inst/gen_wr_a.gen_word_narrow.mem_reg_0_31_108_113/RAMA/I
  -------------------------------------------------------------------    -------------------

                         (clock clk_fpga_0 rise edge)
                                                      0.000     0.000 r  
    PS7_X0Y0             PS7                          0.000     0.000 r  design_1_i/processing_system7_0/inst/PS7_i/FCLKCLK[0]
                         net (fo=1, routed)           0.337     0.337    design_1_i/processing_system7_0/inst/FCLK_CLK_unbuffered[0]
    BUFGCTRL_X0Y17       BUFG (Prop_bufg_I_O)         0.029     0.366 r  design_1_i/processing_system7_0/inst/buffer_fclk_clk_0.FCLK_CLK_0_BUFG_replica/O
                         net (fo=3, routed)           0.033     0.399    design_1_i/processing_system7_0/inst/FCLK_CLK0_repN
    BUFGCTRL_X0Y16       BUFG (Prop_bufg_I_O)         0.029     0.428 r  design_1_i/processing_system7_0/inst/buffer_fclk_clk_0.FCLK_CLK_0_BUFG/O
                         net (fo=13921, routed)       0.845     1.273    design_1_i/axi_smc/inst/s00_nodes/s00_aw_node/inst/inst_mi_handler/gen_normal_area.inst_fifo_node_payld/gen_xpm_memory_fifo.inst_fifo/gen_mem_rep[0].inst_xpm_memory/xpm_memory_base_inst/gen_wr_a.gen_word_narrow.mem_reg_0_31_108_113/WCLK
    SLICE_X54Y94         RAMD32                                       r  design_1_i/axi_smc/inst/s00_nodes/s00_aw_node/inst/inst_mi_handler/gen_normal_area.inst_fifo_node_payld/gen_xpm_memory_fifo.inst_fifo/gen_mem_rep[0].inst_xpm_memory/xpm_memory_base_inst/gen_wr_a.gen_word_narrow.mem_reg_0_31_108_113/RAMA/CLK
                         clock pessimism             -0.292     0.981    
    SLICE_X54Y94         RAMD32 (Hold_ramd32_CLK_I)
                                                      0.147     1.128    design_1_i/axi_smc/inst/s00_nodes/s00_aw_node/inst/inst_mi_handler/gen_normal_area.inst_fifo_node_payld/gen_xpm_memory_fifo.inst_fifo/gen_mem_rep[0].inst_xpm_memory/xpm_memory_base_inst/gen_wr_a.gen_word_narrow.mem_reg_0_31_108_113/RAMA
  -------------------------------------------------------------------
                         required time                         -1.128    
                         arrival time                           1.164    
  -------------------------------------------------------------------
                         slack                                  0.037    

Slack (MET) :             0.037ns  (arrival time - required time)
  Source:                 design_1_i/RFC8439_0/inst/RFC8439_v1_0_S00_AXI_inst/Rfc8439_core/u_poly1305/h_full_reg[0]/C
                            (rising edge-triggered cell FDCE clocked by clk_fpga_0  {rise@0.000ns fall@5.000ns period=10.000ns})
  Destination:            design_1_i/RFC8439_0/inst/RFC8439_v1_0_S00_AXI_inst/Rfc8439_core/u_poly1305/mac_tag_reg[0]/D
                            (rising edge-triggered cell FDCE clocked by clk_fpga_0  {rise@0.000ns fall@5.000ns period=10.000ns})
  Path Group:             clk_fpga_0
  Path Type:              Hold (Min at Fast Process Corner)
  Requirement:            0.000ns  (clk_fpga_0 rise@0.000ns - clk_fpga_0 rise@0.000ns)
  Data Path Delay:        0.469ns  (logic 0.288ns (61.358%)  route 0.181ns (38.642%))
  Logic Levels:           1  (CARRY4=1)
  Clock Path Skew:        0.327ns (DCD - SCD - CPR)
    Destination Clock Delay (DCD):    1.273ns
    Source Clock Delay      (SCD):    0.916ns
    Clock Pessimism Removal (CPR):    0.030ns

    Location             Delay type                Incr(ns)  Path(ns)    Netlist Resource(s)
  -------------------------------------------------------------------    -------------------
                         (clock clk_fpga_0 rise edge)
                                                      0.000     0.000 r  
    PS7_X0Y0             PS7                          0.000     0.000 r  design_1_i/processing_system7_0/inst/PS7_i/FCLKCLK[0]
                         net (fo=1, routed)           0.310     0.310    design_1_i/processing_system7_0/inst/FCLK_CLK_unbuffered[0]
    BUFGCTRL_X0Y17       BUFG (Prop_bufg_I_O)         0.026     0.336 r  design_1_i/processing_system7_0/inst/buffer_fclk_clk_0.FCLK_CLK_0_BUFG_replica/O
                         net (fo=3, routed)           0.580     0.916    design_1_i/RFC8439_0/inst/RFC8439_v1_0_S00_AXI_inst/Rfc8439_core/u_poly1305/FCLK_CLK0_repN_alias
    SLICE_X31Y21         FDCE                                         r  design_1_i/RFC8439_0/inst/RFC8439_v1_0_S00_AXI_inst/Rfc8439_core/u_poly1305/h_full_reg[0]/C
  -------------------------------------------------------------------    -------------------
    SLICE_X31Y21         FDCE (Prop_fdce_C_Q)         0.141     1.057 r  design_1_i/RFC8439_0/inst/RFC8439_v1_0_S00_AXI_inst/Rfc8439_core/u_poly1305/h_full_reg[0]/Q
                         net (fo=2, routed)           0.181     1.238    design_1_i/RFC8439_0/inst/RFC8439_v1_0_S00_AXI_inst/Rfc8439_core/u_poly1305/h_full[0]
    SLICE_X31Y22         CARRY4 (Prop_carry4_CYINIT_O[0])
                                                      0.147     1.385 r  design_1_i/RFC8439_0/inst/RFC8439_v1_0_S00_AXI_inst/Rfc8439_core/u_poly1305/mac_tag_reg[3]_i_1/O[0]
                         net (fo=1, routed)           0.000     1.385    design_1_i/RFC8439_0/inst/RFC8439_v1_0_S00_AXI_inst/Rfc8439_core/u_poly1305/mac_tag_reg[3]_i_1_n_7
    SLICE_X31Y22         FDCE                                         r  design_1_i/RFC8439_0/inst/RFC8439_v1_0_S00_AXI_inst/Rfc8439_core/u_poly1305/mac_tag_reg[0]/D
  -------------------------------------------------------------------    -------------------

                         (clock clk_fpga_0 rise edge)
                                                      0.000     0.000 r  
    PS7_X0Y0             PS7                          0.000     0.000 r  design_1_i/processing_system7_0/inst/PS7_i/FCLKCLK[0]
                         net (fo=1, routed)           0.337     0.337    design_1_i/processing_system7_0/inst/FCLK_CLK_unbuffered[0]
    BUFGCTRL_X0Y17       BUFG (Prop_bufg_I_O)         0.029     0.366 r  design_1_i/processing_system7_0/inst/buffer_fclk_clk_0.FCLK_CLK_0_BUFG_replica/O
                         net (fo=3, routed)           0.033     0.399    design_1_i/processing_system7_0/inst/FCLK_CLK0_repN
    BUFGCTRL_X0Y16       BUFG (Prop_bufg_I_O)         0.029     0.428 r  design_1_i/processing_system7_0/inst/buffer_fclk_clk_0.FCLK_CLK_0_BUFG/O
                         net (fo=13921, routed)       0.845     1.273    design_1_i/RFC8439_0/inst/RFC8439_v1_0_S00_AXI_inst/Rfc8439_core/u_poly1305/s00_axi_aclk
    SLICE_X31Y22         FDCE                                         r  design_1_i/RFC8439_0/inst/RFC8439_v1_0_S00_AXI_inst/Rfc8439_core/u_poly1305/mac_tag_reg[0]/C
                         clock pessimism             -0.030     1.243    
    SLICE_X31Y22         FDCE (Hold_fdce_C_D)         0.105     1.348    design_1_i/RFC8439_0/inst/RFC8439_v1_0_S00_AXI_inst/Rfc8439_core/u_poly1305/mac_tag_reg[0]
  -------------------------------------------------------------------
                         required time                         -1.348    
                         arrival time                           1.385    
  -------------------------------------------------------------------
                         slack                                  0.037    

Slack (MET) :             0.038ns  (arrival time - required time)
  Source:                 design_1_i/axi_smc/inst/m02_exit_pipeline/m02_exit/inst/w_reg/m_vector_i_reg[1029]/C
                            (rising edge-triggered cell FDRE clocked by clk_fpga_0  {rise@0.000ns fall@5.000ns period=10.000ns})
  Destination:            design_1_i/RFC8439_0/inst/RFC8439_v1_0_S00_AXI_inst/slv_reg7_reg[4]/D
                            (rising edge-triggered cell FDRE clocked by clk_fpga_0  {rise@0.000ns fall@5.000ns period=10.000ns})
  Path Group:             clk_fpga_0
  Path Type:              Hold (Min at Fast Process Corner)
  Requirement:            0.000ns  (clk_fpga_0 rise@0.000ns - clk_fpga_0 rise@0.000ns)
  Data Path Delay:        0.374ns  (logic 0.141ns (37.734%)  route 0.233ns (62.266%))
  Logic Levels:           0  
  Clock Path Skew:        0.269ns (DCD - SCD - CPR)
    Destination Clock Delay (DCD):    1.252ns
    Source Clock Delay      (SCD):    0.942ns
    Clock Pessimism Removal (CPR):    0.041ns

    Location             Delay type                Incr(ns)  Path(ns)    Netlist Resource(s)
  -------------------------------------------------------------------    -------------------
                         (clock clk_fpga_0 rise edge)
                                                      0.000     0.000 r  
    PS7_X0Y0             PS7                          0.000     0.000 r  design_1_i/processing_system7_0/inst/PS7_i/FCLKCLK[0]
                         net (fo=1, routed)           0.310     0.310    design_1_i/processing_system7_0/inst/FCLK_CLK_unbuffered[0]
    BUFGCTRL_X0Y17       BUFG (Prop_bufg_I_O)         0.026     0.336 r  design_1_i/processing_system7_0/inst/buffer_fclk_clk_0.FCLK_CLK_0_BUFG_replica/O
                         net (fo=3, routed)           0.030     0.366    design_1_i/processing_system7_0/inst/FCLK_CLK0_repN
    BUFGCTRL_X0Y16       BUFG (Prop_bufg_I_O)         0.026     0.392 r  design_1_i/processing_system7_0/inst/buffer_fclk_clk_0.FCLK_CLK_0_BUFG/O
                         net (fo=13921, routed)       0.550     0.942    design_1_i/axi_smc/inst/m02_exit_pipeline/m02_exit/inst/w_reg/aclk
    SLICE_X51Y60         FDRE                                         r  design_1_i/axi_smc/inst/m02_exit_pipeline/m02_exit/inst/w_reg/m_vector_i_reg[1029]/C
  -------------------------------------------------------------------    -------------------
    SLICE_X51Y60         FDRE (Prop_fdre_C_Q)         0.141     1.083 r  design_1_i/axi_smc/inst/m02_exit_pipeline/m02_exit/inst/w_reg/m_vector_i_reg[1029]/Q
                         net (fo=15, routed)          0.233     1.315    design_1_i/RFC8439_0/inst/RFC8439_v1_0_S00_AXI_inst/s00_axi_wdata[4]
    SLICE_X49Y56         FDRE                                         r  design_1_i/RFC8439_0/inst/RFC8439_v1_0_S00_AXI_inst/slv_reg7_reg[4]/D
  -------------------------------------------------------------------    -------------------

                         (clock clk_fpga_0 rise edge)
                                                      0.000     0.000 r  
    PS7_X0Y0             PS7                          0.000     0.000 r  design_1_i/processing_system7_0/inst/PS7_i/FCLKCLK[0]
                         net (fo=1, routed)           0.337     0.337    design_1_i/processing_system7_0/inst/FCLK_CLK_unbuffered[0]
    BUFGCTRL_X0Y17       BUFG (Prop_bufg_I_O)         0.029     0.366 r  design_1_i/processing_system7_0/inst/buffer_fclk_clk_0.FCLK_CLK_0_BUFG_replica/O
                         net (fo=3, routed)           0.033     0.399    design_1_i/processing_system7_0/inst/FCLK_CLK0_repN
    BUFGCTRL_X0Y16       BUFG (Prop_bufg_I_O)         0.029     0.428 r  design_1_i/processing_system7_0/inst/buffer_fclk_clk_0.FCLK_CLK_0_BUFG/O
                         net (fo=13921, routed)       0.824     1.252    design_1_i/RFC8439_0/inst/RFC8439_v1_0_S00_AXI_inst/s00_axi_aclk
    SLICE_X49Y56         FDRE                                         r  design_1_i/RFC8439_0/inst/RFC8439_v1_0_S00_AXI_inst/slv_reg7_reg[4]/C
                         clock pessimism             -0.041     1.211    
    SLICE_X49Y56         FDRE (Hold_fdre_C_D)         0.066     1.277    design_1_i/RFC8439_0/inst/RFC8439_v1_0_S00_AXI_inst/slv_reg7_reg[4]
  -------------------------------------------------------------------
                         required time                         -1.277    
                         arrival time                           1.315    
  -------------------------------------------------------------------
                         slack                                  0.038    

Slack (MET) :             0.039ns  (arrival time - required time)
  Source:                 design_1_i/axi_smc/inst/switchboards/r_switchboard/inst/gen_mi[0].inst_opipe_payld/gen_pipe[1].pipe_reg[1][27]/C
                            (rising edge-triggered cell FDRE clocked by clk_fpga_0  {rise@0.000ns fall@5.000ns period=10.000ns})
  Destination:            design_1_i/axi_smc/inst/s00_nodes/s00_r_node/inst/inst_mi_handler/gen_normal_area.inst_fifo_node_payld/gen_xpm_memory_fifo.inst_fifo/gen_mem_rep[0].inst_xpm_memory/xpm_memory_base_inst/gen_wr_a.gen_word_narrow.mem_reg_0_31_24_29/RAMB_D1/I
                            (rising edge-triggered cell RAMD32 clocked by clk_fpga_0  {rise@0.000ns fall@5.000ns period=10.000ns})
  Path Group:             clk_fpga_0
  Path Type:              Hold (Min at Fast Process Corner)
  Requirement:            0.000ns  (clk_fpga_0 rise@0.000ns - clk_fpga_0 rise@0.000ns)
  Data Path Delay:        0.426ns  (logic 0.141ns (33.067%)  route 0.285ns (66.933%))
  Logic Levels:           0  
  Clock Path Skew:        0.263ns (DCD - SCD - CPR)
    Destination Clock Delay (DCD):    1.243ns
    Source Clock Delay      (SCD):    0.939ns
    Clock Pessimism Removal (CPR):    0.041ns

    Location             Delay type                Incr(ns)  Path(ns)    Netlist Resource(s)
  -------------------------------------------------------------------    -------------------
                         (clock clk_fpga_0 rise edge)
                                                      0.000     0.000 r  
    PS7_X0Y0             PS7                          0.000     0.000 r  design_1_i/processing_system7_0/inst/PS7_i/FCLKCLK[0]
                         net (fo=1, routed)           0.310     0.310    design_1_i/processing_system7_0/inst/FCLK_CLK_unbuffered[0]
    BUFGCTRL_X0Y17       BUFG (Prop_bufg_I_O)         0.026     0.336 r  design_1_i/processing_system7_0/inst/buffer_fclk_clk_0.FCLK_CLK_0_BUFG_replica/O
                         net (fo=3, routed)           0.030     0.366    design_1_i/processing_system7_0/inst/FCLK_CLK0_repN
    BUFGCTRL_X0Y16       BUFG (Prop_bufg_I_O)         0.026     0.392 r  design_1_i/processing_system7_0/inst/buffer_fclk_clk_0.FCLK_CLK_0_BUFG/O
                         net (fo=13921, routed)       0.547     0.939    design_1_i/axi_smc/inst/switchboards/r_switchboard/inst/gen_mi[0].inst_opipe_payld/aclk
    SLICE_X51Y66         FDRE                                         r  design_1_i/axi_smc/inst/switchboards/r_switchboard/inst/gen_mi[0].inst_opipe_payld/gen_pipe[1].pipe_reg[1][27]/C
  -------------------------------------------------------------------    -------------------
    SLICE_X51Y66         FDRE (Prop_fdre_C_Q)         0.141     1.080 r  design_1_i/axi_smc/inst/switchboards/r_switchboard/inst/gen_mi[0].inst_opipe_payld/gen_pipe[1].pipe_reg[1][27]/Q
                         net (fo=1, routed)           0.285     1.365    design_1_i/axi_smc/inst/s00_nodes/s00_r_node/inst/inst_mi_handler/gen_normal_area.inst_fifo_node_payld/gen_xpm_memory_fifo.inst_fifo/gen_mem_rep[0].inst_xpm_memory/xpm_memory_base_inst/gen_wr_a.gen_word_narrow.mem_reg_0_31_24_29/DIB1
    SLICE_X38Y68         RAMD32                                       r  design_1_i/axi_smc/inst/s00_nodes/s00_r_node/inst/inst_mi_handler/gen_normal_area.inst_fifo_node_payld/gen_xpm_memory_fifo.inst_fifo/gen_mem_rep[0].inst_xpm_memory/xpm_memory_base_inst/gen_wr_a.gen_word_narrow.mem_reg_0_31_24_29/RAMB_D1/I
  -------------------------------------------------------------------    -------------------

                         (clock clk_fpga_0 rise edge)
                                                      0.000     0.000 r  
    PS7_X0Y0             PS7                          0.000     0.000 r  design_1_i/processing_system7_0/inst/PS7_i/FCLKCLK[0]
                         net (fo=1, routed)           0.337     0.337    design_1_i/processing_system7_0/inst/FCLK_CLK_unbuffered[0]
    BUFGCTRL_X0Y17       BUFG (Prop_bufg_I_O)         0.029     0.366 r  design_1_i/processing_system7_0/inst/buffer_fclk_clk_0.FCLK_CLK_0_BUFG_replica/O
                         net (fo=3, routed)           0.033     0.399    design_1_i/processing_system7_0/inst/FCLK_CLK0_repN
    BUFGCTRL_X0Y16       BUFG (Prop_bufg_I_O)         0.029     0.428 r  design_1_i/processing_system7_0/inst/buffer_fclk_clk_0.FCLK_CLK_0_BUFG/O
                         net (fo=13921, routed)       0.815     1.243    design_1_i/axi_smc/inst/s00_nodes/s00_r_node/inst/inst_mi_handler/gen_normal_area.inst_fifo_node_payld/gen_xpm_memory_fifo.inst_fifo/gen_mem_rep[0].inst_xpm_memory/xpm_memory_base_inst/gen_wr_a.gen_word_narrow.mem_reg_0_31_24_29/WCLK
    SLICE_X38Y68         RAMD32                                       r  design_1_i/axi_smc/inst/s00_nodes/s00_r_node/inst/inst_mi_handler/gen_normal_area.inst_fifo_node_payld/gen_xpm_memory_fifo.inst_fifo/gen_mem_rep[0].inst_xpm_memory/xpm_memory_base_inst/gen_wr_a.gen_word_narrow.mem_reg_0_31_24_29/RAMB_D1/CLK
                         clock pessimism             -0.041     1.202    
    SLICE_X38Y68         RAMD32 (Hold_ramd32_CLK_I)
                                                      0.124     1.326    design_1_i/axi_smc/inst/s00_nodes/s00_r_node/inst/inst_mi_handler/gen_normal_area.inst_fifo_node_payld/gen_xpm_memory_fifo.inst_fifo/gen_mem_rep[0].inst_xpm_memory/xpm_memory_base_inst/gen_wr_a.gen_word_narrow.mem_reg_0_31_24_29/RAMB_D1
  -------------------------------------------------------------------
                         required time                         -1.326    
                         arrival time                           1.365    
  -------------------------------------------------------------------
                         slack                                  0.039    

Slack (MET) :             0.040ns  (arrival time - required time)
  Source:                 design_1_i/axi_smc/inst/s00_entry_pipeline/s00_transaction_regulator/inst/gen_endpoint.gen_w_multithread.w_multithread/gen_pipe.sr_acmd_reg[1067]/C
                            (rising edge-triggered cell FDRE clocked by clk_fpga_0  {rise@0.000ns fall@5.000ns period=10.000ns})
  Destination:            design_1_i/axi_smc/inst/s00_entry_pipeline/s00_transaction_regulator/inst/gen_endpoint.gen_w_multithread.w_multithread/cmd_reg/skid_buffer_reg[1067]/D
                            (rising edge-triggered cell FDRE clocked by clk_fpga_0  {rise@0.000ns fall@5.000ns period=10.000ns})
  Path Group:             clk_fpga_0
  Path Type:              Hold (Min at Fast Process Corner)
  Requirement:            0.000ns  (clk_fpga_0 rise@0.000ns - clk_fpga_0 rise@0.000ns)
  Data Path Delay:        0.369ns  (logic 0.141ns (38.198%)  route 0.228ns (61.802%))
  Logic Levels:           0  
  Clock Path Skew:        0.259ns (DCD - SCD - CPR)
    Destination Clock Delay (DCD):    1.335ns
    Source Clock Delay      (SCD):    1.031ns
    Clock Pessimism Removal (CPR):    0.045ns

    Location             Delay type                Incr(ns)  Path(ns)    Netlist Resource(s)
  -------------------------------------------------------------------    -------------------
                         (clock clk_fpga_0 rise edge)
                                                      0.000     0.000 r  
    PS7_X0Y0             PS7                          0.000     0.000 r  design_1_i/processing_system7_0/inst/PS7_i/FCLKCLK[0]
                         net (fo=1, routed)           0.310     0.310    design_1_i/processing_system7_0/inst/FCLK_CLK_unbuffered[0]
    BUFGCTRL_X0Y17       BUFG (Prop_bufg_I_O)         0.026     0.336 r  design_1_i/processing_system7_0/inst/buffer_fclk_clk_0.FCLK_CLK_0_BUFG_replica/O
                         net (fo=3, routed)           0.030     0.366    design_1_i/processing_system7_0/inst/FCLK_CLK0_repN
    BUFGCTRL_X0Y16       BUFG (Prop_bufg_I_O)         0.026     0.392 r  design_1_i/processing_system7_0/inst/buffer_fclk_clk_0.FCLK_CLK_0_BUFG/O
                         net (fo=13921, routed)       0.639     1.031    design_1_i/axi_smc/inst/s00_entry_pipeline/s00_transaction_regulator/inst/gen_endpoint.gen_w_multithread.w_multithread/aclk
    SLICE_X47Y100        FDRE                                         r  design_1_i/axi_smc/inst/s00_entry_pipeline/s00_transaction_regulator/inst/gen_endpoint.gen_w_multithread.w_multithread/gen_pipe.sr_acmd_reg[1067]/C
  -------------------------------------------------------------------    -------------------
    SLICE_X47Y100        FDRE (Prop_fdre_C_Q)         0.141     1.172 r  design_1_i/axi_smc/inst/s00_entry_pipeline/s00_transaction_regulator/inst/gen_endpoint.gen_w_multithread.w_multithread/gen_pipe.sr_acmd_reg[1067]/Q
                         net (fo=2, routed)           0.228     1.400    design_1_i/axi_smc/inst/s00_entry_pipeline/s00_transaction_regulator/inst/gen_endpoint.gen_w_multithread.w_multithread/cmd_reg/skid_buffer_reg[1144]_0[38]
    SLICE_X51Y100        FDRE                                         r  design_1_i/axi_smc/inst/s00_entry_pipeline/s00_transaction_regulator/inst/gen_endpoint.gen_w_multithread.w_multithread/cmd_reg/skid_buffer_reg[1067]/D
  -------------------------------------------------------------------    -------------------

                         (clock clk_fpga_0 rise edge)
                                                      0.000     0.000 r  
    PS7_X0Y0             PS7                          0.000     0.000 r  design_1_i/processing_system7_0/inst/PS7_i/FCLKCLK[0]
                         net (fo=1, routed)           0.337     0.337    design_1_i/processing_system7_0/inst/FCLK_CLK_unbuffered[0]
    BUFGCTRL_X0Y17       BUFG (Prop_bufg_I_O)         0.029     0.366 r  design_1_i/processing_system7_0/inst/buffer_fclk_clk_0.FCLK_CLK_0_BUFG_replica/O
                         net (fo=3, routed)           0.033     0.399    design_1_i/processing_system7_0/inst/FCLK_CLK0_repN
    BUFGCTRL_X0Y16       BUFG (Prop_bufg_I_O)         0.029     0.428 r  design_1_i/processing_system7_0/inst/buffer_fclk_clk_0.FCLK_CLK_0_BUFG/O
                         net (fo=13921, routed)       0.907     1.335    design_1_i/axi_smc/inst/s00_entry_pipeline/s00_transaction_regulator/inst/gen_endpoint.gen_w_multithread.w_multithread/cmd_reg/aclk
    SLICE_X51Y100        FDRE                                         r  design_1_i/axi_smc/inst/s00_entry_pipeline/s00_transaction_regulator/inst/gen_endpoint.gen_w_multithread.w_multithread/cmd_reg/skid_buffer_reg[1067]/C
                         clock pessimism             -0.045     1.290    
    SLICE_X51Y100        FDRE (Hold_fdre_C_D)         0.070     1.360    design_1_i/axi_smc/inst/s00_entry_pipeline/s00_transaction_regulator/inst/gen_endpoint.gen_w_multithread.w_multithread/cmd_reg/skid_buffer_reg[1067]
  -------------------------------------------------------------------
                         required time                         -1.360    
                         arrival time                           1.400    
  -------------------------------------------------------------------
                         slack                                  0.040    





Pulse Width Checks
--------------------------------------------------------------------------------------
Clock Name:         clk_fpga_0
Waveform(ns):       { 0.000 5.000 }
Period(ns):         10.000
Sources:            { design_1_i/processing_system7_0/inst/PS7_i/FCLKCLK[0] }

Check Type        Corner  Lib Pin             Reference Pin  Required(ns)  Actual(ns)  Slack(ns)  Location      Pin
Min Period        n/a     RAMB36E1/CLKARDCLK  n/a            2.576         10.000      7.424      RAMB36_X3Y10  design_1_i/blk_mem_gen_0/U0/inst_blk_mem_gen/gnbram.gnative_mem_map_bmg.native_mem_map_blk_mem_gen/valid.cstr/ramloop[0].ram.r/prim_noinit.ram/DEVICE_7SERIES.WITH_BMM_INFO.TRUE_DP.SIMPLE_PRIM36.TDP_SP36_NO_ECC_ATTR.ram/CLKARDCLK
Min Period        n/a     RAMB36E1/CLKBWRCLK  n/a            2.576         10.000      7.424      RAMB36_X3Y10  design_1_i/blk_mem_gen_0/U0/inst_blk_mem_gen/gnbram.gnative_mem_map_bmg.native_mem_map_blk_mem_gen/valid.cstr/ramloop[0].ram.r/prim_noinit.ram/DEVICE_7SERIES.WITH_BMM_INFO.TRUE_DP.SIMPLE_PRIM36.TDP_SP36_NO_ECC_ATTR.ram/CLKBWRCLK
Min Period        n/a     RAMB36E1/CLKARDCLK  n/a            2.576         10.000      7.424      RAMB36_X3Y11  design_1_i/blk_mem_gen_0/U0/inst_blk_mem_gen/gnbram.gnative_mem_map_bmg.native_mem_map_blk_mem_gen/valid.cstr/ramloop[10].ram.r/prim_noinit.ram/DEVICE_7SERIES.WITH_BMM_INFO.TRUE_DP.SIMPLE_PRIM36.TDP_SP36_NO_ECC_ATTR.ram/CLKARDCLK
Min Period        n/a     RAMB36E1/CLKBWRCLK  n/a            2.576         10.000      7.424      RAMB36_X3Y11  design_1_i/blk_mem_gen_0/U0/inst_blk_mem_gen/gnbram.gnative_mem_map_bmg.native_mem_map_blk_mem_gen/valid.cstr/ramloop[10].ram.r/prim_noinit.ram/DEVICE_7SERIES.WITH_BMM_INFO.TRUE_DP.SIMPLE_PRIM36.TDP_SP36_NO_ECC_ATTR.ram/CLKBWRCLK
Min Period        n/a     RAMB36E1/CLKARDCLK  n/a            2.576         10.000      7.424      RAMB36_X4Y11  design_1_i/blk_mem_gen_0/U0/inst_blk_mem_gen/gnbram.gnative_mem_map_bmg.native_mem_map_blk_mem_gen/valid.cstr/ramloop[11].ram.r/prim_noinit.ram/DEVICE_7SERIES.WITH_BMM_INFO.TRUE_DP.SIMPLE_PRIM36.TDP_SP36_NO_ECC_ATTR.ram/CLKARDCLK
Min Period        n/a     RAMB36E1/CLKBWRCLK  n/a            2.576         10.000      7.424      RAMB36_X4Y11  design_1_i/blk_mem_gen_0/U0/inst_blk_mem_gen/gnbram.gnative_mem_map_bmg.native_mem_map_blk_mem_gen/valid.cstr/ramloop[11].ram.r/prim_noinit.ram/DEVICE_7SERIES.WITH_BMM_INFO.TRUE_DP.SIMPLE_PRIM36.TDP_SP36_NO_ECC_ATTR.ram/CLKBWRCLK
Min Period        n/a     RAMB36E1/CLKARDCLK  n/a            2.576         10.000      7.424      RAMB36_X3Y6   design_1_i/blk_mem_gen_0/U0/inst_blk_mem_gen/gnbram.gnative_mem_map_bmg.native_mem_map_blk_mem_gen/valid.cstr/ramloop[12].ram.r/prim_noinit.ram/DEVICE_7SERIES.WITH_BMM_INFO.TRUE_DP.SIMPLE_PRIM36.TDP_SP36_NO_ECC_ATTR.ram/CLKARDCLK
Min Period        n/a     RAMB36E1/CLKBWRCLK  n/a            2.576         10.000      7.424      RAMB36_X3Y6   design_1_i/blk_mem_gen_0/U0/inst_blk_mem_gen/gnbram.gnative_mem_map_bmg.native_mem_map_blk_mem_gen/valid.cstr/ramloop[12].ram.r/prim_noinit.ram/DEVICE_7SERIES.WITH_BMM_INFO.TRUE_DP.SIMPLE_PRIM36.TDP_SP36_NO_ECC_ATTR.ram/CLKBWRCLK
Min Period        n/a     RAMB36E1/CLKARDCLK  n/a            2.576         10.000      7.424      RAMB36_X3Y7   design_1_i/blk_mem_gen_0/U0/inst_blk_mem_gen/gnbram.gnative_mem_map_bmg.native_mem_map_blk_mem_gen/valid.cstr/ramloop[13].ram.r/prim_noinit.ram/DEVICE_7SERIES.WITH_BMM_INFO.TRUE_DP.SIMPLE_PRIM36.TDP_SP36_NO_ECC_ATTR.ram/CLKARDCLK
Min Period        n/a     RAMB36E1/CLKBWRCLK  n/a            2.576         10.000      7.424      RAMB36_X3Y7   design_1_i/blk_mem_gen_0/U0/inst_blk_mem_gen/gnbram.gnative_mem_map_bmg.native_mem_map_blk_mem_gen/valid.cstr/ramloop[13].ram.r/prim_noinit.ram/DEVICE_7SERIES.WITH_BMM_INFO.TRUE_DP.SIMPLE_PRIM36.TDP_SP36_NO_ECC_ATTR.ram/CLKBWRCLK
Low Pulse Width   Slow    RAMD32/CLK          n/a            1.250         5.000       3.750      SLICE_X46Y76  design_1_i/axi_smc/inst/m00_nodes/m00_ar_node/inst/inst_mi_handler/gen_normal_area.inst_fifo_node_payld/gen_xpm_memory_fifo.inst_fifo/gen_mem_rep[0].inst_xpm_memory/xpm_memory_base_inst/gen_wr_a.gen_word_narrow.mem_reg_0_31_0_5/RAMA/CLK
Low Pulse Width   Fast    RAMD32/CLK          n/a            1.250         5.000       3.750      SLICE_X46Y76  design_1_i/axi_smc/inst/m00_nodes/m00_ar_node/inst/inst_mi_handler/gen_normal_area.inst_fifo_node_payld/gen_xpm_memory_fifo.inst_fifo/gen_mem_rep[0].inst_xpm_memory/xpm_memory_base_inst/gen_wr_a.gen_word_narrow.mem_reg_0_31_0_5/RAMA/CLK
Low Pulse Width   Slow    RAMD32/CLK          n/a            1.250         5.000       3.750      SLICE_X46Y76  design_1_i/axi_smc/inst/m00_nodes/m00_ar_node/inst/inst_mi_handler/gen_normal_area.inst_fifo_node_payld/gen_xpm_memory_fifo.inst_fifo/gen_mem_rep[0].inst_xpm_memory/xpm_memory_base_inst/gen_wr_a.gen_word_narrow.mem_reg_0_31_0_5/RAMA_D1/CLK
Low Pulse Width   Fast    RAMD32/CLK          n/a            1.250         5.000       3.750      SLICE_X46Y76  design_1_i/axi_smc/inst/m00_nodes/m00_ar_node/inst/inst_mi_handler/gen_normal_area.inst_fifo_node_payld/gen_xpm_memory_fifo.inst_fifo/gen_mem_rep[0].inst_xpm_memory/xpm_memory_base_inst/gen_wr_a.gen_word_narrow.mem_reg_0_31_0_5/RAMA_D1/CLK
Low Pulse Width   Slow    RAMD32/CLK          n/a            1.250         5.000       3.750      SLICE_X46Y76  design_1_i/axi_smc/inst/m00_nodes/m00_ar_node/inst/inst_mi_handler/gen_normal_area.inst_fifo_node_payld/gen_xpm_memory_fifo.inst_fifo/gen_mem_rep[0].inst_xpm_memory/xpm_memory_base_inst/gen_wr_a.gen_word_narrow.mem_reg_0_31_0_5/RAMB/CLK
Low Pulse Width   Fast    RAMD32/CLK          n/a            1.250         5.000       3.750      SLICE_X46Y76  design_1_i/axi_smc/inst/m00_nodes/m00_ar_node/inst/inst_mi_handler/gen_normal_area.inst_fifo_node_payld/gen_xpm_memory_fifo.inst_fifo/gen_mem_rep[0].inst_xpm_memory/xpm_memory_base_inst/gen_wr_a.gen_word_narrow.mem_reg_0_31_0_5/RAMB/CLK
Low Pulse Width   Slow    RAMD32/CLK          n/a            1.250         5.000       3.750      SLICE_X46Y76  design_1_i/axi_smc/inst/m00_nodes/m00_ar_node/inst/inst_mi_handler/gen_normal_area.inst_fifo_node_payld/gen_xpm_memory_fifo.inst_fifo/gen_mem_rep[0].inst_xpm_memory/xpm_memory_base_inst/gen_wr_a.gen_word_narrow.mem_reg_0_31_0_5/RAMB_D1/CLK
Low Pulse Width   Fast    RAMD32/CLK          n/a            1.250         5.000       3.750      SLICE_X46Y76  design_1_i/axi_smc/inst/m00_nodes/m00_ar_node/inst/inst_mi_handler/gen_normal_area.inst_fifo_node_payld/gen_xpm_memory_fifo.inst_fifo/gen_mem_rep[0].inst_xpm_memory/xpm_memory_base_inst/gen_wr_a.gen_word_narrow.mem_reg_0_31_0_5/RAMB_D1/CLK
Low Pulse Width   Slow    RAMD32/CLK          n/a            1.250         5.000       3.750      SLICE_X46Y76  design_1_i/axi_smc/inst/m00_nodes/m00_ar_node/inst/inst_mi_handler/gen_normal_area.inst_fifo_node_payld/gen_xpm_memory_fifo.inst_fifo/gen_mem_rep[0].inst_xpm_memory/xpm_memory_base_inst/gen_wr_a.gen_word_narrow.mem_reg_0_31_0_5/RAMC/CLK
Low Pulse Width   Fast    RAMD32/CLK          n/a            1.250         5.000       3.750      SLICE_X46Y76  design_1_i/axi_smc/inst/m00_nodes/m00_ar_node/inst/inst_mi_handler/gen_normal_area.inst_fifo_node_payld/gen_xpm_memory_fifo.inst_fifo/gen_mem_rep[0].inst_xpm_memory/xpm_memory_base_inst/gen_wr_a.gen_word_narrow.mem_reg_0_31_0_5/RAMC/CLK
High Pulse Width  Slow    RAMD32/CLK          n/a            1.250         5.000       3.750      SLICE_X46Y76  design_1_i/axi_smc/inst/m00_nodes/m00_ar_node/inst/inst_mi_handler/gen_normal_area.inst_fifo_node_payld/gen_xpm_memory_fifo.inst_fifo/gen_mem_rep[0].inst_xpm_memory/xpm_memory_base_inst/gen_wr_a.gen_word_narrow.mem_reg_0_31_0_5/RAMA/CLK
High Pulse Width  Fast    RAMD32/CLK          n/a            1.250         5.000       3.750      SLICE_X46Y76  design_1_i/axi_smc/inst/m00_nodes/m00_ar_node/inst/inst_mi_handler/gen_normal_area.inst_fifo_node_payld/gen_xpm_memory_fifo.inst_fifo/gen_mem_rep[0].inst_xpm_memory/xpm_memory_base_inst/gen_wr_a.gen_word_narrow.mem_reg_0_31_0_5/RAMA/CLK
High Pulse Width  Slow    RAMD32/CLK          n/a            1.250         5.000       3.750      SLICE_X46Y76  design_1_i/axi_smc/inst/m00_nodes/m00_ar_node/inst/inst_mi_handler/gen_normal_area.inst_fifo_node_payld/gen_xpm_memory_fifo.inst_fifo/gen_mem_rep[0].inst_xpm_memory/xpm_memory_base_inst/gen_wr_a.gen_word_narrow.mem_reg_0_31_0_5/RAMA_D1/CLK
High Pulse Width  Fast    RAMD32/CLK          n/a            1.250         5.000       3.750      SLICE_X46Y76  design_1_i/axi_smc/inst/m00_nodes/m00_ar_node/inst/inst_mi_handler/gen_normal_area.inst_fifo_node_payld/gen_xpm_memory_fifo.inst_fifo/gen_mem_rep[0].inst_xpm_memory/xpm_memory_base_inst/gen_wr_a.gen_word_narrow.mem_reg_0_31_0_5/RAMA_D1/CLK
High Pulse Width  Slow    RAMD32/CLK          n/a            1.250         5.000       3.750      SLICE_X46Y76  design_1_i/axi_smc/inst/m00_nodes/m00_ar_node/inst/inst_mi_handler/gen_normal_area.inst_fifo_node_payld/gen_xpm_memory_fifo.inst_fifo/gen_mem_rep[0].inst_xpm_memory/xpm_memory_base_inst/gen_wr_a.gen_word_narrow.mem_reg_0_31_0_5/RAMB/CLK
High Pulse Width  Fast    RAMD32/CLK          n/a            1.250         5.000       3.750      SLICE_X46Y76  design_1_i/axi_smc/inst/m00_nodes/m00_ar_node/inst/inst_mi_handler/gen_normal_area.inst_fifo_node_payld/gen_xpm_memory_fifo.inst_fifo/gen_mem_rep[0].inst_xpm_memory/xpm_memory_base_inst/gen_wr_a.gen_word_narrow.mem_reg_0_31_0_5/RAMB/CLK
High Pulse Width  Slow    RAMD32/CLK          n/a            1.250         5.000       3.750      SLICE_X46Y76  design_1_i/axi_smc/inst/m00_nodes/m00_ar_node/inst/inst_mi_handler/gen_normal_area.inst_fifo_node_payld/gen_xpm_memory_fifo.inst_fifo/gen_mem_rep[0].inst_xpm_memory/xpm_memory_base_inst/gen_wr_a.gen_word_narrow.mem_reg_0_31_0_5/RAMB_D1/CLK
High Pulse Width  Fast    RAMD32/CLK          n/a            1.250         5.000       3.750      SLICE_X46Y76  design_1_i/axi_smc/inst/m00_nodes/m00_ar_node/inst/inst_mi_handler/gen_normal_area.inst_fifo_node_payld/gen_xpm_memory_fifo.inst_fifo/gen_mem_rep[0].inst_xpm_memory/xpm_memory_base_inst/gen_wr_a.gen_word_narrow.mem_reg_0_31_0_5/RAMB_D1/CLK
High Pulse Width  Slow    RAMD32/CLK          n/a            1.250         5.000       3.750      SLICE_X46Y76  design_1_i/axi_smc/inst/m00_nodes/m00_ar_node/inst/inst_mi_handler/gen_normal_area.inst_fifo_node_payld/gen_xpm_memory_fifo.inst_fifo/gen_mem_rep[0].inst_xpm_memory/xpm_memory_base_inst/gen_wr_a.gen_word_narrow.mem_reg_0_31_0_5/RAMC/CLK
High Pulse Width  Fast    RAMD32/CLK          n/a            1.250         5.000       3.750      SLICE_X46Y76  design_1_i/axi_smc/inst/m00_nodes/m00_ar_node/inst/inst_mi_handler/gen_normal_area.inst_fifo_node_payld/gen_xpm_memory_fifo.inst_fifo/gen_mem_rep[0].inst_xpm_memory/xpm_memory_base_inst/gen_wr_a.gen_word_narrow.mem_reg_0_31_0_5/RAMC/CLK



---------------------------------------------------------------------------------------------------
Path Group:  **async_default**
From Clock:  clk_fpga_0
  To Clock:  clk_fpga_0

Setup :            0  Failing Endpoints,  Worst Slack        1.084ns,  Total Violation        0.000ns
Hold  :            0  Failing Endpoints,  Worst Slack        1.493ns,  Total Violation        0.000ns
---------------------------------------------------------------------------------------------------


Max Delay Paths
--------------------------------------------------------------------------------------
Slack (MET) :             1.084ns  (required time - arrival time)
  Source:                 design_1_i/rst_ps7_0_100M/U0/ACTIVE_LOW_PR_OUT_DFF[0].FDRE_PER_N/C
                            (rising edge-triggered cell FDRE clocked by clk_fpga_0  {rise@0.000ns fall@5.000ns period=10.000ns})
  Destination:            design_1_i/RFC8439_0/inst/RFC8439_v1_0_S00_AXI_inst/Rfc8439_core/u_poly1305/r4_5_reg[14]_replica/CLR
                            (recovery check against rising-edge clock clk_fpga_0  {rise@0.000ns fall@5.000ns period=10.000ns})
  Path Group:             **async_default**
  Path Type:              Recovery (Max at Slow Process Corner)
  Requirement:            10.000ns  (clk_fpga_0 rise@10.000ns - clk_fpga_0 rise@0.000ns)
  Data Path Delay:        7.825ns  (logic 0.668ns (8.537%)  route 7.157ns (91.463%))
  Logic Levels:           1  (LUT1=1)
  Clock Path Skew:        -0.328ns (DCD - SCD + CPR)
    Destination Clock Delay (DCD):    2.979ns = ( 12.979 - 10.000 ) 
    Source Clock Delay      (SCD):    3.445ns
    Clock Pessimism Removal (CPR):    0.138ns
  Clock Uncertainty:      0.154ns  ((TSJ^2 + TIJ^2)^1/2 + DJ) / 2 + PE
    Total System Jitter     (TSJ):    0.071ns
    Total Input Jitter      (TIJ):    0.300ns
    Discrete Jitter          (DJ):    0.000ns
    Phase Error              (PE):    0.000ns

    Location             Delay type                Incr(ns)  Path(ns)    Netlist Resource(s)
  -------------------------------------------------------------------    -------------------
                         (clock clk_fpga_0 rise edge)
                                                      0.000     0.000 r  
    PS7_X0Y0             PS7                          0.000     0.000 r  design_1_i/processing_system7_0/inst/PS7_i/FCLKCLK[0]
                         net (fo=1, routed)           1.193     1.193    design_1_i/processing_system7_0/inst/FCLK_CLK_unbuffered[0]
    BUFGCTRL_X0Y17       BUFG (Prop_bufg_I_O)         0.101     1.294 r  design_1_i/processing_system7_0/inst/buffer_fclk_clk_0.FCLK_CLK_0_BUFG_replica/O
                         net (fo=3, routed)           0.146     1.440    design_1_i/processing_system7_0/inst/FCLK_CLK0_repN
    BUFGCTRL_X0Y16       BUFG (Prop_bufg_I_O)         0.101     1.541 r  design_1_i/processing_system7_0/inst/buffer_fclk_clk_0.FCLK_CLK_0_BUFG/O
                         net (fo=13921, routed)       1.904     3.445    design_1_i/rst_ps7_0_100M/U0/slowest_sync_clk
    SLICE_X62Y109        FDRE                                         r  design_1_i/rst_ps7_0_100M/U0/ACTIVE_LOW_PR_OUT_DFF[0].FDRE_PER_N/C
  -------------------------------------------------------------------    -------------------
    SLICE_X62Y109        FDRE (Prop_fdre_C_Q)         0.518     3.963 r  design_1_i/rst_ps7_0_100M/U0/ACTIVE_LOW_PR_OUT_DFF[0].FDRE_PER_N/Q
                         net (fo=51, routed)          2.141     6.104    design_1_i/RFC8439_0/inst/RFC8439_v1_0_S00_AXI_inst/Rfc8439_core/u_poly1305/s00_axi_aresetn
    SLICE_X66Y68         LUT1 (Prop_lut1_I0_O)        0.150     6.254 f  design_1_i/RFC8439_0/inst/RFC8439_v1_0_S00_AXI_inst/Rfc8439_core/u_poly1305/FSM_onehot_wr_state[1]_i_2/O
                         net (fo=3834, routed)        5.017    11.270    design_1_i/RFC8439_0/inst/RFC8439_v1_0_S00_AXI_inst/Rfc8439_core/u_poly1305/AR[0]
    SLICE_X21Y11         FDCE                                         f  design_1_i/RFC8439_0/inst/RFC8439_v1_0_S00_AXI_inst/Rfc8439_core/u_poly1305/r4_5_reg[14]_replica/CLR
  -------------------------------------------------------------------    -------------------

                         (clock clk_fpga_0 rise edge)
                                                     10.000    10.000 r  
    PS7_X0Y0             PS7                          0.000    10.000 r  design_1_i/processing_system7_0/inst/PS7_i/FCLKCLK[0]
                         net (fo=1, routed)           1.088    11.088    design_1_i/processing_system7_0/inst/FCLK_CLK_unbuffered[0]
    BUFGCTRL_X0Y17       BUFG (Prop_bufg_I_O)         0.091    11.179 r  design_1_i/processing_system7_0/inst/buffer_fclk_clk_0.FCLK_CLK_0_BUFG_replica/O
                         net (fo=3, routed)           0.133    11.312    design_1_i/processing_system7_0/inst/FCLK_CLK0_repN
    BUFGCTRL_X0Y16       BUFG (Prop_bufg_I_O)         0.091    11.403 r  design_1_i/processing_system7_0/inst/buffer_fclk_clk_0.FCLK_CLK_0_BUFG/O
                         net (fo=13921, routed)       1.576    12.979    design_1_i/RFC8439_0/inst/RFC8439_v1_0_S00_AXI_inst/Rfc8439_core/u_poly1305/s00_axi_aclk
    SLICE_X21Y11         FDCE                                         r  design_1_i/RFC8439_0/inst/RFC8439_v1_0_S00_AXI_inst/Rfc8439_core/u_poly1305/r4_5_reg[14]_replica/C
                         clock pessimism              0.138    13.117    
                         clock uncertainty           -0.154    12.963    
    SLICE_X21Y11         FDCE (Recov_fdce_C_CLR)     -0.609    12.354    design_1_i/RFC8439_0/inst/RFC8439_v1_0_S00_AXI_inst/Rfc8439_core/u_poly1305/r4_5_reg[14]_replica
  -------------------------------------------------------------------
                         required time                         12.354    
                         arrival time                         -11.270    
  -------------------------------------------------------------------
                         slack                                  1.084    

Slack (MET) :             1.084ns  (required time - arrival time)
  Source:                 design_1_i/rst_ps7_0_100M/U0/ACTIVE_LOW_PR_OUT_DFF[0].FDRE_PER_N/C
                            (rising edge-triggered cell FDRE clocked by clk_fpga_0  {rise@0.000ns fall@5.000ns period=10.000ns})
  Destination:            design_1_i/RFC8439_0/inst/RFC8439_v1_0_S00_AXI_inst/Rfc8439_core/u_poly1305/r4_5_reg[16]_replica_1/CLR
                            (recovery check against rising-edge clock clk_fpga_0  {rise@0.000ns fall@5.000ns period=10.000ns})
  Path Group:             **async_default**
  Path Type:              Recovery (Max at Slow Process Corner)
  Requirement:            10.000ns  (clk_fpga_0 rise@10.000ns - clk_fpga_0 rise@0.000ns)
  Data Path Delay:        7.825ns  (logic 0.668ns (8.537%)  route 7.157ns (91.463%))
  Logic Levels:           1  (LUT1=1)
  Clock Path Skew:        -0.328ns (DCD - SCD + CPR)
    Destination Clock Delay (DCD):    2.979ns = ( 12.979 - 10.000 ) 
    Source Clock Delay      (SCD):    3.445ns
    Clock Pessimism Removal (CPR):    0.138ns
  Clock Uncertainty:      0.154ns  ((TSJ^2 + TIJ^2)^1/2 + DJ) / 2 + PE
    Total System Jitter     (TSJ):    0.071ns
    Total Input Jitter      (TIJ):    0.300ns
    Discrete Jitter          (DJ):    0.000ns
    Phase Error              (PE):    0.000ns

    Location             Delay type                Incr(ns)  Path(ns)    Netlist Resource(s)
  -------------------------------------------------------------------    -------------------
                         (clock clk_fpga_0 rise edge)
                                                      0.000     0.000 r  
    PS7_X0Y0             PS7                          0.000     0.000 r  design_1_i/processing_system7_0/inst/PS7_i/FCLKCLK[0]
                         net (fo=1, routed)           1.193     1.193    design_1_i/processing_system7_0/inst/FCLK_CLK_unbuffered[0]
    BUFGCTRL_X0Y17       BUFG (Prop_bufg_I_O)         0.101     1.294 r  design_1_i/processing_system7_0/inst/buffer_fclk_clk_0.FCLK_CLK_0_BUFG_replica/O
                         net (fo=3, routed)           0.146     1.440    design_1_i/processing_system7_0/inst/FCLK_CLK0_repN
    BUFGCTRL_X0Y16       BUFG (Prop_bufg_I_O)         0.101     1.541 r  design_1_i/processing_system7_0/inst/buffer_fclk_clk_0.FCLK_CLK_0_BUFG/O
                         net (fo=13921, routed)       1.904     3.445    design_1_i/rst_ps7_0_100M/U0/slowest_sync_clk
    SLICE_X62Y109        FDRE                                         r  design_1_i/rst_ps7_0_100M/U0/ACTIVE_LOW_PR_OUT_DFF[0].FDRE_PER_N/C
  -------------------------------------------------------------------    -------------------
    SLICE_X62Y109        FDRE (Prop_fdre_C_Q)         0.518     3.963 r  design_1_i/rst_ps7_0_100M/U0/ACTIVE_LOW_PR_OUT_DFF[0].FDRE_PER_N/Q
                         net (fo=51, routed)          2.141     6.104    design_1_i/RFC8439_0/inst/RFC8439_v1_0_S00_AXI_inst/Rfc8439_core/u_poly1305/s00_axi_aresetn
    SLICE_X66Y68         LUT1 (Prop_lut1_I0_O)        0.150     6.254 f  design_1_i/RFC8439_0/inst/RFC8439_v1_0_S00_AXI_inst/Rfc8439_core/u_poly1305/FSM_onehot_wr_state[1]_i_2/O
                         net (fo=3834, routed)        5.017    11.270    design_1_i/RFC8439_0/inst/RFC8439_v1_0_S00_AXI_inst/Rfc8439_core/u_poly1305/AR[0]
    SLICE_X21Y11         FDCE                                         f  design_1_i/RFC8439_0/inst/RFC8439_v1_0_S00_AXI_inst/Rfc8439_core/u_poly1305/r4_5_reg[16]_replica_1/CLR
  -------------------------------------------------------------------    -------------------

                         (clock clk_fpga_0 rise edge)
                                                     10.000    10.000 r  
    PS7_X0Y0             PS7                          0.000    10.000 r  design_1_i/processing_system7_0/inst/PS7_i/FCLKCLK[0]
                         net (fo=1, routed)           1.088    11.088    design_1_i/processing_system7_0/inst/FCLK_CLK_unbuffered[0]
    BUFGCTRL_X0Y17       BUFG (Prop_bufg_I_O)         0.091    11.179 r  design_1_i/processing_system7_0/inst/buffer_fclk_clk_0.FCLK_CLK_0_BUFG_replica/O
                         net (fo=3, routed)           0.133    11.312    design_1_i/processing_system7_0/inst/FCLK_CLK0_repN
    BUFGCTRL_X0Y16       BUFG (Prop_bufg_I_O)         0.091    11.403 r  design_1_i/processing_system7_0/inst/buffer_fclk_clk_0.FCLK_CLK_0_BUFG/O
                         net (fo=13921, routed)       1.576    12.979    design_1_i/RFC8439_0/inst/RFC8439_v1_0_S00_AXI_inst/Rfc8439_core/u_poly1305/s00_axi_aclk
    SLICE_X21Y11         FDCE                                         r  design_1_i/RFC8439_0/inst/RFC8439_v1_0_S00_AXI_inst/Rfc8439_core/u_poly1305/r4_5_reg[16]_replica_1/C
                         clock pessimism              0.138    13.117    
                         clock uncertainty           -0.154    12.963    
    SLICE_X21Y11         FDCE (Recov_fdce_C_CLR)     -0.609    12.354    design_1_i/RFC8439_0/inst/RFC8439_v1_0_S00_AXI_inst/Rfc8439_core/u_poly1305/r4_5_reg[16]_replica_1
  -------------------------------------------------------------------
                         required time                         12.354    
                         arrival time                         -11.270    
  -------------------------------------------------------------------
                         slack                                  1.084    

Slack (MET) :             1.136ns  (required time - arrival time)
  Source:                 design_1_i/rst_ps7_0_100M/U0/ACTIVE_LOW_PR_OUT_DFF[0].FDRE_PER_N/C
                            (rising edge-triggered cell FDRE clocked by clk_fpga_0  {rise@0.000ns fall@5.000ns period=10.000ns})
  Destination:            design_1_i/RFC8439_0/inst/RFC8439_v1_0_S00_AXI_inst/Rfc8439_core/u_poly1305/r4_5_reg[6]_replica_1/CLR
                            (recovery check against rising-edge clock clk_fpga_0  {rise@0.000ns fall@5.000ns period=10.000ns})
  Path Group:             **async_default**
  Path Type:              Recovery (Max at Slow Process Corner)
  Requirement:            10.000ns  (clk_fpga_0 rise@10.000ns - clk_fpga_0 rise@0.000ns)
  Data Path Delay:        7.774ns  (logic 0.668ns (8.593%)  route 7.106ns (91.407%))
  Logic Levels:           1  (LUT1=1)
  Clock Path Skew:        -0.328ns (DCD - SCD + CPR)
    Destination Clock Delay (DCD):    2.979ns = ( 12.979 - 10.000 ) 
    Source Clock Delay      (SCD):    3.445ns
    Clock Pessimism Removal (CPR):    0.138ns
  Clock Uncertainty:      0.154ns  ((TSJ^2 + TIJ^2)^1/2 + DJ) / 2 + PE
    Total System Jitter     (TSJ):    0.071ns
    Total Input Jitter      (TIJ):    0.300ns
    Discrete Jitter          (DJ):    0.000ns
    Phase Error              (PE):    0.000ns

    Location             Delay type                Incr(ns)  Path(ns)    Netlist Resource(s)
  -------------------------------------------------------------------    -------------------
                         (clock clk_fpga_0 rise edge)
                                                      0.000     0.000 r  
    PS7_X0Y0             PS7                          0.000     0.000 r  design_1_i/processing_system7_0/inst/PS7_i/FCLKCLK[0]
                         net (fo=1, routed)           1.193     1.193    design_1_i/processing_system7_0/inst/FCLK_CLK_unbuffered[0]
    BUFGCTRL_X0Y17       BUFG (Prop_bufg_I_O)         0.101     1.294 r  design_1_i/processing_system7_0/inst/buffer_fclk_clk_0.FCLK_CLK_0_BUFG_replica/O
                         net (fo=3, routed)           0.146     1.440    design_1_i/processing_system7_0/inst/FCLK_CLK0_repN
    BUFGCTRL_X0Y16       BUFG (Prop_bufg_I_O)         0.101     1.541 r  design_1_i/processing_system7_0/inst/buffer_fclk_clk_0.FCLK_CLK_0_BUFG/O
                         net (fo=13921, routed)       1.904     3.445    design_1_i/rst_ps7_0_100M/U0/slowest_sync_clk
    SLICE_X62Y109        FDRE                                         r  design_1_i/rst_ps7_0_100M/U0/ACTIVE_LOW_PR_OUT_DFF[0].FDRE_PER_N/C
  -------------------------------------------------------------------    -------------------
    SLICE_X62Y109        FDRE (Prop_fdre_C_Q)         0.518     3.963 r  design_1_i/rst_ps7_0_100M/U0/ACTIVE_LOW_PR_OUT_DFF[0].FDRE_PER_N/Q
                         net (fo=51, routed)          2.141     6.104    design_1_i/RFC8439_0/inst/RFC8439_v1_0_S00_AXI_inst/Rfc8439_core/u_poly1305/s00_axi_aresetn
    SLICE_X66Y68         LUT1 (Prop_lut1_I0_O)        0.150     6.254 f  design_1_i/RFC8439_0/inst/RFC8439_v1_0_S00_AXI_inst/Rfc8439_core/u_poly1305/FSM_onehot_wr_state[1]_i_2/O
                         net (fo=3834, routed)        4.965    11.219    design_1_i/RFC8439_0/inst/RFC8439_v1_0_S00_AXI_inst/Rfc8439_core/u_poly1305/AR[0]
    SLICE_X19Y12         FDCE                                         f  design_1_i/RFC8439_0/inst/RFC8439_v1_0_S00_AXI_inst/Rfc8439_core/u_poly1305/r4_5_reg[6]_replica_1/CLR
  -------------------------------------------------------------------    -------------------

                         (clock clk_fpga_0 rise edge)
                                                     10.000    10.000 r  
    PS7_X0Y0             PS7                          0.000    10.000 r  design_1_i/processing_system7_0/inst/PS7_i/FCLKCLK[0]
                         net (fo=1, routed)           1.088    11.088    design_1_i/processing_system7_0/inst/FCLK_CLK_unbuffered[0]
    BUFGCTRL_X0Y17       BUFG (Prop_bufg_I_O)         0.091    11.179 r  design_1_i/processing_system7_0/inst/buffer_fclk_clk_0.FCLK_CLK_0_BUFG_replica/O
                         net (fo=3, routed)           0.133    11.312    design_1_i/processing_system7_0/inst/FCLK_CLK0_repN
    BUFGCTRL_X0Y16       BUFG (Prop_bufg_I_O)         0.091    11.403 r  design_1_i/processing_system7_0/inst/buffer_fclk_clk_0.FCLK_CLK_0_BUFG/O
                         net (fo=13921, routed)       1.576    12.979    design_1_i/RFC8439_0/inst/RFC8439_v1_0_S00_AXI_inst/Rfc8439_core/u_poly1305/s00_axi_aclk
    SLICE_X19Y12         FDCE                                         r  design_1_i/RFC8439_0/inst/RFC8439_v1_0_S00_AXI_inst/Rfc8439_core/u_poly1305/r4_5_reg[6]_replica_1/C
                         clock pessimism              0.138    13.117    
                         clock uncertainty           -0.154    12.963    
    SLICE_X19Y12         FDCE (Recov_fdce_C_CLR)     -0.609    12.354    design_1_i/RFC8439_0/inst/RFC8439_v1_0_S00_AXI_inst/Rfc8439_core/u_poly1305/r4_5_reg[6]_replica_1
  -------------------------------------------------------------------
                         required time                         12.354    
                         arrival time                         -11.219    
  -------------------------------------------------------------------
                         slack                                  1.136    

Slack (MET) :             1.136ns  (required time - arrival time)
  Source:                 design_1_i/rst_ps7_0_100M/U0/ACTIVE_LOW_PR_OUT_DFF[0].FDRE_PER_N/C
                            (rising edge-triggered cell FDRE clocked by clk_fpga_0  {rise@0.000ns fall@5.000ns period=10.000ns})
  Destination:            design_1_i/RFC8439_0/inst/RFC8439_v1_0_S00_AXI_inst/Rfc8439_core/u_poly1305/r4_5_reg[8]_replica/CLR
                            (recovery check against rising-edge clock clk_fpga_0  {rise@0.000ns fall@5.000ns period=10.000ns})
  Path Group:             **async_default**
  Path Type:              Recovery (Max at Slow Process Corner)
  Requirement:            10.000ns  (clk_fpga_0 rise@10.000ns - clk_fpga_0 rise@0.000ns)
  Data Path Delay:        7.774ns  (logic 0.668ns (8.593%)  route 7.106ns (91.407%))
  Logic Levels:           1  (LUT1=1)
  Clock Path Skew:        -0.328ns (DCD - SCD + CPR)
    Destination Clock Delay (DCD):    2.979ns = ( 12.979 - 10.000 ) 
    Source Clock Delay      (SCD):    3.445ns
    Clock Pessimism Removal (CPR):    0.138ns
  Clock Uncertainty:      0.154ns  ((TSJ^2 + TIJ^2)^1/2 + DJ) / 2 + PE
    Total System Jitter     (TSJ):    0.071ns
    Total Input Jitter      (TIJ):    0.300ns
    Discrete Jitter          (DJ):    0.000ns
    Phase Error              (PE):    0.000ns

    Location             Delay type                Incr(ns)  Path(ns)    Netlist Resource(s)
  -------------------------------------------------------------------    -------------------
                         (clock clk_fpga_0 rise edge)
                                                      0.000     0.000 r  
    PS7_X0Y0             PS7                          0.000     0.000 r  design_1_i/processing_system7_0/inst/PS7_i/FCLKCLK[0]
                         net (fo=1, routed)           1.193     1.193    design_1_i/processing_system7_0/inst/FCLK_CLK_unbuffered[0]
    BUFGCTRL_X0Y17       BUFG (Prop_bufg_I_O)         0.101     1.294 r  design_1_i/processing_system7_0/inst/buffer_fclk_clk_0.FCLK_CLK_0_BUFG_replica/O
                         net (fo=3, routed)           0.146     1.440    design_1_i/processing_system7_0/inst/FCLK_CLK0_repN
    BUFGCTRL_X0Y16       BUFG (Prop_bufg_I_O)         0.101     1.541 r  design_1_i/processing_system7_0/inst/buffer_fclk_clk_0.FCLK_CLK_0_BUFG/O
                         net (fo=13921, routed)       1.904     3.445    design_1_i/rst_ps7_0_100M/U0/slowest_sync_clk
    SLICE_X62Y109        FDRE                                         r  design_1_i/rst_ps7_0_100M/U0/ACTIVE_LOW_PR_OUT_DFF[0].FDRE_PER_N/C
  -------------------------------------------------------------------    -------------------
    SLICE_X62Y109        FDRE (Prop_fdre_C_Q)         0.518     3.963 r  design_1_i/rst_ps7_0_100M/U0/ACTIVE_LOW_PR_OUT_DFF[0].FDRE_PER_N/Q
                         net (fo=51, routed)          2.141     6.104    design_1_i/RFC8439_0/inst/RFC8439_v1_0_S00_AXI_inst/Rfc8439_core/u_poly1305/s00_axi_aresetn
    SLICE_X66Y68         LUT1 (Prop_lut1_I0_O)        0.150     6.254 f  design_1_i/RFC8439_0/inst/RFC8439_v1_0_S00_AXI_inst/Rfc8439_core/u_poly1305/FSM_onehot_wr_state[1]_i_2/O
                         net (fo=3834, routed)        4.965    11.219    design_1_i/RFC8439_0/inst/RFC8439_v1_0_S00_AXI_inst/Rfc8439_core/u_poly1305/AR[0]
    SLICE_X19Y12         FDCE                                         f  design_1_i/RFC8439_0/inst/RFC8439_v1_0_S00_AXI_inst/Rfc8439_core/u_poly1305/r4_5_reg[8]_replica/CLR
  -------------------------------------------------------------------    -------------------

                         (clock clk_fpga_0 rise edge)
                                                     10.000    10.000 r  
    PS7_X0Y0             PS7                          0.000    10.000 r  design_1_i/processing_system7_0/inst/PS7_i/FCLKCLK[0]
                         net (fo=1, routed)           1.088    11.088    design_1_i/processing_system7_0/inst/FCLK_CLK_unbuffered[0]
    BUFGCTRL_X0Y17       BUFG (Prop_bufg_I_O)         0.091    11.179 r  design_1_i/processing_system7_0/inst/buffer_fclk_clk_0.FCLK_CLK_0_BUFG_replica/O
                         net (fo=3, routed)           0.133    11.312    design_1_i/processing_system7_0/inst/FCLK_CLK0_repN
    BUFGCTRL_X0Y16       BUFG (Prop_bufg_I_O)         0.091    11.403 r  design_1_i/processing_system7_0/inst/buffer_fclk_clk_0.FCLK_CLK_0_BUFG/O
                         net (fo=13921, routed)       1.576    12.979    design_1_i/RFC8439_0/inst/RFC8439_v1_0_S00_AXI_inst/Rfc8439_core/u_poly1305/s00_axi_aclk
    SLICE_X19Y12         FDCE                                         r  design_1_i/RFC8439_0/inst/RFC8439_v1_0_S00_AXI_inst/Rfc8439_core/u_poly1305/r4_5_reg[8]_replica/C
                         clock pessimism              0.138    13.117    
                         clock uncertainty           -0.154    12.963    
    SLICE_X19Y12         FDCE (Recov_fdce_C_CLR)     -0.609    12.354    design_1_i/RFC8439_0/inst/RFC8439_v1_0_S00_AXI_inst/Rfc8439_core/u_poly1305/r4_5_reg[8]_replica
  -------------------------------------------------------------------
                         required time                         12.354    
                         arrival time                         -11.219    
  -------------------------------------------------------------------
                         slack                                  1.136    

Slack (MET) :             1.164ns  (required time - arrival time)
  Source:                 design_1_i/rst_ps7_0_100M/U0/ACTIVE_LOW_PR_OUT_DFF[0].FDRE_PER_N/C
                            (rising edge-triggered cell FDRE clocked by clk_fpga_0  {rise@0.000ns fall@5.000ns period=10.000ns})
  Destination:            design_1_i/RFC8439_0/inst/RFC8439_v1_0_S00_AXI_inst/Rfc8439_core/u_poly1305/r4_5_reg[12]_replica_1/CLR
                            (recovery check against rising-edge clock clk_fpga_0  {rise@0.000ns fall@5.000ns period=10.000ns})
  Path Group:             **async_default**
  Path Type:              Recovery (Max at Slow Process Corner)
  Requirement:            10.000ns  (clk_fpga_0 rise@10.000ns - clk_fpga_0 rise@0.000ns)
  Data Path Delay:        7.744ns  (logic 0.668ns (8.626%)  route 7.076ns (91.374%))
  Logic Levels:           1  (LUT1=1)
  Clock Path Skew:        -0.330ns (DCD - SCD + CPR)
    Destination Clock Delay (DCD):    2.977ns = ( 12.977 - 10.000 ) 
    Source Clock Delay      (SCD):    3.445ns
    Clock Pessimism Removal (CPR):    0.138ns
  Clock Uncertainty:      0.154ns  ((TSJ^2 + TIJ^2)^1/2 + DJ) / 2 + PE
    Total System Jitter     (TSJ):    0.071ns
    Total Input Jitter      (TIJ):    0.300ns
    Discrete Jitter          (DJ):    0.000ns
    Phase Error              (PE):    0.000ns

    Location             Delay type                Incr(ns)  Path(ns)    Netlist Resource(s)
  -------------------------------------------------------------------    -------------------
                         (clock clk_fpga_0 rise edge)
                                                      0.000     0.000 r  
    PS7_X0Y0             PS7                          0.000     0.000 r  design_1_i/processing_system7_0/inst/PS7_i/FCLKCLK[0]
                         net (fo=1, routed)           1.193     1.193    design_1_i/processing_system7_0/inst/FCLK_CLK_unbuffered[0]
    BUFGCTRL_X0Y17       BUFG (Prop_bufg_I_O)         0.101     1.294 r  design_1_i/processing_system7_0/inst/buffer_fclk_clk_0.FCLK_CLK_0_BUFG_replica/O
                         net (fo=3, routed)           0.146     1.440    design_1_i/processing_system7_0/inst/FCLK_CLK0_repN
    BUFGCTRL_X0Y16       BUFG (Prop_bufg_I_O)         0.101     1.541 r  design_1_i/processing_system7_0/inst/buffer_fclk_clk_0.FCLK_CLK_0_BUFG/O
                         net (fo=13921, routed)       1.904     3.445    design_1_i/rst_ps7_0_100M/U0/slowest_sync_clk
    SLICE_X62Y109        FDRE                                         r  design_1_i/rst_ps7_0_100M/U0/ACTIVE_LOW_PR_OUT_DFF[0].FDRE_PER_N/C
  -------------------------------------------------------------------    -------------------
    SLICE_X62Y109        FDRE (Prop_fdre_C_Q)         0.518     3.963 r  design_1_i/rst_ps7_0_100M/U0/ACTIVE_LOW_PR_OUT_DFF[0].FDRE_PER_N/Q
                         net (fo=51, routed)          2.141     6.104    design_1_i/RFC8439_0/inst/RFC8439_v1_0_S00_AXI_inst/Rfc8439_core/u_poly1305/s00_axi_aresetn
    SLICE_X66Y68         LUT1 (Prop_lut1_I0_O)        0.150     6.254 f  design_1_i/RFC8439_0/inst/RFC8439_v1_0_S00_AXI_inst/Rfc8439_core/u_poly1305/FSM_onehot_wr_state[1]_i_2/O
                         net (fo=3834, routed)        4.935    11.189    design_1_i/RFC8439_0/inst/RFC8439_v1_0_S00_AXI_inst/Rfc8439_core/u_poly1305/AR[0]
    SLICE_X23Y12         FDCE                                         f  design_1_i/RFC8439_0/inst/RFC8439_v1_0_S00_AXI_inst/Rfc8439_core/u_poly1305/r4_5_reg[12]_replica_1/CLR
  -------------------------------------------------------------------    -------------------

                         (clock clk_fpga_0 rise edge)
                                                     10.000    10.000 r  
    PS7_X0Y0             PS7                          0.000    10.000 r  design_1_i/processing_system7_0/inst/PS7_i/FCLKCLK[0]
                         net (fo=1, routed)           1.088    11.088    design_1_i/processing_system7_0/inst/FCLK_CLK_unbuffered[0]
    BUFGCTRL_X0Y17       BUFG (Prop_bufg_I_O)         0.091    11.179 r  design_1_i/processing_system7_0/inst/buffer_fclk_clk_0.FCLK_CLK_0_BUFG_replica/O
                         net (fo=3, routed)           0.133    11.312    design_1_i/processing_system7_0/inst/FCLK_CLK0_repN
    BUFGCTRL_X0Y16       BUFG (Prop_bufg_I_O)         0.091    11.403 r  design_1_i/processing_system7_0/inst/buffer_fclk_clk_0.FCLK_CLK_0_BUFG/O
                         net (fo=13921, routed)       1.574    12.977    design_1_i/RFC8439_0/inst/RFC8439_v1_0_S00_AXI_inst/Rfc8439_core/u_poly1305/s00_axi_aclk
    SLICE_X23Y12         FDCE                                         r  design_1_i/RFC8439_0/inst/RFC8439_v1_0_S00_AXI_inst/Rfc8439_core/u_poly1305/r4_5_reg[12]_replica_1/C
                         clock pessimism              0.138    13.115    
                         clock uncertainty           -0.154    12.961    
    SLICE_X23Y12         FDCE (Recov_fdce_C_CLR)     -0.609    12.352    design_1_i/RFC8439_0/inst/RFC8439_v1_0_S00_AXI_inst/Rfc8439_core/u_poly1305/r4_5_reg[12]_replica_1
  -------------------------------------------------------------------
                         required time                         12.352    
                         arrival time                         -11.189    
  -------------------------------------------------------------------
                         slack                                  1.164    

Slack (MET) :             1.164ns  (required time - arrival time)
  Source:                 design_1_i/rst_ps7_0_100M/U0/ACTIVE_LOW_PR_OUT_DFF[0].FDRE_PER_N/C
                            (rising edge-triggered cell FDRE clocked by clk_fpga_0  {rise@0.000ns fall@5.000ns period=10.000ns})
  Destination:            design_1_i/RFC8439_0/inst/RFC8439_v1_0_S00_AXI_inst/Rfc8439_core/u_poly1305/r4_5_reg[5]_replica/CLR
                            (recovery check against rising-edge clock clk_fpga_0  {rise@0.000ns fall@5.000ns period=10.000ns})
  Path Group:             **async_default**
  Path Type:              Recovery (Max at Slow Process Corner)
  Requirement:            10.000ns  (clk_fpga_0 rise@10.000ns - clk_fpga_0 rise@0.000ns)
  Data Path Delay:        7.744ns  (logic 0.668ns (8.626%)  route 7.076ns (91.374%))
  Logic Levels:           1  (LUT1=1)
  Clock Path Skew:        -0.330ns (DCD - SCD + CPR)
    Destination Clock Delay (DCD):    2.977ns = ( 12.977 - 10.000 ) 
    Source Clock Delay      (SCD):    3.445ns
    Clock Pessimism Removal (CPR):    0.138ns
  Clock Uncertainty:      0.154ns  ((TSJ^2 + TIJ^2)^1/2 + DJ) / 2 + PE
    Total System Jitter     (TSJ):    0.071ns
    Total Input Jitter      (TIJ):    0.300ns
    Discrete Jitter          (DJ):    0.000ns
    Phase Error              (PE):    0.000ns

    Location             Delay type                Incr(ns)  Path(ns)    Netlist Resource(s)
  -------------------------------------------------------------------    -------------------
                         (clock clk_fpga_0 rise edge)
                                                      0.000     0.000 r  
    PS7_X0Y0             PS7                          0.000     0.000 r  design_1_i/processing_system7_0/inst/PS7_i/FCLKCLK[0]
                         net (fo=1, routed)           1.193     1.193    design_1_i/processing_system7_0/inst/FCLK_CLK_unbuffered[0]
    BUFGCTRL_X0Y17       BUFG (Prop_bufg_I_O)         0.101     1.294 r  design_1_i/processing_system7_0/inst/buffer_fclk_clk_0.FCLK_CLK_0_BUFG_replica/O
                         net (fo=3, routed)           0.146     1.440    design_1_i/processing_system7_0/inst/FCLK_CLK0_repN
    BUFGCTRL_X0Y16       BUFG (Prop_bufg_I_O)         0.101     1.541 r  design_1_i/processing_system7_0/inst/buffer_fclk_clk_0.FCLK_CLK_0_BUFG/O
                         net (fo=13921, routed)       1.904     3.445    design_1_i/rst_ps7_0_100M/U0/slowest_sync_clk
    SLICE_X62Y109        FDRE                                         r  design_1_i/rst_ps7_0_100M/U0/ACTIVE_LOW_PR_OUT_DFF[0].FDRE_PER_N/C
  -------------------------------------------------------------------    -------------------
    SLICE_X62Y109        FDRE (Prop_fdre_C_Q)         0.518     3.963 r  design_1_i/rst_ps7_0_100M/U0/ACTIVE_LOW_PR_OUT_DFF[0].FDRE_PER_N/Q
                         net (fo=51, routed)          2.141     6.104    design_1_i/RFC8439_0/inst/RFC8439_v1_0_S00_AXI_inst/Rfc8439_core/u_poly1305/s00_axi_aresetn
    SLICE_X66Y68         LUT1 (Prop_lut1_I0_O)        0.150     6.254 f  design_1_i/RFC8439_0/inst/RFC8439_v1_0_S00_AXI_inst/Rfc8439_core/u_poly1305/FSM_onehot_wr_state[1]_i_2/O
                         net (fo=3834, routed)        4.935    11.189    design_1_i/RFC8439_0/inst/RFC8439_v1_0_S00_AXI_inst/Rfc8439_core/u_poly1305/AR[0]
    SLICE_X23Y12         FDCE                                         f  design_1_i/RFC8439_0/inst/RFC8439_v1_0_S00_AXI_inst/Rfc8439_core/u_poly1305/r4_5_reg[5]_replica/CLR
  -------------------------------------------------------------------    -------------------

                         (clock clk_fpga_0 rise edge)
                                                     10.000    10.000 r  
    PS7_X0Y0             PS7                          0.000    10.000 r  design_1_i/processing_system7_0/inst/PS7_i/FCLKCLK[0]
                         net (fo=1, routed)           1.088    11.088    design_1_i/processing_system7_0/inst/FCLK_CLK_unbuffered[0]
    BUFGCTRL_X0Y17       BUFG (Prop_bufg_I_O)         0.091    11.179 r  design_1_i/processing_system7_0/inst/buffer_fclk_clk_0.FCLK_CLK_0_BUFG_replica/O
                         net (fo=3, routed)           0.133    11.312    design_1_i/processing_system7_0/inst/FCLK_CLK0_repN
    BUFGCTRL_X0Y16       BUFG (Prop_bufg_I_O)         0.091    11.403 r  design_1_i/processing_system7_0/inst/buffer_fclk_clk_0.FCLK_CLK_0_BUFG/O
                         net (fo=13921, routed)       1.574    12.977    design_1_i/RFC8439_0/inst/RFC8439_v1_0_S00_AXI_inst/Rfc8439_core/u_poly1305/s00_axi_aclk
    SLICE_X23Y12         FDCE                                         r  design_1_i/RFC8439_0/inst/RFC8439_v1_0_S00_AXI_inst/Rfc8439_core/u_poly1305/r4_5_reg[5]_replica/C
                         clock pessimism              0.138    13.115    
                         clock uncertainty           -0.154    12.961    
    SLICE_X23Y12         FDCE (Recov_fdce_C_CLR)     -0.609    12.352    design_1_i/RFC8439_0/inst/RFC8439_v1_0_S00_AXI_inst/Rfc8439_core/u_poly1305/r4_5_reg[5]_replica
  -------------------------------------------------------------------
                         required time                         12.352    
                         arrival time                         -11.189    
  -------------------------------------------------------------------
                         slack                                  1.164    

Slack (MET) :             1.194ns  (required time - arrival time)
  Source:                 design_1_i/rst_ps7_0_100M/U0/ACTIVE_LOW_PR_OUT_DFF[0].FDRE_PER_N/C
                            (rising edge-triggered cell FDRE clocked by clk_fpga_0  {rise@0.000ns fall@5.000ns period=10.000ns})
  Destination:            design_1_i/RFC8439_0/inst/RFC8439_v1_0_S00_AXI_inst/Rfc8439_core/ks_next_buffer_reg[36]/CLR
                            (recovery check against rising-edge clock clk_fpga_0  {rise@0.000ns fall@5.000ns period=10.000ns})
  Path Group:             **async_default**
  Path Type:              Recovery (Max at Slow Process Corner)
  Requirement:            10.000ns  (clk_fpga_0 rise@10.000ns - clk_fpga_0 rise@0.000ns)
  Data Path Delay:        7.627ns  (logic 0.668ns (8.758%)  route 6.959ns (91.242%))
  Logic Levels:           1  (LUT1=1)
  Clock Path Skew:        -0.416ns (DCD - SCD + CPR)
    Destination Clock Delay (DCD):    2.891ns = ( 12.892 - 10.000 ) 
    Source Clock Delay      (SCD):    3.445ns
    Clock Pessimism Removal (CPR):    0.138ns
  Clock Uncertainty:      0.154ns  ((TSJ^2 + TIJ^2)^1/2 + DJ) / 2 + PE
    Total System Jitter     (TSJ):    0.071ns
    Total Input Jitter      (TIJ):    0.300ns
    Discrete Jitter          (DJ):    0.000ns
    Phase Error              (PE):    0.000ns

    Location             Delay type                Incr(ns)  Path(ns)    Netlist Resource(s)
  -------------------------------------------------------------------    -------------------
                         (clock clk_fpga_0 rise edge)
                                                      0.000     0.000 r  
    PS7_X0Y0             PS7                          0.000     0.000 r  design_1_i/processing_system7_0/inst/PS7_i/FCLKCLK[0]
                         net (fo=1, routed)           1.193     1.193    design_1_i/processing_system7_0/inst/FCLK_CLK_unbuffered[0]
    BUFGCTRL_X0Y17       BUFG (Prop_bufg_I_O)         0.101     1.294 r  design_1_i/processing_system7_0/inst/buffer_fclk_clk_0.FCLK_CLK_0_BUFG_replica/O
                         net (fo=3, routed)           0.146     1.440    design_1_i/processing_system7_0/inst/FCLK_CLK0_repN
    BUFGCTRL_X0Y16       BUFG (Prop_bufg_I_O)         0.101     1.541 r  design_1_i/processing_system7_0/inst/buffer_fclk_clk_0.FCLK_CLK_0_BUFG/O
                         net (fo=13921, routed)       1.904     3.445    design_1_i/rst_ps7_0_100M/U0/slowest_sync_clk
    SLICE_X62Y109        FDRE                                         r  design_1_i/rst_ps7_0_100M/U0/ACTIVE_LOW_PR_OUT_DFF[0].FDRE_PER_N/C
  -------------------------------------------------------------------    -------------------
    SLICE_X62Y109        FDRE (Prop_fdre_C_Q)         0.518     3.963 r  design_1_i/rst_ps7_0_100M/U0/ACTIVE_LOW_PR_OUT_DFF[0].FDRE_PER_N/Q
                         net (fo=51, routed)          2.141     6.104    design_1_i/RFC8439_0/inst/RFC8439_v1_0_S00_AXI_inst/Rfc8439_core/u_poly1305/s00_axi_aresetn
    SLICE_X66Y68         LUT1 (Prop_lut1_I0_O)        0.150     6.254 f  design_1_i/RFC8439_0/inst/RFC8439_v1_0_S00_AXI_inst/Rfc8439_core/u_poly1305/FSM_onehot_wr_state[1]_i_2/O
                         net (fo=3834, routed)        4.818    11.072    design_1_i/RFC8439_0/inst/RFC8439_v1_0_S00_AXI_inst/Rfc8439_core/s00_axi_aresetn_0
    SLICE_X40Y16         FDCE                                         f  design_1_i/RFC8439_0/inst/RFC8439_v1_0_S00_AXI_inst/Rfc8439_core/ks_next_buffer_reg[36]/CLR
  -------------------------------------------------------------------    -------------------

                         (clock clk_fpga_0 rise edge)
                                                     10.000    10.000 r  
    PS7_X0Y0             PS7                          0.000    10.000 r  design_1_i/processing_system7_0/inst/PS7_i/FCLKCLK[0]
                         net (fo=1, routed)           1.088    11.088    design_1_i/processing_system7_0/inst/FCLK_CLK_unbuffered[0]
    BUFGCTRL_X0Y17       BUFG (Prop_bufg_I_O)         0.091    11.179 r  design_1_i/processing_system7_0/inst/buffer_fclk_clk_0.FCLK_CLK_0_BUFG_replica/O
                         net (fo=3, routed)           0.133    11.312    design_1_i/processing_system7_0/inst/FCLK_CLK0_repN
    BUFGCTRL_X0Y16       BUFG (Prop_bufg_I_O)         0.091    11.403 r  design_1_i/processing_system7_0/inst/buffer_fclk_clk_0.FCLK_CLK_0_BUFG/O
                         net (fo=13921, routed)       1.488    12.891    design_1_i/RFC8439_0/inst/RFC8439_v1_0_S00_AXI_inst/Rfc8439_core/s00_axi_aclk
    SLICE_X40Y16         FDCE                                         r  design_1_i/RFC8439_0/inst/RFC8439_v1_0_S00_AXI_inst/Rfc8439_core/ks_next_buffer_reg[36]/C
                         clock pessimism              0.138    13.029    
                         clock uncertainty           -0.154    12.875    
    SLICE_X40Y16         FDCE (Recov_fdce_C_CLR)     -0.609    12.266    design_1_i/RFC8439_0/inst/RFC8439_v1_0_S00_AXI_inst/Rfc8439_core/ks_next_buffer_reg[36]
  -------------------------------------------------------------------
                         required time                         12.266    
                         arrival time                         -11.072    
  -------------------------------------------------------------------
                         slack                                  1.194    

Slack (MET) :             1.199ns  (required time - arrival time)
  Source:                 design_1_i/rst_ps7_0_100M/U0/ACTIVE_LOW_PR_OUT_DFF[0].FDRE_PER_N/C
                            (rising edge-triggered cell FDRE clocked by clk_fpga_0  {rise@0.000ns fall@5.000ns period=10.000ns})
  Destination:            design_1_i/RFC8439_0/inst/RFC8439_v1_0_S00_AXI_inst/Rfc8439_core/ks_buffer_reg[164]/CLR
                            (recovery check against rising-edge clock clk_fpga_0  {rise@0.000ns fall@5.000ns period=10.000ns})
  Path Group:             **async_default**
  Path Type:              Recovery (Max at Slow Process Corner)
  Requirement:            10.000ns  (clk_fpga_0 rise@10.000ns - clk_fpga_0 rise@0.000ns)
  Data Path Delay:        7.623ns  (logic 0.668ns (8.763%)  route 6.955ns (91.237%))
  Logic Levels:           1  (LUT1=1)
  Clock Path Skew:        -0.416ns (DCD - SCD + CPR)
    Destination Clock Delay (DCD):    2.891ns = ( 12.892 - 10.000 ) 
    Source Clock Delay      (SCD):    3.445ns
    Clock Pessimism Removal (CPR):    0.138ns
  Clock Uncertainty:      0.154ns  ((TSJ^2 + TIJ^2)^1/2 + DJ) / 2 + PE
    Total System Jitter     (TSJ):    0.071ns
    Total Input Jitter      (TIJ):    0.300ns
    Discrete Jitter          (DJ):    0.000ns
    Phase Error              (PE):    0.000ns

    Location             Delay type                Incr(ns)  Path(ns)    Netlist Resource(s)
  -------------------------------------------------------------------    -------------------
                         (clock clk_fpga_0 rise edge)
                                                      0.000     0.000 r  
    PS7_X0Y0             PS7                          0.000     0.000 r  design_1_i/processing_system7_0/inst/PS7_i/FCLKCLK[0]
                         net (fo=1, routed)           1.193     1.193    design_1_i/processing_system7_0/inst/FCLK_CLK_unbuffered[0]
    BUFGCTRL_X0Y17       BUFG (Prop_bufg_I_O)         0.101     1.294 r  design_1_i/processing_system7_0/inst/buffer_fclk_clk_0.FCLK_CLK_0_BUFG_replica/O
                         net (fo=3, routed)           0.146     1.440    design_1_i/processing_system7_0/inst/FCLK_CLK0_repN
    BUFGCTRL_X0Y16       BUFG (Prop_bufg_I_O)         0.101     1.541 r  design_1_i/processing_system7_0/inst/buffer_fclk_clk_0.FCLK_CLK_0_BUFG/O
                         net (fo=13921, routed)       1.904     3.445    design_1_i/rst_ps7_0_100M/U0/slowest_sync_clk
    SLICE_X62Y109        FDRE                                         r  design_1_i/rst_ps7_0_100M/U0/ACTIVE_LOW_PR_OUT_DFF[0].FDRE_PER_N/C
  -------------------------------------------------------------------    -------------------
    SLICE_X62Y109        FDRE (Prop_fdre_C_Q)         0.518     3.963 r  design_1_i/rst_ps7_0_100M/U0/ACTIVE_LOW_PR_OUT_DFF[0].FDRE_PER_N/Q
                         net (fo=51, routed)          2.141     6.104    design_1_i/RFC8439_0/inst/RFC8439_v1_0_S00_AXI_inst/Rfc8439_core/u_poly1305/s00_axi_aresetn
    SLICE_X66Y68         LUT1 (Prop_lut1_I0_O)        0.150     6.254 f  design_1_i/RFC8439_0/inst/RFC8439_v1_0_S00_AXI_inst/Rfc8439_core/u_poly1305/FSM_onehot_wr_state[1]_i_2/O
                         net (fo=3834, routed)        4.814    11.068    design_1_i/RFC8439_0/inst/RFC8439_v1_0_S00_AXI_inst/Rfc8439_core/s00_axi_aresetn_0
    SLICE_X41Y16         FDCE                                         f  design_1_i/RFC8439_0/inst/RFC8439_v1_0_S00_AXI_inst/Rfc8439_core/ks_buffer_reg[164]/CLR
  -------------------------------------------------------------------    -------------------

                         (clock clk_fpga_0 rise edge)
                                                     10.000    10.000 r  
    PS7_X0Y0             PS7                          0.000    10.000 r  design_1_i/processing_system7_0/inst/PS7_i/FCLKCLK[0]
                         net (fo=1, routed)           1.088    11.088    design_1_i/processing_system7_0/inst/FCLK_CLK_unbuffered[0]
    BUFGCTRL_X0Y17       BUFG (Prop_bufg_I_O)         0.091    11.179 r  design_1_i/processing_system7_0/inst/buffer_fclk_clk_0.FCLK_CLK_0_BUFG_replica/O
                         net (fo=3, routed)           0.133    11.312    design_1_i/processing_system7_0/inst/FCLK_CLK0_repN
    BUFGCTRL_X0Y16       BUFG (Prop_bufg_I_O)         0.091    11.403 r  design_1_i/processing_system7_0/inst/buffer_fclk_clk_0.FCLK_CLK_0_BUFG/O
                         net (fo=13921, routed)       1.488    12.891    design_1_i/RFC8439_0/inst/RFC8439_v1_0_S00_AXI_inst/Rfc8439_core/s00_axi_aclk
    SLICE_X41Y16         FDCE                                         r  design_1_i/RFC8439_0/inst/RFC8439_v1_0_S00_AXI_inst/Rfc8439_core/ks_buffer_reg[164]/C
                         clock pessimism              0.138    13.029    
                         clock uncertainty           -0.154    12.875    
    SLICE_X41Y16         FDCE (Recov_fdce_C_CLR)     -0.609    12.266    design_1_i/RFC8439_0/inst/RFC8439_v1_0_S00_AXI_inst/Rfc8439_core/ks_buffer_reg[164]
  -------------------------------------------------------------------
                         required time                         12.266    
                         arrival time                         -11.068    
  -------------------------------------------------------------------
                         slack                                  1.199    

Slack (MET) :             1.199ns  (required time - arrival time)
  Source:                 design_1_i/rst_ps7_0_100M/U0/ACTIVE_LOW_PR_OUT_DFF[0].FDRE_PER_N/C
                            (rising edge-triggered cell FDRE clocked by clk_fpga_0  {rise@0.000ns fall@5.000ns period=10.000ns})
  Destination:            design_1_i/RFC8439_0/inst/RFC8439_v1_0_S00_AXI_inst/Rfc8439_core/ks_buffer_reg[36]/CLR
                            (recovery check against rising-edge clock clk_fpga_0  {rise@0.000ns fall@5.000ns period=10.000ns})
  Path Group:             **async_default**
  Path Type:              Recovery (Max at Slow Process Corner)
  Requirement:            10.000ns  (clk_fpga_0 rise@10.000ns - clk_fpga_0 rise@0.000ns)
  Data Path Delay:        7.623ns  (logic 0.668ns (8.763%)  route 6.955ns (91.237%))
  Logic Levels:           1  (LUT1=1)
  Clock Path Skew:        -0.416ns (DCD - SCD + CPR)
    Destination Clock Delay (DCD):    2.891ns = ( 12.892 - 10.000 ) 
    Source Clock Delay      (SCD):    3.445ns
    Clock Pessimism Removal (CPR):    0.138ns
  Clock Uncertainty:      0.154ns  ((TSJ^2 + TIJ^2)^1/2 + DJ) / 2 + PE
    Total System Jitter     (TSJ):    0.071ns
    Total Input Jitter      (TIJ):    0.300ns
    Discrete Jitter          (DJ):    0.000ns
    Phase Error              (PE):    0.000ns

    Location             Delay type                Incr(ns)  Path(ns)    Netlist Resource(s)
  -------------------------------------------------------------------    -------------------
                         (clock clk_fpga_0 rise edge)
                                                      0.000     0.000 r  
    PS7_X0Y0             PS7                          0.000     0.000 r  design_1_i/processing_system7_0/inst/PS7_i/FCLKCLK[0]
                         net (fo=1, routed)           1.193     1.193    design_1_i/processing_system7_0/inst/FCLK_CLK_unbuffered[0]
    BUFGCTRL_X0Y17       BUFG (Prop_bufg_I_O)         0.101     1.294 r  design_1_i/processing_system7_0/inst/buffer_fclk_clk_0.FCLK_CLK_0_BUFG_replica/O
                         net (fo=3, routed)           0.146     1.440    design_1_i/processing_system7_0/inst/FCLK_CLK0_repN
    BUFGCTRL_X0Y16       BUFG (Prop_bufg_I_O)         0.101     1.541 r  design_1_i/processing_system7_0/inst/buffer_fclk_clk_0.FCLK_CLK_0_BUFG/O
                         net (fo=13921, routed)       1.904     3.445    design_1_i/rst_ps7_0_100M/U0/slowest_sync_clk
    SLICE_X62Y109        FDRE                                         r  design_1_i/rst_ps7_0_100M/U0/ACTIVE_LOW_PR_OUT_DFF[0].FDRE_PER_N/C
  -------------------------------------------------------------------    -------------------
    SLICE_X62Y109        FDRE (Prop_fdre_C_Q)         0.518     3.963 r  design_1_i/rst_ps7_0_100M/U0/ACTIVE_LOW_PR_OUT_DFF[0].FDRE_PER_N/Q
                         net (fo=51, routed)          2.141     6.104    design_1_i/RFC8439_0/inst/RFC8439_v1_0_S00_AXI_inst/Rfc8439_core/u_poly1305/s00_axi_aresetn
    SLICE_X66Y68         LUT1 (Prop_lut1_I0_O)        0.150     6.254 f  design_1_i/RFC8439_0/inst/RFC8439_v1_0_S00_AXI_inst/Rfc8439_core/u_poly1305/FSM_onehot_wr_state[1]_i_2/O
                         net (fo=3834, routed)        4.814    11.068    design_1_i/RFC8439_0/inst/RFC8439_v1_0_S00_AXI_inst/Rfc8439_core/s00_axi_aresetn_0
    SLICE_X41Y16         FDCE                                         f  design_1_i/RFC8439_0/inst/RFC8439_v1_0_S00_AXI_inst/Rfc8439_core/ks_buffer_reg[36]/CLR
  -------------------------------------------------------------------    -------------------

                         (clock clk_fpga_0 rise edge)
                                                     10.000    10.000 r  
    PS7_X0Y0             PS7                          0.000    10.000 r  design_1_i/processing_system7_0/inst/PS7_i/FCLKCLK[0]
                         net (fo=1, routed)           1.088    11.088    design_1_i/processing_system7_0/inst/FCLK_CLK_unbuffered[0]
    BUFGCTRL_X0Y17       BUFG (Prop_bufg_I_O)         0.091    11.179 r  design_1_i/processing_system7_0/inst/buffer_fclk_clk_0.FCLK_CLK_0_BUFG_replica/O
                         net (fo=3, routed)           0.133    11.312    design_1_i/processing_system7_0/inst/FCLK_CLK0_repN
    BUFGCTRL_X0Y16       BUFG (Prop_bufg_I_O)         0.091    11.403 r  design_1_i/processing_system7_0/inst/buffer_fclk_clk_0.FCLK_CLK_0_BUFG/O
                         net (fo=13921, routed)       1.488    12.891    design_1_i/RFC8439_0/inst/RFC8439_v1_0_S00_AXI_inst/Rfc8439_core/s00_axi_aclk
    SLICE_X41Y16         FDCE                                         r  design_1_i/RFC8439_0/inst/RFC8439_v1_0_S00_AXI_inst/Rfc8439_core/ks_buffer_reg[36]/C
                         clock pessimism              0.138    13.029    
                         clock uncertainty           -0.154    12.875    
    SLICE_X41Y16         FDCE (Recov_fdce_C_CLR)     -0.609    12.266    design_1_i/RFC8439_0/inst/RFC8439_v1_0_S00_AXI_inst/Rfc8439_core/ks_buffer_reg[36]
  -------------------------------------------------------------------
                         required time                         12.266    
                         arrival time                         -11.068    
  -------------------------------------------------------------------
                         slack                                  1.199    

Slack (MET) :             1.203ns  (required time - arrival time)
  Source:                 design_1_i/rst_ps7_0_100M/U0/ACTIVE_LOW_PR_OUT_DFF[0].FDRE_PER_N/C
                            (rising edge-triggered cell FDRE clocked by clk_fpga_0  {rise@0.000ns fall@5.000ns period=10.000ns})
  Destination:            design_1_i/RFC8439_0/inst/RFC8439_v1_0_S00_AXI_inst/Rfc8439_core/u_poly1305/r3_reg[0]_replica_1/CLR
                            (recovery check against rising-edge clock clk_fpga_0  {rise@0.000ns fall@5.000ns period=10.000ns})
  Path Group:             **async_default**
  Path Type:              Recovery (Max at Slow Process Corner)
  Requirement:            10.000ns  (clk_fpga_0 rise@10.000ns - clk_fpga_0 rise@0.000ns)
  Data Path Delay:        7.626ns  (logic 0.668ns (8.759%)  route 6.958ns (91.241%))
  Logic Levels:           1  (LUT1=1)
  Clock Path Skew:        -0.408ns (DCD - SCD + CPR)
    Destination Clock Delay (DCD):    2.899ns = ( 12.899 - 10.000 ) 
    Source Clock Delay      (SCD):    3.445ns
    Clock Pessimism Removal (CPR):    0.138ns
  Clock Uncertainty:      0.154ns  ((TSJ^2 + TIJ^2)^1/2 + DJ) / 2 + PE
    Total System Jitter     (TSJ):    0.071ns
    Total Input Jitter      (TIJ):    0.300ns
    Discrete Jitter          (DJ):    0.000ns
    Phase Error              (PE):    0.000ns

    Location             Delay type                Incr(ns)  Path(ns)    Netlist Resource(s)
  -------------------------------------------------------------------    -------------------
                         (clock clk_fpga_0 rise edge)
                                                      0.000     0.000 r  
    PS7_X0Y0             PS7                          0.000     0.000 r  design_1_i/processing_system7_0/inst/PS7_i/FCLKCLK[0]
                         net (fo=1, routed)           1.193     1.193    design_1_i/processing_system7_0/inst/FCLK_CLK_unbuffered[0]
    BUFGCTRL_X0Y17       BUFG (Prop_bufg_I_O)         0.101     1.294 r  design_1_i/processing_system7_0/inst/buffer_fclk_clk_0.FCLK_CLK_0_BUFG_replica/O
                         net (fo=3, routed)           0.146     1.440    design_1_i/processing_system7_0/inst/FCLK_CLK0_repN
    BUFGCTRL_X0Y16       BUFG (Prop_bufg_I_O)         0.101     1.541 r  design_1_i/processing_system7_0/inst/buffer_fclk_clk_0.FCLK_CLK_0_BUFG/O
                         net (fo=13921, routed)       1.904     3.445    design_1_i/rst_ps7_0_100M/U0/slowest_sync_clk
    SLICE_X62Y109        FDRE                                         r  design_1_i/rst_ps7_0_100M/U0/ACTIVE_LOW_PR_OUT_DFF[0].FDRE_PER_N/C
  -------------------------------------------------------------------    -------------------
    SLICE_X62Y109        FDRE (Prop_fdre_C_Q)         0.518     3.963 r  design_1_i/rst_ps7_0_100M/U0/ACTIVE_LOW_PR_OUT_DFF[0].FDRE_PER_N/Q
                         net (fo=51, routed)          2.141     6.104    design_1_i/RFC8439_0/inst/RFC8439_v1_0_S00_AXI_inst/Rfc8439_core/u_poly1305/s00_axi_aresetn
    SLICE_X66Y68         LUT1 (Prop_lut1_I0_O)        0.150     6.254 f  design_1_i/RFC8439_0/inst/RFC8439_v1_0_S00_AXI_inst/Rfc8439_core/u_poly1305/FSM_onehot_wr_state[1]_i_2/O
                         net (fo=3834, routed)        4.818    11.071    design_1_i/RFC8439_0/inst/RFC8439_v1_0_S00_AXI_inst/Rfc8439_core/u_poly1305/AR[0]
    SLICE_X35Y4          FDCE                                         f  design_1_i/RFC8439_0/inst/RFC8439_v1_0_S00_AXI_inst/Rfc8439_core/u_poly1305/r3_reg[0]_replica_1/CLR
  -------------------------------------------------------------------    -------------------

                         (clock clk_fpga_0 rise edge)
                                                     10.000    10.000 r  
    PS7_X0Y0             PS7                          0.000    10.000 r  design_1_i/processing_system7_0/inst/PS7_i/FCLKCLK[0]
                         net (fo=1, routed)           1.088    11.088    design_1_i/processing_system7_0/inst/FCLK_CLK_unbuffered[0]
    BUFGCTRL_X0Y17       BUFG (Prop_bufg_I_O)         0.091    11.179 r  design_1_i/processing_system7_0/inst/buffer_fclk_clk_0.FCLK_CLK_0_BUFG_replica/O
                         net (fo=3, routed)           0.133    11.312    design_1_i/processing_system7_0/inst/FCLK_CLK0_repN
    BUFGCTRL_X0Y16       BUFG (Prop_bufg_I_O)         0.091    11.403 r  design_1_i/processing_system7_0/inst/buffer_fclk_clk_0.FCLK_CLK_0_BUFG/O
                         net (fo=13921, routed)       1.496    12.899    design_1_i/RFC8439_0/inst/RFC8439_v1_0_S00_AXI_inst/Rfc8439_core/u_poly1305/s00_axi_aclk
    SLICE_X35Y4          FDCE                                         r  design_1_i/RFC8439_0/inst/RFC8439_v1_0_S00_AXI_inst/Rfc8439_core/u_poly1305/r3_reg[0]_replica_1/C
                         clock pessimism              0.138    13.037    
                         clock uncertainty           -0.154    12.883    
    SLICE_X35Y4          FDCE (Recov_fdce_C_CLR)     -0.609    12.274    design_1_i/RFC8439_0/inst/RFC8439_v1_0_S00_AXI_inst/Rfc8439_core/u_poly1305/r3_reg[0]_replica_1
  -------------------------------------------------------------------
                         required time                         12.274    
                         arrival time                         -11.071    
  -------------------------------------------------------------------
                         slack                                  1.203    





Min Delay Paths
--------------------------------------------------------------------------------------
Slack (MET) :             1.493ns  (arrival time - required time)
  Source:                 design_1_i/rst_ps7_0_100M/U0/ACTIVE_LOW_PR_OUT_DFF[0].FDRE_PER_N/C
                            (rising edge-triggered cell FDRE clocked by clk_fpga_0  {rise@0.000ns fall@5.000ns period=10.000ns})
  Destination:            design_1_i/RFC8439_0/inst/RFC8439_v1_0_S00_AXI_inst/Rfc8439_core/poly_key_reg_reg[34]/CLR
                            (removal check against rising-edge clock clk_fpga_0  {rise@0.000ns fall@5.000ns period=10.000ns})
  Path Group:             **async_default**
  Path Type:              Removal (Min at Fast Process Corner)
  Requirement:            0.000ns  (clk_fpga_0 rise@0.000ns - clk_fpga_0 rise@0.000ns)
  Data Path Delay:        1.516ns  (logic 0.210ns (13.851%)  route 1.306ns (86.149%))
  Logic Levels:           1  (LUT1=1)
  Clock Path Skew:        0.181ns (DCD - SCD - CPR)
    Destination Clock Delay (DCD):    1.274ns
    Source Clock Delay      (SCD):    1.052ns
    Clock Pessimism Removal (CPR):    0.041ns

    Location             Delay type                Incr(ns)  Path(ns)    Netlist Resource(s)
  -------------------------------------------------------------------    -------------------
                         (clock clk_fpga_0 rise edge)
                                                      0.000     0.000 r  
    PS7_X0Y0             PS7                          0.000     0.000 r  design_1_i/processing_system7_0/inst/PS7_i/FCLKCLK[0]
                         net (fo=1, routed)           0.310     0.310    design_1_i/processing_system7_0/inst/FCLK_CLK_unbuffered[0]
    BUFGCTRL_X0Y17       BUFG (Prop_bufg_I_O)         0.026     0.336 r  design_1_i/processing_system7_0/inst/buffer_fclk_clk_0.FCLK_CLK_0_BUFG_replica/O
                         net (fo=3, routed)           0.030     0.366    design_1_i/processing_system7_0/inst/FCLK_CLK0_repN
    BUFGCTRL_X0Y16       BUFG (Prop_bufg_I_O)         0.026     0.392 r  design_1_i/processing_system7_0/inst/buffer_fclk_clk_0.FCLK_CLK_0_BUFG/O
                         net (fo=13921, routed)       0.660     1.052    design_1_i/rst_ps7_0_100M/U0/slowest_sync_clk
    SLICE_X62Y109        FDRE                                         r  design_1_i/rst_ps7_0_100M/U0/ACTIVE_LOW_PR_OUT_DFF[0].FDRE_PER_N/C
  -------------------------------------------------------------------    -------------------
    SLICE_X62Y109        FDRE (Prop_fdre_C_Q)         0.164     1.216 r  design_1_i/rst_ps7_0_100M/U0/ACTIVE_LOW_PR_OUT_DFF[0].FDRE_PER_N/Q
                         net (fo=51, routed)          0.915     2.131    design_1_i/RFC8439_0/inst/RFC8439_v1_0_S00_AXI_inst/Rfc8439_core/u_poly1305/s00_axi_aresetn
    SLICE_X66Y68         LUT1 (Prop_lut1_I0_O)        0.046     2.177 f  design_1_i/RFC8439_0/inst/RFC8439_v1_0_S00_AXI_inst/Rfc8439_core/u_poly1305/FSM_onehot_wr_state[1]_i_2/O
                         net (fo=3834, routed)        0.392     2.568    design_1_i/RFC8439_0/inst/RFC8439_v1_0_S00_AXI_inst/Rfc8439_core/s00_axi_aresetn_0
    SLICE_X61Y61         FDCE                                         f  design_1_i/RFC8439_0/inst/RFC8439_v1_0_S00_AXI_inst/Rfc8439_core/poly_key_reg_reg[34]/CLR
  -------------------------------------------------------------------    -------------------

                         (clock clk_fpga_0 rise edge)
                                                      0.000     0.000 r  
    PS7_X0Y0             PS7                          0.000     0.000 r  design_1_i/processing_system7_0/inst/PS7_i/FCLKCLK[0]
                         net (fo=1, routed)           0.337     0.337    design_1_i/processing_system7_0/inst/FCLK_CLK_unbuffered[0]
    BUFGCTRL_X0Y17       BUFG (Prop_bufg_I_O)         0.029     0.366 r  design_1_i/processing_system7_0/inst/buffer_fclk_clk_0.FCLK_CLK_0_BUFG_replica/O
                         net (fo=3, routed)           0.033     0.399    design_1_i/processing_system7_0/inst/FCLK_CLK0_repN
    BUFGCTRL_X0Y16       BUFG (Prop_bufg_I_O)         0.029     0.428 r  design_1_i/processing_system7_0/inst/buffer_fclk_clk_0.FCLK_CLK_0_BUFG/O
                         net (fo=13921, routed)       0.846     1.274    design_1_i/RFC8439_0/inst/RFC8439_v1_0_S00_AXI_inst/Rfc8439_core/s00_axi_aclk
    SLICE_X61Y61         FDCE                                         r  design_1_i/RFC8439_0/inst/RFC8439_v1_0_S00_AXI_inst/Rfc8439_core/poly_key_reg_reg[34]/C
                         clock pessimism             -0.041     1.233    
    SLICE_X61Y61         FDCE (Remov_fdce_C_CLR)     -0.158     1.075    design_1_i/RFC8439_0/inst/RFC8439_v1_0_S00_AXI_inst/Rfc8439_core/poly_key_reg_reg[34]
  -------------------------------------------------------------------
                         required time                         -1.075    
                         arrival time                           2.568    
  -------------------------------------------------------------------
                         slack                                  1.493    

Slack (MET) :             1.633ns  (arrival time - required time)
  Source:                 design_1_i/rst_ps7_0_100M/U0/ACTIVE_LOW_PR_OUT_DFF[0].FDRE_PER_N/C
                            (rising edge-triggered cell FDRE clocked by clk_fpga_0  {rise@0.000ns fall@5.000ns period=10.000ns})
  Destination:            design_1_i/RFC8439_0/inst/RFC8439_v1_0_S00_AXI_inst/Rfc8439_core/raw_rd_buf_reg[30]/CLR
                            (removal check against rising-edge clock clk_fpga_0  {rise@0.000ns fall@5.000ns period=10.000ns})
  Path Group:             **async_default**
  Path Type:              Removal (Min at Fast Process Corner)
  Requirement:            0.000ns  (clk_fpga_0 rise@0.000ns - clk_fpga_0 rise@0.000ns)
  Data Path Delay:        1.691ns  (logic 0.210ns (12.419%)  route 1.481ns (87.581%))
  Logic Levels:           1  (LUT1=1)
  Clock Path Skew:        0.191ns (DCD - SCD - CPR)
    Destination Clock Delay (DCD):    1.279ns
    Source Clock Delay      (SCD):    1.052ns
    Clock Pessimism Removal (CPR):    0.036ns

    Location             Delay type                Incr(ns)  Path(ns)    Netlist Resource(s)
  -------------------------------------------------------------------    -------------------
                         (clock clk_fpga_0 rise edge)
                                                      0.000     0.000 r  
    PS7_X0Y0             PS7                          0.000     0.000 r  design_1_i/processing_system7_0/inst/PS7_i/FCLKCLK[0]
                         net (fo=1, routed)           0.310     0.310    design_1_i/processing_system7_0/inst/FCLK_CLK_unbuffered[0]
    BUFGCTRL_X0Y17       BUFG (Prop_bufg_I_O)         0.026     0.336 r  design_1_i/processing_system7_0/inst/buffer_fclk_clk_0.FCLK_CLK_0_BUFG_replica/O
                         net (fo=3, routed)           0.030     0.366    design_1_i/processing_system7_0/inst/FCLK_CLK0_repN
    BUFGCTRL_X0Y16       BUFG (Prop_bufg_I_O)         0.026     0.392 r  design_1_i/processing_system7_0/inst/buffer_fclk_clk_0.FCLK_CLK_0_BUFG/O
                         net (fo=13921, routed)       0.660     1.052    design_1_i/rst_ps7_0_100M/U0/slowest_sync_clk
    SLICE_X62Y109        FDRE                                         r  design_1_i/rst_ps7_0_100M/U0/ACTIVE_LOW_PR_OUT_DFF[0].FDRE_PER_N/C
  -------------------------------------------------------------------    -------------------
    SLICE_X62Y109        FDRE (Prop_fdre_C_Q)         0.164     1.216 r  design_1_i/rst_ps7_0_100M/U0/ACTIVE_LOW_PR_OUT_DFF[0].FDRE_PER_N/Q
                         net (fo=51, routed)          0.915     2.131    design_1_i/RFC8439_0/inst/RFC8439_v1_0_S00_AXI_inst/Rfc8439_core/u_poly1305/s00_axi_aresetn
    SLICE_X66Y68         LUT1 (Prop_lut1_I0_O)        0.046     2.177 f  design_1_i/RFC8439_0/inst/RFC8439_v1_0_S00_AXI_inst/Rfc8439_core/u_poly1305/FSM_onehot_wr_state[1]_i_2/O
                         net (fo=3834, routed)        0.567     2.743    design_1_i/RFC8439_0/inst/RFC8439_v1_0_S00_AXI_inst/Rfc8439_core/s00_axi_aresetn_0
    SLICE_X58Y42         FDCE                                         f  design_1_i/RFC8439_0/inst/RFC8439_v1_0_S00_AXI_inst/Rfc8439_core/raw_rd_buf_reg[30]/CLR
  -------------------------------------------------------------------    -------------------

                         (clock clk_fpga_0 rise edge)
                                                      0.000     0.000 r  
    PS7_X0Y0             PS7                          0.000     0.000 r  design_1_i/processing_system7_0/inst/PS7_i/FCLKCLK[0]
                         net (fo=1, routed)           0.337     0.337    design_1_i/processing_system7_0/inst/FCLK_CLK_unbuffered[0]
    BUFGCTRL_X0Y17       BUFG (Prop_bufg_I_O)         0.029     0.366 r  design_1_i/processing_system7_0/inst/buffer_fclk_clk_0.FCLK_CLK_0_BUFG_replica/O
                         net (fo=3, routed)           0.033     0.399    design_1_i/processing_system7_0/inst/FCLK_CLK0_repN
    BUFGCTRL_X0Y16       BUFG (Prop_bufg_I_O)         0.029     0.428 r  design_1_i/processing_system7_0/inst/buffer_fclk_clk_0.FCLK_CLK_0_BUFG/O
                         net (fo=13921, routed)       0.851     1.279    design_1_i/RFC8439_0/inst/RFC8439_v1_0_S00_AXI_inst/Rfc8439_core/s00_axi_aclk
    SLICE_X58Y42         FDCE                                         r  design_1_i/RFC8439_0/inst/RFC8439_v1_0_S00_AXI_inst/Rfc8439_core/raw_rd_buf_reg[30]/C
                         clock pessimism             -0.036     1.243    
    SLICE_X58Y42         FDCE (Remov_fdce_C_CLR)     -0.133     1.110    design_1_i/RFC8439_0/inst/RFC8439_v1_0_S00_AXI_inst/Rfc8439_core/raw_rd_buf_reg[30]
  -------------------------------------------------------------------
                         required time                         -1.110    
                         arrival time                           2.743    
  -------------------------------------------------------------------
                         slack                                  1.633    

Slack (MET) :             1.633ns  (arrival time - required time)
  Source:                 design_1_i/rst_ps7_0_100M/U0/ACTIVE_LOW_PR_OUT_DFF[0].FDRE_PER_N/C
                            (rising edge-triggered cell FDRE clocked by clk_fpga_0  {rise@0.000ns fall@5.000ns period=10.000ns})
  Destination:            design_1_i/RFC8439_0/inst/RFC8439_v1_0_S00_AXI_inst/Rfc8439_core/raw_rd_buf_reg[54]/CLR
                            (removal check against rising-edge clock clk_fpga_0  {rise@0.000ns fall@5.000ns period=10.000ns})
  Path Group:             **async_default**
  Path Type:              Removal (Min at Fast Process Corner)
  Requirement:            0.000ns  (clk_fpga_0 rise@0.000ns - clk_fpga_0 rise@0.000ns)
  Data Path Delay:        1.691ns  (logic 0.210ns (12.419%)  route 1.481ns (87.581%))
  Logic Levels:           1  (LUT1=1)
  Clock Path Skew:        0.191ns (DCD - SCD - CPR)
    Destination Clock Delay (DCD):    1.279ns
    Source Clock Delay      (SCD):    1.052ns
    Clock Pessimism Removal (CPR):    0.036ns

    Location             Delay type                Incr(ns)  Path(ns)    Netlist Resource(s)
  -------------------------------------------------------------------    -------------------
                         (clock clk_fpga_0 rise edge)
                                                      0.000     0.000 r  
    PS7_X0Y0             PS7                          0.000     0.000 r  design_1_i/processing_system7_0/inst/PS7_i/FCLKCLK[0]
                         net (fo=1, routed)           0.310     0.310    design_1_i/processing_system7_0/inst/FCLK_CLK_unbuffered[0]
    BUFGCTRL_X0Y17       BUFG (Prop_bufg_I_O)         0.026     0.336 r  design_1_i/processing_system7_0/inst/buffer_fclk_clk_0.FCLK_CLK_0_BUFG_replica/O
                         net (fo=3, routed)           0.030     0.366    design_1_i/processing_system7_0/inst/FCLK_CLK0_repN
    BUFGCTRL_X0Y16       BUFG (Prop_bufg_I_O)         0.026     0.392 r  design_1_i/processing_system7_0/inst/buffer_fclk_clk_0.FCLK_CLK_0_BUFG/O
                         net (fo=13921, routed)       0.660     1.052    design_1_i/rst_ps7_0_100M/U0/slowest_sync_clk
    SLICE_X62Y109        FDRE                                         r  design_1_i/rst_ps7_0_100M/U0/ACTIVE_LOW_PR_OUT_DFF[0].FDRE_PER_N/C
  -------------------------------------------------------------------    -------------------
    SLICE_X62Y109        FDRE (Prop_fdre_C_Q)         0.164     1.216 r  design_1_i/rst_ps7_0_100M/U0/ACTIVE_LOW_PR_OUT_DFF[0].FDRE_PER_N/Q
                         net (fo=51, routed)          0.915     2.131    design_1_i/RFC8439_0/inst/RFC8439_v1_0_S00_AXI_inst/Rfc8439_core/u_poly1305/s00_axi_aresetn
    SLICE_X66Y68         LUT1 (Prop_lut1_I0_O)        0.046     2.177 f  design_1_i/RFC8439_0/inst/RFC8439_v1_0_S00_AXI_inst/Rfc8439_core/u_poly1305/FSM_onehot_wr_state[1]_i_2/O
                         net (fo=3834, routed)        0.567     2.743    design_1_i/RFC8439_0/inst/RFC8439_v1_0_S00_AXI_inst/Rfc8439_core/s00_axi_aresetn_0
    SLICE_X58Y42         FDCE                                         f  design_1_i/RFC8439_0/inst/RFC8439_v1_0_S00_AXI_inst/Rfc8439_core/raw_rd_buf_reg[54]/CLR
  -------------------------------------------------------------------    -------------------

                         (clock clk_fpga_0 rise edge)
                                                      0.000     0.000 r  
    PS7_X0Y0             PS7                          0.000     0.000 r  design_1_i/processing_system7_0/inst/PS7_i/FCLKCLK[0]
                         net (fo=1, routed)           0.337     0.337    design_1_i/processing_system7_0/inst/FCLK_CLK_unbuffered[0]
    BUFGCTRL_X0Y17       BUFG (Prop_bufg_I_O)         0.029     0.366 r  design_1_i/processing_system7_0/inst/buffer_fclk_clk_0.FCLK_CLK_0_BUFG_replica/O
                         net (fo=3, routed)           0.033     0.399    design_1_i/processing_system7_0/inst/FCLK_CLK0_repN
    BUFGCTRL_X0Y16       BUFG (Prop_bufg_I_O)         0.029     0.428 r  design_1_i/processing_system7_0/inst/buffer_fclk_clk_0.FCLK_CLK_0_BUFG/O
                         net (fo=13921, routed)       0.851     1.279    design_1_i/RFC8439_0/inst/RFC8439_v1_0_S00_AXI_inst/Rfc8439_core/s00_axi_aclk
    SLICE_X58Y42         FDCE                                         r  design_1_i/RFC8439_0/inst/RFC8439_v1_0_S00_AXI_inst/Rfc8439_core/raw_rd_buf_reg[54]/C
                         clock pessimism             -0.036     1.243    
    SLICE_X58Y42         FDCE (Remov_fdce_C_CLR)     -0.133     1.110    design_1_i/RFC8439_0/inst/RFC8439_v1_0_S00_AXI_inst/Rfc8439_core/raw_rd_buf_reg[54]
  -------------------------------------------------------------------
                         required time                         -1.110    
                         arrival time                           2.743    
  -------------------------------------------------------------------
                         slack                                  1.633    

Slack (MET) :             1.633ns  (arrival time - required time)
  Source:                 design_1_i/rst_ps7_0_100M/U0/ACTIVE_LOW_PR_OUT_DFF[0].FDRE_PER_N/C
                            (rising edge-triggered cell FDRE clocked by clk_fpga_0  {rise@0.000ns fall@5.000ns period=10.000ns})
  Destination:            design_1_i/RFC8439_0/inst/RFC8439_v1_0_S00_AXI_inst/Rfc8439_core/raw_rd_buf_reg[62]/CLR
                            (removal check against rising-edge clock clk_fpga_0  {rise@0.000ns fall@5.000ns period=10.000ns})
  Path Group:             **async_default**
  Path Type:              Removal (Min at Fast Process Corner)
  Requirement:            0.000ns  (clk_fpga_0 rise@0.000ns - clk_fpga_0 rise@0.000ns)
  Data Path Delay:        1.691ns  (logic 0.210ns (12.419%)  route 1.481ns (87.581%))
  Logic Levels:           1  (LUT1=1)
  Clock Path Skew:        0.191ns (DCD - SCD - CPR)
    Destination Clock Delay (DCD):    1.279ns
    Source Clock Delay      (SCD):    1.052ns
    Clock Pessimism Removal (CPR):    0.036ns

    Location             Delay type                Incr(ns)  Path(ns)    Netlist Resource(s)
  -------------------------------------------------------------------    -------------------
                         (clock clk_fpga_0 rise edge)
                                                      0.000     0.000 r  
    PS7_X0Y0             PS7                          0.000     0.000 r  design_1_i/processing_system7_0/inst/PS7_i/FCLKCLK[0]
                         net (fo=1, routed)           0.310     0.310    design_1_i/processing_system7_0/inst/FCLK_CLK_unbuffered[0]
    BUFGCTRL_X0Y17       BUFG (Prop_bufg_I_O)         0.026     0.336 r  design_1_i/processing_system7_0/inst/buffer_fclk_clk_0.FCLK_CLK_0_BUFG_replica/O
                         net (fo=3, routed)           0.030     0.366    design_1_i/processing_system7_0/inst/FCLK_CLK0_repN
    BUFGCTRL_X0Y16       BUFG (Prop_bufg_I_O)         0.026     0.392 r  design_1_i/processing_system7_0/inst/buffer_fclk_clk_0.FCLK_CLK_0_BUFG/O
                         net (fo=13921, routed)       0.660     1.052    design_1_i/rst_ps7_0_100M/U0/slowest_sync_clk
    SLICE_X62Y109        FDRE                                         r  design_1_i/rst_ps7_0_100M/U0/ACTIVE_LOW_PR_OUT_DFF[0].FDRE_PER_N/C
  -------------------------------------------------------------------    -------------------
    SLICE_X62Y109        FDRE (Prop_fdre_C_Q)         0.164     1.216 r  design_1_i/rst_ps7_0_100M/U0/ACTIVE_LOW_PR_OUT_DFF[0].FDRE_PER_N/Q
                         net (fo=51, routed)          0.915     2.131    design_1_i/RFC8439_0/inst/RFC8439_v1_0_S00_AXI_inst/Rfc8439_core/u_poly1305/s00_axi_aresetn
    SLICE_X66Y68         LUT1 (Prop_lut1_I0_O)        0.046     2.177 f  design_1_i/RFC8439_0/inst/RFC8439_v1_0_S00_AXI_inst/Rfc8439_core/u_poly1305/FSM_onehot_wr_state[1]_i_2/O
                         net (fo=3834, routed)        0.567     2.743    design_1_i/RFC8439_0/inst/RFC8439_v1_0_S00_AXI_inst/Rfc8439_core/s00_axi_aresetn_0
    SLICE_X58Y42         FDCE                                         f  design_1_i/RFC8439_0/inst/RFC8439_v1_0_S00_AXI_inst/Rfc8439_core/raw_rd_buf_reg[62]/CLR
  -------------------------------------------------------------------    -------------------

                         (clock clk_fpga_0 rise edge)
                                                      0.000     0.000 r  
    PS7_X0Y0             PS7                          0.000     0.000 r  design_1_i/processing_system7_0/inst/PS7_i/FCLKCLK[0]
                         net (fo=1, routed)           0.337     0.337    design_1_i/processing_system7_0/inst/FCLK_CLK_unbuffered[0]
    BUFGCTRL_X0Y17       BUFG (Prop_bufg_I_O)         0.029     0.366 r  design_1_i/processing_system7_0/inst/buffer_fclk_clk_0.FCLK_CLK_0_BUFG_replica/O
                         net (fo=3, routed)           0.033     0.399    design_1_i/processing_system7_0/inst/FCLK_CLK0_repN
    BUFGCTRL_X0Y16       BUFG (Prop_bufg_I_O)         0.029     0.428 r  design_1_i/processing_system7_0/inst/buffer_fclk_clk_0.FCLK_CLK_0_BUFG/O
                         net (fo=13921, routed)       0.851     1.279    design_1_i/RFC8439_0/inst/RFC8439_v1_0_S00_AXI_inst/Rfc8439_core/s00_axi_aclk
    SLICE_X58Y42         FDCE                                         r  design_1_i/RFC8439_0/inst/RFC8439_v1_0_S00_AXI_inst/Rfc8439_core/raw_rd_buf_reg[62]/C
                         clock pessimism             -0.036     1.243    
    SLICE_X58Y42         FDCE (Remov_fdce_C_CLR)     -0.133     1.110    design_1_i/RFC8439_0/inst/RFC8439_v1_0_S00_AXI_inst/Rfc8439_core/raw_rd_buf_reg[62]
  -------------------------------------------------------------------
                         required time                         -1.110    
                         arrival time                           2.743    
  -------------------------------------------------------------------
                         slack                                  1.633    

Slack (MET) :             1.645ns  (arrival time - required time)
  Source:                 design_1_i/rst_ps7_0_100M/U0/ACTIVE_LOW_PR_OUT_DFF[0].FDRE_PER_N/C
                            (rising edge-triggered cell FDRE clocked by clk_fpga_0  {rise@0.000ns fall@5.000ns period=10.000ns})
  Destination:            design_1_i/RFC8439_0/inst/RFC8439_v1_0_S00_AXI_inst/Rfc8439_core/poly_key_reg_reg[247]/CLR
                            (removal check against rising-edge clock clk_fpga_0  {rise@0.000ns fall@5.000ns period=10.000ns})
  Path Group:             **async_default**
  Path Type:              Removal (Min at Fast Process Corner)
  Requirement:            0.000ns  (clk_fpga_0 rise@0.000ns - clk_fpga_0 rise@0.000ns)
  Data Path Delay:        1.696ns  (logic 0.210ns (12.385%)  route 1.486ns (87.615%))
  Logic Levels:           1  (LUT1=1)
  Clock Path Skew:        0.184ns (DCD - SCD - CPR)
    Destination Clock Delay (DCD):    1.277ns
    Source Clock Delay      (SCD):    1.052ns
    Clock Pessimism Removal (CPR):    0.041ns

    Location             Delay type                Incr(ns)  Path(ns)    Netlist Resource(s)
  -------------------------------------------------------------------    -------------------
                         (clock clk_fpga_0 rise edge)
                                                      0.000     0.000 r  
    PS7_X0Y0             PS7                          0.000     0.000 r  design_1_i/processing_system7_0/inst/PS7_i/FCLKCLK[0]
                         net (fo=1, routed)           0.310     0.310    design_1_i/processing_system7_0/inst/FCLK_CLK_unbuffered[0]
    BUFGCTRL_X0Y17       BUFG (Prop_bufg_I_O)         0.026     0.336 r  design_1_i/processing_system7_0/inst/buffer_fclk_clk_0.FCLK_CLK_0_BUFG_replica/O
                         net (fo=3, routed)           0.030     0.366    design_1_i/processing_system7_0/inst/FCLK_CLK0_repN
    BUFGCTRL_X0Y16       BUFG (Prop_bufg_I_O)         0.026     0.392 r  design_1_i/processing_system7_0/inst/buffer_fclk_clk_0.FCLK_CLK_0_BUFG/O
                         net (fo=13921, routed)       0.660     1.052    design_1_i/rst_ps7_0_100M/U0/slowest_sync_clk
    SLICE_X62Y109        FDRE                                         r  design_1_i/rst_ps7_0_100M/U0/ACTIVE_LOW_PR_OUT_DFF[0].FDRE_PER_N/C
  -------------------------------------------------------------------    -------------------
    SLICE_X62Y109        FDRE (Prop_fdre_C_Q)         0.164     1.216 r  design_1_i/rst_ps7_0_100M/U0/ACTIVE_LOW_PR_OUT_DFF[0].FDRE_PER_N/Q
                         net (fo=51, routed)          0.915     2.131    design_1_i/RFC8439_0/inst/RFC8439_v1_0_S00_AXI_inst/Rfc8439_core/u_poly1305/s00_axi_aresetn
    SLICE_X66Y68         LUT1 (Prop_lut1_I0_O)        0.046     2.177 f  design_1_i/RFC8439_0/inst/RFC8439_v1_0_S00_AXI_inst/Rfc8439_core/u_poly1305/FSM_onehot_wr_state[1]_i_2/O
                         net (fo=3834, routed)        0.571     2.748    design_1_i/RFC8439_0/inst/RFC8439_v1_0_S00_AXI_inst/Rfc8439_core/s00_axi_aresetn_0
    SLICE_X62Y52         FDCE                                         f  design_1_i/RFC8439_0/inst/RFC8439_v1_0_S00_AXI_inst/Rfc8439_core/poly_key_reg_reg[247]/CLR
  -------------------------------------------------------------------    -------------------

                         (clock clk_fpga_0 rise edge)
                                                      0.000     0.000 r  
    PS7_X0Y0             PS7                          0.000     0.000 r  design_1_i/processing_system7_0/inst/PS7_i/FCLKCLK[0]
                         net (fo=1, routed)           0.337     0.337    design_1_i/processing_system7_0/inst/FCLK_CLK_unbuffered[0]
    BUFGCTRL_X0Y17       BUFG (Prop_bufg_I_O)         0.029     0.366 r  design_1_i/processing_system7_0/inst/buffer_fclk_clk_0.FCLK_CLK_0_BUFG_replica/O
                         net (fo=3, routed)           0.033     0.399    design_1_i/processing_system7_0/inst/FCLK_CLK0_repN
    BUFGCTRL_X0Y16       BUFG (Prop_bufg_I_O)         0.029     0.428 r  design_1_i/processing_system7_0/inst/buffer_fclk_clk_0.FCLK_CLK_0_BUFG/O
                         net (fo=13921, routed)       0.849     1.277    design_1_i/RFC8439_0/inst/RFC8439_v1_0_S00_AXI_inst/Rfc8439_core/s00_axi_aclk
    SLICE_X62Y52         FDCE                                         r  design_1_i/RFC8439_0/inst/RFC8439_v1_0_S00_AXI_inst/Rfc8439_core/poly_key_reg_reg[247]/C
                         clock pessimism             -0.041     1.236    
    SLICE_X62Y52         FDCE (Remov_fdce_C_CLR)     -0.133     1.103    design_1_i/RFC8439_0/inst/RFC8439_v1_0_S00_AXI_inst/Rfc8439_core/poly_key_reg_reg[247]
  -------------------------------------------------------------------
                         required time                         -1.103    
                         arrival time                           2.748    
  -------------------------------------------------------------------
                         slack                                  1.645    

Slack (MET) :             1.645ns  (arrival time - required time)
  Source:                 design_1_i/rst_ps7_0_100M/U0/ACTIVE_LOW_PR_OUT_DFF[0].FDRE_PER_N/C
                            (rising edge-triggered cell FDRE clocked by clk_fpga_0  {rise@0.000ns fall@5.000ns period=10.000ns})
  Destination:            design_1_i/RFC8439_0/inst/RFC8439_v1_0_S00_AXI_inst/Rfc8439_core/poly_key_reg_reg[248]/CLR
                            (removal check against rising-edge clock clk_fpga_0  {rise@0.000ns fall@5.000ns period=10.000ns})
  Path Group:             **async_default**
  Path Type:              Removal (Min at Fast Process Corner)
  Requirement:            0.000ns  (clk_fpga_0 rise@0.000ns - clk_fpga_0 rise@0.000ns)
  Data Path Delay:        1.696ns  (logic 0.210ns (12.385%)  route 1.486ns (87.615%))
  Logic Levels:           1  (LUT1=1)
  Clock Path Skew:        0.184ns (DCD - SCD - CPR)
    Destination Clock Delay (DCD):    1.277ns
    Source Clock Delay      (SCD):    1.052ns
    Clock Pessimism Removal (CPR):    0.041ns

    Location             Delay type                Incr(ns)  Path(ns)    Netlist Resource(s)
  -------------------------------------------------------------------    -------------------
                         (clock clk_fpga_0 rise edge)
                                                      0.000     0.000 r  
    PS7_X0Y0             PS7                          0.000     0.000 r  design_1_i/processing_system7_0/inst/PS7_i/FCLKCLK[0]
                         net (fo=1, routed)           0.310     0.310    design_1_i/processing_system7_0/inst/FCLK_CLK_unbuffered[0]
    BUFGCTRL_X0Y17       BUFG (Prop_bufg_I_O)         0.026     0.336 r  design_1_i/processing_system7_0/inst/buffer_fclk_clk_0.FCLK_CLK_0_BUFG_replica/O
                         net (fo=3, routed)           0.030     0.366    design_1_i/processing_system7_0/inst/FCLK_CLK0_repN
    BUFGCTRL_X0Y16       BUFG (Prop_bufg_I_O)         0.026     0.392 r  design_1_i/processing_system7_0/inst/buffer_fclk_clk_0.FCLK_CLK_0_BUFG/O
                         net (fo=13921, routed)       0.660     1.052    design_1_i/rst_ps7_0_100M/U0/slowest_sync_clk
    SLICE_X62Y109        FDRE                                         r  design_1_i/rst_ps7_0_100M/U0/ACTIVE_LOW_PR_OUT_DFF[0].FDRE_PER_N/C
  -------------------------------------------------------------------    -------------------
    SLICE_X62Y109        FDRE (Prop_fdre_C_Q)         0.164     1.216 r  design_1_i/rst_ps7_0_100M/U0/ACTIVE_LOW_PR_OUT_DFF[0].FDRE_PER_N/Q
                         net (fo=51, routed)          0.915     2.131    design_1_i/RFC8439_0/inst/RFC8439_v1_0_S00_AXI_inst/Rfc8439_core/u_poly1305/s00_axi_aresetn
    SLICE_X66Y68         LUT1 (Prop_lut1_I0_O)        0.046     2.177 f  design_1_i/RFC8439_0/inst/RFC8439_v1_0_S00_AXI_inst/Rfc8439_core/u_poly1305/FSM_onehot_wr_state[1]_i_2/O
                         net (fo=3834, routed)        0.571     2.748    design_1_i/RFC8439_0/inst/RFC8439_v1_0_S00_AXI_inst/Rfc8439_core/s00_axi_aresetn_0
    SLICE_X62Y52         FDCE                                         f  design_1_i/RFC8439_0/inst/RFC8439_v1_0_S00_AXI_inst/Rfc8439_core/poly_key_reg_reg[248]/CLR
  -------------------------------------------------------------------    -------------------

                         (clock clk_fpga_0 rise edge)
                                                      0.000     0.000 r  
    PS7_X0Y0             PS7                          0.000     0.000 r  design_1_i/processing_system7_0/inst/PS7_i/FCLKCLK[0]
                         net (fo=1, routed)           0.337     0.337    design_1_i/processing_system7_0/inst/FCLK_CLK_unbuffered[0]
    BUFGCTRL_X0Y17       BUFG (Prop_bufg_I_O)         0.029     0.366 r  design_1_i/processing_system7_0/inst/buffer_fclk_clk_0.FCLK_CLK_0_BUFG_replica/O
                         net (fo=3, routed)           0.033     0.399    design_1_i/processing_system7_0/inst/FCLK_CLK0_repN
    BUFGCTRL_X0Y16       BUFG (Prop_bufg_I_O)         0.029     0.428 r  design_1_i/processing_system7_0/inst/buffer_fclk_clk_0.FCLK_CLK_0_BUFG/O
                         net (fo=13921, routed)       0.849     1.277    design_1_i/RFC8439_0/inst/RFC8439_v1_0_S00_AXI_inst/Rfc8439_core/s00_axi_aclk
    SLICE_X62Y52         FDCE                                         r  design_1_i/RFC8439_0/inst/RFC8439_v1_0_S00_AXI_inst/Rfc8439_core/poly_key_reg_reg[248]/C
                         clock pessimism             -0.041     1.236    
    SLICE_X62Y52         FDCE (Remov_fdce_C_CLR)     -0.133     1.103    design_1_i/RFC8439_0/inst/RFC8439_v1_0_S00_AXI_inst/Rfc8439_core/poly_key_reg_reg[248]
  -------------------------------------------------------------------
                         required time                         -1.103    
                         arrival time                           2.748    
  -------------------------------------------------------------------
                         slack                                  1.645    

Slack (MET) :             1.645ns  (arrival time - required time)
  Source:                 design_1_i/rst_ps7_0_100M/U0/ACTIVE_LOW_PR_OUT_DFF[0].FDRE_PER_N/C
                            (rising edge-triggered cell FDRE clocked by clk_fpga_0  {rise@0.000ns fall@5.000ns period=10.000ns})
  Destination:            design_1_i/RFC8439_0/inst/RFC8439_v1_0_S00_AXI_inst/Rfc8439_core/poly_key_reg_reg[249]/CLR
                            (removal check against rising-edge clock clk_fpga_0  {rise@0.000ns fall@5.000ns period=10.000ns})
  Path Group:             **async_default**
  Path Type:              Removal (Min at Fast Process Corner)
  Requirement:            0.000ns  (clk_fpga_0 rise@0.000ns - clk_fpga_0 rise@0.000ns)
  Data Path Delay:        1.696ns  (logic 0.210ns (12.385%)  route 1.486ns (87.615%))
  Logic Levels:           1  (LUT1=1)
  Clock Path Skew:        0.184ns (DCD - SCD - CPR)
    Destination Clock Delay (DCD):    1.277ns
    Source Clock Delay      (SCD):    1.052ns
    Clock Pessimism Removal (CPR):    0.041ns

    Location             Delay type                Incr(ns)  Path(ns)    Netlist Resource(s)
  -------------------------------------------------------------------    -------------------
                         (clock clk_fpga_0 rise edge)
                                                      0.000     0.000 r  
    PS7_X0Y0             PS7                          0.000     0.000 r  design_1_i/processing_system7_0/inst/PS7_i/FCLKCLK[0]
                         net (fo=1, routed)           0.310     0.310    design_1_i/processing_system7_0/inst/FCLK_CLK_unbuffered[0]
    BUFGCTRL_X0Y17       BUFG (Prop_bufg_I_O)         0.026     0.336 r  design_1_i/processing_system7_0/inst/buffer_fclk_clk_0.FCLK_CLK_0_BUFG_replica/O
                         net (fo=3, routed)           0.030     0.366    design_1_i/processing_system7_0/inst/FCLK_CLK0_repN
    BUFGCTRL_X0Y16       BUFG (Prop_bufg_I_O)         0.026     0.392 r  design_1_i/processing_system7_0/inst/buffer_fclk_clk_0.FCLK_CLK_0_BUFG/O
                         net (fo=13921, routed)       0.660     1.052    design_1_i/rst_ps7_0_100M/U0/slowest_sync_clk
    SLICE_X62Y109        FDRE                                         r  design_1_i/rst_ps7_0_100M/U0/ACTIVE_LOW_PR_OUT_DFF[0].FDRE_PER_N/C
  -------------------------------------------------------------------    -------------------
    SLICE_X62Y109        FDRE (Prop_fdre_C_Q)         0.164     1.216 r  design_1_i/rst_ps7_0_100M/U0/ACTIVE_LOW_PR_OUT_DFF[0].FDRE_PER_N/Q
                         net (fo=51, routed)          0.915     2.131    design_1_i/RFC8439_0/inst/RFC8439_v1_0_S00_AXI_inst/Rfc8439_core/u_poly1305/s00_axi_aresetn
    SLICE_X66Y68         LUT1 (Prop_lut1_I0_O)        0.046     2.177 f  design_1_i/RFC8439_0/inst/RFC8439_v1_0_S00_AXI_inst/Rfc8439_core/u_poly1305/FSM_onehot_wr_state[1]_i_2/O
                         net (fo=3834, routed)        0.571     2.748    design_1_i/RFC8439_0/inst/RFC8439_v1_0_S00_AXI_inst/Rfc8439_core/s00_axi_aresetn_0
    SLICE_X62Y52         FDCE                                         f  design_1_i/RFC8439_0/inst/RFC8439_v1_0_S00_AXI_inst/Rfc8439_core/poly_key_reg_reg[249]/CLR
  -------------------------------------------------------------------    -------------------

                         (clock clk_fpga_0 rise edge)
                                                      0.000     0.000 r  
    PS7_X0Y0             PS7                          0.000     0.000 r  design_1_i/processing_system7_0/inst/PS7_i/FCLKCLK[0]
                         net (fo=1, routed)           0.337     0.337    design_1_i/processing_system7_0/inst/FCLK_CLK_unbuffered[0]
    BUFGCTRL_X0Y17       BUFG (Prop_bufg_I_O)         0.029     0.366 r  design_1_i/processing_system7_0/inst/buffer_fclk_clk_0.FCLK_CLK_0_BUFG_replica/O
                         net (fo=3, routed)           0.033     0.399    design_1_i/processing_system7_0/inst/FCLK_CLK0_repN
    BUFGCTRL_X0Y16       BUFG (Prop_bufg_I_O)         0.029     0.428 r  design_1_i/processing_system7_0/inst/buffer_fclk_clk_0.FCLK_CLK_0_BUFG/O
                         net (fo=13921, routed)       0.849     1.277    design_1_i/RFC8439_0/inst/RFC8439_v1_0_S00_AXI_inst/Rfc8439_core/s00_axi_aclk
    SLICE_X62Y52         FDCE                                         r  design_1_i/RFC8439_0/inst/RFC8439_v1_0_S00_AXI_inst/Rfc8439_core/poly_key_reg_reg[249]/C
                         clock pessimism             -0.041     1.236    
    SLICE_X62Y52         FDCE (Remov_fdce_C_CLR)     -0.133     1.103    design_1_i/RFC8439_0/inst/RFC8439_v1_0_S00_AXI_inst/Rfc8439_core/poly_key_reg_reg[249]
  -------------------------------------------------------------------
                         required time                         -1.103    
                         arrival time                           2.748    
  -------------------------------------------------------------------
                         slack                                  1.645    

Slack (MET) :             1.658ns  (arrival time - required time)
  Source:                 design_1_i/rst_ps7_0_100M/U0/ACTIVE_LOW_PR_OUT_DFF[0].FDRE_PER_N/C
                            (rising edge-triggered cell FDRE clocked by clk_fpga_0  {rise@0.000ns fall@5.000ns period=10.000ns})
  Destination:            design_1_i/RFC8439_0/inst/RFC8439_v1_0_S00_AXI_inst/Rfc8439_core/rd_data_reg[6]/CLR
                            (removal check against rising-edge clock clk_fpga_0  {rise@0.000ns fall@5.000ns period=10.000ns})
  Path Group:             **async_default**
  Path Type:              Removal (Min at Fast Process Corner)
  Requirement:            0.000ns  (clk_fpga_0 rise@0.000ns - clk_fpga_0 rise@0.000ns)
  Data Path Delay:        1.691ns  (logic 0.210ns (12.419%)  route 1.481ns (87.581%))
  Logic Levels:           1  (LUT1=1)
  Clock Path Skew:        0.191ns (DCD - SCD - CPR)
    Destination Clock Delay (DCD):    1.279ns
    Source Clock Delay      (SCD):    1.052ns
    Clock Pessimism Removal (CPR):    0.036ns

    Location             Delay type                Incr(ns)  Path(ns)    Netlist Resource(s)
  -------------------------------------------------------------------    -------------------
                         (clock clk_fpga_0 rise edge)
                                                      0.000     0.000 r  
    PS7_X0Y0             PS7                          0.000     0.000 r  design_1_i/processing_system7_0/inst/PS7_i/FCLKCLK[0]
                         net (fo=1, routed)           0.310     0.310    design_1_i/processing_system7_0/inst/FCLK_CLK_unbuffered[0]
    BUFGCTRL_X0Y17       BUFG (Prop_bufg_I_O)         0.026     0.336 r  design_1_i/processing_system7_0/inst/buffer_fclk_clk_0.FCLK_CLK_0_BUFG_replica/O
                         net (fo=3, routed)           0.030     0.366    design_1_i/processing_system7_0/inst/FCLK_CLK0_repN
    BUFGCTRL_X0Y16       BUFG (Prop_bufg_I_O)         0.026     0.392 r  design_1_i/processing_system7_0/inst/buffer_fclk_clk_0.FCLK_CLK_0_BUFG/O
                         net (fo=13921, routed)       0.660     1.052    design_1_i/rst_ps7_0_100M/U0/slowest_sync_clk
    SLICE_X62Y109        FDRE                                         r  design_1_i/rst_ps7_0_100M/U0/ACTIVE_LOW_PR_OUT_DFF[0].FDRE_PER_N/C
  -------------------------------------------------------------------    -------------------
    SLICE_X62Y109        FDRE (Prop_fdre_C_Q)         0.164     1.216 r  design_1_i/rst_ps7_0_100M/U0/ACTIVE_LOW_PR_OUT_DFF[0].FDRE_PER_N/Q
                         net (fo=51, routed)          0.915     2.131    design_1_i/RFC8439_0/inst/RFC8439_v1_0_S00_AXI_inst/Rfc8439_core/u_poly1305/s00_axi_aresetn
    SLICE_X66Y68         LUT1 (Prop_lut1_I0_O)        0.046     2.177 f  design_1_i/RFC8439_0/inst/RFC8439_v1_0_S00_AXI_inst/Rfc8439_core/u_poly1305/FSM_onehot_wr_state[1]_i_2/O
                         net (fo=3834, routed)        0.567     2.743    design_1_i/RFC8439_0/inst/RFC8439_v1_0_S00_AXI_inst/Rfc8439_core/s00_axi_aresetn_0
    SLICE_X59Y42         FDCE                                         f  design_1_i/RFC8439_0/inst/RFC8439_v1_0_S00_AXI_inst/Rfc8439_core/rd_data_reg[6]/CLR
  -------------------------------------------------------------------    -------------------

                         (clock clk_fpga_0 rise edge)
                                                      0.000     0.000 r  
    PS7_X0Y0             PS7                          0.000     0.000 r  design_1_i/processing_system7_0/inst/PS7_i/FCLKCLK[0]
                         net (fo=1, routed)           0.337     0.337    design_1_i/processing_system7_0/inst/FCLK_CLK_unbuffered[0]
    BUFGCTRL_X0Y17       BUFG (Prop_bufg_I_O)         0.029     0.366 r  design_1_i/processing_system7_0/inst/buffer_fclk_clk_0.FCLK_CLK_0_BUFG_replica/O
                         net (fo=3, routed)           0.033     0.399    design_1_i/processing_system7_0/inst/FCLK_CLK0_repN
    BUFGCTRL_X0Y16       BUFG (Prop_bufg_I_O)         0.029     0.428 r  design_1_i/processing_system7_0/inst/buffer_fclk_clk_0.FCLK_CLK_0_BUFG/O
                         net (fo=13921, routed)       0.851     1.279    design_1_i/RFC8439_0/inst/RFC8439_v1_0_S00_AXI_inst/Rfc8439_core/s00_axi_aclk
    SLICE_X59Y42         FDCE                                         r  design_1_i/RFC8439_0/inst/RFC8439_v1_0_S00_AXI_inst/Rfc8439_core/rd_data_reg[6]/C
                         clock pessimism             -0.036     1.243    
    SLICE_X59Y42         FDCE (Remov_fdce_C_CLR)     -0.158     1.085    design_1_i/RFC8439_0/inst/RFC8439_v1_0_S00_AXI_inst/Rfc8439_core/rd_data_reg[6]
  -------------------------------------------------------------------
                         required time                         -1.085    
                         arrival time                           2.743    
  -------------------------------------------------------------------
                         slack                                  1.658    

Slack (MET) :             1.703ns  (arrival time - required time)
  Source:                 design_1_i/rst_ps7_0_100M/U0/ACTIVE_LOW_PR_OUT_DFF[0].FDRE_PER_N/C
                            (rising edge-triggered cell FDRE clocked by clk_fpga_0  {rise@0.000ns fall@5.000ns period=10.000ns})
  Destination:            design_1_i/RFC8439_0/inst/RFC8439_v1_0_S00_AXI_inst/Rfc8439_core/poly_key_reg_reg[251]/CLR
                            (removal check against rising-edge clock clk_fpga_0  {rise@0.000ns fall@5.000ns period=10.000ns})
  Path Group:             **async_default**
  Path Type:              Removal (Min at Fast Process Corner)
  Requirement:            0.000ns  (clk_fpga_0 rise@0.000ns - clk_fpga_0 rise@0.000ns)
  Data Path Delay:        1.754ns  (logic 0.210ns (11.975%)  route 1.544ns (88.025%))
  Logic Levels:           1  (LUT1=1)
  Clock Path Skew:        0.184ns (DCD - SCD - CPR)
    Destination Clock Delay (DCD):    1.277ns
    Source Clock Delay      (SCD):    1.052ns
    Clock Pessimism Removal (CPR):    0.041ns

    Location             Delay type                Incr(ns)  Path(ns)    Netlist Resource(s)
  -------------------------------------------------------------------    -------------------
                         (clock clk_fpga_0 rise edge)
                                                      0.000     0.000 r  
    PS7_X0Y0             PS7                          0.000     0.000 r  design_1_i/processing_system7_0/inst/PS7_i/FCLKCLK[0]
                         net (fo=1, routed)           0.310     0.310    design_1_i/processing_system7_0/inst/FCLK_CLK_unbuffered[0]
    BUFGCTRL_X0Y17       BUFG (Prop_bufg_I_O)         0.026     0.336 r  design_1_i/processing_system7_0/inst/buffer_fclk_clk_0.FCLK_CLK_0_BUFG_replica/O
                         net (fo=3, routed)           0.030     0.366    design_1_i/processing_system7_0/inst/FCLK_CLK0_repN
    BUFGCTRL_X0Y16       BUFG (Prop_bufg_I_O)         0.026     0.392 r  design_1_i/processing_system7_0/inst/buffer_fclk_clk_0.FCLK_CLK_0_BUFG/O
                         net (fo=13921, routed)       0.660     1.052    design_1_i/rst_ps7_0_100M/U0/slowest_sync_clk
    SLICE_X62Y109        FDRE                                         r  design_1_i/rst_ps7_0_100M/U0/ACTIVE_LOW_PR_OUT_DFF[0].FDRE_PER_N/C
  -------------------------------------------------------------------    -------------------
    SLICE_X62Y109        FDRE (Prop_fdre_C_Q)         0.164     1.216 r  design_1_i/rst_ps7_0_100M/U0/ACTIVE_LOW_PR_OUT_DFF[0].FDRE_PER_N/Q
                         net (fo=51, routed)          0.915     2.131    design_1_i/RFC8439_0/inst/RFC8439_v1_0_S00_AXI_inst/Rfc8439_core/u_poly1305/s00_axi_aresetn
    SLICE_X66Y68         LUT1 (Prop_lut1_I0_O)        0.046     2.177 f  design_1_i/RFC8439_0/inst/RFC8439_v1_0_S00_AXI_inst/Rfc8439_core/u_poly1305/FSM_onehot_wr_state[1]_i_2/O
                         net (fo=3834, routed)        0.629     2.806    design_1_i/RFC8439_0/inst/RFC8439_v1_0_S00_AXI_inst/Rfc8439_core/s00_axi_aresetn_0
    SLICE_X66Y50         FDCE                                         f  design_1_i/RFC8439_0/inst/RFC8439_v1_0_S00_AXI_inst/Rfc8439_core/poly_key_reg_reg[251]/CLR
  -------------------------------------------------------------------    -------------------

                         (clock clk_fpga_0 rise edge)
                                                      0.000     0.000 r  
    PS7_X0Y0             PS7                          0.000     0.000 r  design_1_i/processing_system7_0/inst/PS7_i/FCLKCLK[0]
                         net (fo=1, routed)           0.337     0.337    design_1_i/processing_system7_0/inst/FCLK_CLK_unbuffered[0]
    BUFGCTRL_X0Y17       BUFG (Prop_bufg_I_O)         0.029     0.366 r  design_1_i/processing_system7_0/inst/buffer_fclk_clk_0.FCLK_CLK_0_BUFG_replica/O
                         net (fo=3, routed)           0.033     0.399    design_1_i/processing_system7_0/inst/FCLK_CLK0_repN
    BUFGCTRL_X0Y16       BUFG (Prop_bufg_I_O)         0.029     0.428 r  design_1_i/processing_system7_0/inst/buffer_fclk_clk_0.FCLK_CLK_0_BUFG/O
                         net (fo=13921, routed)       0.849     1.277    design_1_i/RFC8439_0/inst/RFC8439_v1_0_S00_AXI_inst/Rfc8439_core/s00_axi_aclk
    SLICE_X66Y50         FDCE                                         r  design_1_i/RFC8439_0/inst/RFC8439_v1_0_S00_AXI_inst/Rfc8439_core/poly_key_reg_reg[251]/C
                         clock pessimism             -0.041     1.236    
    SLICE_X66Y50         FDCE (Remov_fdce_C_CLR)     -0.133     1.103    design_1_i/RFC8439_0/inst/RFC8439_v1_0_S00_AXI_inst/Rfc8439_core/poly_key_reg_reg[251]
  -------------------------------------------------------------------
                         required time                         -1.103    
                         arrival time                           2.806    
  -------------------------------------------------------------------
                         slack                                  1.703    

Slack (MET) :             1.703ns  (arrival time - required time)
  Source:                 design_1_i/rst_ps7_0_100M/U0/ACTIVE_LOW_PR_OUT_DFF[0].FDRE_PER_N/C
                            (rising edge-triggered cell FDRE clocked by clk_fpga_0  {rise@0.000ns fall@5.000ns period=10.000ns})
  Destination:            design_1_i/RFC8439_0/inst/RFC8439_v1_0_S00_AXI_inst/Rfc8439_core/poly_key_reg_reg[252]/CLR
                            (removal check against rising-edge clock clk_fpga_0  {rise@0.000ns fall@5.000ns period=10.000ns})
  Path Group:             **async_default**
  Path Type:              Removal (Min at Fast Process Corner)
  Requirement:            0.000ns  (clk_fpga_0 rise@0.000ns - clk_fpga_0 rise@0.000ns)
  Data Path Delay:        1.754ns  (logic 0.210ns (11.975%)  route 1.544ns (88.025%))
  Logic Levels:           1  (LUT1=1)
  Clock Path Skew:        0.184ns (DCD - SCD - CPR)
    Destination Clock Delay (DCD):    1.277ns
    Source Clock Delay      (SCD):    1.052ns
    Clock Pessimism Removal (CPR):    0.041ns

    Location             Delay type                Incr(ns)  Path(ns)    Netlist Resource(s)
  -------------------------------------------------------------------    -------------------
                         (clock clk_fpga_0 rise edge)
                                                      0.000     0.000 r  
    PS7_X0Y0             PS7                          0.000     0.000 r  design_1_i/processing_system7_0/inst/PS7_i/FCLKCLK[0]
                         net (fo=1, routed)           0.310     0.310    design_1_i/processing_system7_0/inst/FCLK_CLK_unbuffered[0]
    BUFGCTRL_X0Y17       BUFG (Prop_bufg_I_O)         0.026     0.336 r  design_1_i/processing_system7_0/inst/buffer_fclk_clk_0.FCLK_CLK_0_BUFG_replica/O
                         net (fo=3, routed)           0.030     0.366    design_1_i/processing_system7_0/inst/FCLK_CLK0_repN
    BUFGCTRL_X0Y16       BUFG (Prop_bufg_I_O)         0.026     0.392 r  design_1_i/processing_system7_0/inst/buffer_fclk_clk_0.FCLK_CLK_0_BUFG/O
                         net (fo=13921, routed)       0.660     1.052    design_1_i/rst_ps7_0_100M/U0/slowest_sync_clk
    SLICE_X62Y109        FDRE                                         r  design_1_i/rst_ps7_0_100M/U0/ACTIVE_LOW_PR_OUT_DFF[0].FDRE_PER_N/C
  -------------------------------------------------------------------    -------------------
    SLICE_X62Y109        FDRE (Prop_fdre_C_Q)         0.164     1.216 r  design_1_i/rst_ps7_0_100M/U0/ACTIVE_LOW_PR_OUT_DFF[0].FDRE_PER_N/Q
                         net (fo=51, routed)          0.915     2.131    design_1_i/RFC8439_0/inst/RFC8439_v1_0_S00_AXI_inst/Rfc8439_core/u_poly1305/s00_axi_aresetn
    SLICE_X66Y68         LUT1 (Prop_lut1_I0_O)        0.046     2.177 f  design_1_i/RFC8439_0/inst/RFC8439_v1_0_S00_AXI_inst/Rfc8439_core/u_poly1305/FSM_onehot_wr_state[1]_i_2/O
                         net (fo=3834, routed)        0.629     2.806    design_1_i/RFC8439_0/inst/RFC8439_v1_0_S00_AXI_inst/Rfc8439_core/s00_axi_aresetn_0
    SLICE_X66Y50         FDCE                                         f  design_1_i/RFC8439_0/inst/RFC8439_v1_0_S00_AXI_inst/Rfc8439_core/poly_key_reg_reg[252]/CLR
  -------------------------------------------------------------------    -------------------

                         (clock clk_fpga_0 rise edge)
                                                      0.000     0.000 r  
    PS7_X0Y0             PS7                          0.000     0.000 r  design_1_i/processing_system7_0/inst/PS7_i/FCLKCLK[0]
                         net (fo=1, routed)           0.337     0.337    design_1_i/processing_system7_0/inst/FCLK_CLK_unbuffered[0]
    BUFGCTRL_X0Y17       BUFG (Prop_bufg_I_O)         0.029     0.366 r  design_1_i/processing_system7_0/inst/buffer_fclk_clk_0.FCLK_CLK_0_BUFG_replica/O
                         net (fo=3, routed)           0.033     0.399    design_1_i/processing_system7_0/inst/FCLK_CLK0_repN
    BUFGCTRL_X0Y16       BUFG (Prop_bufg_I_O)         0.029     0.428 r  design_1_i/processing_system7_0/inst/buffer_fclk_clk_0.FCLK_CLK_0_BUFG/O
                         net (fo=13921, routed)       0.849     1.277    design_1_i/RFC8439_0/inst/RFC8439_v1_0_S00_AXI_inst/Rfc8439_core/s00_axi_aclk
    SLICE_X66Y50         FDCE                                         r  design_1_i/RFC8439_0/inst/RFC8439_v1_0_S00_AXI_inst/Rfc8439_core/poly_key_reg_reg[252]/C
                         clock pessimism             -0.041     1.236    
    SLICE_X66Y50         FDCE (Remov_fdce_C_CLR)     -0.133     1.103    design_1_i/RFC8439_0/inst/RFC8439_v1_0_S00_AXI_inst/Rfc8439_core/poly_key_reg_reg[252]
  -------------------------------------------------------------------
                         required time                         -1.103    
                         arrival time                           2.806    
  -------------------------------------------------------------------
                         slack                                  1.703    





--------------------------------------------------------------------------------------
Path Group:  (none)
From Clock:  
  To Clock:  clk_fpga_0

Max Delay             1 Endpoint
Min Delay             1 Endpoint
--------------------------------------------------------------------------------------


Max Delay Paths
--------------------------------------------------------------------------------------
Slack:                    inf
  Source:                 design_1_i/processing_system7_0/inst/PS7_i/FCLKRESETN[0]
                            (internal pin)
  Destination:            design_1_i/rst_ps7_0_100M/U0/EXT_LPF/ACTIVE_LOW_EXT.ACT_LO_EXT/GENERATE_LEVEL_P_S_CDC.SINGLE_BIT.CROSS_PLEVEL_IN2SCNDRY_IN_cdc_to/D
                            (rising edge-triggered cell FDRE clocked by clk_fpga_0  {rise@0.000ns fall@5.000ns period=10.000ns})
  Path Group:             (none)
  Path Type:              Setup (Max at Slow Process Corner)
  Data Path Delay:        2.584ns  (logic 0.124ns (4.799%)  route 2.460ns (95.201%))
  Logic Levels:           1  (LUT1=1)
  Clock Uncertainty:      0.152ns  ((TSJ^2 + TIJ^2)^1/2 + DJ) / 2 + PE
    Total System Jitter     (TSJ):    0.050ns
    Total Input Jitter      (TIJ):    0.300ns
    Discrete Jitter          (DJ):    0.000ns
    Phase Error              (PE):    0.000ns
  Timing Exception:       False Path

    Location             Delay type                Incr(ns)  Path(ns)    Netlist Resource(s)
  -------------------------------------------------------------------    -------------------
    PS7_X0Y0             PS7                          0.000     0.000 f  design_1_i/processing_system7_0/inst/PS7_i/FCLKRESETN[0]
                         net (fo=1, routed)           2.460     2.460    design_1_i/rst_ps7_0_100M/U0/EXT_LPF/ACTIVE_LOW_EXT.ACT_LO_EXT/ext_reset_in
    SLICE_X65Y107        LUT1 (Prop_lut1_I0_O)        0.124     2.584 r  design_1_i/rst_ps7_0_100M/U0/EXT_LPF/ACTIVE_LOW_EXT.ACT_LO_EXT/GENERATE_LEVEL_P_S_CDC.SINGLE_BIT.CROSS_PLEVEL_IN2SCNDRY_IN_cdc_to_i_1/O
                         net (fo=1, routed)           0.000     2.584    design_1_i/rst_ps7_0_100M/U0/EXT_LPF/ACTIVE_LOW_EXT.ACT_LO_EXT/exr_d1
    SLICE_X65Y107        FDRE                                         r  design_1_i/rst_ps7_0_100M/U0/EXT_LPF/ACTIVE_LOW_EXT.ACT_LO_EXT/GENERATE_LEVEL_P_S_CDC.SINGLE_BIT.CROSS_PLEVEL_IN2SCNDRY_IN_cdc_to/D
  -------------------------------------------------------------------    -------------------

                         (clock clk_fpga_0 rise edge)
                                                      0.000     0.000 r  
    PS7_X0Y0             PS7                          0.000     0.000 r  design_1_i/processing_system7_0/inst/PS7_i/FCLKCLK[0]
                         net (fo=1, routed)           1.088     1.088    design_1_i/processing_system7_0/inst/FCLK_CLK_unbuffered[0]
    BUFGCTRL_X0Y17       BUFG (Prop_bufg_I_O)         0.091     1.179 r  design_1_i/processing_system7_0/inst/buffer_fclk_clk_0.FCLK_CLK_0_BUFG_replica/O
                         net (fo=3, routed)           0.133     1.312    design_1_i/processing_system7_0/inst/FCLK_CLK0_repN
    BUFGCTRL_X0Y16       BUFG (Prop_bufg_I_O)         0.091     1.403 r  design_1_i/processing_system7_0/inst/buffer_fclk_clk_0.FCLK_CLK_0_BUFG/O
                         net (fo=13921, routed)       1.714     3.117    design_1_i/rst_ps7_0_100M/U0/EXT_LPF/ACTIVE_LOW_EXT.ACT_LO_EXT/slowest_sync_clk
    SLICE_X65Y107        FDRE                                         r  design_1_i/rst_ps7_0_100M/U0/EXT_LPF/ACTIVE_LOW_EXT.ACT_LO_EXT/GENERATE_LEVEL_P_S_CDC.SINGLE_BIT.CROSS_PLEVEL_IN2SCNDRY_IN_cdc_to/C





Min Delay Paths
--------------------------------------------------------------------------------------
Slack:                    inf
  Source:                 design_1_i/processing_system7_0/inst/PS7_i/FCLKRESETN[0]
                            (internal pin)
  Destination:            design_1_i/rst_ps7_0_100M/U0/EXT_LPF/ACTIVE_LOW_EXT.ACT_LO_EXT/GENERATE_LEVEL_P_S_CDC.SINGLE_BIT.CROSS_PLEVEL_IN2SCNDRY_IN_cdc_to/D
                            (rising edge-triggered cell FDRE clocked by clk_fpga_0  {rise@0.000ns fall@5.000ns period=10.000ns})
  Path Group:             (none)
  Path Type:              Hold (Min at Fast Process Corner)
  Data Path Delay:        1.092ns  (logic 0.045ns (4.121%)  route 1.047ns (95.879%))
  Logic Levels:           1  (LUT1=1)
  Clock Uncertainty:      0.152ns  ((TSJ^2 + TIJ^2)^1/2 + DJ) / 2 + PE
    Total System Jitter     (TSJ):    0.050ns
    Total Input Jitter      (TIJ):    0.300ns
    Discrete Jitter          (DJ):    0.000ns
    Phase Error              (PE):    0.000ns
  Timing Exception:       False Path

    Location             Delay type                Incr(ns)  Path(ns)    Netlist Resource(s)
  -------------------------------------------------------------------    -------------------
    PS7_X0Y0             PS7                          0.000     0.000 f  design_1_i/processing_system7_0/inst/PS7_i/FCLKRESETN[0]
                         net (fo=1, routed)           1.047     1.047    design_1_i/rst_ps7_0_100M/U0/EXT_LPF/ACTIVE_LOW_EXT.ACT_LO_EXT/ext_reset_in
    SLICE_X65Y107        LUT1 (Prop_lut1_I0_O)        0.045     1.092 r  design_1_i/rst_ps7_0_100M/U0/EXT_LPF/ACTIVE_LOW_EXT.ACT_LO_EXT/GENERATE_LEVEL_P_S_CDC.SINGLE_BIT.CROSS_PLEVEL_IN2SCNDRY_IN_cdc_to_i_1/O
                         net (fo=1, routed)           0.000     1.092    design_1_i/rst_ps7_0_100M/U0/EXT_LPF/ACTIVE_LOW_EXT.ACT_LO_EXT/exr_d1
    SLICE_X65Y107        FDRE                                         r  design_1_i/rst_ps7_0_100M/U0/EXT_LPF/ACTIVE_LOW_EXT.ACT_LO_EXT/GENERATE_LEVEL_P_S_CDC.SINGLE_BIT.CROSS_PLEVEL_IN2SCNDRY_IN_cdc_to/D
  -------------------------------------------------------------------    -------------------

                         (clock clk_fpga_0 rise edge)
                                                      0.000     0.000 r  
    PS7_X0Y0             PS7                          0.000     0.000 r  design_1_i/processing_system7_0/inst/PS7_i/FCLKCLK[0]
                         net (fo=1, routed)           0.337     0.337    design_1_i/processing_system7_0/inst/FCLK_CLK_unbuffered[0]
    BUFGCTRL_X0Y17       BUFG (Prop_bufg_I_O)         0.029     0.366 r  design_1_i/processing_system7_0/inst/buffer_fclk_clk_0.FCLK_CLK_0_BUFG_replica/O
                         net (fo=3, routed)           0.033     0.399    design_1_i/processing_system7_0/inst/FCLK_CLK0_repN
    BUFGCTRL_X0Y16       BUFG (Prop_bufg_I_O)         0.029     0.428 r  design_1_i/processing_system7_0/inst/buffer_fclk_clk_0.FCLK_CLK_0_BUFG/O
                         net (fo=13921, routed)       0.933     1.361    design_1_i/rst_ps7_0_100M/U0/EXT_LPF/ACTIVE_LOW_EXT.ACT_LO_EXT/slowest_sync_clk
    SLICE_X65Y107        FDRE                                         r  design_1_i/rst_ps7_0_100M/U0/EXT_LPF/ACTIVE_LOW_EXT.ACT_LO_EXT/GENERATE_LEVEL_P_S_CDC.SINGLE_BIT.CROSS_PLEVEL_IN2SCNDRY_IN_cdc_to/C





--------------------------------------------------------------------------------------
Path Group:  (none)
From Clock:  clk_fpga_0
  To Clock:  clk_fpga_0

Max Delay            79 Endpoints
Min Delay            79 Endpoints
--------------------------------------------------------------------------------------


Max Delay Paths
--------------------------------------------------------------------------------------
Slack:                    inf
  Source:                 design_1_i/axi_smc/inst/clk_map/psr_aclk/U0/ACTIVE_LOW_BSR_OUT_DFF[0].FDRE_BSR_N/C
                            (rising edge-triggered cell FDRE clocked by clk_fpga_0  {rise@0.000ns fall@5.000ns period=10.000ns})
  Destination:            design_1_i/axi_smc/inst/s00_entry_pipeline/s00_si_converter/inst/xpm_cdc_async_rst_inst/arststages_ff_reg[0]/CLR
                            (recovery check against rising-edge clock clk_fpga_0  {rise@0.000ns fall@5.000ns period=10.000ns})
  Path Group:             (none)
  Path Type:              Recovery (Max at Slow Process Corner)
  Data Path Delay:        5.798ns  (logic 0.671ns (11.573%)  route 5.127ns (88.427%))
  Logic Levels:           1  (LUT1=1)
  Clock Path Skew:        -0.533ns (DCD - SCD + CPR)
    Destination Clock Delay (DCD):    2.914ns
    Source Clock Delay      (SCD):    3.447ns
    Clock Pessimism Removal (CPR):    0.000ns
  Clock Uncertainty:      0.154ns  ((TSJ^2 + TIJ^2)^1/2 + DJ) / 2 + PE
    Total System Jitter     (TSJ):    0.071ns
    Total Input Jitter      (TIJ):    0.300ns
    Discrete Jitter          (DJ):    0.000ns
    Phase Error              (PE):    0.000ns
  Timing Exception:       False Path

    Location             Delay type                Incr(ns)  Path(ns)    Netlist Resource(s)
  -------------------------------------------------------------------    -------------------
                         (clock clk_fpga_0 rise edge)
                                                      0.000     0.000 r  
    PS7_X0Y0             PS7                          0.000     0.000 r  design_1_i/processing_system7_0/inst/PS7_i/FCLKCLK[0]
                         net (fo=1, routed)           1.193     1.193    design_1_i/processing_system7_0/inst/FCLK_CLK_unbuffered[0]
    BUFGCTRL_X0Y17       BUFG (Prop_bufg_I_O)         0.101     1.294 r  design_1_i/processing_system7_0/inst/buffer_fclk_clk_0.FCLK_CLK_0_BUFG_replica/O
                         net (fo=3, routed)           0.146     1.440    design_1_i/processing_system7_0/inst/FCLK_CLK0_repN
    BUFGCTRL_X0Y16       BUFG (Prop_bufg_I_O)         0.101     1.541 r  design_1_i/processing_system7_0/inst/buffer_fclk_clk_0.FCLK_CLK_0_BUFG/O
                         net (fo=13921, routed)       1.906     3.447    design_1_i/axi_smc/inst/clk_map/psr_aclk/U0/aclk
    SLICE_X66Y108        FDRE                                         r  design_1_i/axi_smc/inst/clk_map/psr_aclk/U0/ACTIVE_LOW_BSR_OUT_DFF[0].FDRE_BSR_N/C
  -------------------------------------------------------------------    -------------------
    SLICE_X66Y108        FDRE (Prop_fdre_C_Q)         0.518     3.965 r  design_1_i/axi_smc/inst/clk_map/psr_aclk/U0/ACTIVE_LOW_BSR_OUT_DFF[0].FDRE_BSR_N/Q
                         net (fo=26, routed)          4.446     8.411    design_1_i/axi_smc/inst/s00_entry_pipeline/s00_si_converter/inst/xpm_cdc_async_rst_inst/src_arst
    SLICE_X28Y68         LUT1 (Prop_lut1_I0_O)        0.153     8.564 f  design_1_i/axi_smc/inst/s00_entry_pipeline/s00_si_converter/inst/xpm_cdc_async_rst_inst/arststages_ff[2]_i_1/O
                         net (fo=3, routed)           0.681     9.245    design_1_i/axi_smc/inst/s00_entry_pipeline/s00_si_converter/inst/xpm_cdc_async_rst_inst/reset_pol
    SLICE_X27Y68         FDCE                                         f  design_1_i/axi_smc/inst/s00_entry_pipeline/s00_si_converter/inst/xpm_cdc_async_rst_inst/arststages_ff_reg[0]/CLR
  -------------------------------------------------------------------    -------------------

                         (clock clk_fpga_0 rise edge)
                                                      0.000     0.000 r  
    PS7_X0Y0             PS7                          0.000     0.000 r  design_1_i/processing_system7_0/inst/PS7_i/FCLKCLK[0]
                         net (fo=1, routed)           1.088     1.088    design_1_i/processing_system7_0/inst/FCLK_CLK_unbuffered[0]
    BUFGCTRL_X0Y17       BUFG (Prop_bufg_I_O)         0.091     1.179 r  design_1_i/processing_system7_0/inst/buffer_fclk_clk_0.FCLK_CLK_0_BUFG_replica/O
                         net (fo=3, routed)           0.133     1.312    design_1_i/processing_system7_0/inst/FCLK_CLK0_repN
    BUFGCTRL_X0Y16       BUFG (Prop_bufg_I_O)         0.091     1.403 r  design_1_i/processing_system7_0/inst/buffer_fclk_clk_0.FCLK_CLK_0_BUFG/O
                         net (fo=13921, routed)       1.511     2.914    design_1_i/axi_smc/inst/s00_entry_pipeline/s00_si_converter/inst/xpm_cdc_async_rst_inst/dest_clk
    SLICE_X27Y68         FDCE                                         r  design_1_i/axi_smc/inst/s00_entry_pipeline/s00_si_converter/inst/xpm_cdc_async_rst_inst/arststages_ff_reg[0]/C

Slack:                    inf
  Source:                 design_1_i/axi_smc/inst/clk_map/psr_aclk/U0/ACTIVE_LOW_BSR_OUT_DFF[0].FDRE_BSR_N/C
                            (rising edge-triggered cell FDRE clocked by clk_fpga_0  {rise@0.000ns fall@5.000ns period=10.000ns})
  Destination:            design_1_i/axi_smc/inst/s00_entry_pipeline/s00_si_converter/inst/xpm_cdc_async_rst_inst/arststages_ff_reg[1]/CLR
                            (recovery check against rising-edge clock clk_fpga_0  {rise@0.000ns fall@5.000ns period=10.000ns})
  Path Group:             (none)
  Path Type:              Recovery (Max at Slow Process Corner)
  Data Path Delay:        5.798ns  (logic 0.671ns (11.573%)  route 5.127ns (88.427%))
  Logic Levels:           1  (LUT1=1)
  Clock Path Skew:        -0.533ns (DCD - SCD + CPR)
    Destination Clock Delay (DCD):    2.914ns
    Source Clock Delay      (SCD):    3.447ns
    Clock Pessimism Removal (CPR):    0.000ns
  Clock Uncertainty:      0.154ns  ((TSJ^2 + TIJ^2)^1/2 + DJ) / 2 + PE
    Total System Jitter     (TSJ):    0.071ns
    Total Input Jitter      (TIJ):    0.300ns
    Discrete Jitter          (DJ):    0.000ns
    Phase Error              (PE):    0.000ns
  Timing Exception:       False Path

    Location             Delay type                Incr(ns)  Path(ns)    Netlist Resource(s)
  -------------------------------------------------------------------    -------------------
                         (clock clk_fpga_0 rise edge)
                                                      0.000     0.000 r  
    PS7_X0Y0             PS7                          0.000     0.000 r  design_1_i/processing_system7_0/inst/PS7_i/FCLKCLK[0]
                         net (fo=1, routed)           1.193     1.193    design_1_i/processing_system7_0/inst/FCLK_CLK_unbuffered[0]
    BUFGCTRL_X0Y17       BUFG (Prop_bufg_I_O)         0.101     1.294 r  design_1_i/processing_system7_0/inst/buffer_fclk_clk_0.FCLK_CLK_0_BUFG_replica/O
                         net (fo=3, routed)           0.146     1.440    design_1_i/processing_system7_0/inst/FCLK_CLK0_repN
    BUFGCTRL_X0Y16       BUFG (Prop_bufg_I_O)         0.101     1.541 r  design_1_i/processing_system7_0/inst/buffer_fclk_clk_0.FCLK_CLK_0_BUFG/O
                         net (fo=13921, routed)       1.906     3.447    design_1_i/axi_smc/inst/clk_map/psr_aclk/U0/aclk
    SLICE_X66Y108        FDRE                                         r  design_1_i/axi_smc/inst/clk_map/psr_aclk/U0/ACTIVE_LOW_BSR_OUT_DFF[0].FDRE_BSR_N/C
  -------------------------------------------------------------------    -------------------
    SLICE_X66Y108        FDRE (Prop_fdre_C_Q)         0.518     3.965 r  design_1_i/axi_smc/inst/clk_map/psr_aclk/U0/ACTIVE_LOW_BSR_OUT_DFF[0].FDRE_BSR_N/Q
                         net (fo=26, routed)          4.446     8.411    design_1_i/axi_smc/inst/s00_entry_pipeline/s00_si_converter/inst/xpm_cdc_async_rst_inst/src_arst
    SLICE_X28Y68         LUT1 (Prop_lut1_I0_O)        0.153     8.564 f  design_1_i/axi_smc/inst/s00_entry_pipeline/s00_si_converter/inst/xpm_cdc_async_rst_inst/arststages_ff[2]_i_1/O
                         net (fo=3, routed)           0.681     9.245    design_1_i/axi_smc/inst/s00_entry_pipeline/s00_si_converter/inst/xpm_cdc_async_rst_inst/reset_pol
    SLICE_X27Y68         FDCE                                         f  design_1_i/axi_smc/inst/s00_entry_pipeline/s00_si_converter/inst/xpm_cdc_async_rst_inst/arststages_ff_reg[1]/CLR
  -------------------------------------------------------------------    -------------------

                         (clock clk_fpga_0 rise edge)
                                                      0.000     0.000 r  
    PS7_X0Y0             PS7                          0.000     0.000 r  design_1_i/processing_system7_0/inst/PS7_i/FCLKCLK[0]
                         net (fo=1, routed)           1.088     1.088    design_1_i/processing_system7_0/inst/FCLK_CLK_unbuffered[0]
    BUFGCTRL_X0Y17       BUFG (Prop_bufg_I_O)         0.091     1.179 r  design_1_i/processing_system7_0/inst/buffer_fclk_clk_0.FCLK_CLK_0_BUFG_replica/O
                         net (fo=3, routed)           0.133     1.312    design_1_i/processing_system7_0/inst/FCLK_CLK0_repN
    BUFGCTRL_X0Y16       BUFG (Prop_bufg_I_O)         0.091     1.403 r  design_1_i/processing_system7_0/inst/buffer_fclk_clk_0.FCLK_CLK_0_BUFG/O
                         net (fo=13921, routed)       1.511     2.914    design_1_i/axi_smc/inst/s00_entry_pipeline/s00_si_converter/inst/xpm_cdc_async_rst_inst/dest_clk
    SLICE_X27Y68         FDCE                                         r  design_1_i/axi_smc/inst/s00_entry_pipeline/s00_si_converter/inst/xpm_cdc_async_rst_inst/arststages_ff_reg[1]/C

Slack:                    inf
  Source:                 design_1_i/axi_smc/inst/clk_map/psr_aclk/U0/ACTIVE_LOW_BSR_OUT_DFF[0].FDRE_BSR_N/C
                            (rising edge-triggered cell FDRE clocked by clk_fpga_0  {rise@0.000ns fall@5.000ns period=10.000ns})
  Destination:            design_1_i/axi_smc/inst/s00_entry_pipeline/s00_si_converter/inst/xpm_cdc_async_rst_inst/arststages_ff_reg[2]/CLR
                            (recovery check against rising-edge clock clk_fpga_0  {rise@0.000ns fall@5.000ns period=10.000ns})
  Path Group:             (none)
  Path Type:              Recovery (Max at Slow Process Corner)
  Data Path Delay:        5.798ns  (logic 0.671ns (11.573%)  route 5.127ns (88.427%))
  Logic Levels:           1  (LUT1=1)
  Clock Path Skew:        -0.533ns (DCD - SCD + CPR)
    Destination Clock Delay (DCD):    2.914ns
    Source Clock Delay      (SCD):    3.447ns
    Clock Pessimism Removal (CPR):    0.000ns
  Clock Uncertainty:      0.154ns  ((TSJ^2 + TIJ^2)^1/2 + DJ) / 2 + PE
    Total System Jitter     (TSJ):    0.071ns
    Total Input Jitter      (TIJ):    0.300ns
    Discrete Jitter          (DJ):    0.000ns
    Phase Error              (PE):    0.000ns
  Timing Exception:       False Path

    Location             Delay type                Incr(ns)  Path(ns)    Netlist Resource(s)
  -------------------------------------------------------------------    -------------------
                         (clock clk_fpga_0 rise edge)
                                                      0.000     0.000 r  
    PS7_X0Y0             PS7                          0.000     0.000 r  design_1_i/processing_system7_0/inst/PS7_i/FCLKCLK[0]
                         net (fo=1, routed)           1.193     1.193    design_1_i/processing_system7_0/inst/FCLK_CLK_unbuffered[0]
    BUFGCTRL_X0Y17       BUFG (Prop_bufg_I_O)         0.101     1.294 r  design_1_i/processing_system7_0/inst/buffer_fclk_clk_0.FCLK_CLK_0_BUFG_replica/O
                         net (fo=3, routed)           0.146     1.440    design_1_i/processing_system7_0/inst/FCLK_CLK0_repN
    BUFGCTRL_X0Y16       BUFG (Prop_bufg_I_O)         0.101     1.541 r  design_1_i/processing_system7_0/inst/buffer_fclk_clk_0.FCLK_CLK_0_BUFG/O
                         net (fo=13921, routed)       1.906     3.447    design_1_i/axi_smc/inst/clk_map/psr_aclk/U0/aclk
    SLICE_X66Y108        FDRE                                         r  design_1_i/axi_smc/inst/clk_map/psr_aclk/U0/ACTIVE_LOW_BSR_OUT_DFF[0].FDRE_BSR_N/C
  -------------------------------------------------------------------    -------------------
    SLICE_X66Y108        FDRE (Prop_fdre_C_Q)         0.518     3.965 r  design_1_i/axi_smc/inst/clk_map/psr_aclk/U0/ACTIVE_LOW_BSR_OUT_DFF[0].FDRE_BSR_N/Q
                         net (fo=26, routed)          4.446     8.411    design_1_i/axi_smc/inst/s00_entry_pipeline/s00_si_converter/inst/xpm_cdc_async_rst_inst/src_arst
    SLICE_X28Y68         LUT1 (Prop_lut1_I0_O)        0.153     8.564 f  design_1_i/axi_smc/inst/s00_entry_pipeline/s00_si_converter/inst/xpm_cdc_async_rst_inst/arststages_ff[2]_i_1/O
                         net (fo=3, routed)           0.681     9.245    design_1_i/axi_smc/inst/s00_entry_pipeline/s00_si_converter/inst/xpm_cdc_async_rst_inst/reset_pol
    SLICE_X27Y68         FDCE                                         f  design_1_i/axi_smc/inst/s00_entry_pipeline/s00_si_converter/inst/xpm_cdc_async_rst_inst/arststages_ff_reg[2]/CLR
  -------------------------------------------------------------------    -------------------

                         (clock clk_fpga_0 rise edge)
                                                      0.000     0.000 r  
    PS7_X0Y0             PS7                          0.000     0.000 r  design_1_i/processing_system7_0/inst/PS7_i/FCLKCLK[0]
                         net (fo=1, routed)           1.088     1.088    design_1_i/processing_system7_0/inst/FCLK_CLK_unbuffered[0]
    BUFGCTRL_X0Y17       BUFG (Prop_bufg_I_O)         0.091     1.179 r  design_1_i/processing_system7_0/inst/buffer_fclk_clk_0.FCLK_CLK_0_BUFG_replica/O
                         net (fo=3, routed)           0.133     1.312    design_1_i/processing_system7_0/inst/FCLK_CLK0_repN
    BUFGCTRL_X0Y16       BUFG (Prop_bufg_I_O)         0.091     1.403 r  design_1_i/processing_system7_0/inst/buffer_fclk_clk_0.FCLK_CLK_0_BUFG/O
                         net (fo=13921, routed)       1.511     2.914    design_1_i/axi_smc/inst/s00_entry_pipeline/s00_si_converter/inst/xpm_cdc_async_rst_inst/dest_clk
    SLICE_X27Y68         FDCE                                         r  design_1_i/axi_smc/inst/s00_entry_pipeline/s00_si_converter/inst/xpm_cdc_async_rst_inst/arststages_ff_reg[2]/C

Slack:                    inf
  Source:                 design_1_i/axi_smc/inst/clk_map/psr_aclk/U0/ACTIVE_LOW_BSR_OUT_DFF[0].FDRE_BSR_N/C
                            (rising edge-triggered cell FDRE clocked by clk_fpga_0  {rise@0.000ns fall@5.000ns period=10.000ns})
  Destination:            design_1_i/axi_smc/inst/m02_nodes/m02_ar_node/inst/s_sc_xpm_cdc_async_rst_inst/arststages_ff_reg[0]/CLR
                            (recovery check against rising-edge clock clk_fpga_0  {rise@0.000ns fall@5.000ns period=10.000ns})
  Path Group:             (none)
  Path Type:              Recovery (Max at Slow Process Corner)
  Data Path Delay:        5.669ns  (logic 0.642ns (11.325%)  route 5.027ns (88.675%))
  Logic Levels:           1  (LUT1=1)
  Clock Path Skew:        -0.529ns (DCD - SCD + CPR)
    Destination Clock Delay (DCD):    2.918ns
    Source Clock Delay      (SCD):    3.447ns
    Clock Pessimism Removal (CPR):    0.000ns
  Clock Uncertainty:      0.154ns  ((TSJ^2 + TIJ^2)^1/2 + DJ) / 2 + PE
    Total System Jitter     (TSJ):    0.071ns
    Total Input Jitter      (TIJ):    0.300ns
    Discrete Jitter          (DJ):    0.000ns
    Phase Error              (PE):    0.000ns
  Timing Exception:       False Path

    Location             Delay type                Incr(ns)  Path(ns)    Netlist Resource(s)
  -------------------------------------------------------------------    -------------------
                         (clock clk_fpga_0 rise edge)
                                                      0.000     0.000 r  
    PS7_X0Y0             PS7                          0.000     0.000 r  design_1_i/processing_system7_0/inst/PS7_i/FCLKCLK[0]
                         net (fo=1, routed)           1.193     1.193    design_1_i/processing_system7_0/inst/FCLK_CLK_unbuffered[0]
    BUFGCTRL_X0Y17       BUFG (Prop_bufg_I_O)         0.101     1.294 r  design_1_i/processing_system7_0/inst/buffer_fclk_clk_0.FCLK_CLK_0_BUFG_replica/O
                         net (fo=3, routed)           0.146     1.440    design_1_i/processing_system7_0/inst/FCLK_CLK0_repN
    BUFGCTRL_X0Y16       BUFG (Prop_bufg_I_O)         0.101     1.541 r  design_1_i/processing_system7_0/inst/buffer_fclk_clk_0.FCLK_CLK_0_BUFG/O
                         net (fo=13921, routed)       1.906     3.447    design_1_i/axi_smc/inst/clk_map/psr_aclk/U0/aclk
    SLICE_X66Y108        FDRE                                         r  design_1_i/axi_smc/inst/clk_map/psr_aclk/U0/ACTIVE_LOW_BSR_OUT_DFF[0].FDRE_BSR_N/C
  -------------------------------------------------------------------    -------------------
    SLICE_X66Y108        FDRE (Prop_fdre_C_Q)         0.518     3.965 r  design_1_i/axi_smc/inst/clk_map/psr_aclk/U0/ACTIVE_LOW_BSR_OUT_DFF[0].FDRE_BSR_N/Q
                         net (fo=26, routed)          4.446     8.411    design_1_i/axi_smc/inst/m02_nodes/m02_ar_node/inst/s_sc_xpm_cdc_async_rst_inst/src_arst
    SLICE_X28Y68         LUT1 (Prop_lut1_I0_O)        0.124     8.535 f  design_1_i/axi_smc/inst/m02_nodes/m02_ar_node/inst/s_sc_xpm_cdc_async_rst_inst/arststages_ff[2]_i_1/O
                         net (fo=3, routed)           0.581     9.116    design_1_i/axi_smc/inst/m02_nodes/m02_ar_node/inst/s_sc_xpm_cdc_async_rst_inst/reset_pol
    SLICE_X28Y68         FDCE                                         f  design_1_i/axi_smc/inst/m02_nodes/m02_ar_node/inst/s_sc_xpm_cdc_async_rst_inst/arststages_ff_reg[0]/CLR
  -------------------------------------------------------------------    -------------------

                         (clock clk_fpga_0 rise edge)
                                                      0.000     0.000 r  
    PS7_X0Y0             PS7                          0.000     0.000 r  design_1_i/processing_system7_0/inst/PS7_i/FCLKCLK[0]
                         net (fo=1, routed)           1.088     1.088    design_1_i/processing_system7_0/inst/FCLK_CLK_unbuffered[0]
    BUFGCTRL_X0Y17       BUFG (Prop_bufg_I_O)         0.091     1.179 r  design_1_i/processing_system7_0/inst/buffer_fclk_clk_0.FCLK_CLK_0_BUFG_replica/O
                         net (fo=3, routed)           0.133     1.312    design_1_i/processing_system7_0/inst/FCLK_CLK0_repN
    BUFGCTRL_X0Y16       BUFG (Prop_bufg_I_O)         0.091     1.403 r  design_1_i/processing_system7_0/inst/buffer_fclk_clk_0.FCLK_CLK_0_BUFG/O
                         net (fo=13921, routed)       1.515     2.918    design_1_i/axi_smc/inst/m02_nodes/m02_ar_node/inst/s_sc_xpm_cdc_async_rst_inst/dest_clk
    SLICE_X28Y68         FDCE                                         r  design_1_i/axi_smc/inst/m02_nodes/m02_ar_node/inst/s_sc_xpm_cdc_async_rst_inst/arststages_ff_reg[0]/C

Slack:                    inf
  Source:                 design_1_i/axi_smc/inst/clk_map/psr_aclk/U0/ACTIVE_LOW_BSR_OUT_DFF[0].FDRE_BSR_N/C
                            (rising edge-triggered cell FDRE clocked by clk_fpga_0  {rise@0.000ns fall@5.000ns period=10.000ns})
  Destination:            design_1_i/axi_smc/inst/m02_nodes/m02_ar_node/inst/s_sc_xpm_cdc_async_rst_inst/arststages_ff_reg[1]/CLR
                            (recovery check against rising-edge clock clk_fpga_0  {rise@0.000ns fall@5.000ns period=10.000ns})
  Path Group:             (none)
  Path Type:              Recovery (Max at Slow Process Corner)
  Data Path Delay:        5.669ns  (logic 0.642ns (11.325%)  route 5.027ns (88.675%))
  Logic Levels:           1  (LUT1=1)
  Clock Path Skew:        -0.529ns (DCD - SCD + CPR)
    Destination Clock Delay (DCD):    2.918ns
    Source Clock Delay      (SCD):    3.447ns
    Clock Pessimism Removal (CPR):    0.000ns
  Clock Uncertainty:      0.154ns  ((TSJ^2 + TIJ^2)^1/2 + DJ) / 2 + PE
    Total System Jitter     (TSJ):    0.071ns
    Total Input Jitter      (TIJ):    0.300ns
    Discrete Jitter          (DJ):    0.000ns
    Phase Error              (PE):    0.000ns
  Timing Exception:       False Path

    Location             Delay type                Incr(ns)  Path(ns)    Netlist Resource(s)
  -------------------------------------------------------------------    -------------------
                         (clock clk_fpga_0 rise edge)
                                                      0.000     0.000 r  
    PS7_X0Y0             PS7                          0.000     0.000 r  design_1_i/processing_system7_0/inst/PS7_i/FCLKCLK[0]
                         net (fo=1, routed)           1.193     1.193    design_1_i/processing_system7_0/inst/FCLK_CLK_unbuffered[0]
    BUFGCTRL_X0Y17       BUFG (Prop_bufg_I_O)         0.101     1.294 r  design_1_i/processing_system7_0/inst/buffer_fclk_clk_0.FCLK_CLK_0_BUFG_replica/O
                         net (fo=3, routed)           0.146     1.440    design_1_i/processing_system7_0/inst/FCLK_CLK0_repN
    BUFGCTRL_X0Y16       BUFG (Prop_bufg_I_O)         0.101     1.541 r  design_1_i/processing_system7_0/inst/buffer_fclk_clk_0.FCLK_CLK_0_BUFG/O
                         net (fo=13921, routed)       1.906     3.447    design_1_i/axi_smc/inst/clk_map/psr_aclk/U0/aclk
    SLICE_X66Y108        FDRE                                         r  design_1_i/axi_smc/inst/clk_map/psr_aclk/U0/ACTIVE_LOW_BSR_OUT_DFF[0].FDRE_BSR_N/C
  -------------------------------------------------------------------    -------------------
    SLICE_X66Y108        FDRE (Prop_fdre_C_Q)         0.518     3.965 r  design_1_i/axi_smc/inst/clk_map/psr_aclk/U0/ACTIVE_LOW_BSR_OUT_DFF[0].FDRE_BSR_N/Q
                         net (fo=26, routed)          4.446     8.411    design_1_i/axi_smc/inst/m02_nodes/m02_ar_node/inst/s_sc_xpm_cdc_async_rst_inst/src_arst
    SLICE_X28Y68         LUT1 (Prop_lut1_I0_O)        0.124     8.535 f  design_1_i/axi_smc/inst/m02_nodes/m02_ar_node/inst/s_sc_xpm_cdc_async_rst_inst/arststages_ff[2]_i_1/O
                         net (fo=3, routed)           0.581     9.116    design_1_i/axi_smc/inst/m02_nodes/m02_ar_node/inst/s_sc_xpm_cdc_async_rst_inst/reset_pol
    SLICE_X28Y68         FDCE                                         f  design_1_i/axi_smc/inst/m02_nodes/m02_ar_node/inst/s_sc_xpm_cdc_async_rst_inst/arststages_ff_reg[1]/CLR
  -------------------------------------------------------------------    -------------------

                         (clock clk_fpga_0 rise edge)
                                                      0.000     0.000 r  
    PS7_X0Y0             PS7                          0.000     0.000 r  design_1_i/processing_system7_0/inst/PS7_i/FCLKCLK[0]
                         net (fo=1, routed)           1.088     1.088    design_1_i/processing_system7_0/inst/FCLK_CLK_unbuffered[0]
    BUFGCTRL_X0Y17       BUFG (Prop_bufg_I_O)         0.091     1.179 r  design_1_i/processing_system7_0/inst/buffer_fclk_clk_0.FCLK_CLK_0_BUFG_replica/O
                         net (fo=3, routed)           0.133     1.312    design_1_i/processing_system7_0/inst/FCLK_CLK0_repN
    BUFGCTRL_X0Y16       BUFG (Prop_bufg_I_O)         0.091     1.403 r  design_1_i/processing_system7_0/inst/buffer_fclk_clk_0.FCLK_CLK_0_BUFG/O
                         net (fo=13921, routed)       1.515     2.918    design_1_i/axi_smc/inst/m02_nodes/m02_ar_node/inst/s_sc_xpm_cdc_async_rst_inst/dest_clk
    SLICE_X28Y68         FDCE                                         r  design_1_i/axi_smc/inst/m02_nodes/m02_ar_node/inst/s_sc_xpm_cdc_async_rst_inst/arststages_ff_reg[1]/C

Slack:                    inf
  Source:                 design_1_i/axi_smc/inst/clk_map/psr_aclk/U0/ACTIVE_LOW_BSR_OUT_DFF[0].FDRE_BSR_N/C
                            (rising edge-triggered cell FDRE clocked by clk_fpga_0  {rise@0.000ns fall@5.000ns period=10.000ns})
  Destination:            design_1_i/axi_smc/inst/m02_nodes/m02_ar_node/inst/s_sc_xpm_cdc_async_rst_inst/arststages_ff_reg[2]/CLR
                            (recovery check against rising-edge clock clk_fpga_0  {rise@0.000ns fall@5.000ns period=10.000ns})
  Path Group:             (none)
  Path Type:              Recovery (Max at Slow Process Corner)
  Data Path Delay:        5.669ns  (logic 0.642ns (11.325%)  route 5.027ns (88.675%))
  Logic Levels:           1  (LUT1=1)
  Clock Path Skew:        -0.529ns (DCD - SCD + CPR)
    Destination Clock Delay (DCD):    2.918ns
    Source Clock Delay      (SCD):    3.447ns
    Clock Pessimism Removal (CPR):    0.000ns
  Clock Uncertainty:      0.154ns  ((TSJ^2 + TIJ^2)^1/2 + DJ) / 2 + PE
    Total System Jitter     (TSJ):    0.071ns
    Total Input Jitter      (TIJ):    0.300ns
    Discrete Jitter          (DJ):    0.000ns
    Phase Error              (PE):    0.000ns
  Timing Exception:       False Path

    Location             Delay type                Incr(ns)  Path(ns)    Netlist Resource(s)
  -------------------------------------------------------------------    -------------------
                         (clock clk_fpga_0 rise edge)
                                                      0.000     0.000 r  
    PS7_X0Y0             PS7                          0.000     0.000 r  design_1_i/processing_system7_0/inst/PS7_i/FCLKCLK[0]
                         net (fo=1, routed)           1.193     1.193    design_1_i/processing_system7_0/inst/FCLK_CLK_unbuffered[0]
    BUFGCTRL_X0Y17       BUFG (Prop_bufg_I_O)         0.101     1.294 r  design_1_i/processing_system7_0/inst/buffer_fclk_clk_0.FCLK_CLK_0_BUFG_replica/O
                         net (fo=3, routed)           0.146     1.440    design_1_i/processing_system7_0/inst/FCLK_CLK0_repN
    BUFGCTRL_X0Y16       BUFG (Prop_bufg_I_O)         0.101     1.541 r  design_1_i/processing_system7_0/inst/buffer_fclk_clk_0.FCLK_CLK_0_BUFG/O
                         net (fo=13921, routed)       1.906     3.447    design_1_i/axi_smc/inst/clk_map/psr_aclk/U0/aclk
    SLICE_X66Y108        FDRE                                         r  design_1_i/axi_smc/inst/clk_map/psr_aclk/U0/ACTIVE_LOW_BSR_OUT_DFF[0].FDRE_BSR_N/C
  -------------------------------------------------------------------    -------------------
    SLICE_X66Y108        FDRE (Prop_fdre_C_Q)         0.518     3.965 r  design_1_i/axi_smc/inst/clk_map/psr_aclk/U0/ACTIVE_LOW_BSR_OUT_DFF[0].FDRE_BSR_N/Q
                         net (fo=26, routed)          4.446     8.411    design_1_i/axi_smc/inst/m02_nodes/m02_ar_node/inst/s_sc_xpm_cdc_async_rst_inst/src_arst
    SLICE_X28Y68         LUT1 (Prop_lut1_I0_O)        0.124     8.535 f  design_1_i/axi_smc/inst/m02_nodes/m02_ar_node/inst/s_sc_xpm_cdc_async_rst_inst/arststages_ff[2]_i_1/O
                         net (fo=3, routed)           0.581     9.116    design_1_i/axi_smc/inst/m02_nodes/m02_ar_node/inst/s_sc_xpm_cdc_async_rst_inst/reset_pol
    SLICE_X28Y68         FDCE                                         f  design_1_i/axi_smc/inst/m02_nodes/m02_ar_node/inst/s_sc_xpm_cdc_async_rst_inst/arststages_ff_reg[2]/CLR
  -------------------------------------------------------------------    -------------------

                         (clock clk_fpga_0 rise edge)
                                                      0.000     0.000 r  
    PS7_X0Y0             PS7                          0.000     0.000 r  design_1_i/processing_system7_0/inst/PS7_i/FCLKCLK[0]
                         net (fo=1, routed)           1.088     1.088    design_1_i/processing_system7_0/inst/FCLK_CLK_unbuffered[0]
    BUFGCTRL_X0Y17       BUFG (Prop_bufg_I_O)         0.091     1.179 r  design_1_i/processing_system7_0/inst/buffer_fclk_clk_0.FCLK_CLK_0_BUFG_replica/O
                         net (fo=3, routed)           0.133     1.312    design_1_i/processing_system7_0/inst/FCLK_CLK0_repN
    BUFGCTRL_X0Y16       BUFG (Prop_bufg_I_O)         0.091     1.403 r  design_1_i/processing_system7_0/inst/buffer_fclk_clk_0.FCLK_CLK_0_BUFG/O
                         net (fo=13921, routed)       1.515     2.918    design_1_i/axi_smc/inst/m02_nodes/m02_ar_node/inst/s_sc_xpm_cdc_async_rst_inst/dest_clk
    SLICE_X28Y68         FDCE                                         r  design_1_i/axi_smc/inst/m02_nodes/m02_ar_node/inst/s_sc_xpm_cdc_async_rst_inst/arststages_ff_reg[2]/C

Slack:                    inf
  Source:                 design_1_i/axi_smc/inst/clk_map/psr_aclk/U0/ACTIVE_LOW_BSR_OUT_DFF[0].FDRE_BSR_N/C
                            (rising edge-triggered cell FDRE clocked by clk_fpga_0  {rise@0.000ns fall@5.000ns period=10.000ns})
  Destination:            design_1_i/axi_smc/inst/s00_nodes/s00_ar_node/inst/s_sc_xpm_cdc_async_rst_inst/arststages_ff_reg[0]/CLR
                            (recovery check against rising-edge clock clk_fpga_0  {rise@0.000ns fall@5.000ns period=10.000ns})
  Path Group:             (none)
  Path Type:              Recovery (Max at Slow Process Corner)
  Data Path Delay:        5.505ns  (logic 0.642ns (11.662%)  route 4.863ns (88.338%))
  Logic Levels:           1  (LUT1=1)
  Clock Path Skew:        -0.578ns (DCD - SCD + CPR)
    Destination Clock Delay (DCD):    2.869ns
    Source Clock Delay      (SCD):    3.447ns
    Clock Pessimism Removal (CPR):    0.000ns
  Clock Uncertainty:      0.154ns  ((TSJ^2 + TIJ^2)^1/2 + DJ) / 2 + PE
    Total System Jitter     (TSJ):    0.071ns
    Total Input Jitter      (TIJ):    0.300ns
    Discrete Jitter          (DJ):    0.000ns
    Phase Error              (PE):    0.000ns
  Timing Exception:       False Path

    Location             Delay type                Incr(ns)  Path(ns)    Netlist Resource(s)
  -------------------------------------------------------------------    -------------------
                         (clock clk_fpga_0 rise edge)
                                                      0.000     0.000 r  
    PS7_X0Y0             PS7                          0.000     0.000 r  design_1_i/processing_system7_0/inst/PS7_i/FCLKCLK[0]
                         net (fo=1, routed)           1.193     1.193    design_1_i/processing_system7_0/inst/FCLK_CLK_unbuffered[0]
    BUFGCTRL_X0Y17       BUFG (Prop_bufg_I_O)         0.101     1.294 r  design_1_i/processing_system7_0/inst/buffer_fclk_clk_0.FCLK_CLK_0_BUFG_replica/O
                         net (fo=3, routed)           0.146     1.440    design_1_i/processing_system7_0/inst/FCLK_CLK0_repN
    BUFGCTRL_X0Y16       BUFG (Prop_bufg_I_O)         0.101     1.541 r  design_1_i/processing_system7_0/inst/buffer_fclk_clk_0.FCLK_CLK_0_BUFG/O
                         net (fo=13921, routed)       1.906     3.447    design_1_i/axi_smc/inst/clk_map/psr_aclk/U0/aclk
    SLICE_X66Y108        FDRE                                         r  design_1_i/axi_smc/inst/clk_map/psr_aclk/U0/ACTIVE_LOW_BSR_OUT_DFF[0].FDRE_BSR_N/C
  -------------------------------------------------------------------    -------------------
    SLICE_X66Y108        FDRE (Prop_fdre_C_Q)         0.518     3.965 r  design_1_i/axi_smc/inst/clk_map/psr_aclk/U0/ACTIVE_LOW_BSR_OUT_DFF[0].FDRE_BSR_N/Q
                         net (fo=26, routed)          4.476     8.441    design_1_i/axi_smc/inst/s00_nodes/s00_ar_node/inst/s_sc_xpm_cdc_async_rst_inst/src_arst
    SLICE_X35Y72         LUT1 (Prop_lut1_I0_O)        0.124     8.565 f  design_1_i/axi_smc/inst/s00_nodes/s00_ar_node/inst/s_sc_xpm_cdc_async_rst_inst/arststages_ff[2]_i_1/O
                         net (fo=3, routed)           0.387     8.952    design_1_i/axi_smc/inst/s00_nodes/s00_ar_node/inst/s_sc_xpm_cdc_async_rst_inst/reset_pol
    SLICE_X35Y72         FDCE                                         f  design_1_i/axi_smc/inst/s00_nodes/s00_ar_node/inst/s_sc_xpm_cdc_async_rst_inst/arststages_ff_reg[0]/CLR
  -------------------------------------------------------------------    -------------------

                         (clock clk_fpga_0 rise edge)
                                                      0.000     0.000 r  
    PS7_X0Y0             PS7                          0.000     0.000 r  design_1_i/processing_system7_0/inst/PS7_i/FCLKCLK[0]
                         net (fo=1, routed)           1.088     1.088    design_1_i/processing_system7_0/inst/FCLK_CLK_unbuffered[0]
    BUFGCTRL_X0Y17       BUFG (Prop_bufg_I_O)         0.091     1.179 r  design_1_i/processing_system7_0/inst/buffer_fclk_clk_0.FCLK_CLK_0_BUFG_replica/O
                         net (fo=3, routed)           0.133     1.312    design_1_i/processing_system7_0/inst/FCLK_CLK0_repN
    BUFGCTRL_X0Y16       BUFG (Prop_bufg_I_O)         0.091     1.403 r  design_1_i/processing_system7_0/inst/buffer_fclk_clk_0.FCLK_CLK_0_BUFG/O
                         net (fo=13921, routed)       1.466     2.869    design_1_i/axi_smc/inst/s00_nodes/s00_ar_node/inst/s_sc_xpm_cdc_async_rst_inst/dest_clk
    SLICE_X35Y72         FDCE                                         r  design_1_i/axi_smc/inst/s00_nodes/s00_ar_node/inst/s_sc_xpm_cdc_async_rst_inst/arststages_ff_reg[0]/C

Slack:                    inf
  Source:                 design_1_i/axi_smc/inst/clk_map/psr_aclk/U0/ACTIVE_LOW_BSR_OUT_DFF[0].FDRE_BSR_N/C
                            (rising edge-triggered cell FDRE clocked by clk_fpga_0  {rise@0.000ns fall@5.000ns period=10.000ns})
  Destination:            design_1_i/axi_smc/inst/s00_nodes/s00_ar_node/inst/s_sc_xpm_cdc_async_rst_inst/arststages_ff_reg[1]/CLR
                            (recovery check against rising-edge clock clk_fpga_0  {rise@0.000ns fall@5.000ns period=10.000ns})
  Path Group:             (none)
  Path Type:              Recovery (Max at Slow Process Corner)
  Data Path Delay:        5.505ns  (logic 0.642ns (11.662%)  route 4.863ns (88.338%))
  Logic Levels:           1  (LUT1=1)
  Clock Path Skew:        -0.578ns (DCD - SCD + CPR)
    Destination Clock Delay (DCD):    2.869ns
    Source Clock Delay      (SCD):    3.447ns
    Clock Pessimism Removal (CPR):    0.000ns
  Clock Uncertainty:      0.154ns  ((TSJ^2 + TIJ^2)^1/2 + DJ) / 2 + PE
    Total System Jitter     (TSJ):    0.071ns
    Total Input Jitter      (TIJ):    0.300ns
    Discrete Jitter          (DJ):    0.000ns
    Phase Error              (PE):    0.000ns
  Timing Exception:       False Path

    Location             Delay type                Incr(ns)  Path(ns)    Netlist Resource(s)
  -------------------------------------------------------------------    -------------------
                         (clock clk_fpga_0 rise edge)
                                                      0.000     0.000 r  
    PS7_X0Y0             PS7                          0.000     0.000 r  design_1_i/processing_system7_0/inst/PS7_i/FCLKCLK[0]
                         net (fo=1, routed)           1.193     1.193    design_1_i/processing_system7_0/inst/FCLK_CLK_unbuffered[0]
    BUFGCTRL_X0Y17       BUFG (Prop_bufg_I_O)         0.101     1.294 r  design_1_i/processing_system7_0/inst/buffer_fclk_clk_0.FCLK_CLK_0_BUFG_replica/O
                         net (fo=3, routed)           0.146     1.440    design_1_i/processing_system7_0/inst/FCLK_CLK0_repN
    BUFGCTRL_X0Y16       BUFG (Prop_bufg_I_O)         0.101     1.541 r  design_1_i/processing_system7_0/inst/buffer_fclk_clk_0.FCLK_CLK_0_BUFG/O
                         net (fo=13921, routed)       1.906     3.447    design_1_i/axi_smc/inst/clk_map/psr_aclk/U0/aclk
    SLICE_X66Y108        FDRE                                         r  design_1_i/axi_smc/inst/clk_map/psr_aclk/U0/ACTIVE_LOW_BSR_OUT_DFF[0].FDRE_BSR_N/C
  -------------------------------------------------------------------    -------------------
    SLICE_X66Y108        FDRE (Prop_fdre_C_Q)         0.518     3.965 r  design_1_i/axi_smc/inst/clk_map/psr_aclk/U0/ACTIVE_LOW_BSR_OUT_DFF[0].FDRE_BSR_N/Q
                         net (fo=26, routed)          4.476     8.441    design_1_i/axi_smc/inst/s00_nodes/s00_ar_node/inst/s_sc_xpm_cdc_async_rst_inst/src_arst
    SLICE_X35Y72         LUT1 (Prop_lut1_I0_O)        0.124     8.565 f  design_1_i/axi_smc/inst/s00_nodes/s00_ar_node/inst/s_sc_xpm_cdc_async_rst_inst/arststages_ff[2]_i_1/O
                         net (fo=3, routed)           0.387     8.952    design_1_i/axi_smc/inst/s00_nodes/s00_ar_node/inst/s_sc_xpm_cdc_async_rst_inst/reset_pol
    SLICE_X35Y72         FDCE                                         f  design_1_i/axi_smc/inst/s00_nodes/s00_ar_node/inst/s_sc_xpm_cdc_async_rst_inst/arststages_ff_reg[1]/CLR
  -------------------------------------------------------------------    -------------------

                         (clock clk_fpga_0 rise edge)
                                                      0.000     0.000 r  
    PS7_X0Y0             PS7                          0.000     0.000 r  design_1_i/processing_system7_0/inst/PS7_i/FCLKCLK[0]
                         net (fo=1, routed)           1.088     1.088    design_1_i/processing_system7_0/inst/FCLK_CLK_unbuffered[0]
    BUFGCTRL_X0Y17       BUFG (Prop_bufg_I_O)         0.091     1.179 r  design_1_i/processing_system7_0/inst/buffer_fclk_clk_0.FCLK_CLK_0_BUFG_replica/O
                         net (fo=3, routed)           0.133     1.312    design_1_i/processing_system7_0/inst/FCLK_CLK0_repN
    BUFGCTRL_X0Y16       BUFG (Prop_bufg_I_O)         0.091     1.403 r  design_1_i/processing_system7_0/inst/buffer_fclk_clk_0.FCLK_CLK_0_BUFG/O
                         net (fo=13921, routed)       1.466     2.869    design_1_i/axi_smc/inst/s00_nodes/s00_ar_node/inst/s_sc_xpm_cdc_async_rst_inst/dest_clk
    SLICE_X35Y72         FDCE                                         r  design_1_i/axi_smc/inst/s00_nodes/s00_ar_node/inst/s_sc_xpm_cdc_async_rst_inst/arststages_ff_reg[1]/C

Slack:                    inf
  Source:                 design_1_i/axi_smc/inst/clk_map/psr_aclk/U0/ACTIVE_LOW_BSR_OUT_DFF[0].FDRE_BSR_N/C
                            (rising edge-triggered cell FDRE clocked by clk_fpga_0  {rise@0.000ns fall@5.000ns period=10.000ns})
  Destination:            design_1_i/axi_smc/inst/s00_nodes/s00_ar_node/inst/s_sc_xpm_cdc_async_rst_inst/arststages_ff_reg[2]/CLR
                            (recovery check against rising-edge clock clk_fpga_0  {rise@0.000ns fall@5.000ns period=10.000ns})
  Path Group:             (none)
  Path Type:              Recovery (Max at Slow Process Corner)
  Data Path Delay:        5.505ns  (logic 0.642ns (11.662%)  route 4.863ns (88.338%))
  Logic Levels:           1  (LUT1=1)
  Clock Path Skew:        -0.578ns (DCD - SCD + CPR)
    Destination Clock Delay (DCD):    2.869ns
    Source Clock Delay      (SCD):    3.447ns
    Clock Pessimism Removal (CPR):    0.000ns
  Clock Uncertainty:      0.154ns  ((TSJ^2 + TIJ^2)^1/2 + DJ) / 2 + PE
    Total System Jitter     (TSJ):    0.071ns
    Total Input Jitter      (TIJ):    0.300ns
    Discrete Jitter          (DJ):    0.000ns
    Phase Error              (PE):    0.000ns
  Timing Exception:       False Path

    Location             Delay type                Incr(ns)  Path(ns)    Netlist Resource(s)
  -------------------------------------------------------------------    -------------------
                         (clock clk_fpga_0 rise edge)
                                                      0.000     0.000 r  
    PS7_X0Y0             PS7                          0.000     0.000 r  design_1_i/processing_system7_0/inst/PS7_i/FCLKCLK[0]
                         net (fo=1, routed)           1.193     1.193    design_1_i/processing_system7_0/inst/FCLK_CLK_unbuffered[0]
    BUFGCTRL_X0Y17       BUFG (Prop_bufg_I_O)         0.101     1.294 r  design_1_i/processing_system7_0/inst/buffer_fclk_clk_0.FCLK_CLK_0_BUFG_replica/O
                         net (fo=3, routed)           0.146     1.440    design_1_i/processing_system7_0/inst/FCLK_CLK0_repN
    BUFGCTRL_X0Y16       BUFG (Prop_bufg_I_O)         0.101     1.541 r  design_1_i/processing_system7_0/inst/buffer_fclk_clk_0.FCLK_CLK_0_BUFG/O
                         net (fo=13921, routed)       1.906     3.447    design_1_i/axi_smc/inst/clk_map/psr_aclk/U0/aclk
    SLICE_X66Y108        FDRE                                         r  design_1_i/axi_smc/inst/clk_map/psr_aclk/U0/ACTIVE_LOW_BSR_OUT_DFF[0].FDRE_BSR_N/C
  -------------------------------------------------------------------    -------------------
    SLICE_X66Y108        FDRE (Prop_fdre_C_Q)         0.518     3.965 r  design_1_i/axi_smc/inst/clk_map/psr_aclk/U0/ACTIVE_LOW_BSR_OUT_DFF[0].FDRE_BSR_N/Q
                         net (fo=26, routed)          4.476     8.441    design_1_i/axi_smc/inst/s00_nodes/s00_ar_node/inst/s_sc_xpm_cdc_async_rst_inst/src_arst
    SLICE_X35Y72         LUT1 (Prop_lut1_I0_O)        0.124     8.565 f  design_1_i/axi_smc/inst/s00_nodes/s00_ar_node/inst/s_sc_xpm_cdc_async_rst_inst/arststages_ff[2]_i_1/O
                         net (fo=3, routed)           0.387     8.952    design_1_i/axi_smc/inst/s00_nodes/s00_ar_node/inst/s_sc_xpm_cdc_async_rst_inst/reset_pol
    SLICE_X35Y72         FDCE                                         f  design_1_i/axi_smc/inst/s00_nodes/s00_ar_node/inst/s_sc_xpm_cdc_async_rst_inst/arststages_ff_reg[2]/CLR
  -------------------------------------------------------------------    -------------------

                         (clock clk_fpga_0 rise edge)
                                                      0.000     0.000 r  
    PS7_X0Y0             PS7                          0.000     0.000 r  design_1_i/processing_system7_0/inst/PS7_i/FCLKCLK[0]
                         net (fo=1, routed)           1.088     1.088    design_1_i/processing_system7_0/inst/FCLK_CLK_unbuffered[0]
    BUFGCTRL_X0Y17       BUFG (Prop_bufg_I_O)         0.091     1.179 r  design_1_i/processing_system7_0/inst/buffer_fclk_clk_0.FCLK_CLK_0_BUFG_replica/O
                         net (fo=3, routed)           0.133     1.312    design_1_i/processing_system7_0/inst/FCLK_CLK0_repN
    BUFGCTRL_X0Y16       BUFG (Prop_bufg_I_O)         0.091     1.403 r  design_1_i/processing_system7_0/inst/buffer_fclk_clk_0.FCLK_CLK_0_BUFG/O
                         net (fo=13921, routed)       1.466     2.869    design_1_i/axi_smc/inst/s00_nodes/s00_ar_node/inst/s_sc_xpm_cdc_async_rst_inst/dest_clk
    SLICE_X35Y72         FDCE                                         r  design_1_i/axi_smc/inst/s00_nodes/s00_ar_node/inst/s_sc_xpm_cdc_async_rst_inst/arststages_ff_reg[2]/C

Slack:                    inf
  Source:                 design_1_i/axi_smc/inst/clk_map/psr_aclk/U0/ACTIVE_LOW_BSR_OUT_DFF[0].FDRE_BSR_N/C
                            (rising edge-triggered cell FDRE clocked by clk_fpga_0  {rise@0.000ns fall@5.000ns period=10.000ns})
  Destination:            design_1_i/axi_smc/inst/m01_nodes/m01_ar_node/inst/s_sc_xpm_cdc_async_rst_inst/arststages_ff_reg[0]/CLR
                            (recovery check against rising-edge clock clk_fpga_0  {rise@0.000ns fall@5.000ns period=10.000ns})
  Path Group:             (none)
  Path Type:              Recovery (Max at Slow Process Corner)
  Data Path Delay:        5.058ns  (logic 0.638ns (12.614%)  route 4.420ns (87.386%))
  Logic Levels:           1  (LUT1=1)
  Clock Path Skew:        -0.576ns (DCD - SCD + CPR)
    Destination Clock Delay (DCD):    2.871ns
    Source Clock Delay      (SCD):    3.447ns
    Clock Pessimism Removal (CPR):    0.000ns
  Clock Uncertainty:      0.154ns  ((TSJ^2 + TIJ^2)^1/2 + DJ) / 2 + PE
    Total System Jitter     (TSJ):    0.071ns
    Total Input Jitter      (TIJ):    0.300ns
    Discrete Jitter          (DJ):    0.000ns
    Phase Error              (PE):    0.000ns
  Timing Exception:       False Path

    Location             Delay type                Incr(ns)  Path(ns)    Netlist Resource(s)
  -------------------------------------------------------------------    -------------------
                         (clock clk_fpga_0 rise edge)
                                                      0.000     0.000 r  
    PS7_X0Y0             PS7                          0.000     0.000 r  design_1_i/processing_system7_0/inst/PS7_i/FCLKCLK[0]
                         net (fo=1, routed)           1.193     1.193    design_1_i/processing_system7_0/inst/FCLK_CLK_unbuffered[0]
    BUFGCTRL_X0Y17       BUFG (Prop_bufg_I_O)         0.101     1.294 r  design_1_i/processing_system7_0/inst/buffer_fclk_clk_0.FCLK_CLK_0_BUFG_replica/O
                         net (fo=3, routed)           0.146     1.440    design_1_i/processing_system7_0/inst/FCLK_CLK0_repN
    BUFGCTRL_X0Y16       BUFG (Prop_bufg_I_O)         0.101     1.541 r  design_1_i/processing_system7_0/inst/buffer_fclk_clk_0.FCLK_CLK_0_BUFG/O
                         net (fo=13921, routed)       1.906     3.447    design_1_i/axi_smc/inst/clk_map/psr_aclk/U0/aclk
    SLICE_X66Y108        FDRE                                         r  design_1_i/axi_smc/inst/clk_map/psr_aclk/U0/ACTIVE_LOW_BSR_OUT_DFF[0].FDRE_BSR_N/C
  -------------------------------------------------------------------    -------------------
    SLICE_X66Y108        FDRE (Prop_fdre_C_Q)         0.518     3.965 r  design_1_i/axi_smc/inst/clk_map/psr_aclk/U0/ACTIVE_LOW_BSR_OUT_DFF[0].FDRE_BSR_N/Q
                         net (fo=26, routed)          3.743     7.708    design_1_i/axi_smc/inst/m01_nodes/m01_ar_node/inst/s_sc_xpm_cdc_async_rst_inst/src_arst
    SLICE_X33Y66         LUT1 (Prop_lut1_I0_O)        0.120     7.828 f  design_1_i/axi_smc/inst/m01_nodes/m01_ar_node/inst/s_sc_xpm_cdc_async_rst_inst/arststages_ff[2]_i_1/O
                         net (fo=3, routed)           0.676     8.505    design_1_i/axi_smc/inst/m01_nodes/m01_ar_node/inst/s_sc_xpm_cdc_async_rst_inst/reset_pol
    SLICE_X33Y70         FDCE                                         f  design_1_i/axi_smc/inst/m01_nodes/m01_ar_node/inst/s_sc_xpm_cdc_async_rst_inst/arststages_ff_reg[0]/CLR
  -------------------------------------------------------------------    -------------------

                         (clock clk_fpga_0 rise edge)
                                                      0.000     0.000 r  
    PS7_X0Y0             PS7                          0.000     0.000 r  design_1_i/processing_system7_0/inst/PS7_i/FCLKCLK[0]
                         net (fo=1, routed)           1.088     1.088    design_1_i/processing_system7_0/inst/FCLK_CLK_unbuffered[0]
    BUFGCTRL_X0Y17       BUFG (Prop_bufg_I_O)         0.091     1.179 r  design_1_i/processing_system7_0/inst/buffer_fclk_clk_0.FCLK_CLK_0_BUFG_replica/O
                         net (fo=3, routed)           0.133     1.312    design_1_i/processing_system7_0/inst/FCLK_CLK0_repN
    BUFGCTRL_X0Y16       BUFG (Prop_bufg_I_O)         0.091     1.403 r  design_1_i/processing_system7_0/inst/buffer_fclk_clk_0.FCLK_CLK_0_BUFG/O
                         net (fo=13921, routed)       1.468     2.871    design_1_i/axi_smc/inst/m01_nodes/m01_ar_node/inst/s_sc_xpm_cdc_async_rst_inst/dest_clk
    SLICE_X33Y70         FDCE                                         r  design_1_i/axi_smc/inst/m01_nodes/m01_ar_node/inst/s_sc_xpm_cdc_async_rst_inst/arststages_ff_reg[0]/C





Min Delay Paths
--------------------------------------------------------------------------------------
Slack:                    inf
  Source:                 design_1_i/axi_smc/inst/clk_map/psr_aclk/U0/ACTIVE_LOW_BSR_OUT_DFF[0].FDRE_BSR_N/C
                            (rising edge-triggered cell FDRE clocked by clk_fpga_0  {rise@0.000ns fall@5.000ns period=10.000ns})
  Destination:            design_1_i/axi_smc/inst/m00_nodes/m00_b_node/inst/s_sc_xpm_cdc_async_rst_inst/arststages_ff_reg[0]/CLR
                            (removal check against rising-edge clock clk_fpga_0  {rise@0.000ns fall@5.000ns period=10.000ns})
  Path Group:             (none)
  Path Type:              Removal (Min at Fast Process Corner)
  Data Path Delay:        0.615ns  (logic 0.209ns (33.957%)  route 0.406ns (66.043%))
  Logic Levels:           1  (LUT1=1)
  Clock Path Skew:        0.309ns (DCD - SCD - CPR)
    Destination Clock Delay (DCD):    1.361ns
    Source Clock Delay      (SCD):    1.052ns
    Clock Pessimism Removal (CPR):    -0.000ns
  Clock Uncertainty:      0.154ns  ((TSJ^2 + TIJ^2)^1/2 + DJ) / 2 + PE
    Total System Jitter     (TSJ):    0.071ns
    Total Input Jitter      (TIJ):    0.300ns
    Discrete Jitter          (DJ):    0.000ns
    Phase Error              (PE):    0.000ns
  Timing Exception:       False Path

    Location             Delay type                Incr(ns)  Path(ns)    Netlist Resource(s)
  -------------------------------------------------------------------    -------------------
                         (clock clk_fpga_0 rise edge)
                                                      0.000     0.000 r  
    PS7_X0Y0             PS7                          0.000     0.000 r  design_1_i/processing_system7_0/inst/PS7_i/FCLKCLK[0]
                         net (fo=1, routed)           0.310     0.310    design_1_i/processing_system7_0/inst/FCLK_CLK_unbuffered[0]
    BUFGCTRL_X0Y17       BUFG (Prop_bufg_I_O)         0.026     0.336 r  design_1_i/processing_system7_0/inst/buffer_fclk_clk_0.FCLK_CLK_0_BUFG_replica/O
                         net (fo=3, routed)           0.030     0.366    design_1_i/processing_system7_0/inst/FCLK_CLK0_repN
    BUFGCTRL_X0Y16       BUFG (Prop_bufg_I_O)         0.026     0.392 r  design_1_i/processing_system7_0/inst/buffer_fclk_clk_0.FCLK_CLK_0_BUFG/O
                         net (fo=13921, routed)       0.660     1.052    design_1_i/axi_smc/inst/clk_map/psr_aclk/U0/aclk
    SLICE_X66Y108        FDRE                                         r  design_1_i/axi_smc/inst/clk_map/psr_aclk/U0/ACTIVE_LOW_BSR_OUT_DFF[0].FDRE_BSR_N/C
  -------------------------------------------------------------------    -------------------
    SLICE_X66Y108        FDRE (Prop_fdre_C_Q)         0.164     1.216 r  design_1_i/axi_smc/inst/clk_map/psr_aclk/U0/ACTIVE_LOW_BSR_OUT_DFF[0].FDRE_BSR_N/Q
                         net (fo=26, routed)          0.227     1.443    design_1_i/axi_smc/inst/m00_nodes/m00_b_node/inst/s_sc_xpm_cdc_async_rst_inst/src_arst
    SLICE_X64Y107        LUT1 (Prop_lut1_I0_O)        0.045     1.488 f  design_1_i/axi_smc/inst/m00_nodes/m00_b_node/inst/s_sc_xpm_cdc_async_rst_inst/arststages_ff[2]_i_1/O
                         net (fo=3, routed)           0.179     1.667    design_1_i/axi_smc/inst/m00_nodes/m00_b_node/inst/s_sc_xpm_cdc_async_rst_inst/reset_pol
    SLICE_X63Y107        FDCE                                         f  design_1_i/axi_smc/inst/m00_nodes/m00_b_node/inst/s_sc_xpm_cdc_async_rst_inst/arststages_ff_reg[0]/CLR
  -------------------------------------------------------------------    -------------------

                         (clock clk_fpga_0 rise edge)
                                                      0.000     0.000 r  
    PS7_X0Y0             PS7                          0.000     0.000 r  design_1_i/processing_system7_0/inst/PS7_i/FCLKCLK[0]
                         net (fo=1, routed)           0.337     0.337    design_1_i/processing_system7_0/inst/FCLK_CLK_unbuffered[0]
    BUFGCTRL_X0Y17       BUFG (Prop_bufg_I_O)         0.029     0.366 r  design_1_i/processing_system7_0/inst/buffer_fclk_clk_0.FCLK_CLK_0_BUFG_replica/O
                         net (fo=3, routed)           0.033     0.399    design_1_i/processing_system7_0/inst/FCLK_CLK0_repN
    BUFGCTRL_X0Y16       BUFG (Prop_bufg_I_O)         0.029     0.428 r  design_1_i/processing_system7_0/inst/buffer_fclk_clk_0.FCLK_CLK_0_BUFG/O
                         net (fo=13921, routed)       0.933     1.361    design_1_i/axi_smc/inst/m00_nodes/m00_b_node/inst/s_sc_xpm_cdc_async_rst_inst/dest_clk
    SLICE_X63Y107        FDCE                                         r  design_1_i/axi_smc/inst/m00_nodes/m00_b_node/inst/s_sc_xpm_cdc_async_rst_inst/arststages_ff_reg[0]/C

Slack:                    inf
  Source:                 design_1_i/axi_smc/inst/clk_map/psr_aclk/U0/ACTIVE_LOW_BSR_OUT_DFF[0].FDRE_BSR_N/C
                            (rising edge-triggered cell FDRE clocked by clk_fpga_0  {rise@0.000ns fall@5.000ns period=10.000ns})
  Destination:            design_1_i/axi_smc/inst/m00_nodes/m00_b_node/inst/s_sc_xpm_cdc_async_rst_inst/arststages_ff_reg[1]/CLR
                            (removal check against rising-edge clock clk_fpga_0  {rise@0.000ns fall@5.000ns period=10.000ns})
  Path Group:             (none)
  Path Type:              Removal (Min at Fast Process Corner)
  Data Path Delay:        0.615ns  (logic 0.209ns (33.957%)  route 0.406ns (66.043%))
  Logic Levels:           1  (LUT1=1)
  Clock Path Skew:        0.309ns (DCD - SCD - CPR)
    Destination Clock Delay (DCD):    1.361ns
    Source Clock Delay      (SCD):    1.052ns
    Clock Pessimism Removal (CPR):    -0.000ns
  Clock Uncertainty:      0.154ns  ((TSJ^2 + TIJ^2)^1/2 + DJ) / 2 + PE
    Total System Jitter     (TSJ):    0.071ns
    Total Input Jitter      (TIJ):    0.300ns
    Discrete Jitter          (DJ):    0.000ns
    Phase Error              (PE):    0.000ns
  Timing Exception:       False Path

    Location             Delay type                Incr(ns)  Path(ns)    Netlist Resource(s)
  -------------------------------------------------------------------    -------------------
                         (clock clk_fpga_0 rise edge)
                                                      0.000     0.000 r  
    PS7_X0Y0             PS7                          0.000     0.000 r  design_1_i/processing_system7_0/inst/PS7_i/FCLKCLK[0]
                         net (fo=1, routed)           0.310     0.310    design_1_i/processing_system7_0/inst/FCLK_CLK_unbuffered[0]
    BUFGCTRL_X0Y17       BUFG (Prop_bufg_I_O)         0.026     0.336 r  design_1_i/processing_system7_0/inst/buffer_fclk_clk_0.FCLK_CLK_0_BUFG_replica/O
                         net (fo=3, routed)           0.030     0.366    design_1_i/processing_system7_0/inst/FCLK_CLK0_repN
    BUFGCTRL_X0Y16       BUFG (Prop_bufg_I_O)         0.026     0.392 r  design_1_i/processing_system7_0/inst/buffer_fclk_clk_0.FCLK_CLK_0_BUFG/O
                         net (fo=13921, routed)       0.660     1.052    design_1_i/axi_smc/inst/clk_map/psr_aclk/U0/aclk
    SLICE_X66Y108        FDRE                                         r  design_1_i/axi_smc/inst/clk_map/psr_aclk/U0/ACTIVE_LOW_BSR_OUT_DFF[0].FDRE_BSR_N/C
  -------------------------------------------------------------------    -------------------
    SLICE_X66Y108        FDRE (Prop_fdre_C_Q)         0.164     1.216 r  design_1_i/axi_smc/inst/clk_map/psr_aclk/U0/ACTIVE_LOW_BSR_OUT_DFF[0].FDRE_BSR_N/Q
                         net (fo=26, routed)          0.227     1.443    design_1_i/axi_smc/inst/m00_nodes/m00_b_node/inst/s_sc_xpm_cdc_async_rst_inst/src_arst
    SLICE_X64Y107        LUT1 (Prop_lut1_I0_O)        0.045     1.488 f  design_1_i/axi_smc/inst/m00_nodes/m00_b_node/inst/s_sc_xpm_cdc_async_rst_inst/arststages_ff[2]_i_1/O
                         net (fo=3, routed)           0.179     1.667    design_1_i/axi_smc/inst/m00_nodes/m00_b_node/inst/s_sc_xpm_cdc_async_rst_inst/reset_pol
    SLICE_X63Y107        FDCE                                         f  design_1_i/axi_smc/inst/m00_nodes/m00_b_node/inst/s_sc_xpm_cdc_async_rst_inst/arststages_ff_reg[1]/CLR
  -------------------------------------------------------------------    -------------------

                         (clock clk_fpga_0 rise edge)
                                                      0.000     0.000 r  
    PS7_X0Y0             PS7                          0.000     0.000 r  design_1_i/processing_system7_0/inst/PS7_i/FCLKCLK[0]
                         net (fo=1, routed)           0.337     0.337    design_1_i/processing_system7_0/inst/FCLK_CLK_unbuffered[0]
    BUFGCTRL_X0Y17       BUFG (Prop_bufg_I_O)         0.029     0.366 r  design_1_i/processing_system7_0/inst/buffer_fclk_clk_0.FCLK_CLK_0_BUFG_replica/O
                         net (fo=3, routed)           0.033     0.399    design_1_i/processing_system7_0/inst/FCLK_CLK0_repN
    BUFGCTRL_X0Y16       BUFG (Prop_bufg_I_O)         0.029     0.428 r  design_1_i/processing_system7_0/inst/buffer_fclk_clk_0.FCLK_CLK_0_BUFG/O
                         net (fo=13921, routed)       0.933     1.361    design_1_i/axi_smc/inst/m00_nodes/m00_b_node/inst/s_sc_xpm_cdc_async_rst_inst/dest_clk
    SLICE_X63Y107        FDCE                                         r  design_1_i/axi_smc/inst/m00_nodes/m00_b_node/inst/s_sc_xpm_cdc_async_rst_inst/arststages_ff_reg[1]/C

Slack:                    inf
  Source:                 design_1_i/axi_smc/inst/clk_map/psr_aclk/U0/ACTIVE_LOW_BSR_OUT_DFF[0].FDRE_BSR_N/C
                            (rising edge-triggered cell FDRE clocked by clk_fpga_0  {rise@0.000ns fall@5.000ns period=10.000ns})
  Destination:            design_1_i/axi_smc/inst/m00_nodes/m00_b_node/inst/s_sc_xpm_cdc_async_rst_inst/arststages_ff_reg[2]/CLR
                            (removal check against rising-edge clock clk_fpga_0  {rise@0.000ns fall@5.000ns period=10.000ns})
  Path Group:             (none)
  Path Type:              Removal (Min at Fast Process Corner)
  Data Path Delay:        0.615ns  (logic 0.209ns (33.957%)  route 0.406ns (66.043%))
  Logic Levels:           1  (LUT1=1)
  Clock Path Skew:        0.309ns (DCD - SCD - CPR)
    Destination Clock Delay (DCD):    1.361ns
    Source Clock Delay      (SCD):    1.052ns
    Clock Pessimism Removal (CPR):    -0.000ns
  Clock Uncertainty:      0.154ns  ((TSJ^2 + TIJ^2)^1/2 + DJ) / 2 + PE
    Total System Jitter     (TSJ):    0.071ns
    Total Input Jitter      (TIJ):    0.300ns
    Discrete Jitter          (DJ):    0.000ns
    Phase Error              (PE):    0.000ns
  Timing Exception:       False Path

    Location             Delay type                Incr(ns)  Path(ns)    Netlist Resource(s)
  -------------------------------------------------------------------    -------------------
                         (clock clk_fpga_0 rise edge)
                                                      0.000     0.000 r  
    PS7_X0Y0             PS7                          0.000     0.000 r  design_1_i/processing_system7_0/inst/PS7_i/FCLKCLK[0]
                         net (fo=1, routed)           0.310     0.310    design_1_i/processing_system7_0/inst/FCLK_CLK_unbuffered[0]
    BUFGCTRL_X0Y17       BUFG (Prop_bufg_I_O)         0.026     0.336 r  design_1_i/processing_system7_0/inst/buffer_fclk_clk_0.FCLK_CLK_0_BUFG_replica/O
                         net (fo=3, routed)           0.030     0.366    design_1_i/processing_system7_0/inst/FCLK_CLK0_repN
    BUFGCTRL_X0Y16       BUFG (Prop_bufg_I_O)         0.026     0.392 r  design_1_i/processing_system7_0/inst/buffer_fclk_clk_0.FCLK_CLK_0_BUFG/O
                         net (fo=13921, routed)       0.660     1.052    design_1_i/axi_smc/inst/clk_map/psr_aclk/U0/aclk
    SLICE_X66Y108        FDRE                                         r  design_1_i/axi_smc/inst/clk_map/psr_aclk/U0/ACTIVE_LOW_BSR_OUT_DFF[0].FDRE_BSR_N/C
  -------------------------------------------------------------------    -------------------
    SLICE_X66Y108        FDRE (Prop_fdre_C_Q)         0.164     1.216 r  design_1_i/axi_smc/inst/clk_map/psr_aclk/U0/ACTIVE_LOW_BSR_OUT_DFF[0].FDRE_BSR_N/Q
                         net (fo=26, routed)          0.227     1.443    design_1_i/axi_smc/inst/m00_nodes/m00_b_node/inst/s_sc_xpm_cdc_async_rst_inst/src_arst
    SLICE_X64Y107        LUT1 (Prop_lut1_I0_O)        0.045     1.488 f  design_1_i/axi_smc/inst/m00_nodes/m00_b_node/inst/s_sc_xpm_cdc_async_rst_inst/arststages_ff[2]_i_1/O
                         net (fo=3, routed)           0.179     1.667    design_1_i/axi_smc/inst/m00_nodes/m00_b_node/inst/s_sc_xpm_cdc_async_rst_inst/reset_pol
    SLICE_X63Y107        FDCE                                         f  design_1_i/axi_smc/inst/m00_nodes/m00_b_node/inst/s_sc_xpm_cdc_async_rst_inst/arststages_ff_reg[2]/CLR
  -------------------------------------------------------------------    -------------------

                         (clock clk_fpga_0 rise edge)
                                                      0.000     0.000 r  
    PS7_X0Y0             PS7                          0.000     0.000 r  design_1_i/processing_system7_0/inst/PS7_i/FCLKCLK[0]
                         net (fo=1, routed)           0.337     0.337    design_1_i/processing_system7_0/inst/FCLK_CLK_unbuffered[0]
    BUFGCTRL_X0Y17       BUFG (Prop_bufg_I_O)         0.029     0.366 r  design_1_i/processing_system7_0/inst/buffer_fclk_clk_0.FCLK_CLK_0_BUFG_replica/O
                         net (fo=3, routed)           0.033     0.399    design_1_i/processing_system7_0/inst/FCLK_CLK0_repN
    BUFGCTRL_X0Y16       BUFG (Prop_bufg_I_O)         0.029     0.428 r  design_1_i/processing_system7_0/inst/buffer_fclk_clk_0.FCLK_CLK_0_BUFG/O
                         net (fo=13921, routed)       0.933     1.361    design_1_i/axi_smc/inst/m00_nodes/m00_b_node/inst/s_sc_xpm_cdc_async_rst_inst/dest_clk
    SLICE_X63Y107        FDCE                                         r  design_1_i/axi_smc/inst/m00_nodes/m00_b_node/inst/s_sc_xpm_cdc_async_rst_inst/arststages_ff_reg[2]/C

Slack:                    inf
  Source:                 design_1_i/axi_smc/inst/clk_map/psr_aclk/U0/ACTIVE_LOW_BSR_OUT_DFF[0].FDRE_BSR_N/C
                            (rising edge-triggered cell FDRE clocked by clk_fpga_0  {rise@0.000ns fall@5.000ns period=10.000ns})
  Destination:            design_1_i/axi_smc/inst/m01_nodes/m01_b_node/inst/s_sc_xpm_cdc_async_rst_inst/arststages_ff_reg[0]/CLR
                            (removal check against rising-edge clock clk_fpga_0  {rise@0.000ns fall@5.000ns period=10.000ns})
  Path Group:             (none)
  Path Type:              Removal (Min at Fast Process Corner)
  Data Path Delay:        0.669ns  (logic 0.206ns (30.777%)  route 0.463ns (69.223%))
  Logic Levels:           1  (LUT1=1)
  Clock Path Skew:        0.309ns (DCD - SCD - CPR)
    Destination Clock Delay (DCD):    1.361ns
    Source Clock Delay      (SCD):    1.052ns
    Clock Pessimism Removal (CPR):    -0.000ns
  Clock Uncertainty:      0.154ns  ((TSJ^2 + TIJ^2)^1/2 + DJ) / 2 + PE
    Total System Jitter     (TSJ):    0.071ns
    Total Input Jitter      (TIJ):    0.300ns
    Discrete Jitter          (DJ):    0.000ns
    Phase Error              (PE):    0.000ns
  Timing Exception:       False Path

    Location             Delay type                Incr(ns)  Path(ns)    Netlist Resource(s)
  -------------------------------------------------------------------    -------------------
                         (clock clk_fpga_0 rise edge)
                                                      0.000     0.000 r  
    PS7_X0Y0             PS7                          0.000     0.000 r  design_1_i/processing_system7_0/inst/PS7_i/FCLKCLK[0]
                         net (fo=1, routed)           0.310     0.310    design_1_i/processing_system7_0/inst/FCLK_CLK_unbuffered[0]
    BUFGCTRL_X0Y17       BUFG (Prop_bufg_I_O)         0.026     0.336 r  design_1_i/processing_system7_0/inst/buffer_fclk_clk_0.FCLK_CLK_0_BUFG_replica/O
                         net (fo=3, routed)           0.030     0.366    design_1_i/processing_system7_0/inst/FCLK_CLK0_repN
    BUFGCTRL_X0Y16       BUFG (Prop_bufg_I_O)         0.026     0.392 r  design_1_i/processing_system7_0/inst/buffer_fclk_clk_0.FCLK_CLK_0_BUFG/O
                         net (fo=13921, routed)       0.660     1.052    design_1_i/axi_smc/inst/clk_map/psr_aclk/U0/aclk
    SLICE_X66Y108        FDRE                                         r  design_1_i/axi_smc/inst/clk_map/psr_aclk/U0/ACTIVE_LOW_BSR_OUT_DFF[0].FDRE_BSR_N/C
  -------------------------------------------------------------------    -------------------
    SLICE_X66Y108        FDRE (Prop_fdre_C_Q)         0.164     1.216 r  design_1_i/axi_smc/inst/clk_map/psr_aclk/U0/ACTIVE_LOW_BSR_OUT_DFF[0].FDRE_BSR_N/Q
                         net (fo=26, routed)          0.227     1.443    design_1_i/axi_smc/inst/m01_nodes/m01_b_node/inst/s_sc_xpm_cdc_async_rst_inst/src_arst
    SLICE_X64Y107        LUT1 (Prop_lut1_I0_O)        0.042     1.485 f  design_1_i/axi_smc/inst/m01_nodes/m01_b_node/inst/s_sc_xpm_cdc_async_rst_inst/arststages_ff[2]_i_1/O
                         net (fo=3, routed)           0.236     1.721    design_1_i/axi_smc/inst/m01_nodes/m01_b_node/inst/s_sc_xpm_cdc_async_rst_inst/reset_pol
    SLICE_X64Y107        FDCE                                         f  design_1_i/axi_smc/inst/m01_nodes/m01_b_node/inst/s_sc_xpm_cdc_async_rst_inst/arststages_ff_reg[0]/CLR
  -------------------------------------------------------------------    -------------------

                         (clock clk_fpga_0 rise edge)
                                                      0.000     0.000 r  
    PS7_X0Y0             PS7                          0.000     0.000 r  design_1_i/processing_system7_0/inst/PS7_i/FCLKCLK[0]
                         net (fo=1, routed)           0.337     0.337    design_1_i/processing_system7_0/inst/FCLK_CLK_unbuffered[0]
    BUFGCTRL_X0Y17       BUFG (Prop_bufg_I_O)         0.029     0.366 r  design_1_i/processing_system7_0/inst/buffer_fclk_clk_0.FCLK_CLK_0_BUFG_replica/O
                         net (fo=3, routed)           0.033     0.399    design_1_i/processing_system7_0/inst/FCLK_CLK0_repN
    BUFGCTRL_X0Y16       BUFG (Prop_bufg_I_O)         0.029     0.428 r  design_1_i/processing_system7_0/inst/buffer_fclk_clk_0.FCLK_CLK_0_BUFG/O
                         net (fo=13921, routed)       0.933     1.361    design_1_i/axi_smc/inst/m01_nodes/m01_b_node/inst/s_sc_xpm_cdc_async_rst_inst/dest_clk
    SLICE_X64Y107        FDCE                                         r  design_1_i/axi_smc/inst/m01_nodes/m01_b_node/inst/s_sc_xpm_cdc_async_rst_inst/arststages_ff_reg[0]/C

Slack:                    inf
  Source:                 design_1_i/axi_smc/inst/clk_map/psr_aclk/U0/ACTIVE_LOW_BSR_OUT_DFF[0].FDRE_BSR_N/C
                            (rising edge-triggered cell FDRE clocked by clk_fpga_0  {rise@0.000ns fall@5.000ns period=10.000ns})
  Destination:            design_1_i/axi_smc/inst/m01_nodes/m01_b_node/inst/s_sc_xpm_cdc_async_rst_inst/arststages_ff_reg[1]/CLR
                            (removal check against rising-edge clock clk_fpga_0  {rise@0.000ns fall@5.000ns period=10.000ns})
  Path Group:             (none)
  Path Type:              Removal (Min at Fast Process Corner)
  Data Path Delay:        0.669ns  (logic 0.206ns (30.777%)  route 0.463ns (69.223%))
  Logic Levels:           1  (LUT1=1)
  Clock Path Skew:        0.309ns (DCD - SCD - CPR)
    Destination Clock Delay (DCD):    1.361ns
    Source Clock Delay      (SCD):    1.052ns
    Clock Pessimism Removal (CPR):    -0.000ns
  Clock Uncertainty:      0.154ns  ((TSJ^2 + TIJ^2)^1/2 + DJ) / 2 + PE
    Total System Jitter     (TSJ):    0.071ns
    Total Input Jitter      (TIJ):    0.300ns
    Discrete Jitter          (DJ):    0.000ns
    Phase Error              (PE):    0.000ns
  Timing Exception:       False Path

    Location             Delay type                Incr(ns)  Path(ns)    Netlist Resource(s)
  -------------------------------------------------------------------    -------------------
                         (clock clk_fpga_0 rise edge)
                                                      0.000     0.000 r  
    PS7_X0Y0             PS7                          0.000     0.000 r  design_1_i/processing_system7_0/inst/PS7_i/FCLKCLK[0]
                         net (fo=1, routed)           0.310     0.310    design_1_i/processing_system7_0/inst/FCLK_CLK_unbuffered[0]
    BUFGCTRL_X0Y17       BUFG (Prop_bufg_I_O)         0.026     0.336 r  design_1_i/processing_system7_0/inst/buffer_fclk_clk_0.FCLK_CLK_0_BUFG_replica/O
                         net (fo=3, routed)           0.030     0.366    design_1_i/processing_system7_0/inst/FCLK_CLK0_repN
    BUFGCTRL_X0Y16       BUFG (Prop_bufg_I_O)         0.026     0.392 r  design_1_i/processing_system7_0/inst/buffer_fclk_clk_0.FCLK_CLK_0_BUFG/O
                         net (fo=13921, routed)       0.660     1.052    design_1_i/axi_smc/inst/clk_map/psr_aclk/U0/aclk
    SLICE_X66Y108        FDRE                                         r  design_1_i/axi_smc/inst/clk_map/psr_aclk/U0/ACTIVE_LOW_BSR_OUT_DFF[0].FDRE_BSR_N/C
  -------------------------------------------------------------------    -------------------
    SLICE_X66Y108        FDRE (Prop_fdre_C_Q)         0.164     1.216 r  design_1_i/axi_smc/inst/clk_map/psr_aclk/U0/ACTIVE_LOW_BSR_OUT_DFF[0].FDRE_BSR_N/Q
                         net (fo=26, routed)          0.227     1.443    design_1_i/axi_smc/inst/m01_nodes/m01_b_node/inst/s_sc_xpm_cdc_async_rst_inst/src_arst
    SLICE_X64Y107        LUT1 (Prop_lut1_I0_O)        0.042     1.485 f  design_1_i/axi_smc/inst/m01_nodes/m01_b_node/inst/s_sc_xpm_cdc_async_rst_inst/arststages_ff[2]_i_1/O
                         net (fo=3, routed)           0.236     1.721    design_1_i/axi_smc/inst/m01_nodes/m01_b_node/inst/s_sc_xpm_cdc_async_rst_inst/reset_pol
    SLICE_X64Y107        FDCE                                         f  design_1_i/axi_smc/inst/m01_nodes/m01_b_node/inst/s_sc_xpm_cdc_async_rst_inst/arststages_ff_reg[1]/CLR
  -------------------------------------------------------------------    -------------------

                         (clock clk_fpga_0 rise edge)
                                                      0.000     0.000 r  
    PS7_X0Y0             PS7                          0.000     0.000 r  design_1_i/processing_system7_0/inst/PS7_i/FCLKCLK[0]
                         net (fo=1, routed)           0.337     0.337    design_1_i/processing_system7_0/inst/FCLK_CLK_unbuffered[0]
    BUFGCTRL_X0Y17       BUFG (Prop_bufg_I_O)         0.029     0.366 r  design_1_i/processing_system7_0/inst/buffer_fclk_clk_0.FCLK_CLK_0_BUFG_replica/O
                         net (fo=3, routed)           0.033     0.399    design_1_i/processing_system7_0/inst/FCLK_CLK0_repN
    BUFGCTRL_X0Y16       BUFG (Prop_bufg_I_O)         0.029     0.428 r  design_1_i/processing_system7_0/inst/buffer_fclk_clk_0.FCLK_CLK_0_BUFG/O
                         net (fo=13921, routed)       0.933     1.361    design_1_i/axi_smc/inst/m01_nodes/m01_b_node/inst/s_sc_xpm_cdc_async_rst_inst/dest_clk
    SLICE_X64Y107        FDCE                                         r  design_1_i/axi_smc/inst/m01_nodes/m01_b_node/inst/s_sc_xpm_cdc_async_rst_inst/arststages_ff_reg[1]/C

Slack:                    inf
  Source:                 design_1_i/axi_smc/inst/clk_map/psr_aclk/U0/ACTIVE_LOW_BSR_OUT_DFF[0].FDRE_BSR_N/C
                            (rising edge-triggered cell FDRE clocked by clk_fpga_0  {rise@0.000ns fall@5.000ns period=10.000ns})
  Destination:            design_1_i/axi_smc/inst/m01_nodes/m01_b_node/inst/s_sc_xpm_cdc_async_rst_inst/arststages_ff_reg[2]/CLR
                            (removal check against rising-edge clock clk_fpga_0  {rise@0.000ns fall@5.000ns period=10.000ns})
  Path Group:             (none)
  Path Type:              Removal (Min at Fast Process Corner)
  Data Path Delay:        0.669ns  (logic 0.206ns (30.777%)  route 0.463ns (69.223%))
  Logic Levels:           1  (LUT1=1)
  Clock Path Skew:        0.309ns (DCD - SCD - CPR)
    Destination Clock Delay (DCD):    1.361ns
    Source Clock Delay      (SCD):    1.052ns
    Clock Pessimism Removal (CPR):    -0.000ns
  Clock Uncertainty:      0.154ns  ((TSJ^2 + TIJ^2)^1/2 + DJ) / 2 + PE
    Total System Jitter     (TSJ):    0.071ns
    Total Input Jitter      (TIJ):    0.300ns
    Discrete Jitter          (DJ):    0.000ns
    Phase Error              (PE):    0.000ns
  Timing Exception:       False Path

    Location             Delay type                Incr(ns)  Path(ns)    Netlist Resource(s)
  -------------------------------------------------------------------    -------------------
                         (clock clk_fpga_0 rise edge)
                                                      0.000     0.000 r  
    PS7_X0Y0             PS7                          0.000     0.000 r  design_1_i/processing_system7_0/inst/PS7_i/FCLKCLK[0]
                         net (fo=1, routed)           0.310     0.310    design_1_i/processing_system7_0/inst/FCLK_CLK_unbuffered[0]
    BUFGCTRL_X0Y17       BUFG (Prop_bufg_I_O)         0.026     0.336 r  design_1_i/processing_system7_0/inst/buffer_fclk_clk_0.FCLK_CLK_0_BUFG_replica/O
                         net (fo=3, routed)           0.030     0.366    design_1_i/processing_system7_0/inst/FCLK_CLK0_repN
    BUFGCTRL_X0Y16       BUFG (Prop_bufg_I_O)         0.026     0.392 r  design_1_i/processing_system7_0/inst/buffer_fclk_clk_0.FCLK_CLK_0_BUFG/O
                         net (fo=13921, routed)       0.660     1.052    design_1_i/axi_smc/inst/clk_map/psr_aclk/U0/aclk
    SLICE_X66Y108        FDRE                                         r  design_1_i/axi_smc/inst/clk_map/psr_aclk/U0/ACTIVE_LOW_BSR_OUT_DFF[0].FDRE_BSR_N/C
  -------------------------------------------------------------------    -------------------
    SLICE_X66Y108        FDRE (Prop_fdre_C_Q)         0.164     1.216 r  design_1_i/axi_smc/inst/clk_map/psr_aclk/U0/ACTIVE_LOW_BSR_OUT_DFF[0].FDRE_BSR_N/Q
                         net (fo=26, routed)          0.227     1.443    design_1_i/axi_smc/inst/m01_nodes/m01_b_node/inst/s_sc_xpm_cdc_async_rst_inst/src_arst
    SLICE_X64Y107        LUT1 (Prop_lut1_I0_O)        0.042     1.485 f  design_1_i/axi_smc/inst/m01_nodes/m01_b_node/inst/s_sc_xpm_cdc_async_rst_inst/arststages_ff[2]_i_1/O
                         net (fo=3, routed)           0.236     1.721    design_1_i/axi_smc/inst/m01_nodes/m01_b_node/inst/s_sc_xpm_cdc_async_rst_inst/reset_pol
    SLICE_X64Y107        FDCE                                         f  design_1_i/axi_smc/inst/m01_nodes/m01_b_node/inst/s_sc_xpm_cdc_async_rst_inst/arststages_ff_reg[2]/CLR
  -------------------------------------------------------------------    -------------------

                         (clock clk_fpga_0 rise edge)
                                                      0.000     0.000 r  
    PS7_X0Y0             PS7                          0.000     0.000 r  design_1_i/processing_system7_0/inst/PS7_i/FCLKCLK[0]
                         net (fo=1, routed)           0.337     0.337    design_1_i/processing_system7_0/inst/FCLK_CLK_unbuffered[0]
    BUFGCTRL_X0Y17       BUFG (Prop_bufg_I_O)         0.029     0.366 r  design_1_i/processing_system7_0/inst/buffer_fclk_clk_0.FCLK_CLK_0_BUFG_replica/O
                         net (fo=3, routed)           0.033     0.399    design_1_i/processing_system7_0/inst/FCLK_CLK0_repN
    BUFGCTRL_X0Y16       BUFG (Prop_bufg_I_O)         0.029     0.428 r  design_1_i/processing_system7_0/inst/buffer_fclk_clk_0.FCLK_CLK_0_BUFG/O
                         net (fo=13921, routed)       0.933     1.361    design_1_i/axi_smc/inst/m01_nodes/m01_b_node/inst/s_sc_xpm_cdc_async_rst_inst/dest_clk
    SLICE_X64Y107        FDCE                                         r  design_1_i/axi_smc/inst/m01_nodes/m01_b_node/inst/s_sc_xpm_cdc_async_rst_inst/arststages_ff_reg[2]/C

Slack:                    inf
  Source:                 design_1_i/axi_smc/inst/clk_map/psr_aclk/U0/ACTIVE_LOW_BSR_OUT_DFF[0].FDRE_BSR_N/C
                            (rising edge-triggered cell FDRE clocked by clk_fpga_0  {rise@0.000ns fall@5.000ns period=10.000ns})
  Destination:            design_1_i/axi_smc/inst/m00_exit_pipeline/m00_exit/inst/xpm_cdc_async_rst_inst/arststages_ff_reg[0]/CLR
                            (removal check against rising-edge clock clk_fpga_0  {rise@0.000ns fall@5.000ns period=10.000ns})
  Path Group:             (none)
  Path Type:              Removal (Min at Fast Process Corner)
  Data Path Delay:        0.735ns  (logic 0.209ns (28.443%)  route 0.526ns (71.557%))
  Logic Levels:           1  (LUT1=1)
  Clock Path Skew:        0.225ns (DCD - SCD - CPR)
    Destination Clock Delay (DCD):    1.277ns
    Source Clock Delay      (SCD):    1.052ns
    Clock Pessimism Removal (CPR):    -0.000ns
  Clock Uncertainty:      0.154ns  ((TSJ^2 + TIJ^2)^1/2 + DJ) / 2 + PE
    Total System Jitter     (TSJ):    0.071ns
    Total Input Jitter      (TIJ):    0.300ns
    Discrete Jitter          (DJ):    0.000ns
    Phase Error              (PE):    0.000ns
  Timing Exception:       False Path

    Location             Delay type                Incr(ns)  Path(ns)    Netlist Resource(s)
  -------------------------------------------------------------------    -------------------
                         (clock clk_fpga_0 rise edge)
                                                      0.000     0.000 r  
    PS7_X0Y0             PS7                          0.000     0.000 r  design_1_i/processing_system7_0/inst/PS7_i/FCLKCLK[0]
                         net (fo=1, routed)           0.310     0.310    design_1_i/processing_system7_0/inst/FCLK_CLK_unbuffered[0]
    BUFGCTRL_X0Y17       BUFG (Prop_bufg_I_O)         0.026     0.336 r  design_1_i/processing_system7_0/inst/buffer_fclk_clk_0.FCLK_CLK_0_BUFG_replica/O
                         net (fo=3, routed)           0.030     0.366    design_1_i/processing_system7_0/inst/FCLK_CLK0_repN
    BUFGCTRL_X0Y16       BUFG (Prop_bufg_I_O)         0.026     0.392 r  design_1_i/processing_system7_0/inst/buffer_fclk_clk_0.FCLK_CLK_0_BUFG/O
                         net (fo=13921, routed)       0.660     1.052    design_1_i/axi_smc/inst/clk_map/psr_aclk/U0/aclk
    SLICE_X66Y108        FDRE                                         r  design_1_i/axi_smc/inst/clk_map/psr_aclk/U0/ACTIVE_LOW_BSR_OUT_DFF[0].FDRE_BSR_N/C
  -------------------------------------------------------------------    -------------------
    SLICE_X66Y108        FDRE (Prop_fdre_C_Q)         0.164     1.216 r  design_1_i/axi_smc/inst/clk_map/psr_aclk/U0/ACTIVE_LOW_BSR_OUT_DFF[0].FDRE_BSR_N/Q
                         net (fo=26, routed)          0.366     1.582    design_1_i/axi_smc/inst/m00_exit_pipeline/m00_exit/inst/xpm_cdc_async_rst_inst/src_arst
    SLICE_X65Y99         LUT1 (Prop_lut1_I0_O)        0.045     1.627 f  design_1_i/axi_smc/inst/m00_exit_pipeline/m00_exit/inst/xpm_cdc_async_rst_inst/arststages_ff[2]_i_1/O
                         net (fo=3, routed)           0.160     1.787    design_1_i/axi_smc/inst/m00_exit_pipeline/m00_exit/inst/xpm_cdc_async_rst_inst/reset_pol
    SLICE_X66Y99         FDCE                                         f  design_1_i/axi_smc/inst/m00_exit_pipeline/m00_exit/inst/xpm_cdc_async_rst_inst/arststages_ff_reg[0]/CLR
  -------------------------------------------------------------------    -------------------

                         (clock clk_fpga_0 rise edge)
                                                      0.000     0.000 r  
    PS7_X0Y0             PS7                          0.000     0.000 r  design_1_i/processing_system7_0/inst/PS7_i/FCLKCLK[0]
                         net (fo=1, routed)           0.337     0.337    design_1_i/processing_system7_0/inst/FCLK_CLK_unbuffered[0]
    BUFGCTRL_X0Y17       BUFG (Prop_bufg_I_O)         0.029     0.366 r  design_1_i/processing_system7_0/inst/buffer_fclk_clk_0.FCLK_CLK_0_BUFG_replica/O
                         net (fo=3, routed)           0.033     0.399    design_1_i/processing_system7_0/inst/FCLK_CLK0_repN
    BUFGCTRL_X0Y16       BUFG (Prop_bufg_I_O)         0.029     0.428 r  design_1_i/processing_system7_0/inst/buffer_fclk_clk_0.FCLK_CLK_0_BUFG/O
                         net (fo=13921, routed)       0.849     1.277    design_1_i/axi_smc/inst/m00_exit_pipeline/m00_exit/inst/xpm_cdc_async_rst_inst/dest_clk
    SLICE_X66Y99         FDCE                                         r  design_1_i/axi_smc/inst/m00_exit_pipeline/m00_exit/inst/xpm_cdc_async_rst_inst/arststages_ff_reg[0]/C

Slack:                    inf
  Source:                 design_1_i/axi_smc/inst/clk_map/psr_aclk/U0/ACTIVE_LOW_BSR_OUT_DFF[0].FDRE_BSR_N/C
                            (rising edge-triggered cell FDRE clocked by clk_fpga_0  {rise@0.000ns fall@5.000ns period=10.000ns})
  Destination:            design_1_i/axi_smc/inst/m00_exit_pipeline/m00_exit/inst/xpm_cdc_async_rst_inst/arststages_ff_reg[1]/CLR
                            (removal check against rising-edge clock clk_fpga_0  {rise@0.000ns fall@5.000ns period=10.000ns})
  Path Group:             (none)
  Path Type:              Removal (Min at Fast Process Corner)
  Data Path Delay:        0.735ns  (logic 0.209ns (28.443%)  route 0.526ns (71.557%))
  Logic Levels:           1  (LUT1=1)
  Clock Path Skew:        0.225ns (DCD - SCD - CPR)
    Destination Clock Delay (DCD):    1.277ns
    Source Clock Delay      (SCD):    1.052ns
    Clock Pessimism Removal (CPR):    -0.000ns
  Clock Uncertainty:      0.154ns  ((TSJ^2 + TIJ^2)^1/2 + DJ) / 2 + PE
    Total System Jitter     (TSJ):    0.071ns
    Total Input Jitter      (TIJ):    0.300ns
    Discrete Jitter          (DJ):    0.000ns
    Phase Error              (PE):    0.000ns
  Timing Exception:       False Path

    Location             Delay type                Incr(ns)  Path(ns)    Netlist Resource(s)
  -------------------------------------------------------------------    -------------------
                         (clock clk_fpga_0 rise edge)
                                                      0.000     0.000 r  
    PS7_X0Y0             PS7                          0.000     0.000 r  design_1_i/processing_system7_0/inst/PS7_i/FCLKCLK[0]
                         net (fo=1, routed)           0.310     0.310    design_1_i/processing_system7_0/inst/FCLK_CLK_unbuffered[0]
    BUFGCTRL_X0Y17       BUFG (Prop_bufg_I_O)         0.026     0.336 r  design_1_i/processing_system7_0/inst/buffer_fclk_clk_0.FCLK_CLK_0_BUFG_replica/O
                         net (fo=3, routed)           0.030     0.366    design_1_i/processing_system7_0/inst/FCLK_CLK0_repN
    BUFGCTRL_X0Y16       BUFG (Prop_bufg_I_O)         0.026     0.392 r  design_1_i/processing_system7_0/inst/buffer_fclk_clk_0.FCLK_CLK_0_BUFG/O
                         net (fo=13921, routed)       0.660     1.052    design_1_i/axi_smc/inst/clk_map/psr_aclk/U0/aclk
    SLICE_X66Y108        FDRE                                         r  design_1_i/axi_smc/inst/clk_map/psr_aclk/U0/ACTIVE_LOW_BSR_OUT_DFF[0].FDRE_BSR_N/C
  -------------------------------------------------------------------    -------------------
    SLICE_X66Y108        FDRE (Prop_fdre_C_Q)         0.164     1.216 r  design_1_i/axi_smc/inst/clk_map/psr_aclk/U0/ACTIVE_LOW_BSR_OUT_DFF[0].FDRE_BSR_N/Q
                         net (fo=26, routed)          0.366     1.582    design_1_i/axi_smc/inst/m00_exit_pipeline/m00_exit/inst/xpm_cdc_async_rst_inst/src_arst
    SLICE_X65Y99         LUT1 (Prop_lut1_I0_O)        0.045     1.627 f  design_1_i/axi_smc/inst/m00_exit_pipeline/m00_exit/inst/xpm_cdc_async_rst_inst/arststages_ff[2]_i_1/O
                         net (fo=3, routed)           0.160     1.787    design_1_i/axi_smc/inst/m00_exit_pipeline/m00_exit/inst/xpm_cdc_async_rst_inst/reset_pol
    SLICE_X66Y99         FDCE                                         f  design_1_i/axi_smc/inst/m00_exit_pipeline/m00_exit/inst/xpm_cdc_async_rst_inst/arststages_ff_reg[1]/CLR
  -------------------------------------------------------------------    -------------------

                         (clock clk_fpga_0 rise edge)
                                                      0.000     0.000 r  
    PS7_X0Y0             PS7                          0.000     0.000 r  design_1_i/processing_system7_0/inst/PS7_i/FCLKCLK[0]
                         net (fo=1, routed)           0.337     0.337    design_1_i/processing_system7_0/inst/FCLK_CLK_unbuffered[0]
    BUFGCTRL_X0Y17       BUFG (Prop_bufg_I_O)         0.029     0.366 r  design_1_i/processing_system7_0/inst/buffer_fclk_clk_0.FCLK_CLK_0_BUFG_replica/O
                         net (fo=3, routed)           0.033     0.399    design_1_i/processing_system7_0/inst/FCLK_CLK0_repN
    BUFGCTRL_X0Y16       BUFG (Prop_bufg_I_O)         0.029     0.428 r  design_1_i/processing_system7_0/inst/buffer_fclk_clk_0.FCLK_CLK_0_BUFG/O
                         net (fo=13921, routed)       0.849     1.277    design_1_i/axi_smc/inst/m00_exit_pipeline/m00_exit/inst/xpm_cdc_async_rst_inst/dest_clk
    SLICE_X66Y99         FDCE                                         r  design_1_i/axi_smc/inst/m00_exit_pipeline/m00_exit/inst/xpm_cdc_async_rst_inst/arststages_ff_reg[1]/C

Slack:                    inf
  Source:                 design_1_i/axi_smc/inst/clk_map/psr_aclk/U0/ACTIVE_LOW_BSR_OUT_DFF[0].FDRE_BSR_N/C
                            (rising edge-triggered cell FDRE clocked by clk_fpga_0  {rise@0.000ns fall@5.000ns period=10.000ns})
  Destination:            design_1_i/axi_smc/inst/m00_exit_pipeline/m00_exit/inst/xpm_cdc_async_rst_inst/arststages_ff_reg[2]/CLR
                            (removal check against rising-edge clock clk_fpga_0  {rise@0.000ns fall@5.000ns period=10.000ns})
  Path Group:             (none)
  Path Type:              Removal (Min at Fast Process Corner)
  Data Path Delay:        0.735ns  (logic 0.209ns (28.443%)  route 0.526ns (71.557%))
  Logic Levels:           1  (LUT1=1)
  Clock Path Skew:        0.225ns (DCD - SCD - CPR)
    Destination Clock Delay (DCD):    1.277ns
    Source Clock Delay      (SCD):    1.052ns
    Clock Pessimism Removal (CPR):    -0.000ns
  Clock Uncertainty:      0.154ns  ((TSJ^2 + TIJ^2)^1/2 + DJ) / 2 + PE
    Total System Jitter     (TSJ):    0.071ns
    Total Input Jitter      (TIJ):    0.300ns
    Discrete Jitter          (DJ):    0.000ns
    Phase Error              (PE):    0.000ns
  Timing Exception:       False Path

    Location             Delay type                Incr(ns)  Path(ns)    Netlist Resource(s)
  -------------------------------------------------------------------    -------------------
                         (clock clk_fpga_0 rise edge)
                                                      0.000     0.000 r  
    PS7_X0Y0             PS7                          0.000     0.000 r  design_1_i/processing_system7_0/inst/PS7_i/FCLKCLK[0]
                         net (fo=1, routed)           0.310     0.310    design_1_i/processing_system7_0/inst/FCLK_CLK_unbuffered[0]
    BUFGCTRL_X0Y17       BUFG (Prop_bufg_I_O)         0.026     0.336 r  design_1_i/processing_system7_0/inst/buffer_fclk_clk_0.FCLK_CLK_0_BUFG_replica/O
                         net (fo=3, routed)           0.030     0.366    design_1_i/processing_system7_0/inst/FCLK_CLK0_repN
    BUFGCTRL_X0Y16       BUFG (Prop_bufg_I_O)         0.026     0.392 r  design_1_i/processing_system7_0/inst/buffer_fclk_clk_0.FCLK_CLK_0_BUFG/O
                         net (fo=13921, routed)       0.660     1.052    design_1_i/axi_smc/inst/clk_map/psr_aclk/U0/aclk
    SLICE_X66Y108        FDRE                                         r  design_1_i/axi_smc/inst/clk_map/psr_aclk/U0/ACTIVE_LOW_BSR_OUT_DFF[0].FDRE_BSR_N/C
  -------------------------------------------------------------------    -------------------
    SLICE_X66Y108        FDRE (Prop_fdre_C_Q)         0.164     1.216 r  design_1_i/axi_smc/inst/clk_map/psr_aclk/U0/ACTIVE_LOW_BSR_OUT_DFF[0].FDRE_BSR_N/Q
                         net (fo=26, routed)          0.366     1.582    design_1_i/axi_smc/inst/m00_exit_pipeline/m00_exit/inst/xpm_cdc_async_rst_inst/src_arst
    SLICE_X65Y99         LUT1 (Prop_lut1_I0_O)        0.045     1.627 f  design_1_i/axi_smc/inst/m00_exit_pipeline/m00_exit/inst/xpm_cdc_async_rst_inst/arststages_ff[2]_i_1/O
                         net (fo=3, routed)           0.160     1.787    design_1_i/axi_smc/inst/m00_exit_pipeline/m00_exit/inst/xpm_cdc_async_rst_inst/reset_pol
    SLICE_X66Y99         FDCE                                         f  design_1_i/axi_smc/inst/m00_exit_pipeline/m00_exit/inst/xpm_cdc_async_rst_inst/arststages_ff_reg[2]/CLR
  -------------------------------------------------------------------    -------------------

                         (clock clk_fpga_0 rise edge)
                                                      0.000     0.000 r  
    PS7_X0Y0             PS7                          0.000     0.000 r  design_1_i/processing_system7_0/inst/PS7_i/FCLKCLK[0]
                         net (fo=1, routed)           0.337     0.337    design_1_i/processing_system7_0/inst/FCLK_CLK_unbuffered[0]
    BUFGCTRL_X0Y17       BUFG (Prop_bufg_I_O)         0.029     0.366 r  design_1_i/processing_system7_0/inst/buffer_fclk_clk_0.FCLK_CLK_0_BUFG_replica/O
                         net (fo=3, routed)           0.033     0.399    design_1_i/processing_system7_0/inst/FCLK_CLK0_repN
    BUFGCTRL_X0Y16       BUFG (Prop_bufg_I_O)         0.029     0.428 r  design_1_i/processing_system7_0/inst/buffer_fclk_clk_0.FCLK_CLK_0_BUFG/O
                         net (fo=13921, routed)       0.849     1.277    design_1_i/axi_smc/inst/m00_exit_pipeline/m00_exit/inst/xpm_cdc_async_rst_inst/dest_clk
    SLICE_X66Y99         FDCE                                         r  design_1_i/axi_smc/inst/m00_exit_pipeline/m00_exit/inst/xpm_cdc_async_rst_inst/arststages_ff_reg[2]/C

Slack:                    inf
  Source:                 design_1_i/axi_smc/inst/clk_map/psr_aclk/U0/ACTIVE_LOW_BSR_OUT_DFF[0].FDRE_BSR_N/C
                            (rising edge-triggered cell FDRE clocked by clk_fpga_0  {rise@0.000ns fall@5.000ns period=10.000ns})
  Destination:            design_1_i/axi_smc/inst/m00_nodes/m00_aw_node/inst/s_sc_xpm_cdc_async_rst_inst/arststages_ff_reg[0]/CLR
                            (removal check against rising-edge clock clk_fpga_0  {rise@0.000ns fall@5.000ns period=10.000ns})
  Path Group:             (none)
  Path Type:              Removal (Min at Fast Process Corner)
  Data Path Delay:        0.752ns  (logic 0.209ns (27.803%)  route 0.543ns (72.197%))
  Logic Levels:           1  (LUT1=1)
  Clock Path Skew:        0.225ns (DCD - SCD - CPR)
    Destination Clock Delay (DCD):    1.277ns
    Source Clock Delay      (SCD):    1.052ns
    Clock Pessimism Removal (CPR):    -0.000ns
  Clock Uncertainty:      0.154ns  ((TSJ^2 + TIJ^2)^1/2 + DJ) / 2 + PE
    Total System Jitter     (TSJ):    0.071ns
    Total Input Jitter      (TIJ):    0.300ns
    Discrete Jitter          (DJ):    0.000ns
    Phase Error              (PE):    0.000ns
  Timing Exception:       False Path

    Location             Delay type                Incr(ns)  Path(ns)    Netlist Resource(s)
  -------------------------------------------------------------------    -------------------
                         (clock clk_fpga_0 rise edge)
                                                      0.000     0.000 r  
    PS7_X0Y0             PS7                          0.000     0.000 r  design_1_i/processing_system7_0/inst/PS7_i/FCLKCLK[0]
                         net (fo=1, routed)           0.310     0.310    design_1_i/processing_system7_0/inst/FCLK_CLK_unbuffered[0]
    BUFGCTRL_X0Y17       BUFG (Prop_bufg_I_O)         0.026     0.336 r  design_1_i/processing_system7_0/inst/buffer_fclk_clk_0.FCLK_CLK_0_BUFG_replica/O
                         net (fo=3, routed)           0.030     0.366    design_1_i/processing_system7_0/inst/FCLK_CLK0_repN
    BUFGCTRL_X0Y16       BUFG (Prop_bufg_I_O)         0.026     0.392 r  design_1_i/processing_system7_0/inst/buffer_fclk_clk_0.FCLK_CLK_0_BUFG/O
                         net (fo=13921, routed)       0.660     1.052    design_1_i/axi_smc/inst/clk_map/psr_aclk/U0/aclk
    SLICE_X66Y108        FDRE                                         r  design_1_i/axi_smc/inst/clk_map/psr_aclk/U0/ACTIVE_LOW_BSR_OUT_DFF[0].FDRE_BSR_N/C
  -------------------------------------------------------------------    -------------------
    SLICE_X66Y108        FDRE (Prop_fdre_C_Q)         0.164     1.216 r  design_1_i/axi_smc/inst/clk_map/psr_aclk/U0/ACTIVE_LOW_BSR_OUT_DFF[0].FDRE_BSR_N/Q
                         net (fo=26, routed)          0.366     1.582    design_1_i/axi_smc/inst/m00_nodes/m00_aw_node/inst/s_sc_xpm_cdc_async_rst_inst/src_arst
    SLICE_X65Y99         LUT1 (Prop_lut1_I0_O)        0.045     1.627 f  design_1_i/axi_smc/inst/m00_nodes/m00_aw_node/inst/s_sc_xpm_cdc_async_rst_inst/arststages_ff[2]_i_1/O
                         net (fo=3, routed)           0.177     1.804    design_1_i/axi_smc/inst/m00_nodes/m00_aw_node/inst/s_sc_xpm_cdc_async_rst_inst/reset_pol
    SLICE_X65Y99         FDCE                                         f  design_1_i/axi_smc/inst/m00_nodes/m00_aw_node/inst/s_sc_xpm_cdc_async_rst_inst/arststages_ff_reg[0]/CLR
  -------------------------------------------------------------------    -------------------

                         (clock clk_fpga_0 rise edge)
                                                      0.000     0.000 r  
    PS7_X0Y0             PS7                          0.000     0.000 r  design_1_i/processing_system7_0/inst/PS7_i/FCLKCLK[0]
                         net (fo=1, routed)           0.337     0.337    design_1_i/processing_system7_0/inst/FCLK_CLK_unbuffered[0]
    BUFGCTRL_X0Y17       BUFG (Prop_bufg_I_O)         0.029     0.366 r  design_1_i/processing_system7_0/inst/buffer_fclk_clk_0.FCLK_CLK_0_BUFG_replica/O
                         net (fo=3, routed)           0.033     0.399    design_1_i/processing_system7_0/inst/FCLK_CLK0_repN
    BUFGCTRL_X0Y16       BUFG (Prop_bufg_I_O)         0.029     0.428 r  design_1_i/processing_system7_0/inst/buffer_fclk_clk_0.FCLK_CLK_0_BUFG/O
                         net (fo=13921, routed)       0.849     1.277    design_1_i/axi_smc/inst/m00_nodes/m00_aw_node/inst/s_sc_xpm_cdc_async_rst_inst/dest_clk
    SLICE_X65Y99         FDCE                                         r  design_1_i/axi_smc/inst/m00_nodes/m00_aw_node/inst/s_sc_xpm_cdc_async_rst_inst/arststages_ff_reg[0]/C





