Copyright 1986-2022 Xilinx, Inc. All Rights Reserved. Copyright 2022-2023 Advanced Micro Devices, Inc. All Rights Reserved.
--------------------------------------------------------------------------------------------------------------------------------------------------------------------------------------------------------------------------
| Tool Version : Vivado v.2023.2 (win64) Build 4029153 Fri Oct 13 20:14:34 MDT 2023
| Date         : Sun May 17 21:01:32 2026
| Host         : LAPTOP-9PRMHLIN running 64-bit major release  (build 9200)
| Command      : report_timing_summary -max_paths 10 -report_unconstrained -file design_1_wrapper_timing_summary_routed.rpt -pb design_1_wrapper_timing_summary_routed.pb -rpx design_1_wrapper_timing_summary_routed.rpx
| Design       : design_1_wrapper
| Device       : 7z020-clg400
| Speed File   : -1  PRODUCTION 1.12 2019-11-22
| Design State : Routed
--------------------------------------------------------------------------------------------------------------------------------------------------------------------------------------------------------------------------

Timing Summary Report

------------------------------------------------------------------------------------------------
| Timer Settings
| --------------
------------------------------------------------------------------------------------------------

  Enable Multi Corner Analysis               :  Yes
  Enable Pessimism Removal                   :  Yes
  Pessimism Removal Resolution               :  Nearest Common Node
  Enable Input Delay Default Clock           :  No
  Enable Preset / Clear Arcs                 :  No
  Disable Flight Delays                      :  No
  Ignore I/O Paths                           :  No
  Timing Early Launch at Borrowing Latches   :  No
  Borrow Time for Max Delay Exceptions       :  Yes
  Merge Timing Exceptions                    :  Yes
  Inter-SLR Compensation                     :  Conservative

  Corner  Analyze    Analyze    
  Name    Max Paths  Min Paths  
  ------  ---------  ---------  
  Slow    Yes        Yes        
  Fast    Yes        Yes        


------------------------------------------------------------------------------------------------
| Report Methodology
| ------------------
------------------------------------------------------------------------------------------------

Rule    Severity  Description                Violations  
------  --------  -------------------------  ----------  
DPIR-1  Warning   Asynchronous driver check  1154        

Note: This report is based on the most recent report_methodology run and may not be up-to-date. Run report_methodology on the current design for the latest report.



check_timing report

Table of Contents
-----------------
1. checking no_clock (0)
2. checking constant_clock (0)
3. checking pulse_width_clock (0)
4. checking unconstrained_internal_endpoints (0)
5. checking no_input_delay (0)
6. checking no_output_delay (0)
7. checking multiple_clock (0)
8. checking generated_clocks (0)
9. checking loops (0)
10. checking partial_input_delay (0)
11. checking partial_output_delay (0)
12. checking latch_loops (0)

1. checking no_clock (0)
------------------------
 There are 0 register/latch pins with no clock.


2. checking constant_clock (0)
------------------------------
 There are 0 register/latch pins with constant_clock.


3. checking pulse_width_clock (0)
---------------------------------
 There are 0 register/latch pins which need pulse_width check


4. checking unconstrained_internal_endpoints (0)
------------------------------------------------
 There are 0 pins that are not constrained for maximum delay.

 There are 0 pins that are not constrained for maximum delay due to constant clock.


5. checking no_input_delay (0)
------------------------------
 There are 0 input ports with no input delay specified.

 There are 0 input ports with no input delay but user has a false path constraint.


6. checking no_output_delay (0)
-------------------------------
 There are 0 ports with no output delay specified.

 There are 0 ports with no output delay but user has a false path constraint

 There are 0 ports with no output delay but with a timing clock defined on it or propagating through it


7. checking multiple_clock (0)
------------------------------
 There are 0 register/latch pins with multiple clocks.


8. checking generated_clocks (0)
--------------------------------
 There are 0 generated clocks that are not connected to a clock source.


9. checking loops (0)
---------------------
 There are 0 combinational loops in the design.


10. checking partial_input_delay (0)
------------------------------------
 There are 0 input ports with partial input delay specified.


11. checking partial_output_delay (0)
-------------------------------------
 There are 0 ports with partial output delay specified.


12. checking latch_loops (0)
----------------------------
 There are 0 combinational latch loops in the design through latch input



------------------------------------------------------------------------------------------------
| Design Timing Summary
| ---------------------
------------------------------------------------------------------------------------------------

    WNS(ns)      TNS(ns)  TNS Failing Endpoints  TNS Total Endpoints      WHS(ns)      THS(ns)  THS Failing Endpoints  THS Total Endpoints     WPWS(ns)     TPWS(ns)  TPWS Failing Endpoints  TPWS Total Endpoints  
    -------      -------  ---------------------  -------------------      -------      -------  ---------------------  -------------------     --------     --------  ----------------------  --------------------  
     -0.168       -0.528                      6                39634        0.014        0.000                      0                39634        3.750        0.000                       0                 13823  


Timing constraints are not met.


------------------------------------------------------------------------------------------------
| Clock Summary
| -------------
------------------------------------------------------------------------------------------------

Clock       Waveform(ns)       Period(ns)      Frequency(MHz)
-----       ------------       ----------      --------------
clk_fpga_0  {0.000 5.000}      10.000          100.000         


------------------------------------------------------------------------------------------------
| Intra Clock Table
| -----------------
------------------------------------------------------------------------------------------------

Clock             WNS(ns)      TNS(ns)  TNS Failing Endpoints  TNS Total Endpoints      WHS(ns)      THS(ns)  THS Failing Endpoints  THS Total Endpoints     WPWS(ns)     TPWS(ns)  TPWS Failing Endpoints  TPWS Total Endpoints  
-----             -------      -------  ---------------------  -------------------      -------      -------  ---------------------  -------------------     --------     --------  ----------------------  --------------------  
clk_fpga_0         -0.168       -0.528                      6                36326        0.014        0.000                      0                36326        3.750        0.000                       0                 13823  


------------------------------------------------------------------------------------------------
| Inter Clock Table
| -----------------
------------------------------------------------------------------------------------------------

From Clock    To Clock          WNS(ns)      TNS(ns)  TNS Failing Endpoints  TNS Total Endpoints      WHS(ns)      THS(ns)  THS Failing Endpoints  THS Total Endpoints  
----------    --------          -------      -------  ---------------------  -------------------      -------      -------  ---------------------  -------------------  


------------------------------------------------------------------------------------------------
| Other Path Groups Table
| -----------------------
------------------------------------------------------------------------------------------------

Path Group         From Clock         To Clock               WNS(ns)      TNS(ns)  TNS Failing Endpoints  TNS Total Endpoints      WHS(ns)      THS(ns)  THS Failing Endpoints  THS Total Endpoints  
----------         ----------         --------               -------      -------  ---------------------  -------------------      -------      -------  ---------------------  -------------------  
**async_default**  clk_fpga_0         clk_fpga_0               1.084        0.000                      0                 3308        1.493        0.000                      0                 3308  


------------------------------------------------------------------------------------------------
| User Ignored Path Table
| -----------------------
------------------------------------------------------------------------------------------------

Path Group    From Clock    To Clock    
----------    ----------    --------    
(none)                      clk_fpga_0    
(none)        clk_fpga_0    clk_fpga_0    


------------------------------------------------------------------------------------------------
| Unconstrained Path Table
| ------------------------
------------------------------------------------------------------------------------------------

Path Group    From Clock    To Clock    
----------    ----------    --------    


------------------------------------------------------------------------------------------------
| Timing Details
| --------------
------------------------------------------------------------------------------------------------


---------------------------------------------------------------------------------------------------
From Clock:  clk_fpga_0
  To Clock:  clk_fpga_0

Setup :            6  Failing Endpoints,  Worst Slack       -0.168ns,  Total Violation       -0.528ns
Hold  :            0  Failing Endpoints,  Worst Slack        0.014ns,  Total Violation        0.000ns
PW    :            0  Failing Endpoints,  Worst Slack        3.750ns,  Total Violation        0.000ns
---------------------------------------------------------------------------------------------------


Max Delay Paths
--------------------------------------------------------------------------------------
Slack (VIOLATED) :        -0.168ns  (required time - arrival time)
  Source:                 design_1_i/RFC8439_0/inst/RFC8439_v1_0_S00_AXI_inst/Rfc8439_core/u_poly1305/h_full_reg[0]/C
                            (rising edge-triggered cell FDCE clocked by clk_fpga_0  {rise@0.000ns fall@5.000ns period=10.000ns})
  Destination:            design_1_i/RFC8439_0/inst/RFC8439_v1_0_S00_AXI_inst/Rfc8439_core/u_poly1305/mac_tag_reg[125]/D
                            (rising edge-triggered cell FDCE clocked by clk_fpga_0  {rise@0.000ns fall@5.000ns period=10.000ns})
  Path Group:             clk_fpga_0
  Path Type:              Setup (Max at Slow Process Corner)
  Requirement:            10.000ns  (clk_fpga_0 rise@10.000ns - clk_fpga_0 rise@0.000ns)
  Data Path Delay:        9.867ns  (logic 7.837ns (79.424%)  route 2.030ns (20.576%))
  Logic Levels:           51  (CARRY4=49 LUT2=2)
  Clock Path Skew:        -0.208ns (DCD - SCD + CPR)
    Destination Clock Delay (DCD):    2.704ns = ( 12.704 - 10.000 ) 
    Source Clock Delay      (SCD):    3.027ns
    Clock Pessimism Removal (CPR):    0.115ns
  Clock Uncertainty:      0.154ns  ((TSJ^2 + TIJ^2)^1/2 + DJ) / 2 + PE
    Total System Jitter     (TSJ):    0.071ns
    Total Input Jitter      (TIJ):    0.300ns
    Discrete Jitter          (DJ):    0.000ns
    Phase Error              (PE):    0.000ns

    Location             Delay type                Incr(ns)  Path(ns)    Netlist Resource(s)
  -------------------------------------------------------------------    -------------------
                         (clock clk_fpga_0 rise edge)
                                                      0.000     0.000 r  
    PS7_X0Y0             PS7                          0.000     0.000 r  design_1_i/processing_system7_0/inst/PS7_i/FCLKCLK[0]
                         net (fo=1, routed)           1.193     1.193    design_1_i/processing_system7_0/inst/FCLK_CLK_unbuffered[0]
    BUFGCTRL_X0Y16       BUFG (Prop_bufg_I_O)         0.101     1.294 r  design_1_i/processing_system7_0/inst/buffer_fclk_clk_0.FCLK_CLK_0_BUFG/O
                         net (fo=13923, routed)       1.733     3.027    design_1_i/RFC8439_0/inst/RFC8439_v1_0_S00_AXI_inst/Rfc8439_core/u_poly1305/s00_axi_aclk
    SLICE_X31Y21         FDCE                                         r  design_1_i/RFC8439_0/inst/RFC8439_v1_0_S00_AXI_inst/Rfc8439_core/u_poly1305/h_full_reg[0]/C
  -------------------------------------------------------------------    -------------------
    SLICE_X31Y21         FDCE (Prop_fdce_C_Q)         0.456     3.483 r  design_1_i/RFC8439_0/inst/RFC8439_v1_0_S00_AXI_inst/Rfc8439_core/u_poly1305/h_full_reg[0]/Q
                         net (fo=2, routed)           0.294     3.777    design_1_i/RFC8439_0/inst/RFC8439_v1_0_S00_AXI_inst/Rfc8439_core/u_poly1305/h_full[0]
    SLICE_X30Y21         LUT2 (Prop_lut2_I0_O)        0.124     3.901 r  design_1_i/RFC8439_0/inst/RFC8439_v1_0_S00_AXI_inst/Rfc8439_core/u_poly1305/mac_tag[3]_i_86/O
                         net (fo=1, routed)           0.473     4.374    design_1_i/RFC8439_0/inst/RFC8439_v1_0_S00_AXI_inst/Rfc8439_core/u_poly1305/mac_tag[3]_i_86_n_0
    SLICE_X30Y24         CARRY4 (Prop_carry4_CYINIT_CO[3])
                                                      0.595     4.969 r  design_1_i/RFC8439_0/inst/RFC8439_v1_0_S00_AXI_inst/Rfc8439_core/u_poly1305/mac_tag_reg[3]_i_81/CO[3]
                         net (fo=1, routed)           0.009     4.978    design_1_i/RFC8439_0/inst/RFC8439_v1_0_S00_AXI_inst/Rfc8439_core/u_poly1305/mac_tag_reg[3]_i_81_n_0
    SLICE_X30Y25         CARRY4 (Prop_carry4_CI_CO[3])
                                                      0.117     5.095 r  design_1_i/RFC8439_0/inst/RFC8439_v1_0_S00_AXI_inst/Rfc8439_core/u_poly1305/mac_tag_reg[3]_i_76/CO[3]
                         net (fo=1, routed)           0.000     5.095    design_1_i/RFC8439_0/inst/RFC8439_v1_0_S00_AXI_inst/Rfc8439_core/u_poly1305/mac_tag_reg[3]_i_76_n_0
    SLICE_X30Y26         CARRY4 (Prop_carry4_CI_CO[3])
                                                      0.117     5.212 r  design_1_i/RFC8439_0/inst/RFC8439_v1_0_S00_AXI_inst/Rfc8439_core/u_poly1305/mac_tag_reg[3]_i_71/CO[3]
                         net (fo=1, routed)           0.000     5.212    design_1_i/RFC8439_0/inst/RFC8439_v1_0_S00_AXI_inst/Rfc8439_core/u_poly1305/mac_tag_reg[3]_i_71_n_0
    SLICE_X30Y27         CARRY4 (Prop_carry4_CI_CO[3])
                                                      0.117     5.329 r  design_1_i/RFC8439_0/inst/RFC8439_v1_0_S00_AXI_inst/Rfc8439_core/u_poly1305/mac_tag_reg[3]_i_66/CO[3]
                         net (fo=1, routed)           0.000     5.329    design_1_i/RFC8439_0/inst/RFC8439_v1_0_S00_AXI_inst/Rfc8439_core/u_poly1305/mac_tag_reg[3]_i_66_n_0
    SLICE_X30Y28         CARRY4 (Prop_carry4_CI_CO[3])
                                                      0.117     5.446 r  design_1_i/RFC8439_0/inst/RFC8439_v1_0_S00_AXI_inst/Rfc8439_core/u_poly1305/mac_tag_reg[3]_i_61/CO[3]
                         net (fo=1, routed)           0.000     5.446    design_1_i/RFC8439_0/inst/RFC8439_v1_0_S00_AXI_inst/Rfc8439_core/u_poly1305/mac_tag_reg[3]_i_61_n_0
    SLICE_X30Y29         CARRY4 (Prop_carry4_CI_CO[3])
                                                      0.117     5.563 r  design_1_i/RFC8439_0/inst/RFC8439_v1_0_S00_AXI_inst/Rfc8439_core/u_poly1305/mac_tag_reg[3]_i_56/CO[3]
                         net (fo=1, routed)           0.000     5.563    design_1_i/RFC8439_0/inst/RFC8439_v1_0_S00_AXI_inst/Rfc8439_core/u_poly1305/mac_tag_reg[3]_i_56_n_0
    SLICE_X30Y30         CARRY4 (Prop_carry4_CI_CO[3])
                                                      0.117     5.680 r  design_1_i/RFC8439_0/inst/RFC8439_v1_0_S00_AXI_inst/Rfc8439_core/u_poly1305/mac_tag_reg[3]_i_51/CO[3]
                         net (fo=1, routed)           0.000     5.680    design_1_i/RFC8439_0/inst/RFC8439_v1_0_S00_AXI_inst/Rfc8439_core/u_poly1305/mac_tag_reg[3]_i_51_n_0
    SLICE_X30Y31         CARRY4 (Prop_carry4_CI_CO[3])
                                                      0.117     5.797 r  design_1_i/RFC8439_0/inst/RFC8439_v1_0_S00_AXI_inst/Rfc8439_core/u_poly1305/mac_tag_reg[3]_i_46/CO[3]
                         net (fo=1, routed)           0.000     5.797    design_1_i/RFC8439_0/inst/RFC8439_v1_0_S00_AXI_inst/Rfc8439_core/u_poly1305/mac_tag_reg[3]_i_46_n_0
    SLICE_X30Y32         CARRY4 (Prop_carry4_CI_CO[3])
                                                      0.117     5.914 r  design_1_i/RFC8439_0/inst/RFC8439_v1_0_S00_AXI_inst/Rfc8439_core/u_poly1305/mac_tag_reg[3]_i_41/CO[3]
                         net (fo=1, routed)           0.000     5.914    design_1_i/RFC8439_0/inst/RFC8439_v1_0_S00_AXI_inst/Rfc8439_core/u_poly1305/mac_tag_reg[3]_i_41_n_0
    SLICE_X30Y33         CARRY4 (Prop_carry4_CI_CO[3])
                                                      0.117     6.031 r  design_1_i/RFC8439_0/inst/RFC8439_v1_0_S00_AXI_inst/Rfc8439_core/u_poly1305/mac_tag_reg[3]_i_36/CO[3]
                         net (fo=1, routed)           0.000     6.031    design_1_i/RFC8439_0/inst/RFC8439_v1_0_S00_AXI_inst/Rfc8439_core/u_poly1305/mac_tag_reg[3]_i_36_n_0
    SLICE_X30Y34         CARRY4 (Prop_carry4_CI_CO[3])
                                                      0.117     6.148 r  design_1_i/RFC8439_0/inst/RFC8439_v1_0_S00_AXI_inst/Rfc8439_core/u_poly1305/mac_tag_reg[3]_i_31/CO[3]
                         net (fo=1, routed)           0.000     6.148    design_1_i/RFC8439_0/inst/RFC8439_v1_0_S00_AXI_inst/Rfc8439_core/u_poly1305/mac_tag_reg[3]_i_31_n_0
    SLICE_X30Y35         CARRY4 (Prop_carry4_CI_CO[3])
                                                      0.117     6.265 r  design_1_i/RFC8439_0/inst/RFC8439_v1_0_S00_AXI_inst/Rfc8439_core/u_poly1305/mac_tag_reg[3]_i_26/CO[3]
                         net (fo=1, routed)           0.000     6.265    design_1_i/RFC8439_0/inst/RFC8439_v1_0_S00_AXI_inst/Rfc8439_core/u_poly1305/mac_tag_reg[3]_i_26_n_0
    SLICE_X30Y36         CARRY4 (Prop_carry4_CI_CO[3])
                                                      0.117     6.382 r  design_1_i/RFC8439_0/inst/RFC8439_v1_0_S00_AXI_inst/Rfc8439_core/u_poly1305/mac_tag_reg[3]_i_21/CO[3]
                         net (fo=1, routed)           0.000     6.382    design_1_i/RFC8439_0/inst/RFC8439_v1_0_S00_AXI_inst/Rfc8439_core/u_poly1305/mac_tag_reg[3]_i_21_n_0
    SLICE_X30Y37         CARRY4 (Prop_carry4_CI_CO[3])
                                                      0.117     6.499 r  design_1_i/RFC8439_0/inst/RFC8439_v1_0_S00_AXI_inst/Rfc8439_core/u_poly1305/mac_tag_reg[3]_i_16/CO[3]
                         net (fo=1, routed)           0.000     6.499    design_1_i/RFC8439_0/inst/RFC8439_v1_0_S00_AXI_inst/Rfc8439_core/u_poly1305/mac_tag_reg[3]_i_16_n_0
    SLICE_X30Y38         CARRY4 (Prop_carry4_CI_CO[3])
                                                      0.117     6.616 r  design_1_i/RFC8439_0/inst/RFC8439_v1_0_S00_AXI_inst/Rfc8439_core/u_poly1305/mac_tag_reg[3]_i_11/CO[3]
                         net (fo=1, routed)           0.000     6.616    design_1_i/RFC8439_0/inst/RFC8439_v1_0_S00_AXI_inst/Rfc8439_core/u_poly1305/mac_tag_reg[3]_i_11_n_0
    SLICE_X30Y39         CARRY4 (Prop_carry4_CI_CO[3])
                                                      0.117     6.733 r  design_1_i/RFC8439_0/inst/RFC8439_v1_0_S00_AXI_inst/Rfc8439_core/u_poly1305/mac_tag_reg[3]_i_8/CO[3]
                         net (fo=1, routed)           0.000     6.733    design_1_i/RFC8439_0/inst/RFC8439_v1_0_S00_AXI_inst/Rfc8439_core/u_poly1305/mac_tag_reg[3]_i_8_n_0
    SLICE_X30Y40         CARRY4 (Prop_carry4_CI_CO[0])
                                                      0.254     6.987 r  design_1_i/RFC8439_0/inst/RFC8439_v1_0_S00_AXI_inst/Rfc8439_core/u_poly1305/mac_tag_reg[3]_i_3/CO[0]
                         net (fo=4, routed)           1.244     8.232    design_1_i/RFC8439_0/inst/RFC8439_v1_0_S00_AXI_inst/Rfc8439_core/u_poly1305/h_mod1
    SLICE_X31Y22         LUT2 (Prop_lut2_I0_O)        0.367     8.599 r  design_1_i/RFC8439_0/inst/RFC8439_v1_0_S00_AXI_inst/Rfc8439_core/u_poly1305/mac_tag[3]_i_7/O
                         net (fo=1, routed)           0.000     8.599    design_1_i/RFC8439_0/inst/RFC8439_v1_0_S00_AXI_inst/Rfc8439_core/u_poly1305/mac_tag[3]_i_7_n_0
    SLICE_X31Y22         CARRY4 (Prop_carry4_S[0]_CO[3])
                                                      0.532     9.131 r  design_1_i/RFC8439_0/inst/RFC8439_v1_0_S00_AXI_inst/Rfc8439_core/u_poly1305/mac_tag_reg[3]_i_1/CO[3]
                         net (fo=1, routed)           0.000     9.131    design_1_i/RFC8439_0/inst/RFC8439_v1_0_S00_AXI_inst/Rfc8439_core/u_poly1305/mac_tag_reg[3]_i_1_n_0
    SLICE_X31Y23         CARRY4 (Prop_carry4_CI_CO[3])
                                                      0.114     9.245 r  design_1_i/RFC8439_0/inst/RFC8439_v1_0_S00_AXI_inst/Rfc8439_core/u_poly1305/mac_tag_reg[7]_i_1/CO[3]
                         net (fo=1, routed)           0.000     9.245    design_1_i/RFC8439_0/inst/RFC8439_v1_0_S00_AXI_inst/Rfc8439_core/u_poly1305/mac_tag_reg[7]_i_1_n_0
    SLICE_X31Y24         CARRY4 (Prop_carry4_CI_CO[3])
                                                      0.114     9.359 r  design_1_i/RFC8439_0/inst/RFC8439_v1_0_S00_AXI_inst/Rfc8439_core/u_poly1305/mac_tag_reg[11]_i_1/CO[3]
                         net (fo=1, routed)           0.009     9.368    design_1_i/RFC8439_0/inst/RFC8439_v1_0_S00_AXI_inst/Rfc8439_core/u_poly1305/mac_tag_reg[11]_i_1_n_0
    SLICE_X31Y25         CARRY4 (Prop_carry4_CI_CO[3])
                                                      0.114     9.482 r  design_1_i/RFC8439_0/inst/RFC8439_v1_0_S00_AXI_inst/Rfc8439_core/u_poly1305/mac_tag_reg[15]_i_1/CO[3]
                         net (fo=1, routed)           0.000     9.482    design_1_i/RFC8439_0/inst/RFC8439_v1_0_S00_AXI_inst/Rfc8439_core/u_poly1305/mac_tag_reg[15]_i_1_n_0
    SLICE_X31Y26         CARRY4 (Prop_carry4_CI_CO[3])
                                                      0.114     9.596 r  design_1_i/RFC8439_0/inst/RFC8439_v1_0_S00_AXI_inst/Rfc8439_core/u_poly1305/mac_tag_reg[19]_i_1/CO[3]
                         net (fo=1, routed)           0.000     9.596    design_1_i/RFC8439_0/inst/RFC8439_v1_0_S00_AXI_inst/Rfc8439_core/u_poly1305/mac_tag_reg[19]_i_1_n_0
    SLICE_X31Y27         CARRY4 (Prop_carry4_CI_CO[3])
                                                      0.114     9.710 r  design_1_i/RFC8439_0/inst/RFC8439_v1_0_S00_AXI_inst/Rfc8439_core/u_poly1305/mac_tag_reg[23]_i_1/CO[3]
                         net (fo=1, routed)           0.000     9.710    design_1_i/RFC8439_0/inst/RFC8439_v1_0_S00_AXI_inst/Rfc8439_core/u_poly1305/mac_tag_reg[23]_i_1_n_0
    SLICE_X31Y28         CARRY4 (Prop_carry4_CI_CO[3])
                                                      0.114     9.824 r  design_1_i/RFC8439_0/inst/RFC8439_v1_0_S00_AXI_inst/Rfc8439_core/u_poly1305/mac_tag_reg[27]_i_1/CO[3]
                         net (fo=1, routed)           0.000     9.824    design_1_i/RFC8439_0/inst/RFC8439_v1_0_S00_AXI_inst/Rfc8439_core/u_poly1305/mac_tag_reg[27]_i_1_n_0
    SLICE_X31Y29         CARRY4 (Prop_carry4_CI_CO[3])
                                                      0.114     9.938 r  design_1_i/RFC8439_0/inst/RFC8439_v1_0_S00_AXI_inst/Rfc8439_core/u_poly1305/mac_tag_reg[31]_i_1/CO[3]
                         net (fo=1, routed)           0.000     9.938    design_1_i/RFC8439_0/inst/RFC8439_v1_0_S00_AXI_inst/Rfc8439_core/u_poly1305/mac_tag_reg[31]_i_1_n_0
    SLICE_X31Y30         CARRY4 (Prop_carry4_CI_CO[3])
                                                      0.114    10.052 r  design_1_i/RFC8439_0/inst/RFC8439_v1_0_S00_AXI_inst/Rfc8439_core/u_poly1305/mac_tag_reg[35]_i_1/CO[3]
                         net (fo=1, routed)           0.000    10.052    design_1_i/RFC8439_0/inst/RFC8439_v1_0_S00_AXI_inst/Rfc8439_core/u_poly1305/mac_tag_reg[35]_i_1_n_0
    SLICE_X31Y31         CARRY4 (Prop_carry4_CI_CO[3])
                                                      0.114    10.166 r  design_1_i/RFC8439_0/inst/RFC8439_v1_0_S00_AXI_inst/Rfc8439_core/u_poly1305/mac_tag_reg[39]_i_1/CO[3]
                         net (fo=1, routed)           0.000    10.166    design_1_i/RFC8439_0/inst/RFC8439_v1_0_S00_AXI_inst/Rfc8439_core/u_poly1305/mac_tag_reg[39]_i_1_n_0
    SLICE_X31Y32         CARRY4 (Prop_carry4_CI_CO[3])
                                                      0.114    10.280 r  design_1_i/RFC8439_0/inst/RFC8439_v1_0_S00_AXI_inst/Rfc8439_core/u_poly1305/mac_tag_reg[43]_i_1/CO[3]
                         net (fo=1, routed)           0.000    10.280    design_1_i/RFC8439_0/inst/RFC8439_v1_0_S00_AXI_inst/Rfc8439_core/u_poly1305/mac_tag_reg[43]_i_1_n_0
    SLICE_X31Y33         CARRY4 (Prop_carry4_CI_CO[3])
                                                      0.114    10.394 r  design_1_i/RFC8439_0/inst/RFC8439_v1_0_S00_AXI_inst/Rfc8439_core/u_poly1305/mac_tag_reg[47]_i_1/CO[3]
                         net (fo=1, routed)           0.000    10.394    design_1_i/RFC8439_0/inst/RFC8439_v1_0_S00_AXI_inst/Rfc8439_core/u_poly1305/mac_tag_reg[47]_i_1_n_0
    SLICE_X31Y34         CARRY4 (Prop_carry4_CI_CO[3])
                                                      0.114    10.508 r  design_1_i/RFC8439_0/inst/RFC8439_v1_0_S00_AXI_inst/Rfc8439_core/u_poly1305/mac_tag_reg[51]_i_1/CO[3]
                         net (fo=1, routed)           0.000    10.508    design_1_i/RFC8439_0/inst/RFC8439_v1_0_S00_AXI_inst/Rfc8439_core/u_poly1305/mac_tag_reg[51]_i_1_n_0
    SLICE_X31Y35         CARRY4 (Prop_carry4_CI_CO[3])
                                                      0.114    10.622 r  design_1_i/RFC8439_0/inst/RFC8439_v1_0_S00_AXI_inst/Rfc8439_core/u_poly1305/mac_tag_reg[55]_i_1/CO[3]
                         net (fo=1, routed)           0.000    10.622    design_1_i/RFC8439_0/inst/RFC8439_v1_0_S00_AXI_inst/Rfc8439_core/u_poly1305/mac_tag_reg[55]_i_1_n_0
    SLICE_X31Y36         CARRY4 (Prop_carry4_CI_CO[3])
                                                      0.114    10.736 r  design_1_i/RFC8439_0/inst/RFC8439_v1_0_S00_AXI_inst/Rfc8439_core/u_poly1305/mac_tag_reg[59]_i_1/CO[3]
                         net (fo=1, routed)           0.000    10.736    design_1_i/RFC8439_0/inst/RFC8439_v1_0_S00_AXI_inst/Rfc8439_core/u_poly1305/mac_tag_reg[59]_i_1_n_0
    SLICE_X31Y37         CARRY4 (Prop_carry4_CI_CO[3])
                                                      0.114    10.850 r  design_1_i/RFC8439_0/inst/RFC8439_v1_0_S00_AXI_inst/Rfc8439_core/u_poly1305/mac_tag_reg[63]_i_1/CO[3]
                         net (fo=1, routed)           0.000    10.850    design_1_i/RFC8439_0/inst/RFC8439_v1_0_S00_AXI_inst/Rfc8439_core/u_poly1305/mac_tag_reg[63]_i_1_n_0
    SLICE_X31Y38         CARRY4 (Prop_carry4_CI_CO[3])
                                                      0.114    10.964 r  design_1_i/RFC8439_0/inst/RFC8439_v1_0_S00_AXI_inst/Rfc8439_core/u_poly1305/mac_tag_reg[67]_i_1/CO[3]
                         net (fo=1, routed)           0.000    10.964    design_1_i/RFC8439_0/inst/RFC8439_v1_0_S00_AXI_inst/Rfc8439_core/u_poly1305/mac_tag_reg[67]_i_1_n_0
    SLICE_X31Y39         CARRY4 (Prop_carry4_CI_CO[3])
                                                      0.114    11.078 r  design_1_i/RFC8439_0/inst/RFC8439_v1_0_S00_AXI_inst/Rfc8439_core/u_poly1305/mac_tag_reg[71]_i_1/CO[3]
                         net (fo=1, routed)           0.000    11.078    design_1_i/RFC8439_0/inst/RFC8439_v1_0_S00_AXI_inst/Rfc8439_core/u_poly1305/mac_tag_reg[71]_i_1_n_0
    SLICE_X31Y40         CARRY4 (Prop_carry4_CI_CO[3])
                                                      0.114    11.192 r  design_1_i/RFC8439_0/inst/RFC8439_v1_0_S00_AXI_inst/Rfc8439_core/u_poly1305/mac_tag_reg[75]_i_1/CO[3]
                         net (fo=1, routed)           0.000    11.192    design_1_i/RFC8439_0/inst/RFC8439_v1_0_S00_AXI_inst/Rfc8439_core/u_poly1305/mac_tag_reg[75]_i_1_n_0
    SLICE_X31Y41         CARRY4 (Prop_carry4_CI_CO[3])
                                                      0.114    11.306 r  design_1_i/RFC8439_0/inst/RFC8439_v1_0_S00_AXI_inst/Rfc8439_core/u_poly1305/mac_tag_reg[79]_i_1/CO[3]
                         net (fo=1, routed)           0.000    11.306    design_1_i/RFC8439_0/inst/RFC8439_v1_0_S00_AXI_inst/Rfc8439_core/u_poly1305/mac_tag_reg[79]_i_1_n_0
    SLICE_X31Y42         CARRY4 (Prop_carry4_CI_CO[3])
                                                      0.114    11.420 r  design_1_i/RFC8439_0/inst/RFC8439_v1_0_S00_AXI_inst/Rfc8439_core/u_poly1305/mac_tag_reg[83]_i_1/CO[3]
                         net (fo=1, routed)           0.000    11.420    design_1_i/RFC8439_0/inst/RFC8439_v1_0_S00_AXI_inst/Rfc8439_core/u_poly1305/mac_tag_reg[83]_i_1_n_0
    SLICE_X31Y43         CARRY4 (Prop_carry4_CI_CO[3])
                                                      0.114    11.534 r  design_1_i/RFC8439_0/inst/RFC8439_v1_0_S00_AXI_inst/Rfc8439_core/u_poly1305/mac_tag_reg[87]_i_1/CO[3]
                         net (fo=1, routed)           0.000    11.534    design_1_i/RFC8439_0/inst/RFC8439_v1_0_S00_AXI_inst/Rfc8439_core/u_poly1305/mac_tag_reg[87]_i_1_n_0
    SLICE_X31Y44         CARRY4 (Prop_carry4_CI_CO[3])
                                                      0.114    11.648 r  design_1_i/RFC8439_0/inst/RFC8439_v1_0_S00_AXI_inst/Rfc8439_core/u_poly1305/mac_tag_reg[91]_i_1/CO[3]
                         net (fo=1, routed)           0.000    11.648    design_1_i/RFC8439_0/inst/RFC8439_v1_0_S00_AXI_inst/Rfc8439_core/u_poly1305/mac_tag_reg[91]_i_1_n_0
    SLICE_X31Y45         CARRY4 (Prop_carry4_CI_CO[3])
                                                      0.114    11.762 r  design_1_i/RFC8439_0/inst/RFC8439_v1_0_S00_AXI_inst/Rfc8439_core/u_poly1305/mac_tag_reg[95]_i_1/CO[3]
                         net (fo=1, routed)           0.000    11.762    design_1_i/RFC8439_0/inst/RFC8439_v1_0_S00_AXI_inst/Rfc8439_core/u_poly1305/mac_tag_reg[95]_i_1_n_0
    SLICE_X31Y46         CARRY4 (Prop_carry4_CI_CO[3])
                                                      0.114    11.876 r  design_1_i/RFC8439_0/inst/RFC8439_v1_0_S00_AXI_inst/Rfc8439_core/u_poly1305/mac_tag_reg[99]_i_1/CO[3]
                         net (fo=1, routed)           0.000    11.876    design_1_i/RFC8439_0/inst/RFC8439_v1_0_S00_AXI_inst/Rfc8439_core/u_poly1305/mac_tag_reg[99]_i_1_n_0
    SLICE_X31Y47         CARRY4 (Prop_carry4_CI_CO[3])
                                                      0.114    11.990 r  design_1_i/RFC8439_0/inst/RFC8439_v1_0_S00_AXI_inst/Rfc8439_core/u_poly1305/mac_tag_reg[103]_i_1/CO[3]
                         net (fo=1, routed)           0.000    11.990    design_1_i/RFC8439_0/inst/RFC8439_v1_0_S00_AXI_inst/Rfc8439_core/u_poly1305/mac_tag_reg[103]_i_1_n_0
    SLICE_X31Y48         CARRY4 (Prop_carry4_CI_CO[3])
                                                      0.114    12.104 r  design_1_i/RFC8439_0/inst/RFC8439_v1_0_S00_AXI_inst/Rfc8439_core/u_poly1305/mac_tag_reg[107]_i_1/CO[3]
                         net (fo=1, routed)           0.000    12.104    design_1_i/RFC8439_0/inst/RFC8439_v1_0_S00_AXI_inst/Rfc8439_core/u_poly1305/mac_tag_reg[107]_i_1_n_0
    SLICE_X31Y49         CARRY4 (Prop_carry4_CI_CO[3])
                                                      0.114    12.218 r  design_1_i/RFC8439_0/inst/RFC8439_v1_0_S00_AXI_inst/Rfc8439_core/u_poly1305/mac_tag_reg[111]_i_1/CO[3]
                         net (fo=1, routed)           0.001    12.218    design_1_i/RFC8439_0/inst/RFC8439_v1_0_S00_AXI_inst/Rfc8439_core/u_poly1305/mac_tag_reg[111]_i_1_n_0
    SLICE_X31Y50         CARRY4 (Prop_carry4_CI_CO[3])
                                                      0.114    12.332 r  design_1_i/RFC8439_0/inst/RFC8439_v1_0_S00_AXI_inst/Rfc8439_core/u_poly1305/mac_tag_reg[115]_i_1/CO[3]
                         net (fo=1, routed)           0.000    12.332    design_1_i/RFC8439_0/inst/RFC8439_v1_0_S00_AXI_inst/Rfc8439_core/u_poly1305/mac_tag_reg[115]_i_1_n_0
    SLICE_X31Y51         CARRY4 (Prop_carry4_CI_CO[3])
                                                      0.114    12.446 r  design_1_i/RFC8439_0/inst/RFC8439_v1_0_S00_AXI_inst/Rfc8439_core/u_poly1305/mac_tag_reg[119]_i_1/CO[3]
                         net (fo=1, routed)           0.000    12.446    design_1_i/RFC8439_0/inst/RFC8439_v1_0_S00_AXI_inst/Rfc8439_core/u_poly1305/mac_tag_reg[119]_i_1_n_0
    SLICE_X31Y52         CARRY4 (Prop_carry4_CI_CO[3])
                                                      0.114    12.560 r  design_1_i/RFC8439_0/inst/RFC8439_v1_0_S00_AXI_inst/Rfc8439_core/u_poly1305/mac_tag_reg[123]_i_1/CO[3]
                         net (fo=1, routed)           0.000    12.560    design_1_i/RFC8439_0/inst/RFC8439_v1_0_S00_AXI_inst/Rfc8439_core/u_poly1305/mac_tag_reg[123]_i_1_n_0
    SLICE_X31Y53         CARRY4 (Prop_carry4_CI_O[1])
                                                      0.334    12.894 r  design_1_i/RFC8439_0/inst/RFC8439_v1_0_S00_AXI_inst/Rfc8439_core/u_poly1305/mac_tag_reg[127]_i_2/O[1]
                         net (fo=1, routed)           0.000    12.894    design_1_i/RFC8439_0/inst/RFC8439_v1_0_S00_AXI_inst/Rfc8439_core/u_poly1305/mac_tag_reg[127]_i_2_n_6
    SLICE_X31Y53         FDCE                                         r  design_1_i/RFC8439_0/inst/RFC8439_v1_0_S00_AXI_inst/Rfc8439_core/u_poly1305/mac_tag_reg[125]/D
  -------------------------------------------------------------------    -------------------

                         (clock clk_fpga_0 rise edge)
                                                     10.000    10.000 r  
    PS7_X0Y0             PS7                          0.000    10.000 r  design_1_i/processing_system7_0/inst/PS7_i/FCLKCLK[0]
                         net (fo=1, routed)           1.088    11.088    design_1_i/processing_system7_0/inst/FCLK_CLK_unbuffered[0]
    BUFGCTRL_X0Y16       BUFG (Prop_bufg_I_O)         0.091    11.179 r  design_1_i/processing_system7_0/inst/buffer_fclk_clk_0.FCLK_CLK_0_BUFG/O
                         net (fo=13923, routed)       1.525    12.704    design_1_i/RFC8439_0/inst/RFC8439_v1_0_S00_AXI_inst/Rfc8439_core/u_poly1305/s00_axi_aclk
    SLICE_X31Y53         FDCE                                         r  design_1_i/RFC8439_0/inst/RFC8439_v1_0_S00_AXI_inst/Rfc8439_core/u_poly1305/mac_tag_reg[125]/C
                         clock pessimism              0.115    12.819    
                         clock uncertainty           -0.154    12.665    
    SLICE_X31Y53         FDCE (Setup_fdce_C_D)        0.062    12.727    design_1_i/RFC8439_0/inst/RFC8439_v1_0_S00_AXI_inst/Rfc8439_core/u_poly1305/mac_tag_reg[125]
  -------------------------------------------------------------------
                         required time                         12.727    
                         arrival time                         -12.894    
  -------------------------------------------------------------------
                         slack                                 -0.168    

Slack (VIOLATED) :        -0.147ns  (required time - arrival time)
  Source:                 design_1_i/RFC8439_0/inst/RFC8439_v1_0_S00_AXI_inst/Rfc8439_core/u_poly1305/h_full_reg[0]/C
                            (rising edge-triggered cell FDCE clocked by clk_fpga_0  {rise@0.000ns fall@5.000ns period=10.000ns})
  Destination:            design_1_i/RFC8439_0/inst/RFC8439_v1_0_S00_AXI_inst/Rfc8439_core/u_poly1305/mac_tag_reg[127]/D
                            (rising edge-triggered cell FDCE clocked by clk_fpga_0  {rise@0.000ns fall@5.000ns period=10.000ns})
  Path Group:             clk_fpga_0
  Path Type:              Setup (Max at Slow Process Corner)
  Requirement:            10.000ns  (clk_fpga_0 rise@10.000ns - clk_fpga_0 rise@0.000ns)
  Data Path Delay:        9.846ns  (logic 7.816ns (79.380%)  route 2.030ns (20.620%))
  Logic Levels:           51  (CARRY4=49 LUT2=2)
  Clock Path Skew:        -0.208ns (DCD - SCD + CPR)
    Destination Clock Delay (DCD):    2.704ns = ( 12.704 - 10.000 ) 
    Source Clock Delay      (SCD):    3.027ns
    Clock Pessimism Removal (CPR):    0.115ns
  Clock Uncertainty:      0.154ns  ((TSJ^2 + TIJ^2)^1/2 + DJ) / 2 + PE
    Total System Jitter     (TSJ):    0.071ns
    Total Input Jitter      (TIJ):    0.300ns
    Discrete Jitter          (DJ):    0.000ns
    Phase Error              (PE):    0.000ns

    Location             Delay type                Incr(ns)  Path(ns)    Netlist Resource(s)
  -------------------------------------------------------------------    -------------------
                         (clock clk_fpga_0 rise edge)
                                                      0.000     0.000 r  
    PS7_X0Y0             PS7                          0.000     0.000 r  design_1_i/processing_system7_0/inst/PS7_i/FCLKCLK[0]
                         net (fo=1, routed)           1.193     1.193    design_1_i/processing_system7_0/inst/FCLK_CLK_unbuffered[0]
    BUFGCTRL_X0Y16       BUFG (Prop_bufg_I_O)         0.101     1.294 r  design_1_i/processing_system7_0/inst/buffer_fclk_clk_0.FCLK_CLK_0_BUFG/O
                         net (fo=13923, routed)       1.733     3.027    design_1_i/RFC8439_0/inst/RFC8439_v1_0_S00_AXI_inst/Rfc8439_core/u_poly1305/s00_axi_aclk
    SLICE_X31Y21         FDCE                                         r  design_1_i/RFC8439_0/inst/RFC8439_v1_0_S00_AXI_inst/Rfc8439_core/u_poly1305/h_full_reg[0]/C
  -------------------------------------------------------------------    -------------------
    SLICE_X31Y21         FDCE (Prop_fdce_C_Q)         0.456     3.483 r  design_1_i/RFC8439_0/inst/RFC8439_v1_0_S00_AXI_inst/Rfc8439_core/u_poly1305/h_full_reg[0]/Q
                         net (fo=2, routed)           0.294     3.777    design_1_i/RFC8439_0/inst/RFC8439_v1_0_S00_AXI_inst/Rfc8439_core/u_poly1305/h_full[0]
    SLICE_X30Y21         LUT2 (Prop_lut2_I0_O)        0.124     3.901 r  design_1_i/RFC8439_0/inst/RFC8439_v1_0_S00_AXI_inst/Rfc8439_core/u_poly1305/mac_tag[3]_i_86/O
                         net (fo=1, routed)           0.473     4.374    design_1_i/RFC8439_0/inst/RFC8439_v1_0_S00_AXI_inst/Rfc8439_core/u_poly1305/mac_tag[3]_i_86_n_0
    SLICE_X30Y24         CARRY4 (Prop_carry4_CYINIT_CO[3])
                                                      0.595     4.969 r  design_1_i/RFC8439_0/inst/RFC8439_v1_0_S00_AXI_inst/Rfc8439_core/u_poly1305/mac_tag_reg[3]_i_81/CO[3]
                         net (fo=1, routed)           0.009     4.978    design_1_i/RFC8439_0/inst/RFC8439_v1_0_S00_AXI_inst/Rfc8439_core/u_poly1305/mac_tag_reg[3]_i_81_n_0
    SLICE_X30Y25         CARRY4 (Prop_carry4_CI_CO[3])
                                                      0.117     5.095 r  design_1_i/RFC8439_0/inst/RFC8439_v1_0_S00_AXI_inst/Rfc8439_core/u_poly1305/mac_tag_reg[3]_i_76/CO[3]
                         net (fo=1, routed)           0.000     5.095    design_1_i/RFC8439_0/inst/RFC8439_v1_0_S00_AXI_inst/Rfc8439_core/u_poly1305/mac_tag_reg[3]_i_76_n_0
    SLICE_X30Y26         CARRY4 (Prop_carry4_CI_CO[3])
                                                      0.117     5.212 r  design_1_i/RFC8439_0/inst/RFC8439_v1_0_S00_AXI_inst/Rfc8439_core/u_poly1305/mac_tag_reg[3]_i_71/CO[3]
                         net (fo=1, routed)           0.000     5.212    design_1_i/RFC8439_0/inst/RFC8439_v1_0_S00_AXI_inst/Rfc8439_core/u_poly1305/mac_tag_reg[3]_i_71_n_0
    SLICE_X30Y27         CARRY4 (Prop_carry4_CI_CO[3])
                                                      0.117     5.329 r  design_1_i/RFC8439_0/inst/RFC8439_v1_0_S00_AXI_inst/Rfc8439_core/u_poly1305/mac_tag_reg[3]_i_66/CO[3]
                         net (fo=1, routed)           0.000     5.329    design_1_i/RFC8439_0/inst/RFC8439_v1_0_S00_AXI_inst/Rfc8439_core/u_poly1305/mac_tag_reg[3]_i_66_n_0
    SLICE_X30Y28         CARRY4 (Prop_carry4_CI_CO[3])
                                                      0.117     5.446 r  design_1_i/RFC8439_0/inst/RFC8439_v1_0_S00_AXI_inst/Rfc8439_core/u_poly1305/mac_tag_reg[3]_i_61/CO[3]
                         net (fo=1, routed)           0.000     5.446    design_1_i/RFC8439_0/inst/RFC8439_v1_0_S00_AXI_inst/Rfc8439_core/u_poly1305/mac_tag_reg[3]_i_61_n_0
    SLICE_X30Y29         CARRY4 (Prop_carry4_CI_CO[3])
                                                      0.117     5.563 r  design_1_i/RFC8439_0/inst/RFC8439_v1_0_S00_AXI_inst/Rfc8439_core/u_poly1305/mac_tag_reg[3]_i_56/CO[3]
                         net (fo=1, routed)           0.000     5.563    design_1_i/RFC8439_0/inst/RFC8439_v1_0_S00_AXI_inst/Rfc8439_core/u_poly1305/mac_tag_reg[3]_i_56_n_0
    SLICE_X30Y30         CARRY4 (Prop_carry4_CI_CO[3])
                                                      0.117     5.680 r  design_1_i/RFC8439_0/inst/RFC8439_v1_0_S00_AXI_inst/Rfc8439_core/u_poly1305/mac_tag_reg[3]_i_51/CO[3]
                         net (fo=1, routed)           0.000     5.680    design_1_i/RFC8439_0/inst/RFC8439_v1_0_S00_AXI_inst/Rfc8439_core/u_poly1305/mac_tag_reg[3]_i_51_n_0
    SLICE_X30Y31         CARRY4 (Prop_carry4_CI_CO[3])
                                                      0.117     5.797 r  design_1_i/RFC8439_0/inst/RFC8439_v1_0_S00_AXI_inst/Rfc8439_core/u_poly1305/mac_tag_reg[3]_i_46/CO[3]
                         net (fo=1, routed)           0.000     5.797    design_1_i/RFC8439_0/inst/RFC8439_v1_0_S00_AXI_inst/Rfc8439_core/u_poly1305/mac_tag_reg[3]_i_46_n_0
    SLICE_X30Y32         CARRY4 (Prop_carry4_CI_CO[3])
                                                      0.117     5.914 r  design_1_i/RFC8439_0/inst/RFC8439_v1_0_S00_AXI_inst/Rfc8439_core/u_poly1305/mac_tag_reg[3]_i_41/CO[3]
                         net (fo=1, routed)           0.000     5.914    design_1_i/RFC8439_0/inst/RFC8439_v1_0_S00_AXI_inst/Rfc8439_core/u_poly1305/mac_tag_reg[3]_i_41_n_0
    SLICE_X30Y33         CARRY4 (Prop_carry4_CI_CO[3])
                                                      0.117     6.031 r  design_1_i/RFC8439_0/inst/RFC8439_v1_0_S00_AXI_inst/Rfc8439_core/u_poly1305/mac_tag_reg[3]_i_36/CO[3]
                         net (fo=1, routed)           0.000     6.031    design_1_i/RFC8439_0/inst/RFC8439_v1_0_S00_AXI_inst/Rfc8439_core/u_poly1305/mac_tag_reg[3]_i_36_n_0
    SLICE_X30Y34         CARRY4 (Prop_carry4_CI_CO[3])
                                                      0.117     6.148 r  design_1_i/RFC8439_0/inst/RFC8439_v1_0_S00_AXI_inst/Rfc8439_core/u_poly1305/mac_tag_reg[3]_i_31/CO[3]
                         net (fo=1, routed)           0.000     6.148    design_1_i/RFC8439_0/inst/RFC8439_v1_0_S00_AXI_inst/Rfc8439_core/u_poly1305/mac_tag_reg[3]_i_31_n_0
    SLICE_X30Y35         CARRY4 (Prop_carry4_CI_CO[3])
                                                      0.117     6.265 r  design_1_i/RFC8439_0/inst/RFC8439_v1_0_S00_AXI_inst/Rfc8439_core/u_poly1305/mac_tag_reg[3]_i_26/CO[3]
                         net (fo=1, routed)           0.000     6.265    design_1_i/RFC8439_0/inst/RFC8439_v1_0_S00_AXI_inst/Rfc8439_core/u_poly1305/mac_tag_reg[3]_i_26_n_0
    SLICE_X30Y36         CARRY4 (Prop_carry4_CI_CO[3])
                                                      0.117     6.382 r  design_1_i/RFC8439_0/inst/RFC8439_v1_0_S00_AXI_inst/Rfc8439_core/u_poly1305/mac_tag_reg[3]_i_21/CO[3]
                         net (fo=1, routed)           0.000     6.382    design_1_i/RFC8439_0/inst/RFC8439_v1_0_S00_AXI_inst/Rfc8439_core/u_poly1305/mac_tag_reg[3]_i_21_n_0
    SLICE_X30Y37         CARRY4 (Prop_carry4_CI_CO[3])
                                                      0.117     6.499 r  design_1_i/RFC8439_0/inst/RFC8439_v1_0_S00_AXI_inst/Rfc8439_core/u_poly1305/mac_tag_reg[3]_i_16/CO[3]
                         net (fo=1, routed)           0.000     6.499    design_1_i/RFC8439_0/inst/RFC8439_v1_0_S00_AXI_inst/Rfc8439_core/u_poly1305/mac_tag_reg[3]_i_16_n_0
    SLICE_X30Y38         CARRY4 (Prop_carry4_CI_CO[3])
                                                      0.117     6.616 r  design_1_i/RFC8439_0/inst/RFC8439_v1_0_S00_AXI_inst/Rfc8439_core/u_poly1305/mac_tag_reg[3]_i_11/CO[3]
                         net (fo=1, routed)           0.000     6.616    design_1_i/RFC8439_0/inst/RFC8439_v1_0_S00_AXI_inst/Rfc8439_core/u_poly1305/mac_tag_reg[3]_i_11_n_0
    SLICE_X30Y39         CARRY4 (Prop_carry4_CI_CO[3])
                                                      0.117     6.733 r  design_1_i/RFC8439_0/inst/RFC8439_v1_0_S00_AXI_inst/Rfc8439_core/u_poly1305/mac_tag_reg[3]_i_8/CO[3]
                         net (fo=1, routed)           0.000     6.733    design_1_i/RFC8439_0/inst/RFC8439_v1_0_S00_AXI_inst/Rfc8439_core/u_poly1305/mac_tag_reg[3]_i_8_n_0
    SLICE_X30Y40         CARRY4 (Prop_carry4_CI_CO[0])
                                                      0.254     6.987 r  design_1_i/RFC8439_0/inst/RFC8439_v1_0_S00_AXI_inst/Rfc8439_core/u_poly1305/mac_tag_reg[3]_i_3/CO[0]
                         net (fo=4, routed)           1.244     8.232    design_1_i/RFC8439_0/inst/RFC8439_v1_0_S00_AXI_inst/Rfc8439_core/u_poly1305/h_mod1
    SLICE_X31Y22         LUT2 (Prop_lut2_I0_O)        0.367     8.599 r  design_1_i/RFC8439_0/inst/RFC8439_v1_0_S00_AXI_inst/Rfc8439_core/u_poly1305/mac_tag[3]_i_7/O
                         net (fo=1, routed)           0.000     8.599    design_1_i/RFC8439_0/inst/RFC8439_v1_0_S00_AXI_inst/Rfc8439_core/u_poly1305/mac_tag[3]_i_7_n_0
    SLICE_X31Y22         CARRY4 (Prop_carry4_S[0]_CO[3])
                                                      0.532     9.131 r  design_1_i/RFC8439_0/inst/RFC8439_v1_0_S00_AXI_inst/Rfc8439_core/u_poly1305/mac_tag_reg[3]_i_1/CO[3]
                         net (fo=1, routed)           0.000     9.131    design_1_i/RFC8439_0/inst/RFC8439_v1_0_S00_AXI_inst/Rfc8439_core/u_poly1305/mac_tag_reg[3]_i_1_n_0
    SLICE_X31Y23         CARRY4 (Prop_carry4_CI_CO[3])
                                                      0.114     9.245 r  design_1_i/RFC8439_0/inst/RFC8439_v1_0_S00_AXI_inst/Rfc8439_core/u_poly1305/mac_tag_reg[7]_i_1/CO[3]
                         net (fo=1, routed)           0.000     9.245    design_1_i/RFC8439_0/inst/RFC8439_v1_0_S00_AXI_inst/Rfc8439_core/u_poly1305/mac_tag_reg[7]_i_1_n_0
    SLICE_X31Y24         CARRY4 (Prop_carry4_CI_CO[3])
                                                      0.114     9.359 r  design_1_i/RFC8439_0/inst/RFC8439_v1_0_S00_AXI_inst/Rfc8439_core/u_poly1305/mac_tag_reg[11]_i_1/CO[3]
                         net (fo=1, routed)           0.009     9.368    design_1_i/RFC8439_0/inst/RFC8439_v1_0_S00_AXI_inst/Rfc8439_core/u_poly1305/mac_tag_reg[11]_i_1_n_0
    SLICE_X31Y25         CARRY4 (Prop_carry4_CI_CO[3])
                                                      0.114     9.482 r  design_1_i/RFC8439_0/inst/RFC8439_v1_0_S00_AXI_inst/Rfc8439_core/u_poly1305/mac_tag_reg[15]_i_1/CO[3]
                         net (fo=1, routed)           0.000     9.482    design_1_i/RFC8439_0/inst/RFC8439_v1_0_S00_AXI_inst/Rfc8439_core/u_poly1305/mac_tag_reg[15]_i_1_n_0
    SLICE_X31Y26         CARRY4 (Prop_carry4_CI_CO[3])
                                                      0.114     9.596 r  design_1_i/RFC8439_0/inst/RFC8439_v1_0_S00_AXI_inst/Rfc8439_core/u_poly1305/mac_tag_reg[19]_i_1/CO[3]
                         net (fo=1, routed)           0.000     9.596    design_1_i/RFC8439_0/inst/RFC8439_v1_0_S00_AXI_inst/Rfc8439_core/u_poly1305/mac_tag_reg[19]_i_1_n_0
    SLICE_X31Y27         CARRY4 (Prop_carry4_CI_CO[3])
                                                      0.114     9.710 r  design_1_i/RFC8439_0/inst/RFC8439_v1_0_S00_AXI_inst/Rfc8439_core/u_poly1305/mac_tag_reg[23]_i_1/CO[3]
                         net (fo=1, routed)           0.000     9.710    design_1_i/RFC8439_0/inst/RFC8439_v1_0_S00_AXI_inst/Rfc8439_core/u_poly1305/mac_tag_reg[23]_i_1_n_0
    SLICE_X31Y28         CARRY4 (Prop_carry4_CI_CO[3])
                                                      0.114     9.824 r  design_1_i/RFC8439_0/inst/RFC8439_v1_0_S00_AXI_inst/Rfc8439_core/u_poly1305/mac_tag_reg[27]_i_1/CO[3]
                         net (fo=1, routed)           0.000     9.824    design_1_i/RFC8439_0/inst/RFC8439_v1_0_S00_AXI_inst/Rfc8439_core/u_poly1305/mac_tag_reg[27]_i_1_n_0
    SLICE_X31Y29         CARRY4 (Prop_carry4_CI_CO[3])
                                                      0.114     9.938 r  design_1_i/RFC8439_0/inst/RFC8439_v1_0_S00_AXI_inst/Rfc8439_core/u_poly1305/mac_tag_reg[31]_i_1/CO[3]
                         net (fo=1, routed)           0.000     9.938    design_1_i/RFC8439_0/inst/RFC8439_v1_0_S00_AXI_inst/Rfc8439_core/u_poly1305/mac_tag_reg[31]_i_1_n_0
    SLICE_X31Y30         CARRY4 (Prop_carry4_CI_CO[3])
                                                      0.114    10.052 r  design_1_i/RFC8439_0/inst/RFC8439_v1_0_S00_AXI_inst/Rfc8439_core/u_poly1305/mac_tag_reg[35]_i_1/CO[3]
                         net (fo=1, routed)           0.000    10.052    design_1_i/RFC8439_0/inst/RFC8439_v1_0_S00_AXI_inst/Rfc8439_core/u_poly1305/mac_tag_reg[35]_i_1_n_0
    SLICE_X31Y31         CARRY4 (Prop_carry4_CI_CO[3])
                                                      0.114    10.166 r  design_1_i/RFC8439_0/inst/RFC8439_v1_0_S00_AXI_inst/Rfc8439_core/u_poly1305/mac_tag_reg[39]_i_1/CO[3]
                         net (fo=1, routed)           0.000    10.166    design_1_i/RFC8439_0/inst/RFC8439_v1_0_S00_AXI_inst/Rfc8439_core/u_poly1305/mac_tag_reg[39]_i_1_n_0
    SLICE_X31Y32         CARRY4 (Prop_carry4_CI_CO[3])
                                                      0.114    10.280 r  design_1_i/RFC8439_0/inst/RFC8439_v1_0_S00_AXI_inst/Rfc8439_core/u_poly1305/mac_tag_reg[43]_i_1/CO[3]
                         net (fo=1, routed)           0.000    10.280    design_1_i/RFC8439_0/inst/RFC8439_v1_0_S00_AXI_inst/Rfc8439_core/u_poly1305/mac_tag_reg[43]_i_1_n_0
    SLICE_X31Y33         CARRY4 (Prop_carry4_CI_CO[3])
                                                      0.114    10.394 r  design_1_i/RFC8439_0/inst/RFC8439_v1_0_S00_AXI_inst/Rfc8439_core/u_poly1305/mac_tag_reg[47]_i_1/CO[3]
                         net (fo=1, routed)           0.000    10.394    design_1_i/RFC8439_0/inst/RFC8439_v1_0_S00_AXI_inst/Rfc8439_core/u_poly1305/mac_tag_reg[47]_i_1_n_0
    SLICE_X31Y34         CARRY4 (Prop_carry4_CI_CO[3])
                                                      0.114    10.508 r  design_1_i/RFC8439_0/inst/RFC8439_v1_0_S00_AXI_inst/Rfc8439_core/u_poly1305/mac_tag_reg[51]_i_1/CO[3]
                         net (fo=1, routed)           0.000    10.508    design_1_i/RFC8439_0/inst/RFC8439_v1_0_S00_AXI_inst/Rfc8439_core/u_poly1305/mac_tag_reg[51]_i_1_n_0
    SLICE_X31Y35         CARRY4 (Prop_carry4_CI_CO[3])
                                                      0.114    10.622 r  design_1_i/RFC8439_0/inst/RFC8439_v1_0_S00_AXI_inst/Rfc8439_core/u_poly1305/mac_tag_reg[55]_i_1/CO[3]
                         net (fo=1, routed)           0.000    10.622    design_1_i/RFC8439_0/inst/RFC8439_v1_0_S00_AXI_inst/Rfc8439_core/u_poly1305/mac_tag_reg[55]_i_1_n_0
    SLICE_X31Y36         CARRY4 (Prop_carry4_CI_CO[3])
                                                      0.114    10.736 r  design_1_i/RFC8439_0/inst/RFC8439_v1_0_S00_AXI_inst/Rfc8439_core/u_poly1305/mac_tag_reg[59]_i_1/CO[3]
                         net (fo=1, routed)           0.000    10.736    design_1_i/RFC8439_0/inst/RFC8439_v1_0_S00_AXI_inst/Rfc8439_core/u_poly1305/mac_tag_reg[59]_i_1_n_0
    SLICE_X31Y37         CARRY4 (Prop_carry4_CI_CO[3])
                                                      0.114    10.850 r  design_1_i/RFC8439_0/inst/RFC8439_v1_0_S00_AXI_inst/Rfc8439_core/u_poly1305/mac_tag_reg[63]_i_1/CO[3]
                         net (fo=1, routed)           0.000    10.850    design_1_i/RFC8439_0/inst/RFC8439_v1_0_S00_AXI_inst/Rfc8439_core/u_poly1305/mac_tag_reg[63]_i_1_n_0
    SLICE_X31Y38         CARRY4 (Prop_carry4_CI_CO[3])
                                                      0.114    10.964 r  design_1_i/RFC8439_0/inst/RFC8439_v1_0_S00_AXI_inst/Rfc8439_core/u_poly1305/mac_tag_reg[67]_i_1/CO[3]
                         net (fo=1, routed)           0.000    10.964    design_1_i/RFC8439_0/inst/RFC8439_v1_0_S00_AXI_inst/Rfc8439_core/u_poly1305/mac_tag_reg[67]_i_1_n_0
    SLICE_X31Y39         CARRY4 (Prop_carry4_CI_CO[3])
                                                      0.114    11.078 r  design_1_i/RFC8439_0/inst/RFC8439_v1_0_S00_AXI_inst/Rfc8439_core/u_poly1305/mac_tag_reg[71]_i_1/CO[3]
                         net (fo=1, routed)           0.000    11.078    design_1_i/RFC8439_0/inst/RFC8439_v1_0_S00_AXI_inst/Rfc8439_core/u_poly1305/mac_tag_reg[71]_i_1_n_0
    SLICE_X31Y40         CARRY4 (Prop_carry4_CI_CO[3])
                                                      0.114    11.192 r  design_1_i/RFC8439_0/inst/RFC8439_v1_0_S00_AXI_inst/Rfc8439_core/u_poly1305/mac_tag_reg[75]_i_1/CO[3]
                         net (fo=1, routed)           0.000    11.192    design_1_i/RFC8439_0/inst/RFC8439_v1_0_S00_AXI_inst/Rfc8439_core/u_poly1305/mac_tag_reg[75]_i_1_n_0
    SLICE_X31Y41         CARRY4 (Prop_carry4_CI_CO[3])
                                                      0.114    11.306 r  design_1_i/RFC8439_0/inst/RFC8439_v1_0_S00_AXI_inst/Rfc8439_core/u_poly1305/mac_tag_reg[79]_i_1/CO[3]
                         net (fo=1, routed)           0.000    11.306    design_1_i/RFC8439_0/inst/RFC8439_v1_0_S00_AXI_inst/Rfc8439_core/u_poly1305/mac_tag_reg[79]_i_1_n_0
    SLICE_X31Y42         CARRY4 (Prop_carry4_CI_CO[3])
                                                      0.114    11.420 r  design_1_i/RFC8439_0/inst/RFC8439_v1_0_S00_AXI_inst/Rfc8439_core/u_poly1305/mac_tag_reg[83]_i_1/CO[3]
                         net (fo=1, routed)           0.000    11.420    design_1_i/RFC8439_0/inst/RFC8439_v1_0_S00_AXI_inst/Rfc8439_core/u_poly1305/mac_tag_reg[83]_i_1_n_0
    SLICE_X31Y43         CARRY4 (Prop_carry4_CI_CO[3])
                                                      0.114    11.534 r  design_1_i/RFC8439_0/inst/RFC8439_v1_0_S00_AXI_inst/Rfc8439_core/u_poly1305/mac_tag_reg[87]_i_1/CO[3]
                         net (fo=1, routed)           0.000    11.534    design_1_i/RFC8439_0/inst/RFC8439_v1_0_S00_AXI_inst/Rfc8439_core/u_poly1305/mac_tag_reg[87]_i_1_n_0
    SLICE_X31Y44         CARRY4 (Prop_carry4_CI_CO[3])
                                                      0.114    11.648 r  design_1_i/RFC8439_0/inst/RFC8439_v1_0_S00_AXI_inst/Rfc8439_core/u_poly1305/mac_tag_reg[91]_i_1/CO[3]
                         net (fo=1, routed)           0.000    11.648    design_1_i/RFC8439_0/inst/RFC8439_v1_0_S00_AXI_inst/Rfc8439_core/u_poly1305/mac_tag_reg[91]_i_1_n_0
    SLICE_X31Y45         CARRY4 (Prop_carry4_CI_CO[3])
                                                      0.114    11.762 r  design_1_i/RFC8439_0/inst/RFC8439_v1_0_S00_AXI_inst/Rfc8439_core/u_poly1305/mac_tag_reg[95]_i_1/CO[3]
                         net (fo=1, routed)           0.000    11.762    design_1_i/RFC8439_0/inst/RFC8439_v1_0_S00_AXI_inst/Rfc8439_core/u_poly1305/mac_tag_reg[95]_i_1_n_0
    SLICE_X31Y46         CARRY4 (Prop_carry4_CI_CO[3])
                                                      0.114    11.876 r  design_1_i/RFC8439_0/inst/RFC8439_v1_0_S00_AXI_inst/Rfc8439_core/u_poly1305/mac_tag_reg[99]_i_1/CO[3]
                         net (fo=1, routed)           0.000    11.876    design_1_i/RFC8439_0/inst/RFC8439_v1_0_S00_AXI_inst/Rfc8439_core/u_poly1305/mac_tag_reg[99]_i_1_n_0
    SLICE_X31Y47         CARRY4 (Prop_carry4_CI_CO[3])
                                                      0.114    11.990 r  design_1_i/RFC8439_0/inst/RFC8439_v1_0_S00_AXI_inst/Rfc8439_core/u_poly1305/mac_tag_reg[103]_i_1/CO[3]
                         net (fo=1, routed)           0.000    11.990    design_1_i/RFC8439_0/inst/RFC8439_v1_0_S00_AXI_inst/Rfc8439_core/u_poly1305/mac_tag_reg[103]_i_1_n_0
    SLICE_X31Y48         CARRY4 (Prop_carry4_CI_CO[3])
                                                      0.114    12.104 r  design_1_i/RFC8439_0/inst/RFC8439_v1_0_S00_AXI_inst/Rfc8439_core/u_poly1305/mac_tag_reg[107]_i_1/CO[3]
                         net (fo=1, routed)           0.000    12.104    design_1_i/RFC8439_0/inst/RFC8439_v1_0_S00_AXI_inst/Rfc8439_core/u_poly1305/mac_tag_reg[107]_i_1_n_0
    SLICE_X31Y49         CARRY4 (Prop_carry4_CI_CO[3])
                                                      0.114    12.218 r  design_1_i/RFC8439_0/inst/RFC8439_v1_0_S00_AXI_inst/Rfc8439_core/u_poly1305/mac_tag_reg[111]_i_1/CO[3]
                         net (fo=1, routed)           0.001    12.218    design_1_i/RFC8439_0/inst/RFC8439_v1_0_S00_AXI_inst/Rfc8439_core/u_poly1305/mac_tag_reg[111]_i_1_n_0
    SLICE_X31Y50         CARRY4 (Prop_carry4_CI_CO[3])
                                                      0.114    12.332 r  design_1_i/RFC8439_0/inst/RFC8439_v1_0_S00_AXI_inst/Rfc8439_core/u_poly1305/mac_tag_reg[115]_i_1/CO[3]
                         net (fo=1, routed)           0.000    12.332    design_1_i/RFC8439_0/inst/RFC8439_v1_0_S00_AXI_inst/Rfc8439_core/u_poly1305/mac_tag_reg[115]_i_1_n_0
    SLICE_X31Y51         CARRY4 (Prop_carry4_CI_CO[3])
                                                      0.114    12.446 r  design_1_i/RFC8439_0/inst/RFC8439_v1_0_S00_AXI_inst/Rfc8439_core/u_poly1305/mac_tag_reg[119]_i_1/CO[3]
                         net (fo=1, routed)           0.000    12.446    design_1_i/RFC8439_0/inst/RFC8439_v1_0_S00_AXI_inst/Rfc8439_core/u_poly1305/mac_tag_reg[119]_i_1_n_0
    SLICE_X31Y52         CARRY4 (Prop_carry4_CI_CO[3])
                                                      0.114    12.560 r  design_1_i/RFC8439_0/inst/RFC8439_v1_0_S00_AXI_inst/Rfc8439_core/u_poly1305/mac_tag_reg[123]_i_1/CO[3]
                         net (fo=1, routed)           0.000    12.560    design_1_i/RFC8439_0/inst/RFC8439_v1_0_S00_AXI_inst/Rfc8439_core/u_poly1305/mac_tag_reg[123]_i_1_n_0
    SLICE_X31Y53         CARRY4 (Prop_carry4_CI_O[3])
                                                      0.313    12.873 r  design_1_i/RFC8439_0/inst/RFC8439_v1_0_S00_AXI_inst/Rfc8439_core/u_poly1305/mac_tag_reg[127]_i_2/O[3]
                         net (fo=1, routed)           0.000    12.873    design_1_i/RFC8439_0/inst/RFC8439_v1_0_S00_AXI_inst/Rfc8439_core/u_poly1305/mac_tag_reg[127]_i_2_n_4
    SLICE_X31Y53         FDCE                                         r  design_1_i/RFC8439_0/inst/RFC8439_v1_0_S00_AXI_inst/Rfc8439_core/u_poly1305/mac_tag_reg[127]/D
  -------------------------------------------------------------------    -------------------

                         (clock clk_fpga_0 rise edge)
                                                     10.000    10.000 r  
    PS7_X0Y0             PS7                          0.000    10.000 r  design_1_i/processing_system7_0/inst/PS7_i/FCLKCLK[0]
                         net (fo=1, routed)           1.088    11.088    design_1_i/processing_system7_0/inst/FCLK_CLK_unbuffered[0]
    BUFGCTRL_X0Y16       BUFG (Prop_bufg_I_O)         0.091    11.179 r  design_1_i/processing_system7_0/inst/buffer_fclk_clk_0.FCLK_CLK_0_BUFG/O
                         net (fo=13923, routed)       1.525    12.704    design_1_i/RFC8439_0/inst/RFC8439_v1_0_S00_AXI_inst/Rfc8439_core/u_poly1305/s00_axi_aclk
    SLICE_X31Y53         FDCE                                         r  design_1_i/RFC8439_0/inst/RFC8439_v1_0_S00_AXI_inst/Rfc8439_core/u_poly1305/mac_tag_reg[127]/C
                         clock pessimism              0.115    12.819    
                         clock uncertainty           -0.154    12.665    
    SLICE_X31Y53         FDCE (Setup_fdce_C_D)        0.062    12.727    design_1_i/RFC8439_0/inst/RFC8439_v1_0_S00_AXI_inst/Rfc8439_core/u_poly1305/mac_tag_reg[127]
  -------------------------------------------------------------------
                         required time                         12.727    
                         arrival time                         -12.873    
  -------------------------------------------------------------------
                         slack                                 -0.147    

Slack (VIOLATED) :        -0.073ns  (required time - arrival time)
  Source:                 design_1_i/RFC8439_0/inst/RFC8439_v1_0_S00_AXI_inst/Rfc8439_core/u_poly1305/h_full_reg[0]/C
                            (rising edge-triggered cell FDCE clocked by clk_fpga_0  {rise@0.000ns fall@5.000ns period=10.000ns})
  Destination:            design_1_i/RFC8439_0/inst/RFC8439_v1_0_S00_AXI_inst/Rfc8439_core/u_poly1305/mac_tag_reg[126]/D
                            (rising edge-triggered cell FDCE clocked by clk_fpga_0  {rise@0.000ns fall@5.000ns period=10.000ns})
  Path Group:             clk_fpga_0
  Path Type:              Setup (Max at Slow Process Corner)
  Requirement:            10.000ns  (clk_fpga_0 rise@10.000ns - clk_fpga_0 rise@0.000ns)
  Data Path Delay:        9.772ns  (logic 7.742ns (79.224%)  route 2.030ns (20.776%))
  Logic Levels:           51  (CARRY4=49 LUT2=2)
  Clock Path Skew:        -0.208ns (DCD - SCD + CPR)
    Destination Clock Delay (DCD):    2.704ns = ( 12.704 - 10.000 ) 
    Source Clock Delay      (SCD):    3.027ns
    Clock Pessimism Removal (CPR):    0.115ns
  Clock Uncertainty:      0.154ns  ((TSJ^2 + TIJ^2)^1/2 + DJ) / 2 + PE
    Total System Jitter     (TSJ):    0.071ns
    Total Input Jitter      (TIJ):    0.300ns
    Discrete Jitter          (DJ):    0.000ns
    Phase Error              (PE):    0.000ns

    Location             Delay type                Incr(ns)  Path(ns)    Netlist Resource(s)
  -------------------------------------------------------------------    -------------------
                         (clock clk_fpga_0 rise edge)
                                                      0.000     0.000 r  
    PS7_X0Y0             PS7                          0.000     0.000 r  design_1_i/processing_system7_0/inst/PS7_i/FCLKCLK[0]
                         net (fo=1, routed)           1.193     1.193    design_1_i/processing_system7_0/inst/FCLK_CLK_unbuffered[0]
    BUFGCTRL_X0Y16       BUFG (Prop_bufg_I_O)         0.101     1.294 r  design_1_i/processing_system7_0/inst/buffer_fclk_clk_0.FCLK_CLK_0_BUFG/O
                         net (fo=13923, routed)       1.733     3.027    design_1_i/RFC8439_0/inst/RFC8439_v1_0_S00_AXI_inst/Rfc8439_core/u_poly1305/s00_axi_aclk
    SLICE_X31Y21         FDCE                                         r  design_1_i/RFC8439_0/inst/RFC8439_v1_0_S00_AXI_inst/Rfc8439_core/u_poly1305/h_full_reg[0]/C
  -------------------------------------------------------------------    -------------------
    SLICE_X31Y21         FDCE (Prop_fdce_C_Q)         0.456     3.483 r  design_1_i/RFC8439_0/inst/RFC8439_v1_0_S00_AXI_inst/Rfc8439_core/u_poly1305/h_full_reg[0]/Q
                         net (fo=2, routed)           0.294     3.777    design_1_i/RFC8439_0/inst/RFC8439_v1_0_S00_AXI_inst/Rfc8439_core/u_poly1305/h_full[0]
    SLICE_X30Y21         LUT2 (Prop_lut2_I0_O)        0.124     3.901 r  design_1_i/RFC8439_0/inst/RFC8439_v1_0_S00_AXI_inst/Rfc8439_core/u_poly1305/mac_tag[3]_i_86/O
                         net (fo=1, routed)           0.473     4.374    design_1_i/RFC8439_0/inst/RFC8439_v1_0_S00_AXI_inst/Rfc8439_core/u_poly1305/mac_tag[3]_i_86_n_0
    SLICE_X30Y24         CARRY4 (Prop_carry4_CYINIT_CO[3])
                                                      0.595     4.969 r  design_1_i/RFC8439_0/inst/RFC8439_v1_0_S00_AXI_inst/Rfc8439_core/u_poly1305/mac_tag_reg[3]_i_81/CO[3]
                         net (fo=1, routed)           0.009     4.978    design_1_i/RFC8439_0/inst/RFC8439_v1_0_S00_AXI_inst/Rfc8439_core/u_poly1305/mac_tag_reg[3]_i_81_n_0
    SLICE_X30Y25         CARRY4 (Prop_carry4_CI_CO[3])
                                                      0.117     5.095 r  design_1_i/RFC8439_0/inst/RFC8439_v1_0_S00_AXI_inst/Rfc8439_core/u_poly1305/mac_tag_reg[3]_i_76/CO[3]
                         net (fo=1, routed)           0.000     5.095    design_1_i/RFC8439_0/inst/RFC8439_v1_0_S00_AXI_inst/Rfc8439_core/u_poly1305/mac_tag_reg[3]_i_76_n_0
    SLICE_X30Y26         CARRY4 (Prop_carry4_CI_CO[3])
                                                      0.117     5.212 r  design_1_i/RFC8439_0/inst/RFC8439_v1_0_S00_AXI_inst/Rfc8439_core/u_poly1305/mac_tag_reg[3]_i_71/CO[3]
                         net (fo=1, routed)           0.000     5.212    design_1_i/RFC8439_0/inst/RFC8439_v1_0_S00_AXI_inst/Rfc8439_core/u_poly1305/mac_tag_reg[3]_i_71_n_0
    SLICE_X30Y27         CARRY4 (Prop_carry4_CI_CO[3])
                                                      0.117     5.329 r  design_1_i/RFC8439_0/inst/RFC8439_v1_0_S00_AXI_inst/Rfc8439_core/u_poly1305/mac_tag_reg[3]_i_66/CO[3]
                         net (fo=1, routed)           0.000     5.329    design_1_i/RFC8439_0/inst/RFC8439_v1_0_S00_AXI_inst/Rfc8439_core/u_poly1305/mac_tag_reg[3]_i_66_n_0
    SLICE_X30Y28         CARRY4 (Prop_carry4_CI_CO[3])
                                                      0.117     5.446 r  design_1_i/RFC8439_0/inst/RFC8439_v1_0_S00_AXI_inst/Rfc8439_core/u_poly1305/mac_tag_reg[3]_i_61/CO[3]
                         net (fo=1, routed)           0.000     5.446    design_1_i/RFC8439_0/inst/RFC8439_v1_0_S00_AXI_inst/Rfc8439_core/u_poly1305/mac_tag_reg[3]_i_61_n_0
    SLICE_X30Y29         CARRY4 (Prop_carry4_CI_CO[3])
                                                      0.117     5.563 r  design_1_i/RFC8439_0/inst/RFC8439_v1_0_S00_AXI_inst/Rfc8439_core/u_poly1305/mac_tag_reg[3]_i_56/CO[3]
                         net (fo=1, routed)           0.000     5.563    design_1_i/RFC8439_0/inst/RFC8439_v1_0_S00_AXI_inst/Rfc8439_core/u_poly1305/mac_tag_reg[3]_i_56_n_0
    SLICE_X30Y30         CARRY4 (Prop_carry4_CI_CO[3])
                                                      0.117     5.680 r  design_1_i/RFC8439_0/inst/RFC8439_v1_0_S00_AXI_inst/Rfc8439_core/u_poly1305/mac_tag_reg[3]_i_51/CO[3]
                         net (fo=1, routed)           0.000     5.680    design_1_i/RFC8439_0/inst/RFC8439_v1_0_S00_AXI_inst/Rfc8439_core/u_poly1305/mac_tag_reg[3]_i_51_n_0
    SLICE_X30Y31         CARRY4 (Prop_carry4_CI_CO[3])
                                                      0.117     5.797 r  design_1_i/RFC8439_0/inst/RFC8439_v1_0_S00_AXI_inst/Rfc8439_core/u_poly1305/mac_tag_reg[3]_i_46/CO[3]
                         net (fo=1, routed)           0.000     5.797    design_1_i/RFC8439_0/inst/RFC8439_v1_0_S00_AXI_inst/Rfc8439_core/u_poly1305/mac_tag_reg[3]_i_46_n_0
    SLICE_X30Y32         CARRY4 (Prop_carry4_CI_CO[3])
                                                      0.117     5.914 r  design_1_i/RFC8439_0/inst/RFC8439_v1_0_S00_AXI_inst/Rfc8439_core/u_poly1305/mac_tag_reg[3]_i_41/CO[3]
                         net (fo=1, routed)           0.000     5.914    design_1_i/RFC8439_0/inst/RFC8439_v1_0_S00_AXI_inst/Rfc8439_core/u_poly1305/mac_tag_reg[3]_i_41_n_0
    SLICE_X30Y33         CARRY4 (Prop_carry4_CI_CO[3])
                                                      0.117     6.031 r  design_1_i/RFC8439_0/inst/RFC8439_v1_0_S00_AXI_inst/Rfc8439_core/u_poly1305/mac_tag_reg[3]_i_36/CO[3]
                         net (fo=1, routed)           0.000     6.031    design_1_i/RFC8439_0/inst/RFC8439_v1_0_S00_AXI_inst/Rfc8439_core/u_poly1305/mac_tag_reg[3]_i_36_n_0
    SLICE_X30Y34         CARRY4 (Prop_carry4_CI_CO[3])
                                                      0.117     6.148 r  design_1_i/RFC8439_0/inst/RFC8439_v1_0_S00_AXI_inst/Rfc8439_core/u_poly1305/mac_tag_reg[3]_i_31/CO[3]
                         net (fo=1, routed)           0.000     6.148    design_1_i/RFC8439_0/inst/RFC8439_v1_0_S00_AXI_inst/Rfc8439_core/u_poly1305/mac_tag_reg[3]_i_31_n_0
    SLICE_X30Y35         CARRY4 (Prop_carry4_CI_CO[3])
                                                      0.117     6.265 r  design_1_i/RFC8439_0/inst/RFC8439_v1_0_S00_AXI_inst/Rfc8439_core/u_poly1305/mac_tag_reg[3]_i_26/CO[3]
                         net (fo=1, routed)           0.000     6.265    design_1_i/RFC8439_0/inst/RFC8439_v1_0_S00_AXI_inst/Rfc8439_core/u_poly1305/mac_tag_reg[3]_i_26_n_0
    SLICE_X30Y36         CARRY4 (Prop_carry4_CI_CO[3])
                                                      0.117     6.382 r  design_1_i/RFC8439_0/inst/RFC8439_v1_0_S00_AXI_inst/Rfc8439_core/u_poly1305/mac_tag_reg[3]_i_21/CO[3]
                         net (fo=1, routed)           0.000     6.382    design_1_i/RFC8439_0/inst/RFC8439_v1_0_S00_AXI_inst/Rfc8439_core/u_poly1305/mac_tag_reg[3]_i_21_n_0
    SLICE_X30Y37         CARRY4 (Prop_carry4_CI_CO[3])
                                                      0.117     6.499 r  design_1_i/RFC8439_0/inst/RFC8439_v1_0_S00_AXI_inst/Rfc8439_core/u_poly1305/mac_tag_reg[3]_i_16/CO[3]
                         net (fo=1, routed)           0.000     6.499    design_1_i/RFC8439_0/inst/RFC8439_v1_0_S00_AXI_inst/Rfc8439_core/u_poly1305/mac_tag_reg[3]_i_16_n_0
    SLICE_X30Y38         CARRY4 (Prop_carry4_CI_CO[3])
                                                      0.117     6.616 r  design_1_i/RFC8439_0/inst/RFC8439_v1_0_S00_AXI_inst/Rfc8439_core/u_poly1305/mac_tag_reg[3]_i_11/CO[3]
                         net (fo=1, routed)           0.000     6.616    design_1_i/RFC8439_0/inst/RFC8439_v1_0_S00_AXI_inst/Rfc8439_core/u_poly1305/mac_tag_reg[3]_i_11_n_0
    SLICE_X30Y39         CARRY4 (Prop_carry4_CI_CO[3])
                                                      0.117     6.733 r  design_1_i/RFC8439_0/inst/RFC8439_v1_0_S00_AXI_inst/Rfc8439_core/u_poly1305/mac_tag_reg[3]_i_8/CO[3]
                         net (fo=1, routed)           0.000     6.733    design_1_i/RFC8439_0/inst/RFC8439_v1_0_S00_AXI_inst/Rfc8439_core/u_poly1305/mac_tag_reg[3]_i_8_n_0
    SLICE_X30Y40         CARRY4 (Prop_carry4_CI_CO[0])
                                                      0.254     6.987 r  design_1_i/RFC8439_0/inst/RFC8439_v1_0_S00_AXI_inst/Rfc8439_core/u_poly1305/mac_tag_reg[3]_i_3/CO[0]
                         net (fo=4, routed)           1.244     8.232    design_1_i/RFC8439_0/inst/RFC8439_v1_0_S00_AXI_inst/Rfc8439_core/u_poly1305/h_mod1
    SLICE_X31Y22         LUT2 (Prop_lut2_I0_O)        0.367     8.599 r  design_1_i/RFC8439_0/inst/RFC8439_v1_0_S00_AXI_inst/Rfc8439_core/u_poly1305/mac_tag[3]_i_7/O
                         net (fo=1, routed)           0.000     8.599    design_1_i/RFC8439_0/inst/RFC8439_v1_0_S00_AXI_inst/Rfc8439_core/u_poly1305/mac_tag[3]_i_7_n_0
    SLICE_X31Y22         CARRY4 (Prop_carry4_S[0]_CO[3])
                                                      0.532     9.131 r  design_1_i/RFC8439_0/inst/RFC8439_v1_0_S00_AXI_inst/Rfc8439_core/u_poly1305/mac_tag_reg[3]_i_1/CO[3]
                         net (fo=1, routed)           0.000     9.131    design_1_i/RFC8439_0/inst/RFC8439_v1_0_S00_AXI_inst/Rfc8439_core/u_poly1305/mac_tag_reg[3]_i_1_n_0
    SLICE_X31Y23         CARRY4 (Prop_carry4_CI_CO[3])
                                                      0.114     9.245 r  design_1_i/RFC8439_0/inst/RFC8439_v1_0_S00_AXI_inst/Rfc8439_core/u_poly1305/mac_tag_reg[7]_i_1/CO[3]
                         net (fo=1, routed)           0.000     9.245    design_1_i/RFC8439_0/inst/RFC8439_v1_0_S00_AXI_inst/Rfc8439_core/u_poly1305/mac_tag_reg[7]_i_1_n_0
    SLICE_X31Y24         CARRY4 (Prop_carry4_CI_CO[3])
                                                      0.114     9.359 r  design_1_i/RFC8439_0/inst/RFC8439_v1_0_S00_AXI_inst/Rfc8439_core/u_poly1305/mac_tag_reg[11]_i_1/CO[3]
                         net (fo=1, routed)           0.009     9.368    design_1_i/RFC8439_0/inst/RFC8439_v1_0_S00_AXI_inst/Rfc8439_core/u_poly1305/mac_tag_reg[11]_i_1_n_0
    SLICE_X31Y25         CARRY4 (Prop_carry4_CI_CO[3])
                                                      0.114     9.482 r  design_1_i/RFC8439_0/inst/RFC8439_v1_0_S00_AXI_inst/Rfc8439_core/u_poly1305/mac_tag_reg[15]_i_1/CO[3]
                         net (fo=1, routed)           0.000     9.482    design_1_i/RFC8439_0/inst/RFC8439_v1_0_S00_AXI_inst/Rfc8439_core/u_poly1305/mac_tag_reg[15]_i_1_n_0
    SLICE_X31Y26         CARRY4 (Prop_carry4_CI_CO[3])
                                                      0.114     9.596 r  design_1_i/RFC8439_0/inst/RFC8439_v1_0_S00_AXI_inst/Rfc8439_core/u_poly1305/mac_tag_reg[19]_i_1/CO[3]
                         net (fo=1, routed)           0.000     9.596    design_1_i/RFC8439_0/inst/RFC8439_v1_0_S00_AXI_inst/Rfc8439_core/u_poly1305/mac_tag_reg[19]_i_1_n_0
    SLICE_X31Y27         CARRY4 (Prop_carry4_CI_CO[3])
                                                      0.114     9.710 r  design_1_i/RFC8439_0/inst/RFC8439_v1_0_S00_AXI_inst/Rfc8439_core/u_poly1305/mac_tag_reg[23]_i_1/CO[3]
                         net (fo=1, routed)           0.000     9.710    design_1_i/RFC8439_0/inst/RFC8439_v1_0_S00_AXI_inst/Rfc8439_core/u_poly1305/mac_tag_reg[23]_i_1_n_0
    SLICE_X31Y28         CARRY4 (Prop_carry4_CI_CO[3])
                                                      0.114     9.824 r  design_1_i/RFC8439_0/inst/RFC8439_v1_0_S00_AXI_inst/Rfc8439_core/u_poly1305/mac_tag_reg[27]_i_1/CO[3]
                         net (fo=1, routed)           0.000     9.824    design_1_i/RFC8439_0/inst/RFC8439_v1_0_S00_AXI_inst/Rfc8439_core/u_poly1305/mac_tag_reg[27]_i_1_n_0
    SLICE_X31Y29         CARRY4 (Prop_carry4_CI_CO[3])
                                                      0.114     9.938 r  design_1_i/RFC8439_0/inst/RFC8439_v1_0_S00_AXI_inst/Rfc8439_core/u_poly1305/mac_tag_reg[31]_i_1/CO[3]
                         net (fo=1, routed)           0.000     9.938    design_1_i/RFC8439_0/inst/RFC8439_v1_0_S00_AXI_inst/Rfc8439_core/u_poly1305/mac_tag_reg[31]_i_1_n_0
    SLICE_X31Y30         CARRY4 (Prop_carry4_CI_CO[3])
                                                      0.114    10.052 r  design_1_i/RFC8439_0/inst/RFC8439_v1_0_S00_AXI_inst/Rfc8439_core/u_poly1305/mac_tag_reg[35]_i_1/CO[3]
                         net (fo=1, routed)           0.000    10.052    design_1_i/RFC8439_0/inst/RFC8439_v1_0_S00_AXI_inst/Rfc8439_core/u_poly1305/mac_tag_reg[35]_i_1_n_0
    SLICE_X31Y31         CARRY4 (Prop_carry4_CI_CO[3])
                                                      0.114    10.166 r  design_1_i/RFC8439_0/inst/RFC8439_v1_0_S00_AXI_inst/Rfc8439_core/u_poly1305/mac_tag_reg[39]_i_1/CO[3]
                         net (fo=1, routed)           0.000    10.166    design_1_i/RFC8439_0/inst/RFC8439_v1_0_S00_AXI_inst/Rfc8439_core/u_poly1305/mac_tag_reg[39]_i_1_n_0
    SLICE_X31Y32         CARRY4 (Prop_carry4_CI_CO[3])
                                                      0.114    10.280 r  design_1_i/RFC8439_0/inst/RFC8439_v1_0_S00_AXI_inst/Rfc8439_core/u_poly1305/mac_tag_reg[43]_i_1/CO[3]
                         net (fo=1, routed)           0.000    10.280    design_1_i/RFC8439_0/inst/RFC8439_v1_0_S00_AXI_inst/Rfc8439_core/u_poly1305/mac_tag_reg[43]_i_1_n_0
    SLICE_X31Y33         CARRY4 (Prop_carry4_CI_CO[3])
                                                      0.114    10.394 r  design_1_i/RFC8439_0/inst/RFC8439_v1_0_S00_AXI_inst/Rfc8439_core/u_poly1305/mac_tag_reg[47]_i_1/CO[3]
                         net (fo=1, routed)           0.000    10.394    design_1_i/RFC8439_0/inst/RFC8439_v1_0_S00_AXI_inst/Rfc8439_core/u_poly1305/mac_tag_reg[47]_i_1_n_0
    SLICE_X31Y34         CARRY4 (Prop_carry4_CI_CO[3])
                                                      0.114    10.508 r  design_1_i/RFC8439_0/inst/RFC8439_v1_0_S00_AXI_inst/Rfc8439_core/u_poly1305/mac_tag_reg[51]_i_1/CO[3]
                         net (fo=1, routed)           0.000    10.508    design_1_i/RFC8439_0/inst/RFC8439_v1_0_S00_AXI_inst/Rfc8439_core/u_poly1305/mac_tag_reg[51]_i_1_n_0
    SLICE_X31Y35         CARRY4 (Prop_carry4_CI_CO[3])
                                                      0.114    10.622 r  design_1_i/RFC8439_0/inst/RFC8439_v1_0_S00_AXI_inst/Rfc8439_core/u_poly1305/mac_tag_reg[55]_i_1/CO[3]
                         net (fo=1, routed)           0.000    10.622    design_1_i/RFC8439_0/inst/RFC8439_v1_0_S00_AXI_inst/Rfc8439_core/u_poly1305/mac_tag_reg[55]_i_1_n_0
    SLICE_X31Y36         CARRY4 (Prop_carry4_CI_CO[3])
                                                      0.114    10.736 r  design_1_i/RFC8439_0/inst/RFC8439_v1_0_S00_AXI_inst/Rfc8439_core/u_poly1305/mac_tag_reg[59]_i_1/CO[3]
                         net (fo=1, routed)           0.000    10.736    design_1_i/RFC8439_0/inst/RFC8439_v1_0_S00_AXI_inst/Rfc8439_core/u_poly1305/mac_tag_reg[59]_i_1_n_0
    SLICE_X31Y37         CARRY4 (Prop_carry4_CI_CO[3])
                                                      0.114    10.850 r  design_1_i/RFC8439_0/inst/RFC8439_v1_0_S00_AXI_inst/Rfc8439_core/u_poly1305/mac_tag_reg[63]_i_1/CO[3]
                         net (fo=1, routed)           0.000    10.850    design_1_i/RFC8439_0/inst/RFC8439_v1_0_S00_AXI_inst/Rfc8439_core/u_poly1305/mac_tag_reg[63]_i_1_n_0
    SLICE_X31Y38         CARRY4 (Prop_carry4_CI_CO[3])
                                                      0.114    10.964 r  design_1_i/RFC8439_0/inst/RFC8439_v1_0_S00_AXI_inst/Rfc8439_core/u_poly1305/mac_tag_reg[67]_i_1/CO[3]
                         net (fo=1, routed)           0.000    10.964    design_1_i/RFC8439_0/inst/RFC8439_v1_0_S00_AXI_inst/Rfc8439_core/u_poly1305/mac_tag_reg[67]_i_1_n_0
    SLICE_X31Y39         CARRY4 (Prop_carry4_CI_CO[3])
                                                      0.114    11.078 r  design_1_i/RFC8439_0/inst/RFC8439_v1_0_S00_AXI_inst/Rfc8439_core/u_poly1305/mac_tag_reg[71]_i_1/CO[3]
                         net (fo=1, routed)           0.000    11.078    design_1_i/RFC8439_0/inst/RFC8439_v1_0_S00_AXI_inst/Rfc8439_core/u_poly1305/mac_tag_reg[71]_i_1_n_0
    SLICE_X31Y40         CARRY4 (Prop_carry4_CI_CO[3])
                                                      0.114    11.192 r  design_1_i/RFC8439_0/inst/RFC8439_v1_0_S00_AXI_inst/Rfc8439_core/u_poly1305/mac_tag_reg[75]_i_1/CO[3]
                         net (fo=1, routed)           0.000    11.192    design_1_i/RFC8439_0/inst/RFC8439_v1_0_S00_AXI_inst/Rfc8439_core/u_poly1305/mac_tag_reg[75]_i_1_n_0
    SLICE_X31Y41         CARRY4 (Prop_carry4_CI_CO[3])
                                                      0.114    11.306 r  design_1_i/RFC8439_0/inst/RFC8439_v1_0_S00_AXI_inst/Rfc8439_core/u_poly1305/mac_tag_reg[79]_i_1/CO[3]
                         net (fo=1, routed)           0.000    11.306    design_1_i/RFC8439_0/inst/RFC8439_v1_0_S00_AXI_inst/Rfc8439_core/u_poly1305/mac_tag_reg[79]_i_1_n_0
    SLICE_X31Y42         CARRY4 (Prop_carry4_CI_CO[3])
                                                      0.114    11.420 r  design_1_i/RFC8439_0/inst/RFC8439_v1_0_S00_AXI_inst/Rfc8439_core/u_poly1305/mac_tag_reg[83]_i_1/CO[3]
                         net (fo=1, routed)           0.000    11.420    design_1_i/RFC8439_0/inst/RFC8439_v1_0_S00_AXI_inst/Rfc8439_core/u_poly1305/mac_tag_reg[83]_i_1_n_0
    SLICE_X31Y43         CARRY4 (Prop_carry4_CI_CO[3])
                                                      0.114    11.534 r  design_1_i/RFC8439_0/inst/RFC8439_v1_0_S00_AXI_inst/Rfc8439_core/u_poly1305/mac_tag_reg[87]_i_1/CO[3]
                         net (fo=1, routed)           0.000    11.534    design_1_i/RFC8439_0/inst/RFC8439_v1_0_S00_AXI_inst/Rfc8439_core/u_poly1305/mac_tag_reg[87]_i_1_n_0
    SLICE_X31Y44         CARRY4 (Prop_carry4_CI_CO[3])
                                                      0.114    11.648 r  design_1_i/RFC8439_0/inst/RFC8439_v1_0_S00_AXI_inst/Rfc8439_core/u_poly1305/mac_tag_reg[91]_i_1/CO[3]
                         net (fo=1, routed)           0.000    11.648    design_1_i/RFC8439_0/inst/RFC8439_v1_0_S00_AXI_inst/Rfc8439_core/u_poly1305/mac_tag_reg[91]_i_1_n_0
    SLICE_X31Y45         CARRY4 (Prop_carry4_CI_CO[3])
                                                      0.114    11.762 r  design_1_i/RFC8439_0/inst/RFC8439_v1_0_S00_AXI_inst/Rfc8439_core/u_poly1305/mac_tag_reg[95]_i_1/CO[3]
                         net (fo=1, routed)           0.000    11.762    design_1_i/RFC8439_0/inst/RFC8439_v1_0_S00_AXI_inst/Rfc8439_core/u_poly1305/mac_tag_reg[95]_i_1_n_0
    SLICE_X31Y46         CARRY4 (Prop_carry4_CI_CO[3])
                                                      0.114    11.876 r  design_1_i/RFC8439_0/inst/RFC8439_v1_0_S00_AXI_inst/Rfc8439_core/u_poly1305/mac_tag_reg[99]_i_1/CO[3]
                         net (fo=1, routed)           0.000    11.876    design_1_i/RFC8439_0/inst/RFC8439_v1_0_S00_AXI_inst/Rfc8439_core/u_poly1305/mac_tag_reg[99]_i_1_n_0
    SLICE_X31Y47         CARRY4 (Prop_carry4_CI_CO[3])
                                                      0.114    11.990 r  design_1_i/RFC8439_0/inst/RFC8439_v1_0_S00_AXI_inst/Rfc8439_core/u_poly1305/mac_tag_reg[103]_i_1/CO[3]
                         net (fo=1, routed)           0.000    11.990    design_1_i/RFC8439_0/inst/RFC8439_v1_0_S00_AXI_inst/Rfc8439_core/u_poly1305/mac_tag_reg[103]_i_1_n_0
    SLICE_X31Y48         CARRY4 (Prop_carry4_CI_CO[3])
                                                      0.114    12.104 r  design_1_i/RFC8439_0/inst/RFC8439_v1_0_S00_AXI_inst/Rfc8439_core/u_poly1305/mac_tag_reg[107]_i_1/CO[3]
                         net (fo=1, routed)           0.000    12.104    design_1_i/RFC8439_0/inst/RFC8439_v1_0_S00_AXI_inst/Rfc8439_core/u_poly1305/mac_tag_reg[107]_i_1_n_0
    SLICE_X31Y49         CARRY4 (Prop_carry4_CI_CO[3])
                                                      0.114    12.218 r  design_1_i/RFC8439_0/inst/RFC8439_v1_0_S00_AXI_inst/Rfc8439_core/u_poly1305/mac_tag_reg[111]_i_1/CO[3]
                         net (fo=1, routed)           0.001    12.218    design_1_i/RFC8439_0/inst/RFC8439_v1_0_S00_AXI_inst/Rfc8439_core/u_poly1305/mac_tag_reg[111]_i_1_n_0
    SLICE_X31Y50         CARRY4 (Prop_carry4_CI_CO[3])
                                                      0.114    12.332 r  design_1_i/RFC8439_0/inst/RFC8439_v1_0_S00_AXI_inst/Rfc8439_core/u_poly1305/mac_tag_reg[115]_i_1/CO[3]
                         net (fo=1, routed)           0.000    12.332    design_1_i/RFC8439_0/inst/RFC8439_v1_0_S00_AXI_inst/Rfc8439_core/u_poly1305/mac_tag_reg[115]_i_1_n_0
    SLICE_X31Y51         CARRY4 (Prop_carry4_CI_CO[3])
                                                      0.114    12.446 r  design_1_i/RFC8439_0/inst/RFC8439_v1_0_S00_AXI_inst/Rfc8439_core/u_poly1305/mac_tag_reg[119]_i_1/CO[3]
                         net (fo=1, routed)           0.000    12.446    design_1_i/RFC8439_0/inst/RFC8439_v1_0_S00_AXI_inst/Rfc8439_core/u_poly1305/mac_tag_reg[119]_i_1_n_0
    SLICE_X31Y52         CARRY4 (Prop_carry4_CI_CO[3])
                                                      0.114    12.560 r  design_1_i/RFC8439_0/inst/RFC8439_v1_0_S00_AXI_inst/Rfc8439_core/u_poly1305/mac_tag_reg[123]_i_1/CO[3]
                         net (fo=1, routed)           0.000    12.560    design_1_i/RFC8439_0/inst/RFC8439_v1_0_S00_AXI_inst/Rfc8439_core/u_poly1305/mac_tag_reg[123]_i_1_n_0
    SLICE_X31Y53         CARRY4 (Prop_carry4_CI_O[2])
                                                      0.239    12.799 r  design_1_i/RFC8439_0/inst/RFC8439_v1_0_S00_AXI_inst/Rfc8439_core/u_poly1305/mac_tag_reg[127]_i_2/O[2]
                         net (fo=1, routed)           0.000    12.799    design_1_i/RFC8439_0/inst/RFC8439_v1_0_S00_AXI_inst/Rfc8439_core/u_poly1305/mac_tag_reg[127]_i_2_n_5
    SLICE_X31Y53         FDCE                                         r  design_1_i/RFC8439_0/inst/RFC8439_v1_0_S00_AXI_inst/Rfc8439_core/u_poly1305/mac_tag_reg[126]/D
  -------------------------------------------------------------------    -------------------

                         (clock clk_fpga_0 rise edge)
                                                     10.000    10.000 r  
    PS7_X0Y0             PS7                          0.000    10.000 r  design_1_i/processing_system7_0/inst/PS7_i/FCLKCLK[0]
                         net (fo=1, routed)           1.088    11.088    design_1_i/processing_system7_0/inst/FCLK_CLK_unbuffered[0]
    BUFGCTRL_X0Y16       BUFG (Prop_bufg_I_O)         0.091    11.179 r  design_1_i/processing_system7_0/inst/buffer_fclk_clk_0.FCLK_CLK_0_BUFG/O
                         net (fo=13923, routed)       1.525    12.704    design_1_i/RFC8439_0/inst/RFC8439_v1_0_S00_AXI_inst/Rfc8439_core/u_poly1305/s00_axi_aclk
    SLICE_X31Y53         FDCE                                         r  design_1_i/RFC8439_0/inst/RFC8439_v1_0_S00_AXI_inst/Rfc8439_core/u_poly1305/mac_tag_reg[126]/C
                         clock pessimism              0.115    12.819    
                         clock uncertainty           -0.154    12.665    
    SLICE_X31Y53         FDCE (Setup_fdce_C_D)        0.062    12.727    design_1_i/RFC8439_0/inst/RFC8439_v1_0_S00_AXI_inst/Rfc8439_core/u_poly1305/mac_tag_reg[126]
  -------------------------------------------------------------------
                         required time                         12.727    
                         arrival time                         -12.799    
  -------------------------------------------------------------------
                         slack                                 -0.073    

Slack (VIOLATED) :        -0.057ns  (required time - arrival time)
  Source:                 design_1_i/RFC8439_0/inst/RFC8439_v1_0_S00_AXI_inst/Rfc8439_core/u_poly1305/h_full_reg[0]/C
                            (rising edge-triggered cell FDCE clocked by clk_fpga_0  {rise@0.000ns fall@5.000ns period=10.000ns})
  Destination:            design_1_i/RFC8439_0/inst/RFC8439_v1_0_S00_AXI_inst/Rfc8439_core/u_poly1305/mac_tag_reg[124]/D
                            (rising edge-triggered cell FDCE clocked by clk_fpga_0  {rise@0.000ns fall@5.000ns period=10.000ns})
  Path Group:             clk_fpga_0
  Path Type:              Setup (Max at Slow Process Corner)
  Requirement:            10.000ns  (clk_fpga_0 rise@10.000ns - clk_fpga_0 rise@0.000ns)
  Data Path Delay:        9.756ns  (logic 7.726ns (79.190%)  route 2.030ns (20.810%))
  Logic Levels:           51  (CARRY4=49 LUT2=2)
  Clock Path Skew:        -0.208ns (DCD - SCD + CPR)
    Destination Clock Delay (DCD):    2.704ns = ( 12.704 - 10.000 ) 
    Source Clock Delay      (SCD):    3.027ns
    Clock Pessimism Removal (CPR):    0.115ns
  Clock Uncertainty:      0.154ns  ((TSJ^2 + TIJ^2)^1/2 + DJ) / 2 + PE
    Total System Jitter     (TSJ):    0.071ns
    Total Input Jitter      (TIJ):    0.300ns
    Discrete Jitter          (DJ):    0.000ns
    Phase Error              (PE):    0.000ns

    Location             Delay type                Incr(ns)  Path(ns)    Netlist Resource(s)
  -------------------------------------------------------------------    -------------------
                         (clock clk_fpga_0 rise edge)
                                                      0.000     0.000 r  
    PS7_X0Y0             PS7                          0.000     0.000 r  design_1_i/processing_system7_0/inst/PS7_i/FCLKCLK[0]
                         net (fo=1, routed)           1.193     1.193    design_1_i/processing_system7_0/inst/FCLK_CLK_unbuffered[0]
    BUFGCTRL_X0Y16       BUFG (Prop_bufg_I_O)         0.101     1.294 r  design_1_i/processing_system7_0/inst/buffer_fclk_clk_0.FCLK_CLK_0_BUFG/O
                         net (fo=13923, routed)       1.733     3.027    design_1_i/RFC8439_0/inst/RFC8439_v1_0_S00_AXI_inst/Rfc8439_core/u_poly1305/s00_axi_aclk
    SLICE_X31Y21         FDCE                                         r  design_1_i/RFC8439_0/inst/RFC8439_v1_0_S00_AXI_inst/Rfc8439_core/u_poly1305/h_full_reg[0]/C
  -------------------------------------------------------------------    -------------------
    SLICE_X31Y21         FDCE (Prop_fdce_C_Q)         0.456     3.483 r  design_1_i/RFC8439_0/inst/RFC8439_v1_0_S00_AXI_inst/Rfc8439_core/u_poly1305/h_full_reg[0]/Q
                         net (fo=2, routed)           0.294     3.777    design_1_i/RFC8439_0/inst/RFC8439_v1_0_S00_AXI_inst/Rfc8439_core/u_poly1305/h_full[0]
    SLICE_X30Y21         LUT2 (Prop_lut2_I0_O)        0.124     3.901 r  design_1_i/RFC8439_0/inst/RFC8439_v1_0_S00_AXI_inst/Rfc8439_core/u_poly1305/mac_tag[3]_i_86/O
                         net (fo=1, routed)           0.473     4.374    design_1_i/RFC8439_0/inst/RFC8439_v1_0_S00_AXI_inst/Rfc8439_core/u_poly1305/mac_tag[3]_i_86_n_0
    SLICE_X30Y24         CARRY4 (Prop_carry4_CYINIT_CO[3])
                                                      0.595     4.969 r  design_1_i/RFC8439_0/inst/RFC8439_v1_0_S00_AXI_inst/Rfc8439_core/u_poly1305/mac_tag_reg[3]_i_81/CO[3]
                         net (fo=1, routed)           0.009     4.978    design_1_i/RFC8439_0/inst/RFC8439_v1_0_S00_AXI_inst/Rfc8439_core/u_poly1305/mac_tag_reg[3]_i_81_n_0
    SLICE_X30Y25         CARRY4 (Prop_carry4_CI_CO[3])
                                                      0.117     5.095 r  design_1_i/RFC8439_0/inst/RFC8439_v1_0_S00_AXI_inst/Rfc8439_core/u_poly1305/mac_tag_reg[3]_i_76/CO[3]
                         net (fo=1, routed)           0.000     5.095    design_1_i/RFC8439_0/inst/RFC8439_v1_0_S00_AXI_inst/Rfc8439_core/u_poly1305/mac_tag_reg[3]_i_76_n_0
    SLICE_X30Y26         CARRY4 (Prop_carry4_CI_CO[3])
                                                      0.117     5.212 r  design_1_i/RFC8439_0/inst/RFC8439_v1_0_S00_AXI_inst/Rfc8439_core/u_poly1305/mac_tag_reg[3]_i_71/CO[3]
                         net (fo=1, routed)           0.000     5.212    design_1_i/RFC8439_0/inst/RFC8439_v1_0_S00_AXI_inst/Rfc8439_core/u_poly1305/mac_tag_reg[3]_i_71_n_0
    SLICE_X30Y27         CARRY4 (Prop_carry4_CI_CO[3])
                                                      0.117     5.329 r  design_1_i/RFC8439_0/inst/RFC8439_v1_0_S00_AXI_inst/Rfc8439_core/u_poly1305/mac_tag_reg[3]_i_66/CO[3]
                         net (fo=1, routed)           0.000     5.329    design_1_i/RFC8439_0/inst/RFC8439_v1_0_S00_AXI_inst/Rfc8439_core/u_poly1305/mac_tag_reg[3]_i_66_n_0
    SLICE_X30Y28         CARRY4 (Prop_carry4_CI_CO[3])
                                                      0.117     5.446 r  design_1_i/RFC8439_0/inst/RFC8439_v1_0_S00_AXI_inst/Rfc8439_core/u_poly1305/mac_tag_reg[3]_i_61/CO[3]
                         net (fo=1, routed)           0.000     5.446    design_1_i/RFC8439_0/inst/RFC8439_v1_0_S00_AXI_inst/Rfc8439_core/u_poly1305/mac_tag_reg[3]_i_61_n_0
    SLICE_X30Y29         CARRY4 (Prop_carry4_CI_CO[3])
                                                      0.117     5.563 r  design_1_i/RFC8439_0/inst/RFC8439_v1_0_S00_AXI_inst/Rfc8439_core/u_poly1305/mac_tag_reg[3]_i_56/CO[3]
                         net (fo=1, routed)           0.000     5.563    design_1_i/RFC8439_0/inst/RFC8439_v1_0_S00_AXI_inst/Rfc8439_core/u_poly1305/mac_tag_reg[3]_i_56_n_0
    SLICE_X30Y30         CARRY4 (Prop_carry4_CI_CO[3])
                                                      0.117     5.680 r  design_1_i/RFC8439_0/inst/RFC8439_v1_0_S00_AXI_inst/Rfc8439_core/u_poly1305/mac_tag_reg[3]_i_51/CO[3]
                         net (fo=1, routed)           0.000     5.680    design_1_i/RFC8439_0/inst/RFC8439_v1_0_S00_AXI_inst/Rfc8439_core/u_poly1305/mac_tag_reg[3]_i_51_n_0
    SLICE_X30Y31         CARRY4 (Prop_carry4_CI_CO[3])
                                                      0.117     5.797 r  design_1_i/RFC8439_0/inst/RFC8439_v1_0_S00_AXI_inst/Rfc8439_core/u_poly1305/mac_tag_reg[3]_i_46/CO[3]
                         net (fo=1, routed)           0.000     5.797    design_1_i/RFC8439_0/inst/RFC8439_v1_0_S00_AXI_inst/Rfc8439_core/u_poly1305/mac_tag_reg[3]_i_46_n_0
    SLICE_X30Y32         CARRY4 (Prop_carry4_CI_CO[3])
                                                      0.117     5.914 r  design_1_i/RFC8439_0/inst/RFC8439_v1_0_S00_AXI_inst/Rfc8439_core/u_poly1305/mac_tag_reg[3]_i_41/CO[3]
                         net (fo=1, routed)           0.000     5.914    design_1_i/RFC8439_0/inst/RFC8439_v1_0_S00_AXI_inst/Rfc8439_core/u_poly1305/mac_tag_reg[3]_i_41_n_0
    SLICE_X30Y33         CARRY4 (Prop_carry4_CI_CO[3])
                                                      0.117     6.031 r  design_1_i/RFC8439_0/inst/RFC8439_v1_0_S00_AXI_inst/Rfc8439_core/u_poly1305/mac_tag_reg[3]_i_36/CO[3]
                         net (fo=1, routed)           0.000     6.031    design_1_i/RFC8439_0/inst/RFC8439_v1_0_S00_AXI_inst/Rfc8439_core/u_poly1305/mac_tag_reg[3]_i_36_n_0
    SLICE_X30Y34         CARRY4 (Prop_carry4_CI_CO[3])
                                                      0.117     6.148 r  design_1_i/RFC8439_0/inst/RFC8439_v1_0_S00_AXI_inst/Rfc8439_core/u_poly1305/mac_tag_reg[3]_i_31/CO[3]
                         net (fo=1, routed)           0.000     6.148    design_1_i/RFC8439_0/inst/RFC8439_v1_0_S00_AXI_inst/Rfc8439_core/u_poly1305/mac_tag_reg[3]_i_31_n_0
    SLICE_X30Y35         CARRY4 (Prop_carry4_CI_CO[3])
                                                      0.117     6.265 r  design_1_i/RFC8439_0/inst/RFC8439_v1_0_S00_AXI_inst/Rfc8439_core/u_poly1305/mac_tag_reg[3]_i_26/CO[3]
                         net (fo=1, routed)           0.000     6.265    design_1_i/RFC8439_0/inst/RFC8439_v1_0_S00_AXI_inst/Rfc8439_core/u_poly1305/mac_tag_reg[3]_i_26_n_0
    SLICE_X30Y36         CARRY4 (Prop_carry4_CI_CO[3])
                                                      0.117     6.382 r  design_1_i/RFC8439_0/inst/RFC8439_v1_0_S00_AXI_inst/Rfc8439_core/u_poly1305/mac_tag_reg[3]_i_21/CO[3]
                         net (fo=1, routed)           0.000     6.382    design_1_i/RFC8439_0/inst/RFC8439_v1_0_S00_AXI_inst/Rfc8439_core/u_poly1305/mac_tag_reg[3]_i_21_n_0
    SLICE_X30Y37         CARRY4 (Prop_carry4_CI_CO[3])
                                                      0.117     6.499 r  design_1_i/RFC8439_0/inst/RFC8439_v1_0_S00_AXI_inst/Rfc8439_core/u_poly1305/mac_tag_reg[3]_i_16/CO[3]
                         net (fo=1, routed)           0.000     6.499    design_1_i/RFC8439_0/inst/RFC8439_v1_0_S00_AXI_inst/Rfc8439_core/u_poly1305/mac_tag_reg[3]_i_16_n_0
    SLICE_X30Y38         CARRY4 (Prop_carry4_CI_CO[3])
                                                      0.117     6.616 r  design_1_i/RFC8439_0/inst/RFC8439_v1_0_S00_AXI_inst/Rfc8439_core/u_poly1305/mac_tag_reg[3]_i_11/CO[3]
                         net (fo=1, routed)           0.000     6.616    design_1_i/RFC8439_0/inst/RFC8439_v1_0_S00_AXI_inst/Rfc8439_core/u_poly1305/mac_tag_reg[3]_i_11_n_0
    SLICE_X30Y39         CARRY4 (Prop_carry4_CI_CO[3])
                                                      0.117     6.733 r  design_1_i/RFC8439_0/inst/RFC8439_v1_0_S00_AXI_inst/Rfc8439_core/u_poly1305/mac_tag_reg[3]_i_8/CO[3]
                         net (fo=1, routed)           0.000     6.733    design_1_i/RFC8439_0/inst/RFC8439_v1_0_S00_AXI_inst/Rfc8439_core/u_poly1305/mac_tag_reg[3]_i_8_n_0
    SLICE_X30Y40         CARRY4 (Prop_carry4_CI_CO[0])
                                                      0.254     6.987 r  design_1_i/RFC8439_0/inst/RFC8439_v1_0_S00_AXI_inst/Rfc8439_core/u_poly1305/mac_tag_reg[3]_i_3/CO[0]
                         net (fo=4, routed)           1.244     8.232    design_1_i/RFC8439_0/inst/RFC8439_v1_0_S00_AXI_inst/Rfc8439_core/u_poly1305/h_mod1
    SLICE_X31Y22         LUT2 (Prop_lut2_I0_O)        0.367     8.599 r  design_1_i/RFC8439_0/inst/RFC8439_v1_0_S00_AXI_inst/Rfc8439_core/u_poly1305/mac_tag[3]_i_7/O
                         net (fo=1, routed)           0.000     8.599    design_1_i/RFC8439_0/inst/RFC8439_v1_0_S00_AXI_inst/Rfc8439_core/u_poly1305/mac_tag[3]_i_7_n_0
    SLICE_X31Y22         CARRY4 (Prop_carry4_S[0]_CO[3])
                                                      0.532     9.131 r  design_1_i/RFC8439_0/inst/RFC8439_v1_0_S00_AXI_inst/Rfc8439_core/u_poly1305/mac_tag_reg[3]_i_1/CO[3]
                         net (fo=1, routed)           0.000     9.131    design_1_i/RFC8439_0/inst/RFC8439_v1_0_S00_AXI_inst/Rfc8439_core/u_poly1305/mac_tag_reg[3]_i_1_n_0
    SLICE_X31Y23         CARRY4 (Prop_carry4_CI_CO[3])
                                                      0.114     9.245 r  design_1_i/RFC8439_0/inst/RFC8439_v1_0_S00_AXI_inst/Rfc8439_core/u_poly1305/mac_tag_reg[7]_i_1/CO[3]
                         net (fo=1, routed)           0.000     9.245    design_1_i/RFC8439_0/inst/RFC8439_v1_0_S00_AXI_inst/Rfc8439_core/u_poly1305/mac_tag_reg[7]_i_1_n_0
    SLICE_X31Y24         CARRY4 (Prop_carry4_CI_CO[3])
                                                      0.114     9.359 r  design_1_i/RFC8439_0/inst/RFC8439_v1_0_S00_AXI_inst/Rfc8439_core/u_poly1305/mac_tag_reg[11]_i_1/CO[3]
                         net (fo=1, routed)           0.009     9.368    design_1_i/RFC8439_0/inst/RFC8439_v1_0_S00_AXI_inst/Rfc8439_core/u_poly1305/mac_tag_reg[11]_i_1_n_0
    SLICE_X31Y25         CARRY4 (Prop_carry4_CI_CO[3])
                                                      0.114     9.482 r  design_1_i/RFC8439_0/inst/RFC8439_v1_0_S00_AXI_inst/Rfc8439_core/u_poly1305/mac_tag_reg[15]_i_1/CO[3]
                         net (fo=1, routed)           0.000     9.482    design_1_i/RFC8439_0/inst/RFC8439_v1_0_S00_AXI_inst/Rfc8439_core/u_poly1305/mac_tag_reg[15]_i_1_n_0
    SLICE_X31Y26         CARRY4 (Prop_carry4_CI_CO[3])
                                                      0.114     9.596 r  design_1_i/RFC8439_0/inst/RFC8439_v1_0_S00_AXI_inst/Rfc8439_core/u_poly1305/mac_tag_reg[19]_i_1/CO[3]
                         net (fo=1, routed)           0.000     9.596    design_1_i/RFC8439_0/inst/RFC8439_v1_0_S00_AXI_inst/Rfc8439_core/u_poly1305/mac_tag_reg[19]_i_1_n_0
    SLICE_X31Y27         CARRY4 (Prop_carry4_CI_CO[3])
                                                      0.114     9.710 r  design_1_i/RFC8439_0/inst/RFC8439_v1_0_S00_AXI_inst/Rfc8439_core/u_poly1305/mac_tag_reg[23]_i_1/CO[3]
                         net (fo=1, routed)           0.000     9.710    design_1_i/RFC8439_0/inst/RFC8439_v1_0_S00_AXI_inst/Rfc8439_core/u_poly1305/mac_tag_reg[23]_i_1_n_0
    SLICE_X31Y28         CARRY4 (Prop_carry4_CI_CO[3])
                                                      0.114     9.824 r  design_1_i/RFC8439_0/inst/RFC8439_v1_0_S00_AXI_inst/Rfc8439_core/u_poly1305/mac_tag_reg[27]_i_1/CO[3]
                         net (fo=1, routed)           0.000     9.824    design_1_i/RFC8439_0/inst/RFC8439_v1_0_S00_AXI_inst/Rfc8439_core/u_poly1305/mac_tag_reg[27]_i_1_n_0
    SLICE_X31Y29         CARRY4 (Prop_carry4_CI_CO[3])
                                                      0.114     9.938 r  design_1_i/RFC8439_0/inst/RFC8439_v1_0_S00_AXI_inst/Rfc8439_core/u_poly1305/mac_tag_reg[31]_i_1/CO[3]
                         net (fo=1, routed)           0.000     9.938    design_1_i/RFC8439_0/inst/RFC8439_v1_0_S00_AXI_inst/Rfc8439_core/u_poly1305/mac_tag_reg[31]_i_1_n_0
    SLICE_X31Y30         CARRY4 (Prop_carry4_CI_CO[3])
                                                      0.114    10.052 r  design_1_i/RFC8439_0/inst/RFC8439_v1_0_S00_AXI_inst/Rfc8439_core/u_poly1305/mac_tag_reg[35]_i_1/CO[3]
                         net (fo=1, routed)           0.000    10.052    design_1_i/RFC8439_0/inst/RFC8439_v1_0_S00_AXI_inst/Rfc8439_core/u_poly1305/mac_tag_reg[35]_i_1_n_0
    SLICE_X31Y31         CARRY4 (Prop_carry4_CI_CO[3])
                                                      0.114    10.166 r  design_1_i/RFC8439_0/inst/RFC8439_v1_0_S00_AXI_inst/Rfc8439_core/u_poly1305/mac_tag_reg[39]_i_1/CO[3]
                         net (fo=1, routed)           0.000    10.166    design_1_i/RFC8439_0/inst/RFC8439_v1_0_S00_AXI_inst/Rfc8439_core/u_poly1305/mac_tag_reg[39]_i_1_n_0
    SLICE_X31Y32         CARRY4 (Prop_carry4_CI_CO[3])
                                                      0.114    10.280 r  design_1_i/RFC8439_0/inst/RFC8439_v1_0_S00_AXI_inst/Rfc8439_core/u_poly1305/mac_tag_reg[43]_i_1/CO[3]
                         net (fo=1, routed)           0.000    10.280    design_1_i/RFC8439_0/inst/RFC8439_v1_0_S00_AXI_inst/Rfc8439_core/u_poly1305/mac_tag_reg[43]_i_1_n_0
    SLICE_X31Y33         CARRY4 (Prop_carry4_CI_CO[3])
                                                      0.114    10.394 r  design_1_i/RFC8439_0/inst/RFC8439_v1_0_S00_AXI_inst/Rfc8439_core/u_poly1305/mac_tag_reg[47]_i_1/CO[3]
                         net (fo=1, routed)           0.000    10.394    design_1_i/RFC8439_0/inst/RFC8439_v1_0_S00_AXI_inst/Rfc8439_core/u_poly1305/mac_tag_reg[47]_i_1_n_0
    SLICE_X31Y34         CARRY4 (Prop_carry4_CI_CO[3])
                                                      0.114    10.508 r  design_1_i/RFC8439_0/inst/RFC8439_v1_0_S00_AXI_inst/Rfc8439_core/u_poly1305/mac_tag_reg[51]_i_1/CO[3]
                         net (fo=1, routed)           0.000    10.508    design_1_i/RFC8439_0/inst/RFC8439_v1_0_S00_AXI_inst/Rfc8439_core/u_poly1305/mac_tag_reg[51]_i_1_n_0
    SLICE_X31Y35         CARRY4 (Prop_carry4_CI_CO[3])
                                                      0.114    10.622 r  design_1_i/RFC8439_0/inst/RFC8439_v1_0_S00_AXI_inst/Rfc8439_core/u_poly1305/mac_tag_reg[55]_i_1/CO[3]
                         net (fo=1, routed)           0.000    10.622    design_1_i/RFC8439_0/inst/RFC8439_v1_0_S00_AXI_inst/Rfc8439_core/u_poly1305/mac_tag_reg[55]_i_1_n_0
    SLICE_X31Y36         CARRY4 (Prop_carry4_CI_CO[3])
                                                      0.114    10.736 r  design_1_i/RFC8439_0/inst/RFC8439_v1_0_S00_AXI_inst/Rfc8439_core/u_poly1305/mac_tag_reg[59]_i_1/CO[3]
                         net (fo=1, routed)           0.000    10.736    design_1_i/RFC8439_0/inst/RFC8439_v1_0_S00_AXI_inst/Rfc8439_core/u_poly1305/mac_tag_reg[59]_i_1_n_0
    SLICE_X31Y37         CARRY4 (Prop_carry4_CI_CO[3])
                                                      0.114    10.850 r  design_1_i/RFC8439_0/inst/RFC8439_v1_0_S00_AXI_inst/Rfc8439_core/u_poly1305/mac_tag_reg[63]_i_1/CO[3]
                         net (fo=1, routed)           0.000    10.850    design_1_i/RFC8439_0/inst/RFC8439_v1_0_S00_AXI_inst/Rfc8439_core/u_poly1305/mac_tag_reg[63]_i_1_n_0
    SLICE_X31Y38         CARRY4 (Prop_carry4_CI_CO[3])
                                                      0.114    10.964 r  design_1_i/RFC8439_0/inst/RFC8439_v1_0_S00_AXI_inst/Rfc8439_core/u_poly1305/mac_tag_reg[67]_i_1/CO[3]
                         net (fo=1, routed)           0.000    10.964    design_1_i/RFC8439_0/inst/RFC8439_v1_0_S00_AXI_inst/Rfc8439_core/u_poly1305/mac_tag_reg[67]_i_1_n_0
    SLICE_X31Y39         CARRY4 (Prop_carry4_CI_CO[3])
                                                      0.114    11.078 r  design_1_i/RFC8439_0/inst/RFC8439_v1_0_S00_AXI_inst/Rfc8439_core/u_poly1305/mac_tag_reg[71]_i_1/CO[3]
                         net (fo=1, routed)           0.000    11.078    design_1_i/RFC8439_0/inst/RFC8439_v1_0_S00_AXI_inst/Rfc8439_core/u_poly1305/mac_tag_reg[71]_i_1_n_0
    SLICE_X31Y40         CARRY4 (Prop_carry4_CI_CO[3])
                                                      0.114    11.192 r  design_1_i/RFC8439_0/inst/RFC8439_v1_0_S00_AXI_inst/Rfc8439_core/u_poly1305/mac_tag_reg[75]_i_1/CO[3]
                         net (fo=1, routed)           0.000    11.192    design_1_i/RFC8439_0/inst/RFC8439_v1_0_S00_AXI_inst/Rfc8439_core/u_poly1305/mac_tag_reg[75]_i_1_n_0
    SLICE_X31Y41         CARRY4 (Prop_carry4_CI_CO[3])
                                                      0.114    11.306 r  design_1_i/RFC8439_0/inst/RFC8439_v1_0_S00_AXI_inst/Rfc8439_core/u_poly1305/mac_tag_reg[79]_i_1/CO[3]
                         net (fo=1, routed)           0.000    11.306    design_1_i/RFC8439_0/inst/RFC8439_v1_0_S00_AXI_inst/Rfc8439_core/u_poly1305/mac_tag_reg[79]_i_1_n_0
    SLICE_X31Y42         CARRY4 (Prop_carry4_CI_CO[3])
                                                      0.114    11.420 r  design_1_i/RFC8439_0/inst/RFC8439_v1_0_S00_AXI_inst/Rfc8439_core/u_poly1305/mac_tag_reg[83]_i_1/CO[3]
                         net (fo=1, routed)           0.000    11.420    design_1_i/RFC8439_0/inst/RFC8439_v1_0_S00_AXI_inst/Rfc8439_core/u_poly1305/mac_tag_reg[83]_i_1_n_0
    SLICE_X31Y43         CARRY4 (Prop_carry4_CI_CO[3])
                                                      0.114    11.534 r  design_1_i/RFC8439_0/inst/RFC8439_v1_0_S00_AXI_inst/Rfc8439_core/u_poly1305/mac_tag_reg[87]_i_1/CO[3]
                         net (fo=1, routed)           0.000    11.534    design_1_i/RFC8439_0/inst/RFC8439_v1_0_S00_AXI_inst/Rfc8439_core/u_poly1305/mac_tag_reg[87]_i_1_n_0
    SLICE_X31Y44         CARRY4 (Prop_carry4_CI_CO[3])
                                                      0.114    11.648 r  design_1_i/RFC8439_0/inst/RFC8439_v1_0_S00_AXI_inst/Rfc8439_core/u_poly1305/mac_tag_reg[91]_i_1/CO[3]
                         net (fo=1, routed)           0.000    11.648    design_1_i/RFC8439_0/inst/RFC8439_v1_0_S00_AXI_inst/Rfc8439_core/u_poly1305/mac_tag_reg[91]_i_1_n_0
    SLICE_X31Y45         CARRY4 (Prop_carry4_CI_CO[3])
                                                      0.114    11.762 r  design_1_i/RFC8439_0/inst/RFC8439_v1_0_S00_AXI_inst/Rfc8439_core/u_poly1305/mac_tag_reg[95]_i_1/CO[3]
                         net (fo=1, routed)           0.000    11.762    design_1_i/RFC8439_0/inst/RFC8439_v1_0_S00_AXI_inst/Rfc8439_core/u_poly1305/mac_tag_reg[95]_i_1_n_0
    SLICE_X31Y46         CARRY4 (Prop_carry4_CI_CO[3])
                                                      0.114    11.876 r  design_1_i/RFC8439_0/inst/RFC8439_v1_0_S00_AXI_inst/Rfc8439_core/u_poly1305/mac_tag_reg[99]_i_1/CO[3]
                         net (fo=1, routed)           0.000    11.876    design_1_i/RFC8439_0/inst/RFC8439_v1_0_S00_AXI_inst/Rfc8439_core/u_poly1305/mac_tag_reg[99]_i_1_n_0
    SLICE_X31Y47         CARRY4 (Prop_carry4_CI_CO[3])
                                                      0.114    11.990 r  design_1_i/RFC8439_0/inst/RFC8439_v1_0_S00_AXI_inst/Rfc8439_core/u_poly1305/mac_tag_reg[103]_i_1/CO[3]
                         net (fo=1, routed)           0.000    11.990    design_1_i/RFC8439_0/inst/RFC8439_v1_0_S00_AXI_inst/Rfc8439_core/u_poly1305/mac_tag_reg[103]_i_1_n_0
    SLICE_X31Y48         CARRY4 (Prop_carry4_CI_CO[3])
                                                      0.114    12.104 r  design_1_i/RFC8439_0/inst/RFC8439_v1_0_S00_AXI_inst/Rfc8439_core/u_poly1305/mac_tag_reg[107]_i_1/CO[3]
                         net (fo=1, routed)           0.000    12.104    design_1_i/RFC8439_0/inst/RFC8439_v1_0_S00_AXI_inst/Rfc8439_core/u_poly1305/mac_tag_reg[107]_i_1_n_0
    SLICE_X31Y49         CARRY4 (Prop_carry4_CI_CO[3])
                                                      0.114    12.218 r  design_1_i/RFC8439_0/inst/RFC8439_v1_0_S00_AXI_inst/Rfc8439_core/u_poly1305/mac_tag_reg[111]_i_1/CO[3]
                         net (fo=1, routed)           0.001    12.218    design_1_i/RFC8439_0/inst/RFC8439_v1_0_S00_AXI_inst/Rfc8439_core/u_poly1305/mac_tag_reg[111]_i_1_n_0
    SLICE_X31Y50         CARRY4 (Prop_carry4_CI_CO[3])
                                                      0.114    12.332 r  design_1_i/RFC8439_0/inst/RFC8439_v1_0_S00_AXI_inst/Rfc8439_core/u_poly1305/mac_tag_reg[115]_i_1/CO[3]
                         net (fo=1, routed)           0.000    12.332    design_1_i/RFC8439_0/inst/RFC8439_v1_0_S00_AXI_inst/Rfc8439_core/u_poly1305/mac_tag_reg[115]_i_1_n_0
    SLICE_X31Y51         CARRY4 (Prop_carry4_CI_CO[3])
                                                      0.114    12.446 r  design_1_i/RFC8439_0/inst/RFC8439_v1_0_S00_AXI_inst/Rfc8439_core/u_poly1305/mac_tag_reg[119]_i_1/CO[3]
                         net (fo=1, routed)           0.000    12.446    design_1_i/RFC8439_0/inst/RFC8439_v1_0_S00_AXI_inst/Rfc8439_core/u_poly1305/mac_tag_reg[119]_i_1_n_0
    SLICE_X31Y52         CARRY4 (Prop_carry4_CI_CO[3])
                                                      0.114    12.560 r  design_1_i/RFC8439_0/inst/RFC8439_v1_0_S00_AXI_inst/Rfc8439_core/u_poly1305/mac_tag_reg[123]_i_1/CO[3]
                         net (fo=1, routed)           0.000    12.560    design_1_i/RFC8439_0/inst/RFC8439_v1_0_S00_AXI_inst/Rfc8439_core/u_poly1305/mac_tag_reg[123]_i_1_n_0
    SLICE_X31Y53         CARRY4 (Prop_carry4_CI_O[0])
                                                      0.223    12.783 r  design_1_i/RFC8439_0/inst/RFC8439_v1_0_S00_AXI_inst/Rfc8439_core/u_poly1305/mac_tag_reg[127]_i_2/O[0]
                         net (fo=1, routed)           0.000    12.783    design_1_i/RFC8439_0/inst/RFC8439_v1_0_S00_AXI_inst/Rfc8439_core/u_poly1305/mac_tag_reg[127]_i_2_n_7
    SLICE_X31Y53         FDCE                                         r  design_1_i/RFC8439_0/inst/RFC8439_v1_0_S00_AXI_inst/Rfc8439_core/u_poly1305/mac_tag_reg[124]/D
  -------------------------------------------------------------------    -------------------

                         (clock clk_fpga_0 rise edge)
                                                     10.000    10.000 r  
    PS7_X0Y0             PS7                          0.000    10.000 r  design_1_i/processing_system7_0/inst/PS7_i/FCLKCLK[0]
                         net (fo=1, routed)           1.088    11.088    design_1_i/processing_system7_0/inst/FCLK_CLK_unbuffered[0]
    BUFGCTRL_X0Y16       BUFG (Prop_bufg_I_O)         0.091    11.179 r  design_1_i/processing_system7_0/inst/buffer_fclk_clk_0.FCLK_CLK_0_BUFG/O
                         net (fo=13923, routed)       1.525    12.704    design_1_i/RFC8439_0/inst/RFC8439_v1_0_S00_AXI_inst/Rfc8439_core/u_poly1305/s00_axi_aclk
    SLICE_X31Y53         FDCE                                         r  design_1_i/RFC8439_0/inst/RFC8439_v1_0_S00_AXI_inst/Rfc8439_core/u_poly1305/mac_tag_reg[124]/C
                         clock pessimism              0.115    12.819    
                         clock uncertainty           -0.154    12.665    
    SLICE_X31Y53         FDCE (Setup_fdce_C_D)        0.062    12.727    design_1_i/RFC8439_0/inst/RFC8439_v1_0_S00_AXI_inst/Rfc8439_core/u_poly1305/mac_tag_reg[124]
  -------------------------------------------------------------------
                         required time                         12.727    
                         arrival time                         -12.783    
  -------------------------------------------------------------------
                         slack                                 -0.057    

Slack (VIOLATED) :        -0.053ns  (required time - arrival time)
  Source:                 design_1_i/RFC8439_0/inst/RFC8439_v1_0_S00_AXI_inst/Rfc8439_core/u_poly1305/h_full_reg[0]/C
                            (rising edge-triggered cell FDCE clocked by clk_fpga_0  {rise@0.000ns fall@5.000ns period=10.000ns})
  Destination:            design_1_i/RFC8439_0/inst/RFC8439_v1_0_S00_AXI_inst/Rfc8439_core/u_poly1305/mac_tag_reg[121]/D
                            (rising edge-triggered cell FDCE clocked by clk_fpga_0  {rise@0.000ns fall@5.000ns period=10.000ns})
  Path Group:             clk_fpga_0
  Path Type:              Setup (Max at Slow Process Corner)
  Requirement:            10.000ns  (clk_fpga_0 rise@10.000ns - clk_fpga_0 rise@0.000ns)
  Data Path Delay:        9.753ns  (logic 7.723ns (79.184%)  route 2.030ns (20.816%))
  Logic Levels:           50  (CARRY4=48 LUT2=2)
  Clock Path Skew:        -0.207ns (DCD - SCD + CPR)
    Destination Clock Delay (DCD):    2.705ns = ( 12.705 - 10.000 ) 
    Source Clock Delay      (SCD):    3.027ns
    Clock Pessimism Removal (CPR):    0.115ns
  Clock Uncertainty:      0.154ns  ((TSJ^2 + TIJ^2)^1/2 + DJ) / 2 + PE
    Total System Jitter     (TSJ):    0.071ns
    Total Input Jitter      (TIJ):    0.300ns
    Discrete Jitter          (DJ):    0.000ns
    Phase Error              (PE):    0.000ns

    Location             Delay type                Incr(ns)  Path(ns)    Netlist Resource(s)
  -------------------------------------------------------------------    -------------------
                         (clock clk_fpga_0 rise edge)
                                                      0.000     0.000 r  
    PS7_X0Y0             PS7                          0.000     0.000 r  design_1_i/processing_system7_0/inst/PS7_i/FCLKCLK[0]
                         net (fo=1, routed)           1.193     1.193    design_1_i/processing_system7_0/inst/FCLK_CLK_unbuffered[0]
    BUFGCTRL_X0Y16       BUFG (Prop_bufg_I_O)         0.101     1.294 r  design_1_i/processing_system7_0/inst/buffer_fclk_clk_0.FCLK_CLK_0_BUFG/O
                         net (fo=13923, routed)       1.733     3.027    design_1_i/RFC8439_0/inst/RFC8439_v1_0_S00_AXI_inst/Rfc8439_core/u_poly1305/s00_axi_aclk
    SLICE_X31Y21         FDCE                                         r  design_1_i/RFC8439_0/inst/RFC8439_v1_0_S00_AXI_inst/Rfc8439_core/u_poly1305/h_full_reg[0]/C
  -------------------------------------------------------------------    -------------------
    SLICE_X31Y21         FDCE (Prop_fdce_C_Q)         0.456     3.483 r  design_1_i/RFC8439_0/inst/RFC8439_v1_0_S00_AXI_inst/Rfc8439_core/u_poly1305/h_full_reg[0]/Q
                         net (fo=2, routed)           0.294     3.777    design_1_i/RFC8439_0/inst/RFC8439_v1_0_S00_AXI_inst/Rfc8439_core/u_poly1305/h_full[0]
    SLICE_X30Y21         LUT2 (Prop_lut2_I0_O)        0.124     3.901 r  design_1_i/RFC8439_0/inst/RFC8439_v1_0_S00_AXI_inst/Rfc8439_core/u_poly1305/mac_tag[3]_i_86/O
                         net (fo=1, routed)           0.473     4.374    design_1_i/RFC8439_0/inst/RFC8439_v1_0_S00_AXI_inst/Rfc8439_core/u_poly1305/mac_tag[3]_i_86_n_0
    SLICE_X30Y24         CARRY4 (Prop_carry4_CYINIT_CO[3])
                                                      0.595     4.969 r  design_1_i/RFC8439_0/inst/RFC8439_v1_0_S00_AXI_inst/Rfc8439_core/u_poly1305/mac_tag_reg[3]_i_81/CO[3]
                         net (fo=1, routed)           0.009     4.978    design_1_i/RFC8439_0/inst/RFC8439_v1_0_S00_AXI_inst/Rfc8439_core/u_poly1305/mac_tag_reg[3]_i_81_n_0
    SLICE_X30Y25         CARRY4 (Prop_carry4_CI_CO[3])
                                                      0.117     5.095 r  design_1_i/RFC8439_0/inst/RFC8439_v1_0_S00_AXI_inst/Rfc8439_core/u_poly1305/mac_tag_reg[3]_i_76/CO[3]
                         net (fo=1, routed)           0.000     5.095    design_1_i/RFC8439_0/inst/RFC8439_v1_0_S00_AXI_inst/Rfc8439_core/u_poly1305/mac_tag_reg[3]_i_76_n_0
    SLICE_X30Y26         CARRY4 (Prop_carry4_CI_CO[3])
                                                      0.117     5.212 r  design_1_i/RFC8439_0/inst/RFC8439_v1_0_S00_AXI_inst/Rfc8439_core/u_poly1305/mac_tag_reg[3]_i_71/CO[3]
                         net (fo=1, routed)           0.000     5.212    design_1_i/RFC8439_0/inst/RFC8439_v1_0_S00_AXI_inst/Rfc8439_core/u_poly1305/mac_tag_reg[3]_i_71_n_0
    SLICE_X30Y27         CARRY4 (Prop_carry4_CI_CO[3])
                                                      0.117     5.329 r  design_1_i/RFC8439_0/inst/RFC8439_v1_0_S00_AXI_inst/Rfc8439_core/u_poly1305/mac_tag_reg[3]_i_66/CO[3]
                         net (fo=1, routed)           0.000     5.329    design_1_i/RFC8439_0/inst/RFC8439_v1_0_S00_AXI_inst/Rfc8439_core/u_poly1305/mac_tag_reg[3]_i_66_n_0
    SLICE_X30Y28         CARRY4 (Prop_carry4_CI_CO[3])
                                                      0.117     5.446 r  design_1_i/RFC8439_0/inst/RFC8439_v1_0_S00_AXI_inst/Rfc8439_core/u_poly1305/mac_tag_reg[3]_i_61/CO[3]
                         net (fo=1, routed)           0.000     5.446    design_1_i/RFC8439_0/inst/RFC8439_v1_0_S00_AXI_inst/Rfc8439_core/u_poly1305/mac_tag_reg[3]_i_61_n_0
    SLICE_X30Y29         CARRY4 (Prop_carry4_CI_CO[3])
                                                      0.117     5.563 r  design_1_i/RFC8439_0/inst/RFC8439_v1_0_S00_AXI_inst/Rfc8439_core/u_poly1305/mac_tag_reg[3]_i_56/CO[3]
                         net (fo=1, routed)           0.000     5.563    design_1_i/RFC8439_0/inst/RFC8439_v1_0_S00_AXI_inst/Rfc8439_core/u_poly1305/mac_tag_reg[3]_i_56_n_0
    SLICE_X30Y30         CARRY4 (Prop_carry4_CI_CO[3])
                                                      0.117     5.680 r  design_1_i/RFC8439_0/inst/RFC8439_v1_0_S00_AXI_inst/Rfc8439_core/u_poly1305/mac_tag_reg[3]_i_51/CO[3]
                         net (fo=1, routed)           0.000     5.680    design_1_i/RFC8439_0/inst/RFC8439_v1_0_S00_AXI_inst/Rfc8439_core/u_poly1305/mac_tag_reg[3]_i_51_n_0
    SLICE_X30Y31         CARRY4 (Prop_carry4_CI_CO[3])
                                                      0.117     5.797 r  design_1_i/RFC8439_0/inst/RFC8439_v1_0_S00_AXI_inst/Rfc8439_core/u_poly1305/mac_tag_reg[3]_i_46/CO[3]
                         net (fo=1, routed)           0.000     5.797    design_1_i/RFC8439_0/inst/RFC8439_v1_0_S00_AXI_inst/Rfc8439_core/u_poly1305/mac_tag_reg[3]_i_46_n_0
    SLICE_X30Y32         CARRY4 (Prop_carry4_CI_CO[3])
                                                      0.117     5.914 r  design_1_i/RFC8439_0/inst/RFC8439_v1_0_S00_AXI_inst/Rfc8439_core/u_poly1305/mac_tag_reg[3]_i_41/CO[3]
                         net (fo=1, routed)           0.000     5.914    design_1_i/RFC8439_0/inst/RFC8439_v1_0_S00_AXI_inst/Rfc8439_core/u_poly1305/mac_tag_reg[3]_i_41_n_0
    SLICE_X30Y33         CARRY4 (Prop_carry4_CI_CO[3])
                                                      0.117     6.031 r  design_1_i/RFC8439_0/inst/RFC8439_v1_0_S00_AXI_inst/Rfc8439_core/u_poly1305/mac_tag_reg[3]_i_36/CO[3]
                         net (fo=1, routed)           0.000     6.031    design_1_i/RFC8439_0/inst/RFC8439_v1_0_S00_AXI_inst/Rfc8439_core/u_poly1305/mac_tag_reg[3]_i_36_n_0
    SLICE_X30Y34         CARRY4 (Prop_carry4_CI_CO[3])
                                                      0.117     6.148 r  design_1_i/RFC8439_0/inst/RFC8439_v1_0_S00_AXI_inst/Rfc8439_core/u_poly1305/mac_tag_reg[3]_i_31/CO[3]
                         net (fo=1, routed)           0.000     6.148    design_1_i/RFC8439_0/inst/RFC8439_v1_0_S00_AXI_inst/Rfc8439_core/u_poly1305/mac_tag_reg[3]_i_31_n_0
    SLICE_X30Y35         CARRY4 (Prop_carry4_CI_CO[3])
                                                      0.117     6.265 r  design_1_i/RFC8439_0/inst/RFC8439_v1_0_S00_AXI_inst/Rfc8439_core/u_poly1305/mac_tag_reg[3]_i_26/CO[3]
                         net (fo=1, routed)           0.000     6.265    design_1_i/RFC8439_0/inst/RFC8439_v1_0_S00_AXI_inst/Rfc8439_core/u_poly1305/mac_tag_reg[3]_i_26_n_0
    SLICE_X30Y36         CARRY4 (Prop_carry4_CI_CO[3])
                                                      0.117     6.382 r  design_1_i/RFC8439_0/inst/RFC8439_v1_0_S00_AXI_inst/Rfc8439_core/u_poly1305/mac_tag_reg[3]_i_21/CO[3]
                         net (fo=1, routed)           0.000     6.382    design_1_i/RFC8439_0/inst/RFC8439_v1_0_S00_AXI_inst/Rfc8439_core/u_poly1305/mac_tag_reg[3]_i_21_n_0
    SLICE_X30Y37         CARRY4 (Prop_carry4_CI_CO[3])
                                                      0.117     6.499 r  design_1_i/RFC8439_0/inst/RFC8439_v1_0_S00_AXI_inst/Rfc8439_core/u_poly1305/mac_tag_reg[3]_i_16/CO[3]
                         net (fo=1, routed)           0.000     6.499    design_1_i/RFC8439_0/inst/RFC8439_v1_0_S00_AXI_inst/Rfc8439_core/u_poly1305/mac_tag_reg[3]_i_16_n_0
    SLICE_X30Y38         CARRY4 (Prop_carry4_CI_CO[3])
                                                      0.117     6.616 r  design_1_i/RFC8439_0/inst/RFC8439_v1_0_S00_AXI_inst/Rfc8439_core/u_poly1305/mac_tag_reg[3]_i_11/CO[3]
                         net (fo=1, routed)           0.000     6.616    design_1_i/RFC8439_0/inst/RFC8439_v1_0_S00_AXI_inst/Rfc8439_core/u_poly1305/mac_tag_reg[3]_i_11_n_0
    SLICE_X30Y39         CARRY4 (Prop_carry4_CI_CO[3])
                                                      0.117     6.733 r  design_1_i/RFC8439_0/inst/RFC8439_v1_0_S00_AXI_inst/Rfc8439_core/u_poly1305/mac_tag_reg[3]_i_8/CO[3]
                         net (fo=1, routed)           0.000     6.733    design_1_i/RFC8439_0/inst/RFC8439_v1_0_S00_AXI_inst/Rfc8439_core/u_poly1305/mac_tag_reg[3]_i_8_n_0
    SLICE_X30Y40         CARRY4 (Prop_carry4_CI_CO[0])
                                                      0.254     6.987 r  design_1_i/RFC8439_0/inst/RFC8439_v1_0_S00_AXI_inst/Rfc8439_core/u_poly1305/mac_tag_reg[3]_i_3/CO[0]
                         net (fo=4, routed)           1.244     8.232    design_1_i/RFC8439_0/inst/RFC8439_v1_0_S00_AXI_inst/Rfc8439_core/u_poly1305/h_mod1
    SLICE_X31Y22         LUT2 (Prop_lut2_I0_O)        0.367     8.599 r  design_1_i/RFC8439_0/inst/RFC8439_v1_0_S00_AXI_inst/Rfc8439_core/u_poly1305/mac_tag[3]_i_7/O
                         net (fo=1, routed)           0.000     8.599    design_1_i/RFC8439_0/inst/RFC8439_v1_0_S00_AXI_inst/Rfc8439_core/u_poly1305/mac_tag[3]_i_7_n_0
    SLICE_X31Y22         CARRY4 (Prop_carry4_S[0]_CO[3])
                                                      0.532     9.131 r  design_1_i/RFC8439_0/inst/RFC8439_v1_0_S00_AXI_inst/Rfc8439_core/u_poly1305/mac_tag_reg[3]_i_1/CO[3]
                         net (fo=1, routed)           0.000     9.131    design_1_i/RFC8439_0/inst/RFC8439_v1_0_S00_AXI_inst/Rfc8439_core/u_poly1305/mac_tag_reg[3]_i_1_n_0
    SLICE_X31Y23         CARRY4 (Prop_carry4_CI_CO[3])
                                                      0.114     9.245 r  design_1_i/RFC8439_0/inst/RFC8439_v1_0_S00_AXI_inst/Rfc8439_core/u_poly1305/mac_tag_reg[7]_i_1/CO[3]
                         net (fo=1, routed)           0.000     9.245    design_1_i/RFC8439_0/inst/RFC8439_v1_0_S00_AXI_inst/Rfc8439_core/u_poly1305/mac_tag_reg[7]_i_1_n_0
    SLICE_X31Y24         CARRY4 (Prop_carry4_CI_CO[3])
                                                      0.114     9.359 r  design_1_i/RFC8439_0/inst/RFC8439_v1_0_S00_AXI_inst/Rfc8439_core/u_poly1305/mac_tag_reg[11]_i_1/CO[3]
                         net (fo=1, routed)           0.009     9.368    design_1_i/RFC8439_0/inst/RFC8439_v1_0_S00_AXI_inst/Rfc8439_core/u_poly1305/mac_tag_reg[11]_i_1_n_0
    SLICE_X31Y25         CARRY4 (Prop_carry4_CI_CO[3])
                                                      0.114     9.482 r  design_1_i/RFC8439_0/inst/RFC8439_v1_0_S00_AXI_inst/Rfc8439_core/u_poly1305/mac_tag_reg[15]_i_1/CO[3]
                         net (fo=1, routed)           0.000     9.482    design_1_i/RFC8439_0/inst/RFC8439_v1_0_S00_AXI_inst/Rfc8439_core/u_poly1305/mac_tag_reg[15]_i_1_n_0
    SLICE_X31Y26         CARRY4 (Prop_carry4_CI_CO[3])
                                                      0.114     9.596 r  design_1_i/RFC8439_0/inst/RFC8439_v1_0_S00_AXI_inst/Rfc8439_core/u_poly1305/mac_tag_reg[19]_i_1/CO[3]
                         net (fo=1, routed)           0.000     9.596    design_1_i/RFC8439_0/inst/RFC8439_v1_0_S00_AXI_inst/Rfc8439_core/u_poly1305/mac_tag_reg[19]_i_1_n_0
    SLICE_X31Y27         CARRY4 (Prop_carry4_CI_CO[3])
                                                      0.114     9.710 r  design_1_i/RFC8439_0/inst/RFC8439_v1_0_S00_AXI_inst/Rfc8439_core/u_poly1305/mac_tag_reg[23]_i_1/CO[3]
                         net (fo=1, routed)           0.000     9.710    design_1_i/RFC8439_0/inst/RFC8439_v1_0_S00_AXI_inst/Rfc8439_core/u_poly1305/mac_tag_reg[23]_i_1_n_0
    SLICE_X31Y28         CARRY4 (Prop_carry4_CI_CO[3])
                                                      0.114     9.824 r  design_1_i/RFC8439_0/inst/RFC8439_v1_0_S00_AXI_inst/Rfc8439_core/u_poly1305/mac_tag_reg[27]_i_1/CO[3]
                         net (fo=1, routed)           0.000     9.824    design_1_i/RFC8439_0/inst/RFC8439_v1_0_S00_AXI_inst/Rfc8439_core/u_poly1305/mac_tag_reg[27]_i_1_n_0
    SLICE_X31Y29         CARRY4 (Prop_carry4_CI_CO[3])
                                                      0.114     9.938 r  design_1_i/RFC8439_0/inst/RFC8439_v1_0_S00_AXI_inst/Rfc8439_core/u_poly1305/mac_tag_reg[31]_i_1/CO[3]
                         net (fo=1, routed)           0.000     9.938    design_1_i/RFC8439_0/inst/RFC8439_v1_0_S00_AXI_inst/Rfc8439_core/u_poly1305/mac_tag_reg[31]_i_1_n_0
    SLICE_X31Y30         CARRY4 (Prop_carry4_CI_CO[3])
                                                      0.114    10.052 r  design_1_i/RFC8439_0/inst/RFC8439_v1_0_S00_AXI_inst/Rfc8439_core/u_poly1305/mac_tag_reg[35]_i_1/CO[3]
                         net (fo=1, routed)           0.000    10.052    design_1_i/RFC8439_0/inst/RFC8439_v1_0_S00_AXI_inst/Rfc8439_core/u_poly1305/mac_tag_reg[35]_i_1_n_0
    SLICE_X31Y31         CARRY4 (Prop_carry4_CI_CO[3])
                                                      0.114    10.166 r  design_1_i/RFC8439_0/inst/RFC8439_v1_0_S00_AXI_inst/Rfc8439_core/u_poly1305/mac_tag_reg[39]_i_1/CO[3]
                         net (fo=1, routed)           0.000    10.166    design_1_i/RFC8439_0/inst/RFC8439_v1_0_S00_AXI_inst/Rfc8439_core/u_poly1305/mac_tag_reg[39]_i_1_n_0
    SLICE_X31Y32         CARRY4 (Prop_carry4_CI_CO[3])
                                                      0.114    10.280 r  design_1_i/RFC8439_0/inst/RFC8439_v1_0_S00_AXI_inst/Rfc8439_core/u_poly1305/mac_tag_reg[43]_i_1/CO[3]
                         net (fo=1, routed)           0.000    10.280    design_1_i/RFC8439_0/inst/RFC8439_v1_0_S00_AXI_inst/Rfc8439_core/u_poly1305/mac_tag_reg[43]_i_1_n_0
    SLICE_X31Y33         CARRY4 (Prop_carry4_CI_CO[3])
                                                      0.114    10.394 r  design_1_i/RFC8439_0/inst/RFC8439_v1_0_S00_AXI_inst/Rfc8439_core/u_poly1305/mac_tag_reg[47]_i_1/CO[3]
                         net (fo=1, routed)           0.000    10.394    design_1_i/RFC8439_0/inst/RFC8439_v1_0_S00_AXI_inst/Rfc8439_core/u_poly1305/mac_tag_reg[47]_i_1_n_0
    SLICE_X31Y34         CARRY4 (Prop_carry4_CI_CO[3])
                                                      0.114    10.508 r  design_1_i/RFC8439_0/inst/RFC8439_v1_0_S00_AXI_inst/Rfc8439_core/u_poly1305/mac_tag_reg[51]_i_1/CO[3]
                         net (fo=1, routed)           0.000    10.508    design_1_i/RFC8439_0/inst/RFC8439_v1_0_S00_AXI_inst/Rfc8439_core/u_poly1305/mac_tag_reg[51]_i_1_n_0
    SLICE_X31Y35         CARRY4 (Prop_carry4_CI_CO[3])
                                                      0.114    10.622 r  design_1_i/RFC8439_0/inst/RFC8439_v1_0_S00_AXI_inst/Rfc8439_core/u_poly1305/mac_tag_reg[55]_i_1/CO[3]
                         net (fo=1, routed)           0.000    10.622    design_1_i/RFC8439_0/inst/RFC8439_v1_0_S00_AXI_inst/Rfc8439_core/u_poly1305/mac_tag_reg[55]_i_1_n_0
    SLICE_X31Y36         CARRY4 (Prop_carry4_CI_CO[3])
                                                      0.114    10.736 r  design_1_i/RFC8439_0/inst/RFC8439_v1_0_S00_AXI_inst/Rfc8439_core/u_poly1305/mac_tag_reg[59]_i_1/CO[3]
                         net (fo=1, routed)           0.000    10.736    design_1_i/RFC8439_0/inst/RFC8439_v1_0_S00_AXI_inst/Rfc8439_core/u_poly1305/mac_tag_reg[59]_i_1_n_0
    SLICE_X31Y37         CARRY4 (Prop_carry4_CI_CO[3])
                                                      0.114    10.850 r  design_1_i/RFC8439_0/inst/RFC8439_v1_0_S00_AXI_inst/Rfc8439_core/u_poly1305/mac_tag_reg[63]_i_1/CO[3]
                         net (fo=1, routed)           0.000    10.850    design_1_i/RFC8439_0/inst/RFC8439_v1_0_S00_AXI_inst/Rfc8439_core/u_poly1305/mac_tag_reg[63]_i_1_n_0
    SLICE_X31Y38         CARRY4 (Prop_carry4_CI_CO[3])
                                                      0.114    10.964 r  design_1_i/RFC8439_0/inst/RFC8439_v1_0_S00_AXI_inst/Rfc8439_core/u_poly1305/mac_tag_reg[67]_i_1/CO[3]
                         net (fo=1, routed)           0.000    10.964    design_1_i/RFC8439_0/inst/RFC8439_v1_0_S00_AXI_inst/Rfc8439_core/u_poly1305/mac_tag_reg[67]_i_1_n_0
    SLICE_X31Y39         CARRY4 (Prop_carry4_CI_CO[3])
                                                      0.114    11.078 r  design_1_i/RFC8439_0/inst/RFC8439_v1_0_S00_AXI_inst/Rfc8439_core/u_poly1305/mac_tag_reg[71]_i_1/CO[3]
                         net (fo=1, routed)           0.000    11.078    design_1_i/RFC8439_0/inst/RFC8439_v1_0_S00_AXI_inst/Rfc8439_core/u_poly1305/mac_tag_reg[71]_i_1_n_0
    SLICE_X31Y40         CARRY4 (Prop_carry4_CI_CO[3])
                                                      0.114    11.192 r  design_1_i/RFC8439_0/inst/RFC8439_v1_0_S00_AXI_inst/Rfc8439_core/u_poly1305/mac_tag_reg[75]_i_1/CO[3]
                         net (fo=1, routed)           0.000    11.192    design_1_i/RFC8439_0/inst/RFC8439_v1_0_S00_AXI_inst/Rfc8439_core/u_poly1305/mac_tag_reg[75]_i_1_n_0
    SLICE_X31Y41         CARRY4 (Prop_carry4_CI_CO[3])
                                                      0.114    11.306 r  design_1_i/RFC8439_0/inst/RFC8439_v1_0_S00_AXI_inst/Rfc8439_core/u_poly1305/mac_tag_reg[79]_i_1/CO[3]
                         net (fo=1, routed)           0.000    11.306    design_1_i/RFC8439_0/inst/RFC8439_v1_0_S00_AXI_inst/Rfc8439_core/u_poly1305/mac_tag_reg[79]_i_1_n_0
    SLICE_X31Y42         CARRY4 (Prop_carry4_CI_CO[3])
                                                      0.114    11.420 r  design_1_i/RFC8439_0/inst/RFC8439_v1_0_S00_AXI_inst/Rfc8439_core/u_poly1305/mac_tag_reg[83]_i_1/CO[3]
                         net (fo=1, routed)           0.000    11.420    design_1_i/RFC8439_0/inst/RFC8439_v1_0_S00_AXI_inst/Rfc8439_core/u_poly1305/mac_tag_reg[83]_i_1_n_0
    SLICE_X31Y43         CARRY4 (Prop_carry4_CI_CO[3])
                                                      0.114    11.534 r  design_1_i/RFC8439_0/inst/RFC8439_v1_0_S00_AXI_inst/Rfc8439_core/u_poly1305/mac_tag_reg[87]_i_1/CO[3]
                         net (fo=1, routed)           0.000    11.534    design_1_i/RFC8439_0/inst/RFC8439_v1_0_S00_AXI_inst/Rfc8439_core/u_poly1305/mac_tag_reg[87]_i_1_n_0
    SLICE_X31Y44         CARRY4 (Prop_carry4_CI_CO[3])
                                                      0.114    11.648 r  design_1_i/RFC8439_0/inst/RFC8439_v1_0_S00_AXI_inst/Rfc8439_core/u_poly1305/mac_tag_reg[91]_i_1/CO[3]
                         net (fo=1, routed)           0.000    11.648    design_1_i/RFC8439_0/inst/RFC8439_v1_0_S00_AXI_inst/Rfc8439_core/u_poly1305/mac_tag_reg[91]_i_1_n_0
    SLICE_X31Y45         CARRY4 (Prop_carry4_CI_CO[3])
                                                      0.114    11.762 r  design_1_i/RFC8439_0/inst/RFC8439_v1_0_S00_AXI_inst/Rfc8439_core/u_poly1305/mac_tag_reg[95]_i_1/CO[3]
                         net (fo=1, routed)           0.000    11.762    design_1_i/RFC8439_0/inst/RFC8439_v1_0_S00_AXI_inst/Rfc8439_core/u_poly1305/mac_tag_reg[95]_i_1_n_0
    SLICE_X31Y46         CARRY4 (Prop_carry4_CI_CO[3])
                                                      0.114    11.876 r  design_1_i/RFC8439_0/inst/RFC8439_v1_0_S00_AXI_inst/Rfc8439_core/u_poly1305/mac_tag_reg[99]_i_1/CO[3]
                         net (fo=1, routed)           0.000    11.876    design_1_i/RFC8439_0/inst/RFC8439_v1_0_S00_AXI_inst/Rfc8439_core/u_poly1305/mac_tag_reg[99]_i_1_n_0
    SLICE_X31Y47         CARRY4 (Prop_carry4_CI_CO[3])
                                                      0.114    11.990 r  design_1_i/RFC8439_0/inst/RFC8439_v1_0_S00_AXI_inst/Rfc8439_core/u_poly1305/mac_tag_reg[103]_i_1/CO[3]
                         net (fo=1, routed)           0.000    11.990    design_1_i/RFC8439_0/inst/RFC8439_v1_0_S00_AXI_inst/Rfc8439_core/u_poly1305/mac_tag_reg[103]_i_1_n_0
    SLICE_X31Y48         CARRY4 (Prop_carry4_CI_CO[3])
                                                      0.114    12.104 r  design_1_i/RFC8439_0/inst/RFC8439_v1_0_S00_AXI_inst/Rfc8439_core/u_poly1305/mac_tag_reg[107]_i_1/CO[3]
                         net (fo=1, routed)           0.000    12.104    design_1_i/RFC8439_0/inst/RFC8439_v1_0_S00_AXI_inst/Rfc8439_core/u_poly1305/mac_tag_reg[107]_i_1_n_0
    SLICE_X31Y49         CARRY4 (Prop_carry4_CI_CO[3])
                                                      0.114    12.218 r  design_1_i/RFC8439_0/inst/RFC8439_v1_0_S00_AXI_inst/Rfc8439_core/u_poly1305/mac_tag_reg[111]_i_1/CO[3]
                         net (fo=1, routed)           0.001    12.218    design_1_i/RFC8439_0/inst/RFC8439_v1_0_S00_AXI_inst/Rfc8439_core/u_poly1305/mac_tag_reg[111]_i_1_n_0
    SLICE_X31Y50         CARRY4 (Prop_carry4_CI_CO[3])
                                                      0.114    12.332 r  design_1_i/RFC8439_0/inst/RFC8439_v1_0_S00_AXI_inst/Rfc8439_core/u_poly1305/mac_tag_reg[115]_i_1/CO[3]
                         net (fo=1, routed)           0.000    12.332    design_1_i/RFC8439_0/inst/RFC8439_v1_0_S00_AXI_inst/Rfc8439_core/u_poly1305/mac_tag_reg[115]_i_1_n_0
    SLICE_X31Y51         CARRY4 (Prop_carry4_CI_CO[3])
                                                      0.114    12.446 r  design_1_i/RFC8439_0/inst/RFC8439_v1_0_S00_AXI_inst/Rfc8439_core/u_poly1305/mac_tag_reg[119]_i_1/CO[3]
                         net (fo=1, routed)           0.000    12.446    design_1_i/RFC8439_0/inst/RFC8439_v1_0_S00_AXI_inst/Rfc8439_core/u_poly1305/mac_tag_reg[119]_i_1_n_0
    SLICE_X31Y52         CARRY4 (Prop_carry4_CI_O[1])
                                                      0.334    12.780 r  design_1_i/RFC8439_0/inst/RFC8439_v1_0_S00_AXI_inst/Rfc8439_core/u_poly1305/mac_tag_reg[123]_i_1/O[1]
                         net (fo=1, routed)           0.000    12.780    design_1_i/RFC8439_0/inst/RFC8439_v1_0_S00_AXI_inst/Rfc8439_core/u_poly1305/mac_tag_reg[123]_i_1_n_6
    SLICE_X31Y52         FDCE                                         r  design_1_i/RFC8439_0/inst/RFC8439_v1_0_S00_AXI_inst/Rfc8439_core/u_poly1305/mac_tag_reg[121]/D
  -------------------------------------------------------------------    -------------------

                         (clock clk_fpga_0 rise edge)
                                                     10.000    10.000 r  
    PS7_X0Y0             PS7                          0.000    10.000 r  design_1_i/processing_system7_0/inst/PS7_i/FCLKCLK[0]
                         net (fo=1, routed)           1.088    11.088    design_1_i/processing_system7_0/inst/FCLK_CLK_unbuffered[0]
    BUFGCTRL_X0Y16       BUFG (Prop_bufg_I_O)         0.091    11.179 r  design_1_i/processing_system7_0/inst/buffer_fclk_clk_0.FCLK_CLK_0_BUFG/O
                         net (fo=13923, routed)       1.526    12.705    design_1_i/RFC8439_0/inst/RFC8439_v1_0_S00_AXI_inst/Rfc8439_core/u_poly1305/s00_axi_aclk
    SLICE_X31Y52         FDCE                                         r  design_1_i/RFC8439_0/inst/RFC8439_v1_0_S00_AXI_inst/Rfc8439_core/u_poly1305/mac_tag_reg[121]/C
                         clock pessimism              0.115    12.820    
                         clock uncertainty           -0.154    12.666    
    SLICE_X31Y52         FDCE (Setup_fdce_C_D)        0.062    12.728    design_1_i/RFC8439_0/inst/RFC8439_v1_0_S00_AXI_inst/Rfc8439_core/u_poly1305/mac_tag_reg[121]
  -------------------------------------------------------------------
                         required time                         12.728    
                         arrival time                         -12.780    
  -------------------------------------------------------------------
                         slack                                 -0.053    

Slack (VIOLATED) :        -0.032ns  (required time - arrival time)
  Source:                 design_1_i/RFC8439_0/inst/RFC8439_v1_0_S00_AXI_inst/Rfc8439_core/u_poly1305/h_full_reg[0]/C
                            (rising edge-triggered cell FDCE clocked by clk_fpga_0  {rise@0.000ns fall@5.000ns period=10.000ns})
  Destination:            design_1_i/RFC8439_0/inst/RFC8439_v1_0_S00_AXI_inst/Rfc8439_core/u_poly1305/mac_tag_reg[123]/D
                            (rising edge-triggered cell FDCE clocked by clk_fpga_0  {rise@0.000ns fall@5.000ns period=10.000ns})
  Path Group:             clk_fpga_0
  Path Type:              Setup (Max at Slow Process Corner)
  Requirement:            10.000ns  (clk_fpga_0 rise@10.000ns - clk_fpga_0 rise@0.000ns)
  Data Path Delay:        9.732ns  (logic 7.702ns (79.139%)  route 2.030ns (20.861%))
  Logic Levels:           50  (CARRY4=48 LUT2=2)
  Clock Path Skew:        -0.207ns (DCD - SCD + CPR)
    Destination Clock Delay (DCD):    2.705ns = ( 12.705 - 10.000 ) 
    Source Clock Delay      (SCD):    3.027ns
    Clock Pessimism Removal (CPR):    0.115ns
  Clock Uncertainty:      0.154ns  ((TSJ^2 + TIJ^2)^1/2 + DJ) / 2 + PE
    Total System Jitter     (TSJ):    0.071ns
    Total Input Jitter      (TIJ):    0.300ns
    Discrete Jitter          (DJ):    0.000ns
    Phase Error              (PE):    0.000ns

    Location             Delay type                Incr(ns)  Path(ns)    Netlist Resource(s)
  -------------------------------------------------------------------    -------------------
                         (clock clk_fpga_0 rise edge)
                                                      0.000     0.000 r  
    PS7_X0Y0             PS7                          0.000     0.000 r  design_1_i/processing_system7_0/inst/PS7_i/FCLKCLK[0]
                         net (fo=1, routed)           1.193     1.193    design_1_i/processing_system7_0/inst/FCLK_CLK_unbuffered[0]
    BUFGCTRL_X0Y16       BUFG (Prop_bufg_I_O)         0.101     1.294 r  design_1_i/processing_system7_0/inst/buffer_fclk_clk_0.FCLK_CLK_0_BUFG/O
                         net (fo=13923, routed)       1.733     3.027    design_1_i/RFC8439_0/inst/RFC8439_v1_0_S00_AXI_inst/Rfc8439_core/u_poly1305/s00_axi_aclk
    SLICE_X31Y21         FDCE                                         r  design_1_i/RFC8439_0/inst/RFC8439_v1_0_S00_AXI_inst/Rfc8439_core/u_poly1305/h_full_reg[0]/C
  -------------------------------------------------------------------    -------------------
    SLICE_X31Y21         FDCE (Prop_fdce_C_Q)         0.456     3.483 r  design_1_i/RFC8439_0/inst/RFC8439_v1_0_S00_AXI_inst/Rfc8439_core/u_poly1305/h_full_reg[0]/Q
                         net (fo=2, routed)           0.294     3.777    design_1_i/RFC8439_0/inst/RFC8439_v1_0_S00_AXI_inst/Rfc8439_core/u_poly1305/h_full[0]
    SLICE_X30Y21         LUT2 (Prop_lut2_I0_O)        0.124     3.901 r  design_1_i/RFC8439_0/inst/RFC8439_v1_0_S00_AXI_inst/Rfc8439_core/u_poly1305/mac_tag[3]_i_86/O
                         net (fo=1, routed)           0.473     4.374    design_1_i/RFC8439_0/inst/RFC8439_v1_0_S00_AXI_inst/Rfc8439_core/u_poly1305/mac_tag[3]_i_86_n_0
    SLICE_X30Y24         CARRY4 (Prop_carry4_CYINIT_CO[3])
                                                      0.595     4.969 r  design_1_i/RFC8439_0/inst/RFC8439_v1_0_S00_AXI_inst/Rfc8439_core/u_poly1305/mac_tag_reg[3]_i_81/CO[3]
                         net (fo=1, routed)           0.009     4.978    design_1_i/RFC8439_0/inst/RFC8439_v1_0_S00_AXI_inst/Rfc8439_core/u_poly1305/mac_tag_reg[3]_i_81_n_0
    SLICE_X30Y25         CARRY4 (Prop_carry4_CI_CO[3])
                                                      0.117     5.095 r  design_1_i/RFC8439_0/inst/RFC8439_v1_0_S00_AXI_inst/Rfc8439_core/u_poly1305/mac_tag_reg[3]_i_76/CO[3]
                         net (fo=1, routed)           0.000     5.095    design_1_i/RFC8439_0/inst/RFC8439_v1_0_S00_AXI_inst/Rfc8439_core/u_poly1305/mac_tag_reg[3]_i_76_n_0
    SLICE_X30Y26         CARRY4 (Prop_carry4_CI_CO[3])
                                                      0.117     5.212 r  design_1_i/RFC8439_0/inst/RFC8439_v1_0_S00_AXI_inst/Rfc8439_core/u_poly1305/mac_tag_reg[3]_i_71/CO[3]
                         net (fo=1, routed)           0.000     5.212    design_1_i/RFC8439_0/inst/RFC8439_v1_0_S00_AXI_inst/Rfc8439_core/u_poly1305/mac_tag_reg[3]_i_71_n_0
    SLICE_X30Y27         CARRY4 (Prop_carry4_CI_CO[3])
                                                      0.117     5.329 r  design_1_i/RFC8439_0/inst/RFC8439_v1_0_S00_AXI_inst/Rfc8439_core/u_poly1305/mac_tag_reg[3]_i_66/CO[3]
                         net (fo=1, routed)           0.000     5.329    design_1_i/RFC8439_0/inst/RFC8439_v1_0_S00_AXI_inst/Rfc8439_core/u_poly1305/mac_tag_reg[3]_i_66_n_0
    SLICE_X30Y28         CARRY4 (Prop_carry4_CI_CO[3])
                                                      0.117     5.446 r  design_1_i/RFC8439_0/inst/RFC8439_v1_0_S00_AXI_inst/Rfc8439_core/u_poly1305/mac_tag_reg[3]_i_61/CO[3]
                         net (fo=1, routed)           0.000     5.446    design_1_i/RFC8439_0/inst/RFC8439_v1_0_S00_AXI_inst/Rfc8439_core/u_poly1305/mac_tag_reg[3]_i_61_n_0
    SLICE_X30Y29         CARRY4 (Prop_carry4_CI_CO[3])
                                                      0.117     5.563 r  design_1_i/RFC8439_0/inst/RFC8439_v1_0_S00_AXI_inst/Rfc8439_core/u_poly1305/mac_tag_reg[3]_i_56/CO[3]
                         net (fo=1, routed)           0.000     5.563    design_1_i/RFC8439_0/inst/RFC8439_v1_0_S00_AXI_inst/Rfc8439_core/u_poly1305/mac_tag_reg[3]_i_56_n_0
    SLICE_X30Y30         CARRY4 (Prop_carry4_CI_CO[3])
                                                      0.117     5.680 r  design_1_i/RFC8439_0/inst/RFC8439_v1_0_S00_AXI_inst/Rfc8439_core/u_poly1305/mac_tag_reg[3]_i_51/CO[3]
                         net (fo=1, routed)           0.000     5.680    design_1_i/RFC8439_0/inst/RFC8439_v1_0_S00_AXI_inst/Rfc8439_core/u_poly1305/mac_tag_reg[3]_i_51_n_0
    SLICE_X30Y31         CARRY4 (Prop_carry4_CI_CO[3])
                                                      0.117     5.797 r  design_1_i/RFC8439_0/inst/RFC8439_v1_0_S00_AXI_inst/Rfc8439_core/u_poly1305/mac_tag_reg[3]_i_46/CO[3]
                         net (fo=1, routed)           0.000     5.797    design_1_i/RFC8439_0/inst/RFC8439_v1_0_S00_AXI_inst/Rfc8439_core/u_poly1305/mac_tag_reg[3]_i_46_n_0
    SLICE_X30Y32         CARRY4 (Prop_carry4_CI_CO[3])
                                                      0.117     5.914 r  design_1_i/RFC8439_0/inst/RFC8439_v1_0_S00_AXI_inst/Rfc8439_core/u_poly1305/mac_tag_reg[3]_i_41/CO[3]
                         net (fo=1, routed)           0.000     5.914    design_1_i/RFC8439_0/inst/RFC8439_v1_0_S00_AXI_inst/Rfc8439_core/u_poly1305/mac_tag_reg[3]_i_41_n_0
    SLICE_X30Y33         CARRY4 (Prop_carry4_CI_CO[3])
                                                      0.117     6.031 r  design_1_i/RFC8439_0/inst/RFC8439_v1_0_S00_AXI_inst/Rfc8439_core/u_poly1305/mac_tag_reg[3]_i_36/CO[3]
                         net (fo=1, routed)           0.000     6.031    design_1_i/RFC8439_0/inst/RFC8439_v1_0_S00_AXI_inst/Rfc8439_core/u_poly1305/mac_tag_reg[3]_i_36_n_0
    SLICE_X30Y34         CARRY4 (Prop_carry4_CI_CO[3])
                                                      0.117     6.148 r  design_1_i/RFC8439_0/inst/RFC8439_v1_0_S00_AXI_inst/Rfc8439_core/u_poly1305/mac_tag_reg[3]_i_31/CO[3]
                         net (fo=1, routed)           0.000     6.148    design_1_i/RFC8439_0/inst/RFC8439_v1_0_S00_AXI_inst/Rfc8439_core/u_poly1305/mac_tag_reg[3]_i_31_n_0
    SLICE_X30Y35         CARRY4 (Prop_carry4_CI_CO[3])
                                                      0.117     6.265 r  design_1_i/RFC8439_0/inst/RFC8439_v1_0_S00_AXI_inst/Rfc8439_core/u_poly1305/mac_tag_reg[3]_i_26/CO[3]
                         net (fo=1, routed)           0.000     6.265    design_1_i/RFC8439_0/inst/RFC8439_v1_0_S00_AXI_inst/Rfc8439_core/u_poly1305/mac_tag_reg[3]_i_26_n_0
    SLICE_X30Y36         CARRY4 (Prop_carry4_CI_CO[3])
                                                      0.117     6.382 r  design_1_i/RFC8439_0/inst/RFC8439_v1_0_S00_AXI_inst/Rfc8439_core/u_poly1305/mac_tag_reg[3]_i_21/CO[3]
                         net (fo=1, routed)           0.000     6.382    design_1_i/RFC8439_0/inst/RFC8439_v1_0_S00_AXI_inst/Rfc8439_core/u_poly1305/mac_tag_reg[3]_i_21_n_0
    SLICE_X30Y37         CARRY4 (Prop_carry4_CI_CO[3])
                                                      0.117     6.499 r  design_1_i/RFC8439_0/inst/RFC8439_v1_0_S00_AXI_inst/Rfc8439_core/u_poly1305/mac_tag_reg[3]_i_16/CO[3]
                         net (fo=1, routed)           0.000     6.499    design_1_i/RFC8439_0/inst/RFC8439_v1_0_S00_AXI_inst/Rfc8439_core/u_poly1305/mac_tag_reg[3]_i_16_n_0
    SLICE_X30Y38         CARRY4 (Prop_carry4_CI_CO[3])
                                                      0.117     6.616 r  design_1_i/RFC8439_0/inst/RFC8439_v1_0_S00_AXI_inst/Rfc8439_core/u_poly1305/mac_tag_reg[3]_i_11/CO[3]
                         net (fo=1, routed)           0.000     6.616    design_1_i/RFC8439_0/inst/RFC8439_v1_0_S00_AXI_inst/Rfc8439_core/u_poly1305/mac_tag_reg[3]_i_11_n_0
    SLICE_X30Y39         CARRY4 (Prop_carry4_CI_CO[3])
                                                      0.117     6.733 r  design_1_i/RFC8439_0/inst/RFC8439_v1_0_S00_AXI_inst/Rfc8439_core/u_poly1305/mac_tag_reg[3]_i_8/CO[3]
                         net (fo=1, routed)           0.000     6.733    design_1_i/RFC8439_0/inst/RFC8439_v1_0_S00_AXI_inst/Rfc8439_core/u_poly1305/mac_tag_reg[3]_i_8_n_0
    SLICE_X30Y40         CARRY4 (Prop_carry4_CI_CO[0])
                                                      0.254     6.987 r  design_1_i/RFC8439_0/inst/RFC8439_v1_0_S00_AXI_inst/Rfc8439_core/u_poly1305/mac_tag_reg[3]_i_3/CO[0]
                         net (fo=4, routed)           1.244     8.232    design_1_i/RFC8439_0/inst/RFC8439_v1_0_S00_AXI_inst/Rfc8439_core/u_poly1305/h_mod1
    SLICE_X31Y22         LUT2 (Prop_lut2_I0_O)        0.367     8.599 r  design_1_i/RFC8439_0/inst/RFC8439_v1_0_S00_AXI_inst/Rfc8439_core/u_poly1305/mac_tag[3]_i_7/O
                         net (fo=1, routed)           0.000     8.599    design_1_i/RFC8439_0/inst/RFC8439_v1_0_S00_AXI_inst/Rfc8439_core/u_poly1305/mac_tag[3]_i_7_n_0
    SLICE_X31Y22         CARRY4 (Prop_carry4_S[0]_CO[3])
                                                      0.532     9.131 r  design_1_i/RFC8439_0/inst/RFC8439_v1_0_S00_AXI_inst/Rfc8439_core/u_poly1305/mac_tag_reg[3]_i_1/CO[3]
                         net (fo=1, routed)           0.000     9.131    design_1_i/RFC8439_0/inst/RFC8439_v1_0_S00_AXI_inst/Rfc8439_core/u_poly1305/mac_tag_reg[3]_i_1_n_0
    SLICE_X31Y23         CARRY4 (Prop_carry4_CI_CO[3])
                                                      0.114     9.245 r  design_1_i/RFC8439_0/inst/RFC8439_v1_0_S00_AXI_inst/Rfc8439_core/u_poly1305/mac_tag_reg[7]_i_1/CO[3]
                         net (fo=1, routed)           0.000     9.245    design_1_i/RFC8439_0/inst/RFC8439_v1_0_S00_AXI_inst/Rfc8439_core/u_poly1305/mac_tag_reg[7]_i_1_n_0
    SLICE_X31Y24         CARRY4 (Prop_carry4_CI_CO[3])
                                                      0.114     9.359 r  design_1_i/RFC8439_0/inst/RFC8439_v1_0_S00_AXI_inst/Rfc8439_core/u_poly1305/mac_tag_reg[11]_i_1/CO[3]
                         net (fo=1, routed)           0.009     9.368    design_1_i/RFC8439_0/inst/RFC8439_v1_0_S00_AXI_inst/Rfc8439_core/u_poly1305/mac_tag_reg[11]_i_1_n_0
    SLICE_X31Y25         CARRY4 (Prop_carry4_CI_CO[3])
                                                      0.114     9.482 r  design_1_i/RFC8439_0/inst/RFC8439_v1_0_S00_AXI_inst/Rfc8439_core/u_poly1305/mac_tag_reg[15]_i_1/CO[3]
                         net (fo=1, routed)           0.000     9.482    design_1_i/RFC8439_0/inst/RFC8439_v1_0_S00_AXI_inst/Rfc8439_core/u_poly1305/mac_tag_reg[15]_i_1_n_0
    SLICE_X31Y26         CARRY4 (Prop_carry4_CI_CO[3])
                                                      0.114     9.596 r  design_1_i/RFC8439_0/inst/RFC8439_v1_0_S00_AXI_inst/Rfc8439_core/u_poly1305/mac_tag_reg[19]_i_1/CO[3]
                         net (fo=1, routed)           0.000     9.596    design_1_i/RFC8439_0/inst/RFC8439_v1_0_S00_AXI_inst/Rfc8439_core/u_poly1305/mac_tag_reg[19]_i_1_n_0
    SLICE_X31Y27         CARRY4 (Prop_carry4_CI_CO[3])
                                                      0.114     9.710 r  design_1_i/RFC8439_0/inst/RFC8439_v1_0_S00_AXI_inst/Rfc8439_core/u_poly1305/mac_tag_reg[23]_i_1/CO[3]
                         net (fo=1, routed)           0.000     9.710    design_1_i/RFC8439_0/inst/RFC8439_v1_0_S00_AXI_inst/Rfc8439_core/u_poly1305/mac_tag_reg[23]_i_1_n_0
    SLICE_X31Y28         CARRY4 (Prop_carry4_CI_CO[3])
                                                      0.114     9.824 r  design_1_i/RFC8439_0/inst/RFC8439_v1_0_S00_AXI_inst/Rfc8439_core/u_poly1305/mac_tag_reg[27]_i_1/CO[3]
                         net (fo=1, routed)           0.000     9.824    design_1_i/RFC8439_0/inst/RFC8439_v1_0_S00_AXI_inst/Rfc8439_core/u_poly1305/mac_tag_reg[27]_i_1_n_0
    SLICE_X31Y29         CARRY4 (Prop_carry4_CI_CO[3])
                                                      0.114     9.938 r  design_1_i/RFC8439_0/inst/RFC8439_v1_0_S00_AXI_inst/Rfc8439_core/u_poly1305/mac_tag_reg[31]_i_1/CO[3]
                         net (fo=1, routed)           0.000     9.938    design_1_i/RFC8439_0/inst/RFC8439_v1_0_S00_AXI_inst/Rfc8439_core/u_poly1305/mac_tag_reg[31]_i_1_n_0
    SLICE_X31Y30         CARRY4 (Prop_carry4_CI_CO[3])
                                                      0.114    10.052 r  design_1_i/RFC8439_0/inst/RFC8439_v1_0_S00_AXI_inst/Rfc8439_core/u_poly1305/mac_tag_reg[35]_i_1/CO[3]
                         net (fo=1, routed)           0.000    10.052    design_1_i/RFC8439_0/inst/RFC8439_v1_0_S00_AXI_inst/Rfc8439_core/u_poly1305/mac_tag_reg[35]_i_1_n_0
    SLICE_X31Y31         CARRY4 (Prop_carry4_CI_CO[3])
                                                      0.114    10.166 r  design_1_i/RFC8439_0/inst/RFC8439_v1_0_S00_AXI_inst/Rfc8439_core/u_poly1305/mac_tag_reg[39]_i_1/CO[3]
                         net (fo=1, routed)           0.000    10.166    design_1_i/RFC8439_0/inst/RFC8439_v1_0_S00_AXI_inst/Rfc8439_core/u_poly1305/mac_tag_reg[39]_i_1_n_0
    SLICE_X31Y32         CARRY4 (Prop_carry4_CI_CO[3])
                                                      0.114    10.280 r  design_1_i/RFC8439_0/inst/RFC8439_v1_0_S00_AXI_inst/Rfc8439_core/u_poly1305/mac_tag_reg[43]_i_1/CO[3]
                         net (fo=1, routed)           0.000    10.280    design_1_i/RFC8439_0/inst/RFC8439_v1_0_S00_AXI_inst/Rfc8439_core/u_poly1305/mac_tag_reg[43]_i_1_n_0
    SLICE_X31Y33         CARRY4 (Prop_carry4_CI_CO[3])
                                                      0.114    10.394 r  design_1_i/RFC8439_0/inst/RFC8439_v1_0_S00_AXI_inst/Rfc8439_core/u_poly1305/mac_tag_reg[47]_i_1/CO[3]
                         net (fo=1, routed)           0.000    10.394    design_1_i/RFC8439_0/inst/RFC8439_v1_0_S00_AXI_inst/Rfc8439_core/u_poly1305/mac_tag_reg[47]_i_1_n_0
    SLICE_X31Y34         CARRY4 (Prop_carry4_CI_CO[3])
                                                      0.114    10.508 r  design_1_i/RFC8439_0/inst/RFC8439_v1_0_S00_AXI_inst/Rfc8439_core/u_poly1305/mac_tag_reg[51]_i_1/CO[3]
                         net (fo=1, routed)           0.000    10.508    design_1_i/RFC8439_0/inst/RFC8439_v1_0_S00_AXI_inst/Rfc8439_core/u_poly1305/mac_tag_reg[51]_i_1_n_0
    SLICE_X31Y35         CARRY4 (Prop_carry4_CI_CO[3])
                                                      0.114    10.622 r  design_1_i/RFC8439_0/inst/RFC8439_v1_0_S00_AXI_inst/Rfc8439_core/u_poly1305/mac_tag_reg[55]_i_1/CO[3]
                         net (fo=1, routed)           0.000    10.622    design_1_i/RFC8439_0/inst/RFC8439_v1_0_S00_AXI_inst/Rfc8439_core/u_poly1305/mac_tag_reg[55]_i_1_n_0
    SLICE_X31Y36         CARRY4 (Prop_carry4_CI_CO[3])
                                                      0.114    10.736 r  design_1_i/RFC8439_0/inst/RFC8439_v1_0_S00_AXI_inst/Rfc8439_core/u_poly1305/mac_tag_reg[59]_i_1/CO[3]
                         net (fo=1, routed)           0.000    10.736    design_1_i/RFC8439_0/inst/RFC8439_v1_0_S00_AXI_inst/Rfc8439_core/u_poly1305/mac_tag_reg[59]_i_1_n_0
    SLICE_X31Y37         CARRY4 (Prop_carry4_CI_CO[3])
                                                      0.114    10.850 r  design_1_i/RFC8439_0/inst/RFC8439_v1_0_S00_AXI_inst/Rfc8439_core/u_poly1305/mac_tag_reg[63]_i_1/CO[3]
                         net (fo=1, routed)           0.000    10.850    design_1_i/RFC8439_0/inst/RFC8439_v1_0_S00_AXI_inst/Rfc8439_core/u_poly1305/mac_tag_reg[63]_i_1_n_0
    SLICE_X31Y38         CARRY4 (Prop_carry4_CI_CO[3])
                                                      0.114    10.964 r  design_1_i/RFC8439_0/inst/RFC8439_v1_0_S00_AXI_inst/Rfc8439_core/u_poly1305/mac_tag_reg[67]_i_1/CO[3]
                         net (fo=1, routed)           0.000    10.964    design_1_i/RFC8439_0/inst/RFC8439_v1_0_S00_AXI_inst/Rfc8439_core/u_poly1305/mac_tag_reg[67]_i_1_n_0
    SLICE_X31Y39         CARRY4 (Prop_carry4_CI_CO[3])
                                                      0.114    11.078 r  design_1_i/RFC8439_0/inst/RFC8439_v1_0_S00_AXI_inst/Rfc8439_core/u_poly1305/mac_tag_reg[71]_i_1/CO[3]
                         net (fo=1, routed)           0.000    11.078    design_1_i/RFC8439_0/inst/RFC8439_v1_0_S00_AXI_inst/Rfc8439_core/u_poly1305/mac_tag_reg[71]_i_1_n_0
    SLICE_X31Y40         CARRY4 (Prop_carry4_CI_CO[3])
                                                      0.114    11.192 r  design_1_i/RFC8439_0/inst/RFC8439_v1_0_S00_AXI_inst/Rfc8439_core/u_poly1305/mac_tag_reg[75]_i_1/CO[3]
                         net (fo=1, routed)           0.000    11.192    design_1_i/RFC8439_0/inst/RFC8439_v1_0_S00_AXI_inst/Rfc8439_core/u_poly1305/mac_tag_reg[75]_i_1_n_0
    SLICE_X31Y41         CARRY4 (Prop_carry4_CI_CO[3])
                                                      0.114    11.306 r  design_1_i/RFC8439_0/inst/RFC8439_v1_0_S00_AXI_inst/Rfc8439_core/u_poly1305/mac_tag_reg[79]_i_1/CO[3]
                         net (fo=1, routed)           0.000    11.306    design_1_i/RFC8439_0/inst/RFC8439_v1_0_S00_AXI_inst/Rfc8439_core/u_poly1305/mac_tag_reg[79]_i_1_n_0
    SLICE_X31Y42         CARRY4 (Prop_carry4_CI_CO[3])
                                                      0.114    11.420 r  design_1_i/RFC8439_0/inst/RFC8439_v1_0_S00_AXI_inst/Rfc8439_core/u_poly1305/mac_tag_reg[83]_i_1/CO[3]
                         net (fo=1, routed)           0.000    11.420    design_1_i/RFC8439_0/inst/RFC8439_v1_0_S00_AXI_inst/Rfc8439_core/u_poly1305/mac_tag_reg[83]_i_1_n_0
    SLICE_X31Y43         CARRY4 (Prop_carry4_CI_CO[3])
                                                      0.114    11.534 r  design_1_i/RFC8439_0/inst/RFC8439_v1_0_S00_AXI_inst/Rfc8439_core/u_poly1305/mac_tag_reg[87]_i_1/CO[3]
                         net (fo=1, routed)           0.000    11.534    design_1_i/RFC8439_0/inst/RFC8439_v1_0_S00_AXI_inst/Rfc8439_core/u_poly1305/mac_tag_reg[87]_i_1_n_0
    SLICE_X31Y44         CARRY4 (Prop_carry4_CI_CO[3])
                                                      0.114    11.648 r  design_1_i/RFC8439_0/inst/RFC8439_v1_0_S00_AXI_inst/Rfc8439_core/u_poly1305/mac_tag_reg[91]_i_1/CO[3]
                         net (fo=1, routed)           0.000    11.648    design_1_i/RFC8439_0/inst/RFC8439_v1_0_S00_AXI_inst/Rfc8439_core/u_poly1305/mac_tag_reg[91]_i_1_n_0
    SLICE_X31Y45         CARRY4 (Prop_carry4_CI_CO[3])
                                                      0.114    11.762 r  design_1_i/RFC8439_0/inst/RFC8439_v1_0_S00_AXI_inst/Rfc8439_core/u_poly1305/mac_tag_reg[95]_i_1/CO[3]
                         net (fo=1, routed)           0.000    11.762    design_1_i/RFC8439_0/inst/RFC8439_v1_0_S00_AXI_inst/Rfc8439_core/u_poly1305/mac_tag_reg[95]_i_1_n_0
    SLICE_X31Y46         CARRY4 (Prop_carry4_CI_CO[3])
                                                      0.114    11.876 r  design_1_i/RFC8439_0/inst/RFC8439_v1_0_S00_AXI_inst/Rfc8439_core/u_poly1305/mac_tag_reg[99]_i_1/CO[3]
                         net (fo=1, routed)           0.000    11.876    design_1_i/RFC8439_0/inst/RFC8439_v1_0_S00_AXI_inst/Rfc8439_core/u_poly1305/mac_tag_reg[99]_i_1_n_0
    SLICE_X31Y47         CARRY4 (Prop_carry4_CI_CO[3])
                                                      0.114    11.990 r  design_1_i/RFC8439_0/inst/RFC8439_v1_0_S00_AXI_inst/Rfc8439_core/u_poly1305/mac_tag_reg[103]_i_1/CO[3]
                         net (fo=1, routed)           0.000    11.990    design_1_i/RFC8439_0/inst/RFC8439_v1_0_S00_AXI_inst/Rfc8439_core/u_poly1305/mac_tag_reg[103]_i_1_n_0
    SLICE_X31Y48         CARRY4 (Prop_carry4_CI_CO[3])
                                                      0.114    12.104 r  design_1_i/RFC8439_0/inst/RFC8439_v1_0_S00_AXI_inst/Rfc8439_core/u_poly1305/mac_tag_reg[107]_i_1/CO[3]
                         net (fo=1, routed)           0.000    12.104    design_1_i/RFC8439_0/inst/RFC8439_v1_0_S00_AXI_inst/Rfc8439_core/u_poly1305/mac_tag_reg[107]_i_1_n_0
    SLICE_X31Y49         CARRY4 (Prop_carry4_CI_CO[3])
                                                      0.114    12.218 r  design_1_i/RFC8439_0/inst/RFC8439_v1_0_S00_AXI_inst/Rfc8439_core/u_poly1305/mac_tag_reg[111]_i_1/CO[3]
                         net (fo=1, routed)           0.001    12.218    design_1_i/RFC8439_0/inst/RFC8439_v1_0_S00_AXI_inst/Rfc8439_core/u_poly1305/mac_tag_reg[111]_i_1_n_0
    SLICE_X31Y50         CARRY4 (Prop_carry4_CI_CO[3])
                                                      0.114    12.332 r  design_1_i/RFC8439_0/inst/RFC8439_v1_0_S00_AXI_inst/Rfc8439_core/u_poly1305/mac_tag_reg[115]_i_1/CO[3]
                         net (fo=1, routed)           0.000    12.332    design_1_i/RFC8439_0/inst/RFC8439_v1_0_S00_AXI_inst/Rfc8439_core/u_poly1305/mac_tag_reg[115]_i_1_n_0
    SLICE_X31Y51         CARRY4 (Prop_carry4_CI_CO[3])
                                                      0.114    12.446 r  design_1_i/RFC8439_0/inst/RFC8439_v1_0_S00_AXI_inst/Rfc8439_core/u_poly1305/mac_tag_reg[119]_i_1/CO[3]
                         net (fo=1, routed)           0.000    12.446    design_1_i/RFC8439_0/inst/RFC8439_v1_0_S00_AXI_inst/Rfc8439_core/u_poly1305/mac_tag_reg[119]_i_1_n_0
    SLICE_X31Y52         CARRY4 (Prop_carry4_CI_O[3])
                                                      0.313    12.759 r  design_1_i/RFC8439_0/inst/RFC8439_v1_0_S00_AXI_inst/Rfc8439_core/u_poly1305/mac_tag_reg[123]_i_1/O[3]
                         net (fo=1, routed)           0.000    12.759    design_1_i/RFC8439_0/inst/RFC8439_v1_0_S00_AXI_inst/Rfc8439_core/u_poly1305/mac_tag_reg[123]_i_1_n_4
    SLICE_X31Y52         FDCE                                         r  design_1_i/RFC8439_0/inst/RFC8439_v1_0_S00_AXI_inst/Rfc8439_core/u_poly1305/mac_tag_reg[123]/D
  -------------------------------------------------------------------    -------------------

                         (clock clk_fpga_0 rise edge)
                                                     10.000    10.000 r  
    PS7_X0Y0             PS7                          0.000    10.000 r  design_1_i/processing_system7_0/inst/PS7_i/FCLKCLK[0]
                         net (fo=1, routed)           1.088    11.088    design_1_i/processing_system7_0/inst/FCLK_CLK_unbuffered[0]
    BUFGCTRL_X0Y16       BUFG (Prop_bufg_I_O)         0.091    11.179 r  design_1_i/processing_system7_0/inst/buffer_fclk_clk_0.FCLK_CLK_0_BUFG/O
                         net (fo=13923, routed)       1.526    12.705    design_1_i/RFC8439_0/inst/RFC8439_v1_0_S00_AXI_inst/Rfc8439_core/u_poly1305/s00_axi_aclk
    SLICE_X31Y52         FDCE                                         r  design_1_i/RFC8439_0/inst/RFC8439_v1_0_S00_AXI_inst/Rfc8439_core/u_poly1305/mac_tag_reg[123]/C
                         clock pessimism              0.115    12.820    
                         clock uncertainty           -0.154    12.666    
    SLICE_X31Y52         FDCE (Setup_fdce_C_D)        0.062    12.728    design_1_i/RFC8439_0/inst/RFC8439_v1_0_S00_AXI_inst/Rfc8439_core/u_poly1305/mac_tag_reg[123]
  -------------------------------------------------------------------
                         required time                         12.728    
                         arrival time                         -12.759    
  -------------------------------------------------------------------
                         slack                                 -0.032    

Slack (MET) :             0.042ns  (required time - arrival time)
  Source:                 design_1_i/RFC8439_0/inst/RFC8439_v1_0_S00_AXI_inst/Rfc8439_core/u_poly1305/h_full_reg[0]/C
                            (rising edge-triggered cell FDCE clocked by clk_fpga_0  {rise@0.000ns fall@5.000ns period=10.000ns})
  Destination:            design_1_i/RFC8439_0/inst/RFC8439_v1_0_S00_AXI_inst/Rfc8439_core/u_poly1305/mac_tag_reg[122]/D
                            (rising edge-triggered cell FDCE clocked by clk_fpga_0  {rise@0.000ns fall@5.000ns period=10.000ns})
  Path Group:             clk_fpga_0
  Path Type:              Setup (Max at Slow Process Corner)
  Requirement:            10.000ns  (clk_fpga_0 rise@10.000ns - clk_fpga_0 rise@0.000ns)
  Data Path Delay:        9.658ns  (logic 7.628ns (78.979%)  route 2.030ns (21.021%))
  Logic Levels:           50  (CARRY4=48 LUT2=2)
  Clock Path Skew:        -0.207ns (DCD - SCD + CPR)
    Destination Clock Delay (DCD):    2.705ns = ( 12.705 - 10.000 ) 
    Source Clock Delay      (SCD):    3.027ns
    Clock Pessimism Removal (CPR):    0.115ns
  Clock Uncertainty:      0.154ns  ((TSJ^2 + TIJ^2)^1/2 + DJ) / 2 + PE
    Total System Jitter     (TSJ):    0.071ns
    Total Input Jitter      (TIJ):    0.300ns
    Discrete Jitter          (DJ):    0.000ns
    Phase Error              (PE):    0.000ns

    Location             Delay type                Incr(ns)  Path(ns)    Netlist Resource(s)
  -------------------------------------------------------------------    -------------------
                         (clock clk_fpga_0 rise edge)
                                                      0.000     0.000 r  
    PS7_X0Y0             PS7                          0.000     0.000 r  design_1_i/processing_system7_0/inst/PS7_i/FCLKCLK[0]
                         net (fo=1, routed)           1.193     1.193    design_1_i/processing_system7_0/inst/FCLK_CLK_unbuffered[0]
    BUFGCTRL_X0Y16       BUFG (Prop_bufg_I_O)         0.101     1.294 r  design_1_i/processing_system7_0/inst/buffer_fclk_clk_0.FCLK_CLK_0_BUFG/O
                         net (fo=13923, routed)       1.733     3.027    design_1_i/RFC8439_0/inst/RFC8439_v1_0_S00_AXI_inst/Rfc8439_core/u_poly1305/s00_axi_aclk
    SLICE_X31Y21         FDCE                                         r  design_1_i/RFC8439_0/inst/RFC8439_v1_0_S00_AXI_inst/Rfc8439_core/u_poly1305/h_full_reg[0]/C
  -------------------------------------------------------------------    -------------------
    SLICE_X31Y21         FDCE (Prop_fdce_C_Q)         0.456     3.483 r  design_1_i/RFC8439_0/inst/RFC8439_v1_0_S00_AXI_inst/Rfc8439_core/u_poly1305/h_full_reg[0]/Q
                         net (fo=2, routed)           0.294     3.777    design_1_i/RFC8439_0/inst/RFC8439_v1_0_S00_AXI_inst/Rfc8439_core/u_poly1305/h_full[0]
    SLICE_X30Y21         LUT2 (Prop_lut2_I0_O)        0.124     3.901 r  design_1_i/RFC8439_0/inst/RFC8439_v1_0_S00_AXI_inst/Rfc8439_core/u_poly1305/mac_tag[3]_i_86/O
                         net (fo=1, routed)           0.473     4.374    design_1_i/RFC8439_0/inst/RFC8439_v1_0_S00_AXI_inst/Rfc8439_core/u_poly1305/mac_tag[3]_i_86_n_0
    SLICE_X30Y24         CARRY4 (Prop_carry4_CYINIT_CO[3])
                                                      0.595     4.969 r  design_1_i/RFC8439_0/inst/RFC8439_v1_0_S00_AXI_inst/Rfc8439_core/u_poly1305/mac_tag_reg[3]_i_81/CO[3]
                         net (fo=1, routed)           0.009     4.978    design_1_i/RFC8439_0/inst/RFC8439_v1_0_S00_AXI_inst/Rfc8439_core/u_poly1305/mac_tag_reg[3]_i_81_n_0
    SLICE_X30Y25         CARRY4 (Prop_carry4_CI_CO[3])
                                                      0.117     5.095 r  design_1_i/RFC8439_0/inst/RFC8439_v1_0_S00_AXI_inst/Rfc8439_core/u_poly1305/mac_tag_reg[3]_i_76/CO[3]
                         net (fo=1, routed)           0.000     5.095    design_1_i/RFC8439_0/inst/RFC8439_v1_0_S00_AXI_inst/Rfc8439_core/u_poly1305/mac_tag_reg[3]_i_76_n_0
    SLICE_X30Y26         CARRY4 (Prop_carry4_CI_CO[3])
                                                      0.117     5.212 r  design_1_i/RFC8439_0/inst/RFC8439_v1_0_S00_AXI_inst/Rfc8439_core/u_poly1305/mac_tag_reg[3]_i_71/CO[3]
                         net (fo=1, routed)           0.000     5.212    design_1_i/RFC8439_0/inst/RFC8439_v1_0_S00_AXI_inst/Rfc8439_core/u_poly1305/mac_tag_reg[3]_i_71_n_0
    SLICE_X30Y27         CARRY4 (Prop_carry4_CI_CO[3])
                                                      0.117     5.329 r  design_1_i/RFC8439_0/inst/RFC8439_v1_0_S00_AXI_inst/Rfc8439_core/u_poly1305/mac_tag_reg[3]_i_66/CO[3]
                         net (fo=1, routed)           0.000     5.329    design_1_i/RFC8439_0/inst/RFC8439_v1_0_S00_AXI_inst/Rfc8439_core/u_poly1305/mac_tag_reg[3]_i_66_n_0
    SLICE_X30Y28         CARRY4 (Prop_carry4_CI_CO[3])
                                                      0.117     5.446 r  design_1_i/RFC8439_0/inst/RFC8439_v1_0_S00_AXI_inst/Rfc8439_core/u_poly1305/mac_tag_reg[3]_i_61/CO[3]
                         net (fo=1, routed)           0.000     5.446    design_1_i/RFC8439_0/inst/RFC8439_v1_0_S00_AXI_inst/Rfc8439_core/u_poly1305/mac_tag_reg[3]_i_61_n_0
    SLICE_X30Y29         CARRY4 (Prop_carry4_CI_CO[3])
                                                      0.117     5.563 r  design_1_i/RFC8439_0/inst/RFC8439_v1_0_S00_AXI_inst/Rfc8439_core/u_poly1305/mac_tag_reg[3]_i_56/CO[3]
                         net (fo=1, routed)           0.000     5.563    design_1_i/RFC8439_0/inst/RFC8439_v1_0_S00_AXI_inst/Rfc8439_core/u_poly1305/mac_tag_reg[3]_i_56_n_0
    SLICE_X30Y30         CARRY4 (Prop_carry4_CI_CO[3])
                                                      0.117     5.680 r  design_1_i/RFC8439_0/inst/RFC8439_v1_0_S00_AXI_inst/Rfc8439_core/u_poly1305/mac_tag_reg[3]_i_51/CO[3]
                         net (fo=1, routed)           0.000     5.680    design_1_i/RFC8439_0/inst/RFC8439_v1_0_S00_AXI_inst/Rfc8439_core/u_poly1305/mac_tag_reg[3]_i_51_n_0
    SLICE_X30Y31         CARRY4 (Prop_carry4_CI_CO[3])
                                                      0.117     5.797 r  design_1_i/RFC8439_0/inst/RFC8439_v1_0_S00_AXI_inst/Rfc8439_core/u_poly1305/mac_tag_reg[3]_i_46/CO[3]
                         net (fo=1, routed)           0.000     5.797    design_1_i/RFC8439_0/inst/RFC8439_v1_0_S00_AXI_inst/Rfc8439_core/u_poly1305/mac_tag_reg[3]_i_46_n_0
    SLICE_X30Y32         CARRY4 (Prop_carry4_CI_CO[3])
                                                      0.117     5.914 r  design_1_i/RFC8439_0/inst/RFC8439_v1_0_S00_AXI_inst/Rfc8439_core/u_poly1305/mac_tag_reg[3]_i_41/CO[3]
                         net (fo=1, routed)           0.000     5.914    design_1_i/RFC8439_0/inst/RFC8439_v1_0_S00_AXI_inst/Rfc8439_core/u_poly1305/mac_tag_reg[3]_i_41_n_0
    SLICE_X30Y33         CARRY4 (Prop_carry4_CI_CO[3])
                                                      0.117     6.031 r  design_1_i/RFC8439_0/inst/RFC8439_v1_0_S00_AXI_inst/Rfc8439_core/u_poly1305/mac_tag_reg[3]_i_36/CO[3]
                         net (fo=1, routed)           0.000     6.031    design_1_i/RFC8439_0/inst/RFC8439_v1_0_S00_AXI_inst/Rfc8439_core/u_poly1305/mac_tag_reg[3]_i_36_n_0
    SLICE_X30Y34         CARRY4 (Prop_carry4_CI_CO[3])
                                                      0.117     6.148 r  design_1_i/RFC8439_0/inst/RFC8439_v1_0_S00_AXI_inst/Rfc8439_core/u_poly1305/mac_tag_reg[3]_i_31/CO[3]
                         net (fo=1, routed)           0.000     6.148    design_1_i/RFC8439_0/inst/RFC8439_v1_0_S00_AXI_inst/Rfc8439_core/u_poly1305/mac_tag_reg[3]_i_31_n_0
    SLICE_X30Y35         CARRY4 (Prop_carry4_CI_CO[3])
                                                      0.117     6.265 r  design_1_i/RFC8439_0/inst/RFC8439_v1_0_S00_AXI_inst/Rfc8439_core/u_poly1305/mac_tag_reg[3]_i_26/CO[3]
                         net (fo=1, routed)           0.000     6.265    design_1_i/RFC8439_0/inst/RFC8439_v1_0_S00_AXI_inst/Rfc8439_core/u_poly1305/mac_tag_reg[3]_i_26_n_0
    SLICE_X30Y36         CARRY4 (Prop_carry4_CI_CO[3])
                                                      0.117     6.382 r  design_1_i/RFC8439_0/inst/RFC8439_v1_0_S00_AXI_inst/Rfc8439_core/u_poly1305/mac_tag_reg[3]_i_21/CO[3]
                         net (fo=1, routed)           0.000     6.382    design_1_i/RFC8439_0/inst/RFC8439_v1_0_S00_AXI_inst/Rfc8439_core/u_poly1305/mac_tag_reg[3]_i_21_n_0
    SLICE_X30Y37         CARRY4 (Prop_carry4_CI_CO[3])
                                                      0.117     6.499 r  design_1_i/RFC8439_0/inst/RFC8439_v1_0_S00_AXI_inst/Rfc8439_core/u_poly1305/mac_tag_reg[3]_i_16/CO[3]
                         net (fo=1, routed)           0.000     6.499    design_1_i/RFC8439_0/inst/RFC8439_v1_0_S00_AXI_inst/Rfc8439_core/u_poly1305/mac_tag_reg[3]_i_16_n_0
    SLICE_X30Y38         CARRY4 (Prop_carry4_CI_CO[3])
                                                      0.117     6.616 r  design_1_i/RFC8439_0/inst/RFC8439_v1_0_S00_AXI_inst/Rfc8439_core/u_poly1305/mac_tag_reg[3]_i_11/CO[3]
                         net (fo=1, routed)           0.000     6.616    design_1_i/RFC8439_0/inst/RFC8439_v1_0_S00_AXI_inst/Rfc8439_core/u_poly1305/mac_tag_reg[3]_i_11_n_0
    SLICE_X30Y39         CARRY4 (Prop_carry4_CI_CO[3])
                                                      0.117     6.733 r  design_1_i/RFC8439_0/inst/RFC8439_v1_0_S00_AXI_inst/Rfc8439_core/u_poly1305/mac_tag_reg[3]_i_8/CO[3]
                         net (fo=1, routed)           0.000     6.733    design_1_i/RFC8439_0/inst/RFC8439_v1_0_S00_AXI_inst/Rfc8439_core/u_poly1305/mac_tag_reg[3]_i_8_n_0
    SLICE_X30Y40         CARRY4 (Prop_carry4_CI_CO[0])
                                                      0.254     6.987 r  design_1_i/RFC8439_0/inst/RFC8439_v1_0_S00_AXI_inst/Rfc8439_core/u_poly1305/mac_tag_reg[3]_i_3/CO[0]
                         net (fo=4, routed)           1.244     8.232    design_1_i/RFC8439_0/inst/RFC8439_v1_0_S00_AXI_inst/Rfc8439_core/u_poly1305/h_mod1
    SLICE_X31Y22         LUT2 (Prop_lut2_I0_O)        0.367     8.599 r  design_1_i/RFC8439_0/inst/RFC8439_v1_0_S00_AXI_inst/Rfc8439_core/u_poly1305/mac_tag[3]_i_7/O
                         net (fo=1, routed)           0.000     8.599    design_1_i/RFC8439_0/inst/RFC8439_v1_0_S00_AXI_inst/Rfc8439_core/u_poly1305/mac_tag[3]_i_7_n_0
    SLICE_X31Y22         CARRY4 (Prop_carry4_S[0]_CO[3])
                                                      0.532     9.131 r  design_1_i/RFC8439_0/inst/RFC8439_v1_0_S00_AXI_inst/Rfc8439_core/u_poly1305/mac_tag_reg[3]_i_1/CO[3]
                         net (fo=1, routed)           0.000     9.131    design_1_i/RFC8439_0/inst/RFC8439_v1_0_S00_AXI_inst/Rfc8439_core/u_poly1305/mac_tag_reg[3]_i_1_n_0
    SLICE_X31Y23         CARRY4 (Prop_carry4_CI_CO[3])
                                                      0.114     9.245 r  design_1_i/RFC8439_0/inst/RFC8439_v1_0_S00_AXI_inst/Rfc8439_core/u_poly1305/mac_tag_reg[7]_i_1/CO[3]
                         net (fo=1, routed)           0.000     9.245    design_1_i/RFC8439_0/inst/RFC8439_v1_0_S00_AXI_inst/Rfc8439_core/u_poly1305/mac_tag_reg[7]_i_1_n_0
    SLICE_X31Y24         CARRY4 (Prop_carry4_CI_CO[3])
                                                      0.114     9.359 r  design_1_i/RFC8439_0/inst/RFC8439_v1_0_S00_AXI_inst/Rfc8439_core/u_poly1305/mac_tag_reg[11]_i_1/CO[3]
                         net (fo=1, routed)           0.009     9.368    design_1_i/RFC8439_0/inst/RFC8439_v1_0_S00_AXI_inst/Rfc8439_core/u_poly1305/mac_tag_reg[11]_i_1_n_0
    SLICE_X31Y25         CARRY4 (Prop_carry4_CI_CO[3])
                                                      0.114     9.482 r  design_1_i/RFC8439_0/inst/RFC8439_v1_0_S00_AXI_inst/Rfc8439_core/u_poly1305/mac_tag_reg[15]_i_1/CO[3]
                         net (fo=1, routed)           0.000     9.482    design_1_i/RFC8439_0/inst/RFC8439_v1_0_S00_AXI_inst/Rfc8439_core/u_poly1305/mac_tag_reg[15]_i_1_n_0
    SLICE_X31Y26         CARRY4 (Prop_carry4_CI_CO[3])
                                                      0.114     9.596 r  design_1_i/RFC8439_0/inst/RFC8439_v1_0_S00_AXI_inst/Rfc8439_core/u_poly1305/mac_tag_reg[19]_i_1/CO[3]
                         net (fo=1, routed)           0.000     9.596    design_1_i/RFC8439_0/inst/RFC8439_v1_0_S00_AXI_inst/Rfc8439_core/u_poly1305/mac_tag_reg[19]_i_1_n_0
    SLICE_X31Y27         CARRY4 (Prop_carry4_CI_CO[3])
                                                      0.114     9.710 r  design_1_i/RFC8439_0/inst/RFC8439_v1_0_S00_AXI_inst/Rfc8439_core/u_poly1305/mac_tag_reg[23]_i_1/CO[3]
                         net (fo=1, routed)           0.000     9.710    design_1_i/RFC8439_0/inst/RFC8439_v1_0_S00_AXI_inst/Rfc8439_core/u_poly1305/mac_tag_reg[23]_i_1_n_0
    SLICE_X31Y28         CARRY4 (Prop_carry4_CI_CO[3])
                                                      0.114     9.824 r  design_1_i/RFC8439_0/inst/RFC8439_v1_0_S00_AXI_inst/Rfc8439_core/u_poly1305/mac_tag_reg[27]_i_1/CO[3]
                         net (fo=1, routed)           0.000     9.824    design_1_i/RFC8439_0/inst/RFC8439_v1_0_S00_AXI_inst/Rfc8439_core/u_poly1305/mac_tag_reg[27]_i_1_n_0
    SLICE_X31Y29         CARRY4 (Prop_carry4_CI_CO[3])
                                                      0.114     9.938 r  design_1_i/RFC8439_0/inst/RFC8439_v1_0_S00_AXI_inst/Rfc8439_core/u_poly1305/mac_tag_reg[31]_i_1/CO[3]
                         net (fo=1, routed)           0.000     9.938    design_1_i/RFC8439_0/inst/RFC8439_v1_0_S00_AXI_inst/Rfc8439_core/u_poly1305/mac_tag_reg[31]_i_1_n_0
    SLICE_X31Y30         CARRY4 (Prop_carry4_CI_CO[3])
                                                      0.114    10.052 r  design_1_i/RFC8439_0/inst/RFC8439_v1_0_S00_AXI_inst/Rfc8439_core/u_poly1305/mac_tag_reg[35]_i_1/CO[3]
                         net (fo=1, routed)           0.000    10.052    design_1_i/RFC8439_0/inst/RFC8439_v1_0_S00_AXI_inst/Rfc8439_core/u_poly1305/mac_tag_reg[35]_i_1_n_0
    SLICE_X31Y31         CARRY4 (Prop_carry4_CI_CO[3])
                                                      0.114    10.166 r  design_1_i/RFC8439_0/inst/RFC8439_v1_0_S00_AXI_inst/Rfc8439_core/u_poly1305/mac_tag_reg[39]_i_1/CO[3]
                         net (fo=1, routed)           0.000    10.166    design_1_i/RFC8439_0/inst/RFC8439_v1_0_S00_AXI_inst/Rfc8439_core/u_poly1305/mac_tag_reg[39]_i_1_n_0
    SLICE_X31Y32         CARRY4 (Prop_carry4_CI_CO[3])
                                                      0.114    10.280 r  design_1_i/RFC8439_0/inst/RFC8439_v1_0_S00_AXI_inst/Rfc8439_core/u_poly1305/mac_tag_reg[43]_i_1/CO[3]
                         net (fo=1, routed)           0.000    10.280    design_1_i/RFC8439_0/inst/RFC8439_v1_0_S00_AXI_inst/Rfc8439_core/u_poly1305/mac_tag_reg[43]_i_1_n_0
    SLICE_X31Y33         CARRY4 (Prop_carry4_CI_CO[3])
                                                      0.114    10.394 r  design_1_i/RFC8439_0/inst/RFC8439_v1_0_S00_AXI_inst/Rfc8439_core/u_poly1305/mac_tag_reg[47]_i_1/CO[3]
                         net (fo=1, routed)           0.000    10.394    design_1_i/RFC8439_0/inst/RFC8439_v1_0_S00_AXI_inst/Rfc8439_core/u_poly1305/mac_tag_reg[47]_i_1_n_0
    SLICE_X31Y34         CARRY4 (Prop_carry4_CI_CO[3])
                                                      0.114    10.508 r  design_1_i/RFC8439_0/inst/RFC8439_v1_0_S00_AXI_inst/Rfc8439_core/u_poly1305/mac_tag_reg[51]_i_1/CO[3]
                         net (fo=1, routed)           0.000    10.508    design_1_i/RFC8439_0/inst/RFC8439_v1_0_S00_AXI_inst/Rfc8439_core/u_poly1305/mac_tag_reg[51]_i_1_n_0
    SLICE_X31Y35         CARRY4 (Prop_carry4_CI_CO[3])
                                                      0.114    10.622 r  design_1_i/RFC8439_0/inst/RFC8439_v1_0_S00_AXI_inst/Rfc8439_core/u_poly1305/mac_tag_reg[55]_i_1/CO[3]
                         net (fo=1, routed)           0.000    10.622    design_1_i/RFC8439_0/inst/RFC8439_v1_0_S00_AXI_inst/Rfc8439_core/u_poly1305/mac_tag_reg[55]_i_1_n_0
    SLICE_X31Y36         CARRY4 (Prop_carry4_CI_CO[3])
                                                      0.114    10.736 r  design_1_i/RFC8439_0/inst/RFC8439_v1_0_S00_AXI_inst/Rfc8439_core/u_poly1305/mac_tag_reg[59]_i_1/CO[3]
                         net (fo=1, routed)           0.000    10.736    design_1_i/RFC8439_0/inst/RFC8439_v1_0_S00_AXI_inst/Rfc8439_core/u_poly1305/mac_tag_reg[59]_i_1_n_0
    SLICE_X31Y37         CARRY4 (Prop_carry4_CI_CO[3])
                                                      0.114    10.850 r  design_1_i/RFC8439_0/inst/RFC8439_v1_0_S00_AXI_inst/Rfc8439_core/u_poly1305/mac_tag_reg[63]_i_1/CO[3]
                         net (fo=1, routed)           0.000    10.850    design_1_i/RFC8439_0/inst/RFC8439_v1_0_S00_AXI_inst/Rfc8439_core/u_poly1305/mac_tag_reg[63]_i_1_n_0
    SLICE_X31Y38         CARRY4 (Prop_carry4_CI_CO[3])
                                                      0.114    10.964 r  design_1_i/RFC8439_0/inst/RFC8439_v1_0_S00_AXI_inst/Rfc8439_core/u_poly1305/mac_tag_reg[67]_i_1/CO[3]
                         net (fo=1, routed)           0.000    10.964    design_1_i/RFC8439_0/inst/RFC8439_v1_0_S00_AXI_inst/Rfc8439_core/u_poly1305/mac_tag_reg[67]_i_1_n_0
    SLICE_X31Y39         CARRY4 (Prop_carry4_CI_CO[3])
                                                      0.114    11.078 r  design_1_i/RFC8439_0/inst/RFC8439_v1_0_S00_AXI_inst/Rfc8439_core/u_poly1305/mac_tag_reg[71]_i_1/CO[3]
                         net (fo=1, routed)           0.000    11.078    design_1_i/RFC8439_0/inst/RFC8439_v1_0_S00_AXI_inst/Rfc8439_core/u_poly1305/mac_tag_reg[71]_i_1_n_0
    SLICE_X31Y40         CARRY4 (Prop_carry4_CI_CO[3])
                                                      0.114    11.192 r  design_1_i/RFC8439_0/inst/RFC8439_v1_0_S00_AXI_inst/Rfc8439_core/u_poly1305/mac_tag_reg[75]_i_1/CO[3]
                         net (fo=1, routed)           0.000    11.192    design_1_i/RFC8439_0/inst/RFC8439_v1_0_S00_AXI_inst/Rfc8439_core/u_poly1305/mac_tag_reg[75]_i_1_n_0
    SLICE_X31Y41         CARRY4 (Prop_carry4_CI_CO[3])
                                                      0.114    11.306 r  design_1_i/RFC8439_0/inst/RFC8439_v1_0_S00_AXI_inst/Rfc8439_core/u_poly1305/mac_tag_reg[79]_i_1/CO[3]
                         net (fo=1, routed)           0.000    11.306    design_1_i/RFC8439_0/inst/RFC8439_v1_0_S00_AXI_inst/Rfc8439_core/u_poly1305/mac_tag_reg[79]_i_1_n_0
    SLICE_X31Y42         CARRY4 (Prop_carry4_CI_CO[3])
                                                      0.114    11.420 r  design_1_i/RFC8439_0/inst/RFC8439_v1_0_S00_AXI_inst/Rfc8439_core/u_poly1305/mac_tag_reg[83]_i_1/CO[3]
                         net (fo=1, routed)           0.000    11.420    design_1_i/RFC8439_0/inst/RFC8439_v1_0_S00_AXI_inst/Rfc8439_core/u_poly1305/mac_tag_reg[83]_i_1_n_0
    SLICE_X31Y43         CARRY4 (Prop_carry4_CI_CO[3])
                                                      0.114    11.534 r  design_1_i/RFC8439_0/inst/RFC8439_v1_0_S00_AXI_inst/Rfc8439_core/u_poly1305/mac_tag_reg[87]_i_1/CO[3]
                         net (fo=1, routed)           0.000    11.534    design_1_i/RFC8439_0/inst/RFC8439_v1_0_S00_AXI_inst/Rfc8439_core/u_poly1305/mac_tag_reg[87]_i_1_n_0
    SLICE_X31Y44         CARRY4 (Prop_carry4_CI_CO[3])
                                                      0.114    11.648 r  design_1_i/RFC8439_0/inst/RFC8439_v1_0_S00_AXI_inst/Rfc8439_core/u_poly1305/mac_tag_reg[91]_i_1/CO[3]
                         net (fo=1, routed)           0.000    11.648    design_1_i/RFC8439_0/inst/RFC8439_v1_0_S00_AXI_inst/Rfc8439_core/u_poly1305/mac_tag_reg[91]_i_1_n_0
    SLICE_X31Y45         CARRY4 (Prop_carry4_CI_CO[3])
                                                      0.114    11.762 r  design_1_i/RFC8439_0/inst/RFC8439_v1_0_S00_AXI_inst/Rfc8439_core/u_poly1305/mac_tag_reg[95]_i_1/CO[3]
                         net (fo=1, routed)           0.000    11.762    design_1_i/RFC8439_0/inst/RFC8439_v1_0_S00_AXI_inst/Rfc8439_core/u_poly1305/mac_tag_reg[95]_i_1_n_0
    SLICE_X31Y46         CARRY4 (Prop_carry4_CI_CO[3])
                                                      0.114    11.876 r  design_1_i/RFC8439_0/inst/RFC8439_v1_0_S00_AXI_inst/Rfc8439_core/u_poly1305/mac_tag_reg[99]_i_1/CO[3]
                         net (fo=1, routed)           0.000    11.876    design_1_i/RFC8439_0/inst/RFC8439_v1_0_S00_AXI_inst/Rfc8439_core/u_poly1305/mac_tag_reg[99]_i_1_n_0
    SLICE_X31Y47         CARRY4 (Prop_carry4_CI_CO[3])
                                                      0.114    11.990 r  design_1_i/RFC8439_0/inst/RFC8439_v1_0_S00_AXI_inst/Rfc8439_core/u_poly1305/mac_tag_reg[103]_i_1/CO[3]
                         net (fo=1, routed)           0.000    11.990    design_1_i/RFC8439_0/inst/RFC8439_v1_0_S00_AXI_inst/Rfc8439_core/u_poly1305/mac_tag_reg[103]_i_1_n_0
    SLICE_X31Y48         CARRY4 (Prop_carry4_CI_CO[3])
                                                      0.114    12.104 r  design_1_i/RFC8439_0/inst/RFC8439_v1_0_S00_AXI_inst/Rfc8439_core/u_poly1305/mac_tag_reg[107]_i_1/CO[3]
                         net (fo=1, routed)           0.000    12.104    design_1_i/RFC8439_0/inst/RFC8439_v1_0_S00_AXI_inst/Rfc8439_core/u_poly1305/mac_tag_reg[107]_i_1_n_0
    SLICE_X31Y49         CARRY4 (Prop_carry4_CI_CO[3])
                                                      0.114    12.218 r  design_1_i/RFC8439_0/inst/RFC8439_v1_0_S00_AXI_inst/Rfc8439_core/u_poly1305/mac_tag_reg[111]_i_1/CO[3]
                         net (fo=1, routed)           0.001    12.218    design_1_i/RFC8439_0/inst/RFC8439_v1_0_S00_AXI_inst/Rfc8439_core/u_poly1305/mac_tag_reg[111]_i_1_n_0
    SLICE_X31Y50         CARRY4 (Prop_carry4_CI_CO[3])
                                                      0.114    12.332 r  design_1_i/RFC8439_0/inst/RFC8439_v1_0_S00_AXI_inst/Rfc8439_core/u_poly1305/mac_tag_reg[115]_i_1/CO[3]
                         net (fo=1, routed)           0.000    12.332    design_1_i/RFC8439_0/inst/RFC8439_v1_0_S00_AXI_inst/Rfc8439_core/u_poly1305/mac_tag_reg[115]_i_1_n_0
    SLICE_X31Y51         CARRY4 (Prop_carry4_CI_CO[3])
                                                      0.114    12.446 r  design_1_i/RFC8439_0/inst/RFC8439_v1_0_S00_AXI_inst/Rfc8439_core/u_poly1305/mac_tag_reg[119]_i_1/CO[3]
                         net (fo=1, routed)           0.000    12.446    design_1_i/RFC8439_0/inst/RFC8439_v1_0_S00_AXI_inst/Rfc8439_core/u_poly1305/mac_tag_reg[119]_i_1_n_0
    SLICE_X31Y52         CARRY4 (Prop_carry4_CI_O[2])
                                                      0.239    12.685 r  design_1_i/RFC8439_0/inst/RFC8439_v1_0_S00_AXI_inst/Rfc8439_core/u_poly1305/mac_tag_reg[123]_i_1/O[2]
                         net (fo=1, routed)           0.000    12.685    design_1_i/RFC8439_0/inst/RFC8439_v1_0_S00_AXI_inst/Rfc8439_core/u_poly1305/mac_tag_reg[123]_i_1_n_5
    SLICE_X31Y52         FDCE                                         r  design_1_i/RFC8439_0/inst/RFC8439_v1_0_S00_AXI_inst/Rfc8439_core/u_poly1305/mac_tag_reg[122]/D
  -------------------------------------------------------------------    -------------------

                         (clock clk_fpga_0 rise edge)
                                                     10.000    10.000 r  
    PS7_X0Y0             PS7                          0.000    10.000 r  design_1_i/processing_system7_0/inst/PS7_i/FCLKCLK[0]
                         net (fo=1, routed)           1.088    11.088    design_1_i/processing_system7_0/inst/FCLK_CLK_unbuffered[0]
    BUFGCTRL_X0Y16       BUFG (Prop_bufg_I_O)         0.091    11.179 r  design_1_i/processing_system7_0/inst/buffer_fclk_clk_0.FCLK_CLK_0_BUFG/O
                         net (fo=13923, routed)       1.526    12.705    design_1_i/RFC8439_0/inst/RFC8439_v1_0_S00_AXI_inst/Rfc8439_core/u_poly1305/s00_axi_aclk
    SLICE_X31Y52         FDCE                                         r  design_1_i/RFC8439_0/inst/RFC8439_v1_0_S00_AXI_inst/Rfc8439_core/u_poly1305/mac_tag_reg[122]/C
                         clock pessimism              0.115    12.820    
                         clock uncertainty           -0.154    12.666    
    SLICE_X31Y52         FDCE (Setup_fdce_C_D)        0.062    12.728    design_1_i/RFC8439_0/inst/RFC8439_v1_0_S00_AXI_inst/Rfc8439_core/u_poly1305/mac_tag_reg[122]
  -------------------------------------------------------------------
                         required time                         12.728    
                         arrival time                         -12.685    
  -------------------------------------------------------------------
                         slack                                  0.042    

Slack (MET) :             0.058ns  (required time - arrival time)
  Source:                 design_1_i/RFC8439_0/inst/RFC8439_v1_0_S00_AXI_inst/Rfc8439_core/u_poly1305/h_full_reg[0]/C
                            (rising edge-triggered cell FDCE clocked by clk_fpga_0  {rise@0.000ns fall@5.000ns period=10.000ns})
  Destination:            design_1_i/RFC8439_0/inst/RFC8439_v1_0_S00_AXI_inst/Rfc8439_core/u_poly1305/mac_tag_reg[120]/D
                            (rising edge-triggered cell FDCE clocked by clk_fpga_0  {rise@0.000ns fall@5.000ns period=10.000ns})
  Path Group:             clk_fpga_0
  Path Type:              Setup (Max at Slow Process Corner)
  Requirement:            10.000ns  (clk_fpga_0 rise@10.000ns - clk_fpga_0 rise@0.000ns)
  Data Path Delay:        9.642ns  (logic 7.612ns (78.944%)  route 2.030ns (21.056%))
  Logic Levels:           50  (CARRY4=48 LUT2=2)
  Clock Path Skew:        -0.207ns (DCD - SCD + CPR)
    Destination Clock Delay (DCD):    2.705ns = ( 12.705 - 10.000 ) 
    Source Clock Delay      (SCD):    3.027ns
    Clock Pessimism Removal (CPR):    0.115ns
  Clock Uncertainty:      0.154ns  ((TSJ^2 + TIJ^2)^1/2 + DJ) / 2 + PE
    Total System Jitter     (TSJ):    0.071ns
    Total Input Jitter      (TIJ):    0.300ns
    Discrete Jitter          (DJ):    0.000ns
    Phase Error              (PE):    0.000ns

    Location             Delay type                Incr(ns)  Path(ns)    Netlist Resource(s)
  -------------------------------------------------------------------    -------------------
                         (clock clk_fpga_0 rise edge)
                                                      0.000     0.000 r  
    PS7_X0Y0             PS7                          0.000     0.000 r  design_1_i/processing_system7_0/inst/PS7_i/FCLKCLK[0]
                         net (fo=1, routed)           1.193     1.193    design_1_i/processing_system7_0/inst/FCLK_CLK_unbuffered[0]
    BUFGCTRL_X0Y16       BUFG (Prop_bufg_I_O)         0.101     1.294 r  design_1_i/processing_system7_0/inst/buffer_fclk_clk_0.FCLK_CLK_0_BUFG/O
                         net (fo=13923, routed)       1.733     3.027    design_1_i/RFC8439_0/inst/RFC8439_v1_0_S00_AXI_inst/Rfc8439_core/u_poly1305/s00_axi_aclk
    SLICE_X31Y21         FDCE                                         r  design_1_i/RFC8439_0/inst/RFC8439_v1_0_S00_AXI_inst/Rfc8439_core/u_poly1305/h_full_reg[0]/C
  -------------------------------------------------------------------    -------------------
    SLICE_X31Y21         FDCE (Prop_fdce_C_Q)         0.456     3.483 r  design_1_i/RFC8439_0/inst/RFC8439_v1_0_S00_AXI_inst/Rfc8439_core/u_poly1305/h_full_reg[0]/Q
                         net (fo=2, routed)           0.294     3.777    design_1_i/RFC8439_0/inst/RFC8439_v1_0_S00_AXI_inst/Rfc8439_core/u_poly1305/h_full[0]
    SLICE_X30Y21         LUT2 (Prop_lut2_I0_O)        0.124     3.901 r  design_1_i/RFC8439_0/inst/RFC8439_v1_0_S00_AXI_inst/Rfc8439_core/u_poly1305/mac_tag[3]_i_86/O
                         net (fo=1, routed)           0.473     4.374    design_1_i/RFC8439_0/inst/RFC8439_v1_0_S00_AXI_inst/Rfc8439_core/u_poly1305/mac_tag[3]_i_86_n_0
    SLICE_X30Y24         CARRY4 (Prop_carry4_CYINIT_CO[3])
                                                      0.595     4.969 r  design_1_i/RFC8439_0/inst/RFC8439_v1_0_S00_AXI_inst/Rfc8439_core/u_poly1305/mac_tag_reg[3]_i_81/CO[3]
                         net (fo=1, routed)           0.009     4.978    design_1_i/RFC8439_0/inst/RFC8439_v1_0_S00_AXI_inst/Rfc8439_core/u_poly1305/mac_tag_reg[3]_i_81_n_0
    SLICE_X30Y25         CARRY4 (Prop_carry4_CI_CO[3])
                                                      0.117     5.095 r  design_1_i/RFC8439_0/inst/RFC8439_v1_0_S00_AXI_inst/Rfc8439_core/u_poly1305/mac_tag_reg[3]_i_76/CO[3]
                         net (fo=1, routed)           0.000     5.095    design_1_i/RFC8439_0/inst/RFC8439_v1_0_S00_AXI_inst/Rfc8439_core/u_poly1305/mac_tag_reg[3]_i_76_n_0
    SLICE_X30Y26         CARRY4 (Prop_carry4_CI_CO[3])
                                                      0.117     5.212 r  design_1_i/RFC8439_0/inst/RFC8439_v1_0_S00_AXI_inst/Rfc8439_core/u_poly1305/mac_tag_reg[3]_i_71/CO[3]
                         net (fo=1, routed)           0.000     5.212    design_1_i/RFC8439_0/inst/RFC8439_v1_0_S00_AXI_inst/Rfc8439_core/u_poly1305/mac_tag_reg[3]_i_71_n_0
    SLICE_X30Y27         CARRY4 (Prop_carry4_CI_CO[3])
                                                      0.117     5.329 r  design_1_i/RFC8439_0/inst/RFC8439_v1_0_S00_AXI_inst/Rfc8439_core/u_poly1305/mac_tag_reg[3]_i_66/CO[3]
                         net (fo=1, routed)           0.000     5.329    design_1_i/RFC8439_0/inst/RFC8439_v1_0_S00_AXI_inst/Rfc8439_core/u_poly1305/mac_tag_reg[3]_i_66_n_0
    SLICE_X30Y28         CARRY4 (Prop_carry4_CI_CO[3])
                                                      0.117     5.446 r  design_1_i/RFC8439_0/inst/RFC8439_v1_0_S00_AXI_inst/Rfc8439_core/u_poly1305/mac_tag_reg[3]_i_61/CO[3]
                         net (fo=1, routed)           0.000     5.446    design_1_i/RFC8439_0/inst/RFC8439_v1_0_S00_AXI_inst/Rfc8439_core/u_poly1305/mac_tag_reg[3]_i_61_n_0
    SLICE_X30Y29         CARRY4 (Prop_carry4_CI_CO[3])
                                                      0.117     5.563 r  design_1_i/RFC8439_0/inst/RFC8439_v1_0_S00_AXI_inst/Rfc8439_core/u_poly1305/mac_tag_reg[3]_i_56/CO[3]
                         net (fo=1, routed)           0.000     5.563    design_1_i/RFC8439_0/inst/RFC8439_v1_0_S00_AXI_inst/Rfc8439_core/u_poly1305/mac_tag_reg[3]_i_56_n_0
    SLICE_X30Y30         CARRY4 (Prop_carry4_CI_CO[3])
                                                      0.117     5.680 r  design_1_i/RFC8439_0/inst/RFC8439_v1_0_S00_AXI_inst/Rfc8439_core/u_poly1305/mac_tag_reg[3]_i_51/CO[3]
                         net (fo=1, routed)           0.000     5.680    design_1_i/RFC8439_0/inst/RFC8439_v1_0_S00_AXI_inst/Rfc8439_core/u_poly1305/mac_tag_reg[3]_i_51_n_0
    SLICE_X30Y31         CARRY4 (Prop_carry4_CI_CO[3])
                                                      0.117     5.797 r  design_1_i/RFC8439_0/inst/RFC8439_v1_0_S00_AXI_inst/Rfc8439_core/u_poly1305/mac_tag_reg[3]_i_46/CO[3]
                         net (fo=1, routed)           0.000     5.797    design_1_i/RFC8439_0/inst/RFC8439_v1_0_S00_AXI_inst/Rfc8439_core/u_poly1305/mac_tag_reg[3]_i_46_n_0
    SLICE_X30Y32         CARRY4 (Prop_carry4_CI_CO[3])
                                                      0.117     5.914 r  design_1_i/RFC8439_0/inst/RFC8439_v1_0_S00_AXI_inst/Rfc8439_core/u_poly1305/mac_tag_reg[3]_i_41/CO[3]
                         net (fo=1, routed)           0.000     5.914    design_1_i/RFC8439_0/inst/RFC8439_v1_0_S00_AXI_inst/Rfc8439_core/u_poly1305/mac_tag_reg[3]_i_41_n_0
    SLICE_X30Y33         CARRY4 (Prop_carry4_CI_CO[3])
                                                      0.117     6.031 r  design_1_i/RFC8439_0/inst/RFC8439_v1_0_S00_AXI_inst/Rfc8439_core/u_poly1305/mac_tag_reg[3]_i_36/CO[3]
                         net (fo=1, routed)           0.000     6.031    design_1_i/RFC8439_0/inst/RFC8439_v1_0_S00_AXI_inst/Rfc8439_core/u_poly1305/mac_tag_reg[3]_i_36_n_0
    SLICE_X30Y34         CARRY4 (Prop_carry4_CI_CO[3])
                                                      0.117     6.148 r  design_1_i/RFC8439_0/inst/RFC8439_v1_0_S00_AXI_inst/Rfc8439_core/u_poly1305/mac_tag_reg[3]_i_31/CO[3]
                         net (fo=1, routed)           0.000     6.148    design_1_i/RFC8439_0/inst/RFC8439_v1_0_S00_AXI_inst/Rfc8439_core/u_poly1305/mac_tag_reg[3]_i_31_n_0
    SLICE_X30Y35         CARRY4 (Prop_carry4_CI_CO[3])
                                                      0.117     6.265 r  design_1_i/RFC8439_0/inst/RFC8439_v1_0_S00_AXI_inst/Rfc8439_core/u_poly1305/mac_tag_reg[3]_i_26/CO[3]
                         net (fo=1, routed)           0.000     6.265    design_1_i/RFC8439_0/inst/RFC8439_v1_0_S00_AXI_inst/Rfc8439_core/u_poly1305/mac_tag_reg[3]_i_26_n_0
    SLICE_X30Y36         CARRY4 (Prop_carry4_CI_CO[3])
                                                      0.117     6.382 r  design_1_i/RFC8439_0/inst/RFC8439_v1_0_S00_AXI_inst/Rfc8439_core/u_poly1305/mac_tag_reg[3]_i_21/CO[3]
                         net (fo=1, routed)           0.000     6.382    design_1_i/RFC8439_0/inst/RFC8439_v1_0_S00_AXI_inst/Rfc8439_core/u_poly1305/mac_tag_reg[3]_i_21_n_0
    SLICE_X30Y37         CARRY4 (Prop_carry4_CI_CO[3])
                                                      0.117     6.499 r  design_1_i/RFC8439_0/inst/RFC8439_v1_0_S00_AXI_inst/Rfc8439_core/u_poly1305/mac_tag_reg[3]_i_16/CO[3]
                         net (fo=1, routed)           0.000     6.499    design_1_i/RFC8439_0/inst/RFC8439_v1_0_S00_AXI_inst/Rfc8439_core/u_poly1305/mac_tag_reg[3]_i_16_n_0
    SLICE_X30Y38         CARRY4 (Prop_carry4_CI_CO[3])
                                                      0.117     6.616 r  design_1_i/RFC8439_0/inst/RFC8439_v1_0_S00_AXI_inst/Rfc8439_core/u_poly1305/mac_tag_reg[3]_i_11/CO[3]
                         net (fo=1, routed)           0.000     6.616    design_1_i/RFC8439_0/inst/RFC8439_v1_0_S00_AXI_inst/Rfc8439_core/u_poly1305/mac_tag_reg[3]_i_11_n_0
    SLICE_X30Y39         CARRY4 (Prop_carry4_CI_CO[3])
                                                      0.117     6.733 r  design_1_i/RFC8439_0/inst/RFC8439_v1_0_S00_AXI_inst/Rfc8439_core/u_poly1305/mac_tag_reg[3]_i_8/CO[3]
                         net (fo=1, routed)           0.000     6.733    design_1_i/RFC8439_0/inst/RFC8439_v1_0_S00_AXI_inst/Rfc8439_core/u_poly1305/mac_tag_reg[3]_i_8_n_0
    SLICE_X30Y40         CARRY4 (Prop_carry4_CI_CO[0])
                                                      0.254     6.987 r  design_1_i/RFC8439_0/inst/RFC8439_v1_0_S00_AXI_inst/Rfc8439_core/u_poly1305/mac_tag_reg[3]_i_3/CO[0]
                         net (fo=4, routed)           1.244     8.232    design_1_i/RFC8439_0/inst/RFC8439_v1_0_S00_AXI_inst/Rfc8439_core/u_poly1305/h_mod1
    SLICE_X31Y22         LUT2 (Prop_lut2_I0_O)        0.367     8.599 r  design_1_i/RFC8439_0/inst/RFC8439_v1_0_S00_AXI_inst/Rfc8439_core/u_poly1305/mac_tag[3]_i_7/O
                         net (fo=1, routed)           0.000     8.599    design_1_i/RFC8439_0/inst/RFC8439_v1_0_S00_AXI_inst/Rfc8439_core/u_poly1305/mac_tag[3]_i_7_n_0
    SLICE_X31Y22         CARRY4 (Prop_carry4_S[0]_CO[3])
                                                      0.532     9.131 r  design_1_i/RFC8439_0/inst/RFC8439_v1_0_S00_AXI_inst/Rfc8439_core/u_poly1305/mac_tag_reg[3]_i_1/CO[3]
                         net (fo=1, routed)           0.000     9.131    design_1_i/RFC8439_0/inst/RFC8439_v1_0_S00_AXI_inst/Rfc8439_core/u_poly1305/mac_tag_reg[3]_i_1_n_0
    SLICE_X31Y23         CARRY4 (Prop_carry4_CI_CO[3])
                                                      0.114     9.245 r  design_1_i/RFC8439_0/inst/RFC8439_v1_0_S00_AXI_inst/Rfc8439_core/u_poly1305/mac_tag_reg[7]_i_1/CO[3]
                         net (fo=1, routed)           0.000     9.245    design_1_i/RFC8439_0/inst/RFC8439_v1_0_S00_AXI_inst/Rfc8439_core/u_poly1305/mac_tag_reg[7]_i_1_n_0
    SLICE_X31Y24         CARRY4 (Prop_carry4_CI_CO[3])
                                                      0.114     9.359 r  design_1_i/RFC8439_0/inst/RFC8439_v1_0_S00_AXI_inst/Rfc8439_core/u_poly1305/mac_tag_reg[11]_i_1/CO[3]
                         net (fo=1, routed)           0.009     9.368    design_1_i/RFC8439_0/inst/RFC8439_v1_0_S00_AXI_inst/Rfc8439_core/u_poly1305/mac_tag_reg[11]_i_1_n_0
    SLICE_X31Y25         CARRY4 (Prop_carry4_CI_CO[3])
                                                      0.114     9.482 r  design_1_i/RFC8439_0/inst/RFC8439_v1_0_S00_AXI_inst/Rfc8439_core/u_poly1305/mac_tag_reg[15]_i_1/CO[3]
                         net (fo=1, routed)           0.000     9.482    design_1_i/RFC8439_0/inst/RFC8439_v1_0_S00_AXI_inst/Rfc8439_core/u_poly1305/mac_tag_reg[15]_i_1_n_0
    SLICE_X31Y26         CARRY4 (Prop_carry4_CI_CO[3])
                                                      0.114     9.596 r  design_1_i/RFC8439_0/inst/RFC8439_v1_0_S00_AXI_inst/Rfc8439_core/u_poly1305/mac_tag_reg[19]_i_1/CO[3]
                         net (fo=1, routed)           0.000     9.596    design_1_i/RFC8439_0/inst/RFC8439_v1_0_S00_AXI_inst/Rfc8439_core/u_poly1305/mac_tag_reg[19]_i_1_n_0
    SLICE_X31Y27         CARRY4 (Prop_carry4_CI_CO[3])
                                                      0.114     9.710 r  design_1_i/RFC8439_0/inst/RFC8439_v1_0_S00_AXI_inst/Rfc8439_core/u_poly1305/mac_tag_reg[23]_i_1/CO[3]
                         net (fo=1, routed)           0.000     9.710    design_1_i/RFC8439_0/inst/RFC8439_v1_0_S00_AXI_inst/Rfc8439_core/u_poly1305/mac_tag_reg[23]_i_1_n_0
    SLICE_X31Y28         CARRY4 (Prop_carry4_CI_CO[3])
                                                      0.114     9.824 r  design_1_i/RFC8439_0/inst/RFC8439_v1_0_S00_AXI_inst/Rfc8439_core/u_poly1305/mac_tag_reg[27]_i_1/CO[3]
                         net (fo=1, routed)           0.000     9.824    design_1_i/RFC8439_0/inst/RFC8439_v1_0_S00_AXI_inst/Rfc8439_core/u_poly1305/mac_tag_reg[27]_i_1_n_0
    SLICE_X31Y29         CARRY4 (Prop_carry4_CI_CO[3])
                                                      0.114     9.938 r  design_1_i/RFC8439_0/inst/RFC8439_v1_0_S00_AXI_inst/Rfc8439_core/u_poly1305/mac_tag_reg[31]_i_1/CO[3]
                         net (fo=1, routed)           0.000     9.938    design_1_i/RFC8439_0/inst/RFC8439_v1_0_S00_AXI_inst/Rfc8439_core/u_poly1305/mac_tag_reg[31]_i_1_n_0
    SLICE_X31Y30         CARRY4 (Prop_carry4_CI_CO[3])
                                                      0.114    10.052 r  design_1_i/RFC8439_0/inst/RFC8439_v1_0_S00_AXI_inst/Rfc8439_core/u_poly1305/mac_tag_reg[35]_i_1/CO[3]
                         net (fo=1, routed)           0.000    10.052    design_1_i/RFC8439_0/inst/RFC8439_v1_0_S00_AXI_inst/Rfc8439_core/u_poly1305/mac_tag_reg[35]_i_1_n_0
    SLICE_X31Y31         CARRY4 (Prop_carry4_CI_CO[3])
                                                      0.114    10.166 r  design_1_i/RFC8439_0/inst/RFC8439_v1_0_S00_AXI_inst/Rfc8439_core/u_poly1305/mac_tag_reg[39]_i_1/CO[3]
                         net (fo=1, routed)           0.000    10.166    design_1_i/RFC8439_0/inst/RFC8439_v1_0_S00_AXI_inst/Rfc8439_core/u_poly1305/mac_tag_reg[39]_i_1_n_0
    SLICE_X31Y32         CARRY4 (Prop_carry4_CI_CO[3])
                                                      0.114    10.280 r  design_1_i/RFC8439_0/inst/RFC8439_v1_0_S00_AXI_inst/Rfc8439_core/u_poly1305/mac_tag_reg[43]_i_1/CO[3]
                         net (fo=1, routed)           0.000    10.280    design_1_i/RFC8439_0/inst/RFC8439_v1_0_S00_AXI_inst/Rfc8439_core/u_poly1305/mac_tag_reg[43]_i_1_n_0
    SLICE_X31Y33         CARRY4 (Prop_carry4_CI_CO[3])
                                                      0.114    10.394 r  design_1_i/RFC8439_0/inst/RFC8439_v1_0_S00_AXI_inst/Rfc8439_core/u_poly1305/mac_tag_reg[47]_i_1/CO[3]
                         net (fo=1, routed)           0.000    10.394    design_1_i/RFC8439_0/inst/RFC8439_v1_0_S00_AXI_inst/Rfc8439_core/u_poly1305/mac_tag_reg[47]_i_1_n_0
    SLICE_X31Y34         CARRY4 (Prop_carry4_CI_CO[3])
                                                      0.114    10.508 r  design_1_i/RFC8439_0/inst/RFC8439_v1_0_S00_AXI_inst/Rfc8439_core/u_poly1305/mac_tag_reg[51]_i_1/CO[3]
                         net (fo=1, routed)           0.000    10.508    design_1_i/RFC8439_0/inst/RFC8439_v1_0_S00_AXI_inst/Rfc8439_core/u_poly1305/mac_tag_reg[51]_i_1_n_0
    SLICE_X31Y35         CARRY4 (Prop_carry4_CI_CO[3])
                                                      0.114    10.622 r  design_1_i/RFC8439_0/inst/RFC8439_v1_0_S00_AXI_inst/Rfc8439_core/u_poly1305/mac_tag_reg[55]_i_1/CO[3]
                         net (fo=1, routed)           0.000    10.622    design_1_i/RFC8439_0/inst/RFC8439_v1_0_S00_AXI_inst/Rfc8439_core/u_poly1305/mac_tag_reg[55]_i_1_n_0
    SLICE_X31Y36         CARRY4 (Prop_carry4_CI_CO[3])
                                                      0.114    10.736 r  design_1_i/RFC8439_0/inst/RFC8439_v1_0_S00_AXI_inst/Rfc8439_core/u_poly1305/mac_tag_reg[59]_i_1/CO[3]
                         net (fo=1, routed)           0.000    10.736    design_1_i/RFC8439_0/inst/RFC8439_v1_0_S00_AXI_inst/Rfc8439_core/u_poly1305/mac_tag_reg[59]_i_1_n_0
    SLICE_X31Y37         CARRY4 (Prop_carry4_CI_CO[3])
                                                      0.114    10.850 r  design_1_i/RFC8439_0/inst/RFC8439_v1_0_S00_AXI_inst/Rfc8439_core/u_poly1305/mac_tag_reg[63]_i_1/CO[3]
                         net (fo=1, routed)           0.000    10.850    design_1_i/RFC8439_0/inst/RFC8439_v1_0_S00_AXI_inst/Rfc8439_core/u_poly1305/mac_tag_reg[63]_i_1_n_0
    SLICE_X31Y38         CARRY4 (Prop_carry4_CI_CO[3])
                                                      0.114    10.964 r  design_1_i/RFC8439_0/inst/RFC8439_v1_0_S00_AXI_inst/Rfc8439_core/u_poly1305/mac_tag_reg[67]_i_1/CO[3]
                         net (fo=1, routed)           0.000    10.964    design_1_i/RFC8439_0/inst/RFC8439_v1_0_S00_AXI_inst/Rfc8439_core/u_poly1305/mac_tag_reg[67]_i_1_n_0
    SLICE_X31Y39         CARRY4 (Prop_carry4_CI_CO[3])
                                                      0.114    11.078 r  design_1_i/RFC8439_0/inst/RFC8439_v1_0_S00_AXI_inst/Rfc8439_core/u_poly1305/mac_tag_reg[71]_i_1/CO[3]
                         net (fo=1, routed)           0.000    11.078    design_1_i/RFC8439_0/inst/RFC8439_v1_0_S00_AXI_inst/Rfc8439_core/u_poly1305/mac_tag_reg[71]_i_1_n_0
    SLICE_X31Y40         CARRY4 (Prop_carry4_CI_CO[3])
                                                      0.114    11.192 r  design_1_i/RFC8439_0/inst/RFC8439_v1_0_S00_AXI_inst/Rfc8439_core/u_poly1305/mac_tag_reg[75]_i_1/CO[3]
                         net (fo=1, routed)           0.000    11.192    design_1_i/RFC8439_0/inst/RFC8439_v1_0_S00_AXI_inst/Rfc8439_core/u_poly1305/mac_tag_reg[75]_i_1_n_0
    SLICE_X31Y41         CARRY4 (Prop_carry4_CI_CO[3])
                                                      0.114    11.306 r  design_1_i/RFC8439_0/inst/RFC8439_v1_0_S00_AXI_inst/Rfc8439_core/u_poly1305/mac_tag_reg[79]_i_1/CO[3]
                         net (fo=1, routed)           0.000    11.306    design_1_i/RFC8439_0/inst/RFC8439_v1_0_S00_AXI_inst/Rfc8439_core/u_poly1305/mac_tag_reg[79]_i_1_n_0
    SLICE_X31Y42         CARRY4 (Prop_carry4_CI_CO[3])
                                                      0.114    11.420 r  design_1_i/RFC8439_0/inst/RFC8439_v1_0_S00_AXI_inst/Rfc8439_core/u_poly1305/mac_tag_reg[83]_i_1/CO[3]
                         net (fo=1, routed)           0.000    11.420    design_1_i/RFC8439_0/inst/RFC8439_v1_0_S00_AXI_inst/Rfc8439_core/u_poly1305/mac_tag_reg[83]_i_1_n_0
    SLICE_X31Y43         CARRY4 (Prop_carry4_CI_CO[3])
                                                      0.114    11.534 r  design_1_i/RFC8439_0/inst/RFC8439_v1_0_S00_AXI_inst/Rfc8439_core/u_poly1305/mac_tag_reg[87]_i_1/CO[3]
                         net (fo=1, routed)           0.000    11.534    design_1_i/RFC8439_0/inst/RFC8439_v1_0_S00_AXI_inst/Rfc8439_core/u_poly1305/mac_tag_reg[87]_i_1_n_0
    SLICE_X31Y44         CARRY4 (Prop_carry4_CI_CO[3])
                                                      0.114    11.648 r  design_1_i/RFC8439_0/inst/RFC8439_v1_0_S00_AXI_inst/Rfc8439_core/u_poly1305/mac_tag_reg[91]_i_1/CO[3]
                         net (fo=1, routed)           0.000    11.648    design_1_i/RFC8439_0/inst/RFC8439_v1_0_S00_AXI_inst/Rfc8439_core/u_poly1305/mac_tag_reg[91]_i_1_n_0
    SLICE_X31Y45         CARRY4 (Prop_carry4_CI_CO[3])
                                                      0.114    11.762 r  design_1_i/RFC8439_0/inst/RFC8439_v1_0_S00_AXI_inst/Rfc8439_core/u_poly1305/mac_tag_reg[95]_i_1/CO[3]
                         net (fo=1, routed)           0.000    11.762    design_1_i/RFC8439_0/inst/RFC8439_v1_0_S00_AXI_inst/Rfc8439_core/u_poly1305/mac_tag_reg[95]_i_1_n_0
    SLICE_X31Y46         CARRY4 (Prop_carry4_CI_CO[3])
                                                      0.114    11.876 r  design_1_i/RFC8439_0/inst/RFC8439_v1_0_S00_AXI_inst/Rfc8439_core/u_poly1305/mac_tag_reg[99]_i_1/CO[3]
                         net (fo=1, routed)           0.000    11.876    design_1_i/RFC8439_0/inst/RFC8439_v1_0_S00_AXI_inst/Rfc8439_core/u_poly1305/mac_tag_reg[99]_i_1_n_0
    SLICE_X31Y47         CARRY4 (Prop_carry4_CI_CO[3])
                                                      0.114    11.990 r  design_1_i/RFC8439_0/inst/RFC8439_v1_0_S00_AXI_inst/Rfc8439_core/u_poly1305/mac_tag_reg[103]_i_1/CO[3]
                         net (fo=1, routed)           0.000    11.990    design_1_i/RFC8439_0/inst/RFC8439_v1_0_S00_AXI_inst/Rfc8439_core/u_poly1305/mac_tag_reg[103]_i_1_n_0
    SLICE_X31Y48         CARRY4 (Prop_carry4_CI_CO[3])
                                                      0.114    12.104 r  design_1_i/RFC8439_0/inst/RFC8439_v1_0_S00_AXI_inst/Rfc8439_core/u_poly1305/mac_tag_reg[107]_i_1/CO[3]
                         net (fo=1, routed)           0.000    12.104    design_1_i/RFC8439_0/inst/RFC8439_v1_0_S00_AXI_inst/Rfc8439_core/u_poly1305/mac_tag_reg[107]_i_1_n_0
    SLICE_X31Y49         CARRY4 (Prop_carry4_CI_CO[3])
                                                      0.114    12.218 r  design_1_i/RFC8439_0/inst/RFC8439_v1_0_S00_AXI_inst/Rfc8439_core/u_poly1305/mac_tag_reg[111]_i_1/CO[3]
                         net (fo=1, routed)           0.001    12.218    design_1_i/RFC8439_0/inst/RFC8439_v1_0_S00_AXI_inst/Rfc8439_core/u_poly1305/mac_tag_reg[111]_i_1_n_0
    SLICE_X31Y50         CARRY4 (Prop_carry4_CI_CO[3])
                                                      0.114    12.332 r  design_1_i/RFC8439_0/inst/RFC8439_v1_0_S00_AXI_inst/Rfc8439_core/u_poly1305/mac_tag_reg[115]_i_1/CO[3]
                         net (fo=1, routed)           0.000    12.332    design_1_i/RFC8439_0/inst/RFC8439_v1_0_S00_AXI_inst/Rfc8439_core/u_poly1305/mac_tag_reg[115]_i_1_n_0
    SLICE_X31Y51         CARRY4 (Prop_carry4_CI_CO[3])
                                                      0.114    12.446 r  design_1_i/RFC8439_0/inst/RFC8439_v1_0_S00_AXI_inst/Rfc8439_core/u_poly1305/mac_tag_reg[119]_i_1/CO[3]
                         net (fo=1, routed)           0.000    12.446    design_1_i/RFC8439_0/inst/RFC8439_v1_0_S00_AXI_inst/Rfc8439_core/u_poly1305/mac_tag_reg[119]_i_1_n_0
    SLICE_X31Y52         CARRY4 (Prop_carry4_CI_O[0])
                                                      0.223    12.669 r  design_1_i/RFC8439_0/inst/RFC8439_v1_0_S00_AXI_inst/Rfc8439_core/u_poly1305/mac_tag_reg[123]_i_1/O[0]
                         net (fo=1, routed)           0.000    12.669    design_1_i/RFC8439_0/inst/RFC8439_v1_0_S00_AXI_inst/Rfc8439_core/u_poly1305/mac_tag_reg[123]_i_1_n_7
    SLICE_X31Y52         FDCE                                         r  design_1_i/RFC8439_0/inst/RFC8439_v1_0_S00_AXI_inst/Rfc8439_core/u_poly1305/mac_tag_reg[120]/D
  -------------------------------------------------------------------    -------------------

                         (clock clk_fpga_0 rise edge)
                                                     10.000    10.000 r  
    PS7_X0Y0             PS7                          0.000    10.000 r  design_1_i/processing_system7_0/inst/PS7_i/FCLKCLK[0]
                         net (fo=1, routed)           1.088    11.088    design_1_i/processing_system7_0/inst/FCLK_CLK_unbuffered[0]
    BUFGCTRL_X0Y16       BUFG (Prop_bufg_I_O)         0.091    11.179 r  design_1_i/processing_system7_0/inst/buffer_fclk_clk_0.FCLK_CLK_0_BUFG/O
                         net (fo=13923, routed)       1.526    12.705    design_1_i/RFC8439_0/inst/RFC8439_v1_0_S00_AXI_inst/Rfc8439_core/u_poly1305/s00_axi_aclk
    SLICE_X31Y52         FDCE                                         r  design_1_i/RFC8439_0/inst/RFC8439_v1_0_S00_AXI_inst/Rfc8439_core/u_poly1305/mac_tag_reg[120]/C
                         clock pessimism              0.115    12.820    
                         clock uncertainty           -0.154    12.666    
    SLICE_X31Y52         FDCE (Setup_fdce_C_D)        0.062    12.728    design_1_i/RFC8439_0/inst/RFC8439_v1_0_S00_AXI_inst/Rfc8439_core/u_poly1305/mac_tag_reg[120]
  -------------------------------------------------------------------
                         required time                         12.728    
                         arrival time                         -12.669    
  -------------------------------------------------------------------
                         slack                                  0.058    

Slack (MET) :             0.061ns  (required time - arrival time)
  Source:                 design_1_i/RFC8439_0/inst/RFC8439_v1_0_S00_AXI_inst/Rfc8439_core/u_poly1305/h_full_reg[0]/C
                            (rising edge-triggered cell FDCE clocked by clk_fpga_0  {rise@0.000ns fall@5.000ns period=10.000ns})
  Destination:            design_1_i/RFC8439_0/inst/RFC8439_v1_0_S00_AXI_inst/Rfc8439_core/u_poly1305/mac_tag_reg[117]/D
                            (rising edge-triggered cell FDCE clocked by clk_fpga_0  {rise@0.000ns fall@5.000ns period=10.000ns})
  Path Group:             clk_fpga_0
  Path Type:              Setup (Max at Slow Process Corner)
  Requirement:            10.000ns  (clk_fpga_0 rise@10.000ns - clk_fpga_0 rise@0.000ns)
  Data Path Delay:        9.639ns  (logic 7.609ns (78.938%)  route 2.030ns (21.062%))
  Logic Levels:           49  (CARRY4=47 LUT2=2)
  Clock Path Skew:        -0.207ns (DCD - SCD + CPR)
    Destination Clock Delay (DCD):    2.705ns = ( 12.705 - 10.000 ) 
    Source Clock Delay      (SCD):    3.027ns
    Clock Pessimism Removal (CPR):    0.115ns
  Clock Uncertainty:      0.154ns  ((TSJ^2 + TIJ^2)^1/2 + DJ) / 2 + PE
    Total System Jitter     (TSJ):    0.071ns
    Total Input Jitter      (TIJ):    0.300ns
    Discrete Jitter          (DJ):    0.000ns
    Phase Error              (PE):    0.000ns

    Location             Delay type                Incr(ns)  Path(ns)    Netlist Resource(s)
  -------------------------------------------------------------------    -------------------
                         (clock clk_fpga_0 rise edge)
                                                      0.000     0.000 r  
    PS7_X0Y0             PS7                          0.000     0.000 r  design_1_i/processing_system7_0/inst/PS7_i/FCLKCLK[0]
                         net (fo=1, routed)           1.193     1.193    design_1_i/processing_system7_0/inst/FCLK_CLK_unbuffered[0]
    BUFGCTRL_X0Y16       BUFG (Prop_bufg_I_O)         0.101     1.294 r  design_1_i/processing_system7_0/inst/buffer_fclk_clk_0.FCLK_CLK_0_BUFG/O
                         net (fo=13923, routed)       1.733     3.027    design_1_i/RFC8439_0/inst/RFC8439_v1_0_S00_AXI_inst/Rfc8439_core/u_poly1305/s00_axi_aclk
    SLICE_X31Y21         FDCE                                         r  design_1_i/RFC8439_0/inst/RFC8439_v1_0_S00_AXI_inst/Rfc8439_core/u_poly1305/h_full_reg[0]/C
  -------------------------------------------------------------------    -------------------
    SLICE_X31Y21         FDCE (Prop_fdce_C_Q)         0.456     3.483 r  design_1_i/RFC8439_0/inst/RFC8439_v1_0_S00_AXI_inst/Rfc8439_core/u_poly1305/h_full_reg[0]/Q
                         net (fo=2, routed)           0.294     3.777    design_1_i/RFC8439_0/inst/RFC8439_v1_0_S00_AXI_inst/Rfc8439_core/u_poly1305/h_full[0]
    SLICE_X30Y21         LUT2 (Prop_lut2_I0_O)        0.124     3.901 r  design_1_i/RFC8439_0/inst/RFC8439_v1_0_S00_AXI_inst/Rfc8439_core/u_poly1305/mac_tag[3]_i_86/O
                         net (fo=1, routed)           0.473     4.374    design_1_i/RFC8439_0/inst/RFC8439_v1_0_S00_AXI_inst/Rfc8439_core/u_poly1305/mac_tag[3]_i_86_n_0
    SLICE_X30Y24         CARRY4 (Prop_carry4_CYINIT_CO[3])
                                                      0.595     4.969 r  design_1_i/RFC8439_0/inst/RFC8439_v1_0_S00_AXI_inst/Rfc8439_core/u_poly1305/mac_tag_reg[3]_i_81/CO[3]
                         net (fo=1, routed)           0.009     4.978    design_1_i/RFC8439_0/inst/RFC8439_v1_0_S00_AXI_inst/Rfc8439_core/u_poly1305/mac_tag_reg[3]_i_81_n_0
    SLICE_X30Y25         CARRY4 (Prop_carry4_CI_CO[3])
                                                      0.117     5.095 r  design_1_i/RFC8439_0/inst/RFC8439_v1_0_S00_AXI_inst/Rfc8439_core/u_poly1305/mac_tag_reg[3]_i_76/CO[3]
                         net (fo=1, routed)           0.000     5.095    design_1_i/RFC8439_0/inst/RFC8439_v1_0_S00_AXI_inst/Rfc8439_core/u_poly1305/mac_tag_reg[3]_i_76_n_0
    SLICE_X30Y26         CARRY4 (Prop_carry4_CI_CO[3])
                                                      0.117     5.212 r  design_1_i/RFC8439_0/inst/RFC8439_v1_0_S00_AXI_inst/Rfc8439_core/u_poly1305/mac_tag_reg[3]_i_71/CO[3]
                         net (fo=1, routed)           0.000     5.212    design_1_i/RFC8439_0/inst/RFC8439_v1_0_S00_AXI_inst/Rfc8439_core/u_poly1305/mac_tag_reg[3]_i_71_n_0
    SLICE_X30Y27         CARRY4 (Prop_carry4_CI_CO[3])
                                                      0.117     5.329 r  design_1_i/RFC8439_0/inst/RFC8439_v1_0_S00_AXI_inst/Rfc8439_core/u_poly1305/mac_tag_reg[3]_i_66/CO[3]
                         net (fo=1, routed)           0.000     5.329    design_1_i/RFC8439_0/inst/RFC8439_v1_0_S00_AXI_inst/Rfc8439_core/u_poly1305/mac_tag_reg[3]_i_66_n_0
    SLICE_X30Y28         CARRY4 (Prop_carry4_CI_CO[3])
                                                      0.117     5.446 r  design_1_i/RFC8439_0/inst/RFC8439_v1_0_S00_AXI_inst/Rfc8439_core/u_poly1305/mac_tag_reg[3]_i_61/CO[3]
                         net (fo=1, routed)           0.000     5.446    design_1_i/RFC8439_0/inst/RFC8439_v1_0_S00_AXI_inst/Rfc8439_core/u_poly1305/mac_tag_reg[3]_i_61_n_0
    SLICE_X30Y29         CARRY4 (Prop_carry4_CI_CO[3])
                                                      0.117     5.563 r  design_1_i/RFC8439_0/inst/RFC8439_v1_0_S00_AXI_inst/Rfc8439_core/u_poly1305/mac_tag_reg[3]_i_56/CO[3]
                         net (fo=1, routed)           0.000     5.563    design_1_i/RFC8439_0/inst/RFC8439_v1_0_S00_AXI_inst/Rfc8439_core/u_poly1305/mac_tag_reg[3]_i_56_n_0
    SLICE_X30Y30         CARRY4 (Prop_carry4_CI_CO[3])
                                                      0.117     5.680 r  design_1_i/RFC8439_0/inst/RFC8439_v1_0_S00_AXI_inst/Rfc8439_core/u_poly1305/mac_tag_reg[3]_i_51/CO[3]
                         net (fo=1, routed)           0.000     5.680    design_1_i/RFC8439_0/inst/RFC8439_v1_0_S00_AXI_inst/Rfc8439_core/u_poly1305/mac_tag_reg[3]_i_51_n_0
    SLICE_X30Y31         CARRY4 (Prop_carry4_CI_CO[3])
                                                      0.117     5.797 r  design_1_i/RFC8439_0/inst/RFC8439_v1_0_S00_AXI_inst/Rfc8439_core/u_poly1305/mac_tag_reg[3]_i_46/CO[3]
                         net (fo=1, routed)           0.000     5.797    design_1_i/RFC8439_0/inst/RFC8439_v1_0_S00_AXI_inst/Rfc8439_core/u_poly1305/mac_tag_reg[3]_i_46_n_0
    SLICE_X30Y32         CARRY4 (Prop_carry4_CI_CO[3])
                                                      0.117     5.914 r  design_1_i/RFC8439_0/inst/RFC8439_v1_0_S00_AXI_inst/Rfc8439_core/u_poly1305/mac_tag_reg[3]_i_41/CO[3]
                         net (fo=1, routed)           0.000     5.914    design_1_i/RFC8439_0/inst/RFC8439_v1_0_S00_AXI_inst/Rfc8439_core/u_poly1305/mac_tag_reg[3]_i_41_n_0
    SLICE_X30Y33         CARRY4 (Prop_carry4_CI_CO[3])
                                                      0.117     6.031 r  design_1_i/RFC8439_0/inst/RFC8439_v1_0_S00_AXI_inst/Rfc8439_core/u_poly1305/mac_tag_reg[3]_i_36/CO[3]
                         net (fo=1, routed)           0.000     6.031    design_1_i/RFC8439_0/inst/RFC8439_v1_0_S00_AXI_inst/Rfc8439_core/u_poly1305/mac_tag_reg[3]_i_36_n_0
    SLICE_X30Y34         CARRY4 (Prop_carry4_CI_CO[3])
                                                      0.117     6.148 r  design_1_i/RFC8439_0/inst/RFC8439_v1_0_S00_AXI_inst/Rfc8439_core/u_poly1305/mac_tag_reg[3]_i_31/CO[3]
                         net (fo=1, routed)           0.000     6.148    design_1_i/RFC8439_0/inst/RFC8439_v1_0_S00_AXI_inst/Rfc8439_core/u_poly1305/mac_tag_reg[3]_i_31_n_0
    SLICE_X30Y35         CARRY4 (Prop_carry4_CI_CO[3])
                                                      0.117     6.265 r  design_1_i/RFC8439_0/inst/RFC8439_v1_0_S00_AXI_inst/Rfc8439_core/u_poly1305/mac_tag_reg[3]_i_26/CO[3]
                         net (fo=1, routed)           0.000     6.265    design_1_i/RFC8439_0/inst/RFC8439_v1_0_S00_AXI_inst/Rfc8439_core/u_poly1305/mac_tag_reg[3]_i_26_n_0
    SLICE_X30Y36         CARRY4 (Prop_carry4_CI_CO[3])
                                                      0.117     6.382 r  design_1_i/RFC8439_0/inst/RFC8439_v1_0_S00_AXI_inst/Rfc8439_core/u_poly1305/mac_tag_reg[3]_i_21/CO[3]
                         net (fo=1, routed)           0.000     6.382    design_1_i/RFC8439_0/inst/RFC8439_v1_0_S00_AXI_inst/Rfc8439_core/u_poly1305/mac_tag_reg[3]_i_21_n_0
    SLICE_X30Y37         CARRY4 (Prop_carry4_CI_CO[3])
                                                      0.117     6.499 r  design_1_i/RFC8439_0/inst/RFC8439_v1_0_S00_AXI_inst/Rfc8439_core/u_poly1305/mac_tag_reg[3]_i_16/CO[3]
                         net (fo=1, routed)           0.000     6.499    design_1_i/RFC8439_0/inst/RFC8439_v1_0_S00_AXI_inst/Rfc8439_core/u_poly1305/mac_tag_reg[3]_i_16_n_0
    SLICE_X30Y38         CARRY4 (Prop_carry4_CI_CO[3])
                                                      0.117     6.616 r  design_1_i/RFC8439_0/inst/RFC8439_v1_0_S00_AXI_inst/Rfc8439_core/u_poly1305/mac_tag_reg[3]_i_11/CO[3]
                         net (fo=1, routed)           0.000     6.616    design_1_i/RFC8439_0/inst/RFC8439_v1_0_S00_AXI_inst/Rfc8439_core/u_poly1305/mac_tag_reg[3]_i_11_n_0
    SLICE_X30Y39         CARRY4 (Prop_carry4_CI_CO[3])
                                                      0.117     6.733 r  design_1_i/RFC8439_0/inst/RFC8439_v1_0_S00_AXI_inst/Rfc8439_core/u_poly1305/mac_tag_reg[3]_i_8/CO[3]
                         net (fo=1, routed)           0.000     6.733    design_1_i/RFC8439_0/inst/RFC8439_v1_0_S00_AXI_inst/Rfc8439_core/u_poly1305/mac_tag_reg[3]_i_8_n_0
    SLICE_X30Y40         CARRY4 (Prop_carry4_CI_CO[0])
                                                      0.254     6.987 r  design_1_i/RFC8439_0/inst/RFC8439_v1_0_S00_AXI_inst/Rfc8439_core/u_poly1305/mac_tag_reg[3]_i_3/CO[0]
                         net (fo=4, routed)           1.244     8.232    design_1_i/RFC8439_0/inst/RFC8439_v1_0_S00_AXI_inst/Rfc8439_core/u_poly1305/h_mod1
    SLICE_X31Y22         LUT2 (Prop_lut2_I0_O)        0.367     8.599 r  design_1_i/RFC8439_0/inst/RFC8439_v1_0_S00_AXI_inst/Rfc8439_core/u_poly1305/mac_tag[3]_i_7/O
                         net (fo=1, routed)           0.000     8.599    design_1_i/RFC8439_0/inst/RFC8439_v1_0_S00_AXI_inst/Rfc8439_core/u_poly1305/mac_tag[3]_i_7_n_0
    SLICE_X31Y22         CARRY4 (Prop_carry4_S[0]_CO[3])
                                                      0.532     9.131 r  design_1_i/RFC8439_0/inst/RFC8439_v1_0_S00_AXI_inst/Rfc8439_core/u_poly1305/mac_tag_reg[3]_i_1/CO[3]
                         net (fo=1, routed)           0.000     9.131    design_1_i/RFC8439_0/inst/RFC8439_v1_0_S00_AXI_inst/Rfc8439_core/u_poly1305/mac_tag_reg[3]_i_1_n_0
    SLICE_X31Y23         CARRY4 (Prop_carry4_CI_CO[3])
                                                      0.114     9.245 r  design_1_i/RFC8439_0/inst/RFC8439_v1_0_S00_AXI_inst/Rfc8439_core/u_poly1305/mac_tag_reg[7]_i_1/CO[3]
                         net (fo=1, routed)           0.000     9.245    design_1_i/RFC8439_0/inst/RFC8439_v1_0_S00_AXI_inst/Rfc8439_core/u_poly1305/mac_tag_reg[7]_i_1_n_0
    SLICE_X31Y24         CARRY4 (Prop_carry4_CI_CO[3])
                                                      0.114     9.359 r  design_1_i/RFC8439_0/inst/RFC8439_v1_0_S00_AXI_inst/Rfc8439_core/u_poly1305/mac_tag_reg[11]_i_1/CO[3]
                         net (fo=1, routed)           0.009     9.368    design_1_i/RFC8439_0/inst/RFC8439_v1_0_S00_AXI_inst/Rfc8439_core/u_poly1305/mac_tag_reg[11]_i_1_n_0
    SLICE_X31Y25         CARRY4 (Prop_carry4_CI_CO[3])
                                                      0.114     9.482 r  design_1_i/RFC8439_0/inst/RFC8439_v1_0_S00_AXI_inst/Rfc8439_core/u_poly1305/mac_tag_reg[15]_i_1/CO[3]
                         net (fo=1, routed)           0.000     9.482    design_1_i/RFC8439_0/inst/RFC8439_v1_0_S00_AXI_inst/Rfc8439_core/u_poly1305/mac_tag_reg[15]_i_1_n_0
    SLICE_X31Y26         CARRY4 (Prop_carry4_CI_CO[3])
                                                      0.114     9.596 r  design_1_i/RFC8439_0/inst/RFC8439_v1_0_S00_AXI_inst/Rfc8439_core/u_poly1305/mac_tag_reg[19]_i_1/CO[3]
                         net (fo=1, routed)           0.000     9.596    design_1_i/RFC8439_0/inst/RFC8439_v1_0_S00_AXI_inst/Rfc8439_core/u_poly1305/mac_tag_reg[19]_i_1_n_0
    SLICE_X31Y27         CARRY4 (Prop_carry4_CI_CO[3])
                                                      0.114     9.710 r  design_1_i/RFC8439_0/inst/RFC8439_v1_0_S00_AXI_inst/Rfc8439_core/u_poly1305/mac_tag_reg[23]_i_1/CO[3]
                         net (fo=1, routed)           0.000     9.710    design_1_i/RFC8439_0/inst/RFC8439_v1_0_S00_AXI_inst/Rfc8439_core/u_poly1305/mac_tag_reg[23]_i_1_n_0
    SLICE_X31Y28         CARRY4 (Prop_carry4_CI_CO[3])
                                                      0.114     9.824 r  design_1_i/RFC8439_0/inst/RFC8439_v1_0_S00_AXI_inst/Rfc8439_core/u_poly1305/mac_tag_reg[27]_i_1/CO[3]
                         net (fo=1, routed)           0.000     9.824    design_1_i/RFC8439_0/inst/RFC8439_v1_0_S00_AXI_inst/Rfc8439_core/u_poly1305/mac_tag_reg[27]_i_1_n_0
    SLICE_X31Y29         CARRY4 (Prop_carry4_CI_CO[3])
                                                      0.114     9.938 r  design_1_i/RFC8439_0/inst/RFC8439_v1_0_S00_AXI_inst/Rfc8439_core/u_poly1305/mac_tag_reg[31]_i_1/CO[3]
                         net (fo=1, routed)           0.000     9.938    design_1_i/RFC8439_0/inst/RFC8439_v1_0_S00_AXI_inst/Rfc8439_core/u_poly1305/mac_tag_reg[31]_i_1_n_0
    SLICE_X31Y30         CARRY4 (Prop_carry4_CI_CO[3])
                                                      0.114    10.052 r  design_1_i/RFC8439_0/inst/RFC8439_v1_0_S00_AXI_inst/Rfc8439_core/u_poly1305/mac_tag_reg[35]_i_1/CO[3]
                         net (fo=1, routed)           0.000    10.052    design_1_i/RFC8439_0/inst/RFC8439_v1_0_S00_AXI_inst/Rfc8439_core/u_poly1305/mac_tag_reg[35]_i_1_n_0
    SLICE_X31Y31         CARRY4 (Prop_carry4_CI_CO[3])
                                                      0.114    10.166 r  design_1_i/RFC8439_0/inst/RFC8439_v1_0_S00_AXI_inst/Rfc8439_core/u_poly1305/mac_tag_reg[39]_i_1/CO[3]
                         net (fo=1, routed)           0.000    10.166    design_1_i/RFC8439_0/inst/RFC8439_v1_0_S00_AXI_inst/Rfc8439_core/u_poly1305/mac_tag_reg[39]_i_1_n_0
    SLICE_X31Y32         CARRY4 (Prop_carry4_CI_CO[3])
                                                      0.114    10.280 r  design_1_i/RFC8439_0/inst/RFC8439_v1_0_S00_AXI_inst/Rfc8439_core/u_poly1305/mac_tag_reg[43]_i_1/CO[3]
                         net (fo=1, routed)           0.000    10.280    design_1_i/RFC8439_0/inst/RFC8439_v1_0_S00_AXI_inst/Rfc8439_core/u_poly1305/mac_tag_reg[43]_i_1_n_0
    SLICE_X31Y33         CARRY4 (Prop_carry4_CI_CO[3])
                                                      0.114    10.394 r  design_1_i/RFC8439_0/inst/RFC8439_v1_0_S00_AXI_inst/Rfc8439_core/u_poly1305/mac_tag_reg[47]_i_1/CO[3]
                         net (fo=1, routed)           0.000    10.394    design_1_i/RFC8439_0/inst/RFC8439_v1_0_S00_AXI_inst/Rfc8439_core/u_poly1305/mac_tag_reg[47]_i_1_n_0
    SLICE_X31Y34         CARRY4 (Prop_carry4_CI_CO[3])
                                                      0.114    10.508 r  design_1_i/RFC8439_0/inst/RFC8439_v1_0_S00_AXI_inst/Rfc8439_core/u_poly1305/mac_tag_reg[51]_i_1/CO[3]
                         net (fo=1, routed)           0.000    10.508    design_1_i/RFC8439_0/inst/RFC8439_v1_0_S00_AXI_inst/Rfc8439_core/u_poly1305/mac_tag_reg[51]_i_1_n_0
    SLICE_X31Y35         CARRY4 (Prop_carry4_CI_CO[3])
                                                      0.114    10.622 r  design_1_i/RFC8439_0/inst/RFC8439_v1_0_S00_AXI_inst/Rfc8439_core/u_poly1305/mac_tag_reg[55]_i_1/CO[3]
                         net (fo=1, routed)           0.000    10.622    design_1_i/RFC8439_0/inst/RFC8439_v1_0_S00_AXI_inst/Rfc8439_core/u_poly1305/mac_tag_reg[55]_i_1_n_0
    SLICE_X31Y36         CARRY4 (Prop_carry4_CI_CO[3])
                                                      0.114    10.736 r  design_1_i/RFC8439_0/inst/RFC8439_v1_0_S00_AXI_inst/Rfc8439_core/u_poly1305/mac_tag_reg[59]_i_1/CO[3]
                         net (fo=1, routed)           0.000    10.736    design_1_i/RFC8439_0/inst/RFC8439_v1_0_S00_AXI_inst/Rfc8439_core/u_poly1305/mac_tag_reg[59]_i_1_n_0
    SLICE_X31Y37         CARRY4 (Prop_carry4_CI_CO[3])
                                                      0.114    10.850 r  design_1_i/RFC8439_0/inst/RFC8439_v1_0_S00_AXI_inst/Rfc8439_core/u_poly1305/mac_tag_reg[63]_i_1/CO[3]
                         net (fo=1, routed)           0.000    10.850    design_1_i/RFC8439_0/inst/RFC8439_v1_0_S00_AXI_inst/Rfc8439_core/u_poly1305/mac_tag_reg[63]_i_1_n_0
    SLICE_X31Y38         CARRY4 (Prop_carry4_CI_CO[3])
                                                      0.114    10.964 r  design_1_i/RFC8439_0/inst/RFC8439_v1_0_S00_AXI_inst/Rfc8439_core/u_poly1305/mac_tag_reg[67]_i_1/CO[3]
                         net (fo=1, routed)           0.000    10.964    design_1_i/RFC8439_0/inst/RFC8439_v1_0_S00_AXI_inst/Rfc8439_core/u_poly1305/mac_tag_reg[67]_i_1_n_0
    SLICE_X31Y39         CARRY4 (Prop_carry4_CI_CO[3])
                                                      0.114    11.078 r  design_1_i/RFC8439_0/inst/RFC8439_v1_0_S00_AXI_inst/Rfc8439_core/u_poly1305/mac_tag_reg[71]_i_1/CO[3]
                         net (fo=1, routed)           0.000    11.078    design_1_i/RFC8439_0/inst/RFC8439_v1_0_S00_AXI_inst/Rfc8439_core/u_poly1305/mac_tag_reg[71]_i_1_n_0
    SLICE_X31Y40         CARRY4 (Prop_carry4_CI_CO[3])
                                                      0.114    11.192 r  design_1_i/RFC8439_0/inst/RFC8439_v1_0_S00_AXI_inst/Rfc8439_core/u_poly1305/mac_tag_reg[75]_i_1/CO[3]
                         net (fo=1, routed)           0.000    11.192    design_1_i/RFC8439_0/inst/RFC8439_v1_0_S00_AXI_inst/Rfc8439_core/u_poly1305/mac_tag_reg[75]_i_1_n_0
    SLICE_X31Y41         CARRY4 (Prop_carry4_CI_CO[3])
                                                      0.114    11.306 r  design_1_i/RFC8439_0/inst/RFC8439_v1_0_S00_AXI_inst/Rfc8439_core/u_poly1305/mac_tag_reg[79]_i_1/CO[3]
                         net (fo=1, routed)           0.000    11.306    design_1_i/RFC8439_0/inst/RFC8439_v1_0_S00_AXI_inst/Rfc8439_core/u_poly1305/mac_tag_reg[79]_i_1_n_0
    SLICE_X31Y42         CARRY4 (Prop_carry4_CI_CO[3])
                                                      0.114    11.420 r  design_1_i/RFC8439_0/inst/RFC8439_v1_0_S00_AXI_inst/Rfc8439_core/u_poly1305/mac_tag_reg[83]_i_1/CO[3]
                         net (fo=1, routed)           0.000    11.420    design_1_i/RFC8439_0/inst/RFC8439_v1_0_S00_AXI_inst/Rfc8439_core/u_poly1305/mac_tag_reg[83]_i_1_n_0
    SLICE_X31Y43         CARRY4 (Prop_carry4_CI_CO[3])
                                                      0.114    11.534 r  design_1_i/RFC8439_0/inst/RFC8439_v1_0_S00_AXI_inst/Rfc8439_core/u_poly1305/mac_tag_reg[87]_i_1/CO[3]
                         net (fo=1, routed)           0.000    11.534    design_1_i/RFC8439_0/inst/RFC8439_v1_0_S00_AXI_inst/Rfc8439_core/u_poly1305/mac_tag_reg[87]_i_1_n_0
    SLICE_X31Y44         CARRY4 (Prop_carry4_CI_CO[3])
                                                      0.114    11.648 r  design_1_i/RFC8439_0/inst/RFC8439_v1_0_S00_AXI_inst/Rfc8439_core/u_poly1305/mac_tag_reg[91]_i_1/CO[3]
                         net (fo=1, routed)           0.000    11.648    design_1_i/RFC8439_0/inst/RFC8439_v1_0_S00_AXI_inst/Rfc8439_core/u_poly1305/mac_tag_reg[91]_i_1_n_0
    SLICE_X31Y45         CARRY4 (Prop_carry4_CI_CO[3])
                                                      0.114    11.762 r  design_1_i/RFC8439_0/inst/RFC8439_v1_0_S00_AXI_inst/Rfc8439_core/u_poly1305/mac_tag_reg[95]_i_1/CO[3]
                         net (fo=1, routed)           0.000    11.762    design_1_i/RFC8439_0/inst/RFC8439_v1_0_S00_AXI_inst/Rfc8439_core/u_poly1305/mac_tag_reg[95]_i_1_n_0
    SLICE_X31Y46         CARRY4 (Prop_carry4_CI_CO[3])
                                                      0.114    11.876 r  design_1_i/RFC8439_0/inst/RFC8439_v1_0_S00_AXI_inst/Rfc8439_core/u_poly1305/mac_tag_reg[99]_i_1/CO[3]
                         net (fo=1, routed)           0.000    11.876    design_1_i/RFC8439_0/inst/RFC8439_v1_0_S00_AXI_inst/Rfc8439_core/u_poly1305/mac_tag_reg[99]_i_1_n_0
    SLICE_X31Y47         CARRY4 (Prop_carry4_CI_CO[3])
                                                      0.114    11.990 r  design_1_i/RFC8439_0/inst/RFC8439_v1_0_S00_AXI_inst/Rfc8439_core/u_poly1305/mac_tag_reg[103]_i_1/CO[3]
                         net (fo=1, routed)           0.000    11.990    design_1_i/RFC8439_0/inst/RFC8439_v1_0_S00_AXI_inst/Rfc8439_core/u_poly1305/mac_tag_reg[103]_i_1_n_0
    SLICE_X31Y48         CARRY4 (Prop_carry4_CI_CO[3])
                                                      0.114    12.104 r  design_1_i/RFC8439_0/inst/RFC8439_v1_0_S00_AXI_inst/Rfc8439_core/u_poly1305/mac_tag_reg[107]_i_1/CO[3]
                         net (fo=1, routed)           0.000    12.104    design_1_i/RFC8439_0/inst/RFC8439_v1_0_S00_AXI_inst/Rfc8439_core/u_poly1305/mac_tag_reg[107]_i_1_n_0
    SLICE_X31Y49         CARRY4 (Prop_carry4_CI_CO[3])
                                                      0.114    12.218 r  design_1_i/RFC8439_0/inst/RFC8439_v1_0_S00_AXI_inst/Rfc8439_core/u_poly1305/mac_tag_reg[111]_i_1/CO[3]
                         net (fo=1, routed)           0.001    12.218    design_1_i/RFC8439_0/inst/RFC8439_v1_0_S00_AXI_inst/Rfc8439_core/u_poly1305/mac_tag_reg[111]_i_1_n_0
    SLICE_X31Y50         CARRY4 (Prop_carry4_CI_CO[3])
                                                      0.114    12.332 r  design_1_i/RFC8439_0/inst/RFC8439_v1_0_S00_AXI_inst/Rfc8439_core/u_poly1305/mac_tag_reg[115]_i_1/CO[3]
                         net (fo=1, routed)           0.000    12.332    design_1_i/RFC8439_0/inst/RFC8439_v1_0_S00_AXI_inst/Rfc8439_core/u_poly1305/mac_tag_reg[115]_i_1_n_0
    SLICE_X31Y51         CARRY4 (Prop_carry4_CI_O[1])
                                                      0.334    12.666 r  design_1_i/RFC8439_0/inst/RFC8439_v1_0_S00_AXI_inst/Rfc8439_core/u_poly1305/mac_tag_reg[119]_i_1/O[1]
                         net (fo=1, routed)           0.000    12.666    design_1_i/RFC8439_0/inst/RFC8439_v1_0_S00_AXI_inst/Rfc8439_core/u_poly1305/mac_tag_reg[119]_i_1_n_6
    SLICE_X31Y51         FDCE                                         r  design_1_i/RFC8439_0/inst/RFC8439_v1_0_S00_AXI_inst/Rfc8439_core/u_poly1305/mac_tag_reg[117]/D
  -------------------------------------------------------------------    -------------------

                         (clock clk_fpga_0 rise edge)
                                                     10.000    10.000 r  
    PS7_X0Y0             PS7                          0.000    10.000 r  design_1_i/processing_system7_0/inst/PS7_i/FCLKCLK[0]
                         net (fo=1, routed)           1.088    11.088    design_1_i/processing_system7_0/inst/FCLK_CLK_unbuffered[0]
    BUFGCTRL_X0Y16       BUFG (Prop_bufg_I_O)         0.091    11.179 r  design_1_i/processing_system7_0/inst/buffer_fclk_clk_0.FCLK_CLK_0_BUFG/O
                         net (fo=13923, routed)       1.526    12.705    design_1_i/RFC8439_0/inst/RFC8439_v1_0_S00_AXI_inst/Rfc8439_core/u_poly1305/s00_axi_aclk
    SLICE_X31Y51         FDCE                                         r  design_1_i/RFC8439_0/inst/RFC8439_v1_0_S00_AXI_inst/Rfc8439_core/u_poly1305/mac_tag_reg[117]/C
                         clock pessimism              0.115    12.820    
                         clock uncertainty           -0.154    12.666    
    SLICE_X31Y51         FDCE (Setup_fdce_C_D)        0.062    12.728    design_1_i/RFC8439_0/inst/RFC8439_v1_0_S00_AXI_inst/Rfc8439_core/u_poly1305/mac_tag_reg[117]
  -------------------------------------------------------------------
                         required time                         12.728    
                         arrival time                         -12.666    
  -------------------------------------------------------------------
                         slack                                  0.061    

Slack (MET) :             0.076ns  (required time - arrival time)
  Source:                 design_1_i/RFC8439_0/inst/RFC8439_v1_0_S00_AXI_inst/Rfc8439_core/u_poly1305/r2_reg[14]/C
                            (rising edge-triggered cell FDCE clocked by clk_fpga_0  {rise@0.000ns fall@5.000ns period=10.000ns})
  Destination:            design_1_i/RFC8439_0/inst/RFC8439_v1_0_S00_AXI_inst/Rfc8439_core/u_poly1305/p42_reg[53]/D
                            (rising edge-triggered cell FDRE clocked by clk_fpga_0  {rise@0.000ns fall@5.000ns period=10.000ns})
  Path Group:             clk_fpga_0
  Path Type:              Setup (Max at Slow Process Corner)
  Requirement:            10.000ns  (clk_fpga_0 rise@10.000ns - clk_fpga_0 rise@0.000ns)
  Data Path Delay:        9.716ns  (logic 7.322ns (75.357%)  route 2.394ns (24.643%))
  Logic Levels:           9  (CARRY4=6 DSP48E1=2 LUT2=1)
  Clock Path Skew:        -0.116ns (DCD - SCD + CPR)
    Destination Clock Delay (DCD):    2.760ns = ( 12.760 - 10.000 ) 
    Source Clock Delay      (SCD):    2.991ns
    Clock Pessimism Removal (CPR):    0.115ns
  Clock Uncertainty:      0.154ns  ((TSJ^2 + TIJ^2)^1/2 + DJ) / 2 + PE
    Total System Jitter     (TSJ):    0.071ns
    Total Input Jitter      (TIJ):    0.300ns
    Discrete Jitter          (DJ):    0.000ns
    Phase Error              (PE):    0.000ns

    Location             Delay type                Incr(ns)  Path(ns)    Netlist Resource(s)
  -------------------------------------------------------------------    -------------------
                         (clock clk_fpga_0 rise edge)
                                                      0.000     0.000 r  
    PS7_X0Y0             PS7                          0.000     0.000 r  design_1_i/processing_system7_0/inst/PS7_i/FCLKCLK[0]
                         net (fo=1, routed)           1.193     1.193    design_1_i/processing_system7_0/inst/FCLK_CLK_unbuffered[0]
    BUFGCTRL_X0Y16       BUFG (Prop_bufg_I_O)         0.101     1.294 r  design_1_i/processing_system7_0/inst/buffer_fclk_clk_0.FCLK_CLK_0_BUFG/O
                         net (fo=13923, routed)       1.697     2.991    design_1_i/RFC8439_0/inst/RFC8439_v1_0_S00_AXI_inst/Rfc8439_core/u_poly1305/s00_axi_aclk
    SLICE_X31Y60         FDCE                                         r  design_1_i/RFC8439_0/inst/RFC8439_v1_0_S00_AXI_inst/Rfc8439_core/u_poly1305/r2_reg[14]/C
  -------------------------------------------------------------------    -------------------
    SLICE_X31Y60         FDCE (Prop_fdce_C_Q)         0.456     3.447 r  design_1_i/RFC8439_0/inst/RFC8439_v1_0_S00_AXI_inst/Rfc8439_core/u_poly1305/r2_reg[14]/Q
                         net (fo=4, routed)           1.521     4.968    design_1_i/RFC8439_0/inst/RFC8439_v1_0_S00_AXI_inst/Rfc8439_core/u_poly1305/r2[14]
    DSP48_X0Y18          DSP48E1 (Prop_dsp48e1_A[14]_PCOUT[47])
                                                      4.036     9.004 r  design_1_i/RFC8439_0/inst/RFC8439_v1_0_S00_AXI_inst/Rfc8439_core/u_poly1305/p420/PCOUT[47]
                         net (fo=1, routed)           0.002     9.006    design_1_i/RFC8439_0/inst/RFC8439_v1_0_S00_AXI_inst/Rfc8439_core/u_poly1305/p420_n_106
    DSP48_X0Y19          DSP48E1 (Prop_dsp48e1_PCIN[47]_P[0])
                                                      1.518    10.524 r  design_1_i/RFC8439_0/inst/RFC8439_v1_0_S00_AXI_inst/Rfc8439_core/u_poly1305/p420__0/P[0]
                         net (fo=1, routed)           0.871    11.395    design_1_i/RFC8439_0/inst/RFC8439_v1_0_S00_AXI_inst/Rfc8439_core/u_poly1305/p420__0_n_105
    SLICE_X11Y39         LUT2 (Prop_lut2_I1_O)        0.124    11.519 r  design_1_i/RFC8439_0/inst/RFC8439_v1_0_S00_AXI_inst/Rfc8439_core/u_poly1305/p42[35]_i_3/O
                         net (fo=1, routed)           0.000    11.519    design_1_i/RFC8439_0/inst/RFC8439_v1_0_S00_AXI_inst/Rfc8439_core/u_poly1305/p42[35]_i_3_n_0
    SLICE_X11Y39         CARRY4 (Prop_carry4_S[2]_CO[3])
                                                      0.398    11.917 r  design_1_i/RFC8439_0/inst/RFC8439_v1_0_S00_AXI_inst/Rfc8439_core/u_poly1305/p42_reg[35]_i_1/CO[3]
                         net (fo=1, routed)           0.000    11.917    design_1_i/RFC8439_0/inst/RFC8439_v1_0_S00_AXI_inst/Rfc8439_core/u_poly1305/p42_reg[35]_i_1_n_0
    SLICE_X11Y40         CARRY4 (Prop_carry4_CI_CO[3])
                                                      0.114    12.031 r  design_1_i/RFC8439_0/inst/RFC8439_v1_0_S00_AXI_inst/Rfc8439_core/u_poly1305/p42_reg[39]_i_1/CO[3]
                         net (fo=1, routed)           0.000    12.031    design_1_i/RFC8439_0/inst/RFC8439_v1_0_S00_AXI_inst/Rfc8439_core/u_poly1305/p42_reg[39]_i_1_n_0
    SLICE_X11Y41         CARRY4 (Prop_carry4_CI_CO[3])
                                                      0.114    12.145 r  design_1_i/RFC8439_0/inst/RFC8439_v1_0_S00_AXI_inst/Rfc8439_core/u_poly1305/p42_reg[43]_i_1/CO[3]
                         net (fo=1, routed)           0.000    12.145    design_1_i/RFC8439_0/inst/RFC8439_v1_0_S00_AXI_inst/Rfc8439_core/u_poly1305/p42_reg[43]_i_1_n_0
    SLICE_X11Y42         CARRY4 (Prop_carry4_CI_CO[3])
                                                      0.114    12.259 r  design_1_i/RFC8439_0/inst/RFC8439_v1_0_S00_AXI_inst/Rfc8439_core/u_poly1305/p42_reg[47]_i_1/CO[3]
                         net (fo=1, routed)           0.000    12.259    design_1_i/RFC8439_0/inst/RFC8439_v1_0_S00_AXI_inst/Rfc8439_core/u_poly1305/p42_reg[47]_i_1_n_0
    SLICE_X11Y43         CARRY4 (Prop_carry4_CI_CO[3])
                                                      0.114    12.373 r  design_1_i/RFC8439_0/inst/RFC8439_v1_0_S00_AXI_inst/Rfc8439_core/u_poly1305/p42_reg[51]_i_1/CO[3]
                         net (fo=1, routed)           0.000    12.373    design_1_i/RFC8439_0/inst/RFC8439_v1_0_S00_AXI_inst/Rfc8439_core/u_poly1305/p42_reg[51]_i_1_n_0
    SLICE_X11Y44         CARRY4 (Prop_carry4_CI_O[1])
                                                      0.334    12.707 r  design_1_i/RFC8439_0/inst/RFC8439_v1_0_S00_AXI_inst/Rfc8439_core/u_poly1305/p42_reg[55]_i_1/O[1]
                         net (fo=1, routed)           0.000    12.707    design_1_i/RFC8439_0/inst/RFC8439_v1_0_S00_AXI_inst/Rfc8439_core/u_poly1305/p420__3[53]
    SLICE_X11Y44         FDRE                                         r  design_1_i/RFC8439_0/inst/RFC8439_v1_0_S00_AXI_inst/Rfc8439_core/u_poly1305/p42_reg[53]/D
  -------------------------------------------------------------------    -------------------

                         (clock clk_fpga_0 rise edge)
                                                     10.000    10.000 r  
    PS7_X0Y0             PS7                          0.000    10.000 r  design_1_i/processing_system7_0/inst/PS7_i/FCLKCLK[0]
                         net (fo=1, routed)           1.088    11.088    design_1_i/processing_system7_0/inst/FCLK_CLK_unbuffered[0]
    BUFGCTRL_X0Y16       BUFG (Prop_bufg_I_O)         0.091    11.179 r  design_1_i/processing_system7_0/inst/buffer_fclk_clk_0.FCLK_CLK_0_BUFG/O
                         net (fo=13923, routed)       1.581    12.760    design_1_i/RFC8439_0/inst/RFC8439_v1_0_S00_AXI_inst/Rfc8439_core/u_poly1305/s00_axi_aclk
    SLICE_X11Y44         FDRE                                         r  design_1_i/RFC8439_0/inst/RFC8439_v1_0_S00_AXI_inst/Rfc8439_core/u_poly1305/p42_reg[53]/C
                         clock pessimism              0.115    12.875    
                         clock uncertainty           -0.154    12.721    
    SLICE_X11Y44         FDRE (Setup_fdre_C_D)        0.062    12.783    design_1_i/RFC8439_0/inst/RFC8439_v1_0_S00_AXI_inst/Rfc8439_core/u_poly1305/p42_reg[53]
  -------------------------------------------------------------------
                         required time                         12.783    
                         arrival time                         -12.707    
  -------------------------------------------------------------------
                         slack                                  0.076    





Min Delay Paths
--------------------------------------------------------------------------------------
Slack (MET) :             0.014ns  (arrival time - required time)
  Source:                 design_1_i/axi_smc/inst/m02_nodes/m02_w_node/inst/inst_mi_handler/gen_normal_area.inst_fifo_node_payld/gen_xpm_memory_fifo.inst_fifo/gen_mem_rep[0].inst_xpm_memory/xpm_memory_base_inst/gen_rd_b.gen_rd_b_synth_template.gen_rf_narrow_reg.doutb_reg_reg[28]/C
                            (rising edge-triggered cell FDRE clocked by clk_fpga_0  {rise@0.000ns fall@5.000ns period=10.000ns})
  Destination:            design_1_i/axi_smc/inst/m02_exit_pipeline/m02_exit/inst/splitter_inst/gen_axi4lite.axilite_conv/m_axi_wdata_i_reg[8]/D
                            (rising edge-triggered cell FDRE clocked by clk_fpga_0  {rise@0.000ns fall@5.000ns period=10.000ns})
  Path Group:             clk_fpga_0
  Path Type:              Hold (Min at Fast Process Corner)
  Requirement:            0.000ns  (clk_fpga_0 rise@0.000ns - clk_fpga_0 rise@0.000ns)
  Data Path Delay:        0.304ns  (logic 0.148ns (48.723%)  route 0.156ns (51.277%))
  Logic Levels:           0  
  Clock Path Skew:        0.267ns (DCD - SCD - CPR)
    Destination Clock Delay (DCD):    1.186ns
    Source Clock Delay      (SCD):    0.884ns
    Clock Pessimism Removal (CPR):    0.035ns

    Location             Delay type                Incr(ns)  Path(ns)    Netlist Resource(s)
  -------------------------------------------------------------------    -------------------
                         (clock clk_fpga_0 rise edge)
                                                      0.000     0.000 r  
    PS7_X0Y0             PS7                          0.000     0.000 r  design_1_i/processing_system7_0/inst/PS7_i/FCLKCLK[0]
                         net (fo=1, routed)           0.310     0.310    design_1_i/processing_system7_0/inst/FCLK_CLK_unbuffered[0]
    BUFGCTRL_X0Y16       BUFG (Prop_bufg_I_O)         0.026     0.336 r  design_1_i/processing_system7_0/inst/buffer_fclk_clk_0.FCLK_CLK_0_BUFG/O
                         net (fo=13923, routed)       0.548     0.884    design_1_i/axi_smc/inst/m02_nodes/m02_w_node/inst/inst_mi_handler/gen_normal_area.inst_fifo_node_payld/gen_xpm_memory_fifo.inst_fifo/gen_mem_rep[0].inst_xpm_memory/xpm_memory_base_inst/clka
    SLICE_X50Y64         FDRE                                         r  design_1_i/axi_smc/inst/m02_nodes/m02_w_node/inst/inst_mi_handler/gen_normal_area.inst_fifo_node_payld/gen_xpm_memory_fifo.inst_fifo/gen_mem_rep[0].inst_xpm_memory/xpm_memory_base_inst/gen_rd_b.gen_rd_b_synth_template.gen_rf_narrow_reg.doutb_reg_reg[28]/C
  -------------------------------------------------------------------    -------------------
    SLICE_X50Y64         FDRE (Prop_fdre_C_Q)         0.148     1.032 r  design_1_i/axi_smc/inst/m02_nodes/m02_w_node/inst/inst_mi_handler/gen_normal_area.inst_fifo_node_payld/gen_xpm_memory_fifo.inst_fifo/gen_mem_rep[0].inst_xpm_memory/xpm_memory_base_inst/gen_rd_b.gen_rd_b_synth_template.gen_rf_narrow_reg.doutb_reg_reg[28]/Q
                         net (fo=1, routed)           0.156     1.187    design_1_i/axi_smc/inst/m02_exit_pipeline/m02_exit/inst/splitter_inst/gen_axi4lite.axilite_conv/s_axi_wdata[8]
    SLICE_X49Y62         FDRE                                         r  design_1_i/axi_smc/inst/m02_exit_pipeline/m02_exit/inst/splitter_inst/gen_axi4lite.axilite_conv/m_axi_wdata_i_reg[8]/D
  -------------------------------------------------------------------    -------------------

                         (clock clk_fpga_0 rise edge)
                                                      0.000     0.000 r  
    PS7_X0Y0             PS7                          0.000     0.000 r  design_1_i/processing_system7_0/inst/PS7_i/FCLKCLK[0]
                         net (fo=1, routed)           0.337     0.337    design_1_i/processing_system7_0/inst/FCLK_CLK_unbuffered[0]
    BUFGCTRL_X0Y16       BUFG (Prop_bufg_I_O)         0.029     0.366 r  design_1_i/processing_system7_0/inst/buffer_fclk_clk_0.FCLK_CLK_0_BUFG/O
                         net (fo=13923, routed)       0.820     1.186    design_1_i/axi_smc/inst/m02_exit_pipeline/m02_exit/inst/splitter_inst/gen_axi4lite.axilite_conv/aclk
    SLICE_X49Y62         FDRE                                         r  design_1_i/axi_smc/inst/m02_exit_pipeline/m02_exit/inst/splitter_inst/gen_axi4lite.axilite_conv/m_axi_wdata_i_reg[8]/C
                         clock pessimism             -0.035     1.151    
    SLICE_X49Y62         FDRE (Hold_fdre_C_D)         0.022     1.173    design_1_i/axi_smc/inst/m02_exit_pipeline/m02_exit/inst/splitter_inst/gen_axi4lite.axilite_conv/m_axi_wdata_i_reg[8]
  -------------------------------------------------------------------
                         required time                         -1.173    
                         arrival time                           1.187    
  -------------------------------------------------------------------
                         slack                                  0.014    

Slack (MET) :             0.026ns  (arrival time - required time)
  Source:                 design_1_i/axi_smc/inst/s00_entry_pipeline/s00_si_converter/inst/converter.wrap_narrow_inst/w_payld_fifo/mesg_reg_reg[93]/C
                            (rising edge-triggered cell FDRE clocked by clk_fpga_0  {rise@0.000ns fall@5.000ns period=10.000ns})
  Destination:            design_1_i/axi_smc/inst/s00_nodes/s00_w_node/inst/inst_mi_handler/gen_normal_area.inst_fifo_node_payld/gen_xpm_memory_fifo.inst_fifo/gen_mem_rep[0].inst_xpm_memory/xpm_memory_base_inst/gen_wr_a.gen_word_narrow.mem_reg_0_31_42_47/RAMA/I
                            (rising edge-triggered cell RAMD32 clocked by clk_fpga_0  {rise@0.000ns fall@5.000ns period=10.000ns})
  Path Group:             clk_fpga_0
  Path Type:              Hold (Min at Fast Process Corner)
  Requirement:            0.000ns  (clk_fpga_0 rise@0.000ns - clk_fpga_0 rise@0.000ns)
  Data Path Delay:        0.428ns  (logic 0.164ns (38.297%)  route 0.264ns (61.703%))
  Logic Levels:           0  
  Clock Path Skew:        0.255ns (DCD - SCD - CPR)
    Destination Clock Delay (DCD):    1.182ns
    Source Clock Delay      (SCD):    0.892ns
    Clock Pessimism Removal (CPR):    0.035ns

    Location             Delay type                Incr(ns)  Path(ns)    Netlist Resource(s)
  -------------------------------------------------------------------    -------------------
                         (clock clk_fpga_0 rise edge)
                                                      0.000     0.000 r  
    PS7_X0Y0             PS7                          0.000     0.000 r  design_1_i/processing_system7_0/inst/PS7_i/FCLKCLK[0]
                         net (fo=1, routed)           0.310     0.310    design_1_i/processing_system7_0/inst/FCLK_CLK_unbuffered[0]
    BUFGCTRL_X0Y16       BUFG (Prop_bufg_I_O)         0.026     0.336 r  design_1_i/processing_system7_0/inst/buffer_fclk_clk_0.FCLK_CLK_0_BUFG/O
                         net (fo=13923, routed)       0.556     0.892    design_1_i/axi_smc/inst/s00_entry_pipeline/s00_si_converter/inst/converter.wrap_narrow_inst/w_payld_fifo/aclk
    SLICE_X46Y95         FDRE                                         r  design_1_i/axi_smc/inst/s00_entry_pipeline/s00_si_converter/inst/converter.wrap_narrow_inst/w_payld_fifo/mesg_reg_reg[93]/C
  -------------------------------------------------------------------    -------------------
    SLICE_X46Y95         FDRE (Prop_fdre_C_Q)         0.164     1.056 r  design_1_i/axi_smc/inst/s00_entry_pipeline/s00_si_converter/inst/converter.wrap_narrow_inst/w_payld_fifo/mesg_reg_reg[93]/Q
                         net (fo=1, routed)           0.264     1.320    design_1_i/axi_smc/inst/s00_nodes/s00_w_node/inst/inst_mi_handler/gen_normal_area.inst_fifo_node_payld/gen_xpm_memory_fifo.inst_fifo/gen_mem_rep[0].inst_xpm_memory/xpm_memory_base_inst/gen_wr_a.gen_word_narrow.mem_reg_0_31_42_47/DIA0
    SLICE_X50Y87         RAMD32                                       r  design_1_i/axi_smc/inst/s00_nodes/s00_w_node/inst/inst_mi_handler/gen_normal_area.inst_fifo_node_payld/gen_xpm_memory_fifo.inst_fifo/gen_mem_rep[0].inst_xpm_memory/xpm_memory_base_inst/gen_wr_a.gen_word_narrow.mem_reg_0_31_42_47/RAMA/I
  -------------------------------------------------------------------    -------------------

                         (clock clk_fpga_0 rise edge)
                                                      0.000     0.000 r  
    PS7_X0Y0             PS7                          0.000     0.000 r  design_1_i/processing_system7_0/inst/PS7_i/FCLKCLK[0]
                         net (fo=1, routed)           0.337     0.337    design_1_i/processing_system7_0/inst/FCLK_CLK_unbuffered[0]
    BUFGCTRL_X0Y16       BUFG (Prop_bufg_I_O)         0.029     0.366 r  design_1_i/processing_system7_0/inst/buffer_fclk_clk_0.FCLK_CLK_0_BUFG/O
                         net (fo=13923, routed)       0.816     1.182    design_1_i/axi_smc/inst/s00_nodes/s00_w_node/inst/inst_mi_handler/gen_normal_area.inst_fifo_node_payld/gen_xpm_memory_fifo.inst_fifo/gen_mem_rep[0].inst_xpm_memory/xpm_memory_base_inst/gen_wr_a.gen_word_narrow.mem_reg_0_31_42_47/WCLK
    SLICE_X50Y87         RAMD32                                       r  design_1_i/axi_smc/inst/s00_nodes/s00_w_node/inst/inst_mi_handler/gen_normal_area.inst_fifo_node_payld/gen_xpm_memory_fifo.inst_fifo/gen_mem_rep[0].inst_xpm_memory/xpm_memory_base_inst/gen_wr_a.gen_word_narrow.mem_reg_0_31_42_47/RAMA/CLK
                         clock pessimism             -0.035     1.147    
    SLICE_X50Y87         RAMD32 (Hold_ramd32_CLK_I)
                                                      0.147     1.294    design_1_i/axi_smc/inst/s00_nodes/s00_w_node/inst/inst_mi_handler/gen_normal_area.inst_fifo_node_payld/gen_xpm_memory_fifo.inst_fifo/gen_mem_rep[0].inst_xpm_memory/xpm_memory_base_inst/gen_wr_a.gen_word_narrow.mem_reg_0_31_42_47/RAMA
  -------------------------------------------------------------------
                         required time                         -1.294    
                         arrival time                           1.320    
  -------------------------------------------------------------------
                         slack                                  0.026    

Slack (MET) :             0.029ns  (arrival time - required time)
  Source:                 design_1_i/RFC8439_0/inst/RFC8439_v1_0_S00_AXI_inst/Rfc8439_core/poly_key_reg_reg[241]/C
                            (rising edge-triggered cell FDCE clocked by clk_fpga_0  {rise@0.000ns fall@5.000ns period=10.000ns})
  Destination:            design_1_i/RFC8439_0/inst/RFC8439_v1_0_S00_AXI_inst/Rfc8439_core/u_poly1305/s_val_reg_reg[113]/D
                            (rising edge-triggered cell FDCE clocked by clk_fpga_0  {rise@0.000ns fall@5.000ns period=10.000ns})
  Path Group:             clk_fpga_0
  Path Type:              Hold (Min at Fast Process Corner)
  Requirement:            0.000ns  (clk_fpga_0 rise@0.000ns - clk_fpga_0 rise@0.000ns)
  Data Path Delay:        0.344ns  (logic 0.164ns (47.612%)  route 0.180ns (52.388%))
  Logic Levels:           0  
  Clock Path Skew:        0.263ns (DCD - SCD - CPR)
    Destination Clock Delay (DCD):    1.215ns
    Source Clock Delay      (SCD):    0.922ns
    Clock Pessimism Removal (CPR):    0.030ns

    Location             Delay type                Incr(ns)  Path(ns)    Netlist Resource(s)
  -------------------------------------------------------------------    -------------------
                         (clock clk_fpga_0 rise edge)
                                                      0.000     0.000 r  
    PS7_X0Y0             PS7                          0.000     0.000 r  design_1_i/processing_system7_0/inst/PS7_i/FCLKCLK[0]
                         net (fo=1, routed)           0.310     0.310    design_1_i/processing_system7_0/inst/FCLK_CLK_unbuffered[0]
    BUFGCTRL_X0Y16       BUFG (Prop_bufg_I_O)         0.026     0.336 r  design_1_i/processing_system7_0/inst/buffer_fclk_clk_0.FCLK_CLK_0_BUFG/O
                         net (fo=13923, routed)       0.586     0.922    design_1_i/RFC8439_0/inst/RFC8439_v1_0_S00_AXI_inst/Rfc8439_core/s00_axi_aclk
    SLICE_X62Y48         FDCE                                         r  design_1_i/RFC8439_0/inst/RFC8439_v1_0_S00_AXI_inst/Rfc8439_core/poly_key_reg_reg[241]/C
  -------------------------------------------------------------------    -------------------
    SLICE_X62Y48         FDCE (Prop_fdce_C_Q)         0.164     1.086 r  design_1_i/RFC8439_0/inst/RFC8439_v1_0_S00_AXI_inst/Rfc8439_core/poly_key_reg_reg[241]/Q
                         net (fo=1, routed)           0.180     1.266    design_1_i/RFC8439_0/inst/RFC8439_v1_0_S00_AXI_inst/Rfc8439_core/u_poly1305/s_val_reg_reg[127]_0[219]
    SLICE_X62Y50         FDCE                                         r  design_1_i/RFC8439_0/inst/RFC8439_v1_0_S00_AXI_inst/Rfc8439_core/u_poly1305/s_val_reg_reg[113]/D
  -------------------------------------------------------------------    -------------------

                         (clock clk_fpga_0 rise edge)
                                                      0.000     0.000 r  
    PS7_X0Y0             PS7                          0.000     0.000 r  design_1_i/processing_system7_0/inst/PS7_i/FCLKCLK[0]
                         net (fo=1, routed)           0.337     0.337    design_1_i/processing_system7_0/inst/FCLK_CLK_unbuffered[0]
    BUFGCTRL_X0Y16       BUFG (Prop_bufg_I_O)         0.029     0.366 r  design_1_i/processing_system7_0/inst/buffer_fclk_clk_0.FCLK_CLK_0_BUFG/O
                         net (fo=13923, routed)       0.849     1.215    design_1_i/RFC8439_0/inst/RFC8439_v1_0_S00_AXI_inst/Rfc8439_core/u_poly1305/s00_axi_aclk
    SLICE_X62Y50         FDCE                                         r  design_1_i/RFC8439_0/inst/RFC8439_v1_0_S00_AXI_inst/Rfc8439_core/u_poly1305/s_val_reg_reg[113]/C
                         clock pessimism             -0.030     1.185    
    SLICE_X62Y50         FDCE (Hold_fdce_C_D)         0.052     1.237    design_1_i/RFC8439_0/inst/RFC8439_v1_0_S00_AXI_inst/Rfc8439_core/u_poly1305/s_val_reg_reg[113]
  -------------------------------------------------------------------
                         required time                         -1.237    
                         arrival time                           1.266    
  -------------------------------------------------------------------
                         slack                                  0.029    

Slack (MET) :             0.032ns  (arrival time - required time)
  Source:                 design_1_i/axi_smc/inst/s00_entry_pipeline/s00_si_converter/inst/converter.wrap_narrow_inst/w_accum_reg[data][7]/C
                            (rising edge-triggered cell FDRE clocked by clk_fpga_0  {rise@0.000ns fall@5.000ns period=10.000ns})
  Destination:            design_1_i/axi_smc/inst/s00_entry_pipeline/s00_si_converter/inst/converter.wrap_narrow_inst/w_payld_fifo/gen_srls[79].srl_nx1/shift_reg_reg[0]_srl32/D
                            (rising edge-triggered cell SRLC32E clocked by clk_fpga_0  {rise@0.000ns fall@5.000ns period=10.000ns})
  Path Group:             clk_fpga_0
  Path Type:              Hold (Min at Fast Process Corner)
  Requirement:            0.000ns  (clk_fpga_0 rise@0.000ns - clk_fpga_0 rise@0.000ns)
  Data Path Delay:        0.348ns  (logic 0.128ns (36.815%)  route 0.220ns (63.185%))
  Logic Levels:           0  
  Clock Path Skew:        0.259ns (DCD - SCD - CPR)
    Destination Clock Delay (DCD):    1.185ns
    Source Clock Delay      (SCD):    0.891ns
    Clock Pessimism Removal (CPR):    0.035ns

    Location             Delay type                Incr(ns)  Path(ns)    Netlist Resource(s)
  -------------------------------------------------------------------    -------------------
                         (clock clk_fpga_0 rise edge)
                                                      0.000     0.000 r  
    PS7_X0Y0             PS7                          0.000     0.000 r  design_1_i/processing_system7_0/inst/PS7_i/FCLKCLK[0]
                         net (fo=1, routed)           0.310     0.310    design_1_i/processing_system7_0/inst/FCLK_CLK_unbuffered[0]
    BUFGCTRL_X0Y16       BUFG (Prop_bufg_I_O)         0.026     0.336 r  design_1_i/processing_system7_0/inst/buffer_fclk_clk_0.FCLK_CLK_0_BUFG/O
                         net (fo=13923, routed)       0.555     0.891    design_1_i/axi_smc/inst/s00_entry_pipeline/s00_si_converter/inst/converter.wrap_narrow_inst/aclk
    SLICE_X47Y91         FDRE                                         r  design_1_i/axi_smc/inst/s00_entry_pipeline/s00_si_converter/inst/converter.wrap_narrow_inst/w_accum_reg[data][7]/C
  -------------------------------------------------------------------    -------------------
    SLICE_X47Y91         FDRE (Prop_fdre_C_Q)         0.128     1.019 r  design_1_i/axi_smc/inst/s00_entry_pipeline/s00_si_converter/inst/converter.wrap_narrow_inst/w_accum_reg[data][7]/Q
                         net (fo=1, routed)           0.220     1.238    design_1_i/axi_smc/inst/s00_entry_pipeline/s00_si_converter/inst/converter.wrap_narrow_inst/w_payld_fifo/gen_srls[79].srl_nx1/w_accum_mesg[0]
    SLICE_X50Y90         SRLC32E                                      r  design_1_i/axi_smc/inst/s00_entry_pipeline/s00_si_converter/inst/converter.wrap_narrow_inst/w_payld_fifo/gen_srls[79].srl_nx1/shift_reg_reg[0]_srl32/D
  -------------------------------------------------------------------    -------------------

                         (clock clk_fpga_0 rise edge)
                                                      0.000     0.000 r  
    PS7_X0Y0             PS7                          0.000     0.000 r  design_1_i/processing_system7_0/inst/PS7_i/FCLKCLK[0]
                         net (fo=1, routed)           0.337     0.337    design_1_i/processing_system7_0/inst/FCLK_CLK_unbuffered[0]
    BUFGCTRL_X0Y16       BUFG (Prop_bufg_I_O)         0.029     0.366 r  design_1_i/processing_system7_0/inst/buffer_fclk_clk_0.FCLK_CLK_0_BUFG/O
                         net (fo=13923, routed)       0.819     1.185    design_1_i/axi_smc/inst/s00_entry_pipeline/s00_si_converter/inst/converter.wrap_narrow_inst/w_payld_fifo/gen_srls[79].srl_nx1/aclk
    SLICE_X50Y90         SRLC32E                                      r  design_1_i/axi_smc/inst/s00_entry_pipeline/s00_si_converter/inst/converter.wrap_narrow_inst/w_payld_fifo/gen_srls[79].srl_nx1/shift_reg_reg[0]_srl32/CLK
                         clock pessimism             -0.035     1.150    
    SLICE_X50Y90         SRLC32E (Hold_srlc32e_CLK_D)
                                                      0.056     1.206    design_1_i/axi_smc/inst/s00_entry_pipeline/s00_si_converter/inst/converter.wrap_narrow_inst/w_payld_fifo/gen_srls[79].srl_nx1/shift_reg_reg[0]_srl32
  -------------------------------------------------------------------
                         required time                         -1.206    
                         arrival time                           1.238    
  -------------------------------------------------------------------
                         slack                                  0.032    

Slack (MET) :             0.033ns  (arrival time - required time)
  Source:                 design_1_i/axi_smc/inst/m02_nodes/m02_w_node/inst/inst_mi_handler/gen_normal_area.inst_fifo_node_payld/gen_xpm_memory_fifo.inst_fifo/gen_mem_rep[0].inst_xpm_memory/xpm_memory_base_inst/gen_rd_b.gen_rd_b_synth_template.gen_rf_narrow_reg.doutb_reg_reg[29]/C
                            (rising edge-triggered cell FDRE clocked by clk_fpga_0  {rise@0.000ns fall@5.000ns period=10.000ns})
  Destination:            design_1_i/axi_smc/inst/m02_exit_pipeline/m02_exit/inst/splitter_inst/gen_axi4lite.axilite_conv/m_axi_wdata_i_reg[9]/D
                            (rising edge-triggered cell FDRE clocked by clk_fpga_0  {rise@0.000ns fall@5.000ns period=10.000ns})
  Path Group:             clk_fpga_0
  Path Type:              Hold (Min at Fast Process Corner)
  Requirement:            0.000ns  (clk_fpga_0 rise@0.000ns - clk_fpga_0 rise@0.000ns)
  Data Path Delay:        0.371ns  (logic 0.164ns (44.212%)  route 0.207ns (55.788%))
  Logic Levels:           0  
  Clock Path Skew:        0.267ns (DCD - SCD - CPR)
    Destination Clock Delay (DCD):    1.186ns
    Source Clock Delay      (SCD):    0.884ns
    Clock Pessimism Removal (CPR):    0.035ns

    Location             Delay type                Incr(ns)  Path(ns)    Netlist Resource(s)
  -------------------------------------------------------------------    -------------------
                         (clock clk_fpga_0 rise edge)
                                                      0.000     0.000 r  
    PS7_X0Y0             PS7                          0.000     0.000 r  design_1_i/processing_system7_0/inst/PS7_i/FCLKCLK[0]
                         net (fo=1, routed)           0.310     0.310    design_1_i/processing_system7_0/inst/FCLK_CLK_unbuffered[0]
    BUFGCTRL_X0Y16       BUFG (Prop_bufg_I_O)         0.026     0.336 r  design_1_i/processing_system7_0/inst/buffer_fclk_clk_0.FCLK_CLK_0_BUFG/O
                         net (fo=13923, routed)       0.548     0.884    design_1_i/axi_smc/inst/m02_nodes/m02_w_node/inst/inst_mi_handler/gen_normal_area.inst_fifo_node_payld/gen_xpm_memory_fifo.inst_fifo/gen_mem_rep[0].inst_xpm_memory/xpm_memory_base_inst/clka
    SLICE_X50Y64         FDRE                                         r  design_1_i/axi_smc/inst/m02_nodes/m02_w_node/inst/inst_mi_handler/gen_normal_area.inst_fifo_node_payld/gen_xpm_memory_fifo.inst_fifo/gen_mem_rep[0].inst_xpm_memory/xpm_memory_base_inst/gen_rd_b.gen_rd_b_synth_template.gen_rf_narrow_reg.doutb_reg_reg[29]/C
  -------------------------------------------------------------------    -------------------
    SLICE_X50Y64         FDRE (Prop_fdre_C_Q)         0.164     1.048 r  design_1_i/axi_smc/inst/m02_nodes/m02_w_node/inst/inst_mi_handler/gen_normal_area.inst_fifo_node_payld/gen_xpm_memory_fifo.inst_fifo/gen_mem_rep[0].inst_xpm_memory/xpm_memory_base_inst/gen_rd_b.gen_rd_b_synth_template.gen_rf_narrow_reg.doutb_reg_reg[29]/Q
                         net (fo=1, routed)           0.207     1.255    design_1_i/axi_smc/inst/m02_exit_pipeline/m02_exit/inst/splitter_inst/gen_axi4lite.axilite_conv/s_axi_wdata[9]
    SLICE_X49Y62         FDRE                                         r  design_1_i/axi_smc/inst/m02_exit_pipeline/m02_exit/inst/splitter_inst/gen_axi4lite.axilite_conv/m_axi_wdata_i_reg[9]/D
  -------------------------------------------------------------------    -------------------

                         (clock clk_fpga_0 rise edge)
                                                      0.000     0.000 r  
    PS7_X0Y0             PS7                          0.000     0.000 r  design_1_i/processing_system7_0/inst/PS7_i/FCLKCLK[0]
                         net (fo=1, routed)           0.337     0.337    design_1_i/processing_system7_0/inst/FCLK_CLK_unbuffered[0]
    BUFGCTRL_X0Y16       BUFG (Prop_bufg_I_O)         0.029     0.366 r  design_1_i/processing_system7_0/inst/buffer_fclk_clk_0.FCLK_CLK_0_BUFG/O
                         net (fo=13923, routed)       0.820     1.186    design_1_i/axi_smc/inst/m02_exit_pipeline/m02_exit/inst/splitter_inst/gen_axi4lite.axilite_conv/aclk
    SLICE_X49Y62         FDRE                                         r  design_1_i/axi_smc/inst/m02_exit_pipeline/m02_exit/inst/splitter_inst/gen_axi4lite.axilite_conv/m_axi_wdata_i_reg[9]/C
                         clock pessimism             -0.035     1.151    
    SLICE_X49Y62         FDRE (Hold_fdre_C_D)         0.071     1.222    design_1_i/axi_smc/inst/m02_exit_pipeline/m02_exit/inst/splitter_inst/gen_axi4lite.axilite_conv/m_axi_wdata_i_reg[9]
  -------------------------------------------------------------------
                         required time                         -1.222    
                         arrival time                           1.255    
  -------------------------------------------------------------------
                         slack                                  0.033    

Slack (MET) :             0.037ns  (arrival time - required time)
  Source:                 design_1_i/axi_smc/inst/s00_entry_pipeline/s00_si_converter/inst/converter.wrap_narrow_inst/aw_reg_slice/m_vector_i_reg[1069]/C
                            (rising edge-triggered cell FDRE clocked by clk_fpga_0  {rise@0.000ns fall@5.000ns period=10.000ns})
  Destination:            design_1_i/axi_smc/inst/s00_nodes/s00_aw_node/inst/inst_mi_handler/gen_normal_area.inst_fifo_node_payld/gen_xpm_memory_fifo.inst_fifo/gen_mem_rep[0].inst_xpm_memory/xpm_memory_base_inst/gen_wr_a.gen_word_narrow.mem_reg_0_31_108_113/RAMA/I
                            (rising edge-triggered cell RAMD32 clocked by clk_fpga_0  {rise@0.000ns fall@5.000ns period=10.000ns})
  Path Group:             clk_fpga_0
  Path Type:              Hold (Min at Fast Process Corner)
  Requirement:            0.000ns  (clk_fpga_0 rise@0.000ns - clk_fpga_0 rise@0.000ns)
  Data Path Delay:        0.197ns  (logic 0.141ns (71.611%)  route 0.056ns (28.389%))
  Logic Levels:           0  
  Clock Path Skew:        0.013ns (DCD - SCD - CPR)
    Destination Clock Delay (DCD):    1.211ns
    Source Clock Delay      (SCD):    0.912ns
    Clock Pessimism Removal (CPR):    0.286ns

    Location             Delay type                Incr(ns)  Path(ns)    Netlist Resource(s)
  -------------------------------------------------------------------    -------------------
                         (clock clk_fpga_0 rise edge)
                                                      0.000     0.000 r  
    PS7_X0Y0             PS7                          0.000     0.000 r  design_1_i/processing_system7_0/inst/PS7_i/FCLKCLK[0]
                         net (fo=1, routed)           0.310     0.310    design_1_i/processing_system7_0/inst/FCLK_CLK_unbuffered[0]
    BUFGCTRL_X0Y16       BUFG (Prop_bufg_I_O)         0.026     0.336 r  design_1_i/processing_system7_0/inst/buffer_fclk_clk_0.FCLK_CLK_0_BUFG/O
                         net (fo=13923, routed)       0.576     0.912    design_1_i/axi_smc/inst/s00_entry_pipeline/s00_si_converter/inst/converter.wrap_narrow_inst/aw_reg_slice/aclk
    SLICE_X55Y94         FDRE                                         r  design_1_i/axi_smc/inst/s00_entry_pipeline/s00_si_converter/inst/converter.wrap_narrow_inst/aw_reg_slice/m_vector_i_reg[1069]/C
  -------------------------------------------------------------------    -------------------
    SLICE_X55Y94         FDRE (Prop_fdre_C_Q)         0.141     1.053 r  design_1_i/axi_smc/inst/s00_entry_pipeline/s00_si_converter/inst/converter.wrap_narrow_inst/aw_reg_slice/m_vector_i_reg[1069]/Q
                         net (fo=1, routed)           0.056     1.108    design_1_i/axi_smc/inst/s00_nodes/s00_aw_node/inst/inst_mi_handler/gen_normal_area.inst_fifo_node_payld/gen_xpm_memory_fifo.inst_fifo/gen_mem_rep[0].inst_xpm_memory/xpm_memory_base_inst/gen_wr_a.gen_word_narrow.mem_reg_0_31_108_113/DIA0
    SLICE_X54Y94         RAMD32                                       r  design_1_i/axi_smc/inst/s00_nodes/s00_aw_node/inst/inst_mi_handler/gen_normal_area.inst_fifo_node_payld/gen_xpm_memory_fifo.inst_fifo/gen_mem_rep[0].inst_xpm_memory/xpm_memory_base_inst/gen_wr_a.gen_word_narrow.mem_reg_0_31_108_113/RAMA/I
  -------------------------------------------------------------------    -------------------

                         (clock clk_fpga_0 rise edge)
                                                      0.000     0.000 r  
    PS7_X0Y0             PS7                          0.000     0.000 r  design_1_i/processing_system7_0/inst/PS7_i/FCLKCLK[0]
                         net (fo=1, routed)           0.337     0.337    design_1_i/processing_system7_0/inst/FCLK_CLK_unbuffered[0]
    BUFGCTRL_X0Y16       BUFG (Prop_bufg_I_O)         0.029     0.366 r  design_1_i/processing_system7_0/inst/buffer_fclk_clk_0.FCLK_CLK_0_BUFG/O
                         net (fo=13923, routed)       0.845     1.211    design_1_i/axi_smc/inst/s00_nodes/s00_aw_node/inst/inst_mi_handler/gen_normal_area.inst_fifo_node_payld/gen_xpm_memory_fifo.inst_fifo/gen_mem_rep[0].inst_xpm_memory/xpm_memory_base_inst/gen_wr_a.gen_word_narrow.mem_reg_0_31_108_113/WCLK
    SLICE_X54Y94         RAMD32                                       r  design_1_i/axi_smc/inst/s00_nodes/s00_aw_node/inst/inst_mi_handler/gen_normal_area.inst_fifo_node_payld/gen_xpm_memory_fifo.inst_fifo/gen_mem_rep[0].inst_xpm_memory/xpm_memory_base_inst/gen_wr_a.gen_word_narrow.mem_reg_0_31_108_113/RAMA/CLK
                         clock pessimism             -0.286     0.925    
    SLICE_X54Y94         RAMD32 (Hold_ramd32_CLK_I)
                                                      0.147     1.072    design_1_i/axi_smc/inst/s00_nodes/s00_aw_node/inst/inst_mi_handler/gen_normal_area.inst_fifo_node_payld/gen_xpm_memory_fifo.inst_fifo/gen_mem_rep[0].inst_xpm_memory/xpm_memory_base_inst/gen_wr_a.gen_word_narrow.mem_reg_0_31_108_113/RAMA
  -------------------------------------------------------------------
                         required time                         -1.072    
                         arrival time                           1.108    
  -------------------------------------------------------------------
                         slack                                  0.037    

Slack (MET) :             0.038ns  (arrival time - required time)
  Source:                 design_1_i/axi_smc/inst/m02_exit_pipeline/m02_exit/inst/w_reg/m_vector_i_reg[1029]/C
                            (rising edge-triggered cell FDRE clocked by clk_fpga_0  {rise@0.000ns fall@5.000ns period=10.000ns})
  Destination:            design_1_i/RFC8439_0/inst/RFC8439_v1_0_S00_AXI_inst/slv_reg7_reg[4]/D
                            (rising edge-triggered cell FDRE clocked by clk_fpga_0  {rise@0.000ns fall@5.000ns period=10.000ns})
  Path Group:             clk_fpga_0
  Path Type:              Hold (Min at Fast Process Corner)
  Requirement:            0.000ns  (clk_fpga_0 rise@0.000ns - clk_fpga_0 rise@0.000ns)
  Data Path Delay:        0.374ns  (logic 0.141ns (37.734%)  route 0.233ns (62.266%))
  Logic Levels:           0  
  Clock Path Skew:        0.269ns (DCD - SCD - CPR)
    Destination Clock Delay (DCD):    1.190ns
    Source Clock Delay      (SCD):    0.886ns
    Clock Pessimism Removal (CPR):    0.035ns

    Location             Delay type                Incr(ns)  Path(ns)    Netlist Resource(s)
  -------------------------------------------------------------------    -------------------
                         (clock clk_fpga_0 rise edge)
                                                      0.000     0.000 r  
    PS7_X0Y0             PS7                          0.000     0.000 r  design_1_i/processing_system7_0/inst/PS7_i/FCLKCLK[0]
                         net (fo=1, routed)           0.310     0.310    design_1_i/processing_system7_0/inst/FCLK_CLK_unbuffered[0]
    BUFGCTRL_X0Y16       BUFG (Prop_bufg_I_O)         0.026     0.336 r  design_1_i/processing_system7_0/inst/buffer_fclk_clk_0.FCLK_CLK_0_BUFG/O
                         net (fo=13923, routed)       0.550     0.886    design_1_i/axi_smc/inst/m02_exit_pipeline/m02_exit/inst/w_reg/aclk
    SLICE_X51Y60         FDRE                                         r  design_1_i/axi_smc/inst/m02_exit_pipeline/m02_exit/inst/w_reg/m_vector_i_reg[1029]/C
  -------------------------------------------------------------------    -------------------
    SLICE_X51Y60         FDRE (Prop_fdre_C_Q)         0.141     1.027 r  design_1_i/axi_smc/inst/m02_exit_pipeline/m02_exit/inst/w_reg/m_vector_i_reg[1029]/Q
                         net (fo=15, routed)          0.233     1.259    design_1_i/RFC8439_0/inst/RFC8439_v1_0_S00_AXI_inst/s00_axi_wdata[4]
    SLICE_X49Y56         FDRE                                         r  design_1_i/RFC8439_0/inst/RFC8439_v1_0_S00_AXI_inst/slv_reg7_reg[4]/D
  -------------------------------------------------------------------    -------------------

                         (clock clk_fpga_0 rise edge)
                                                      0.000     0.000 r  
    PS7_X0Y0             PS7                          0.000     0.000 r  design_1_i/processing_system7_0/inst/PS7_i/FCLKCLK[0]
                         net (fo=1, routed)           0.337     0.337    design_1_i/processing_system7_0/inst/FCLK_CLK_unbuffered[0]
    BUFGCTRL_X0Y16       BUFG (Prop_bufg_I_O)         0.029     0.366 r  design_1_i/processing_system7_0/inst/buffer_fclk_clk_0.FCLK_CLK_0_BUFG/O
                         net (fo=13923, routed)       0.824     1.190    design_1_i/RFC8439_0/inst/RFC8439_v1_0_S00_AXI_inst/s00_axi_aclk
    SLICE_X49Y56         FDRE                                         r  design_1_i/RFC8439_0/inst/RFC8439_v1_0_S00_AXI_inst/slv_reg7_reg[4]/C
                         clock pessimism             -0.035     1.155    
    SLICE_X49Y56         FDRE (Hold_fdre_C_D)         0.066     1.221    design_1_i/RFC8439_0/inst/RFC8439_v1_0_S00_AXI_inst/slv_reg7_reg[4]
  -------------------------------------------------------------------
                         required time                         -1.221    
                         arrival time                           1.259    
  -------------------------------------------------------------------
                         slack                                  0.038    

Slack (MET) :             0.039ns  (arrival time - required time)
  Source:                 design_1_i/axi_smc/inst/switchboards/r_switchboard/inst/gen_mi[0].inst_opipe_payld/gen_pipe[1].pipe_reg[1][27]/C
                            (rising edge-triggered cell FDRE clocked by clk_fpga_0  {rise@0.000ns fall@5.000ns period=10.000ns})
  Destination:            design_1_i/axi_smc/inst/s00_nodes/s00_r_node/inst/inst_mi_handler/gen_normal_area.inst_fifo_node_payld/gen_xpm_memory_fifo.inst_fifo/gen_mem_rep[0].inst_xpm_memory/xpm_memory_base_inst/gen_wr_a.gen_word_narrow.mem_reg_0_31_24_29/RAMB_D1/I
                            (rising edge-triggered cell RAMD32 clocked by clk_fpga_0  {rise@0.000ns fall@5.000ns period=10.000ns})
  Path Group:             clk_fpga_0
  Path Type:              Hold (Min at Fast Process Corner)
  Requirement:            0.000ns  (clk_fpga_0 rise@0.000ns - clk_fpga_0 rise@0.000ns)
  Data Path Delay:        0.426ns  (logic 0.141ns (33.067%)  route 0.285ns (66.933%))
  Logic Levels:           0  
  Clock Path Skew:        0.263ns (DCD - SCD - CPR)
    Destination Clock Delay (DCD):    1.181ns
    Source Clock Delay      (SCD):    0.883ns
    Clock Pessimism Removal (CPR):    0.035ns

    Location             Delay type                Incr(ns)  Path(ns)    Netlist Resource(s)
  -------------------------------------------------------------------    -------------------
                         (clock clk_fpga_0 rise edge)
                                                      0.000     0.000 r  
    PS7_X0Y0             PS7                          0.000     0.000 r  design_1_i/processing_system7_0/inst/PS7_i/FCLKCLK[0]
                         net (fo=1, routed)           0.310     0.310    design_1_i/processing_system7_0/inst/FCLK_CLK_unbuffered[0]
    BUFGCTRL_X0Y16       BUFG (Prop_bufg_I_O)         0.026     0.336 r  design_1_i/processing_system7_0/inst/buffer_fclk_clk_0.FCLK_CLK_0_BUFG/O
                         net (fo=13923, routed)       0.547     0.883    design_1_i/axi_smc/inst/switchboards/r_switchboard/inst/gen_mi[0].inst_opipe_payld/aclk
    SLICE_X51Y66         FDRE                                         r  design_1_i/axi_smc/inst/switchboards/r_switchboard/inst/gen_mi[0].inst_opipe_payld/gen_pipe[1].pipe_reg[1][27]/C
  -------------------------------------------------------------------    -------------------
    SLICE_X51Y66         FDRE (Prop_fdre_C_Q)         0.141     1.024 r  design_1_i/axi_smc/inst/switchboards/r_switchboard/inst/gen_mi[0].inst_opipe_payld/gen_pipe[1].pipe_reg[1][27]/Q
                         net (fo=1, routed)           0.285     1.309    design_1_i/axi_smc/inst/s00_nodes/s00_r_node/inst/inst_mi_handler/gen_normal_area.inst_fifo_node_payld/gen_xpm_memory_fifo.inst_fifo/gen_mem_rep[0].inst_xpm_memory/xpm_memory_base_inst/gen_wr_a.gen_word_narrow.mem_reg_0_31_24_29/DIB1
    SLICE_X38Y68         RAMD32                                       r  design_1_i/axi_smc/inst/s00_nodes/s00_r_node/inst/inst_mi_handler/gen_normal_area.inst_fifo_node_payld/gen_xpm_memory_fifo.inst_fifo/gen_mem_rep[0].inst_xpm_memory/xpm_memory_base_inst/gen_wr_a.gen_word_narrow.mem_reg_0_31_24_29/RAMB_D1/I
  -------------------------------------------------------------------    -------------------

                         (clock clk_fpga_0 rise edge)
                                                      0.000     0.000 r  
    PS7_X0Y0             PS7                          0.000     0.000 r  design_1_i/processing_system7_0/inst/PS7_i/FCLKCLK[0]
                         net (fo=1, routed)           0.337     0.337    design_1_i/processing_system7_0/inst/FCLK_CLK_unbuffered[0]
    BUFGCTRL_X0Y16       BUFG (Prop_bufg_I_O)         0.029     0.366 r  design_1_i/processing_system7_0/inst/buffer_fclk_clk_0.FCLK_CLK_0_BUFG/O
                         net (fo=13923, routed)       0.815     1.181    design_1_i/axi_smc/inst/s00_nodes/s00_r_node/inst/inst_mi_handler/gen_normal_area.inst_fifo_node_payld/gen_xpm_memory_fifo.inst_fifo/gen_mem_rep[0].inst_xpm_memory/xpm_memory_base_inst/gen_wr_a.gen_word_narrow.mem_reg_0_31_24_29/WCLK
    SLICE_X38Y68         RAMD32                                       r  design_1_i/axi_smc/inst/s00_nodes/s00_r_node/inst/inst_mi_handler/gen_normal_area.inst_fifo_node_payld/gen_xpm_memory_fifo.inst_fifo/gen_mem_rep[0].inst_xpm_memory/xpm_memory_base_inst/gen_wr_a.gen_word_narrow.mem_reg_0_31_24_29/RAMB_D1/CLK
                         clock pessimism             -0.035     1.146    
    SLICE_X38Y68         RAMD32 (Hold_ramd32_CLK_I)
                                                      0.124     1.270    design_1_i/axi_smc/inst/s00_nodes/s00_r_node/inst/inst_mi_handler/gen_normal_area.inst_fifo_node_payld/gen_xpm_memory_fifo.inst_fifo/gen_mem_rep[0].inst_xpm_memory/xpm_memory_base_inst/gen_wr_a.gen_word_narrow.mem_reg_0_31_24_29/RAMB_D1
  -------------------------------------------------------------------
                         required time                         -1.270    
                         arrival time                           1.309    
  -------------------------------------------------------------------
                         slack                                  0.039    

Slack (MET) :             0.040ns  (arrival time - required time)
  Source:                 design_1_i/axi_smc/inst/s00_entry_pipeline/s00_transaction_regulator/inst/gen_endpoint.gen_w_multithread.w_multithread/gen_pipe.sr_acmd_reg[1067]/C
                            (rising edge-triggered cell FDRE clocked by clk_fpga_0  {rise@0.000ns fall@5.000ns period=10.000ns})
  Destination:            design_1_i/axi_smc/inst/s00_entry_pipeline/s00_transaction_regulator/inst/gen_endpoint.gen_w_multithread.w_multithread/cmd_reg/skid_buffer_reg[1067]/D
                            (rising edge-triggered cell FDRE clocked by clk_fpga_0  {rise@0.000ns fall@5.000ns period=10.000ns})
  Path Group:             clk_fpga_0
  Path Type:              Hold (Min at Fast Process Corner)
  Requirement:            0.000ns  (clk_fpga_0 rise@0.000ns - clk_fpga_0 rise@0.000ns)
  Data Path Delay:        0.369ns  (logic 0.141ns (38.198%)  route 0.228ns (61.802%))
  Logic Levels:           0  
  Clock Path Skew:        0.259ns (DCD - SCD - CPR)
    Destination Clock Delay (DCD):    1.273ns
    Source Clock Delay      (SCD):    0.975ns
    Clock Pessimism Removal (CPR):    0.039ns

    Location             Delay type                Incr(ns)  Path(ns)    Netlist Resource(s)
  -------------------------------------------------------------------    -------------------
                         (clock clk_fpga_0 rise edge)
                                                      0.000     0.000 r  
    PS7_X0Y0             PS7                          0.000     0.000 r  design_1_i/processing_system7_0/inst/PS7_i/FCLKCLK[0]
                         net (fo=1, routed)           0.310     0.310    design_1_i/processing_system7_0/inst/FCLK_CLK_unbuffered[0]
    BUFGCTRL_X0Y16       BUFG (Prop_bufg_I_O)         0.026     0.336 r  design_1_i/processing_system7_0/inst/buffer_fclk_clk_0.FCLK_CLK_0_BUFG/O
                         net (fo=13923, routed)       0.639     0.975    design_1_i/axi_smc/inst/s00_entry_pipeline/s00_transaction_regulator/inst/gen_endpoint.gen_w_multithread.w_multithread/aclk
    SLICE_X47Y100        FDRE                                         r  design_1_i/axi_smc/inst/s00_entry_pipeline/s00_transaction_regulator/inst/gen_endpoint.gen_w_multithread.w_multithread/gen_pipe.sr_acmd_reg[1067]/C
  -------------------------------------------------------------------    -------------------
    SLICE_X47Y100        FDRE (Prop_fdre_C_Q)         0.141     1.116 r  design_1_i/axi_smc/inst/s00_entry_pipeline/s00_transaction_regulator/inst/gen_endpoint.gen_w_multithread.w_multithread/gen_pipe.sr_acmd_reg[1067]/Q
                         net (fo=2, routed)           0.228     1.344    design_1_i/axi_smc/inst/s00_entry_pipeline/s00_transaction_regulator/inst/gen_endpoint.gen_w_multithread.w_multithread/cmd_reg/skid_buffer_reg[1144]_0[38]
    SLICE_X51Y100        FDRE                                         r  design_1_i/axi_smc/inst/s00_entry_pipeline/s00_transaction_regulator/inst/gen_endpoint.gen_w_multithread.w_multithread/cmd_reg/skid_buffer_reg[1067]/D
  -------------------------------------------------------------------    -------------------

                         (clock clk_fpga_0 rise edge)
                                                      0.000     0.000 r  
    PS7_X0Y0             PS7                          0.000     0.000 r  design_1_i/processing_system7_0/inst/PS7_i/FCLKCLK[0]
                         net (fo=1, routed)           0.337     0.337    design_1_i/processing_system7_0/inst/FCLK_CLK_unbuffered[0]
    BUFGCTRL_X0Y16       BUFG (Prop_bufg_I_O)         0.029     0.366 r  design_1_i/processing_system7_0/inst/buffer_fclk_clk_0.FCLK_CLK_0_BUFG/O
                         net (fo=13923, routed)       0.907     1.273    design_1_i/axi_smc/inst/s00_entry_pipeline/s00_transaction_regulator/inst/gen_endpoint.gen_w_multithread.w_multithread/cmd_reg/aclk
    SLICE_X51Y100        FDRE                                         r  design_1_i/axi_smc/inst/s00_entry_pipeline/s00_transaction_regulator/inst/gen_endpoint.gen_w_multithread.w_multithread/cmd_reg/skid_buffer_reg[1067]/C
                         clock pessimism             -0.039     1.234    
    SLICE_X51Y100        FDRE (Hold_fdre_C_D)         0.070     1.304    design_1_i/axi_smc/inst/s00_entry_pipeline/s00_transaction_regulator/inst/gen_endpoint.gen_w_multithread.w_multithread/cmd_reg/skid_buffer_reg[1067]
  -------------------------------------------------------------------
                         required time                         -1.304    
                         arrival time                           1.344    
  -------------------------------------------------------------------
                         slack                                  0.040    

Slack (MET) :             0.041ns  (arrival time - required time)
  Source:                 design_1_i/axi_smc/inst/s00_entry_pipeline/s00_si_converter/inst/converter.wrap_narrow_inst/w_payld_fifo/mesg_reg_reg[85]/C
                            (rising edge-triggered cell FDRE clocked by clk_fpga_0  {rise@0.000ns fall@5.000ns period=10.000ns})
  Destination:            design_1_i/axi_smc/inst/s00_nodes/s00_w_node/inst/inst_mi_handler/gen_normal_area.inst_fifo_node_payld/gen_xpm_memory_fifo.inst_fifo/gen_mem_rep[0].inst_xpm_memory/xpm_memory_base_inst/gen_wr_a.gen_word_narrow.mem_reg_0_31_30_35/RAMB_D1/I
                            (rising edge-triggered cell RAMD32 clocked by clk_fpga_0  {rise@0.000ns fall@5.000ns period=10.000ns})
  Path Group:             clk_fpga_0
  Path Type:              Hold (Min at Fast Process Corner)
  Requirement:            0.000ns  (clk_fpga_0 rise@0.000ns - clk_fpga_0 rise@0.000ns)
  Data Path Delay:        0.420ns  (logic 0.164ns (39.092%)  route 0.256ns (60.908%))
  Logic Levels:           0  
  Clock Path Skew:        0.254ns (DCD - SCD - CPR)
    Destination Clock Delay (DCD):    1.181ns
    Source Clock Delay      (SCD):    0.892ns
    Clock Pessimism Removal (CPR):    0.035ns

    Location             Delay type                Incr(ns)  Path(ns)    Netlist Resource(s)
  -------------------------------------------------------------------    -------------------
                         (clock clk_fpga_0 rise edge)
                                                      0.000     0.000 r  
    PS7_X0Y0             PS7                          0.000     0.000 r  design_1_i/processing_system7_0/inst/PS7_i/FCLKCLK[0]
                         net (fo=1, routed)           0.310     0.310    design_1_i/processing_system7_0/inst/FCLK_CLK_unbuffered[0]
    BUFGCTRL_X0Y16       BUFG (Prop_bufg_I_O)         0.026     0.336 r  design_1_i/processing_system7_0/inst/buffer_fclk_clk_0.FCLK_CLK_0_BUFG/O
                         net (fo=13923, routed)       0.556     0.892    design_1_i/axi_smc/inst/s00_entry_pipeline/s00_si_converter/inst/converter.wrap_narrow_inst/w_payld_fifo/aclk
    SLICE_X46Y93         FDRE                                         r  design_1_i/axi_smc/inst/s00_entry_pipeline/s00_si_converter/inst/converter.wrap_narrow_inst/w_payld_fifo/mesg_reg_reg[85]/C
  -------------------------------------------------------------------    -------------------
    SLICE_X46Y93         FDRE (Prop_fdre_C_Q)         0.164     1.056 r  design_1_i/axi_smc/inst/s00_entry_pipeline/s00_si_converter/inst/converter.wrap_narrow_inst/w_payld_fifo/mesg_reg_reg[85]/Q
                         net (fo=1, routed)           0.256     1.311    design_1_i/axi_smc/inst/s00_nodes/s00_w_node/inst/inst_mi_handler/gen_normal_area.inst_fifo_node_payld/gen_xpm_memory_fifo.inst_fifo/gen_mem_rep[0].inst_xpm_memory/xpm_memory_base_inst/gen_wr_a.gen_word_narrow.mem_reg_0_31_30_35/DIB1
    SLICE_X50Y86         RAMD32                                       r  design_1_i/axi_smc/inst/s00_nodes/s00_w_node/inst/inst_mi_handler/gen_normal_area.inst_fifo_node_payld/gen_xpm_memory_fifo.inst_fifo/gen_mem_rep[0].inst_xpm_memory/xpm_memory_base_inst/gen_wr_a.gen_word_narrow.mem_reg_0_31_30_35/RAMB_D1/I
  -------------------------------------------------------------------    -------------------

                         (clock clk_fpga_0 rise edge)
                                                      0.000     0.000 r  
    PS7_X0Y0             PS7                          0.000     0.000 r  design_1_i/processing_system7_0/inst/PS7_i/FCLKCLK[0]
                         net (fo=1, routed)           0.337     0.337    design_1_i/processing_system7_0/inst/FCLK_CLK_unbuffered[0]
    BUFGCTRL_X0Y16       BUFG (Prop_bufg_I_O)         0.029     0.366 r  design_1_i/processing_system7_0/inst/buffer_fclk_clk_0.FCLK_CLK_0_BUFG/O
                         net (fo=13923, routed)       0.815     1.181    design_1_i/axi_smc/inst/s00_nodes/s00_w_node/inst/inst_mi_handler/gen_normal_area.inst_fifo_node_payld/gen_xpm_memory_fifo.inst_fifo/gen_mem_rep[0].inst_xpm_memory/xpm_memory_base_inst/gen_wr_a.gen_word_narrow.mem_reg_0_31_30_35/WCLK
    SLICE_X50Y86         RAMD32                                       r  design_1_i/axi_smc/inst/s00_nodes/s00_w_node/inst/inst_mi_handler/gen_normal_area.inst_fifo_node_payld/gen_xpm_memory_fifo.inst_fifo/gen_mem_rep[0].inst_xpm_memory/xpm_memory_base_inst/gen_wr_a.gen_word_narrow.mem_reg_0_31_30_35/RAMB_D1/CLK
                         clock pessimism             -0.035     1.146    
    SLICE_X50Y86         RAMD32 (Hold_ramd32_CLK_I)
                                                      0.124     1.270    design_1_i/axi_smc/inst/s00_nodes/s00_w_node/inst/inst_mi_handler/gen_normal_area.inst_fifo_node_payld/gen_xpm_memory_fifo.inst_fifo/gen_mem_rep[0].inst_xpm_memory/xpm_memory_base_inst/gen_wr_a.gen_word_narrow.mem_reg_0_31_30_35/RAMB_D1
  -------------------------------------------------------------------
                         required time                         -1.270    
                         arrival time                           1.311    
  -------------------------------------------------------------------
                         slack                                  0.041    





Pulse Width Checks
--------------------------------------------------------------------------------------
Clock Name:         clk_fpga_0
Waveform(ns):       { 0.000 5.000 }
Period(ns):         10.000
Sources:            { design_1_i/processing_system7_0/inst/PS7_i/FCLKCLK[0] }

Check Type        Corner  Lib Pin             Reference Pin  Required(ns)  Actual(ns)  Slack(ns)  Location      Pin
Min Period        n/a     RAMB36E1/CLKARDCLK  n/a            2.576         10.000      7.424      RAMB36_X3Y10  design_1_i/blk_mem_gen_0/U0/inst_blk_mem_gen/gnbram.gnative_mem_map_bmg.native_mem_map_blk_mem_gen/valid.cstr/ramloop[0].ram.r/prim_noinit.ram/DEVICE_7SERIES.WITH_BMM_INFO.TRUE_DP.SIMPLE_PRIM36.TDP_SP36_NO_ECC_ATTR.ram/CLKARDCLK
Min Period        n/a     RAMB36E1/CLKBWRCLK  n/a            2.576         10.000      7.424      RAMB36_X3Y10  design_1_i/blk_mem_gen_0/U0/inst_blk_mem_gen/gnbram.gnative_mem_map_bmg.native_mem_map_blk_mem_gen/valid.cstr/ramloop[0].ram.r/prim_noinit.ram/DEVICE_7SERIES.WITH_BMM_INFO.TRUE_DP.SIMPLE_PRIM36.TDP_SP36_NO_ECC_ATTR.ram/CLKBWRCLK
Min Period        n/a     RAMB36E1/CLKARDCLK  n/a            2.576         10.000      7.424      RAMB36_X3Y11  design_1_i/blk_mem_gen_0/U0/inst_blk_mem_gen/gnbram.gnative_mem_map_bmg.native_mem_map_blk_mem_gen/valid.cstr/ramloop[10].ram.r/prim_noinit.ram/DEVICE_7SERIES.WITH_BMM_INFO.TRUE_DP.SIMPLE_PRIM36.TDP_SP36_NO_ECC_ATTR.ram/CLKARDCLK
Min Period        n/a     RAMB36E1/CLKBWRCLK  n/a            2.576         10.000      7.424      RAMB36_X3Y11  design_1_i/blk_mem_gen_0/U0/inst_blk_mem_gen/gnbram.gnative_mem_map_bmg.native_mem_map_blk_mem_gen/valid.cstr/ramloop[10].ram.r/prim_noinit.ram/DEVICE_7SERIES.WITH_BMM_INFO.TRUE_DP.SIMPLE_PRIM36.TDP_SP36_NO_ECC_ATTR.ram/CLKBWRCLK
Min Period        n/a     RAMB36E1/CLKARDCLK  n/a            2.576         10.000      7.424      RAMB36_X4Y11  design_1_i/blk_mem_gen_0/U0/inst_blk_mem_gen/gnbram.gnative_mem_map_bmg.native_mem_map_blk_mem_gen/valid.cstr/ramloop[11].ram.r/prim_noinit.ram/DEVICE_7SERIES.WITH_BMM_INFO.TRUE_DP.SIMPLE_PRIM36.TDP_SP36_NO_ECC_ATTR.ram/CLKARDCLK
Min Period        n/a     RAMB36E1/CLKBWRCLK  n/a            2.576         10.000      7.424      RAMB36_X4Y11  design_1_i/blk_mem_gen_0/U0/inst_blk_mem_gen/gnbram.gnative_mem_map_bmg.native_mem_map_blk_mem_gen/valid.cstr/ramloop[11].ram.r/prim_noinit.ram/DEVICE_7SERIES.WITH_BMM_INFO.TRUE_DP.SIMPLE_PRIM36.TDP_SP36_NO_ECC_ATTR.ram/CLKBWRCLK
Min Period        n/a     RAMB36E1/CLKARDCLK  n/a            2.576         10.000      7.424      RAMB36_X3Y6   design_1_i/blk_mem_gen_0/U0/inst_blk_mem_gen/gnbram.gnative_mem_map_bmg.native_mem_map_blk_mem_gen/valid.cstr/ramloop[12].ram.r/prim_noinit.ram/DEVICE_7SERIES.WITH_BMM_INFO.TRUE_DP.SIMPLE_PRIM36.TDP_SP36_NO_ECC_ATTR.ram/CLKARDCLK
Min Period        n/a     RAMB36E1/CLKBWRCLK  n/a            2.576         10.000      7.424      RAMB36_X3Y6   design_1_i/blk_mem_gen_0/U0/inst_blk_mem_gen/gnbram.gnative_mem_map_bmg.native_mem_map_blk_mem_gen/valid.cstr/ramloop[12].ram.r/prim_noinit.ram/DEVICE_7SERIES.WITH_BMM_INFO.TRUE_DP.SIMPLE_PRIM36.TDP_SP36_NO_ECC_ATTR.ram/CLKBWRCLK
Min Period        n/a     RAMB36E1/CLKARDCLK  n/a            2.576         10.000      7.424      RAMB36_X3Y7   design_1_i/blk_mem_gen_0/U0/inst_blk_mem_gen/gnbram.gnative_mem_map_bmg.native_mem_map_blk_mem_gen/valid.cstr/ramloop[13].ram.r/prim_noinit.ram/DEVICE_7SERIES.WITH_BMM_INFO.TRUE_DP.SIMPLE_PRIM36.TDP_SP36_NO_ECC_ATTR.ram/CLKARDCLK
Min Period        n/a     RAMB36E1/CLKBWRCLK  n/a            2.576         10.000      7.424      RAMB36_X3Y7   design_1_i/blk_mem_gen_0/U0/inst_blk_mem_gen/gnbram.gnative_mem_map_bmg.native_mem_map_blk_mem_gen/valid.cstr/ramloop[13].ram.r/prim_noinit.ram/DEVICE_7SERIES.WITH_BMM_INFO.TRUE_DP.SIMPLE_PRIM36.TDP_SP36_NO_ECC_ATTR.ram/CLKBWRCLK
Low Pulse Width   Slow    RAMD32/CLK          n/a            1.250         5.000       3.750      SLICE_X46Y76  design_1_i/axi_smc/inst/m00_nodes/m00_ar_node/inst/inst_mi_handler/gen_normal_area.inst_fifo_node_payld/gen_xpm_memory_fifo.inst_fifo/gen_mem_rep[0].inst_xpm_memory/xpm_memory_base_inst/gen_wr_a.gen_word_narrow.mem_reg_0_31_0_5/RAMA/CLK
Low Pulse Width   Fast    RAMD32/CLK          n/a            1.250         5.000       3.750      SLICE_X46Y76  design_1_i/axi_smc/inst/m00_nodes/m00_ar_node/inst/inst_mi_handler/gen_normal_area.inst_fifo_node_payld/gen_xpm_memory_fifo.inst_fifo/gen_mem_rep[0].inst_xpm_memory/xpm_memory_base_inst/gen_wr_a.gen_word_narrow.mem_reg_0_31_0_5/RAMA/CLK
Low Pulse Width   Slow    RAMD32/CLK          n/a            1.250         5.000       3.750      SLICE_X46Y76  design_1_i/axi_smc/inst/m00_nodes/m00_ar_node/inst/inst_mi_handler/gen_normal_area.inst_fifo_node_payld/gen_xpm_memory_fifo.inst_fifo/gen_mem_rep[0].inst_xpm_memory/xpm_memory_base_inst/gen_wr_a.gen_word_narrow.mem_reg_0_31_0_5/RAMA_D1/CLK
Low Pulse Width   Fast    RAMD32/CLK          n/a            1.250         5.000       3.750      SLICE_X46Y76  design_1_i/axi_smc/inst/m00_nodes/m00_ar_node/inst/inst_mi_handler/gen_normal_area.inst_fifo_node_payld/gen_xpm_memory_fifo.inst_fifo/gen_mem_rep[0].inst_xpm_memory/xpm_memory_base_inst/gen_wr_a.gen_word_narrow.mem_reg_0_31_0_5/RAMA_D1/CLK
Low Pulse Width   Slow    RAMD32/CLK          n/a            1.250         5.000       3.750      SLICE_X46Y76  design_1_i/axi_smc/inst/m00_nodes/m00_ar_node/inst/inst_mi_handler/gen_normal_area.inst_fifo_node_payld/gen_xpm_memory_fifo.inst_fifo/gen_mem_rep[0].inst_xpm_memory/xpm_memory_base_inst/gen_wr_a.gen_word_narrow.mem_reg_0_31_0_5/RAMB/CLK
Low Pulse Width   Fast    RAMD32/CLK          n/a            1.250         5.000       3.750      SLICE_X46Y76  design_1_i/axi_smc/inst/m00_nodes/m00_ar_node/inst/inst_mi_handler/gen_normal_area.inst_fifo_node_payld/gen_xpm_memory_fifo.inst_fifo/gen_mem_rep[0].inst_xpm_memory/xpm_memory_base_inst/gen_wr_a.gen_word_narrow.mem_reg_0_31_0_5/RAMB/CLK
Low Pulse Width   Slow    RAMD32/CLK          n/a            1.250         5.000       3.750      SLICE_X46Y76  design_1_i/axi_smc/inst/m00_nodes/m00_ar_node/inst/inst_mi_handler/gen_normal_area.inst_fifo_node_payld/gen_xpm_memory_fifo.inst_fifo/gen_mem_rep[0].inst_xpm_memory/xpm_memory_base_inst/gen_wr_a.gen_word_narrow.mem_reg_0_31_0_5/RAMB_D1/CLK
Low Pulse Width   Fast    RAMD32/CLK          n/a            1.250         5.000       3.750      SLICE_X46Y76  design_1_i/axi_smc/inst/m00_nodes/m00_ar_node/inst/inst_mi_handler/gen_normal_area.inst_fifo_node_payld/gen_xpm_memory_fifo.inst_fifo/gen_mem_rep[0].inst_xpm_memory/xpm_memory_base_inst/gen_wr_a.gen_word_narrow.mem_reg_0_31_0_5/RAMB_D1/CLK
Low Pulse Width   Slow    RAMD32/CLK          n/a            1.250         5.000       3.750      SLICE_X46Y76  design_1_i/axi_smc/inst/m00_nodes/m00_ar_node/inst/inst_mi_handler/gen_normal_area.inst_fifo_node_payld/gen_xpm_memory_fifo.inst_fifo/gen_mem_rep[0].inst_xpm_memory/xpm_memory_base_inst/gen_wr_a.gen_word_narrow.mem_reg_0_31_0_5/RAMC/CLK
Low Pulse Width   Fast    RAMD32/CLK          n/a            1.250         5.000       3.750      SLICE_X46Y76  design_1_i/axi_smc/inst/m00_nodes/m00_ar_node/inst/inst_mi_handler/gen_normal_area.inst_fifo_node_payld/gen_xpm_memory_fifo.inst_fifo/gen_mem_rep[0].inst_xpm_memory/xpm_memory_base_inst/gen_wr_a.gen_word_narrow.mem_reg_0_31_0_5/RAMC/CLK
High Pulse Width  Slow    RAMD32/CLK          n/a            1.250         5.000       3.750      SLICE_X46Y76  design_1_i/axi_smc/inst/m00_nodes/m00_ar_node/inst/inst_mi_handler/gen_normal_area.inst_fifo_node_payld/gen_xpm_memory_fifo.inst_fifo/gen_mem_rep[0].inst_xpm_memory/xpm_memory_base_inst/gen_wr_a.gen_word_narrow.mem_reg_0_31_0_5/RAMA/CLK
High Pulse Width  Fast    RAMD32/CLK          n/a            1.250         5.000       3.750      SLICE_X46Y76  design_1_i/axi_smc/inst/m00_nodes/m00_ar_node/inst/inst_mi_handler/gen_normal_area.inst_fifo_node_payld/gen_xpm_memory_fifo.inst_fifo/gen_mem_rep[0].inst_xpm_memory/xpm_memory_base_inst/gen_wr_a.gen_word_narrow.mem_reg_0_31_0_5/RAMA/CLK
High Pulse Width  Slow    RAMD32/CLK          n/a            1.250         5.000       3.750      SLICE_X46Y76  design_1_i/axi_smc/inst/m00_nodes/m00_ar_node/inst/inst_mi_handler/gen_normal_area.inst_fifo_node_payld/gen_xpm_memory_fifo.inst_fifo/gen_mem_rep[0].inst_xpm_memory/xpm_memory_base_inst/gen_wr_a.gen_word_narrow.mem_reg_0_31_0_5/RAMA_D1/CLK
High Pulse Width  Fast    RAMD32/CLK          n/a            1.250         5.000       3.750      SLICE_X46Y76  design_1_i/axi_smc/inst/m00_nodes/m00_ar_node/inst/inst_mi_handler/gen_normal_area.inst_fifo_node_payld/gen_xpm_memory_fifo.inst_fifo/gen_mem_rep[0].inst_xpm_memory/xpm_memory_base_inst/gen_wr_a.gen_word_narrow.mem_reg_0_31_0_5/RAMA_D1/CLK
High Pulse Width  Slow    RAMD32/CLK          n/a            1.250         5.000       3.750      SLICE_X46Y76  design_1_i/axi_smc/inst/m00_nodes/m00_ar_node/inst/inst_mi_handler/gen_normal_area.inst_fifo_node_payld/gen_xpm_memory_fifo.inst_fifo/gen_mem_rep[0].inst_xpm_memory/xpm_memory_base_inst/gen_wr_a.gen_word_narrow.mem_reg_0_31_0_5/RAMB/CLK
High Pulse Width  Fast    RAMD32/CLK          n/a            1.250         5.000       3.750      SLICE_X46Y76  design_1_i/axi_smc/inst/m00_nodes/m00_ar_node/inst/inst_mi_handler/gen_normal_area.inst_fifo_node_payld/gen_xpm_memory_fifo.inst_fifo/gen_mem_rep[0].inst_xpm_memory/xpm_memory_base_inst/gen_wr_a.gen_word_narrow.mem_reg_0_31_0_5/RAMB/CLK
High Pulse Width  Slow    RAMD32/CLK          n/a            1.250         5.000       3.750      SLICE_X46Y76  design_1_i/axi_smc/inst/m00_nodes/m00_ar_node/inst/inst_mi_handler/gen_normal_area.inst_fifo_node_payld/gen_xpm_memory_fifo.inst_fifo/gen_mem_rep[0].inst_xpm_memory/xpm_memory_base_inst/gen_wr_a.gen_word_narrow.mem_reg_0_31_0_5/RAMB_D1/CLK
High Pulse Width  Fast    RAMD32/CLK          n/a            1.250         5.000       3.750      SLICE_X46Y76  design_1_i/axi_smc/inst/m00_nodes/m00_ar_node/inst/inst_mi_handler/gen_normal_area.inst_fifo_node_payld/gen_xpm_memory_fifo.inst_fifo/gen_mem_rep[0].inst_xpm_memory/xpm_memory_base_inst/gen_wr_a.gen_word_narrow.mem_reg_0_31_0_5/RAMB_D1/CLK
High Pulse Width  Slow    RAMD32/CLK          n/a            1.250         5.000       3.750      SLICE_X46Y76  design_1_i/axi_smc/inst/m00_nodes/m00_ar_node/inst/inst_mi_handler/gen_normal_area.inst_fifo_node_payld/gen_xpm_memory_fifo.inst_fifo/gen_mem_rep[0].inst_xpm_memory/xpm_memory_base_inst/gen_wr_a.gen_word_narrow.mem_reg_0_31_0_5/RAMC/CLK
High Pulse Width  Fast    RAMD32/CLK          n/a            1.250         5.000       3.750      SLICE_X46Y76  design_1_i/axi_smc/inst/m00_nodes/m00_ar_node/inst/inst_mi_handler/gen_normal_area.inst_fifo_node_payld/gen_xpm_memory_fifo.inst_fifo/gen_mem_rep[0].inst_xpm_memory/xpm_memory_base_inst/gen_wr_a.gen_word_narrow.mem_reg_0_31_0_5/RAMC/CLK



---------------------------------------------------------------------------------------------------
Path Group:  **async_default**
From Clock:  clk_fpga_0
  To Clock:  clk_fpga_0

Setup :            0  Failing Endpoints,  Worst Slack        1.084ns,  Total Violation        0.000ns
Hold  :            0  Failing Endpoints,  Worst Slack        1.493ns,  Total Violation        0.000ns
---------------------------------------------------------------------------------------------------


Max Delay Paths
--------------------------------------------------------------------------------------
Slack (MET) :             1.084ns  (required time - arrival time)
  Source:                 design_1_i/rst_ps7_0_100M/U0/ACTIVE_LOW_PR_OUT_DFF[0].FDRE_PER_N/C
                            (rising edge-triggered cell FDRE clocked by clk_fpga_0  {rise@0.000ns fall@5.000ns period=10.000ns})
  Destination:            design_1_i/RFC8439_0/inst/RFC8439_v1_0_S00_AXI_inst/Rfc8439_core/u_poly1305/r4_5_reg[14]_replica/CLR
                            (recovery check against rising-edge clock clk_fpga_0  {rise@0.000ns fall@5.000ns period=10.000ns})
  Path Group:             **async_default**
  Path Type:              Recovery (Max at Slow Process Corner)
  Requirement:            10.000ns  (clk_fpga_0 rise@10.000ns - clk_fpga_0 rise@0.000ns)
  Data Path Delay:        7.825ns  (logic 0.668ns (8.537%)  route 7.157ns (91.463%))
  Logic Levels:           1  (LUT1=1)
  Clock Path Skew:        -0.328ns (DCD - SCD + CPR)
    Destination Clock Delay (DCD):    2.755ns = ( 12.755 - 10.000 ) 
    Source Clock Delay      (SCD):    3.198ns
    Clock Pessimism Removal (CPR):    0.115ns
  Clock Uncertainty:      0.154ns  ((TSJ^2 + TIJ^2)^1/2 + DJ) / 2 + PE
    Total System Jitter     (TSJ):    0.071ns
    Total Input Jitter      (TIJ):    0.300ns
    Discrete Jitter          (DJ):    0.000ns
    Phase Error              (PE):    0.000ns

    Location             Delay type                Incr(ns)  Path(ns)    Netlist Resource(s)
  -------------------------------------------------------------------    -------------------
                         (clock clk_fpga_0 rise edge)
                                                      0.000     0.000 r  
    PS7_X0Y0             PS7                          0.000     0.000 r  design_1_i/processing_system7_0/inst/PS7_i/FCLKCLK[0]
                         net (fo=1, routed)           1.193     1.193    design_1_i/processing_system7_0/inst/FCLK_CLK_unbuffered[0]
    BUFGCTRL_X0Y16       BUFG (Prop_bufg_I_O)         0.101     1.294 r  design_1_i/processing_system7_0/inst/buffer_fclk_clk_0.FCLK_CLK_0_BUFG/O
                         net (fo=13923, routed)       1.904     3.198    design_1_i/rst_ps7_0_100M/U0/slowest_sync_clk
    SLICE_X62Y109        FDRE                                         r  design_1_i/rst_ps7_0_100M/U0/ACTIVE_LOW_PR_OUT_DFF[0].FDRE_PER_N/C
  -------------------------------------------------------------------    -------------------
    SLICE_X62Y109        FDRE (Prop_fdre_C_Q)         0.518     3.716 r  design_1_i/rst_ps7_0_100M/U0/ACTIVE_LOW_PR_OUT_DFF[0].FDRE_PER_N/Q
                         net (fo=51, routed)          2.141     5.857    design_1_i/RFC8439_0/inst/RFC8439_v1_0_S00_AXI_inst/Rfc8439_core/u_poly1305/s00_axi_aresetn
    SLICE_X66Y68         LUT1 (Prop_lut1_I0_O)        0.150     6.007 f  design_1_i/RFC8439_0/inst/RFC8439_v1_0_S00_AXI_inst/Rfc8439_core/u_poly1305/FSM_onehot_wr_state[1]_i_2/O
                         net (fo=3834, routed)        5.017    11.023    design_1_i/RFC8439_0/inst/RFC8439_v1_0_S00_AXI_inst/Rfc8439_core/u_poly1305/AR[0]
    SLICE_X21Y11         FDCE                                         f  design_1_i/RFC8439_0/inst/RFC8439_v1_0_S00_AXI_inst/Rfc8439_core/u_poly1305/r4_5_reg[14]_replica/CLR
  -------------------------------------------------------------------    -------------------

                         (clock clk_fpga_0 rise edge)
                                                     10.000    10.000 r  
    PS7_X0Y0             PS7                          0.000    10.000 r  design_1_i/processing_system7_0/inst/PS7_i/FCLKCLK[0]
                         net (fo=1, routed)           1.088    11.088    design_1_i/processing_system7_0/inst/FCLK_CLK_unbuffered[0]
    BUFGCTRL_X0Y16       BUFG (Prop_bufg_I_O)         0.091    11.179 r  design_1_i/processing_system7_0/inst/buffer_fclk_clk_0.FCLK_CLK_0_BUFG/O
                         net (fo=13923, routed)       1.576    12.755    design_1_i/RFC8439_0/inst/RFC8439_v1_0_S00_AXI_inst/Rfc8439_core/u_poly1305/s00_axi_aclk
    SLICE_X21Y11         FDCE                                         r  design_1_i/RFC8439_0/inst/RFC8439_v1_0_S00_AXI_inst/Rfc8439_core/u_poly1305/r4_5_reg[14]_replica/C
                         clock pessimism              0.115    12.870    
                         clock uncertainty           -0.154    12.716    
    SLICE_X21Y11         FDCE (Recov_fdce_C_CLR)     -0.609    12.107    design_1_i/RFC8439_0/inst/RFC8439_v1_0_S00_AXI_inst/Rfc8439_core/u_poly1305/r4_5_reg[14]_replica
  -------------------------------------------------------------------
                         required time                         12.107    
                         arrival time                         -11.023    
  -------------------------------------------------------------------
                         slack                                  1.084    

Slack (MET) :             1.084ns  (required time - arrival time)
  Source:                 design_1_i/rst_ps7_0_100M/U0/ACTIVE_LOW_PR_OUT_DFF[0].FDRE_PER_N/C
                            (rising edge-triggered cell FDRE clocked by clk_fpga_0  {rise@0.000ns fall@5.000ns period=10.000ns})
  Destination:            design_1_i/RFC8439_0/inst/RFC8439_v1_0_S00_AXI_inst/Rfc8439_core/u_poly1305/r4_5_reg[16]_replica_1/CLR
                            (recovery check against rising-edge clock clk_fpga_0  {rise@0.000ns fall@5.000ns period=10.000ns})
  Path Group:             **async_default**
  Path Type:              Recovery (Max at Slow Process Corner)
  Requirement:            10.000ns  (clk_fpga_0 rise@10.000ns - clk_fpga_0 rise@0.000ns)
  Data Path Delay:        7.825ns  (logic 0.668ns (8.537%)  route 7.157ns (91.463%))
  Logic Levels:           1  (LUT1=1)
  Clock Path Skew:        -0.328ns (DCD - SCD + CPR)
    Destination Clock Delay (DCD):    2.755ns = ( 12.755 - 10.000 ) 
    Source Clock Delay      (SCD):    3.198ns
    Clock Pessimism Removal (CPR):    0.115ns
  Clock Uncertainty:      0.154ns  ((TSJ^2 + TIJ^2)^1/2 + DJ) / 2 + PE
    Total System Jitter     (TSJ):    0.071ns
    Total Input Jitter      (TIJ):    0.300ns
    Discrete Jitter          (DJ):    0.000ns
    Phase Error              (PE):    0.000ns

    Location             Delay type                Incr(ns)  Path(ns)    Netlist Resource(s)
  -------------------------------------------------------------------    -------------------
                         (clock clk_fpga_0 rise edge)
                                                      0.000     0.000 r  
    PS7_X0Y0             PS7                          0.000     0.000 r  design_1_i/processing_system7_0/inst/PS7_i/FCLKCLK[0]
                         net (fo=1, routed)           1.193     1.193    design_1_i/processing_system7_0/inst/FCLK_CLK_unbuffered[0]
    BUFGCTRL_X0Y16       BUFG (Prop_bufg_I_O)         0.101     1.294 r  design_1_i/processing_system7_0/inst/buffer_fclk_clk_0.FCLK_CLK_0_BUFG/O
                         net (fo=13923, routed)       1.904     3.198    design_1_i/rst_ps7_0_100M/U0/slowest_sync_clk
    SLICE_X62Y109        FDRE                                         r  design_1_i/rst_ps7_0_100M/U0/ACTIVE_LOW_PR_OUT_DFF[0].FDRE_PER_N/C
  -------------------------------------------------------------------    -------------------
    SLICE_X62Y109        FDRE (Prop_fdre_C_Q)         0.518     3.716 r  design_1_i/rst_ps7_0_100M/U0/ACTIVE_LOW_PR_OUT_DFF[0].FDRE_PER_N/Q
                         net (fo=51, routed)          2.141     5.857    design_1_i/RFC8439_0/inst/RFC8439_v1_0_S00_AXI_inst/Rfc8439_core/u_poly1305/s00_axi_aresetn
    SLICE_X66Y68         LUT1 (Prop_lut1_I0_O)        0.150     6.007 f  design_1_i/RFC8439_0/inst/RFC8439_v1_0_S00_AXI_inst/Rfc8439_core/u_poly1305/FSM_onehot_wr_state[1]_i_2/O
                         net (fo=3834, routed)        5.017    11.023    design_1_i/RFC8439_0/inst/RFC8439_v1_0_S00_AXI_inst/Rfc8439_core/u_poly1305/AR[0]
    SLICE_X21Y11         FDCE                                         f  design_1_i/RFC8439_0/inst/RFC8439_v1_0_S00_AXI_inst/Rfc8439_core/u_poly1305/r4_5_reg[16]_replica_1/CLR
  -------------------------------------------------------------------    -------------------

                         (clock clk_fpga_0 rise edge)
                                                     10.000    10.000 r  
    PS7_X0Y0             PS7                          0.000    10.000 r  design_1_i/processing_system7_0/inst/PS7_i/FCLKCLK[0]
                         net (fo=1, routed)           1.088    11.088    design_1_i/processing_system7_0/inst/FCLK_CLK_unbuffered[0]
    BUFGCTRL_X0Y16       BUFG (Prop_bufg_I_O)         0.091    11.179 r  design_1_i/processing_system7_0/inst/buffer_fclk_clk_0.FCLK_CLK_0_BUFG/O
                         net (fo=13923, routed)       1.576    12.755    design_1_i/RFC8439_0/inst/RFC8439_v1_0_S00_AXI_inst/Rfc8439_core/u_poly1305/s00_axi_aclk
    SLICE_X21Y11         FDCE                                         r  design_1_i/RFC8439_0/inst/RFC8439_v1_0_S00_AXI_inst/Rfc8439_core/u_poly1305/r4_5_reg[16]_replica_1/C
                         clock pessimism              0.115    12.870    
                         clock uncertainty           -0.154    12.716    
    SLICE_X21Y11         FDCE (Recov_fdce_C_CLR)     -0.609    12.107    design_1_i/RFC8439_0/inst/RFC8439_v1_0_S00_AXI_inst/Rfc8439_core/u_poly1305/r4_5_reg[16]_replica_1
  -------------------------------------------------------------------
                         required time                         12.107    
                         arrival time                         -11.023    
  -------------------------------------------------------------------
                         slack                                  1.084    

Slack (MET) :             1.136ns  (required time - arrival time)
  Source:                 design_1_i/rst_ps7_0_100M/U0/ACTIVE_LOW_PR_OUT_DFF[0].FDRE_PER_N/C
                            (rising edge-triggered cell FDRE clocked by clk_fpga_0  {rise@0.000ns fall@5.000ns period=10.000ns})
  Destination:            design_1_i/RFC8439_0/inst/RFC8439_v1_0_S00_AXI_inst/Rfc8439_core/u_poly1305/r4_5_reg[6]_replica_1/CLR
                            (recovery check against rising-edge clock clk_fpga_0  {rise@0.000ns fall@5.000ns period=10.000ns})
  Path Group:             **async_default**
  Path Type:              Recovery (Max at Slow Process Corner)
  Requirement:            10.000ns  (clk_fpga_0 rise@10.000ns - clk_fpga_0 rise@0.000ns)
  Data Path Delay:        7.774ns  (logic 0.668ns (8.593%)  route 7.106ns (91.407%))
  Logic Levels:           1  (LUT1=1)
  Clock Path Skew:        -0.328ns (DCD - SCD + CPR)
    Destination Clock Delay (DCD):    2.755ns = ( 12.755 - 10.000 ) 
    Source Clock Delay      (SCD):    3.198ns
    Clock Pessimism Removal (CPR):    0.115ns
  Clock Uncertainty:      0.154ns  ((TSJ^2 + TIJ^2)^1/2 + DJ) / 2 + PE
    Total System Jitter     (TSJ):    0.071ns
    Total Input Jitter      (TIJ):    0.300ns
    Discrete Jitter          (DJ):    0.000ns
    Phase Error              (PE):    0.000ns

    Location             Delay type                Incr(ns)  Path(ns)    Netlist Resource(s)
  -------------------------------------------------------------------    -------------------
                         (clock clk_fpga_0 rise edge)
                                                      0.000     0.000 r  
    PS7_X0Y0             PS7                          0.000     0.000 r  design_1_i/processing_system7_0/inst/PS7_i/FCLKCLK[0]
                         net (fo=1, routed)           1.193     1.193    design_1_i/processing_system7_0/inst/FCLK_CLK_unbuffered[0]
    BUFGCTRL_X0Y16       BUFG (Prop_bufg_I_O)         0.101     1.294 r  design_1_i/processing_system7_0/inst/buffer_fclk_clk_0.FCLK_CLK_0_BUFG/O
                         net (fo=13923, routed)       1.904     3.198    design_1_i/rst_ps7_0_100M/U0/slowest_sync_clk
    SLICE_X62Y109        FDRE                                         r  design_1_i/rst_ps7_0_100M/U0/ACTIVE_LOW_PR_OUT_DFF[0].FDRE_PER_N/C
  -------------------------------------------------------------------    -------------------
    SLICE_X62Y109        FDRE (Prop_fdre_C_Q)         0.518     3.716 r  design_1_i/rst_ps7_0_100M/U0/ACTIVE_LOW_PR_OUT_DFF[0].FDRE_PER_N/Q
                         net (fo=51, routed)          2.141     5.857    design_1_i/RFC8439_0/inst/RFC8439_v1_0_S00_AXI_inst/Rfc8439_core/u_poly1305/s00_axi_aresetn
    SLICE_X66Y68         LUT1 (Prop_lut1_I0_O)        0.150     6.007 f  design_1_i/RFC8439_0/inst/RFC8439_v1_0_S00_AXI_inst/Rfc8439_core/u_poly1305/FSM_onehot_wr_state[1]_i_2/O
                         net (fo=3834, routed)        4.965    10.972    design_1_i/RFC8439_0/inst/RFC8439_v1_0_S00_AXI_inst/Rfc8439_core/u_poly1305/AR[0]
    SLICE_X19Y12         FDCE                                         f  design_1_i/RFC8439_0/inst/RFC8439_v1_0_S00_AXI_inst/Rfc8439_core/u_poly1305/r4_5_reg[6]_replica_1/CLR
  -------------------------------------------------------------------    -------------------

                         (clock clk_fpga_0 rise edge)
                                                     10.000    10.000 r  
    PS7_X0Y0             PS7                          0.000    10.000 r  design_1_i/processing_system7_0/inst/PS7_i/FCLKCLK[0]
                         net (fo=1, routed)           1.088    11.088    design_1_i/processing_system7_0/inst/FCLK_CLK_unbuffered[0]
    BUFGCTRL_X0Y16       BUFG (Prop_bufg_I_O)         0.091    11.179 r  design_1_i/processing_system7_0/inst/buffer_fclk_clk_0.FCLK_CLK_0_BUFG/O
                         net (fo=13923, routed)       1.576    12.755    design_1_i/RFC8439_0/inst/RFC8439_v1_0_S00_AXI_inst/Rfc8439_core/u_poly1305/s00_axi_aclk
    SLICE_X19Y12         FDCE                                         r  design_1_i/RFC8439_0/inst/RFC8439_v1_0_S00_AXI_inst/Rfc8439_core/u_poly1305/r4_5_reg[6]_replica_1/C
                         clock pessimism              0.115    12.870    
                         clock uncertainty           -0.154    12.716    
    SLICE_X19Y12         FDCE (Recov_fdce_C_CLR)     -0.609    12.107    design_1_i/RFC8439_0/inst/RFC8439_v1_0_S00_AXI_inst/Rfc8439_core/u_poly1305/r4_5_reg[6]_replica_1
  -------------------------------------------------------------------
                         required time                         12.107    
                         arrival time                         -10.972    
  -------------------------------------------------------------------
                         slack                                  1.136    

Slack (MET) :             1.136ns  (required time - arrival time)
  Source:                 design_1_i/rst_ps7_0_100M/U0/ACTIVE_LOW_PR_OUT_DFF[0].FDRE_PER_N/C
                            (rising edge-triggered cell FDRE clocked by clk_fpga_0  {rise@0.000ns fall@5.000ns period=10.000ns})
  Destination:            design_1_i/RFC8439_0/inst/RFC8439_v1_0_S00_AXI_inst/Rfc8439_core/u_poly1305/r4_5_reg[8]_replica/CLR
                            (recovery check against rising-edge clock clk_fpga_0  {rise@0.000ns fall@5.000ns period=10.000ns})
  Path Group:             **async_default**
  Path Type:              Recovery (Max at Slow Process Corner)
  Requirement:            10.000ns  (clk_fpga_0 rise@10.000ns - clk_fpga_0 rise@0.000ns)
  Data Path Delay:        7.774ns  (logic 0.668ns (8.593%)  route 7.106ns (91.407%))
  Logic Levels:           1  (LUT1=1)
  Clock Path Skew:        -0.328ns (DCD - SCD + CPR)
    Destination Clock Delay (DCD):    2.755ns = ( 12.755 - 10.000 ) 
    Source Clock Delay      (SCD):    3.198ns
    Clock Pessimism Removal (CPR):    0.115ns
  Clock Uncertainty:      0.154ns  ((TSJ^2 + TIJ^2)^1/2 + DJ) / 2 + PE
    Total System Jitter     (TSJ):    0.071ns
    Total Input Jitter      (TIJ):    0.300ns
    Discrete Jitter          (DJ):    0.000ns
    Phase Error              (PE):    0.000ns

    Location             Delay type                Incr(ns)  Path(ns)    Netlist Resource(s)
  -------------------------------------------------------------------    -------------------
                         (clock clk_fpga_0 rise edge)
                                                      0.000     0.000 r  
    PS7_X0Y0             PS7                          0.000     0.000 r  design_1_i/processing_system7_0/inst/PS7_i/FCLKCLK[0]
                         net (fo=1, routed)           1.193     1.193    design_1_i/processing_system7_0/inst/FCLK_CLK_unbuffered[0]
    BUFGCTRL_X0Y16       BUFG (Prop_bufg_I_O)         0.101     1.294 r  design_1_i/processing_system7_0/inst/buffer_fclk_clk_0.FCLK_CLK_0_BUFG/O
                         net (fo=13923, routed)       1.904     3.198    design_1_i/rst_ps7_0_100M/U0/slowest_sync_clk
    SLICE_X62Y109        FDRE                                         r  design_1_i/rst_ps7_0_100M/U0/ACTIVE_LOW_PR_OUT_DFF[0].FDRE_PER_N/C
  -------------------------------------------------------------------    -------------------
    SLICE_X62Y109        FDRE (Prop_fdre_C_Q)         0.518     3.716 r  design_1_i/rst_ps7_0_100M/U0/ACTIVE_LOW_PR_OUT_DFF[0].FDRE_PER_N/Q
                         net (fo=51, routed)          2.141     5.857    design_1_i/RFC8439_0/inst/RFC8439_v1_0_S00_AXI_inst/Rfc8439_core/u_poly1305/s00_axi_aresetn
    SLICE_X66Y68         LUT1 (Prop_lut1_I0_O)        0.150     6.007 f  design_1_i/RFC8439_0/inst/RFC8439_v1_0_S00_AXI_inst/Rfc8439_core/u_poly1305/FSM_onehot_wr_state[1]_i_2/O
                         net (fo=3834, routed)        4.965    10.972    design_1_i/RFC8439_0/inst/RFC8439_v1_0_S00_AXI_inst/Rfc8439_core/u_poly1305/AR[0]
    SLICE_X19Y12         FDCE                                         f  design_1_i/RFC8439_0/inst/RFC8439_v1_0_S00_AXI_inst/Rfc8439_core/u_poly1305/r4_5_reg[8]_replica/CLR
  -------------------------------------------------------------------    -------------------

                         (clock clk_fpga_0 rise edge)
                                                     10.000    10.000 r  
    PS7_X0Y0             PS7                          0.000    10.000 r  design_1_i/processing_system7_0/inst/PS7_i/FCLKCLK[0]
                         net (fo=1, routed)           1.088    11.088    design_1_i/processing_system7_0/inst/FCLK_CLK_unbuffered[0]
    BUFGCTRL_X0Y16       BUFG (Prop_bufg_I_O)         0.091    11.179 r  design_1_i/processing_system7_0/inst/buffer_fclk_clk_0.FCLK_CLK_0_BUFG/O
                         net (fo=13923, routed)       1.576    12.755    design_1_i/RFC8439_0/inst/RFC8439_v1_0_S00_AXI_inst/Rfc8439_core/u_poly1305/s00_axi_aclk
    SLICE_X19Y12         FDCE                                         r  design_1_i/RFC8439_0/inst/RFC8439_v1_0_S00_AXI_inst/Rfc8439_core/u_poly1305/r4_5_reg[8]_replica/C
                         clock pessimism              0.115    12.870    
                         clock uncertainty           -0.154    12.716    
    SLICE_X19Y12         FDCE (Recov_fdce_C_CLR)     -0.609    12.107    design_1_i/RFC8439_0/inst/RFC8439_v1_0_S00_AXI_inst/Rfc8439_core/u_poly1305/r4_5_reg[8]_replica
  -------------------------------------------------------------------
                         required time                         12.107    
                         arrival time                         -10.972    
  -------------------------------------------------------------------
                         slack                                  1.136    

Slack (MET) :             1.164ns  (required time - arrival time)
  Source:                 design_1_i/rst_ps7_0_100M/U0/ACTIVE_LOW_PR_OUT_DFF[0].FDRE_PER_N/C
                            (rising edge-triggered cell FDRE clocked by clk_fpga_0  {rise@0.000ns fall@5.000ns period=10.000ns})
  Destination:            design_1_i/RFC8439_0/inst/RFC8439_v1_0_S00_AXI_inst/Rfc8439_core/u_poly1305/r4_5_reg[12]_replica_1/CLR
                            (recovery check against rising-edge clock clk_fpga_0  {rise@0.000ns fall@5.000ns period=10.000ns})
  Path Group:             **async_default**
  Path Type:              Recovery (Max at Slow Process Corner)
  Requirement:            10.000ns  (clk_fpga_0 rise@10.000ns - clk_fpga_0 rise@0.000ns)
  Data Path Delay:        7.744ns  (logic 0.668ns (8.626%)  route 7.076ns (91.374%))
  Logic Levels:           1  (LUT1=1)
  Clock Path Skew:        -0.330ns (DCD - SCD + CPR)
    Destination Clock Delay (DCD):    2.753ns = ( 12.753 - 10.000 ) 
    Source Clock Delay      (SCD):    3.198ns
    Clock Pessimism Removal (CPR):    0.115ns
  Clock Uncertainty:      0.154ns  ((TSJ^2 + TIJ^2)^1/2 + DJ) / 2 + PE
    Total System Jitter     (TSJ):    0.071ns
    Total Input Jitter      (TIJ):    0.300ns
    Discrete Jitter          (DJ):    0.000ns
    Phase Error              (PE):    0.000ns

    Location             Delay type                Incr(ns)  Path(ns)    Netlist Resource(s)
  -------------------------------------------------------------------    -------------------
                         (clock clk_fpga_0 rise edge)
                                                      0.000     0.000 r  
    PS7_X0Y0             PS7                          0.000     0.000 r  design_1_i/processing_system7_0/inst/PS7_i/FCLKCLK[0]
                         net (fo=1, routed)           1.193     1.193    design_1_i/processing_system7_0/inst/FCLK_CLK_unbuffered[0]
    BUFGCTRL_X0Y16       BUFG (Prop_bufg_I_O)         0.101     1.294 r  design_1_i/processing_system7_0/inst/buffer_fclk_clk_0.FCLK_CLK_0_BUFG/O
                         net (fo=13923, routed)       1.904     3.198    design_1_i/rst_ps7_0_100M/U0/slowest_sync_clk
    SLICE_X62Y109        FDRE                                         r  design_1_i/rst_ps7_0_100M/U0/ACTIVE_LOW_PR_OUT_DFF[0].FDRE_PER_N/C
  -------------------------------------------------------------------    -------------------
    SLICE_X62Y109        FDRE (Prop_fdre_C_Q)         0.518     3.716 r  design_1_i/rst_ps7_0_100M/U0/ACTIVE_LOW_PR_OUT_DFF[0].FDRE_PER_N/Q
                         net (fo=51, routed)          2.141     5.857    design_1_i/RFC8439_0/inst/RFC8439_v1_0_S00_AXI_inst/Rfc8439_core/u_poly1305/s00_axi_aresetn
    SLICE_X66Y68         LUT1 (Prop_lut1_I0_O)        0.150     6.007 f  design_1_i/RFC8439_0/inst/RFC8439_v1_0_S00_AXI_inst/Rfc8439_core/u_poly1305/FSM_onehot_wr_state[1]_i_2/O
                         net (fo=3834, routed)        4.935    10.942    design_1_i/RFC8439_0/inst/RFC8439_v1_0_S00_AXI_inst/Rfc8439_core/u_poly1305/AR[0]
    SLICE_X23Y12         FDCE                                         f  design_1_i/RFC8439_0/inst/RFC8439_v1_0_S00_AXI_inst/Rfc8439_core/u_poly1305/r4_5_reg[12]_replica_1/CLR
  -------------------------------------------------------------------    -------------------

                         (clock clk_fpga_0 rise edge)
                                                     10.000    10.000 r  
    PS7_X0Y0             PS7                          0.000    10.000 r  design_1_i/processing_system7_0/inst/PS7_i/FCLKCLK[0]
                         net (fo=1, routed)           1.088    11.088    design_1_i/processing_system7_0/inst/FCLK_CLK_unbuffered[0]
    BUFGCTRL_X0Y16       BUFG (Prop_bufg_I_O)         0.091    11.179 r  design_1_i/processing_system7_0/inst/buffer_fclk_clk_0.FCLK_CLK_0_BUFG/O
                         net (fo=13923, routed)       1.574    12.753    design_1_i/RFC8439_0/inst/RFC8439_v1_0_S00_AXI_inst/Rfc8439_core/u_poly1305/s00_axi_aclk
    SLICE_X23Y12         FDCE                                         r  design_1_i/RFC8439_0/inst/RFC8439_v1_0_S00_AXI_inst/Rfc8439_core/u_poly1305/r4_5_reg[12]_replica_1/C
                         clock pessimism              0.115    12.868    
                         clock uncertainty           -0.154    12.714    
    SLICE_X23Y12         FDCE (Recov_fdce_C_CLR)     -0.609    12.105    design_1_i/RFC8439_0/inst/RFC8439_v1_0_S00_AXI_inst/Rfc8439_core/u_poly1305/r4_5_reg[12]_replica_1
  -------------------------------------------------------------------
                         required time                         12.105    
                         arrival time                         -10.942    
  -------------------------------------------------------------------
                         slack                                  1.164    

Slack (MET) :             1.164ns  (required time - arrival time)
  Source:                 design_1_i/rst_ps7_0_100M/U0/ACTIVE_LOW_PR_OUT_DFF[0].FDRE_PER_N/C
                            (rising edge-triggered cell FDRE clocked by clk_fpga_0  {rise@0.000ns fall@5.000ns period=10.000ns})
  Destination:            design_1_i/RFC8439_0/inst/RFC8439_v1_0_S00_AXI_inst/Rfc8439_core/u_poly1305/r4_5_reg[5]_replica/CLR
                            (recovery check against rising-edge clock clk_fpga_0  {rise@0.000ns fall@5.000ns period=10.000ns})
  Path Group:             **async_default**
  Path Type:              Recovery (Max at Slow Process Corner)
  Requirement:            10.000ns  (clk_fpga_0 rise@10.000ns - clk_fpga_0 rise@0.000ns)
  Data Path Delay:        7.744ns  (logic 0.668ns (8.626%)  route 7.076ns (91.374%))
  Logic Levels:           1  (LUT1=1)
  Clock Path Skew:        -0.330ns (DCD - SCD + CPR)
    Destination Clock Delay (DCD):    2.753ns = ( 12.753 - 10.000 ) 
    Source Clock Delay      (SCD):    3.198ns
    Clock Pessimism Removal (CPR):    0.115ns
  Clock Uncertainty:      0.154ns  ((TSJ^2 + TIJ^2)^1/2 + DJ) / 2 + PE
    Total System Jitter     (TSJ):    0.071ns
    Total Input Jitter      (TIJ):    0.300ns
    Discrete Jitter          (DJ):    0.000ns
    Phase Error              (PE):    0.000ns

    Location             Delay type                Incr(ns)  Path(ns)    Netlist Resource(s)
  -------------------------------------------------------------------    -------------------
                         (clock clk_fpga_0 rise edge)
                                                      0.000     0.000 r  
    PS7_X0Y0             PS7                          0.000     0.000 r  design_1_i/processing_system7_0/inst/PS7_i/FCLKCLK[0]
                         net (fo=1, routed)           1.193     1.193    design_1_i/processing_system7_0/inst/FCLK_CLK_unbuffered[0]
    BUFGCTRL_X0Y16       BUFG (Prop_bufg_I_O)         0.101     1.294 r  design_1_i/processing_system7_0/inst/buffer_fclk_clk_0.FCLK_CLK_0_BUFG/O
                         net (fo=13923, routed)       1.904     3.198    design_1_i/rst_ps7_0_100M/U0/slowest_sync_clk
    SLICE_X62Y109        FDRE                                         r  design_1_i/rst_ps7_0_100M/U0/ACTIVE_LOW_PR_OUT_DFF[0].FDRE_PER_N/C
  -------------------------------------------------------------------    -------------------
    SLICE_X62Y109        FDRE (Prop_fdre_C_Q)         0.518     3.716 r  design_1_i/rst_ps7_0_100M/U0/ACTIVE_LOW_PR_OUT_DFF[0].FDRE_PER_N/Q
                         net (fo=51, routed)          2.141     5.857    design_1_i/RFC8439_0/inst/RFC8439_v1_0_S00_AXI_inst/Rfc8439_core/u_poly1305/s00_axi_aresetn
    SLICE_X66Y68         LUT1 (Prop_lut1_I0_O)        0.150     6.007 f  design_1_i/RFC8439_0/inst/RFC8439_v1_0_S00_AXI_inst/Rfc8439_core/u_poly1305/FSM_onehot_wr_state[1]_i_2/O
                         net (fo=3834, routed)        4.935    10.942    design_1_i/RFC8439_0/inst/RFC8439_v1_0_S00_AXI_inst/Rfc8439_core/u_poly1305/AR[0]
    SLICE_X23Y12         FDCE                                         f  design_1_i/RFC8439_0/inst/RFC8439_v1_0_S00_AXI_inst/Rfc8439_core/u_poly1305/r4_5_reg[5]_replica/CLR
  -------------------------------------------------------------------    -------------------

                         (clock clk_fpga_0 rise edge)
                                                     10.000    10.000 r  
    PS7_X0Y0             PS7                          0.000    10.000 r  design_1_i/processing_system7_0/inst/PS7_i/FCLKCLK[0]
                         net (fo=1, routed)           1.088    11.088    design_1_i/processing_system7_0/inst/FCLK_CLK_unbuffered[0]
    BUFGCTRL_X0Y16       BUFG (Prop_bufg_I_O)         0.091    11.179 r  design_1_i/processing_system7_0/inst/buffer_fclk_clk_0.FCLK_CLK_0_BUFG/O
                         net (fo=13923, routed)       1.574    12.753    design_1_i/RFC8439_0/inst/RFC8439_v1_0_S00_AXI_inst/Rfc8439_core/u_poly1305/s00_axi_aclk
    SLICE_X23Y12         FDCE                                         r  design_1_i/RFC8439_0/inst/RFC8439_v1_0_S00_AXI_inst/Rfc8439_core/u_poly1305/r4_5_reg[5]_replica/C
                         clock pessimism              0.115    12.868    
                         clock uncertainty           -0.154    12.714    
    SLICE_X23Y12         FDCE (Recov_fdce_C_CLR)     -0.609    12.105    design_1_i/RFC8439_0/inst/RFC8439_v1_0_S00_AXI_inst/Rfc8439_core/u_poly1305/r4_5_reg[5]_replica
  -------------------------------------------------------------------
                         required time                         12.105    
                         arrival time                         -10.942    
  -------------------------------------------------------------------
                         slack                                  1.164    

Slack (MET) :             1.194ns  (required time - arrival time)
  Source:                 design_1_i/rst_ps7_0_100M/U0/ACTIVE_LOW_PR_OUT_DFF[0].FDRE_PER_N/C
                            (rising edge-triggered cell FDRE clocked by clk_fpga_0  {rise@0.000ns fall@5.000ns period=10.000ns})
  Destination:            design_1_i/RFC8439_0/inst/RFC8439_v1_0_S00_AXI_inst/Rfc8439_core/ks_next_buffer_reg[36]/CLR
                            (recovery check against rising-edge clock clk_fpga_0  {rise@0.000ns fall@5.000ns period=10.000ns})
  Path Group:             **async_default**
  Path Type:              Recovery (Max at Slow Process Corner)
  Requirement:            10.000ns  (clk_fpga_0 rise@10.000ns - clk_fpga_0 rise@0.000ns)
  Data Path Delay:        7.627ns  (logic 0.668ns (8.758%)  route 6.959ns (91.242%))
  Logic Levels:           1  (LUT1=1)
  Clock Path Skew:        -0.416ns (DCD - SCD + CPR)
    Destination Clock Delay (DCD):    2.667ns = ( 12.667 - 10.000 ) 
    Source Clock Delay      (SCD):    3.198ns
    Clock Pessimism Removal (CPR):    0.115ns
  Clock Uncertainty:      0.154ns  ((TSJ^2 + TIJ^2)^1/2 + DJ) / 2 + PE
    Total System Jitter     (TSJ):    0.071ns
    Total Input Jitter      (TIJ):    0.300ns
    Discrete Jitter          (DJ):    0.000ns
    Phase Error              (PE):    0.000ns

    Location             Delay type                Incr(ns)  Path(ns)    Netlist Resource(s)
  -------------------------------------------------------------------    -------------------
                         (clock clk_fpga_0 rise edge)
                                                      0.000     0.000 r  
    PS7_X0Y0             PS7                          0.000     0.000 r  design_1_i/processing_system7_0/inst/PS7_i/FCLKCLK[0]
                         net (fo=1, routed)           1.193     1.193    design_1_i/processing_system7_0/inst/FCLK_CLK_unbuffered[0]
    BUFGCTRL_X0Y16       BUFG (Prop_bufg_I_O)         0.101     1.294 r  design_1_i/processing_system7_0/inst/buffer_fclk_clk_0.FCLK_CLK_0_BUFG/O
                         net (fo=13923, routed)       1.904     3.198    design_1_i/rst_ps7_0_100M/U0/slowest_sync_clk
    SLICE_X62Y109        FDRE                                         r  design_1_i/rst_ps7_0_100M/U0/ACTIVE_LOW_PR_OUT_DFF[0].FDRE_PER_N/C
  -------------------------------------------------------------------    -------------------
    SLICE_X62Y109        FDRE (Prop_fdre_C_Q)         0.518     3.716 r  design_1_i/rst_ps7_0_100M/U0/ACTIVE_LOW_PR_OUT_DFF[0].FDRE_PER_N/Q
                         net (fo=51, routed)          2.141     5.857    design_1_i/RFC8439_0/inst/RFC8439_v1_0_S00_AXI_inst/Rfc8439_core/u_poly1305/s00_axi_aresetn
    SLICE_X66Y68         LUT1 (Prop_lut1_I0_O)        0.150     6.007 f  design_1_i/RFC8439_0/inst/RFC8439_v1_0_S00_AXI_inst/Rfc8439_core/u_poly1305/FSM_onehot_wr_state[1]_i_2/O
                         net (fo=3834, routed)        4.818    10.825    design_1_i/RFC8439_0/inst/RFC8439_v1_0_S00_AXI_inst/Rfc8439_core/s00_axi_aresetn_0
    SLICE_X40Y16         FDCE                                         f  design_1_i/RFC8439_0/inst/RFC8439_v1_0_S00_AXI_inst/Rfc8439_core/ks_next_buffer_reg[36]/CLR
  -------------------------------------------------------------------    -------------------

                         (clock clk_fpga_0 rise edge)
                                                     10.000    10.000 r  
    PS7_X0Y0             PS7                          0.000    10.000 r  design_1_i/processing_system7_0/inst/PS7_i/FCLKCLK[0]
                         net (fo=1, routed)           1.088    11.088    design_1_i/processing_system7_0/inst/FCLK_CLK_unbuffered[0]
    BUFGCTRL_X0Y16       BUFG (Prop_bufg_I_O)         0.091    11.179 r  design_1_i/processing_system7_0/inst/buffer_fclk_clk_0.FCLK_CLK_0_BUFG/O
                         net (fo=13923, routed)       1.488    12.667    design_1_i/RFC8439_0/inst/RFC8439_v1_0_S00_AXI_inst/Rfc8439_core/s00_axi_aclk
    SLICE_X40Y16         FDCE                                         r  design_1_i/RFC8439_0/inst/RFC8439_v1_0_S00_AXI_inst/Rfc8439_core/ks_next_buffer_reg[36]/C
                         clock pessimism              0.115    12.782    
                         clock uncertainty           -0.154    12.628    
    SLICE_X40Y16         FDCE (Recov_fdce_C_CLR)     -0.609    12.019    design_1_i/RFC8439_0/inst/RFC8439_v1_0_S00_AXI_inst/Rfc8439_core/ks_next_buffer_reg[36]
  -------------------------------------------------------------------
                         required time                         12.019    
                         arrival time                         -10.825    
  -------------------------------------------------------------------
                         slack                                  1.194    

Slack (MET) :             1.199ns  (required time - arrival time)
  Source:                 design_1_i/rst_ps7_0_100M/U0/ACTIVE_LOW_PR_OUT_DFF[0].FDRE_PER_N/C
                            (rising edge-triggered cell FDRE clocked by clk_fpga_0  {rise@0.000ns fall@5.000ns period=10.000ns})
  Destination:            design_1_i/RFC8439_0/inst/RFC8439_v1_0_S00_AXI_inst/Rfc8439_core/ks_buffer_reg[164]/CLR
                            (recovery check against rising-edge clock clk_fpga_0  {rise@0.000ns fall@5.000ns period=10.000ns})
  Path Group:             **async_default**
  Path Type:              Recovery (Max at Slow Process Corner)
  Requirement:            10.000ns  (clk_fpga_0 rise@10.000ns - clk_fpga_0 rise@0.000ns)
  Data Path Delay:        7.623ns  (logic 0.668ns (8.763%)  route 6.955ns (91.237%))
  Logic Levels:           1  (LUT1=1)
  Clock Path Skew:        -0.416ns (DCD - SCD + CPR)
    Destination Clock Delay (DCD):    2.667ns = ( 12.667 - 10.000 ) 
    Source Clock Delay      (SCD):    3.198ns
    Clock Pessimism Removal (CPR):    0.115ns
  Clock Uncertainty:      0.154ns  ((TSJ^2 + TIJ^2)^1/2 + DJ) / 2 + PE
    Total System Jitter     (TSJ):    0.071ns
    Total Input Jitter      (TIJ):    0.300ns
    Discrete Jitter          (DJ):    0.000ns
    Phase Error              (PE):    0.000ns

    Location             Delay type                Incr(ns)  Path(ns)    Netlist Resource(s)
  -------------------------------------------------------------------    -------------------
                         (clock clk_fpga_0 rise edge)
                                                      0.000     0.000 r  
    PS7_X0Y0             PS7                          0.000     0.000 r  design_1_i/processing_system7_0/inst/PS7_i/FCLKCLK[0]
                         net (fo=1, routed)           1.193     1.193    design_1_i/processing_system7_0/inst/FCLK_CLK_unbuffered[0]
    BUFGCTRL_X0Y16       BUFG (Prop_bufg_I_O)         0.101     1.294 r  design_1_i/processing_system7_0/inst/buffer_fclk_clk_0.FCLK_CLK_0_BUFG/O
                         net (fo=13923, routed)       1.904     3.198    design_1_i/rst_ps7_0_100M/U0/slowest_sync_clk
    SLICE_X62Y109        FDRE                                         r  design_1_i/rst_ps7_0_100M/U0/ACTIVE_LOW_PR_OUT_DFF[0].FDRE_PER_N/C
  -------------------------------------------------------------------    -------------------
    SLICE_X62Y109        FDRE (Prop_fdre_C_Q)         0.518     3.716 r  design_1_i/rst_ps7_0_100M/U0/ACTIVE_LOW_PR_OUT_DFF[0].FDRE_PER_N/Q
                         net (fo=51, routed)          2.141     5.857    design_1_i/RFC8439_0/inst/RFC8439_v1_0_S00_AXI_inst/Rfc8439_core/u_poly1305/s00_axi_aresetn
    SLICE_X66Y68         LUT1 (Prop_lut1_I0_O)        0.150     6.007 f  design_1_i/RFC8439_0/inst/RFC8439_v1_0_S00_AXI_inst/Rfc8439_core/u_poly1305/FSM_onehot_wr_state[1]_i_2/O
                         net (fo=3834, routed)        4.814    10.821    design_1_i/RFC8439_0/inst/RFC8439_v1_0_S00_AXI_inst/Rfc8439_core/s00_axi_aresetn_0
    SLICE_X41Y16         FDCE                                         f  design_1_i/RFC8439_0/inst/RFC8439_v1_0_S00_AXI_inst/Rfc8439_core/ks_buffer_reg[164]/CLR
  -------------------------------------------------------------------    -------------------

                         (clock clk_fpga_0 rise edge)
                                                     10.000    10.000 r  
    PS7_X0Y0             PS7                          0.000    10.000 r  design_1_i/processing_system7_0/inst/PS7_i/FCLKCLK[0]
                         net (fo=1, routed)           1.088    11.088    design_1_i/processing_system7_0/inst/FCLK_CLK_unbuffered[0]
    BUFGCTRL_X0Y16       BUFG (Prop_bufg_I_O)         0.091    11.179 r  design_1_i/processing_system7_0/inst/buffer_fclk_clk_0.FCLK_CLK_0_BUFG/O
                         net (fo=13923, routed)       1.488    12.667    design_1_i/RFC8439_0/inst/RFC8439_v1_0_S00_AXI_inst/Rfc8439_core/s00_axi_aclk
    SLICE_X41Y16         FDCE                                         r  design_1_i/RFC8439_0/inst/RFC8439_v1_0_S00_AXI_inst/Rfc8439_core/ks_buffer_reg[164]/C
                         clock pessimism              0.115    12.782    
                         clock uncertainty           -0.154    12.628    
    SLICE_X41Y16         FDCE (Recov_fdce_C_CLR)     -0.609    12.019    design_1_i/RFC8439_0/inst/RFC8439_v1_0_S00_AXI_inst/Rfc8439_core/ks_buffer_reg[164]
  -------------------------------------------------------------------
                         required time                         12.019    
                         arrival time                         -10.821    
  -------------------------------------------------------------------
                         slack                                  1.199    

Slack (MET) :             1.199ns  (required time - arrival time)
  Source:                 design_1_i/rst_ps7_0_100M/U0/ACTIVE_LOW_PR_OUT_DFF[0].FDRE_PER_N/C
                            (rising edge-triggered cell FDRE clocked by clk_fpga_0  {rise@0.000ns fall@5.000ns period=10.000ns})
  Destination:            design_1_i/RFC8439_0/inst/RFC8439_v1_0_S00_AXI_inst/Rfc8439_core/ks_buffer_reg[36]/CLR
                            (recovery check against rising-edge clock clk_fpga_0  {rise@0.000ns fall@5.000ns period=10.000ns})
  Path Group:             **async_default**
  Path Type:              Recovery (Max at Slow Process Corner)
  Requirement:            10.000ns  (clk_fpga_0 rise@10.000ns - clk_fpga_0 rise@0.000ns)
  Data Path Delay:        7.623ns  (logic 0.668ns (8.763%)  route 6.955ns (91.237%))
  Logic Levels:           1  (LUT1=1)
  Clock Path Skew:        -0.416ns (DCD - SCD + CPR)
    Destination Clock Delay (DCD):    2.667ns = ( 12.667 - 10.000 ) 
    Source Clock Delay      (SCD):    3.198ns
    Clock Pessimism Removal (CPR):    0.115ns
  Clock Uncertainty:      0.154ns  ((TSJ^2 + TIJ^2)^1/2 + DJ) / 2 + PE
    Total System Jitter     (TSJ):    0.071ns
    Total Input Jitter      (TIJ):    0.300ns
    Discrete Jitter          (DJ):    0.000ns
    Phase Error              (PE):    0.000ns

    Location             Delay type                Incr(ns)  Path(ns)    Netlist Resource(s)
  -------------------------------------------------------------------    -------------------
                         (clock clk_fpga_0 rise edge)
                                                      0.000     0.000 r  
    PS7_X0Y0             PS7                          0.000     0.000 r  design_1_i/processing_system7_0/inst/PS7_i/FCLKCLK[0]
                         net (fo=1, routed)           1.193     1.193    design_1_i/processing_system7_0/inst/FCLK_CLK_unbuffered[0]
    BUFGCTRL_X0Y16       BUFG (Prop_bufg_I_O)         0.101     1.294 r  design_1_i/processing_system7_0/inst/buffer_fclk_clk_0.FCLK_CLK_0_BUFG/O
                         net (fo=13923, routed)       1.904     3.198    design_1_i/rst_ps7_0_100M/U0/slowest_sync_clk
    SLICE_X62Y109        FDRE                                         r  design_1_i/rst_ps7_0_100M/U0/ACTIVE_LOW_PR_OUT_DFF[0].FDRE_PER_N/C
  -------------------------------------------------------------------    -------------------
    SLICE_X62Y109        FDRE (Prop_fdre_C_Q)         0.518     3.716 r  design_1_i/rst_ps7_0_100M/U0/ACTIVE_LOW_PR_OUT_DFF[0].FDRE_PER_N/Q
                         net (fo=51, routed)          2.141     5.857    design_1_i/RFC8439_0/inst/RFC8439_v1_0_S00_AXI_inst/Rfc8439_core/u_poly1305/s00_axi_aresetn
    SLICE_X66Y68         LUT1 (Prop_lut1_I0_O)        0.150     6.007 f  design_1_i/RFC8439_0/inst/RFC8439_v1_0_S00_AXI_inst/Rfc8439_core/u_poly1305/FSM_onehot_wr_state[1]_i_2/O
                         net (fo=3834, routed)        4.814    10.821    design_1_i/RFC8439_0/inst/RFC8439_v1_0_S00_AXI_inst/Rfc8439_core/s00_axi_aresetn_0
    SLICE_X41Y16         FDCE                                         f  design_1_i/RFC8439_0/inst/RFC8439_v1_0_S00_AXI_inst/Rfc8439_core/ks_buffer_reg[36]/CLR
  -------------------------------------------------------------------    -------------------

                         (clock clk_fpga_0 rise edge)
                                                     10.000    10.000 r  
    PS7_X0Y0             PS7                          0.000    10.000 r  design_1_i/processing_system7_0/inst/PS7_i/FCLKCLK[0]
                         net (fo=1, routed)           1.088    11.088    design_1_i/processing_system7_0/inst/FCLK_CLK_unbuffered[0]
    BUFGCTRL_X0Y16       BUFG (Prop_bufg_I_O)         0.091    11.179 r  design_1_i/processing_system7_0/inst/buffer_fclk_clk_0.FCLK_CLK_0_BUFG/O
                         net (fo=13923, routed)       1.488    12.667    design_1_i/RFC8439_0/inst/RFC8439_v1_0_S00_AXI_inst/Rfc8439_core/s00_axi_aclk
    SLICE_X41Y16         FDCE                                         r  design_1_i/RFC8439_0/inst/RFC8439_v1_0_S00_AXI_inst/Rfc8439_core/ks_buffer_reg[36]/C
                         clock pessimism              0.115    12.782    
                         clock uncertainty           -0.154    12.628    
    SLICE_X41Y16         FDCE (Recov_fdce_C_CLR)     -0.609    12.019    design_1_i/RFC8439_0/inst/RFC8439_v1_0_S00_AXI_inst/Rfc8439_core/ks_buffer_reg[36]
  -------------------------------------------------------------------
                         required time                         12.019    
                         arrival time                         -10.821    
  -------------------------------------------------------------------
                         slack                                  1.199    

Slack (MET) :             1.203ns  (required time - arrival time)
  Source:                 design_1_i/rst_ps7_0_100M/U0/ACTIVE_LOW_PR_OUT_DFF[0].FDRE_PER_N/C
                            (rising edge-triggered cell FDRE clocked by clk_fpga_0  {rise@0.000ns fall@5.000ns period=10.000ns})
  Destination:            design_1_i/RFC8439_0/inst/RFC8439_v1_0_S00_AXI_inst/Rfc8439_core/u_poly1305/r3_reg[0]_replica_1/CLR
                            (recovery check against rising-edge clock clk_fpga_0  {rise@0.000ns fall@5.000ns period=10.000ns})
  Path Group:             **async_default**
  Path Type:              Recovery (Max at Slow Process Corner)
  Requirement:            10.000ns  (clk_fpga_0 rise@10.000ns - clk_fpga_0 rise@0.000ns)
  Data Path Delay:        7.626ns  (logic 0.668ns (8.759%)  route 6.958ns (91.241%))
  Logic Levels:           1  (LUT1=1)
  Clock Path Skew:        -0.408ns (DCD - SCD + CPR)
    Destination Clock Delay (DCD):    2.675ns = ( 12.675 - 10.000 ) 
    Source Clock Delay      (SCD):    3.198ns
    Clock Pessimism Removal (CPR):    0.115ns
  Clock Uncertainty:      0.154ns  ((TSJ^2 + TIJ^2)^1/2 + DJ) / 2 + PE
    Total System Jitter     (TSJ):    0.071ns
    Total Input Jitter      (TIJ):    0.300ns
    Discrete Jitter          (DJ):    0.000ns
    Phase Error              (PE):    0.000ns

    Location             Delay type                Incr(ns)  Path(ns)    Netlist Resource(s)
  -------------------------------------------------------------------    -------------------
                         (clock clk_fpga_0 rise edge)
                                                      0.000     0.000 r  
    PS7_X0Y0             PS7                          0.000     0.000 r  design_1_i/processing_system7_0/inst/PS7_i/FCLKCLK[0]
                         net (fo=1, routed)           1.193     1.193    design_1_i/processing_system7_0/inst/FCLK_CLK_unbuffered[0]
    BUFGCTRL_X0Y16       BUFG (Prop_bufg_I_O)         0.101     1.294 r  design_1_i/processing_system7_0/inst/buffer_fclk_clk_0.FCLK_CLK_0_BUFG/O
                         net (fo=13923, routed)       1.904     3.198    design_1_i/rst_ps7_0_100M/U0/slowest_sync_clk
    SLICE_X62Y109        FDRE                                         r  design_1_i/rst_ps7_0_100M/U0/ACTIVE_LOW_PR_OUT_DFF[0].FDRE_PER_N/C
  -------------------------------------------------------------------    -------------------
    SLICE_X62Y109        FDRE (Prop_fdre_C_Q)         0.518     3.716 r  design_1_i/rst_ps7_0_100M/U0/ACTIVE_LOW_PR_OUT_DFF[0].FDRE_PER_N/Q
                         net (fo=51, routed)          2.141     5.857    design_1_i/RFC8439_0/inst/RFC8439_v1_0_S00_AXI_inst/Rfc8439_core/u_poly1305/s00_axi_aresetn
    SLICE_X66Y68         LUT1 (Prop_lut1_I0_O)        0.150     6.007 f  design_1_i/RFC8439_0/inst/RFC8439_v1_0_S00_AXI_inst/Rfc8439_core/u_poly1305/FSM_onehot_wr_state[1]_i_2/O
                         net (fo=3834, routed)        4.818    10.824    design_1_i/RFC8439_0/inst/RFC8439_v1_0_S00_AXI_inst/Rfc8439_core/u_poly1305/AR[0]
    SLICE_X35Y4          FDCE                                         f  design_1_i/RFC8439_0/inst/RFC8439_v1_0_S00_AXI_inst/Rfc8439_core/u_poly1305/r3_reg[0]_replica_1/CLR
  -------------------------------------------------------------------    -------------------

                         (clock clk_fpga_0 rise edge)
                                                     10.000    10.000 r  
    PS7_X0Y0             PS7                          0.000    10.000 r  design_1_i/processing_system7_0/inst/PS7_i/FCLKCLK[0]
                         net (fo=1, routed)           1.088    11.088    design_1_i/processing_system7_0/inst/FCLK_CLK_unbuffered[0]
    BUFGCTRL_X0Y16       BUFG (Prop_bufg_I_O)         0.091    11.179 r  design_1_i/processing_system7_0/inst/buffer_fclk_clk_0.FCLK_CLK_0_BUFG/O
                         net (fo=13923, routed)       1.496    12.675    design_1_i/RFC8439_0/inst/RFC8439_v1_0_S00_AXI_inst/Rfc8439_core/u_poly1305/s00_axi_aclk
    SLICE_X35Y4          FDCE                                         r  design_1_i/RFC8439_0/inst/RFC8439_v1_0_S00_AXI_inst/Rfc8439_core/u_poly1305/r3_reg[0]_replica_1/C
                         clock pessimism              0.115    12.790    
                         clock uncertainty           -0.154    12.636    
    SLICE_X35Y4          FDCE (Recov_fdce_C_CLR)     -0.609    12.027    design_1_i/RFC8439_0/inst/RFC8439_v1_0_S00_AXI_inst/Rfc8439_core/u_poly1305/r3_reg[0]_replica_1
  -------------------------------------------------------------------
                         required time                         12.027    
                         arrival time                         -10.824    
  -------------------------------------------------------------------
                         slack                                  1.203    





Min Delay Paths
--------------------------------------------------------------------------------------
Slack (MET) :             1.493ns  (arrival time - required time)
  Source:                 design_1_i/rst_ps7_0_100M/U0/ACTIVE_LOW_PR_OUT_DFF[0].FDRE_PER_N/C
                            (rising edge-triggered cell FDRE clocked by clk_fpga_0  {rise@0.000ns fall@5.000ns period=10.000ns})
  Destination:            design_1_i/RFC8439_0/inst/RFC8439_v1_0_S00_AXI_inst/Rfc8439_core/poly_key_reg_reg[34]/CLR
                            (removal check against rising-edge clock clk_fpga_0  {rise@0.000ns fall@5.000ns period=10.000ns})
  Path Group:             **async_default**
  Path Type:              Removal (Min at Fast Process Corner)
  Requirement:            0.000ns  (clk_fpga_0 rise@0.000ns - clk_fpga_0 rise@0.000ns)
  Data Path Delay:        1.516ns  (logic 0.210ns (13.851%)  route 1.306ns (86.149%))
  Logic Levels:           1  (LUT1=1)
  Clock Path Skew:        0.181ns (DCD - SCD - CPR)
    Destination Clock Delay (DCD):    1.212ns
    Source Clock Delay      (SCD):    0.996ns
    Clock Pessimism Removal (CPR):    0.035ns

    Location             Delay type                Incr(ns)  Path(ns)    Netlist Resource(s)
  -------------------------------------------------------------------    -------------------
                         (clock clk_fpga_0 rise edge)
                                                      0.000     0.000 r  
    PS7_X0Y0             PS7                          0.000     0.000 r  design_1_i/processing_system7_0/inst/PS7_i/FCLKCLK[0]
                         net (fo=1, routed)           0.310     0.310    design_1_i/processing_system7_0/inst/FCLK_CLK_unbuffered[0]
    BUFGCTRL_X0Y16       BUFG (Prop_bufg_I_O)         0.026     0.336 r  design_1_i/processing_system7_0/inst/buffer_fclk_clk_0.FCLK_CLK_0_BUFG/O
                         net (fo=13923, routed)       0.660     0.996    design_1_i/rst_ps7_0_100M/U0/slowest_sync_clk
    SLICE_X62Y109        FDRE                                         r  design_1_i/rst_ps7_0_100M/U0/ACTIVE_LOW_PR_OUT_DFF[0].FDRE_PER_N/C
  -------------------------------------------------------------------    -------------------
    SLICE_X62Y109        FDRE (Prop_fdre_C_Q)         0.164     1.160 r  design_1_i/rst_ps7_0_100M/U0/ACTIVE_LOW_PR_OUT_DFF[0].FDRE_PER_N/Q
                         net (fo=51, routed)          0.915     2.075    design_1_i/RFC8439_0/inst/RFC8439_v1_0_S00_AXI_inst/Rfc8439_core/u_poly1305/s00_axi_aresetn
    SLICE_X66Y68         LUT1 (Prop_lut1_I0_O)        0.046     2.121 f  design_1_i/RFC8439_0/inst/RFC8439_v1_0_S00_AXI_inst/Rfc8439_core/u_poly1305/FSM_onehot_wr_state[1]_i_2/O
                         net (fo=3834, routed)        0.392     2.512    design_1_i/RFC8439_0/inst/RFC8439_v1_0_S00_AXI_inst/Rfc8439_core/s00_axi_aresetn_0
    SLICE_X61Y61         FDCE                                         f  design_1_i/RFC8439_0/inst/RFC8439_v1_0_S00_AXI_inst/Rfc8439_core/poly_key_reg_reg[34]/CLR
  -------------------------------------------------------------------    -------------------

                         (clock clk_fpga_0 rise edge)
                                                      0.000     0.000 r  
    PS7_X0Y0             PS7                          0.000     0.000 r  design_1_i/processing_system7_0/inst/PS7_i/FCLKCLK[0]
                         net (fo=1, routed)           0.337     0.337    design_1_i/processing_system7_0/inst/FCLK_CLK_unbuffered[0]
    BUFGCTRL_X0Y16       BUFG (Prop_bufg_I_O)         0.029     0.366 r  design_1_i/processing_system7_0/inst/buffer_fclk_clk_0.FCLK_CLK_0_BUFG/O
                         net (fo=13923, routed)       0.846     1.212    design_1_i/RFC8439_0/inst/RFC8439_v1_0_S00_AXI_inst/Rfc8439_core/s00_axi_aclk
    SLICE_X61Y61         FDCE                                         r  design_1_i/RFC8439_0/inst/RFC8439_v1_0_S00_AXI_inst/Rfc8439_core/poly_key_reg_reg[34]/C
                         clock pessimism             -0.035     1.177    
    SLICE_X61Y61         FDCE (Remov_fdce_C_CLR)     -0.158     1.019    design_1_i/RFC8439_0/inst/RFC8439_v1_0_S00_AXI_inst/Rfc8439_core/poly_key_reg_reg[34]
  -------------------------------------------------------------------
                         required time                         -1.019    
                         arrival time                           2.512    
  -------------------------------------------------------------------
                         slack                                  1.493    

Slack (MET) :             1.633ns  (arrival time - required time)
  Source:                 design_1_i/rst_ps7_0_100M/U0/ACTIVE_LOW_PR_OUT_DFF[0].FDRE_PER_N/C
                            (rising edge-triggered cell FDRE clocked by clk_fpga_0  {rise@0.000ns fall@5.000ns period=10.000ns})
  Destination:            design_1_i/RFC8439_0/inst/RFC8439_v1_0_S00_AXI_inst/Rfc8439_core/raw_rd_buf_reg[30]/CLR
                            (removal check against rising-edge clock clk_fpga_0  {rise@0.000ns fall@5.000ns period=10.000ns})
  Path Group:             **async_default**
  Path Type:              Removal (Min at Fast Process Corner)
  Requirement:            0.000ns  (clk_fpga_0 rise@0.000ns - clk_fpga_0 rise@0.000ns)
  Data Path Delay:        1.691ns  (logic 0.210ns (12.419%)  route 1.481ns (87.581%))
  Logic Levels:           1  (LUT1=1)
  Clock Path Skew:        0.191ns (DCD - SCD - CPR)
    Destination Clock Delay (DCD):    1.217ns
    Source Clock Delay      (SCD):    0.996ns
    Clock Pessimism Removal (CPR):    0.030ns

    Location             Delay type                Incr(ns)  Path(ns)    Netlist Resource(s)
  -------------------------------------------------------------------    -------------------
                         (clock clk_fpga_0 rise edge)
                                                      0.000     0.000 r  
    PS7_X0Y0             PS7                          0.000     0.000 r  design_1_i/processing_system7_0/inst/PS7_i/FCLKCLK[0]
                         net (fo=1, routed)           0.310     0.310    design_1_i/processing_system7_0/inst/FCLK_CLK_unbuffered[0]
    BUFGCTRL_X0Y16       BUFG (Prop_bufg_I_O)         0.026     0.336 r  design_1_i/processing_system7_0/inst/buffer_fclk_clk_0.FCLK_CLK_0_BUFG/O
                         net (fo=13923, routed)       0.660     0.996    design_1_i/rst_ps7_0_100M/U0/slowest_sync_clk
    SLICE_X62Y109        FDRE                                         r  design_1_i/rst_ps7_0_100M/U0/ACTIVE_LOW_PR_OUT_DFF[0].FDRE_PER_N/C
  -------------------------------------------------------------------    -------------------
    SLICE_X62Y109        FDRE (Prop_fdre_C_Q)         0.164     1.160 r  design_1_i/rst_ps7_0_100M/U0/ACTIVE_LOW_PR_OUT_DFF[0].FDRE_PER_N/Q
                         net (fo=51, routed)          0.915     2.075    design_1_i/RFC8439_0/inst/RFC8439_v1_0_S00_AXI_inst/Rfc8439_core/u_poly1305/s00_axi_aresetn
    SLICE_X66Y68         LUT1 (Prop_lut1_I0_O)        0.046     2.121 f  design_1_i/RFC8439_0/inst/RFC8439_v1_0_S00_AXI_inst/Rfc8439_core/u_poly1305/FSM_onehot_wr_state[1]_i_2/O
                         net (fo=3834, routed)        0.567     2.687    design_1_i/RFC8439_0/inst/RFC8439_v1_0_S00_AXI_inst/Rfc8439_core/s00_axi_aresetn_0
    SLICE_X58Y42         FDCE                                         f  design_1_i/RFC8439_0/inst/RFC8439_v1_0_S00_AXI_inst/Rfc8439_core/raw_rd_buf_reg[30]/CLR
  -------------------------------------------------------------------    -------------------

                         (clock clk_fpga_0 rise edge)
                                                      0.000     0.000 r  
    PS7_X0Y0             PS7                          0.000     0.000 r  design_1_i/processing_system7_0/inst/PS7_i/FCLKCLK[0]
                         net (fo=1, routed)           0.337     0.337    design_1_i/processing_system7_0/inst/FCLK_CLK_unbuffered[0]
    BUFGCTRL_X0Y16       BUFG (Prop_bufg_I_O)         0.029     0.366 r  design_1_i/processing_system7_0/inst/buffer_fclk_clk_0.FCLK_CLK_0_BUFG/O
                         net (fo=13923, routed)       0.851     1.217    design_1_i/RFC8439_0/inst/RFC8439_v1_0_S00_AXI_inst/Rfc8439_core/s00_axi_aclk
    SLICE_X58Y42         FDCE                                         r  design_1_i/RFC8439_0/inst/RFC8439_v1_0_S00_AXI_inst/Rfc8439_core/raw_rd_buf_reg[30]/C
                         clock pessimism             -0.030     1.187    
    SLICE_X58Y42         FDCE (Remov_fdce_C_CLR)     -0.133     1.054    design_1_i/RFC8439_0/inst/RFC8439_v1_0_S00_AXI_inst/Rfc8439_core/raw_rd_buf_reg[30]
  -------------------------------------------------------------------
                         required time                         -1.054    
                         arrival time                           2.687    
  -------------------------------------------------------------------
                         slack                                  1.633    

Slack (MET) :             1.633ns  (arrival time - required time)
  Source:                 design_1_i/rst_ps7_0_100M/U0/ACTIVE_LOW_PR_OUT_DFF[0].FDRE_PER_N/C
                            (rising edge-triggered cell FDRE clocked by clk_fpga_0  {rise@0.000ns fall@5.000ns period=10.000ns})
  Destination:            design_1_i/RFC8439_0/inst/RFC8439_v1_0_S00_AXI_inst/Rfc8439_core/raw_rd_buf_reg[54]/CLR
                            (removal check against rising-edge clock clk_fpga_0  {rise@0.000ns fall@5.000ns period=10.000ns})
  Path Group:             **async_default**
  Path Type:              Removal (Min at Fast Process Corner)
  Requirement:            0.000ns  (clk_fpga_0 rise@0.000ns - clk_fpga_0 rise@0.000ns)
  Data Path Delay:        1.691ns  (logic 0.210ns (12.419%)  route 1.481ns (87.581%))
  Logic Levels:           1  (LUT1=1)
  Clock Path Skew:        0.191ns (DCD - SCD - CPR)
    Destination Clock Delay (DCD):    1.217ns
    Source Clock Delay      (SCD):    0.996ns
    Clock Pessimism Removal (CPR):    0.030ns

    Location             Delay type                Incr(ns)  Path(ns)    Netlist Resource(s)
  -------------------------------------------------------------------    -------------------
                         (clock clk_fpga_0 rise edge)
                                                      0.000     0.000 r  
    PS7_X0Y0             PS7                          0.000     0.000 r  design_1_i/processing_system7_0/inst/PS7_i/FCLKCLK[0]
                         net (fo=1, routed)           0.310     0.310    design_1_i/processing_system7_0/inst/FCLK_CLK_unbuffered[0]
    BUFGCTRL_X0Y16       BUFG (Prop_bufg_I_O)         0.026     0.336 r  design_1_i/processing_system7_0/inst/buffer_fclk_clk_0.FCLK_CLK_0_BUFG/O
                         net (fo=13923, routed)       0.660     0.996    design_1_i/rst_ps7_0_100M/U0/slowest_sync_clk
    SLICE_X62Y109        FDRE                                         r  design_1_i/rst_ps7_0_100M/U0/ACTIVE_LOW_PR_OUT_DFF[0].FDRE_PER_N/C
  -------------------------------------------------------------------    -------------------
    SLICE_X62Y109        FDRE (Prop_fdre_C_Q)         0.164     1.160 r  design_1_i/rst_ps7_0_100M/U0/ACTIVE_LOW_PR_OUT_DFF[0].FDRE_PER_N/Q
                         net (fo=51, routed)          0.915     2.075    design_1_i/RFC8439_0/inst/RFC8439_v1_0_S00_AXI_inst/Rfc8439_core/u_poly1305/s00_axi_aresetn
    SLICE_X66Y68         LUT1 (Prop_lut1_I0_O)        0.046     2.121 f  design_1_i/RFC8439_0/inst/RFC8439_v1_0_S00_AXI_inst/Rfc8439_core/u_poly1305/FSM_onehot_wr_state[1]_i_2/O
                         net (fo=3834, routed)        0.567     2.687    design_1_i/RFC8439_0/inst/RFC8439_v1_0_S00_AXI_inst/Rfc8439_core/s00_axi_aresetn_0
    SLICE_X58Y42         FDCE                                         f  design_1_i/RFC8439_0/inst/RFC8439_v1_0_S00_AXI_inst/Rfc8439_core/raw_rd_buf_reg[54]/CLR
  -------------------------------------------------------------------    -------------------

                         (clock clk_fpga_0 rise edge)
                                                      0.000     0.000 r  
    PS7_X0Y0             PS7                          0.000     0.000 r  design_1_i/processing_system7_0/inst/PS7_i/FCLKCLK[0]
                         net (fo=1, routed)           0.337     0.337    design_1_i/processing_system7_0/inst/FCLK_CLK_unbuffered[0]
    BUFGCTRL_X0Y16       BUFG (Prop_bufg_I_O)         0.029     0.366 r  design_1_i/processing_system7_0/inst/buffer_fclk_clk_0.FCLK_CLK_0_BUFG/O
                         net (fo=13923, routed)       0.851     1.217    design_1_i/RFC8439_0/inst/RFC8439_v1_0_S00_AXI_inst/Rfc8439_core/s00_axi_aclk
    SLICE_X58Y42         FDCE                                         r  design_1_i/RFC8439_0/inst/RFC8439_v1_0_S00_AXI_inst/Rfc8439_core/raw_rd_buf_reg[54]/C
                         clock pessimism             -0.030     1.187    
    SLICE_X58Y42         FDCE (Remov_fdce_C_CLR)     -0.133     1.054    design_1_i/RFC8439_0/inst/RFC8439_v1_0_S00_AXI_inst/Rfc8439_core/raw_rd_buf_reg[54]
  -------------------------------------------------------------------
                         required time                         -1.054    
                         arrival time                           2.687    
  -------------------------------------------------------------------
                         slack                                  1.633    

Slack (MET) :             1.633ns  (arrival time - required time)
  Source:                 design_1_i/rst_ps7_0_100M/U0/ACTIVE_LOW_PR_OUT_DFF[0].FDRE_PER_N/C
                            (rising edge-triggered cell FDRE clocked by clk_fpga_0  {rise@0.000ns fall@5.000ns period=10.000ns})
  Destination:            design_1_i/RFC8439_0/inst/RFC8439_v1_0_S00_AXI_inst/Rfc8439_core/raw_rd_buf_reg[62]/CLR
                            (removal check against rising-edge clock clk_fpga_0  {rise@0.000ns fall@5.000ns period=10.000ns})
  Path Group:             **async_default**
  Path Type:              Removal (Min at Fast Process Corner)
  Requirement:            0.000ns  (clk_fpga_0 rise@0.000ns - clk_fpga_0 rise@0.000ns)
  Data Path Delay:        1.691ns  (logic 0.210ns (12.419%)  route 1.481ns (87.581%))
  Logic Levels:           1  (LUT1=1)
  Clock Path Skew:        0.191ns (DCD - SCD - CPR)
    Destination Clock Delay (DCD):    1.217ns
    Source Clock Delay      (SCD):    0.996ns
    Clock Pessimism Removal (CPR):    0.030ns

    Location             Delay type                Incr(ns)  Path(ns)    Netlist Resource(s)
  -------------------------------------------------------------------    -------------------
                         (clock clk_fpga_0 rise edge)
                                                      0.000     0.000 r  
    PS7_X0Y0             PS7                          0.000     0.000 r  design_1_i/processing_system7_0/inst/PS7_i/FCLKCLK[0]
                         net (fo=1, routed)           0.310     0.310    design_1_i/processing_system7_0/inst/FCLK_CLK_unbuffered[0]
    BUFGCTRL_X0Y16       BUFG (Prop_bufg_I_O)         0.026     0.336 r  design_1_i/processing_system7_0/inst/buffer_fclk_clk_0.FCLK_CLK_0_BUFG/O
                         net (fo=13923, routed)       0.660     0.996    design_1_i/rst_ps7_0_100M/U0/slowest_sync_clk
    SLICE_X62Y109        FDRE                                         r  design_1_i/rst_ps7_0_100M/U0/ACTIVE_LOW_PR_OUT_DFF[0].FDRE_PER_N/C
  -------------------------------------------------------------------    -------------------
    SLICE_X62Y109        FDRE (Prop_fdre_C_Q)         0.164     1.160 r  design_1_i/rst_ps7_0_100M/U0/ACTIVE_LOW_PR_OUT_DFF[0].FDRE_PER_N/Q
                         net (fo=51, routed)          0.915     2.075    design_1_i/RFC8439_0/inst/RFC8439_v1_0_S00_AXI_inst/Rfc8439_core/u_poly1305/s00_axi_aresetn
    SLICE_X66Y68         LUT1 (Prop_lut1_I0_O)        0.046     2.121 f  design_1_i/RFC8439_0/inst/RFC8439_v1_0_S00_AXI_inst/Rfc8439_core/u_poly1305/FSM_onehot_wr_state[1]_i_2/O
                         net (fo=3834, routed)        0.567     2.687    design_1_i/RFC8439_0/inst/RFC8439_v1_0_S00_AXI_inst/Rfc8439_core/s00_axi_aresetn_0
    SLICE_X58Y42         FDCE                                         f  design_1_i/RFC8439_0/inst/RFC8439_v1_0_S00_AXI_inst/Rfc8439_core/raw_rd_buf_reg[62]/CLR
  -------------------------------------------------------------------    -------------------

                         (clock clk_fpga_0 rise edge)
                                                      0.000     0.000 r  
    PS7_X0Y0             PS7                          0.000     0.000 r  design_1_i/processing_system7_0/inst/PS7_i/FCLKCLK[0]
                         net (fo=1, routed)           0.337     0.337    design_1_i/processing_system7_0/inst/FCLK_CLK_unbuffered[0]
    BUFGCTRL_X0Y16       BUFG (Prop_bufg_I_O)         0.029     0.366 r  design_1_i/processing_system7_0/inst/buffer_fclk_clk_0.FCLK_CLK_0_BUFG/O
                         net (fo=13923, routed)       0.851     1.217    design_1_i/RFC8439_0/inst/RFC8439_v1_0_S00_AXI_inst/Rfc8439_core/s00_axi_aclk
    SLICE_X58Y42         FDCE                                         r  design_1_i/RFC8439_0/inst/RFC8439_v1_0_S00_AXI_inst/Rfc8439_core/raw_rd_buf_reg[62]/C
                         clock pessimism             -0.030     1.187    
    SLICE_X58Y42         FDCE (Remov_fdce_C_CLR)     -0.133     1.054    design_1_i/RFC8439_0/inst/RFC8439_v1_0_S00_AXI_inst/Rfc8439_core/raw_rd_buf_reg[62]
  -------------------------------------------------------------------
                         required time                         -1.054    
                         arrival time                           2.687    
  -------------------------------------------------------------------
                         slack                                  1.633    

Slack (MET) :             1.645ns  (arrival time - required time)
  Source:                 design_1_i/rst_ps7_0_100M/U0/ACTIVE_LOW_PR_OUT_DFF[0].FDRE_PER_N/C
                            (rising edge-triggered cell FDRE clocked by clk_fpga_0  {rise@0.000ns fall@5.000ns period=10.000ns})
  Destination:            design_1_i/RFC8439_0/inst/RFC8439_v1_0_S00_AXI_inst/Rfc8439_core/poly_key_reg_reg[247]/CLR
                            (removal check against rising-edge clock clk_fpga_0  {rise@0.000ns fall@5.000ns period=10.000ns})
  Path Group:             **async_default**
  Path Type:              Removal (Min at Fast Process Corner)
  Requirement:            0.000ns  (clk_fpga_0 rise@0.000ns - clk_fpga_0 rise@0.000ns)
  Data Path Delay:        1.696ns  (logic 0.210ns (12.385%)  route 1.486ns (87.615%))
  Logic Levels:           1  (LUT1=1)
  Clock Path Skew:        0.184ns (DCD - SCD - CPR)
    Destination Clock Delay (DCD):    1.215ns
    Source Clock Delay      (SCD):    0.996ns
    Clock Pessimism Removal (CPR):    0.035ns

    Location             Delay type                Incr(ns)  Path(ns)    Netlist Resource(s)
  -------------------------------------------------------------------    -------------------
                         (clock clk_fpga_0 rise edge)
                                                      0.000     0.000 r  
    PS7_X0Y0             PS7                          0.000     0.000 r  design_1_i/processing_system7_0/inst/PS7_i/FCLKCLK[0]
                         net (fo=1, routed)           0.310     0.310    design_1_i/processing_system7_0/inst/FCLK_CLK_unbuffered[0]
    BUFGCTRL_X0Y16       BUFG (Prop_bufg_I_O)         0.026     0.336 r  design_1_i/processing_system7_0/inst/buffer_fclk_clk_0.FCLK_CLK_0_BUFG/O
                         net (fo=13923, routed)       0.660     0.996    design_1_i/rst_ps7_0_100M/U0/slowest_sync_clk
    SLICE_X62Y109        FDRE                                         r  design_1_i/rst_ps7_0_100M/U0/ACTIVE_LOW_PR_OUT_DFF[0].FDRE_PER_N/C
  -------------------------------------------------------------------    -------------------
    SLICE_X62Y109        FDRE (Prop_fdre_C_Q)         0.164     1.160 r  design_1_i/rst_ps7_0_100M/U0/ACTIVE_LOW_PR_OUT_DFF[0].FDRE_PER_N/Q
                         net (fo=51, routed)          0.915     2.075    design_1_i/RFC8439_0/inst/RFC8439_v1_0_S00_AXI_inst/Rfc8439_core/u_poly1305/s00_axi_aresetn
    SLICE_X66Y68         LUT1 (Prop_lut1_I0_O)        0.046     2.121 f  design_1_i/RFC8439_0/inst/RFC8439_v1_0_S00_AXI_inst/Rfc8439_core/u_poly1305/FSM_onehot_wr_state[1]_i_2/O
                         net (fo=3834, routed)        0.571     2.692    design_1_i/RFC8439_0/inst/RFC8439_v1_0_S00_AXI_inst/Rfc8439_core/s00_axi_aresetn_0
    SLICE_X62Y52         FDCE                                         f  design_1_i/RFC8439_0/inst/RFC8439_v1_0_S00_AXI_inst/Rfc8439_core/poly_key_reg_reg[247]/CLR
  -------------------------------------------------------------------    -------------------

                         (clock clk_fpga_0 rise edge)
                                                      0.000     0.000 r  
    PS7_X0Y0             PS7                          0.000     0.000 r  design_1_i/processing_system7_0/inst/PS7_i/FCLKCLK[0]
                         net (fo=1, routed)           0.337     0.337    design_1_i/processing_system7_0/inst/FCLK_CLK_unbuffered[0]
    BUFGCTRL_X0Y16       BUFG (Prop_bufg_I_O)         0.029     0.366 r  design_1_i/processing_system7_0/inst/buffer_fclk_clk_0.FCLK_CLK_0_BUFG/O
                         net (fo=13923, routed)       0.849     1.215    design_1_i/RFC8439_0/inst/RFC8439_v1_0_S00_AXI_inst/Rfc8439_core/s00_axi_aclk
    SLICE_X62Y52         FDCE                                         r  design_1_i/RFC8439_0/inst/RFC8439_v1_0_S00_AXI_inst/Rfc8439_core/poly_key_reg_reg[247]/C
                         clock pessimism             -0.035     1.180    
    SLICE_X62Y52         FDCE (Remov_fdce_C_CLR)     -0.133     1.047    design_1_i/RFC8439_0/inst/RFC8439_v1_0_S00_AXI_inst/Rfc8439_core/poly_key_reg_reg[247]
  -------------------------------------------------------------------
                         required time                         -1.047    
                         arrival time                           2.692    
  -------------------------------------------------------------------
                         slack                                  1.645    

Slack (MET) :             1.645ns  (arrival time - required time)
  Source:                 design_1_i/rst_ps7_0_100M/U0/ACTIVE_LOW_PR_OUT_DFF[0].FDRE_PER_N/C
                            (rising edge-triggered cell FDRE clocked by clk_fpga_0  {rise@0.000ns fall@5.000ns period=10.000ns})
  Destination:            design_1_i/RFC8439_0/inst/RFC8439_v1_0_S00_AXI_inst/Rfc8439_core/poly_key_reg_reg[248]/CLR
                            (removal check against rising-edge clock clk_fpga_0  {rise@0.000ns fall@5.000ns period=10.000ns})
  Path Group:             **async_default**
  Path Type:              Removal (Min at Fast Process Corner)
  Requirement:            0.000ns  (clk_fpga_0 rise@0.000ns - clk_fpga_0 rise@0.000ns)
  Data Path Delay:        1.696ns  (logic 0.210ns (12.385%)  route 1.486ns (87.615%))
  Logic Levels:           1  (LUT1=1)
  Clock Path Skew:        0.184ns (DCD - SCD - CPR)
    Destination Clock Delay (DCD):    1.215ns
    Source Clock Delay      (SCD):    0.996ns
    Clock Pessimism Removal (CPR):    0.035ns

    Location             Delay type                Incr(ns)  Path(ns)    Netlist Resource(s)
  -------------------------------------------------------------------    -------------------
                         (clock clk_fpga_0 rise edge)
                                                      0.000     0.000 r  
    PS7_X0Y0             PS7                          0.000     0.000 r  design_1_i/processing_system7_0/inst/PS7_i/FCLKCLK[0]
                         net (fo=1, routed)           0.310     0.310    design_1_i/processing_system7_0/inst/FCLK_CLK_unbuffered[0]
    BUFGCTRL_X0Y16       BUFG (Prop_bufg_I_O)         0.026     0.336 r  design_1_i/processing_system7_0/inst/buffer_fclk_clk_0.FCLK_CLK_0_BUFG/O
                         net (fo=13923, routed)       0.660     0.996    design_1_i/rst_ps7_0_100M/U0/slowest_sync_clk
    SLICE_X62Y109        FDRE                                         r  design_1_i/rst_ps7_0_100M/U0/ACTIVE_LOW_PR_OUT_DFF[0].FDRE_PER_N/C
  -------------------------------------------------------------------    -------------------
    SLICE_X62Y109        FDRE (Prop_fdre_C_Q)         0.164     1.160 r  design_1_i/rst_ps7_0_100M/U0/ACTIVE_LOW_PR_OUT_DFF[0].FDRE_PER_N/Q
                         net (fo=51, routed)          0.915     2.075    design_1_i/RFC8439_0/inst/RFC8439_v1_0_S00_AXI_inst/Rfc8439_core/u_poly1305/s00_axi_aresetn
    SLICE_X66Y68         LUT1 (Prop_lut1_I0_O)        0.046     2.121 f  design_1_i/RFC8439_0/inst/RFC8439_v1_0_S00_AXI_inst/Rfc8439_core/u_poly1305/FSM_onehot_wr_state[1]_i_2/O
                         net (fo=3834, routed)        0.571     2.692    design_1_i/RFC8439_0/inst/RFC8439_v1_0_S00_AXI_inst/Rfc8439_core/s00_axi_aresetn_0
    SLICE_X62Y52         FDCE                                         f  design_1_i/RFC8439_0/inst/RFC8439_v1_0_S00_AXI_inst/Rfc8439_core/poly_key_reg_reg[248]/CLR
  -------------------------------------------------------------------    -------------------

                         (clock clk_fpga_0 rise edge)
                                                      0.000     0.000 r  
    PS7_X0Y0             PS7                          0.000     0.000 r  design_1_i/processing_system7_0/inst/PS7_i/FCLKCLK[0]
                         net (fo=1, routed)           0.337     0.337    design_1_i/processing_system7_0/inst/FCLK_CLK_unbuffered[0]
    BUFGCTRL_X0Y16       BUFG (Prop_bufg_I_O)         0.029     0.366 r  design_1_i/processing_system7_0/inst/buffer_fclk_clk_0.FCLK_CLK_0_BUFG/O
                         net (fo=13923, routed)       0.849     1.215    design_1_i/RFC8439_0/inst/RFC8439_v1_0_S00_AXI_inst/Rfc8439_core/s00_axi_aclk
    SLICE_X62Y52         FDCE                                         r  design_1_i/RFC8439_0/inst/RFC8439_v1_0_S00_AXI_inst/Rfc8439_core/poly_key_reg_reg[248]/C
                         clock pessimism             -0.035     1.180    
    SLICE_X62Y52         FDCE (Remov_fdce_C_CLR)     -0.133     1.047    design_1_i/RFC8439_0/inst/RFC8439_v1_0_S00_AXI_inst/Rfc8439_core/poly_key_reg_reg[248]
  -------------------------------------------------------------------
                         required time                         -1.047    
                         arrival time                           2.692    
  -------------------------------------------------------------------
                         slack                                  1.645    

Slack (MET) :             1.645ns  (arrival time - required time)
  Source:                 design_1_i/rst_ps7_0_100M/U0/ACTIVE_LOW_PR_OUT_DFF[0].FDRE_PER_N/C
                            (rising edge-triggered cell FDRE clocked by clk_fpga_0  {rise@0.000ns fall@5.000ns period=10.000ns})
  Destination:            design_1_i/RFC8439_0/inst/RFC8439_v1_0_S00_AXI_inst/Rfc8439_core/poly_key_reg_reg[249]/CLR
                            (removal check against rising-edge clock clk_fpga_0  {rise@0.000ns fall@5.000ns period=10.000ns})
  Path Group:             **async_default**
  Path Type:              Removal (Min at Fast Process Corner)
  Requirement:            0.000ns  (clk_fpga_0 rise@0.000ns - clk_fpga_0 rise@0.000ns)
  Data Path Delay:        1.696ns  (logic 0.210ns (12.385%)  route 1.486ns (87.615%))
  Logic Levels:           1  (LUT1=1)
  Clock Path Skew:        0.184ns (DCD - SCD - CPR)
    Destination Clock Delay (DCD):    1.215ns
    Source Clock Delay      (SCD):    0.996ns
    Clock Pessimism Removal (CPR):    0.035ns

    Location             Delay type                Incr(ns)  Path(ns)    Netlist Resource(s)
  -------------------------------------------------------------------    -------------------
                         (clock clk_fpga_0 rise edge)
                                                      0.000     0.000 r  
    PS7_X0Y0             PS7                          0.000     0.000 r  design_1_i/processing_system7_0/inst/PS7_i/FCLKCLK[0]
                         net (fo=1, routed)           0.310     0.310    design_1_i/processing_system7_0/inst/FCLK_CLK_unbuffered[0]
    BUFGCTRL_X0Y16       BUFG (Prop_bufg_I_O)         0.026     0.336 r  design_1_i/processing_system7_0/inst/buffer_fclk_clk_0.FCLK_CLK_0_BUFG/O
                         net (fo=13923, routed)       0.660     0.996    design_1_i/rst_ps7_0_100M/U0/slowest_sync_clk
    SLICE_X62Y109        FDRE                                         r  design_1_i/rst_ps7_0_100M/U0/ACTIVE_LOW_PR_OUT_DFF[0].FDRE_PER_N/C
  -------------------------------------------------------------------    -------------------
    SLICE_X62Y109        FDRE (Prop_fdre_C_Q)         0.164     1.160 r  design_1_i/rst_ps7_0_100M/U0/ACTIVE_LOW_PR_OUT_DFF[0].FDRE_PER_N/Q
                         net (fo=51, routed)          0.915     2.075    design_1_i/RFC8439_0/inst/RFC8439_v1_0_S00_AXI_inst/Rfc8439_core/u_poly1305/s00_axi_aresetn
    SLICE_X66Y68         LUT1 (Prop_lut1_I0_O)        0.046     2.121 f  design_1_i/RFC8439_0/inst/RFC8439_v1_0_S00_AXI_inst/Rfc8439_core/u_poly1305/FSM_onehot_wr_state[1]_i_2/O
                         net (fo=3834, routed)        0.571     2.692    design_1_i/RFC8439_0/inst/RFC8439_v1_0_S00_AXI_inst/Rfc8439_core/s00_axi_aresetn_0
    SLICE_X62Y52         FDCE                                         f  design_1_i/RFC8439_0/inst/RFC8439_v1_0_S00_AXI_inst/Rfc8439_core/poly_key_reg_reg[249]/CLR
  -------------------------------------------------------------------    -------------------

                         (clock clk_fpga_0 rise edge)
                                                      0.000     0.000 r  
    PS7_X0Y0             PS7                          0.000     0.000 r  design_1_i/processing_system7_0/inst/PS7_i/FCLKCLK[0]
                         net (fo=1, routed)           0.337     0.337    design_1_i/processing_system7_0/inst/FCLK_CLK_unbuffered[0]
    BUFGCTRL_X0Y16       BUFG (Prop_bufg_I_O)         0.029     0.366 r  design_1_i/processing_system7_0/inst/buffer_fclk_clk_0.FCLK_CLK_0_BUFG/O
                         net (fo=13923, routed)       0.849     1.215    design_1_i/RFC8439_0/inst/RFC8439_v1_0_S00_AXI_inst/Rfc8439_core/s00_axi_aclk
    SLICE_X62Y52         FDCE                                         r  design_1_i/RFC8439_0/inst/RFC8439_v1_0_S00_AXI_inst/Rfc8439_core/poly_key_reg_reg[249]/C
                         clock pessimism             -0.035     1.180    
    SLICE_X62Y52         FDCE (Remov_fdce_C_CLR)     -0.133     1.047    design_1_i/RFC8439_0/inst/RFC8439_v1_0_S00_AXI_inst/Rfc8439_core/poly_key_reg_reg[249]
  -------------------------------------------------------------------
                         required time                         -1.047    
                         arrival time                           2.692    
  -------------------------------------------------------------------
                         slack                                  1.645    

Slack (MET) :             1.658ns  (arrival time - required time)
  Source:                 design_1_i/rst_ps7_0_100M/U0/ACTIVE_LOW_PR_OUT_DFF[0].FDRE_PER_N/C
                            (rising edge-triggered cell FDRE clocked by clk_fpga_0  {rise@0.000ns fall@5.000ns period=10.000ns})
  Destination:            design_1_i/RFC8439_0/inst/RFC8439_v1_0_S00_AXI_inst/Rfc8439_core/rd_data_reg[6]/CLR
                            (removal check against rising-edge clock clk_fpga_0  {rise@0.000ns fall@5.000ns period=10.000ns})
  Path Group:             **async_default**
  Path Type:              Removal (Min at Fast Process Corner)
  Requirement:            0.000ns  (clk_fpga_0 rise@0.000ns - clk_fpga_0 rise@0.000ns)
  Data Path Delay:        1.691ns  (logic 0.210ns (12.419%)  route 1.481ns (87.581%))
  Logic Levels:           1  (LUT1=1)
  Clock Path Skew:        0.191ns (DCD - SCD - CPR)
    Destination Clock Delay (DCD):    1.217ns
    Source Clock Delay      (SCD):    0.996ns
    Clock Pessimism Removal (CPR):    0.030ns

    Location             Delay type                Incr(ns)  Path(ns)    Netlist Resource(s)
  -------------------------------------------------------------------    -------------------
                         (clock clk_fpga_0 rise edge)
                                                      0.000     0.000 r  
    PS7_X0Y0             PS7                          0.000     0.000 r  design_1_i/processing_system7_0/inst/PS7_i/FCLKCLK[0]
                         net (fo=1, routed)           0.310     0.310    design_1_i/processing_system7_0/inst/FCLK_CLK_unbuffered[0]
    BUFGCTRL_X0Y16       BUFG (Prop_bufg_I_O)         0.026     0.336 r  design_1_i/processing_system7_0/inst/buffer_fclk_clk_0.FCLK_CLK_0_BUFG/O
                         net (fo=13923, routed)       0.660     0.996    design_1_i/rst_ps7_0_100M/U0/slowest_sync_clk
    SLICE_X62Y109        FDRE                                         r  design_1_i/rst_ps7_0_100M/U0/ACTIVE_LOW_PR_OUT_DFF[0].FDRE_PER_N/C
  -------------------------------------------------------------------    -------------------
    SLICE_X62Y109        FDRE (Prop_fdre_C_Q)         0.164     1.160 r  design_1_i/rst_ps7_0_100M/U0/ACTIVE_LOW_PR_OUT_DFF[0].FDRE_PER_N/Q
                         net (fo=51, routed)          0.915     2.075    design_1_i/RFC8439_0/inst/RFC8439_v1_0_S00_AXI_inst/Rfc8439_core/u_poly1305/s00_axi_aresetn
    SLICE_X66Y68         LUT1 (Prop_lut1_I0_O)        0.046     2.121 f  design_1_i/RFC8439_0/inst/RFC8439_v1_0_S00_AXI_inst/Rfc8439_core/u_poly1305/FSM_onehot_wr_state[1]_i_2/O
                         net (fo=3834, routed)        0.567     2.687    design_1_i/RFC8439_0/inst/RFC8439_v1_0_S00_AXI_inst/Rfc8439_core/s00_axi_aresetn_0
    SLICE_X59Y42         FDCE                                         f  design_1_i/RFC8439_0/inst/RFC8439_v1_0_S00_AXI_inst/Rfc8439_core/rd_data_reg[6]/CLR
  -------------------------------------------------------------------    -------------------

                         (clock clk_fpga_0 rise edge)
                                                      0.000     0.000 r  
    PS7_X0Y0             PS7                          0.000     0.000 r  design_1_i/processing_system7_0/inst/PS7_i/FCLKCLK[0]
                         net (fo=1, routed)           0.337     0.337    design_1_i/processing_system7_0/inst/FCLK_CLK_unbuffered[0]
    BUFGCTRL_X0Y16       BUFG (Prop_bufg_I_O)         0.029     0.366 r  design_1_i/processing_system7_0/inst/buffer_fclk_clk_0.FCLK_CLK_0_BUFG/O
                         net (fo=13923, routed)       0.851     1.217    design_1_i/RFC8439_0/inst/RFC8439_v1_0_S00_AXI_inst/Rfc8439_core/s00_axi_aclk
    SLICE_X59Y42         FDCE                                         r  design_1_i/RFC8439_0/inst/RFC8439_v1_0_S00_AXI_inst/Rfc8439_core/rd_data_reg[6]/C
                         clock pessimism             -0.030     1.187    
    SLICE_X59Y42         FDCE (Remov_fdce_C_CLR)     -0.158     1.029    design_1_i/RFC8439_0/inst/RFC8439_v1_0_S00_AXI_inst/Rfc8439_core/rd_data_reg[6]
  -------------------------------------------------------------------
                         required time                         -1.029    
                         arrival time                           2.687    
  -------------------------------------------------------------------
                         slack                                  1.658    

Slack (MET) :             1.703ns  (arrival time - required time)
  Source:                 design_1_i/rst_ps7_0_100M/U0/ACTIVE_LOW_PR_OUT_DFF[0].FDRE_PER_N/C
                            (rising edge-triggered cell FDRE clocked by clk_fpga_0  {rise@0.000ns fall@5.000ns period=10.000ns})
  Destination:            design_1_i/RFC8439_0/inst/RFC8439_v1_0_S00_AXI_inst/Rfc8439_core/poly_key_reg_reg[251]/CLR
                            (removal check against rising-edge clock clk_fpga_0  {rise@0.000ns fall@5.000ns period=10.000ns})
  Path Group:             **async_default**
  Path Type:              Removal (Min at Fast Process Corner)
  Requirement:            0.000ns  (clk_fpga_0 rise@0.000ns - clk_fpga_0 rise@0.000ns)
  Data Path Delay:        1.754ns  (logic 0.210ns (11.975%)  route 1.544ns (88.025%))
  Logic Levels:           1  (LUT1=1)
  Clock Path Skew:        0.184ns (DCD - SCD - CPR)
    Destination Clock Delay (DCD):    1.215ns
    Source Clock Delay      (SCD):    0.996ns
    Clock Pessimism Removal (CPR):    0.035ns

    Location             Delay type                Incr(ns)  Path(ns)    Netlist Resource(s)
  -------------------------------------------------------------------    -------------------
                         (clock clk_fpga_0 rise edge)
                                                      0.000     0.000 r  
    PS7_X0Y0             PS7                          0.000     0.000 r  design_1_i/processing_system7_0/inst/PS7_i/FCLKCLK[0]
                         net (fo=1, routed)           0.310     0.310    design_1_i/processing_system7_0/inst/FCLK_CLK_unbuffered[0]
    BUFGCTRL_X0Y16       BUFG (Prop_bufg_I_O)         0.026     0.336 r  design_1_i/processing_system7_0/inst/buffer_fclk_clk_0.FCLK_CLK_0_BUFG/O
                         net (fo=13923, routed)       0.660     0.996    design_1_i/rst_ps7_0_100M/U0/slowest_sync_clk
    SLICE_X62Y109        FDRE                                         r  design_1_i/rst_ps7_0_100M/U0/ACTIVE_LOW_PR_OUT_DFF[0].FDRE_PER_N/C
  -------------------------------------------------------------------    -------------------
    SLICE_X62Y109        FDRE (Prop_fdre_C_Q)         0.164     1.160 r  design_1_i/rst_ps7_0_100M/U0/ACTIVE_LOW_PR_OUT_DFF[0].FDRE_PER_N/Q
                         net (fo=51, routed)          0.915     2.075    design_1_i/RFC8439_0/inst/RFC8439_v1_0_S00_AXI_inst/Rfc8439_core/u_poly1305/s00_axi_aresetn
    SLICE_X66Y68         LUT1 (Prop_lut1_I0_O)        0.046     2.121 f  design_1_i/RFC8439_0/inst/RFC8439_v1_0_S00_AXI_inst/Rfc8439_core/u_poly1305/FSM_onehot_wr_state[1]_i_2/O
                         net (fo=3834, routed)        0.629     2.750    design_1_i/RFC8439_0/inst/RFC8439_v1_0_S00_AXI_inst/Rfc8439_core/s00_axi_aresetn_0
    SLICE_X66Y50         FDCE                                         f  design_1_i/RFC8439_0/inst/RFC8439_v1_0_S00_AXI_inst/Rfc8439_core/poly_key_reg_reg[251]/CLR
  -------------------------------------------------------------------    -------------------

                         (clock clk_fpga_0 rise edge)
                                                      0.000     0.000 r  
    PS7_X0Y0             PS7                          0.000     0.000 r  design_1_i/processing_system7_0/inst/PS7_i/FCLKCLK[0]
                         net (fo=1, routed)           0.337     0.337    design_1_i/processing_system7_0/inst/FCLK_CLK_unbuffered[0]
    BUFGCTRL_X0Y16       BUFG (Prop_bufg_I_O)         0.029     0.366 r  design_1_i/processing_system7_0/inst/buffer_fclk_clk_0.FCLK_CLK_0_BUFG/O
                         net (fo=13923, routed)       0.849     1.215    design_1_i/RFC8439_0/inst/RFC8439_v1_0_S00_AXI_inst/Rfc8439_core/s00_axi_aclk
    SLICE_X66Y50         FDCE                                         r  design_1_i/RFC8439_0/inst/RFC8439_v1_0_S00_AXI_inst/Rfc8439_core/poly_key_reg_reg[251]/C
                         clock pessimism             -0.035     1.180    
    SLICE_X66Y50         FDCE (Remov_fdce_C_CLR)     -0.133     1.047    design_1_i/RFC8439_0/inst/RFC8439_v1_0_S00_AXI_inst/Rfc8439_core/poly_key_reg_reg[251]
  -------------------------------------------------------------------
                         required time                         -1.047    
                         arrival time                           2.750    
  -------------------------------------------------------------------
                         slack                                  1.703    

Slack (MET) :             1.703ns  (arrival time - required time)
  Source:                 design_1_i/rst_ps7_0_100M/U0/ACTIVE_LOW_PR_OUT_DFF[0].FDRE_PER_N/C
                            (rising edge-triggered cell FDRE clocked by clk_fpga_0  {rise@0.000ns fall@5.000ns period=10.000ns})
  Destination:            design_1_i/RFC8439_0/inst/RFC8439_v1_0_S00_AXI_inst/Rfc8439_core/poly_key_reg_reg[252]/CLR
                            (removal check against rising-edge clock clk_fpga_0  {rise@0.000ns fall@5.000ns period=10.000ns})
  Path Group:             **async_default**
  Path Type:              Removal (Min at Fast Process Corner)
  Requirement:            0.000ns  (clk_fpga_0 rise@0.000ns - clk_fpga_0 rise@0.000ns)
  Data Path Delay:        1.754ns  (logic 0.210ns (11.975%)  route 1.544ns (88.025%))
  Logic Levels:           1  (LUT1=1)
  Clock Path Skew:        0.184ns (DCD - SCD - CPR)
    Destination Clock Delay (DCD):    1.215ns
    Source Clock Delay      (SCD):    0.996ns
    Clock Pessimism Removal (CPR):    0.035ns

    Location             Delay type                Incr(ns)  Path(ns)    Netlist Resource(s)
  -------------------------------------------------------------------    -------------------
                         (clock clk_fpga_0 rise edge)
                                                      0.000     0.000 r  
    PS7_X0Y0             PS7                          0.000     0.000 r  design_1_i/processing_system7_0/inst/PS7_i/FCLKCLK[0]
                         net (fo=1, routed)           0.310     0.310    design_1_i/processing_system7_0/inst/FCLK_CLK_unbuffered[0]
    BUFGCTRL_X0Y16       BUFG (Prop_bufg_I_O)         0.026     0.336 r  design_1_i/processing_system7_0/inst/buffer_fclk_clk_0.FCLK_CLK_0_BUFG/O
                         net (fo=13923, routed)       0.660     0.996    design_1_i/rst_ps7_0_100M/U0/slowest_sync_clk
    SLICE_X62Y109        FDRE                                         r  design_1_i/rst_ps7_0_100M/U0/ACTIVE_LOW_PR_OUT_DFF[0].FDRE_PER_N/C
  -------------------------------------------------------------------    -------------------
    SLICE_X62Y109        FDRE (Prop_fdre_C_Q)         0.164     1.160 r  design_1_i/rst_ps7_0_100M/U0/ACTIVE_LOW_PR_OUT_DFF[0].FDRE_PER_N/Q
                         net (fo=51, routed)          0.915     2.075    design_1_i/RFC8439_0/inst/RFC8439_v1_0_S00_AXI_inst/Rfc8439_core/u_poly1305/s00_axi_aresetn
    SLICE_X66Y68         LUT1 (Prop_lut1_I0_O)        0.046     2.121 f  design_1_i/RFC8439_0/inst/RFC8439_v1_0_S00_AXI_inst/Rfc8439_core/u_poly1305/FSM_onehot_wr_state[1]_i_2/O
                         net (fo=3834, routed)        0.629     2.750    design_1_i/RFC8439_0/inst/RFC8439_v1_0_S00_AXI_inst/Rfc8439_core/s00_axi_aresetn_0
    SLICE_X66Y50         FDCE                                         f  design_1_i/RFC8439_0/inst/RFC8439_v1_0_S00_AXI_inst/Rfc8439_core/poly_key_reg_reg[252]/CLR
  -------------------------------------------------------------------    -------------------

                         (clock clk_fpga_0 rise edge)
                                                      0.000     0.000 r  
    PS7_X0Y0             PS7                          0.000     0.000 r  design_1_i/processing_system7_0/inst/PS7_i/FCLKCLK[0]
                         net (fo=1, routed)           0.337     0.337    design_1_i/processing_system7_0/inst/FCLK_CLK_unbuffered[0]
    BUFGCTRL_X0Y16       BUFG (Prop_bufg_I_O)         0.029     0.366 r  design_1_i/processing_system7_0/inst/buffer_fclk_clk_0.FCLK_CLK_0_BUFG/O
                         net (fo=13923, routed)       0.849     1.215    design_1_i/RFC8439_0/inst/RFC8439_v1_0_S00_AXI_inst/Rfc8439_core/s00_axi_aclk
    SLICE_X66Y50         FDCE                                         r  design_1_i/RFC8439_0/inst/RFC8439_v1_0_S00_AXI_inst/Rfc8439_core/poly_key_reg_reg[252]/C
                         clock pessimism             -0.035     1.180    
    SLICE_X66Y50         FDCE (Remov_fdce_C_CLR)     -0.133     1.047    design_1_i/RFC8439_0/inst/RFC8439_v1_0_S00_AXI_inst/Rfc8439_core/poly_key_reg_reg[252]
  -------------------------------------------------------------------
                         required time                         -1.047    
                         arrival time                           2.750    
  -------------------------------------------------------------------
                         slack                                  1.703    





--------------------------------------------------------------------------------------
Path Group:  (none)
From Clock:  
  To Clock:  clk_fpga_0

Max Delay             1 Endpoint
Min Delay             1 Endpoint
--------------------------------------------------------------------------------------


Max Delay Paths
--------------------------------------------------------------------------------------
Slack:                    inf
  Source:                 design_1_i/processing_system7_0/inst/PS7_i/FCLKRESETN[0]
                            (internal pin)
  Destination:            design_1_i/rst_ps7_0_100M/U0/EXT_LPF/ACTIVE_LOW_EXT.ACT_LO_EXT/GENERATE_LEVEL_P_S_CDC.SINGLE_BIT.CROSS_PLEVEL_IN2SCNDRY_IN_cdc_to/D
                            (rising edge-triggered cell FDRE clocked by clk_fpga_0  {rise@0.000ns fall@5.000ns period=10.000ns})
  Path Group:             (none)
  Path Type:              Setup (Max at Slow Process Corner)
  Data Path Delay:        2.584ns  (logic 0.124ns (4.799%)  route 2.460ns (95.201%))
  Logic Levels:           1  (LUT1=1)
  Clock Uncertainty:      0.152ns  ((TSJ^2 + TIJ^2)^1/2 + DJ) / 2 + PE
    Total System Jitter     (TSJ):    0.050ns
    Total Input Jitter      (TIJ):    0.300ns
    Discrete Jitter          (DJ):    0.000ns
    Phase Error              (PE):    0.000ns
  Timing Exception:       False Path

    Location             Delay type                Incr(ns)  Path(ns)    Netlist Resource(s)
  -------------------------------------------------------------------    -------------------
    PS7_X0Y0             PS7                          0.000     0.000 f  design_1_i/processing_system7_0/inst/PS7_i/FCLKRESETN[0]
                         net (fo=1, routed)           2.460     2.460    design_1_i/rst_ps7_0_100M/U0/EXT_LPF/ACTIVE_LOW_EXT.ACT_LO_EXT/ext_reset_in
    SLICE_X65Y107        LUT1 (Prop_lut1_I0_O)        0.124     2.584 r  design_1_i/rst_ps7_0_100M/U0/EXT_LPF/ACTIVE_LOW_EXT.ACT_LO_EXT/GENERATE_LEVEL_P_S_CDC.SINGLE_BIT.CROSS_PLEVEL_IN2SCNDRY_IN_cdc_to_i_1/O
                         net (fo=1, routed)           0.000     2.584    design_1_i/rst_ps7_0_100M/U0/EXT_LPF/ACTIVE_LOW_EXT.ACT_LO_EXT/exr_d1
    SLICE_X65Y107        FDRE                                         r  design_1_i/rst_ps7_0_100M/U0/EXT_LPF/ACTIVE_LOW_EXT.ACT_LO_EXT/GENERATE_LEVEL_P_S_CDC.SINGLE_BIT.CROSS_PLEVEL_IN2SCNDRY_IN_cdc_to/D
  -------------------------------------------------------------------    -------------------

                         (clock clk_fpga_0 rise edge)
                                                      0.000     0.000 r  
    PS7_X0Y0             PS7                          0.000     0.000 r  design_1_i/processing_system7_0/inst/PS7_i/FCLKCLK[0]
                         net (fo=1, routed)           1.088     1.088    design_1_i/processing_system7_0/inst/FCLK_CLK_unbuffered[0]
    BUFGCTRL_X0Y16       BUFG (Prop_bufg_I_O)         0.091     1.179 r  design_1_i/processing_system7_0/inst/buffer_fclk_clk_0.FCLK_CLK_0_BUFG/O
                         net (fo=13923, routed)       1.714     2.893    design_1_i/rst_ps7_0_100M/U0/EXT_LPF/ACTIVE_LOW_EXT.ACT_LO_EXT/slowest_sync_clk
    SLICE_X65Y107        FDRE                                         r  design_1_i/rst_ps7_0_100M/U0/EXT_LPF/ACTIVE_LOW_EXT.ACT_LO_EXT/GENERATE_LEVEL_P_S_CDC.SINGLE_BIT.CROSS_PLEVEL_IN2SCNDRY_IN_cdc_to/C





Min Delay Paths
--------------------------------------------------------------------------------------
Slack:                    inf
  Source:                 design_1_i/processing_system7_0/inst/PS7_i/FCLKRESETN[0]
                            (internal pin)
  Destination:            design_1_i/rst_ps7_0_100M/U0/EXT_LPF/ACTIVE_LOW_EXT.ACT_LO_EXT/GENERATE_LEVEL_P_S_CDC.SINGLE_BIT.CROSS_PLEVEL_IN2SCNDRY_IN_cdc_to/D
                            (rising edge-triggered cell FDRE clocked by clk_fpga_0  {rise@0.000ns fall@5.000ns period=10.000ns})
  Path Group:             (none)
  Path Type:              Hold (Min at Fast Process Corner)
  Data Path Delay:        1.092ns  (logic 0.045ns (4.121%)  route 1.047ns (95.879%))
  Logic Levels:           1  (LUT1=1)
  Clock Uncertainty:      0.152ns  ((TSJ^2 + TIJ^2)^1/2 + DJ) / 2 + PE
    Total System Jitter     (TSJ):    0.050ns
    Total Input Jitter      (TIJ):    0.300ns
    Discrete Jitter          (DJ):    0.000ns
    Phase Error              (PE):    0.000ns
  Timing Exception:       False Path

    Location             Delay type                Incr(ns)  Path(ns)    Netlist Resource(s)
  -------------------------------------------------------------------    -------------------
    PS7_X0Y0             PS7                          0.000     0.000 f  design_1_i/processing_system7_0/inst/PS7_i/FCLKRESETN[0]
                         net (fo=1, routed)           1.047     1.047    design_1_i/rst_ps7_0_100M/U0/EXT_LPF/ACTIVE_LOW_EXT.ACT_LO_EXT/ext_reset_in
    SLICE_X65Y107        LUT1 (Prop_lut1_I0_O)        0.045     1.092 r  design_1_i/rst_ps7_0_100M/U0/EXT_LPF/ACTIVE_LOW_EXT.ACT_LO_EXT/GENERATE_LEVEL_P_S_CDC.SINGLE_BIT.CROSS_PLEVEL_IN2SCNDRY_IN_cdc_to_i_1/O
                         net (fo=1, routed)           0.000     1.092    design_1_i/rst_ps7_0_100M/U0/EXT_LPF/ACTIVE_LOW_EXT.ACT_LO_EXT/exr_d1
    SLICE_X65Y107        FDRE                                         r  design_1_i/rst_ps7_0_100M/U0/EXT_LPF/ACTIVE_LOW_EXT.ACT_LO_EXT/GENERATE_LEVEL_P_S_CDC.SINGLE_BIT.CROSS_PLEVEL_IN2SCNDRY_IN_cdc_to/D
  -------------------------------------------------------------------    -------------------

                         (clock clk_fpga_0 rise edge)
                                                      0.000     0.000 r  
    PS7_X0Y0             PS7                          0.000     0.000 r  design_1_i/processing_system7_0/inst/PS7_i/FCLKCLK[0]
                         net (fo=1, routed)           0.337     0.337    design_1_i/processing_system7_0/inst/FCLK_CLK_unbuffered[0]
    BUFGCTRL_X0Y16       BUFG (Prop_bufg_I_O)         0.029     0.366 r  design_1_i/processing_system7_0/inst/buffer_fclk_clk_0.FCLK_CLK_0_BUFG/O
                         net (fo=13923, routed)       0.933     1.299    design_1_i/rst_ps7_0_100M/U0/EXT_LPF/ACTIVE_LOW_EXT.ACT_LO_EXT/slowest_sync_clk
    SLICE_X65Y107        FDRE                                         r  design_1_i/rst_ps7_0_100M/U0/EXT_LPF/ACTIVE_LOW_EXT.ACT_LO_EXT/GENERATE_LEVEL_P_S_CDC.SINGLE_BIT.CROSS_PLEVEL_IN2SCNDRY_IN_cdc_to/C





--------------------------------------------------------------------------------------
Path Group:  (none)
From Clock:  clk_fpga_0
  To Clock:  clk_fpga_0

Max Delay            79 Endpoints
Min Delay            79 Endpoints
--------------------------------------------------------------------------------------


Max Delay Paths
--------------------------------------------------------------------------------------
Slack:                    inf
  Source:                 design_1_i/axi_smc/inst/clk_map/psr_aclk/U0/ACTIVE_LOW_BSR_OUT_DFF[0].FDRE_BSR_N/C
                            (rising edge-triggered cell FDRE clocked by clk_fpga_0  {rise@0.000ns fall@5.000ns period=10.000ns})
  Destination:            design_1_i/axi_smc/inst/s00_entry_pipeline/s00_si_converter/inst/xpm_cdc_async_rst_inst/arststages_ff_reg[0]/CLR
                            (recovery check against rising-edge clock clk_fpga_0  {rise@0.000ns fall@5.000ns period=10.000ns})
  Path Group:             (none)
  Path Type:              Recovery (Max at Slow Process Corner)
  Data Path Delay:        5.798ns  (logic 0.671ns (11.573%)  route 5.127ns (88.427%))
  Logic Levels:           1  (LUT1=1)
  Clock Path Skew:        -0.510ns (DCD - SCD + CPR)
    Destination Clock Delay (DCD):    2.690ns
    Source Clock Delay      (SCD):    3.200ns
    Clock Pessimism Removal (CPR):    0.000ns
  Clock Uncertainty:      0.154ns  ((TSJ^2 + TIJ^2)^1/2 + DJ) / 2 + PE
    Total System Jitter     (TSJ):    0.071ns
    Total Input Jitter      (TIJ):    0.300ns
    Discrete Jitter          (DJ):    0.000ns
    Phase Error              (PE):    0.000ns
  Timing Exception:       False Path

    Location             Delay type                Incr(ns)  Path(ns)    Netlist Resource(s)
  -------------------------------------------------------------------    -------------------
                         (clock clk_fpga_0 rise edge)
                                                      0.000     0.000 r  
    PS7_X0Y0             PS7                          0.000     0.000 r  design_1_i/processing_system7_0/inst/PS7_i/FCLKCLK[0]
                         net (fo=1, routed)           1.193     1.193    design_1_i/processing_system7_0/inst/FCLK_CLK_unbuffered[0]
    BUFGCTRL_X0Y16       BUFG (Prop_bufg_I_O)         0.101     1.294 r  design_1_i/processing_system7_0/inst/buffer_fclk_clk_0.FCLK_CLK_0_BUFG/O
                         net (fo=13923, routed)       1.906     3.200    design_1_i/axi_smc/inst/clk_map/psr_aclk/U0/aclk
    SLICE_X66Y108        FDRE                                         r  design_1_i/axi_smc/inst/clk_map/psr_aclk/U0/ACTIVE_LOW_BSR_OUT_DFF[0].FDRE_BSR_N/C
  -------------------------------------------------------------------    -------------------
    SLICE_X66Y108        FDRE (Prop_fdre_C_Q)         0.518     3.718 r  design_1_i/axi_smc/inst/clk_map/psr_aclk/U0/ACTIVE_LOW_BSR_OUT_DFF[0].FDRE_BSR_N/Q
                         net (fo=26, routed)          4.446     8.164    design_1_i/axi_smc/inst/s00_entry_pipeline/s00_si_converter/inst/xpm_cdc_async_rst_inst/src_arst
    SLICE_X28Y68         LUT1 (Prop_lut1_I0_O)        0.153     8.317 f  design_1_i/axi_smc/inst/s00_entry_pipeline/s00_si_converter/inst/xpm_cdc_async_rst_inst/arststages_ff[2]_i_1/O
                         net (fo=3, routed)           0.681     8.998    design_1_i/axi_smc/inst/s00_entry_pipeline/s00_si_converter/inst/xpm_cdc_async_rst_inst/reset_pol
    SLICE_X27Y68         FDCE                                         f  design_1_i/axi_smc/inst/s00_entry_pipeline/s00_si_converter/inst/xpm_cdc_async_rst_inst/arststages_ff_reg[0]/CLR
  -------------------------------------------------------------------    -------------------

                         (clock clk_fpga_0 rise edge)
                                                      0.000     0.000 r  
    PS7_X0Y0             PS7                          0.000     0.000 r  design_1_i/processing_system7_0/inst/PS7_i/FCLKCLK[0]
                         net (fo=1, routed)           1.088     1.088    design_1_i/processing_system7_0/inst/FCLK_CLK_unbuffered[0]
    BUFGCTRL_X0Y16       BUFG (Prop_bufg_I_O)         0.091     1.179 r  design_1_i/processing_system7_0/inst/buffer_fclk_clk_0.FCLK_CLK_0_BUFG/O
                         net (fo=13923, routed)       1.511     2.690    design_1_i/axi_smc/inst/s00_entry_pipeline/s00_si_converter/inst/xpm_cdc_async_rst_inst/dest_clk
    SLICE_X27Y68         FDCE                                         r  design_1_i/axi_smc/inst/s00_entry_pipeline/s00_si_converter/inst/xpm_cdc_async_rst_inst/arststages_ff_reg[0]/C

Slack:                    inf
  Source:                 design_1_i/axi_smc/inst/clk_map/psr_aclk/U0/ACTIVE_LOW_BSR_OUT_DFF[0].FDRE_BSR_N/C
                            (rising edge-triggered cell FDRE clocked by clk_fpga_0  {rise@0.000ns fall@5.000ns period=10.000ns})
  Destination:            design_1_i/axi_smc/inst/s00_entry_pipeline/s00_si_converter/inst/xpm_cdc_async_rst_inst/arststages_ff_reg[1]/CLR
                            (recovery check against rising-edge clock clk_fpga_0  {rise@0.000ns fall@5.000ns period=10.000ns})
  Path Group:             (none)
  Path Type:              Recovery (Max at Slow Process Corner)
  Data Path Delay:        5.798ns  (logic 0.671ns (11.573%)  route 5.127ns (88.427%))
  Logic Levels:           1  (LUT1=1)
  Clock Path Skew:        -0.510ns (DCD - SCD + CPR)
    Destination Clock Delay (DCD):    2.690ns
    Source Clock Delay      (SCD):    3.200ns
    Clock Pessimism Removal (CPR):    0.000ns
  Clock Uncertainty:      0.154ns  ((TSJ^2 + TIJ^2)^1/2 + DJ) / 2 + PE
    Total System Jitter     (TSJ):    0.071ns
    Total Input Jitter      (TIJ):    0.300ns
    Discrete Jitter          (DJ):    0.000ns
    Phase Error              (PE):    0.000ns
  Timing Exception:       False Path

    Location             Delay type                Incr(ns)  Path(ns)    Netlist Resource(s)
  -------------------------------------------------------------------    -------------------
                         (clock clk_fpga_0 rise edge)
                                                      0.000     0.000 r  
    PS7_X0Y0             PS7                          0.000     0.000 r  design_1_i/processing_system7_0/inst/PS7_i/FCLKCLK[0]
                         net (fo=1, routed)           1.193     1.193    design_1_i/processing_system7_0/inst/FCLK_CLK_unbuffered[0]
    BUFGCTRL_X0Y16       BUFG (Prop_bufg_I_O)         0.101     1.294 r  design_1_i/processing_system7_0/inst/buffer_fclk_clk_0.FCLK_CLK_0_BUFG/O
                         net (fo=13923, routed)       1.906     3.200    design_1_i/axi_smc/inst/clk_map/psr_aclk/U0/aclk
    SLICE_X66Y108        FDRE                                         r  design_1_i/axi_smc/inst/clk_map/psr_aclk/U0/ACTIVE_LOW_BSR_OUT_DFF[0].FDRE_BSR_N/C
  -------------------------------------------------------------------    -------------------
    SLICE_X66Y108        FDRE (Prop_fdre_C_Q)         0.518     3.718 r  design_1_i/axi_smc/inst/clk_map/psr_aclk/U0/ACTIVE_LOW_BSR_OUT_DFF[0].FDRE_BSR_N/Q
                         net (fo=26, routed)          4.446     8.164    design_1_i/axi_smc/inst/s00_entry_pipeline/s00_si_converter/inst/xpm_cdc_async_rst_inst/src_arst
    SLICE_X28Y68         LUT1 (Prop_lut1_I0_O)        0.153     8.317 f  design_1_i/axi_smc/inst/s00_entry_pipeline/s00_si_converter/inst/xpm_cdc_async_rst_inst/arststages_ff[2]_i_1/O
                         net (fo=3, routed)           0.681     8.998    design_1_i/axi_smc/inst/s00_entry_pipeline/s00_si_converter/inst/xpm_cdc_async_rst_inst/reset_pol
    SLICE_X27Y68         FDCE                                         f  design_1_i/axi_smc/inst/s00_entry_pipeline/s00_si_converter/inst/xpm_cdc_async_rst_inst/arststages_ff_reg[1]/CLR
  -------------------------------------------------------------------    -------------------

                         (clock clk_fpga_0 rise edge)
                                                      0.000     0.000 r  
    PS7_X0Y0             PS7                          0.000     0.000 r  design_1_i/processing_system7_0/inst/PS7_i/FCLKCLK[0]
                         net (fo=1, routed)           1.088     1.088    design_1_i/processing_system7_0/inst/FCLK_CLK_unbuffered[0]
    BUFGCTRL_X0Y16       BUFG (Prop_bufg_I_O)         0.091     1.179 r  design_1_i/processing_system7_0/inst/buffer_fclk_clk_0.FCLK_CLK_0_BUFG/O
                         net (fo=13923, routed)       1.511     2.690    design_1_i/axi_smc/inst/s00_entry_pipeline/s00_si_converter/inst/xpm_cdc_async_rst_inst/dest_clk
    SLICE_X27Y68         FDCE                                         r  design_1_i/axi_smc/inst/s00_entry_pipeline/s00_si_converter/inst/xpm_cdc_async_rst_inst/arststages_ff_reg[1]/C

Slack:                    inf
  Source:                 design_1_i/axi_smc/inst/clk_map/psr_aclk/U0/ACTIVE_LOW_BSR_OUT_DFF[0].FDRE_BSR_N/C
                            (rising edge-triggered cell FDRE clocked by clk_fpga_0  {rise@0.000ns fall@5.000ns period=10.000ns})
  Destination:            design_1_i/axi_smc/inst/s00_entry_pipeline/s00_si_converter/inst/xpm_cdc_async_rst_inst/arststages_ff_reg[2]/CLR
                            (recovery check against rising-edge clock clk_fpga_0  {rise@0.000ns fall@5.000ns period=10.000ns})
  Path Group:             (none)
  Path Type:              Recovery (Max at Slow Process Corner)
  Data Path Delay:        5.798ns  (logic 0.671ns (11.573%)  route 5.127ns (88.427%))
  Logic Levels:           1  (LUT1=1)
  Clock Path Skew:        -0.510ns (DCD - SCD + CPR)
    Destination Clock Delay (DCD):    2.690ns
    Source Clock Delay      (SCD):    3.200ns
    Clock Pessimism Removal (CPR):    0.000ns
  Clock Uncertainty:      0.154ns  ((TSJ^2 + TIJ^2)^1/2 + DJ) / 2 + PE
    Total System Jitter     (TSJ):    0.071ns
    Total Input Jitter      (TIJ):    0.300ns
    Discrete Jitter          (DJ):    0.000ns
    Phase Error              (PE):    0.000ns
  Timing Exception:       False Path

    Location             Delay type                Incr(ns)  Path(ns)    Netlist Resource(s)
  -------------------------------------------------------------------    -------------------
                         (clock clk_fpga_0 rise edge)
                                                      0.000     0.000 r  
    PS7_X0Y0             PS7                          0.000     0.000 r  design_1_i/processing_system7_0/inst/PS7_i/FCLKCLK[0]
                         net (fo=1, routed)           1.193     1.193    design_1_i/processing_system7_0/inst/FCLK_CLK_unbuffered[0]
    BUFGCTRL_X0Y16       BUFG (Prop_bufg_I_O)         0.101     1.294 r  design_1_i/processing_system7_0/inst/buffer_fclk_clk_0.FCLK_CLK_0_BUFG/O
                         net (fo=13923, routed)       1.906     3.200    design_1_i/axi_smc/inst/clk_map/psr_aclk/U0/aclk
    SLICE_X66Y108        FDRE                                         r  design_1_i/axi_smc/inst/clk_map/psr_aclk/U0/ACTIVE_LOW_BSR_OUT_DFF[0].FDRE_BSR_N/C
  -------------------------------------------------------------------    -------------------
    SLICE_X66Y108        FDRE (Prop_fdre_C_Q)         0.518     3.718 r  design_1_i/axi_smc/inst/clk_map/psr_aclk/U0/ACTIVE_LOW_BSR_OUT_DFF[0].FDRE_BSR_N/Q
                         net (fo=26, routed)          4.446     8.164    design_1_i/axi_smc/inst/s00_entry_pipeline/s00_si_converter/inst/xpm_cdc_async_rst_inst/src_arst
    SLICE_X28Y68         LUT1 (Prop_lut1_I0_O)        0.153     8.317 f  design_1_i/axi_smc/inst/s00_entry_pipeline/s00_si_converter/inst/xpm_cdc_async_rst_inst/arststages_ff[2]_i_1/O
                         net (fo=3, routed)           0.681     8.998    design_1_i/axi_smc/inst/s00_entry_pipeline/s00_si_converter/inst/xpm_cdc_async_rst_inst/reset_pol
    SLICE_X27Y68         FDCE                                         f  design_1_i/axi_smc/inst/s00_entry_pipeline/s00_si_converter/inst/xpm_cdc_async_rst_inst/arststages_ff_reg[2]/CLR
  -------------------------------------------------------------------    -------------------

                         (clock clk_fpga_0 rise edge)
                                                      0.000     0.000 r  
    PS7_X0Y0             PS7                          0.000     0.000 r  design_1_i/processing_system7_0/inst/PS7_i/FCLKCLK[0]
                         net (fo=1, routed)           1.088     1.088    design_1_i/processing_system7_0/inst/FCLK_CLK_unbuffered[0]
    BUFGCTRL_X0Y16       BUFG (Prop_bufg_I_O)         0.091     1.179 r  design_1_i/processing_system7_0/inst/buffer_fclk_clk_0.FCLK_CLK_0_BUFG/O
                         net (fo=13923, routed)       1.511     2.690    design_1_i/axi_smc/inst/s00_entry_pipeline/s00_si_converter/inst/xpm_cdc_async_rst_inst/dest_clk
    SLICE_X27Y68         FDCE                                         r  design_1_i/axi_smc/inst/s00_entry_pipeline/s00_si_converter/inst/xpm_cdc_async_rst_inst/arststages_ff_reg[2]/C

Slack:                    inf
  Source:                 design_1_i/axi_smc/inst/clk_map/psr_aclk/U0/ACTIVE_LOW_BSR_OUT_DFF[0].FDRE_BSR_N/C
                            (rising edge-triggered cell FDRE clocked by clk_fpga_0  {rise@0.000ns fall@5.000ns period=10.000ns})
  Destination:            design_1_i/axi_smc/inst/m02_nodes/m02_ar_node/inst/s_sc_xpm_cdc_async_rst_inst/arststages_ff_reg[0]/CLR
                            (recovery check against rising-edge clock clk_fpga_0  {rise@0.000ns fall@5.000ns period=10.000ns})
  Path Group:             (none)
  Path Type:              Recovery (Max at Slow Process Corner)
  Data Path Delay:        5.669ns  (logic 0.642ns (11.325%)  route 5.027ns (88.675%))
  Logic Levels:           1  (LUT1=1)
  Clock Path Skew:        -0.506ns (DCD - SCD + CPR)
    Destination Clock Delay (DCD):    2.694ns
    Source Clock Delay      (SCD):    3.200ns
    Clock Pessimism Removal (CPR):    0.000ns
  Clock Uncertainty:      0.154ns  ((TSJ^2 + TIJ^2)^1/2 + DJ) / 2 + PE
    Total System Jitter     (TSJ):    0.071ns
    Total Input Jitter      (TIJ):    0.300ns
    Discrete Jitter          (DJ):    0.000ns
    Phase Error              (PE):    0.000ns
  Timing Exception:       False Path

    Location             Delay type                Incr(ns)  Path(ns)    Netlist Resource(s)
  -------------------------------------------------------------------    -------------------
                         (clock clk_fpga_0 rise edge)
                                                      0.000     0.000 r  
    PS7_X0Y0             PS7                          0.000     0.000 r  design_1_i/processing_system7_0/inst/PS7_i/FCLKCLK[0]
                         net (fo=1, routed)           1.193     1.193    design_1_i/processing_system7_0/inst/FCLK_CLK_unbuffered[0]
    BUFGCTRL_X0Y16       BUFG (Prop_bufg_I_O)         0.101     1.294 r  design_1_i/processing_system7_0/inst/buffer_fclk_clk_0.FCLK_CLK_0_BUFG/O
                         net (fo=13923, routed)       1.906     3.200    design_1_i/axi_smc/inst/clk_map/psr_aclk/U0/aclk
    SLICE_X66Y108        FDRE                                         r  design_1_i/axi_smc/inst/clk_map/psr_aclk/U0/ACTIVE_LOW_BSR_OUT_DFF[0].FDRE_BSR_N/C
  -------------------------------------------------------------------    -------------------
    SLICE_X66Y108        FDRE (Prop_fdre_C_Q)         0.518     3.718 r  design_1_i/axi_smc/inst/clk_map/psr_aclk/U0/ACTIVE_LOW_BSR_OUT_DFF[0].FDRE_BSR_N/Q
                         net (fo=26, routed)          4.446     8.164    design_1_i/axi_smc/inst/m02_nodes/m02_ar_node/inst/s_sc_xpm_cdc_async_rst_inst/src_arst
    SLICE_X28Y68         LUT1 (Prop_lut1_I0_O)        0.124     8.288 f  design_1_i/axi_smc/inst/m02_nodes/m02_ar_node/inst/s_sc_xpm_cdc_async_rst_inst/arststages_ff[2]_i_1/O
                         net (fo=3, routed)           0.581     8.869    design_1_i/axi_smc/inst/m02_nodes/m02_ar_node/inst/s_sc_xpm_cdc_async_rst_inst/reset_pol
    SLICE_X28Y68         FDCE                                         f  design_1_i/axi_smc/inst/m02_nodes/m02_ar_node/inst/s_sc_xpm_cdc_async_rst_inst/arststages_ff_reg[0]/CLR
  -------------------------------------------------------------------    -------------------

                         (clock clk_fpga_0 rise edge)
                                                      0.000     0.000 r  
    PS7_X0Y0             PS7                          0.000     0.000 r  design_1_i/processing_system7_0/inst/PS7_i/FCLKCLK[0]
                         net (fo=1, routed)           1.088     1.088    design_1_i/processing_system7_0/inst/FCLK_CLK_unbuffered[0]
    BUFGCTRL_X0Y16       BUFG (Prop_bufg_I_O)         0.091     1.179 r  design_1_i/processing_system7_0/inst/buffer_fclk_clk_0.FCLK_CLK_0_BUFG/O
                         net (fo=13923, routed)       1.515     2.694    design_1_i/axi_smc/inst/m02_nodes/m02_ar_node/inst/s_sc_xpm_cdc_async_rst_inst/dest_clk
    SLICE_X28Y68         FDCE                                         r  design_1_i/axi_smc/inst/m02_nodes/m02_ar_node/inst/s_sc_xpm_cdc_async_rst_inst/arststages_ff_reg[0]/C

Slack:                    inf
  Source:                 design_1_i/axi_smc/inst/clk_map/psr_aclk/U0/ACTIVE_LOW_BSR_OUT_DFF[0].FDRE_BSR_N/C
                            (rising edge-triggered cell FDRE clocked by clk_fpga_0  {rise@0.000ns fall@5.000ns period=10.000ns})
  Destination:            design_1_i/axi_smc/inst/m02_nodes/m02_ar_node/inst/s_sc_xpm_cdc_async_rst_inst/arststages_ff_reg[1]/CLR
                            (recovery check against rising-edge clock clk_fpga_0  {rise@0.000ns fall@5.000ns period=10.000ns})
  Path Group:             (none)
  Path Type:              Recovery (Max at Slow Process Corner)
  Data Path Delay:        5.669ns  (logic 0.642ns (11.325%)  route 5.027ns (88.675%))
  Logic Levels:           1  (LUT1=1)
  Clock Path Skew:        -0.506ns (DCD - SCD + CPR)
    Destination Clock Delay (DCD):    2.694ns
    Source Clock Delay      (SCD):    3.200ns
    Clock Pessimism Removal (CPR):    0.000ns
  Clock Uncertainty:      0.154ns  ((TSJ^2 + TIJ^2)^1/2 + DJ) / 2 + PE
    Total System Jitter     (TSJ):    0.071ns
    Total Input Jitter      (TIJ):    0.300ns
    Discrete Jitter          (DJ):    0.000ns
    Phase Error              (PE):    0.000ns
  Timing Exception:       False Path

    Location             Delay type                Incr(ns)  Path(ns)    Netlist Resource(s)
  -------------------------------------------------------------------    -------------------
                         (clock clk_fpga_0 rise edge)
                                                      0.000     0.000 r  
    PS7_X0Y0             PS7                          0.000     0.000 r  design_1_i/processing_system7_0/inst/PS7_i/FCLKCLK[0]
                         net (fo=1, routed)           1.193     1.193    design_1_i/processing_system7_0/inst/FCLK_CLK_unbuffered[0]
    BUFGCTRL_X0Y16       BUFG (Prop_bufg_I_O)         0.101     1.294 r  design_1_i/processing_system7_0/inst/buffer_fclk_clk_0.FCLK_CLK_0_BUFG/O
                         net (fo=13923, routed)       1.906     3.200    design_1_i/axi_smc/inst/clk_map/psr_aclk/U0/aclk
    SLICE_X66Y108        FDRE                                         r  design_1_i/axi_smc/inst/clk_map/psr_aclk/U0/ACTIVE_LOW_BSR_OUT_DFF[0].FDRE_BSR_N/C
  -------------------------------------------------------------------    -------------------
    SLICE_X66Y108        FDRE (Prop_fdre_C_Q)         0.518     3.718 r  design_1_i/axi_smc/inst/clk_map/psr_aclk/U0/ACTIVE_LOW_BSR_OUT_DFF[0].FDRE_BSR_N/Q
                         net (fo=26, routed)          4.446     8.164    design_1_i/axi_smc/inst/m02_nodes/m02_ar_node/inst/s_sc_xpm_cdc_async_rst_inst/src_arst
    SLICE_X28Y68         LUT1 (Prop_lut1_I0_O)        0.124     8.288 f  design_1_i/axi_smc/inst/m02_nodes/m02_ar_node/inst/s_sc_xpm_cdc_async_rst_inst/arststages_ff[2]_i_1/O
                         net (fo=3, routed)           0.581     8.869    design_1_i/axi_smc/inst/m02_nodes/m02_ar_node/inst/s_sc_xpm_cdc_async_rst_inst/reset_pol
    SLICE_X28Y68         FDCE                                         f  design_1_i/axi_smc/inst/m02_nodes/m02_ar_node/inst/s_sc_xpm_cdc_async_rst_inst/arststages_ff_reg[1]/CLR
  -------------------------------------------------------------------    -------------------

                         (clock clk_fpga_0 rise edge)
                                                      0.000     0.000 r  
    PS7_X0Y0             PS7                          0.000     0.000 r  design_1_i/processing_system7_0/inst/PS7_i/FCLKCLK[0]
                         net (fo=1, routed)           1.088     1.088    design_1_i/processing_system7_0/inst/FCLK_CLK_unbuffered[0]
    BUFGCTRL_X0Y16       BUFG (Prop_bufg_I_O)         0.091     1.179 r  design_1_i/processing_system7_0/inst/buffer_fclk_clk_0.FCLK_CLK_0_BUFG/O
                         net (fo=13923, routed)       1.515     2.694    design_1_i/axi_smc/inst/m02_nodes/m02_ar_node/inst/s_sc_xpm_cdc_async_rst_inst/dest_clk
    SLICE_X28Y68         FDCE                                         r  design_1_i/axi_smc/inst/m02_nodes/m02_ar_node/inst/s_sc_xpm_cdc_async_rst_inst/arststages_ff_reg[1]/C

Slack:                    inf
  Source:                 design_1_i/axi_smc/inst/clk_map/psr_aclk/U0/ACTIVE_LOW_BSR_OUT_DFF[0].FDRE_BSR_N/C
                            (rising edge-triggered cell FDRE clocked by clk_fpga_0  {rise@0.000ns fall@5.000ns period=10.000ns})
  Destination:            design_1_i/axi_smc/inst/m02_nodes/m02_ar_node/inst/s_sc_xpm_cdc_async_rst_inst/arststages_ff_reg[2]/CLR
                            (recovery check against rising-edge clock clk_fpga_0  {rise@0.000ns fall@5.000ns period=10.000ns})
  Path Group:             (none)
  Path Type:              Recovery (Max at Slow Process Corner)
  Data Path Delay:        5.669ns  (logic 0.642ns (11.325%)  route 5.027ns (88.675%))
  Logic Levels:           1  (LUT1=1)
  Clock Path Skew:        -0.506ns (DCD - SCD + CPR)
    Destination Clock Delay (DCD):    2.694ns
    Source Clock Delay      (SCD):    3.200ns
    Clock Pessimism Removal (CPR):    0.000ns
  Clock Uncertainty:      0.154ns  ((TSJ^2 + TIJ^2)^1/2 + DJ) / 2 + PE
    Total System Jitter     (TSJ):    0.071ns
    Total Input Jitter      (TIJ):    0.300ns
    Discrete Jitter          (DJ):    0.000ns
    Phase Error              (PE):    0.000ns
  Timing Exception:       False Path

    Location             Delay type                Incr(ns)  Path(ns)    Netlist Resource(s)
  -------------------------------------------------------------------    -------------------
                         (clock clk_fpga_0 rise edge)
                                                      0.000     0.000 r  
    PS7_X0Y0             PS7                          0.000     0.000 r  design_1_i/processing_system7_0/inst/PS7_i/FCLKCLK[0]
                         net (fo=1, routed)           1.193     1.193    design_1_i/processing_system7_0/inst/FCLK_CLK_unbuffered[0]
    BUFGCTRL_X0Y16       BUFG (Prop_bufg_I_O)         0.101     1.294 r  design_1_i/processing_system7_0/inst/buffer_fclk_clk_0.FCLK_CLK_0_BUFG/O
                         net (fo=13923, routed)       1.906     3.200    design_1_i/axi_smc/inst/clk_map/psr_aclk/U0/aclk
    SLICE_X66Y108        FDRE                                         r  design_1_i/axi_smc/inst/clk_map/psr_aclk/U0/ACTIVE_LOW_BSR_OUT_DFF[0].FDRE_BSR_N/C
  -------------------------------------------------------------------    -------------------
    SLICE_X66Y108        FDRE (Prop_fdre_C_Q)         0.518     3.718 r  design_1_i/axi_smc/inst/clk_map/psr_aclk/U0/ACTIVE_LOW_BSR_OUT_DFF[0].FDRE_BSR_N/Q
                         net (fo=26, routed)          4.446     8.164    design_1_i/axi_smc/inst/m02_nodes/m02_ar_node/inst/s_sc_xpm_cdc_async_rst_inst/src_arst
    SLICE_X28Y68         LUT1 (Prop_lut1_I0_O)        0.124     8.288 f  design_1_i/axi_smc/inst/m02_nodes/m02_ar_node/inst/s_sc_xpm_cdc_async_rst_inst/arststages_ff[2]_i_1/O
                         net (fo=3, routed)           0.581     8.869    design_1_i/axi_smc/inst/m02_nodes/m02_ar_node/inst/s_sc_xpm_cdc_async_rst_inst/reset_pol
    SLICE_X28Y68         FDCE                                         f  design_1_i/axi_smc/inst/m02_nodes/m02_ar_node/inst/s_sc_xpm_cdc_async_rst_inst/arststages_ff_reg[2]/CLR
  -------------------------------------------------------------------    -------------------

                         (clock clk_fpga_0 rise edge)
                                                      0.000     0.000 r  
    PS7_X0Y0             PS7                          0.000     0.000 r  design_1_i/processing_system7_0/inst/PS7_i/FCLKCLK[0]
                         net (fo=1, routed)           1.088     1.088    design_1_i/processing_system7_0/inst/FCLK_CLK_unbuffered[0]
    BUFGCTRL_X0Y16       BUFG (Prop_bufg_I_O)         0.091     1.179 r  design_1_i/processing_system7_0/inst/buffer_fclk_clk_0.FCLK_CLK_0_BUFG/O
                         net (fo=13923, routed)       1.515     2.694    design_1_i/axi_smc/inst/m02_nodes/m02_ar_node/inst/s_sc_xpm_cdc_async_rst_inst/dest_clk
    SLICE_X28Y68         FDCE                                         r  design_1_i/axi_smc/inst/m02_nodes/m02_ar_node/inst/s_sc_xpm_cdc_async_rst_inst/arststages_ff_reg[2]/C

Slack:                    inf
  Source:                 design_1_i/axi_smc/inst/clk_map/psr_aclk/U0/ACTIVE_LOW_BSR_OUT_DFF[0].FDRE_BSR_N/C
                            (rising edge-triggered cell FDRE clocked by clk_fpga_0  {rise@0.000ns fall@5.000ns period=10.000ns})
  Destination:            design_1_i/axi_smc/inst/s00_nodes/s00_ar_node/inst/s_sc_xpm_cdc_async_rst_inst/arststages_ff_reg[0]/CLR
                            (recovery check against rising-edge clock clk_fpga_0  {rise@0.000ns fall@5.000ns period=10.000ns})
  Path Group:             (none)
  Path Type:              Recovery (Max at Slow Process Corner)
  Data Path Delay:        5.505ns  (logic 0.642ns (11.662%)  route 4.863ns (88.338%))
  Logic Levels:           1  (LUT1=1)
  Clock Path Skew:        -0.555ns (DCD - SCD + CPR)
    Destination Clock Delay (DCD):    2.645ns
    Source Clock Delay      (SCD):    3.200ns
    Clock Pessimism Removal (CPR):    0.000ns
  Clock Uncertainty:      0.154ns  ((TSJ^2 + TIJ^2)^1/2 + DJ) / 2 + PE
    Total System Jitter     (TSJ):    0.071ns
    Total Input Jitter      (TIJ):    0.300ns
    Discrete Jitter          (DJ):    0.000ns
    Phase Error              (PE):    0.000ns
  Timing Exception:       False Path

    Location             Delay type                Incr(ns)  Path(ns)    Netlist Resource(s)
  -------------------------------------------------------------------    -------------------
                         (clock clk_fpga_0 rise edge)
                                                      0.000     0.000 r  
    PS7_X0Y0             PS7                          0.000     0.000 r  design_1_i/processing_system7_0/inst/PS7_i/FCLKCLK[0]
                         net (fo=1, routed)           1.193     1.193    design_1_i/processing_system7_0/inst/FCLK_CLK_unbuffered[0]
    BUFGCTRL_X0Y16       BUFG (Prop_bufg_I_O)         0.101     1.294 r  design_1_i/processing_system7_0/inst/buffer_fclk_clk_0.FCLK_CLK_0_BUFG/O
                         net (fo=13923, routed)       1.906     3.200    design_1_i/axi_smc/inst/clk_map/psr_aclk/U0/aclk
    SLICE_X66Y108        FDRE                                         r  design_1_i/axi_smc/inst/clk_map/psr_aclk/U0/ACTIVE_LOW_BSR_OUT_DFF[0].FDRE_BSR_N/C
  -------------------------------------------------------------------    -------------------
    SLICE_X66Y108        FDRE (Prop_fdre_C_Q)         0.518     3.718 r  design_1_i/axi_smc/inst/clk_map/psr_aclk/U0/ACTIVE_LOW_BSR_OUT_DFF[0].FDRE_BSR_N/Q
                         net (fo=26, routed)          4.476     8.194    design_1_i/axi_smc/inst/s00_nodes/s00_ar_node/inst/s_sc_xpm_cdc_async_rst_inst/src_arst
    SLICE_X35Y72         LUT1 (Prop_lut1_I0_O)        0.124     8.318 f  design_1_i/axi_smc/inst/s00_nodes/s00_ar_node/inst/s_sc_xpm_cdc_async_rst_inst/arststages_ff[2]_i_1/O
                         net (fo=3, routed)           0.387     8.705    design_1_i/axi_smc/inst/s00_nodes/s00_ar_node/inst/s_sc_xpm_cdc_async_rst_inst/reset_pol
    SLICE_X35Y72         FDCE                                         f  design_1_i/axi_smc/inst/s00_nodes/s00_ar_node/inst/s_sc_xpm_cdc_async_rst_inst/arststages_ff_reg[0]/CLR
  -------------------------------------------------------------------    -------------------

                         (clock clk_fpga_0 rise edge)
                                                      0.000     0.000 r  
    PS7_X0Y0             PS7                          0.000     0.000 r  design_1_i/processing_system7_0/inst/PS7_i/FCLKCLK[0]
                         net (fo=1, routed)           1.088     1.088    design_1_i/processing_system7_0/inst/FCLK_CLK_unbuffered[0]
    BUFGCTRL_X0Y16       BUFG (Prop_bufg_I_O)         0.091     1.179 r  design_1_i/processing_system7_0/inst/buffer_fclk_clk_0.FCLK_CLK_0_BUFG/O
                         net (fo=13923, routed)       1.466     2.645    design_1_i/axi_smc/inst/s00_nodes/s00_ar_node/inst/s_sc_xpm_cdc_async_rst_inst/dest_clk
    SLICE_X35Y72         FDCE                                         r  design_1_i/axi_smc/inst/s00_nodes/s00_ar_node/inst/s_sc_xpm_cdc_async_rst_inst/arststages_ff_reg[0]/C

Slack:                    inf
  Source:                 design_1_i/axi_smc/inst/clk_map/psr_aclk/U0/ACTIVE_LOW_BSR_OUT_DFF[0].FDRE_BSR_N/C
                            (rising edge-triggered cell FDRE clocked by clk_fpga_0  {rise@0.000ns fall@5.000ns period=10.000ns})
  Destination:            design_1_i/axi_smc/inst/s00_nodes/s00_ar_node/inst/s_sc_xpm_cdc_async_rst_inst/arststages_ff_reg[1]/CLR
                            (recovery check against rising-edge clock clk_fpga_0  {rise@0.000ns fall@5.000ns period=10.000ns})
  Path Group:             (none)
  Path Type:              Recovery (Max at Slow Process Corner)
  Data Path Delay:        5.505ns  (logic 0.642ns (11.662%)  route 4.863ns (88.338%))
  Logic Levels:           1  (LUT1=1)
  Clock Path Skew:        -0.555ns (DCD - SCD + CPR)
    Destination Clock Delay (DCD):    2.645ns
    Source Clock Delay      (SCD):    3.200ns
    Clock Pessimism Removal (CPR):    0.000ns
  Clock Uncertainty:      0.154ns  ((TSJ^2 + TIJ^2)^1/2 + DJ) / 2 + PE
    Total System Jitter     (TSJ):    0.071ns
    Total Input Jitter      (TIJ):    0.300ns
    Discrete Jitter          (DJ):    0.000ns
    Phase Error              (PE):    0.000ns
  Timing Exception:       False Path

    Location             Delay type                Incr(ns)  Path(ns)    Netlist Resource(s)
  -------------------------------------------------------------------    -------------------
                         (clock clk_fpga_0 rise edge)
                                                      0.000     0.000 r  
    PS7_X0Y0             PS7                          0.000     0.000 r  design_1_i/processing_system7_0/inst/PS7_i/FCLKCLK[0]
                         net (fo=1, routed)           1.193     1.193    design_1_i/processing_system7_0/inst/FCLK_CLK_unbuffered[0]
    BUFGCTRL_X0Y16       BUFG (Prop_bufg_I_O)         0.101     1.294 r  design_1_i/processing_system7_0/inst/buffer_fclk_clk_0.FCLK_CLK_0_BUFG/O
                         net (fo=13923, routed)       1.906     3.200    design_1_i/axi_smc/inst/clk_map/psr_aclk/U0/aclk
    SLICE_X66Y108        FDRE                                         r  design_1_i/axi_smc/inst/clk_map/psr_aclk/U0/ACTIVE_LOW_BSR_OUT_DFF[0].FDRE_BSR_N/C
  -------------------------------------------------------------------    -------------------
    SLICE_X66Y108        FDRE (Prop_fdre_C_Q)         0.518     3.718 r  design_1_i/axi_smc/inst/clk_map/psr_aclk/U0/ACTIVE_LOW_BSR_OUT_DFF[0].FDRE_BSR_N/Q
                         net (fo=26, routed)          4.476     8.194    design_1_i/axi_smc/inst/s00_nodes/s00_ar_node/inst/s_sc_xpm_cdc_async_rst_inst/src_arst
    SLICE_X35Y72         LUT1 (Prop_lut1_I0_O)        0.124     8.318 f  design_1_i/axi_smc/inst/s00_nodes/s00_ar_node/inst/s_sc_xpm_cdc_async_rst_inst/arststages_ff[2]_i_1/O
                         net (fo=3, routed)           0.387     8.705    design_1_i/axi_smc/inst/s00_nodes/s00_ar_node/inst/s_sc_xpm_cdc_async_rst_inst/reset_pol
    SLICE_X35Y72         FDCE                                         f  design_1_i/axi_smc/inst/s00_nodes/s00_ar_node/inst/s_sc_xpm_cdc_async_rst_inst/arststages_ff_reg[1]/CLR
  -------------------------------------------------------------------    -------------------

                         (clock clk_fpga_0 rise edge)
                                                      0.000     0.000 r  
    PS7_X0Y0             PS7                          0.000     0.000 r  design_1_i/processing_system7_0/inst/PS7_i/FCLKCLK[0]
                         net (fo=1, routed)           1.088     1.088    design_1_i/processing_system7_0/inst/FCLK_CLK_unbuffered[0]
    BUFGCTRL_X0Y16       BUFG (Prop_bufg_I_O)         0.091     1.179 r  design_1_i/processing_system7_0/inst/buffer_fclk_clk_0.FCLK_CLK_0_BUFG/O
                         net (fo=13923, routed)       1.466     2.645    design_1_i/axi_smc/inst/s00_nodes/s00_ar_node/inst/s_sc_xpm_cdc_async_rst_inst/dest_clk
    SLICE_X35Y72         FDCE                                         r  design_1_i/axi_smc/inst/s00_nodes/s00_ar_node/inst/s_sc_xpm_cdc_async_rst_inst/arststages_ff_reg[1]/C

Slack:                    inf
  Source:                 design_1_i/axi_smc/inst/clk_map/psr_aclk/U0/ACTIVE_LOW_BSR_OUT_DFF[0].FDRE_BSR_N/C
                            (rising edge-triggered cell FDRE clocked by clk_fpga_0  {rise@0.000ns fall@5.000ns period=10.000ns})
  Destination:            design_1_i/axi_smc/inst/s00_nodes/s00_ar_node/inst/s_sc_xpm_cdc_async_rst_inst/arststages_ff_reg[2]/CLR
                            (recovery check against rising-edge clock clk_fpga_0  {rise@0.000ns fall@5.000ns period=10.000ns})
  Path Group:             (none)
  Path Type:              Recovery (Max at Slow Process Corner)
  Data Path Delay:        5.505ns  (logic 0.642ns (11.662%)  route 4.863ns (88.338%))
  Logic Levels:           1  (LUT1=1)
  Clock Path Skew:        -0.555ns (DCD - SCD + CPR)
    Destination Clock Delay (DCD):    2.645ns
    Source Clock Delay      (SCD):    3.200ns
    Clock Pessimism Removal (CPR):    0.000ns
  Clock Uncertainty:      0.154ns  ((TSJ^2 + TIJ^2)^1/2 + DJ) / 2 + PE
    Total System Jitter     (TSJ):    0.071ns
    Total Input Jitter      (TIJ):    0.300ns
    Discrete Jitter          (DJ):    0.000ns
    Phase Error              (PE):    0.000ns
  Timing Exception:       False Path

    Location             Delay type                Incr(ns)  Path(ns)    Netlist Resource(s)
  -------------------------------------------------------------------    -------------------
                         (clock clk_fpga_0 rise edge)
                                                      0.000     0.000 r  
    PS7_X0Y0             PS7                          0.000     0.000 r  design_1_i/processing_system7_0/inst/PS7_i/FCLKCLK[0]
                         net (fo=1, routed)           1.193     1.193    design_1_i/processing_system7_0/inst/FCLK_CLK_unbuffered[0]
    BUFGCTRL_X0Y16       BUFG (Prop_bufg_I_O)         0.101     1.294 r  design_1_i/processing_system7_0/inst/buffer_fclk_clk_0.FCLK_CLK_0_BUFG/O
                         net (fo=13923, routed)       1.906     3.200    design_1_i/axi_smc/inst/clk_map/psr_aclk/U0/aclk
    SLICE_X66Y108        FDRE                                         r  design_1_i/axi_smc/inst/clk_map/psr_aclk/U0/ACTIVE_LOW_BSR_OUT_DFF[0].FDRE_BSR_N/C
  -------------------------------------------------------------------    -------------------
    SLICE_X66Y108        FDRE (Prop_fdre_C_Q)         0.518     3.718 r  design_1_i/axi_smc/inst/clk_map/psr_aclk/U0/ACTIVE_LOW_BSR_OUT_DFF[0].FDRE_BSR_N/Q
                         net (fo=26, routed)          4.476     8.194    design_1_i/axi_smc/inst/s00_nodes/s00_ar_node/inst/s_sc_xpm_cdc_async_rst_inst/src_arst
    SLICE_X35Y72         LUT1 (Prop_lut1_I0_O)        0.124     8.318 f  design_1_i/axi_smc/inst/s00_nodes/s00_ar_node/inst/s_sc_xpm_cdc_async_rst_inst/arststages_ff[2]_i_1/O
                         net (fo=3, routed)           0.387     8.705    design_1_i/axi_smc/inst/s00_nodes/s00_ar_node/inst/s_sc_xpm_cdc_async_rst_inst/reset_pol
    SLICE_X35Y72         FDCE                                         f  design_1_i/axi_smc/inst/s00_nodes/s00_ar_node/inst/s_sc_xpm_cdc_async_rst_inst/arststages_ff_reg[2]/CLR
  -------------------------------------------------------------------    -------------------

                         (clock clk_fpga_0 rise edge)
                                                      0.000     0.000 r  
    PS7_X0Y0             PS7                          0.000     0.000 r  design_1_i/processing_system7_0/inst/PS7_i/FCLKCLK[0]
                         net (fo=1, routed)           1.088     1.088    design_1_i/processing_system7_0/inst/FCLK_CLK_unbuffered[0]
    BUFGCTRL_X0Y16       BUFG (Prop_bufg_I_O)         0.091     1.179 r  design_1_i/processing_system7_0/inst/buffer_fclk_clk_0.FCLK_CLK_0_BUFG/O
                         net (fo=13923, routed)       1.466     2.645    design_1_i/axi_smc/inst/s00_nodes/s00_ar_node/inst/s_sc_xpm_cdc_async_rst_inst/dest_clk
    SLICE_X35Y72         FDCE                                         r  design_1_i/axi_smc/inst/s00_nodes/s00_ar_node/inst/s_sc_xpm_cdc_async_rst_inst/arststages_ff_reg[2]/C

Slack:                    inf
  Source:                 design_1_i/axi_smc/inst/clk_map/psr_aclk/U0/ACTIVE_LOW_BSR_OUT_DFF[0].FDRE_BSR_N/C
                            (rising edge-triggered cell FDRE clocked by clk_fpga_0  {rise@0.000ns fall@5.000ns period=10.000ns})
  Destination:            design_1_i/axi_smc/inst/m01_nodes/m01_ar_node/inst/s_sc_xpm_cdc_async_rst_inst/arststages_ff_reg[0]/CLR
                            (recovery check against rising-edge clock clk_fpga_0  {rise@0.000ns fall@5.000ns period=10.000ns})
  Path Group:             (none)
  Path Type:              Recovery (Max at Slow Process Corner)
  Data Path Delay:        5.058ns  (logic 0.638ns (12.614%)  route 4.420ns (87.386%))
  Logic Levels:           1  (LUT1=1)
  Clock Path Skew:        -0.553ns (DCD - SCD + CPR)
    Destination Clock Delay (DCD):    2.647ns
    Source Clock Delay      (SCD):    3.200ns
    Clock Pessimism Removal (CPR):    0.000ns
  Clock Uncertainty:      0.154ns  ((TSJ^2 + TIJ^2)^1/2 + DJ) / 2 + PE
    Total System Jitter     (TSJ):    0.071ns
    Total Input Jitter      (TIJ):    0.300ns
    Discrete Jitter          (DJ):    0.000ns
    Phase Error              (PE):    0.000ns
  Timing Exception:       False Path

    Location             Delay type                Incr(ns)  Path(ns)    Netlist Resource(s)
  -------------------------------------------------------------------    -------------------
                         (clock clk_fpga_0 rise edge)
                                                      0.000     0.000 r  
    PS7_X0Y0             PS7                          0.000     0.000 r  design_1_i/processing_system7_0/inst/PS7_i/FCLKCLK[0]
                         net (fo=1, routed)           1.193     1.193    design_1_i/processing_system7_0/inst/FCLK_CLK_unbuffered[0]
    BUFGCTRL_X0Y16       BUFG (Prop_bufg_I_O)         0.101     1.294 r  design_1_i/processing_system7_0/inst/buffer_fclk_clk_0.FCLK_CLK_0_BUFG/O
                         net (fo=13923, routed)       1.906     3.200    design_1_i/axi_smc/inst/clk_map/psr_aclk/U0/aclk
    SLICE_X66Y108        FDRE                                         r  design_1_i/axi_smc/inst/clk_map/psr_aclk/U0/ACTIVE_LOW_BSR_OUT_DFF[0].FDRE_BSR_N/C
  -------------------------------------------------------------------    -------------------
    SLICE_X66Y108        FDRE (Prop_fdre_C_Q)         0.518     3.718 r  design_1_i/axi_smc/inst/clk_map/psr_aclk/U0/ACTIVE_LOW_BSR_OUT_DFF[0].FDRE_BSR_N/Q
                         net (fo=26, routed)          3.743     7.461    design_1_i/axi_smc/inst/m01_nodes/m01_ar_node/inst/s_sc_xpm_cdc_async_rst_inst/src_arst
    SLICE_X33Y66         LUT1 (Prop_lut1_I0_O)        0.120     7.581 f  design_1_i/axi_smc/inst/m01_nodes/m01_ar_node/inst/s_sc_xpm_cdc_async_rst_inst/arststages_ff[2]_i_1/O
                         net (fo=3, routed)           0.676     8.258    design_1_i/axi_smc/inst/m01_nodes/m01_ar_node/inst/s_sc_xpm_cdc_async_rst_inst/reset_pol
    SLICE_X33Y70         FDCE                                         f  design_1_i/axi_smc/inst/m01_nodes/m01_ar_node/inst/s_sc_xpm_cdc_async_rst_inst/arststages_ff_reg[0]/CLR
  -------------------------------------------------------------------    -------------------

                         (clock clk_fpga_0 rise edge)
                                                      0.000     0.000 r  
    PS7_X0Y0             PS7                          0.000     0.000 r  design_1_i/processing_system7_0/inst/PS7_i/FCLKCLK[0]
                         net (fo=1, routed)           1.088     1.088    design_1_i/processing_system7_0/inst/FCLK_CLK_unbuffered[0]
    BUFGCTRL_X0Y16       BUFG (Prop_bufg_I_O)         0.091     1.179 r  design_1_i/processing_system7_0/inst/buffer_fclk_clk_0.FCLK_CLK_0_BUFG/O
                         net (fo=13923, routed)       1.468     2.647    design_1_i/axi_smc/inst/m01_nodes/m01_ar_node/inst/s_sc_xpm_cdc_async_rst_inst/dest_clk
    SLICE_X33Y70         FDCE                                         r  design_1_i/axi_smc/inst/m01_nodes/m01_ar_node/inst/s_sc_xpm_cdc_async_rst_inst/arststages_ff_reg[0]/C





Min Delay Paths
--------------------------------------------------------------------------------------
Slack:                    inf
  Source:                 design_1_i/axi_smc/inst/clk_map/psr_aclk/U0/ACTIVE_LOW_BSR_OUT_DFF[0].FDRE_BSR_N/C
                            (rising edge-triggered cell FDRE clocked by clk_fpga_0  {rise@0.000ns fall@5.000ns period=10.000ns})
  Destination:            design_1_i/axi_smc/inst/m00_nodes/m00_b_node/inst/s_sc_xpm_cdc_async_rst_inst/arststages_ff_reg[0]/CLR
                            (removal check against rising-edge clock clk_fpga_0  {rise@0.000ns fall@5.000ns period=10.000ns})
  Path Group:             (none)
  Path Type:              Removal (Min at Fast Process Corner)
  Data Path Delay:        0.615ns  (logic 0.209ns (33.957%)  route 0.406ns (66.043%))
  Logic Levels:           1  (LUT1=1)
  Clock Path Skew:        0.303ns (DCD - SCD - CPR)
    Destination Clock Delay (DCD):    1.299ns
    Source Clock Delay      (SCD):    0.996ns
    Clock Pessimism Removal (CPR):    -0.000ns
  Clock Uncertainty:      0.154ns  ((TSJ^2 + TIJ^2)^1/2 + DJ) / 2 + PE
    Total System Jitter     (TSJ):    0.071ns
    Total Input Jitter      (TIJ):    0.300ns
    Discrete Jitter          (DJ):    0.000ns
    Phase Error              (PE):    0.000ns
  Timing Exception:       False Path

    Location             Delay type                Incr(ns)  Path(ns)    Netlist Resource(s)
  -------------------------------------------------------------------    -------------------
                         (clock clk_fpga_0 rise edge)
                                                      0.000     0.000 r  
    PS7_X0Y0             PS7                          0.000     0.000 r  design_1_i/processing_system7_0/inst/PS7_i/FCLKCLK[0]
                         net (fo=1, routed)           0.310     0.310    design_1_i/processing_system7_0/inst/FCLK_CLK_unbuffered[0]
    BUFGCTRL_X0Y16       BUFG (Prop_bufg_I_O)         0.026     0.336 r  design_1_i/processing_system7_0/inst/buffer_fclk_clk_0.FCLK_CLK_0_BUFG/O
                         net (fo=13923, routed)       0.660     0.996    design_1_i/axi_smc/inst/clk_map/psr_aclk/U0/aclk
    SLICE_X66Y108        FDRE                                         r  design_1_i/axi_smc/inst/clk_map/psr_aclk/U0/ACTIVE_LOW_BSR_OUT_DFF[0].FDRE_BSR_N/C
  -------------------------------------------------------------------    -------------------
    SLICE_X66Y108        FDRE (Prop_fdre_C_Q)         0.164     1.160 r  design_1_i/axi_smc/inst/clk_map/psr_aclk/U0/ACTIVE_LOW_BSR_OUT_DFF[0].FDRE_BSR_N/Q
                         net (fo=26, routed)          0.227     1.387    design_1_i/axi_smc/inst/m00_nodes/m00_b_node/inst/s_sc_xpm_cdc_async_rst_inst/src_arst
    SLICE_X64Y107        LUT1 (Prop_lut1_I0_O)        0.045     1.432 f  design_1_i/axi_smc/inst/m00_nodes/m00_b_node/inst/s_sc_xpm_cdc_async_rst_inst/arststages_ff[2]_i_1/O
                         net (fo=3, routed)           0.179     1.611    design_1_i/axi_smc/inst/m00_nodes/m00_b_node/inst/s_sc_xpm_cdc_async_rst_inst/reset_pol
    SLICE_X63Y107        FDCE                                         f  design_1_i/axi_smc/inst/m00_nodes/m00_b_node/inst/s_sc_xpm_cdc_async_rst_inst/arststages_ff_reg[0]/CLR
  -------------------------------------------------------------------    -------------------

                         (clock clk_fpga_0 rise edge)
                                                      0.000     0.000 r  
    PS7_X0Y0             PS7                          0.000     0.000 r  design_1_i/processing_system7_0/inst/PS7_i/FCLKCLK[0]
                         net (fo=1, routed)           0.337     0.337    design_1_i/processing_system7_0/inst/FCLK_CLK_unbuffered[0]
    BUFGCTRL_X0Y16       BUFG (Prop_bufg_I_O)         0.029     0.366 r  design_1_i/processing_system7_0/inst/buffer_fclk_clk_0.FCLK_CLK_0_BUFG/O
                         net (fo=13923, routed)       0.933     1.299    design_1_i/axi_smc/inst/m00_nodes/m00_b_node/inst/s_sc_xpm_cdc_async_rst_inst/dest_clk
    SLICE_X63Y107        FDCE                                         r  design_1_i/axi_smc/inst/m00_nodes/m00_b_node/inst/s_sc_xpm_cdc_async_rst_inst/arststages_ff_reg[0]/C

Slack:                    inf
  Source:                 design_1_i/axi_smc/inst/clk_map/psr_aclk/U0/ACTIVE_LOW_BSR_OUT_DFF[0].FDRE_BSR_N/C
                            (rising edge-triggered cell FDRE clocked by clk_fpga_0  {rise@0.000ns fall@5.000ns period=10.000ns})
  Destination:            design_1_i/axi_smc/inst/m00_nodes/m00_b_node/inst/s_sc_xpm_cdc_async_rst_inst/arststages_ff_reg[1]/CLR
                            (removal check against rising-edge clock clk_fpga_0  {rise@0.000ns fall@5.000ns period=10.000ns})
  Path Group:             (none)
  Path Type:              Removal (Min at Fast Process Corner)
  Data Path Delay:        0.615ns  (logic 0.209ns (33.957%)  route 0.406ns (66.043%))
  Logic Levels:           1  (LUT1=1)
  Clock Path Skew:        0.303ns (DCD - SCD - CPR)
    Destination Clock Delay (DCD):    1.299ns
    Source Clock Delay      (SCD):    0.996ns
    Clock Pessimism Removal (CPR):    -0.000ns
  Clock Uncertainty:      0.154ns  ((TSJ^2 + TIJ^2)^1/2 + DJ) / 2 + PE
    Total System Jitter     (TSJ):    0.071ns
    Total Input Jitter      (TIJ):    0.300ns
    Discrete Jitter          (DJ):    0.000ns
    Phase Error              (PE):    0.000ns
  Timing Exception:       False Path

    Location             Delay type                Incr(ns)  Path(ns)    Netlist Resource(s)
  -------------------------------------------------------------------    -------------------
                         (clock clk_fpga_0 rise edge)
                                                      0.000     0.000 r  
    PS7_X0Y0             PS7                          0.000     0.000 r  design_1_i/processing_system7_0/inst/PS7_i/FCLKCLK[0]
                         net (fo=1, routed)           0.310     0.310    design_1_i/processing_system7_0/inst/FCLK_CLK_unbuffered[0]
    BUFGCTRL_X0Y16       BUFG (Prop_bufg_I_O)         0.026     0.336 r  design_1_i/processing_system7_0/inst/buffer_fclk_clk_0.FCLK_CLK_0_BUFG/O
                         net (fo=13923, routed)       0.660     0.996    design_1_i/axi_smc/inst/clk_map/psr_aclk/U0/aclk
    SLICE_X66Y108        FDRE                                         r  design_1_i/axi_smc/inst/clk_map/psr_aclk/U0/ACTIVE_LOW_BSR_OUT_DFF[0].FDRE_BSR_N/C
  -------------------------------------------------------------------    -------------------
    SLICE_X66Y108        FDRE (Prop_fdre_C_Q)         0.164     1.160 r  design_1_i/axi_smc/inst/clk_map/psr_aclk/U0/ACTIVE_LOW_BSR_OUT_DFF[0].FDRE_BSR_N/Q
                         net (fo=26, routed)          0.227     1.387    design_1_i/axi_smc/inst/m00_nodes/m00_b_node/inst/s_sc_xpm_cdc_async_rst_inst/src_arst
    SLICE_X64Y107        LUT1 (Prop_lut1_I0_O)        0.045     1.432 f  design_1_i/axi_smc/inst/m00_nodes/m00_b_node/inst/s_sc_xpm_cdc_async_rst_inst/arststages_ff[2]_i_1/O
                         net (fo=3, routed)           0.179     1.611    design_1_i/axi_smc/inst/m00_nodes/m00_b_node/inst/s_sc_xpm_cdc_async_rst_inst/reset_pol
    SLICE_X63Y107        FDCE                                         f  design_1_i/axi_smc/inst/m00_nodes/m00_b_node/inst/s_sc_xpm_cdc_async_rst_inst/arststages_ff_reg[1]/CLR
  -------------------------------------------------------------------    -------------------

                         (clock clk_fpga_0 rise edge)
                                                      0.000     0.000 r  
    PS7_X0Y0             PS7                          0.000     0.000 r  design_1_i/processing_system7_0/inst/PS7_i/FCLKCLK[0]
                         net (fo=1, routed)           0.337     0.337    design_1_i/processing_system7_0/inst/FCLK_CLK_unbuffered[0]
    BUFGCTRL_X0Y16       BUFG (Prop_bufg_I_O)         0.029     0.366 r  design_1_i/processing_system7_0/inst/buffer_fclk_clk_0.FCLK_CLK_0_BUFG/O
                         net (fo=13923, routed)       0.933     1.299    design_1_i/axi_smc/inst/m00_nodes/m00_b_node/inst/s_sc_xpm_cdc_async_rst_inst/dest_clk
    SLICE_X63Y107        FDCE                                         r  design_1_i/axi_smc/inst/m00_nodes/m00_b_node/inst/s_sc_xpm_cdc_async_rst_inst/arststages_ff_reg[1]/C

Slack:                    inf
  Source:                 design_1_i/axi_smc/inst/clk_map/psr_aclk/U0/ACTIVE_LOW_BSR_OUT_DFF[0].FDRE_BSR_N/C
                            (rising edge-triggered cell FDRE clocked by clk_fpga_0  {rise@0.000ns fall@5.000ns period=10.000ns})
  Destination:            design_1_i/axi_smc/inst/m00_nodes/m00_b_node/inst/s_sc_xpm_cdc_async_rst_inst/arststages_ff_reg[2]/CLR
                            (removal check against rising-edge clock clk_fpga_0  {rise@0.000ns fall@5.000ns period=10.000ns})
  Path Group:             (none)
  Path Type:              Removal (Min at Fast Process Corner)
  Data Path Delay:        0.615ns  (logic 0.209ns (33.957%)  route 0.406ns (66.043%))
  Logic Levels:           1  (LUT1=1)
  Clock Path Skew:        0.303ns (DCD - SCD - CPR)
    Destination Clock Delay (DCD):    1.299ns
    Source Clock Delay      (SCD):    0.996ns
    Clock Pessimism Removal (CPR):    -0.000ns
  Clock Uncertainty:      0.154ns  ((TSJ^2 + TIJ^2)^1/2 + DJ) / 2 + PE
    Total System Jitter     (TSJ):    0.071ns
    Total Input Jitter      (TIJ):    0.300ns
    Discrete Jitter          (DJ):    0.000ns
    Phase Error              (PE):    0.000ns
  Timing Exception:       False Path

    Location             Delay type                Incr(ns)  Path(ns)    Netlist Resource(s)
  -------------------------------------------------------------------    -------------------
                         (clock clk_fpga_0 rise edge)
                                                      0.000     0.000 r  
    PS7_X0Y0             PS7                          0.000     0.000 r  design_1_i/processing_system7_0/inst/PS7_i/FCLKCLK[0]
                         net (fo=1, routed)           0.310     0.310    design_1_i/processing_system7_0/inst/FCLK_CLK_unbuffered[0]
    BUFGCTRL_X0Y16       BUFG (Prop_bufg_I_O)         0.026     0.336 r  design_1_i/processing_system7_0/inst/buffer_fclk_clk_0.FCLK_CLK_0_BUFG/O
                         net (fo=13923, routed)       0.660     0.996    design_1_i/axi_smc/inst/clk_map/psr_aclk/U0/aclk
    SLICE_X66Y108        FDRE                                         r  design_1_i/axi_smc/inst/clk_map/psr_aclk/U0/ACTIVE_LOW_BSR_OUT_DFF[0].FDRE_BSR_N/C
  -------------------------------------------------------------------    -------------------
    SLICE_X66Y108        FDRE (Prop_fdre_C_Q)         0.164     1.160 r  design_1_i/axi_smc/inst/clk_map/psr_aclk/U0/ACTIVE_LOW_BSR_OUT_DFF[0].FDRE_BSR_N/Q
                         net (fo=26, routed)          0.227     1.387    design_1_i/axi_smc/inst/m00_nodes/m00_b_node/inst/s_sc_xpm_cdc_async_rst_inst/src_arst
    SLICE_X64Y107        LUT1 (Prop_lut1_I0_O)        0.045     1.432 f  design_1_i/axi_smc/inst/m00_nodes/m00_b_node/inst/s_sc_xpm_cdc_async_rst_inst/arststages_ff[2]_i_1/O
                         net (fo=3, routed)           0.179     1.611    design_1_i/axi_smc/inst/m00_nodes/m00_b_node/inst/s_sc_xpm_cdc_async_rst_inst/reset_pol
    SLICE_X63Y107        FDCE                                         f  design_1_i/axi_smc/inst/m00_nodes/m00_b_node/inst/s_sc_xpm_cdc_async_rst_inst/arststages_ff_reg[2]/CLR
  -------------------------------------------------------------------    -------------------

                         (clock clk_fpga_0 rise edge)
                                                      0.000     0.000 r  
    PS7_X0Y0             PS7                          0.000     0.000 r  design_1_i/processing_system7_0/inst/PS7_i/FCLKCLK[0]
                         net (fo=1, routed)           0.337     0.337    design_1_i/processing_system7_0/inst/FCLK_CLK_unbuffered[0]
    BUFGCTRL_X0Y16       BUFG (Prop_bufg_I_O)         0.029     0.366 r  design_1_i/processing_system7_0/inst/buffer_fclk_clk_0.FCLK_CLK_0_BUFG/O
                         net (fo=13923, routed)       0.933     1.299    design_1_i/axi_smc/inst/m00_nodes/m00_b_node/inst/s_sc_xpm_cdc_async_rst_inst/dest_clk
    SLICE_X63Y107        FDCE                                         r  design_1_i/axi_smc/inst/m00_nodes/m00_b_node/inst/s_sc_xpm_cdc_async_rst_inst/arststages_ff_reg[2]/C

Slack:                    inf
  Source:                 design_1_i/axi_smc/inst/clk_map/psr_aclk/U0/ACTIVE_LOW_BSR_OUT_DFF[0].FDRE_BSR_N/C
                            (rising edge-triggered cell FDRE clocked by clk_fpga_0  {rise@0.000ns fall@5.000ns period=10.000ns})
  Destination:            design_1_i/axi_smc/inst/m01_nodes/m01_b_node/inst/s_sc_xpm_cdc_async_rst_inst/arststages_ff_reg[0]/CLR
                            (removal check against rising-edge clock clk_fpga_0  {rise@0.000ns fall@5.000ns period=10.000ns})
  Path Group:             (none)
  Path Type:              Removal (Min at Fast Process Corner)
  Data Path Delay:        0.669ns  (logic 0.206ns (30.777%)  route 0.463ns (69.223%))
  Logic Levels:           1  (LUT1=1)
  Clock Path Skew:        0.303ns (DCD - SCD - CPR)
    Destination Clock Delay (DCD):    1.299ns
    Source Clock Delay      (SCD):    0.996ns
    Clock Pessimism Removal (CPR):    -0.000ns
  Clock Uncertainty:      0.154ns  ((TSJ^2 + TIJ^2)^1/2 + DJ) / 2 + PE
    Total System Jitter     (TSJ):    0.071ns
    Total Input Jitter      (TIJ):    0.300ns
    Discrete Jitter          (DJ):    0.000ns
    Phase Error              (PE):    0.000ns
  Timing Exception:       False Path

    Location             Delay type                Incr(ns)  Path(ns)    Netlist Resource(s)
  -------------------------------------------------------------------    -------------------
                         (clock clk_fpga_0 rise edge)
                                                      0.000     0.000 r  
    PS7_X0Y0             PS7                          0.000     0.000 r  design_1_i/processing_system7_0/inst/PS7_i/FCLKCLK[0]
                         net (fo=1, routed)           0.310     0.310    design_1_i/processing_system7_0/inst/FCLK_CLK_unbuffered[0]
    BUFGCTRL_X0Y16       BUFG (Prop_bufg_I_O)         0.026     0.336 r  design_1_i/processing_system7_0/inst/buffer_fclk_clk_0.FCLK_CLK_0_BUFG/O
                         net (fo=13923, routed)       0.660     0.996    design_1_i/axi_smc/inst/clk_map/psr_aclk/U0/aclk
    SLICE_X66Y108        FDRE                                         r  design_1_i/axi_smc/inst/clk_map/psr_aclk/U0/ACTIVE_LOW_BSR_OUT_DFF[0].FDRE_BSR_N/C
  -------------------------------------------------------------------    -------------------
    SLICE_X66Y108        FDRE (Prop_fdre_C_Q)         0.164     1.160 r  design_1_i/axi_smc/inst/clk_map/psr_aclk/U0/ACTIVE_LOW_BSR_OUT_DFF[0].FDRE_BSR_N/Q
                         net (fo=26, routed)          0.227     1.387    design_1_i/axi_smc/inst/m01_nodes/m01_b_node/inst/s_sc_xpm_cdc_async_rst_inst/src_arst
    SLICE_X64Y107        LUT1 (Prop_lut1_I0_O)        0.042     1.429 f  design_1_i/axi_smc/inst/m01_nodes/m01_b_node/inst/s_sc_xpm_cdc_async_rst_inst/arststages_ff[2]_i_1/O
                         net (fo=3, routed)           0.236     1.665    design_1_i/axi_smc/inst/m01_nodes/m01_b_node/inst/s_sc_xpm_cdc_async_rst_inst/reset_pol
    SLICE_X64Y107        FDCE                                         f  design_1_i/axi_smc/inst/m01_nodes/m01_b_node/inst/s_sc_xpm_cdc_async_rst_inst/arststages_ff_reg[0]/CLR
  -------------------------------------------------------------------    -------------------

                         (clock clk_fpga_0 rise edge)
                                                      0.000     0.000 r  
    PS7_X0Y0             PS7                          0.000     0.000 r  design_1_i/processing_system7_0/inst/PS7_i/FCLKCLK[0]
                         net (fo=1, routed)           0.337     0.337    design_1_i/processing_system7_0/inst/FCLK_CLK_unbuffered[0]
    BUFGCTRL_X0Y16       BUFG (Prop_bufg_I_O)         0.029     0.366 r  design_1_i/processing_system7_0/inst/buffer_fclk_clk_0.FCLK_CLK_0_BUFG/O
                         net (fo=13923, routed)       0.933     1.299    design_1_i/axi_smc/inst/m01_nodes/m01_b_node/inst/s_sc_xpm_cdc_async_rst_inst/dest_clk
    SLICE_X64Y107        FDCE                                         r  design_1_i/axi_smc/inst/m01_nodes/m01_b_node/inst/s_sc_xpm_cdc_async_rst_inst/arststages_ff_reg[0]/C

Slack:                    inf
  Source:                 design_1_i/axi_smc/inst/clk_map/psr_aclk/U0/ACTIVE_LOW_BSR_OUT_DFF[0].FDRE_BSR_N/C
                            (rising edge-triggered cell FDRE clocked by clk_fpga_0  {rise@0.000ns fall@5.000ns period=10.000ns})
  Destination:            design_1_i/axi_smc/inst/m01_nodes/m01_b_node/inst/s_sc_xpm_cdc_async_rst_inst/arststages_ff_reg[1]/CLR
                            (removal check against rising-edge clock clk_fpga_0  {rise@0.000ns fall@5.000ns period=10.000ns})
  Path Group:             (none)
  Path Type:              Removal (Min at Fast Process Corner)
  Data Path Delay:        0.669ns  (logic 0.206ns (30.777%)  route 0.463ns (69.223%))
  Logic Levels:           1  (LUT1=1)
  Clock Path Skew:        0.303ns (DCD - SCD - CPR)
    Destination Clock Delay (DCD):    1.299ns
    Source Clock Delay      (SCD):    0.996ns
    Clock Pessimism Removal (CPR):    -0.000ns
  Clock Uncertainty:      0.154ns  ((TSJ^2 + TIJ^2)^1/2 + DJ) / 2 + PE
    Total System Jitter     (TSJ):    0.071ns
    Total Input Jitter      (TIJ):    0.300ns
    Discrete Jitter          (DJ):    0.000ns
    Phase Error              (PE):    0.000ns
  Timing Exception:       False Path

    Location             Delay type                Incr(ns)  Path(ns)    Netlist Resource(s)
  -------------------------------------------------------------------    -------------------
                         (clock clk_fpga_0 rise edge)
                                                      0.000     0.000 r  
    PS7_X0Y0             PS7                          0.000     0.000 r  design_1_i/processing_system7_0/inst/PS7_i/FCLKCLK[0]
                         net (fo=1, routed)           0.310     0.310    design_1_i/processing_system7_0/inst/FCLK_CLK_unbuffered[0]
    BUFGCTRL_X0Y16       BUFG (Prop_bufg_I_O)         0.026     0.336 r  design_1_i/processing_system7_0/inst/buffer_fclk_clk_0.FCLK_CLK_0_BUFG/O
                         net (fo=13923, routed)       0.660     0.996    design_1_i/axi_smc/inst/clk_map/psr_aclk/U0/aclk
    SLICE_X66Y108        FDRE                                         r  design_1_i/axi_smc/inst/clk_map/psr_aclk/U0/ACTIVE_LOW_BSR_OUT_DFF[0].FDRE_BSR_N/C
  -------------------------------------------------------------------    -------------------
    SLICE_X66Y108        FDRE (Prop_fdre_C_Q)         0.164     1.160 r  design_1_i/axi_smc/inst/clk_map/psr_aclk/U0/ACTIVE_LOW_BSR_OUT_DFF[0].FDRE_BSR_N/Q
                         net (fo=26, routed)          0.227     1.387    design_1_i/axi_smc/inst/m01_nodes/m01_b_node/inst/s_sc_xpm_cdc_async_rst_inst/src_arst
    SLICE_X64Y107        LUT1 (Prop_lut1_I0_O)        0.042     1.429 f  design_1_i/axi_smc/inst/m01_nodes/m01_b_node/inst/s_sc_xpm_cdc_async_rst_inst/arststages_ff[2]_i_1/O
                         net (fo=3, routed)           0.236     1.665    design_1_i/axi_smc/inst/m01_nodes/m01_b_node/inst/s_sc_xpm_cdc_async_rst_inst/reset_pol
    SLICE_X64Y107        FDCE                                         f  design_1_i/axi_smc/inst/m01_nodes/m01_b_node/inst/s_sc_xpm_cdc_async_rst_inst/arststages_ff_reg[1]/CLR
  -------------------------------------------------------------------    -------------------

                         (clock clk_fpga_0 rise edge)
                                                      0.000     0.000 r  
    PS7_X0Y0             PS7                          0.000     0.000 r  design_1_i/processing_system7_0/inst/PS7_i/FCLKCLK[0]
                         net (fo=1, routed)           0.337     0.337    design_1_i/processing_system7_0/inst/FCLK_CLK_unbuffered[0]
    BUFGCTRL_X0Y16       BUFG (Prop_bufg_I_O)         0.029     0.366 r  design_1_i/processing_system7_0/inst/buffer_fclk_clk_0.FCLK_CLK_0_BUFG/O
                         net (fo=13923, routed)       0.933     1.299    design_1_i/axi_smc/inst/m01_nodes/m01_b_node/inst/s_sc_xpm_cdc_async_rst_inst/dest_clk
    SLICE_X64Y107        FDCE                                         r  design_1_i/axi_smc/inst/m01_nodes/m01_b_node/inst/s_sc_xpm_cdc_async_rst_inst/arststages_ff_reg[1]/C

Slack:                    inf
  Source:                 design_1_i/axi_smc/inst/clk_map/psr_aclk/U0/ACTIVE_LOW_BSR_OUT_DFF[0].FDRE_BSR_N/C
                            (rising edge-triggered cell FDRE clocked by clk_fpga_0  {rise@0.000ns fall@5.000ns period=10.000ns})
  Destination:            design_1_i/axi_smc/inst/m01_nodes/m01_b_node/inst/s_sc_xpm_cdc_async_rst_inst/arststages_ff_reg[2]/CLR
                            (removal check against rising-edge clock clk_fpga_0  {rise@0.000ns fall@5.000ns period=10.000ns})
  Path Group:             (none)
  Path Type:              Removal (Min at Fast Process Corner)
  Data Path Delay:        0.669ns  (logic 0.206ns (30.777%)  route 0.463ns (69.223%))
  Logic Levels:           1  (LUT1=1)
  Clock Path Skew:        0.303ns (DCD - SCD - CPR)
    Destination Clock Delay (DCD):    1.299ns
    Source Clock Delay      (SCD):    0.996ns
    Clock Pessimism Removal (CPR):    -0.000ns
  Clock Uncertainty:      0.154ns  ((TSJ^2 + TIJ^2)^1/2 + DJ) / 2 + PE
    Total System Jitter     (TSJ):    0.071ns
    Total Input Jitter      (TIJ):    0.300ns
    Discrete Jitter          (DJ):    0.000ns
    Phase Error              (PE):    0.000ns
  Timing Exception:       False Path

    Location             Delay type                Incr(ns)  Path(ns)    Netlist Resource(s)
  -------------------------------------------------------------------    -------------------
                         (clock clk_fpga_0 rise edge)
                                                      0.000     0.000 r  
    PS7_X0Y0             PS7                          0.000     0.000 r  design_1_i/processing_system7_0/inst/PS7_i/FCLKCLK[0]
                         net (fo=1, routed)           0.310     0.310    design_1_i/processing_system7_0/inst/FCLK_CLK_unbuffered[0]
    BUFGCTRL_X0Y16       BUFG (Prop_bufg_I_O)         0.026     0.336 r  design_1_i/processing_system7_0/inst/buffer_fclk_clk_0.FCLK_CLK_0_BUFG/O
                         net (fo=13923, routed)       0.660     0.996    design_1_i/axi_smc/inst/clk_map/psr_aclk/U0/aclk
    SLICE_X66Y108        FDRE                                         r  design_1_i/axi_smc/inst/clk_map/psr_aclk/U0/ACTIVE_LOW_BSR_OUT_DFF[0].FDRE_BSR_N/C
  -------------------------------------------------------------------    -------------------
    SLICE_X66Y108        FDRE (Prop_fdre_C_Q)         0.164     1.160 r  design_1_i/axi_smc/inst/clk_map/psr_aclk/U0/ACTIVE_LOW_BSR_OUT_DFF[0].FDRE_BSR_N/Q
                         net (fo=26, routed)          0.227     1.387    design_1_i/axi_smc/inst/m01_nodes/m01_b_node/inst/s_sc_xpm_cdc_async_rst_inst/src_arst
    SLICE_X64Y107        LUT1 (Prop_lut1_I0_O)        0.042     1.429 f  design_1_i/axi_smc/inst/m01_nodes/m01_b_node/inst/s_sc_xpm_cdc_async_rst_inst/arststages_ff[2]_i_1/O
                         net (fo=3, routed)           0.236     1.665    design_1_i/axi_smc/inst/m01_nodes/m01_b_node/inst/s_sc_xpm_cdc_async_rst_inst/reset_pol
    SLICE_X64Y107        FDCE                                         f  design_1_i/axi_smc/inst/m01_nodes/m01_b_node/inst/s_sc_xpm_cdc_async_rst_inst/arststages_ff_reg[2]/CLR
  -------------------------------------------------------------------    -------------------

                         (clock clk_fpga_0 rise edge)
                                                      0.000     0.000 r  
    PS7_X0Y0             PS7                          0.000     0.000 r  design_1_i/processing_system7_0/inst/PS7_i/FCLKCLK[0]
                         net (fo=1, routed)           0.337     0.337    design_1_i/processing_system7_0/inst/FCLK_CLK_unbuffered[0]
    BUFGCTRL_X0Y16       BUFG (Prop_bufg_I_O)         0.029     0.366 r  design_1_i/processing_system7_0/inst/buffer_fclk_clk_0.FCLK_CLK_0_BUFG/O
                         net (fo=13923, routed)       0.933     1.299    design_1_i/axi_smc/inst/m01_nodes/m01_b_node/inst/s_sc_xpm_cdc_async_rst_inst/dest_clk
    SLICE_X64Y107        FDCE                                         r  design_1_i/axi_smc/inst/m01_nodes/m01_b_node/inst/s_sc_xpm_cdc_async_rst_inst/arststages_ff_reg[2]/C

Slack:                    inf
  Source:                 design_1_i/axi_smc/inst/clk_map/psr_aclk/U0/ACTIVE_LOW_BSR_OUT_DFF[0].FDRE_BSR_N/C
                            (rising edge-triggered cell FDRE clocked by clk_fpga_0  {rise@0.000ns fall@5.000ns period=10.000ns})
  Destination:            design_1_i/axi_smc/inst/m00_exit_pipeline/m00_exit/inst/xpm_cdc_async_rst_inst/arststages_ff_reg[0]/CLR
                            (removal check against rising-edge clock clk_fpga_0  {rise@0.000ns fall@5.000ns period=10.000ns})
  Path Group:             (none)
  Path Type:              Removal (Min at Fast Process Corner)
  Data Path Delay:        0.735ns  (logic 0.209ns (28.443%)  route 0.526ns (71.557%))
  Logic Levels:           1  (LUT1=1)
  Clock Path Skew:        0.219ns (DCD - SCD - CPR)
    Destination Clock Delay (DCD):    1.215ns
    Source Clock Delay      (SCD):    0.996ns
    Clock Pessimism Removal (CPR):    -0.000ns
  Clock Uncertainty:      0.154ns  ((TSJ^2 + TIJ^2)^1/2 + DJ) / 2 + PE
    Total System Jitter     (TSJ):    0.071ns
    Total Input Jitter      (TIJ):    0.300ns
    Discrete Jitter          (DJ):    0.000ns
    Phase Error              (PE):    0.000ns
  Timing Exception:       False Path

    Location             Delay type                Incr(ns)  Path(ns)    Netlist Resource(s)
  -------------------------------------------------------------------    -------------------
                         (clock clk_fpga_0 rise edge)
                                                      0.000     0.000 r  
    PS7_X0Y0             PS7                          0.000     0.000 r  design_1_i/processing_system7_0/inst/PS7_i/FCLKCLK[0]
                         net (fo=1, routed)           0.310     0.310    design_1_i/processing_system7_0/inst/FCLK_CLK_unbuffered[0]
    BUFGCTRL_X0Y16       BUFG (Prop_bufg_I_O)         0.026     0.336 r  design_1_i/processing_system7_0/inst/buffer_fclk_clk_0.FCLK_CLK_0_BUFG/O
                         net (fo=13923, routed)       0.660     0.996    design_1_i/axi_smc/inst/clk_map/psr_aclk/U0/aclk
    SLICE_X66Y108        FDRE                                         r  design_1_i/axi_smc/inst/clk_map/psr_aclk/U0/ACTIVE_LOW_BSR_OUT_DFF[0].FDRE_BSR_N/C
  -------------------------------------------------------------------    -------------------
    SLICE_X66Y108        FDRE (Prop_fdre_C_Q)         0.164     1.160 r  design_1_i/axi_smc/inst/clk_map/psr_aclk/U0/ACTIVE_LOW_BSR_OUT_DFF[0].FDRE_BSR_N/Q
                         net (fo=26, routed)          0.366     1.526    design_1_i/axi_smc/inst/m00_exit_pipeline/m00_exit/inst/xpm_cdc_async_rst_inst/src_arst
    SLICE_X65Y99         LUT1 (Prop_lut1_I0_O)        0.045     1.571 f  design_1_i/axi_smc/inst/m00_exit_pipeline/m00_exit/inst/xpm_cdc_async_rst_inst/arststages_ff[2]_i_1/O
                         net (fo=3, routed)           0.160     1.731    design_1_i/axi_smc/inst/m00_exit_pipeline/m00_exit/inst/xpm_cdc_async_rst_inst/reset_pol
    SLICE_X66Y99         FDCE                                         f  design_1_i/axi_smc/inst/m00_exit_pipeline/m00_exit/inst/xpm_cdc_async_rst_inst/arststages_ff_reg[0]/CLR
  -------------------------------------------------------------------    -------------------

                         (clock clk_fpga_0 rise edge)
                                                      0.000     0.000 r  
    PS7_X0Y0             PS7                          0.000     0.000 r  design_1_i/processing_system7_0/inst/PS7_i/FCLKCLK[0]
                         net (fo=1, routed)           0.337     0.337    design_1_i/processing_system7_0/inst/FCLK_CLK_unbuffered[0]
    BUFGCTRL_X0Y16       BUFG (Prop_bufg_I_O)         0.029     0.366 r  design_1_i/processing_system7_0/inst/buffer_fclk_clk_0.FCLK_CLK_0_BUFG/O
                         net (fo=13923, routed)       0.849     1.215    design_1_i/axi_smc/inst/m00_exit_pipeline/m00_exit/inst/xpm_cdc_async_rst_inst/dest_clk
    SLICE_X66Y99         FDCE                                         r  design_1_i/axi_smc/inst/m00_exit_pipeline/m00_exit/inst/xpm_cdc_async_rst_inst/arststages_ff_reg[0]/C

Slack:                    inf
  Source:                 design_1_i/axi_smc/inst/clk_map/psr_aclk/U0/ACTIVE_LOW_BSR_OUT_DFF[0].FDRE_BSR_N/C
                            (rising edge-triggered cell FDRE clocked by clk_fpga_0  {rise@0.000ns fall@5.000ns period=10.000ns})
  Destination:            design_1_i/axi_smc/inst/m00_exit_pipeline/m00_exit/inst/xpm_cdc_async_rst_inst/arststages_ff_reg[1]/CLR
                            (removal check against rising-edge clock clk_fpga_0  {rise@0.000ns fall@5.000ns period=10.000ns})
  Path Group:             (none)
  Path Type:              Removal (Min at Fast Process Corner)
  Data Path Delay:        0.735ns  (logic 0.209ns (28.443%)  route 0.526ns (71.557%))
  Logic Levels:           1  (LUT1=1)
  Clock Path Skew:        0.219ns (DCD - SCD - CPR)
    Destination Clock Delay (DCD):    1.215ns
    Source Clock Delay      (SCD):    0.996ns
    Clock Pessimism Removal (CPR):    -0.000ns
  Clock Uncertainty:      0.154ns  ((TSJ^2 + TIJ^2)^1/2 + DJ) / 2 + PE
    Total System Jitter     (TSJ):    0.071ns
    Total Input Jitter      (TIJ):    0.300ns
    Discrete Jitter          (DJ):    0.000ns
    Phase Error              (PE):    0.000ns
  Timing Exception:       False Path

    Location             Delay type                Incr(ns)  Path(ns)    Netlist Resource(s)
  -------------------------------------------------------------------    -------------------
                         (clock clk_fpga_0 rise edge)
                                                      0.000     0.000 r  
    PS7_X0Y0             PS7                          0.000     0.000 r  design_1_i/processing_system7_0/inst/PS7_i/FCLKCLK[0]
                         net (fo=1, routed)           0.310     0.310    design_1_i/processing_system7_0/inst/FCLK_CLK_unbuffered[0]
    BUFGCTRL_X0Y16       BUFG (Prop_bufg_I_O)         0.026     0.336 r  design_1_i/processing_system7_0/inst/buffer_fclk_clk_0.FCLK_CLK_0_BUFG/O
                         net (fo=13923, routed)       0.660     0.996    design_1_i/axi_smc/inst/clk_map/psr_aclk/U0/aclk
    SLICE_X66Y108        FDRE                                         r  design_1_i/axi_smc/inst/clk_map/psr_aclk/U0/ACTIVE_LOW_BSR_OUT_DFF[0].FDRE_BSR_N/C
  -------------------------------------------------------------------    -------------------
    SLICE_X66Y108        FDRE (Prop_fdre_C_Q)         0.164     1.160 r  design_1_i/axi_smc/inst/clk_map/psr_aclk/U0/ACTIVE_LOW_BSR_OUT_DFF[0].FDRE_BSR_N/Q
                         net (fo=26, routed)          0.366     1.526    design_1_i/axi_smc/inst/m00_exit_pipeline/m00_exit/inst/xpm_cdc_async_rst_inst/src_arst
    SLICE_X65Y99         LUT1 (Prop_lut1_I0_O)        0.045     1.571 f  design_1_i/axi_smc/inst/m00_exit_pipeline/m00_exit/inst/xpm_cdc_async_rst_inst/arststages_ff[2]_i_1/O
                         net (fo=3, routed)           0.160     1.731    design_1_i/axi_smc/inst/m00_exit_pipeline/m00_exit/inst/xpm_cdc_async_rst_inst/reset_pol
    SLICE_X66Y99         FDCE                                         f  design_1_i/axi_smc/inst/m00_exit_pipeline/m00_exit/inst/xpm_cdc_async_rst_inst/arststages_ff_reg[1]/CLR
  -------------------------------------------------------------------    -------------------

                         (clock clk_fpga_0 rise edge)
                                                      0.000     0.000 r  
    PS7_X0Y0             PS7                          0.000     0.000 r  design_1_i/processing_system7_0/inst/PS7_i/FCLKCLK[0]
                         net (fo=1, routed)           0.337     0.337    design_1_i/processing_system7_0/inst/FCLK_CLK_unbuffered[0]
    BUFGCTRL_X0Y16       BUFG (Prop_bufg_I_O)         0.029     0.366 r  design_1_i/processing_system7_0/inst/buffer_fclk_clk_0.FCLK_CLK_0_BUFG/O
                         net (fo=13923, routed)       0.849     1.215    design_1_i/axi_smc/inst/m00_exit_pipeline/m00_exit/inst/xpm_cdc_async_rst_inst/dest_clk
    SLICE_X66Y99         FDCE                                         r  design_1_i/axi_smc/inst/m00_exit_pipeline/m00_exit/inst/xpm_cdc_async_rst_inst/arststages_ff_reg[1]/C

Slack:                    inf
  Source:                 design_1_i/axi_smc/inst/clk_map/psr_aclk/U0/ACTIVE_LOW_BSR_OUT_DFF[0].FDRE_BSR_N/C
                            (rising edge-triggered cell FDRE clocked by clk_fpga_0  {rise@0.000ns fall@5.000ns period=10.000ns})
  Destination:            design_1_i/axi_smc/inst/m00_exit_pipeline/m00_exit/inst/xpm_cdc_async_rst_inst/arststages_ff_reg[2]/CLR
                            (removal check against rising-edge clock clk_fpga_0  {rise@0.000ns fall@5.000ns period=10.000ns})
  Path Group:             (none)
  Path Type:              Removal (Min at Fast Process Corner)
  Data Path Delay:        0.735ns  (logic 0.209ns (28.443%)  route 0.526ns (71.557%))
  Logic Levels:           1  (LUT1=1)
  Clock Path Skew:        0.219ns (DCD - SCD - CPR)
    Destination Clock Delay (DCD):    1.215ns
    Source Clock Delay      (SCD):    0.996ns
    Clock Pessimism Removal (CPR):    -0.000ns
  Clock Uncertainty:      0.154ns  ((TSJ^2 + TIJ^2)^1/2 + DJ) / 2 + PE
    Total System Jitter     (TSJ):    0.071ns
    Total Input Jitter      (TIJ):    0.300ns
    Discrete Jitter          (DJ):    0.000ns
    Phase Error              (PE):    0.000ns
  Timing Exception:       False Path

    Location             Delay type                Incr(ns)  Path(ns)    Netlist Resource(s)
  -------------------------------------------------------------------    -------------------
                         (clock clk_fpga_0 rise edge)
                                                      0.000     0.000 r  
    PS7_X0Y0             PS7                          0.000     0.000 r  design_1_i/processing_system7_0/inst/PS7_i/FCLKCLK[0]
                         net (fo=1, routed)           0.310     0.310    design_1_i/processing_system7_0/inst/FCLK_CLK_unbuffered[0]
    BUFGCTRL_X0Y16       BUFG (Prop_bufg_I_O)         0.026     0.336 r  design_1_i/processing_system7_0/inst/buffer_fclk_clk_0.FCLK_CLK_0_BUFG/O
                         net (fo=13923, routed)       0.660     0.996    design_1_i/axi_smc/inst/clk_map/psr_aclk/U0/aclk
    SLICE_X66Y108        FDRE                                         r  design_1_i/axi_smc/inst/clk_map/psr_aclk/U0/ACTIVE_LOW_BSR_OUT_DFF[0].FDRE_BSR_N/C
  -------------------------------------------------------------------    -------------------
    SLICE_X66Y108        FDRE (Prop_fdre_C_Q)         0.164     1.160 r  design_1_i/axi_smc/inst/clk_map/psr_aclk/U0/ACTIVE_LOW_BSR_OUT_DFF[0].FDRE_BSR_N/Q
                         net (fo=26, routed)          0.366     1.526    design_1_i/axi_smc/inst/m00_exit_pipeline/m00_exit/inst/xpm_cdc_async_rst_inst/src_arst
    SLICE_X65Y99         LUT1 (Prop_lut1_I0_O)        0.045     1.571 f  design_1_i/axi_smc/inst/m00_exit_pipeline/m00_exit/inst/xpm_cdc_async_rst_inst/arststages_ff[2]_i_1/O
                         net (fo=3, routed)           0.160     1.731    design_1_i/axi_smc/inst/m00_exit_pipeline/m00_exit/inst/xpm_cdc_async_rst_inst/reset_pol
    SLICE_X66Y99         FDCE                                         f  design_1_i/axi_smc/inst/m00_exit_pipeline/m00_exit/inst/xpm_cdc_async_rst_inst/arststages_ff_reg[2]/CLR
  -------------------------------------------------------------------    -------------------

                         (clock clk_fpga_0 rise edge)
                                                      0.000     0.000 r  
    PS7_X0Y0             PS7                          0.000     0.000 r  design_1_i/processing_system7_0/inst/PS7_i/FCLKCLK[0]
                         net (fo=1, routed)           0.337     0.337    design_1_i/processing_system7_0/inst/FCLK_CLK_unbuffered[0]
    BUFGCTRL_X0Y16       BUFG (Prop_bufg_I_O)         0.029     0.366 r  design_1_i/processing_system7_0/inst/buffer_fclk_clk_0.FCLK_CLK_0_BUFG/O
                         net (fo=13923, routed)       0.849     1.215    design_1_i/axi_smc/inst/m00_exit_pipeline/m00_exit/inst/xpm_cdc_async_rst_inst/dest_clk
    SLICE_X66Y99         FDCE                                         r  design_1_i/axi_smc/inst/m00_exit_pipeline/m00_exit/inst/xpm_cdc_async_rst_inst/arststages_ff_reg[2]/C

Slack:                    inf
  Source:                 design_1_i/axi_smc/inst/clk_map/psr_aclk/U0/ACTIVE_LOW_BSR_OUT_DFF[0].FDRE_BSR_N/C
                            (rising edge-triggered cell FDRE clocked by clk_fpga_0  {rise@0.000ns fall@5.000ns period=10.000ns})
  Destination:            design_1_i/axi_smc/inst/m00_nodes/m00_aw_node/inst/s_sc_xpm_cdc_async_rst_inst/arststages_ff_reg[0]/CLR
                            (removal check against rising-edge clock clk_fpga_0  {rise@0.000ns fall@5.000ns period=10.000ns})
  Path Group:             (none)
  Path Type:              Removal (Min at Fast Process Corner)
  Data Path Delay:        0.752ns  (logic 0.209ns (27.803%)  route 0.543ns (72.197%))
  Logic Levels:           1  (LUT1=1)
  Clock Path Skew:        0.219ns (DCD - SCD - CPR)
    Destination Clock Delay (DCD):    1.215ns
    Source Clock Delay      (SCD):    0.996ns
    Clock Pessimism Removal (CPR):    -0.000ns
  Clock Uncertainty:      0.154ns  ((TSJ^2 + TIJ^2)^1/2 + DJ) / 2 + PE
    Total System Jitter     (TSJ):    0.071ns
    Total Input Jitter      (TIJ):    0.300ns
    Discrete Jitter          (DJ):    0.000ns
    Phase Error              (PE):    0.000ns
  Timing Exception:       False Path

    Location             Delay type                Incr(ns)  Path(ns)    Netlist Resource(s)
  -------------------------------------------------------------------    -------------------
                         (clock clk_fpga_0 rise edge)
                                                      0.000     0.000 r  
    PS7_X0Y0             PS7                          0.000     0.000 r  design_1_i/processing_system7_0/inst/PS7_i/FCLKCLK[0]
                         net (fo=1, routed)           0.310     0.310    design_1_i/processing_system7_0/inst/FCLK_CLK_unbuffered[0]
    BUFGCTRL_X0Y16       BUFG (Prop_bufg_I_O)         0.026     0.336 r  design_1_i/processing_system7_0/inst/buffer_fclk_clk_0.FCLK_CLK_0_BUFG/O
                         net (fo=13923, routed)       0.660     0.996    design_1_i/axi_smc/inst/clk_map/psr_aclk/U0/aclk
    SLICE_X66Y108        FDRE                                         r  design_1_i/axi_smc/inst/clk_map/psr_aclk/U0/ACTIVE_LOW_BSR_OUT_DFF[0].FDRE_BSR_N/C
  -------------------------------------------------------------------    -------------------
    SLICE_X66Y108        FDRE (Prop_fdre_C_Q)         0.164     1.160 r  design_1_i/axi_smc/inst/clk_map/psr_aclk/U0/ACTIVE_LOW_BSR_OUT_DFF[0].FDRE_BSR_N/Q
                         net (fo=26, routed)          0.366     1.526    design_1_i/axi_smc/inst/m00_nodes/m00_aw_node/inst/s_sc_xpm_cdc_async_rst_inst/src_arst
    SLICE_X65Y99         LUT1 (Prop_lut1_I0_O)        0.045     1.571 f  design_1_i/axi_smc/inst/m00_nodes/m00_aw_node/inst/s_sc_xpm_cdc_async_rst_inst/arststages_ff[2]_i_1/O
                         net (fo=3, routed)           0.177     1.748    design_1_i/axi_smc/inst/m00_nodes/m00_aw_node/inst/s_sc_xpm_cdc_async_rst_inst/reset_pol
    SLICE_X65Y99         FDCE                                         f  design_1_i/axi_smc/inst/m00_nodes/m00_aw_node/inst/s_sc_xpm_cdc_async_rst_inst/arststages_ff_reg[0]/CLR
  -------------------------------------------------------------------    -------------------

                         (clock clk_fpga_0 rise edge)
                                                      0.000     0.000 r  
    PS7_X0Y0             PS7                          0.000     0.000 r  design_1_i/processing_system7_0/inst/PS7_i/FCLKCLK[0]
                         net (fo=1, routed)           0.337     0.337    design_1_i/processing_system7_0/inst/FCLK_CLK_unbuffered[0]
    BUFGCTRL_X0Y16       BUFG (Prop_bufg_I_O)         0.029     0.366 r  design_1_i/processing_system7_0/inst/buffer_fclk_clk_0.FCLK_CLK_0_BUFG/O
                         net (fo=13923, routed)       0.849     1.215    design_1_i/axi_smc/inst/m00_nodes/m00_aw_node/inst/s_sc_xpm_cdc_async_rst_inst/dest_clk
    SLICE_X65Y99         FDCE                                         r  design_1_i/axi_smc/inst/m00_nodes/m00_aw_node/inst/s_sc_xpm_cdc_async_rst_inst/arststages_ff_reg[0]/C





