
*** Running vivado
    with args -log design_1_wrapper.vdi -applog -m64 -product Vivado -messageDb vivado.pb -mode batch -source design_1_wrapper.tcl -notrace


ECHO 已關閉。
ECHO 已關閉。

****** Vivado v2023.2 (64-bit)
  **** SW Build 4029153 on Fri Oct 13 20:14:34 MDT 2023
  **** IP Build 4028589 on Sat Oct 14 00:45:43 MDT 2023
  **** SharedData Build 4025554 on Tue Oct 10 17:18:54 MDT 2023
    ** Copyright 1986-2022 Xilinx, Inc. All Rights Reserved.
    ** Copyright 2022-2023 Advanced Micro Devices, Inc. All Rights Reserved.

source design_1_wrapper.tcl -notrace
create_project: Time (s): cpu = 00:00:05 ; elapsed = 00:00:06 . Memory (MB): peak = 487.574 ; gain = 180.754
INFO: [IP_Flow 19-234] Refreshing IP repositories
INFO: [IP_Flow 19-1700] Loaded user IP repository 'c:/RFC-8439-fpga-implementation/IP_repo'.
INFO: [IP_Flow 19-2313] Loaded Vivado IP repository 'C:/Xilinx/Vivado/2023.2/data/ip'.
Command: link_design -top design_1_wrapper -part xc7z020clg400-1
Design is defaulting to srcset: sources_1
Design is defaulting to constrset: constrs_1
INFO: [Device 21-403] Loading part xc7z020clg400-1
INFO: [Project 1-454] Reading design checkpoint 'c:/RFC-8439-fpga-implementation/RFC8439_sys/RFC8439_sys.gen/sources_1/bd/design_1/ip/design_1_Cycle_counter_0_0/design_1_Cycle_counter_0_0.dcp' for cell 'design_1_i/Cycle_counter_0'
INFO: [Project 1-454] Reading design checkpoint 'c:/RFC-8439-fpga-implementation/RFC8439_sys/RFC8439_sys.gen/sources_1/bd/design_1/ip/design_1_RFC8439_0_4/design_1_RFC8439_0_4.dcp' for cell 'design_1_i/RFC8439_0'
INFO: [Project 1-454] Reading design checkpoint 'c:/RFC-8439-fpga-implementation/RFC8439_sys/RFC8439_sys.gen/sources_1/bd/design_1/ip/design_1_axi_bram_ctrl_0_0/design_1_axi_bram_ctrl_0_0.dcp' for cell 'design_1_i/axi_bram_ctrl_0'
INFO: [Project 1-454] Reading design checkpoint 'c:/RFC-8439-fpga-implementation/RFC8439_sys/RFC8439_sys.gen/sources_1/bd/design_1/ip/design_1_axi_bram_ctrl_1_0/design_1_axi_bram_ctrl_1_0.dcp' for cell 'design_1_i/axi_bram_ctrl_1'
INFO: [Project 1-454] Reading design checkpoint 'c:/RFC-8439-fpga-implementation/RFC8439_sys/RFC8439_sys.gen/sources_1/bd/design_1/ip/design_1_axi_gpio_0_0/design_1_axi_gpio_0_0.dcp' for cell 'design_1_i/axi_gpio_0'
INFO: [Project 1-454] Reading design checkpoint 'c:/RFC-8439-fpga-implementation/RFC8439_sys/RFC8439_sys.gen/sources_1/bd/design_1/ip/design_1_axi_gpio_0_1/design_1_axi_gpio_0_1.dcp' for cell 'design_1_i/axi_gpio_1'
INFO: [Project 1-454] Reading design checkpoint 'c:/RFC-8439-fpga-implementation/RFC8439_sys/RFC8439_sys.gen/sources_1/bd/design_1/ip/design_1_axi_gpio_2_0/design_1_axi_gpio_2_0.dcp' for cell 'design_1_i/axi_gpio_2'
INFO: [Project 1-454] Reading design checkpoint 'c:/RFC-8439-fpga-implementation/RFC8439_sys/RFC8439_sys.gen/sources_1/bd/design_1/ip/design_1_axi_smc_1/design_1_axi_smc_1.dcp' for cell 'design_1_i/axi_smc'
INFO: [Project 1-454] Reading design checkpoint 'c:/RFC-8439-fpga-implementation/RFC8439_sys/RFC8439_sys.gen/sources_1/bd/design_1/ip/design_1_blk_mem_gen_0_0/design_1_blk_mem_gen_0_0.dcp' for cell 'design_1_i/blk_mem_gen_0'
INFO: [Project 1-454] Reading design checkpoint 'c:/RFC-8439-fpga-implementation/RFC8439_sys/RFC8439_sys.gen/sources_1/bd/design_1/ip/design_1_blk_mem_gen_0_1/design_1_blk_mem_gen_0_1.dcp' for cell 'design_1_i/blk_mem_gen_1'
INFO: [Project 1-454] Reading design checkpoint 'c:/RFC-8439-fpga-implementation/RFC8439_sys/RFC8439_sys.gen/sources_1/bd/design_1/ip/design_1_processing_system7_0_0/design_1_processing_system7_0_0.dcp' for cell 'design_1_i/processing_system7_0'
INFO: [Project 1-454] Reading design checkpoint 'c:/RFC-8439-fpga-implementation/RFC8439_sys/RFC8439_sys.gen/sources_1/bd/design_1/ip/design_1_rst_ps7_0_100M_1/design_1_rst_ps7_0_100M_1.dcp' for cell 'design_1_i/rst_ps7_0_100M'
Netlist sorting complete. Time (s): cpu = 00:00:00 ; elapsed = 00:00:00.383 . Memory (MB): peak = 1074.129 ; gain = 0.000
INFO: [Netlist 29-17] Analyzing 1308 Unisim elements for replacement
INFO: [Netlist 29-28] Unisim Transformation completed in 0 CPU seconds
INFO: [Project 1-479] Netlist was created with Vivado 2023.2
INFO: [Project 1-570] Preparing netlist for logic optimization
Parsing XDC File [c:/RFC-8439-fpga-implementation/RFC8439_sys/RFC8439_sys.gen/sources_1/bd/design_1/ip/design_1_processing_system7_0_0/design_1_processing_system7_0_0.xdc] for cell 'design_1_i/processing_system7_0/inst'
Finished Parsing XDC File [c:/RFC-8439-fpga-implementation/RFC8439_sys/RFC8439_sys.gen/sources_1/bd/design_1/ip/design_1_processing_system7_0_0/design_1_processing_system7_0_0.xdc] for cell 'design_1_i/processing_system7_0/inst'
Parsing XDC File [c:/RFC-8439-fpga-implementation/RFC8439_sys/RFC8439_sys.gen/sources_1/bd/design_1/ip/design_1_axi_gpio_0_0/design_1_axi_gpio_0_0_board.xdc] for cell 'design_1_i/axi_gpio_0/U0'
Finished Parsing XDC File [c:/RFC-8439-fpga-implementation/RFC8439_sys/RFC8439_sys.gen/sources_1/bd/design_1/ip/design_1_axi_gpio_0_0/design_1_axi_gpio_0_0_board.xdc] for cell 'design_1_i/axi_gpio_0/U0'
Parsing XDC File [c:/RFC-8439-fpga-implementation/RFC8439_sys/RFC8439_sys.gen/sources_1/bd/design_1/ip/design_1_axi_gpio_0_0/design_1_axi_gpio_0_0.xdc] for cell 'design_1_i/axi_gpio_0/U0'
Finished Parsing XDC File [c:/RFC-8439-fpga-implementation/RFC8439_sys/RFC8439_sys.gen/sources_1/bd/design_1/ip/design_1_axi_gpio_0_0/design_1_axi_gpio_0_0.xdc] for cell 'design_1_i/axi_gpio_0/U0'
Parsing XDC File [c:/RFC-8439-fpga-implementation/RFC8439_sys/RFC8439_sys.gen/sources_1/bd/design_1/ip/design_1_axi_gpio_0_1/design_1_axi_gpio_0_1_board.xdc] for cell 'design_1_i/axi_gpio_1/U0'
Finished Parsing XDC File [c:/RFC-8439-fpga-implementation/RFC8439_sys/RFC8439_sys.gen/sources_1/bd/design_1/ip/design_1_axi_gpio_0_1/design_1_axi_gpio_0_1_board.xdc] for cell 'design_1_i/axi_gpio_1/U0'
Parsing XDC File [c:/RFC-8439-fpga-implementation/RFC8439_sys/RFC8439_sys.gen/sources_1/bd/design_1/ip/design_1_axi_gpio_0_1/design_1_axi_gpio_0_1.xdc] for cell 'design_1_i/axi_gpio_1/U0'
Finished Parsing XDC File [c:/RFC-8439-fpga-implementation/RFC8439_sys/RFC8439_sys.gen/sources_1/bd/design_1/ip/design_1_axi_gpio_0_1/design_1_axi_gpio_0_1.xdc] for cell 'design_1_i/axi_gpio_1/U0'
Parsing XDC File [c:/RFC-8439-fpga-implementation/RFC8439_sys/RFC8439_sys.gen/sources_1/bd/design_1/ip/design_1_axi_smc_1/bd_0/ip/ip_1/bd_6f02_psr_aclk_0_board.xdc] for cell 'design_1_i/axi_smc/inst/clk_map/psr_aclk/U0'
Finished Parsing XDC File [c:/RFC-8439-fpga-implementation/RFC8439_sys/RFC8439_sys.gen/sources_1/bd/design_1/ip/design_1_axi_smc_1/bd_0/ip/ip_1/bd_6f02_psr_aclk_0_board.xdc] for cell 'design_1_i/axi_smc/inst/clk_map/psr_aclk/U0'
Parsing XDC File [c:/RFC-8439-fpga-implementation/RFC8439_sys/RFC8439_sys.gen/sources_1/bd/design_1/ip/design_1_axi_smc_1/bd_0/ip/ip_1/bd_6f02_psr_aclk_0.xdc] for cell 'design_1_i/axi_smc/inst/clk_map/psr_aclk/U0'
Finished Parsing XDC File [c:/RFC-8439-fpga-implementation/RFC8439_sys/RFC8439_sys.gen/sources_1/bd/design_1/ip/design_1_axi_smc_1/bd_0/ip/ip_1/bd_6f02_psr_aclk_0.xdc] for cell 'design_1_i/axi_smc/inst/clk_map/psr_aclk/U0'
Parsing XDC File [c:/RFC-8439-fpga-implementation/RFC8439_sys/RFC8439_sys.gen/sources_1/bd/design_1/ip/design_1_axi_smc_1/bd_0/ip/ip_11/bd_6f02_sarn_0_clocks.xdc] for cell 'design_1_i/axi_smc/inst/s00_nodes/s00_ar_node/inst'
WARNING: [Vivado_Tcl 4-921] Waiver ID 'CDC-1' -to list should not be empty. [c:/RFC-8439-fpga-implementation/RFC8439_sys/RFC8439_sys.gen/sources_1/bd/design_1/ip/design_1_axi_smc_1/bd_0/ip/ip_11/bd_6f02_sarn_0_clocks.xdc:49]
WARNING: [Vivado_Tcl 4-921] Waiver ID 'CDC-1' -to list should not be empty. [c:/RFC-8439-fpga-implementation/RFC8439_sys/RFC8439_sys.gen/sources_1/bd/design_1/ip/design_1_axi_smc_1/bd_0/ip/ip_11/bd_6f02_sarn_0_clocks.xdc:52]
WARNING: [Vivado_Tcl 4-921] Waiver ID 'CDC-1' -to list should not be empty. [c:/RFC-8439-fpga-implementation/RFC8439_sys/RFC8439_sys.gen/sources_1/bd/design_1/ip/design_1_axi_smc_1/bd_0/ip/ip_11/bd_6f02_sarn_0_clocks.xdc:55]
WARNING: [Vivado_Tcl 4-921] Waiver ID 'CDC-1' -to list should not be empty. [c:/RFC-8439-fpga-implementation/RFC8439_sys/RFC8439_sys.gen/sources_1/bd/design_1/ip/design_1_axi_smc_1/bd_0/ip/ip_11/bd_6f02_sarn_0_clocks.xdc:59]
WARNING: [Vivado_Tcl 4-921] Waiver ID 'CDC-1' -to list should not be empty. [c:/RFC-8439-fpga-implementation/RFC8439_sys/RFC8439_sys.gen/sources_1/bd/design_1/ip/design_1_axi_smc_1/bd_0/ip/ip_11/bd_6f02_sarn_0_clocks.xdc:63]
WARNING: [Vivado_Tcl 4-921] Waiver ID 'CDC-1' -to list should not be empty. [c:/RFC-8439-fpga-implementation/RFC8439_sys/RFC8439_sys.gen/sources_1/bd/design_1/ip/design_1_axi_smc_1/bd_0/ip/ip_11/bd_6f02_sarn_0_clocks.xdc:66]
WARNING: [Vivado_Tcl 4-921] Waiver ID 'CDC-1' -to list should not be empty. [c:/RFC-8439-fpga-implementation/RFC8439_sys/RFC8439_sys.gen/sources_1/bd/design_1/ip/design_1_axi_smc_1/bd_0/ip/ip_11/bd_6f02_sarn_0_clocks.xdc:70]
WARNING: [Vivado_Tcl 4-921] Waiver ID 'CDC-1' -to list should not be empty. [c:/RFC-8439-fpga-implementation/RFC8439_sys/RFC8439_sys.gen/sources_1/bd/design_1/ip/design_1_axi_smc_1/bd_0/ip/ip_11/bd_6f02_sarn_0_clocks.xdc:73]
WARNING: [Vivado_Tcl 4-921] Waiver ID 'CDC-1' -to list should not be empty. [c:/RFC-8439-fpga-implementation/RFC8439_sys/RFC8439_sys.gen/sources_1/bd/design_1/ip/design_1_axi_smc_1/bd_0/ip/ip_11/bd_6f02_sarn_0_clocks.xdc:76]
WARNING: [Vivado_Tcl 4-921] Waiver ID 'CDC-1' -to list should not be empty. [c:/RFC-8439-fpga-implementation/RFC8439_sys/RFC8439_sys.gen/sources_1/bd/design_1/ip/design_1_axi_smc_1/bd_0/ip/ip_11/bd_6f02_sarn_0_clocks.xdc:79]
WARNING: [Vivado_Tcl 4-921] Waiver ID 'CDC-4' -to list should not be empty. [c:/RFC-8439-fpga-implementation/RFC8439_sys/RFC8439_sys.gen/sources_1/bd/design_1/ip/design_1_axi_smc_1/bd_0/ip/ip_11/bd_6f02_sarn_0_clocks.xdc:85]
WARNING: [Vivado_Tcl 4-921] Waiver ID 'CDC-4' -to list should not be empty. [c:/RFC-8439-fpga-implementation/RFC8439_sys/RFC8439_sys.gen/sources_1/bd/design_1/ip/design_1_axi_smc_1/bd_0/ip/ip_11/bd_6f02_sarn_0_clocks.xdc:88]
WARNING: [Vivado_Tcl 4-921] Waiver ID 'CDC-2' -to list should not be empty. [c:/RFC-8439-fpga-implementation/RFC8439_sys/RFC8439_sys.gen/sources_1/bd/design_1/ip/design_1_axi_smc_1/bd_0/ip/ip_11/bd_6f02_sarn_0_clocks.xdc:91]
WARNING: [Vivado_Tcl 4-921] Waiver ID 'CDC-2' -to list should not be empty. [c:/RFC-8439-fpga-implementation/RFC8439_sys/RFC8439_sys.gen/sources_1/bd/design_1/ip/design_1_axi_smc_1/bd_0/ip/ip_11/bd_6f02_sarn_0_clocks.xdc:94]
WARNING: [Vivado_Tcl 4-921] Waiver ID 'CDC-2' -to list should not be empty. [c:/RFC-8439-fpga-implementation/RFC8439_sys/RFC8439_sys.gen/sources_1/bd/design_1/ip/design_1_axi_smc_1/bd_0/ip/ip_11/bd_6f02_sarn_0_clocks.xdc:97]
WARNING: [Vivado_Tcl 4-921] Waiver ID 'CDC-2' -to list should not be empty. [c:/RFC-8439-fpga-implementation/RFC8439_sys/RFC8439_sys.gen/sources_1/bd/design_1/ip/design_1_axi_smc_1/bd_0/ip/ip_11/bd_6f02_sarn_0_clocks.xdc:100]
WARNING: [Vivado_Tcl 4-921] Waiver ID 'CDC-1' -to list should not be empty. [c:/RFC-8439-fpga-implementation/RFC8439_sys/RFC8439_sys.gen/sources_1/bd/design_1/ip/design_1_axi_smc_1/bd_0/ip/ip_11/bd_6f02_sarn_0_clocks.xdc:104]
WARNING: [Vivado_Tcl 4-921] Waiver ID 'CDC-10' -to list should not be empty. [c:/RFC-8439-fpga-implementation/RFC8439_sys/RFC8439_sys.gen/sources_1/bd/design_1/ip/design_1_axi_smc_1/bd_0/ip/ip_11/bd_6f02_sarn_0_clocks.xdc:107]
WARNING: [Vivado_Tcl 4-921] Waiver ID 'CDC-10' -to list should not be empty. [c:/RFC-8439-fpga-implementation/RFC8439_sys/RFC8439_sys.gen/sources_1/bd/design_1/ip/design_1_axi_smc_1/bd_0/ip/ip_11/bd_6f02_sarn_0_clocks.xdc:110]
WARNING: [Vivado_Tcl 4-921] Waiver ID 'CDC-1' -to list should not be empty. [c:/RFC-8439-fpga-implementation/RFC8439_sys/RFC8439_sys.gen/sources_1/bd/design_1/ip/design_1_axi_smc_1/bd_0/ip/ip_11/bd_6f02_sarn_0_clocks.xdc:113]
WARNING: [Vivado_Tcl 4-921] Waiver ID 'CDC-1' -to list should not be empty. [c:/RFC-8439-fpga-implementation/RFC8439_sys/RFC8439_sys.gen/sources_1/bd/design_1/ip/design_1_axi_smc_1/bd_0/ip/ip_11/bd_6f02_sarn_0_clocks.xdc:116]
WARNING: [Vivado_Tcl 4-921] Waiver ID 'CDC-1' -to list should not be empty. [c:/RFC-8439-fpga-implementation/RFC8439_sys/RFC8439_sys.gen/sources_1/bd/design_1/ip/design_1_axi_smc_1/bd_0/ip/ip_11/bd_6f02_sarn_0_clocks.xdc:119]
WARNING: [Vivado_Tcl 4-921] Waiver ID 'CDC-13' -to list should not be empty. [c:/RFC-8439-fpga-implementation/RFC8439_sys/RFC8439_sys.gen/sources_1/bd/design_1/ip/design_1_axi_smc_1/bd_0/ip/ip_11/bd_6f02_sarn_0_clocks.xdc:122]
WARNING: [Vivado_Tcl 4-921] Waiver ID 'CDC-1' -to list should not be empty. [c:/RFC-8439-fpga-implementation/RFC8439_sys/RFC8439_sys.gen/sources_1/bd/design_1/ip/design_1_axi_smc_1/bd_0/ip/ip_11/bd_6f02_sarn_0_clocks.xdc:125]
WARNING: [Vivado_Tcl 4-921] Waiver ID 'CDC-1' -to list should not be empty. [c:/RFC-8439-fpga-implementation/RFC8439_sys/RFC8439_sys.gen/sources_1/bd/design_1/ip/design_1_axi_smc_1/bd_0/ip/ip_11/bd_6f02_sarn_0_clocks.xdc:128]
WARNING: [Vivado_Tcl 4-921] Waiver ID 'CDC-13' -to list should not be empty. [c:/RFC-8439-fpga-implementation/RFC8439_sys/RFC8439_sys.gen/sources_1/bd/design_1/ip/design_1_axi_smc_1/bd_0/ip/ip_11/bd_6f02_sarn_0_clocks.xdc:131]
WARNING: [Vivado_Tcl 4-921] Waiver ID 'CDC-1' -to list should not be empty. [c:/RFC-8439-fpga-implementation/RFC8439_sys/RFC8439_sys.gen/sources_1/bd/design_1/ip/design_1_axi_smc_1/bd_0/ip/ip_11/bd_6f02_sarn_0_clocks.xdc:134]
WARNING: [Vivado_Tcl 4-921] Waiver ID 'CDC-10' -to list should not be empty. [c:/RFC-8439-fpga-implementation/RFC8439_sys/RFC8439_sys.gen/sources_1/bd/design_1/ip/design_1_axi_smc_1/bd_0/ip/ip_11/bd_6f02_sarn_0_clocks.xdc:137]
WARNING: [Vivado_Tcl 4-921] Waiver ID 'CDC-1' -to list should not be empty. [c:/RFC-8439-fpga-implementation/RFC8439_sys/RFC8439_sys.gen/sources_1/bd/design_1/ip/design_1_axi_smc_1/bd_0/ip/ip_11/bd_6f02_sarn_0_clocks.xdc:140]
WARNING: [Vivado_Tcl 4-921] Waiver ID 'CDC-1' -to list should not be empty. [c:/RFC-8439-fpga-implementation/RFC8439_sys/RFC8439_sys.gen/sources_1/bd/design_1/ip/design_1_axi_smc_1/bd_0/ip/ip_11/bd_6f02_sarn_0_clocks.xdc:143]
WARNING: [Vivado_Tcl 4-921] Waiver ID 'CDC-1' -to list should not be empty. [c:/RFC-8439-fpga-implementation/RFC8439_sys/RFC8439_sys.gen/sources_1/bd/design_1/ip/design_1_axi_smc_1/bd_0/ip/ip_11/bd_6f02_sarn_0_clocks.xdc:146]
WARNING: [Vivado_Tcl 4-921] Waiver ID 'CDC-2' -to list should not be empty. [c:/RFC-8439-fpga-implementation/RFC8439_sys/RFC8439_sys.gen/sources_1/bd/design_1/ip/design_1_axi_smc_1/bd_0/ip/ip_11/bd_6f02_sarn_0_clocks.xdc:149]
WARNING: [Vivado_Tcl 4-921] Waiver ID 'CDC-1' -to list should not be empty. [c:/RFC-8439-fpga-implementation/RFC8439_sys/RFC8439_sys.gen/sources_1/bd/design_1/ip/design_1_axi_smc_1/bd_0/ip/ip_11/bd_6f02_sarn_0_clocks.xdc:152]
WARNING: [Vivado_Tcl 4-921] Waiver ID 'CDC-1' -to list should not be empty. [c:/RFC-8439-fpga-implementation/RFC8439_sys/RFC8439_sys.gen/sources_1/bd/design_1/ip/design_1_axi_smc_1/bd_0/ip/ip_11/bd_6f02_sarn_0_clocks.xdc:155]
WARNING: [Vivado_Tcl 4-921] Waiver ID 'CDC-10' -to list should not be empty. [c:/RFC-8439-fpga-implementation/RFC8439_sys/RFC8439_sys.gen/sources_1/bd/design_1/ip/design_1_axi_smc_1/bd_0/ip/ip_11/bd_6f02_sarn_0_clocks.xdc:161]
WARNING: [Vivado_Tcl 4-921] Waiver ID 'CDC-4' -to list should not be empty. [c:/RFC-8439-fpga-implementation/RFC8439_sys/RFC8439_sys.gen/sources_1/bd/design_1/ip/design_1_axi_smc_1/bd_0/ip/ip_11/bd_6f02_sarn_0_clocks.xdc:164]
WARNING: [Vivado_Tcl 4-921] Waiver ID 'CDC-4' -to list should not be empty. [c:/RFC-8439-fpga-implementation/RFC8439_sys/RFC8439_sys.gen/sources_1/bd/design_1/ip/design_1_axi_smc_1/bd_0/ip/ip_11/bd_6f02_sarn_0_clocks.xdc:167]
WARNING: [Vivado_Tcl 4-921] Waiver ID 'CDC-4' -to list should not be empty. [c:/RFC-8439-fpga-implementation/RFC8439_sys/RFC8439_sys.gen/sources_1/bd/design_1/ip/design_1_axi_smc_1/bd_0/ip/ip_11/bd_6f02_sarn_0_clocks.xdc:171]
WARNING: [Vivado_Tcl 4-921] Waiver ID 'CDC-4' -to list should not be empty. [c:/RFC-8439-fpga-implementation/RFC8439_sys/RFC8439_sys.gen/sources_1/bd/design_1/ip/design_1_axi_smc_1/bd_0/ip/ip_11/bd_6f02_sarn_0_clocks.xdc:174]
WARNING: [Vivado_Tcl 4-921] Waiver ID 'CDC-1' -to list should not be empty. [c:/RFC-8439-fpga-implementation/RFC8439_sys/RFC8439_sys.gen/sources_1/bd/design_1/ip/design_1_axi_smc_1/bd_0/ip/ip_11/bd_6f02_sarn_0_clocks.xdc:178]
Finished Parsing XDC File [c:/RFC-8439-fpga-implementation/RFC8439_sys/RFC8439_sys.gen/sources_1/bd/design_1/ip/design_1_axi_smc_1/bd_0/ip/ip_11/bd_6f02_sarn_0_clocks.xdc] for cell 'design_1_i/axi_smc/inst/s00_nodes/s00_ar_node/inst'
Parsing XDC File [c:/RFC-8439-fpga-implementation/RFC8439_sys/RFC8439_sys.gen/sources_1/bd/design_1/ip/design_1_axi_smc_1/bd_0/ip/ip_12/bd_6f02_srn_0_clocks.xdc] for cell 'design_1_i/axi_smc/inst/s00_nodes/s00_r_node/inst'
WARNING: [Vivado_Tcl 4-921] Waiver ID 'CDC-1' -to list should not be empty. [c:/RFC-8439-fpga-implementation/RFC8439_sys/RFC8439_sys.gen/sources_1/bd/design_1/ip/design_1_axi_smc_1/bd_0/ip/ip_12/bd_6f02_srn_0_clocks.xdc:49]
WARNING: [Vivado_Tcl 4-921] Waiver ID 'CDC-1' -to list should not be empty. [c:/RFC-8439-fpga-implementation/RFC8439_sys/RFC8439_sys.gen/sources_1/bd/design_1/ip/design_1_axi_smc_1/bd_0/ip/ip_12/bd_6f02_srn_0_clocks.xdc:52]
WARNING: [Vivado_Tcl 4-921] Waiver ID 'CDC-1' -to list should not be empty. [c:/RFC-8439-fpga-implementation/RFC8439_sys/RFC8439_sys.gen/sources_1/bd/design_1/ip/design_1_axi_smc_1/bd_0/ip/ip_12/bd_6f02_srn_0_clocks.xdc:55]
WARNING: [Vivado_Tcl 4-921] Waiver ID 'CDC-1' -to list should not be empty. [c:/RFC-8439-fpga-implementation/RFC8439_sys/RFC8439_sys.gen/sources_1/bd/design_1/ip/design_1_axi_smc_1/bd_0/ip/ip_12/bd_6f02_srn_0_clocks.xdc:59]
WARNING: [Vivado_Tcl 4-921] Waiver ID 'CDC-1' -to list should not be empty. [c:/RFC-8439-fpga-implementation/RFC8439_sys/RFC8439_sys.gen/sources_1/bd/design_1/ip/design_1_axi_smc_1/bd_0/ip/ip_12/bd_6f02_srn_0_clocks.xdc:63]
WARNING: [Vivado_Tcl 4-921] Waiver ID 'CDC-1' -to list should not be empty. [c:/RFC-8439-fpga-implementation/RFC8439_sys/RFC8439_sys.gen/sources_1/bd/design_1/ip/design_1_axi_smc_1/bd_0/ip/ip_12/bd_6f02_srn_0_clocks.xdc:66]
WARNING: [Vivado_Tcl 4-921] Waiver ID 'CDC-1' -to list should not be empty. [c:/RFC-8439-fpga-implementation/RFC8439_sys/RFC8439_sys.gen/sources_1/bd/design_1/ip/design_1_axi_smc_1/bd_0/ip/ip_12/bd_6f02_srn_0_clocks.xdc:70]
WARNING: [Vivado_Tcl 4-921] Waiver ID 'CDC-1' -to list should not be empty. [c:/RFC-8439-fpga-implementation/RFC8439_sys/RFC8439_sys.gen/sources_1/bd/design_1/ip/design_1_axi_smc_1/bd_0/ip/ip_12/bd_6f02_srn_0_clocks.xdc:73]
WARNING: [Vivado_Tcl 4-921] Waiver ID 'CDC-1' -to list should not be empty. [c:/RFC-8439-fpga-implementation/RFC8439_sys/RFC8439_sys.gen/sources_1/bd/design_1/ip/design_1_axi_smc_1/bd_0/ip/ip_12/bd_6f02_srn_0_clocks.xdc:76]
WARNING: [Vivado_Tcl 4-921] Waiver ID 'CDC-1' -to list should not be empty. [c:/RFC-8439-fpga-implementation/RFC8439_sys/RFC8439_sys.gen/sources_1/bd/design_1/ip/design_1_axi_smc_1/bd_0/ip/ip_12/bd_6f02_srn_0_clocks.xdc:79]
WARNING: [Vivado_Tcl 4-921] Waiver ID 'CDC-1' -to list should not be empty. [c:/RFC-8439-fpga-implementation/RFC8439_sys/RFC8439_sys.gen/sources_1/bd/design_1/ip/design_1_axi_smc_1/bd_0/ip/ip_12/bd_6f02_srn_0_clocks.xdc:82]
WARNING: [Vivado_Tcl 4-921] Waiver ID 'CDC-4' -to list should not be empty. [c:/RFC-8439-fpga-implementation/RFC8439_sys/RFC8439_sys.gen/sources_1/bd/design_1/ip/design_1_axi_smc_1/bd_0/ip/ip_12/bd_6f02_srn_0_clocks.xdc:85]
WARNING: [Vivado_Tcl 4-921] Waiver ID 'CDC-4' -to list should not be empty. [c:/RFC-8439-fpga-implementation/RFC8439_sys/RFC8439_sys.gen/sources_1/bd/design_1/ip/design_1_axi_smc_1/bd_0/ip/ip_12/bd_6f02_srn_0_clocks.xdc:88]
WARNING: [Vivado_Tcl 4-921] Waiver ID 'CDC-2' -to list should not be empty. [c:/RFC-8439-fpga-implementation/RFC8439_sys/RFC8439_sys.gen/sources_1/bd/design_1/ip/design_1_axi_smc_1/bd_0/ip/ip_12/bd_6f02_srn_0_clocks.xdc:91]
WARNING: [Vivado_Tcl 4-921] Waiver ID 'CDC-2' -to list should not be empty. [c:/RFC-8439-fpga-implementation/RFC8439_sys/RFC8439_sys.gen/sources_1/bd/design_1/ip/design_1_axi_smc_1/bd_0/ip/ip_12/bd_6f02_srn_0_clocks.xdc:94]
WARNING: [Vivado_Tcl 4-921] Waiver ID 'CDC-2' -to list should not be empty. [c:/RFC-8439-fpga-implementation/RFC8439_sys/RFC8439_sys.gen/sources_1/bd/design_1/ip/design_1_axi_smc_1/bd_0/ip/ip_12/bd_6f02_srn_0_clocks.xdc:97]
WARNING: [Vivado_Tcl 4-921] Waiver ID 'CDC-2' -to list should not be empty. [c:/RFC-8439-fpga-implementation/RFC8439_sys/RFC8439_sys.gen/sources_1/bd/design_1/ip/design_1_axi_smc_1/bd_0/ip/ip_12/bd_6f02_srn_0_clocks.xdc:100]
WARNING: [Vivado_Tcl 4-921] Waiver ID 'CDC-1' -to list should not be empty. [c:/RFC-8439-fpga-implementation/RFC8439_sys/RFC8439_sys.gen/sources_1/bd/design_1/ip/design_1_axi_smc_1/bd_0/ip/ip_12/bd_6f02_srn_0_clocks.xdc:104]
WARNING: [Vivado_Tcl 4-921] Waiver ID 'CDC-10' -to list should not be empty. [c:/RFC-8439-fpga-implementation/RFC8439_sys/RFC8439_sys.gen/sources_1/bd/design_1/ip/design_1_axi_smc_1/bd_0/ip/ip_12/bd_6f02_srn_0_clocks.xdc:107]
WARNING: [Vivado_Tcl 4-921] Waiver ID 'CDC-10' -to list should not be empty. [c:/RFC-8439-fpga-implementation/RFC8439_sys/RFC8439_sys.gen/sources_1/bd/design_1/ip/design_1_axi_smc_1/bd_0/ip/ip_12/bd_6f02_srn_0_clocks.xdc:110]
WARNING: [Vivado_Tcl 4-921] Waiver ID 'CDC-1' -to list should not be empty. [c:/RFC-8439-fpga-implementation/RFC8439_sys/RFC8439_sys.gen/sources_1/bd/design_1/ip/design_1_axi_smc_1/bd_0/ip/ip_12/bd_6f02_srn_0_clocks.xdc:113]
WARNING: [Vivado_Tcl 4-921] Waiver ID 'CDC-1' -to list should not be empty. [c:/RFC-8439-fpga-implementation/RFC8439_sys/RFC8439_sys.gen/sources_1/bd/design_1/ip/design_1_axi_smc_1/bd_0/ip/ip_12/bd_6f02_srn_0_clocks.xdc:116]
WARNING: [Vivado_Tcl 4-921] Waiver ID 'CDC-1' -to list should not be empty. [c:/RFC-8439-fpga-implementation/RFC8439_sys/RFC8439_sys.gen/sources_1/bd/design_1/ip/design_1_axi_smc_1/bd_0/ip/ip_12/bd_6f02_srn_0_clocks.xdc:119]
WARNING: [Vivado_Tcl 4-921] Waiver ID 'CDC-13' -to list should not be empty. [c:/RFC-8439-fpga-implementation/RFC8439_sys/RFC8439_sys.gen/sources_1/bd/design_1/ip/design_1_axi_smc_1/bd_0/ip/ip_12/bd_6f02_srn_0_clocks.xdc:122]
WARNING: [Vivado_Tcl 4-921] Waiver ID 'CDC-1' -to list should not be empty. [c:/RFC-8439-fpga-implementation/RFC8439_sys/RFC8439_sys.gen/sources_1/bd/design_1/ip/design_1_axi_smc_1/bd_0/ip/ip_12/bd_6f02_srn_0_clocks.xdc:125]
WARNING: [Vivado_Tcl 4-921] Waiver ID 'CDC-1' -to list should not be empty. [c:/RFC-8439-fpga-implementation/RFC8439_sys/RFC8439_sys.gen/sources_1/bd/design_1/ip/design_1_axi_smc_1/bd_0/ip/ip_12/bd_6f02_srn_0_clocks.xdc:128]
WARNING: [Vivado_Tcl 4-921] Waiver ID 'CDC-13' -to list should not be empty. [c:/RFC-8439-fpga-implementation/RFC8439_sys/RFC8439_sys.gen/sources_1/bd/design_1/ip/design_1_axi_smc_1/bd_0/ip/ip_12/bd_6f02_srn_0_clocks.xdc:131]
WARNING: [Vivado_Tcl 4-921] Waiver ID 'CDC-1' -to list should not be empty. [c:/RFC-8439-fpga-implementation/RFC8439_sys/RFC8439_sys.gen/sources_1/bd/design_1/ip/design_1_axi_smc_1/bd_0/ip/ip_12/bd_6f02_srn_0_clocks.xdc:134]
WARNING: [Vivado_Tcl 4-921] Waiver ID 'CDC-10' -to list should not be empty. [c:/RFC-8439-fpga-implementation/RFC8439_sys/RFC8439_sys.gen/sources_1/bd/design_1/ip/design_1_axi_smc_1/bd_0/ip/ip_12/bd_6f02_srn_0_clocks.xdc:137]
WARNING: [Vivado_Tcl 4-921] Waiver ID 'CDC-1' -to list should not be empty. [c:/RFC-8439-fpga-implementation/RFC8439_sys/RFC8439_sys.gen/sources_1/bd/design_1/ip/design_1_axi_smc_1/bd_0/ip/ip_12/bd_6f02_srn_0_clocks.xdc:140]
WARNING: [Vivado_Tcl 4-921] Waiver ID 'CDC-1' -to list should not be empty. [c:/RFC-8439-fpga-implementation/RFC8439_sys/RFC8439_sys.gen/sources_1/bd/design_1/ip/design_1_axi_smc_1/bd_0/ip/ip_12/bd_6f02_srn_0_clocks.xdc:143]
WARNING: [Vivado_Tcl 4-921] Waiver ID 'CDC-1' -to list should not be empty. [c:/RFC-8439-fpga-implementation/RFC8439_sys/RFC8439_sys.gen/sources_1/bd/design_1/ip/design_1_axi_smc_1/bd_0/ip/ip_12/bd_6f02_srn_0_clocks.xdc:146]
WARNING: [Vivado_Tcl 4-921] Waiver ID 'CDC-2' -to list should not be empty. [c:/RFC-8439-fpga-implementation/RFC8439_sys/RFC8439_sys.gen/sources_1/bd/design_1/ip/design_1_axi_smc_1/bd_0/ip/ip_12/bd_6f02_srn_0_clocks.xdc:149]
WARNING: [Vivado_Tcl 4-921] Waiver ID 'CDC-1' -to list should not be empty. [c:/RFC-8439-fpga-implementation/RFC8439_sys/RFC8439_sys.gen/sources_1/bd/design_1/ip/design_1_axi_smc_1/bd_0/ip/ip_12/bd_6f02_srn_0_clocks.xdc:152]
WARNING: [Vivado_Tcl 4-921] Waiver ID 'CDC-1' -to list should not be empty. [c:/RFC-8439-fpga-implementation/RFC8439_sys/RFC8439_sys.gen/sources_1/bd/design_1/ip/design_1_axi_smc_1/bd_0/ip/ip_12/bd_6f02_srn_0_clocks.xdc:155]
WARNING: [Vivado_Tcl 4-921] Waiver ID 'CDC-1' -to list should not be empty. [c:/RFC-8439-fpga-implementation/RFC8439_sys/RFC8439_sys.gen/sources_1/bd/design_1/ip/design_1_axi_smc_1/bd_0/ip/ip_12/bd_6f02_srn_0_clocks.xdc:158]
WARNING: [Vivado_Tcl 4-921] Waiver ID 'CDC-10' -to list should not be empty. [c:/RFC-8439-fpga-implementation/RFC8439_sys/RFC8439_sys.gen/sources_1/bd/design_1/ip/design_1_axi_smc_1/bd_0/ip/ip_12/bd_6f02_srn_0_clocks.xdc:161]
WARNING: [Vivado_Tcl 4-921] Waiver ID 'CDC-4' -to list should not be empty. [c:/RFC-8439-fpga-implementation/RFC8439_sys/RFC8439_sys.gen/sources_1/bd/design_1/ip/design_1_axi_smc_1/bd_0/ip/ip_12/bd_6f02_srn_0_clocks.xdc:164]
WARNING: [Vivado_Tcl 4-921] Waiver ID 'CDC-4' -to list should not be empty. [c:/RFC-8439-fpga-implementation/RFC8439_sys/RFC8439_sys.gen/sources_1/bd/design_1/ip/design_1_axi_smc_1/bd_0/ip/ip_12/bd_6f02_srn_0_clocks.xdc:167]
WARNING: [Vivado_Tcl 4-921] Waiver ID 'CDC-4' -to list should not be empty. [c:/RFC-8439-fpga-implementation/RFC8439_sys/RFC8439_sys.gen/sources_1/bd/design_1/ip/design_1_axi_smc_1/bd_0/ip/ip_12/bd_6f02_srn_0_clocks.xdc:171]
WARNING: [Vivado_Tcl 4-921] Waiver ID 'CDC-4' -to list should not be empty. [c:/RFC-8439-fpga-implementation/RFC8439_sys/RFC8439_sys.gen/sources_1/bd/design_1/ip/design_1_axi_smc_1/bd_0/ip/ip_12/bd_6f02_srn_0_clocks.xdc:174]
WARNING: [Vivado_Tcl 4-921] Waiver ID 'CDC-1' -to list should not be empty. [c:/RFC-8439-fpga-implementation/RFC8439_sys/RFC8439_sys.gen/sources_1/bd/design_1/ip/design_1_axi_smc_1/bd_0/ip/ip_12/bd_6f02_srn_0_clocks.xdc:178]
Finished Parsing XDC File [c:/RFC-8439-fpga-implementation/RFC8439_sys/RFC8439_sys.gen/sources_1/bd/design_1/ip/design_1_axi_smc_1/bd_0/ip/ip_12/bd_6f02_srn_0_clocks.xdc] for cell 'design_1_i/axi_smc/inst/s00_nodes/s00_r_node/inst'
Parsing XDC File [c:/RFC-8439-fpga-implementation/RFC8439_sys/RFC8439_sys.gen/sources_1/bd/design_1/ip/design_1_axi_smc_1/bd_0/ip/ip_13/bd_6f02_sawn_0_clocks.xdc] for cell 'design_1_i/axi_smc/inst/s00_nodes/s00_aw_node/inst'
WARNING: [Vivado_Tcl 4-921] Waiver ID 'CDC-1' -to list should not be empty. [c:/RFC-8439-fpga-implementation/RFC8439_sys/RFC8439_sys.gen/sources_1/bd/design_1/ip/design_1_axi_smc_1/bd_0/ip/ip_13/bd_6f02_sawn_0_clocks.xdc:49]
WARNING: [Vivado_Tcl 4-921] Waiver ID 'CDC-1' -to list should not be empty. [c:/RFC-8439-fpga-implementation/RFC8439_sys/RFC8439_sys.gen/sources_1/bd/design_1/ip/design_1_axi_smc_1/bd_0/ip/ip_13/bd_6f02_sawn_0_clocks.xdc:52]
WARNING: [Vivado_Tcl 4-921] Waiver ID 'CDC-1' -to list should not be empty. [c:/RFC-8439-fpga-implementation/RFC8439_sys/RFC8439_sys.gen/sources_1/bd/design_1/ip/design_1_axi_smc_1/bd_0/ip/ip_13/bd_6f02_sawn_0_clocks.xdc:55]
WARNING: [Vivado_Tcl 4-921] Waiver ID 'CDC-1' -to list should not be empty. [c:/RFC-8439-fpga-implementation/RFC8439_sys/RFC8439_sys.gen/sources_1/bd/design_1/ip/design_1_axi_smc_1/bd_0/ip/ip_13/bd_6f02_sawn_0_clocks.xdc:59]
WARNING: [Vivado_Tcl 4-921] Waiver ID 'CDC-1' -to list should not be empty. [c:/RFC-8439-fpga-implementation/RFC8439_sys/RFC8439_sys.gen/sources_1/bd/design_1/ip/design_1_axi_smc_1/bd_0/ip/ip_13/bd_6f02_sawn_0_clocks.xdc:63]
WARNING: [Vivado_Tcl 4-921] Waiver ID 'CDC-1' -to list should not be empty. [c:/RFC-8439-fpga-implementation/RFC8439_sys/RFC8439_sys.gen/sources_1/bd/design_1/ip/design_1_axi_smc_1/bd_0/ip/ip_13/bd_6f02_sawn_0_clocks.xdc:66]
WARNING: [Vivado_Tcl 4-921] Waiver ID 'CDC-1' -to list should not be empty. [c:/RFC-8439-fpga-implementation/RFC8439_sys/RFC8439_sys.gen/sources_1/bd/design_1/ip/design_1_axi_smc_1/bd_0/ip/ip_13/bd_6f02_sawn_0_clocks.xdc:70]
WARNING: [Vivado_Tcl 4-921] Waiver ID 'CDC-1' -to list should not be empty. [c:/RFC-8439-fpga-implementation/RFC8439_sys/RFC8439_sys.gen/sources_1/bd/design_1/ip/design_1_axi_smc_1/bd_0/ip/ip_13/bd_6f02_sawn_0_clocks.xdc:73]
WARNING: [Vivado_Tcl 4-921] Waiver ID 'CDC-1' -to list should not be empty. [c:/RFC-8439-fpga-implementation/RFC8439_sys/RFC8439_sys.gen/sources_1/bd/design_1/ip/design_1_axi_smc_1/bd_0/ip/ip_13/bd_6f02_sawn_0_clocks.xdc:76]
WARNING: [Vivado_Tcl 4-921] Waiver ID 'CDC-1' -to list should not be empty. [c:/RFC-8439-fpga-implementation/RFC8439_sys/RFC8439_sys.gen/sources_1/bd/design_1/ip/design_1_axi_smc_1/bd_0/ip/ip_13/bd_6f02_sawn_0_clocks.xdc:79]
WARNING: [Vivado_Tcl 4-921] Waiver ID 'CDC-4' -to list should not be empty. [c:/RFC-8439-fpga-implementation/RFC8439_sys/RFC8439_sys.gen/sources_1/bd/design_1/ip/design_1_axi_smc_1/bd_0/ip/ip_13/bd_6f02_sawn_0_clocks.xdc:85]
INFO: [Common 17-14] Message 'Vivado 12-180' appears 100 times and further instances of the messages will be disabled. Use the Tcl command set_msg_config to change the current settings. [c:/RFC-8439-fpga-implementation/RFC8439_sys/RFC8439_sys.gen/sources_1/bd/design_1/ip/design_1_axi_smc_1/bd_0/ip/ip_13/bd_6f02_sawn_0_clocks.xdc:88]
WARNING: [Vivado_Tcl 4-921] Waiver ID 'CDC-4' -to list should not be empty. [c:/RFC-8439-fpga-implementation/RFC8439_sys/RFC8439_sys.gen/sources_1/bd/design_1/ip/design_1_axi_smc_1/bd_0/ip/ip_13/bd_6f02_sawn_0_clocks.xdc:88]
WARNING: [Vivado_Tcl 4-921] Waiver ID 'CDC-2' -to list should not be empty. [c:/RFC-8439-fpga-implementation/RFC8439_sys/RFC8439_sys.gen/sources_1/bd/design_1/ip/design_1_axi_smc_1/bd_0/ip/ip_13/bd_6f02_sawn_0_clocks.xdc:91]
WARNING: [Vivado_Tcl 4-921] Waiver ID 'CDC-2' -to list should not be empty. [c:/RFC-8439-fpga-implementation/RFC8439_sys/RFC8439_sys.gen/sources_1/bd/design_1/ip/design_1_axi_smc_1/bd_0/ip/ip_13/bd_6f02_sawn_0_clocks.xdc:94]
WARNING: [Vivado_Tcl 4-921] Waiver ID 'CDC-2' -to list should not be empty. [c:/RFC-8439-fpga-implementation/RFC8439_sys/RFC8439_sys.gen/sources_1/bd/design_1/ip/design_1_axi_smc_1/bd_0/ip/ip_13/bd_6f02_sawn_0_clocks.xdc:97]
WARNING: [Vivado_Tcl 4-921] Waiver ID 'CDC-2' -to list should not be empty. [c:/RFC-8439-fpga-implementation/RFC8439_sys/RFC8439_sys.gen/sources_1/bd/design_1/ip/design_1_axi_smc_1/bd_0/ip/ip_13/bd_6f02_sawn_0_clocks.xdc:100]
WARNING: [Vivado_Tcl 4-921] Waiver ID 'CDC-1' -to list should not be empty. [c:/RFC-8439-fpga-implementation/RFC8439_sys/RFC8439_sys.gen/sources_1/bd/design_1/ip/design_1_axi_smc_1/bd_0/ip/ip_13/bd_6f02_sawn_0_clocks.xdc:104]
WARNING: [Vivado_Tcl 4-921] Waiver ID 'CDC-10' -to list should not be empty. [c:/RFC-8439-fpga-implementation/RFC8439_sys/RFC8439_sys.gen/sources_1/bd/design_1/ip/design_1_axi_smc_1/bd_0/ip/ip_13/bd_6f02_sawn_0_clocks.xdc:107]
INFO: [Common 17-14] Message 'Vivado_Tcl 4-921' appears 100 times and further instances of the messages will be disabled. Use the Tcl command set_msg_config to change the current settings. [c:/RFC-8439-fpga-implementation/RFC8439_sys/RFC8439_sys.gen/sources_1/bd/design_1/ip/design_1_axi_smc_1/bd_0/ip/ip_13/bd_6f02_sawn_0_clocks.xdc:107]
Finished Parsing XDC File [c:/RFC-8439-fpga-implementation/RFC8439_sys/RFC8439_sys.gen/sources_1/bd/design_1/ip/design_1_axi_smc_1/bd_0/ip/ip_13/bd_6f02_sawn_0_clocks.xdc] for cell 'design_1_i/axi_smc/inst/s00_nodes/s00_aw_node/inst'
Parsing XDC File [c:/RFC-8439-fpga-implementation/RFC8439_sys/RFC8439_sys.gen/sources_1/bd/design_1/ip/design_1_axi_smc_1/bd_0/ip/ip_14/bd_6f02_swn_0_clocks.xdc] for cell 'design_1_i/axi_smc/inst/s00_nodes/s00_w_node/inst'
Finished Parsing XDC File [c:/RFC-8439-fpga-implementation/RFC8439_sys/RFC8439_sys.gen/sources_1/bd/design_1/ip/design_1_axi_smc_1/bd_0/ip/ip_14/bd_6f02_swn_0_clocks.xdc] for cell 'design_1_i/axi_smc/inst/s00_nodes/s00_w_node/inst'
Parsing XDC File [c:/RFC-8439-fpga-implementation/RFC8439_sys/RFC8439_sys.gen/sources_1/bd/design_1/ip/design_1_axi_smc_1/bd_0/ip/ip_15/bd_6f02_sbn_0_clocks.xdc] for cell 'design_1_i/axi_smc/inst/s00_nodes/s00_b_node/inst'
Finished Parsing XDC File [c:/RFC-8439-fpga-implementation/RFC8439_sys/RFC8439_sys.gen/sources_1/bd/design_1/ip/design_1_axi_smc_1/bd_0/ip/ip_15/bd_6f02_sbn_0_clocks.xdc] for cell 'design_1_i/axi_smc/inst/s00_nodes/s00_b_node/inst'
Parsing XDC File [c:/RFC-8439-fpga-implementation/RFC8439_sys/RFC8439_sys.gen/sources_1/bd/design_1/ip/design_1_axi_smc_1/bd_0/ip/ip_17/bd_6f02_m00arn_0_clocks.xdc] for cell 'design_1_i/axi_smc/inst/m00_nodes/m00_ar_node/inst'
Finished Parsing XDC File [c:/RFC-8439-fpga-implementation/RFC8439_sys/RFC8439_sys.gen/sources_1/bd/design_1/ip/design_1_axi_smc_1/bd_0/ip/ip_17/bd_6f02_m00arn_0_clocks.xdc] for cell 'design_1_i/axi_smc/inst/m00_nodes/m00_ar_node/inst'
Parsing XDC File [c:/RFC-8439-fpga-implementation/RFC8439_sys/RFC8439_sys.gen/sources_1/bd/design_1/ip/design_1_axi_smc_1/bd_0/ip/ip_18/bd_6f02_m00rn_0_clocks.xdc] for cell 'design_1_i/axi_smc/inst/m00_nodes/m00_r_node/inst'
Finished Parsing XDC File [c:/RFC-8439-fpga-implementation/RFC8439_sys/RFC8439_sys.gen/sources_1/bd/design_1/ip/design_1_axi_smc_1/bd_0/ip/ip_18/bd_6f02_m00rn_0_clocks.xdc] for cell 'design_1_i/axi_smc/inst/m00_nodes/m00_r_node/inst'
Parsing XDC File [c:/RFC-8439-fpga-implementation/RFC8439_sys/RFC8439_sys.gen/sources_1/bd/design_1/ip/design_1_axi_smc_1/bd_0/ip/ip_19/bd_6f02_m00awn_0_clocks.xdc] for cell 'design_1_i/axi_smc/inst/m00_nodes/m00_aw_node/inst'
Finished Parsing XDC File [c:/RFC-8439-fpga-implementation/RFC8439_sys/RFC8439_sys.gen/sources_1/bd/design_1/ip/design_1_axi_smc_1/bd_0/ip/ip_19/bd_6f02_m00awn_0_clocks.xdc] for cell 'design_1_i/axi_smc/inst/m00_nodes/m00_aw_node/inst'
Parsing XDC File [c:/RFC-8439-fpga-implementation/RFC8439_sys/RFC8439_sys.gen/sources_1/bd/design_1/ip/design_1_axi_smc_1/bd_0/ip/ip_20/bd_6f02_m00wn_0_clocks.xdc] for cell 'design_1_i/axi_smc/inst/m00_nodes/m00_w_node/inst'
Finished Parsing XDC File [c:/RFC-8439-fpga-implementation/RFC8439_sys/RFC8439_sys.gen/sources_1/bd/design_1/ip/design_1_axi_smc_1/bd_0/ip/ip_20/bd_6f02_m00wn_0_clocks.xdc] for cell 'design_1_i/axi_smc/inst/m00_nodes/m00_w_node/inst'
Parsing XDC File [c:/RFC-8439-fpga-implementation/RFC8439_sys/RFC8439_sys.gen/sources_1/bd/design_1/ip/design_1_axi_smc_1/bd_0/ip/ip_21/bd_6f02_m00bn_0_clocks.xdc] for cell 'design_1_i/axi_smc/inst/m00_nodes/m00_b_node/inst'
Finished Parsing XDC File [c:/RFC-8439-fpga-implementation/RFC8439_sys/RFC8439_sys.gen/sources_1/bd/design_1/ip/design_1_axi_smc_1/bd_0/ip/ip_21/bd_6f02_m00bn_0_clocks.xdc] for cell 'design_1_i/axi_smc/inst/m00_nodes/m00_b_node/inst'
Parsing XDC File [c:/RFC-8439-fpga-implementation/RFC8439_sys/RFC8439_sys.gen/sources_1/bd/design_1/ip/design_1_axi_smc_1/bd_0/ip/ip_24/bd_6f02_m01arn_0_clocks.xdc] for cell 'design_1_i/axi_smc/inst/m01_nodes/m01_ar_node/inst'
Finished Parsing XDC File [c:/RFC-8439-fpga-implementation/RFC8439_sys/RFC8439_sys.gen/sources_1/bd/design_1/ip/design_1_axi_smc_1/bd_0/ip/ip_24/bd_6f02_m01arn_0_clocks.xdc] for cell 'design_1_i/axi_smc/inst/m01_nodes/m01_ar_node/inst'
Parsing XDC File [c:/RFC-8439-fpga-implementation/RFC8439_sys/RFC8439_sys.gen/sources_1/bd/design_1/ip/design_1_axi_smc_1/bd_0/ip/ip_25/bd_6f02_m01rn_0_clocks.xdc] for cell 'design_1_i/axi_smc/inst/m01_nodes/m01_r_node/inst'
Finished Parsing XDC File [c:/RFC-8439-fpga-implementation/RFC8439_sys/RFC8439_sys.gen/sources_1/bd/design_1/ip/design_1_axi_smc_1/bd_0/ip/ip_25/bd_6f02_m01rn_0_clocks.xdc] for cell 'design_1_i/axi_smc/inst/m01_nodes/m01_r_node/inst'
Parsing XDC File [c:/RFC-8439-fpga-implementation/RFC8439_sys/RFC8439_sys.gen/sources_1/bd/design_1/ip/design_1_axi_smc_1/bd_0/ip/ip_26/bd_6f02_m01awn_0_clocks.xdc] for cell 'design_1_i/axi_smc/inst/m01_nodes/m01_aw_node/inst'
Finished Parsing XDC File [c:/RFC-8439-fpga-implementation/RFC8439_sys/RFC8439_sys.gen/sources_1/bd/design_1/ip/design_1_axi_smc_1/bd_0/ip/ip_26/bd_6f02_m01awn_0_clocks.xdc] for cell 'design_1_i/axi_smc/inst/m01_nodes/m01_aw_node/inst'
Parsing XDC File [c:/RFC-8439-fpga-implementation/RFC8439_sys/RFC8439_sys.gen/sources_1/bd/design_1/ip/design_1_axi_smc_1/bd_0/ip/ip_27/bd_6f02_m01wn_0_clocks.xdc] for cell 'design_1_i/axi_smc/inst/m01_nodes/m01_w_node/inst'
Finished Parsing XDC File [c:/RFC-8439-fpga-implementation/RFC8439_sys/RFC8439_sys.gen/sources_1/bd/design_1/ip/design_1_axi_smc_1/bd_0/ip/ip_27/bd_6f02_m01wn_0_clocks.xdc] for cell 'design_1_i/axi_smc/inst/m01_nodes/m01_w_node/inst'
Parsing XDC File [c:/RFC-8439-fpga-implementation/RFC8439_sys/RFC8439_sys.gen/sources_1/bd/design_1/ip/design_1_axi_smc_1/bd_0/ip/ip_28/bd_6f02_m01bn_0_clocks.xdc] for cell 'design_1_i/axi_smc/inst/m01_nodes/m01_b_node/inst'
Finished Parsing XDC File [c:/RFC-8439-fpga-implementation/RFC8439_sys/RFC8439_sys.gen/sources_1/bd/design_1/ip/design_1_axi_smc_1/bd_0/ip/ip_28/bd_6f02_m01bn_0_clocks.xdc] for cell 'design_1_i/axi_smc/inst/m01_nodes/m01_b_node/inst'
Parsing XDC File [c:/RFC-8439-fpga-implementation/RFC8439_sys/RFC8439_sys.gen/sources_1/bd/design_1/ip/design_1_axi_smc_1/bd_0/ip/ip_31/bd_6f02_m02arn_0_clocks.xdc] for cell 'design_1_i/axi_smc/inst/m02_nodes/m02_ar_node/inst'
Finished Parsing XDC File [c:/RFC-8439-fpga-implementation/RFC8439_sys/RFC8439_sys.gen/sources_1/bd/design_1/ip/design_1_axi_smc_1/bd_0/ip/ip_31/bd_6f02_m02arn_0_clocks.xdc] for cell 'design_1_i/axi_smc/inst/m02_nodes/m02_ar_node/inst'
Parsing XDC File [c:/RFC-8439-fpga-implementation/RFC8439_sys/RFC8439_sys.gen/sources_1/bd/design_1/ip/design_1_axi_smc_1/bd_0/ip/ip_32/bd_6f02_m02rn_0_clocks.xdc] for cell 'design_1_i/axi_smc/inst/m02_nodes/m02_r_node/inst'
Finished Parsing XDC File [c:/RFC-8439-fpga-implementation/RFC8439_sys/RFC8439_sys.gen/sources_1/bd/design_1/ip/design_1_axi_smc_1/bd_0/ip/ip_32/bd_6f02_m02rn_0_clocks.xdc] for cell 'design_1_i/axi_smc/inst/m02_nodes/m02_r_node/inst'
Parsing XDC File [c:/RFC-8439-fpga-implementation/RFC8439_sys/RFC8439_sys.gen/sources_1/bd/design_1/ip/design_1_axi_smc_1/bd_0/ip/ip_33/bd_6f02_m02awn_0_clocks.xdc] for cell 'design_1_i/axi_smc/inst/m02_nodes/m02_aw_node/inst'
Finished Parsing XDC File [c:/RFC-8439-fpga-implementation/RFC8439_sys/RFC8439_sys.gen/sources_1/bd/design_1/ip/design_1_axi_smc_1/bd_0/ip/ip_33/bd_6f02_m02awn_0_clocks.xdc] for cell 'design_1_i/axi_smc/inst/m02_nodes/m02_aw_node/inst'
Parsing XDC File [c:/RFC-8439-fpga-implementation/RFC8439_sys/RFC8439_sys.gen/sources_1/bd/design_1/ip/design_1_axi_smc_1/bd_0/ip/ip_34/bd_6f02_m02wn_0_clocks.xdc] for cell 'design_1_i/axi_smc/inst/m02_nodes/m02_w_node/inst'
Finished Parsing XDC File [c:/RFC-8439-fpga-implementation/RFC8439_sys/RFC8439_sys.gen/sources_1/bd/design_1/ip/design_1_axi_smc_1/bd_0/ip/ip_34/bd_6f02_m02wn_0_clocks.xdc] for cell 'design_1_i/axi_smc/inst/m02_nodes/m02_w_node/inst'
Parsing XDC File [c:/RFC-8439-fpga-implementation/RFC8439_sys/RFC8439_sys.gen/sources_1/bd/design_1/ip/design_1_axi_smc_1/bd_0/ip/ip_35/bd_6f02_m02bn_0_clocks.xdc] for cell 'design_1_i/axi_smc/inst/m02_nodes/m02_b_node/inst'
Finished Parsing XDC File [c:/RFC-8439-fpga-implementation/RFC8439_sys/RFC8439_sys.gen/sources_1/bd/design_1/ip/design_1_axi_smc_1/bd_0/ip/ip_35/bd_6f02_m02bn_0_clocks.xdc] for cell 'design_1_i/axi_smc/inst/m02_nodes/m02_b_node/inst'
Parsing XDC File [c:/RFC-8439-fpga-implementation/RFC8439_sys/RFC8439_sys.gen/sources_1/bd/design_1/ip/design_1_axi_smc_1/bd_0/ip/ip_38/bd_6f02_m03arn_0_clocks.xdc] for cell 'design_1_i/axi_smc/inst/m03_nodes/m03_ar_node/inst'
Finished Parsing XDC File [c:/RFC-8439-fpga-implementation/RFC8439_sys/RFC8439_sys.gen/sources_1/bd/design_1/ip/design_1_axi_smc_1/bd_0/ip/ip_38/bd_6f02_m03arn_0_clocks.xdc] for cell 'design_1_i/axi_smc/inst/m03_nodes/m03_ar_node/inst'
Parsing XDC File [c:/RFC-8439-fpga-implementation/RFC8439_sys/RFC8439_sys.gen/sources_1/bd/design_1/ip/design_1_axi_smc_1/bd_0/ip/ip_39/bd_6f02_m03rn_0_clocks.xdc] for cell 'design_1_i/axi_smc/inst/m03_nodes/m03_r_node/inst'
Finished Parsing XDC File [c:/RFC-8439-fpga-implementation/RFC8439_sys/RFC8439_sys.gen/sources_1/bd/design_1/ip/design_1_axi_smc_1/bd_0/ip/ip_39/bd_6f02_m03rn_0_clocks.xdc] for cell 'design_1_i/axi_smc/inst/m03_nodes/m03_r_node/inst'
Parsing XDC File [c:/RFC-8439-fpga-implementation/RFC8439_sys/RFC8439_sys.gen/sources_1/bd/design_1/ip/design_1_axi_smc_1/bd_0/ip/ip_40/bd_6f02_m03awn_0_clocks.xdc] for cell 'design_1_i/axi_smc/inst/m03_nodes/m03_aw_node/inst'
Finished Parsing XDC File [c:/RFC-8439-fpga-implementation/RFC8439_sys/RFC8439_sys.gen/sources_1/bd/design_1/ip/design_1_axi_smc_1/bd_0/ip/ip_40/bd_6f02_m03awn_0_clocks.xdc] for cell 'design_1_i/axi_smc/inst/m03_nodes/m03_aw_node/inst'
Parsing XDC File [c:/RFC-8439-fpga-implementation/RFC8439_sys/RFC8439_sys.gen/sources_1/bd/design_1/ip/design_1_axi_smc_1/bd_0/ip/ip_41/bd_6f02_m03wn_0_clocks.xdc] for cell 'design_1_i/axi_smc/inst/m03_nodes/m03_w_node/inst'
Finished Parsing XDC File [c:/RFC-8439-fpga-implementation/RFC8439_sys/RFC8439_sys.gen/sources_1/bd/design_1/ip/design_1_axi_smc_1/bd_0/ip/ip_41/bd_6f02_m03wn_0_clocks.xdc] for cell 'design_1_i/axi_smc/inst/m03_nodes/m03_w_node/inst'
Parsing XDC File [c:/RFC-8439-fpga-implementation/RFC8439_sys/RFC8439_sys.gen/sources_1/bd/design_1/ip/design_1_axi_smc_1/bd_0/ip/ip_42/bd_6f02_m03bn_0_clocks.xdc] for cell 'design_1_i/axi_smc/inst/m03_nodes/m03_b_node/inst'
Finished Parsing XDC File [c:/RFC-8439-fpga-implementation/RFC8439_sys/RFC8439_sys.gen/sources_1/bd/design_1/ip/design_1_axi_smc_1/bd_0/ip/ip_42/bd_6f02_m03bn_0_clocks.xdc] for cell 'design_1_i/axi_smc/inst/m03_nodes/m03_b_node/inst'
Parsing XDC File [c:/RFC-8439-fpga-implementation/RFC8439_sys/RFC8439_sys.gen/sources_1/bd/design_1/ip/design_1_axi_smc_1/bd_0/ip/ip_45/bd_6f02_m04arn_0_clocks.xdc] for cell 'design_1_i/axi_smc/inst/m04_nodes/m04_ar_node/inst'
Finished Parsing XDC File [c:/RFC-8439-fpga-implementation/RFC8439_sys/RFC8439_sys.gen/sources_1/bd/design_1/ip/design_1_axi_smc_1/bd_0/ip/ip_45/bd_6f02_m04arn_0_clocks.xdc] for cell 'design_1_i/axi_smc/inst/m04_nodes/m04_ar_node/inst'
Parsing XDC File [c:/RFC-8439-fpga-implementation/RFC8439_sys/RFC8439_sys.gen/sources_1/bd/design_1/ip/design_1_axi_smc_1/bd_0/ip/ip_46/bd_6f02_m04rn_0_clocks.xdc] for cell 'design_1_i/axi_smc/inst/m04_nodes/m04_r_node/inst'
Finished Parsing XDC File [c:/RFC-8439-fpga-implementation/RFC8439_sys/RFC8439_sys.gen/sources_1/bd/design_1/ip/design_1_axi_smc_1/bd_0/ip/ip_46/bd_6f02_m04rn_0_clocks.xdc] for cell 'design_1_i/axi_smc/inst/m04_nodes/m04_r_node/inst'
Parsing XDC File [c:/RFC-8439-fpga-implementation/RFC8439_sys/RFC8439_sys.gen/sources_1/bd/design_1/ip/design_1_axi_smc_1/bd_0/ip/ip_47/bd_6f02_m04awn_0_clocks.xdc] for cell 'design_1_i/axi_smc/inst/m04_nodes/m04_aw_node/inst'
Finished Parsing XDC File [c:/RFC-8439-fpga-implementation/RFC8439_sys/RFC8439_sys.gen/sources_1/bd/design_1/ip/design_1_axi_smc_1/bd_0/ip/ip_47/bd_6f02_m04awn_0_clocks.xdc] for cell 'design_1_i/axi_smc/inst/m04_nodes/m04_aw_node/inst'
Parsing XDC File [c:/RFC-8439-fpga-implementation/RFC8439_sys/RFC8439_sys.gen/sources_1/bd/design_1/ip/design_1_axi_smc_1/bd_0/ip/ip_48/bd_6f02_m04wn_0_clocks.xdc] for cell 'design_1_i/axi_smc/inst/m04_nodes/m04_w_node/inst'
Finished Parsing XDC File [c:/RFC-8439-fpga-implementation/RFC8439_sys/RFC8439_sys.gen/sources_1/bd/design_1/ip/design_1_axi_smc_1/bd_0/ip/ip_48/bd_6f02_m04wn_0_clocks.xdc] for cell 'design_1_i/axi_smc/inst/m04_nodes/m04_w_node/inst'
Parsing XDC File [c:/RFC-8439-fpga-implementation/RFC8439_sys/RFC8439_sys.gen/sources_1/bd/design_1/ip/design_1_axi_smc_1/bd_0/ip/ip_49/bd_6f02_m04bn_0_clocks.xdc] for cell 'design_1_i/axi_smc/inst/m04_nodes/m04_b_node/inst'
Finished Parsing XDC File [c:/RFC-8439-fpga-implementation/RFC8439_sys/RFC8439_sys.gen/sources_1/bd/design_1/ip/design_1_axi_smc_1/bd_0/ip/ip_49/bd_6f02_m04bn_0_clocks.xdc] for cell 'design_1_i/axi_smc/inst/m04_nodes/m04_b_node/inst'
Parsing XDC File [c:/RFC-8439-fpga-implementation/RFC8439_sys/RFC8439_sys.gen/sources_1/bd/design_1/ip/design_1_axi_smc_1/smartconnect.xdc] for cell 'design_1_i/axi_smc/inst'
WARNING: [Vivado_Tcl 4-919] Waiver ID 'CDC-1' -from list should not be empty. [c:/RFC-8439-fpga-implementation/RFC8439_sys/RFC8439_sys.gen/sources_1/bd/design_1/ip/design_1_axi_smc_1/smartconnect.xdc:1]
Finished Parsing XDC File [c:/RFC-8439-fpga-implementation/RFC8439_sys/RFC8439_sys.gen/sources_1/bd/design_1/ip/design_1_axi_smc_1/smartconnect.xdc] for cell 'design_1_i/axi_smc/inst'
Parsing XDC File [c:/RFC-8439-fpga-implementation/RFC8439_sys/RFC8439_sys.gen/sources_1/bd/design_1/ip/design_1_rst_ps7_0_100M_1/design_1_rst_ps7_0_100M_1_board.xdc] for cell 'design_1_i/rst_ps7_0_100M/U0'
Finished Parsing XDC File [c:/RFC-8439-fpga-implementation/RFC8439_sys/RFC8439_sys.gen/sources_1/bd/design_1/ip/design_1_rst_ps7_0_100M_1/design_1_rst_ps7_0_100M_1_board.xdc] for cell 'design_1_i/rst_ps7_0_100M/U0'
Parsing XDC File [c:/RFC-8439-fpga-implementation/RFC8439_sys/RFC8439_sys.gen/sources_1/bd/design_1/ip/design_1_rst_ps7_0_100M_1/design_1_rst_ps7_0_100M_1.xdc] for cell 'design_1_i/rst_ps7_0_100M/U0'
Finished Parsing XDC File [c:/RFC-8439-fpga-implementation/RFC8439_sys/RFC8439_sys.gen/sources_1/bd/design_1/ip/design_1_rst_ps7_0_100M_1/design_1_rst_ps7_0_100M_1.xdc] for cell 'design_1_i/rst_ps7_0_100M/U0'
Parsing XDC File [c:/RFC-8439-fpga-implementation/RFC8439_sys/RFC8439_sys.gen/sources_1/bd/design_1/ip/design_1_axi_gpio_2_0/design_1_axi_gpio_2_0_board.xdc] for cell 'design_1_i/axi_gpio_2/U0'
Finished Parsing XDC File [c:/RFC-8439-fpga-implementation/RFC8439_sys/RFC8439_sys.gen/sources_1/bd/design_1/ip/design_1_axi_gpio_2_0/design_1_axi_gpio_2_0_board.xdc] for cell 'design_1_i/axi_gpio_2/U0'
Parsing XDC File [c:/RFC-8439-fpga-implementation/RFC8439_sys/RFC8439_sys.gen/sources_1/bd/design_1/ip/design_1_axi_gpio_2_0/design_1_axi_gpio_2_0.xdc] for cell 'design_1_i/axi_gpio_2/U0'
Finished Parsing XDC File [c:/RFC-8439-fpga-implementation/RFC8439_sys/RFC8439_sys.gen/sources_1/bd/design_1/ip/design_1_axi_gpio_2_0/design_1_axi_gpio_2_0.xdc] for cell 'design_1_i/axi_gpio_2/U0'
INFO: [Project 1-1714] 101 XPM XDC files have been applied to the design.
INFO: [Opt 31-138] Pushed 0 inverter(s) to 0 load pin(s).
Generating merged BMM file for the design top 'design_1_wrapper'...
INFO: [Project 1-1687] 1317 scoped IP constraints or related sub-commands were skipped due to synthesis logic optimizations usually triggered by constant connectivity or unconnected output pins. To review the skipped constraints and messages, run the command 'set_param netlist.IPMsgFiltering false' before opening the design.
Netlist sorting complete. Time (s): cpu = 00:00:00 ; elapsed = 00:00:00.010 . Memory (MB): peak = 1844.801 ; gain = 0.000
INFO: [Project 1-111] Unisim Transformation Summary:
  A total of 221 instances were transformed.
  RAM32M => RAM32M (RAMD32(x6), RAMS32(x2)): 210 instances
  RAM32X1D => RAM32X1D (RAMD32(x2)): 11 instances

系統找不到指定的路徑。
26 Infos, 101 Warnings, 0 Critical Warnings and 0 Errors encountered.
link_design completed successfully
link_design: Time (s): cpu = 00:00:17 ; elapsed = 00:00:23 . Memory (MB): peak = 1844.801 ; gain = 1308.512
Command: opt_design
Attempting to get a license for feature 'Implementation' and/or device 'xc7z020'
INFO: [Common 17-349] Got license for feature 'Implementation' and/or device 'xc7z020'
Running DRC as a precondition to command opt_design

Starting DRC Task
INFO: [DRC 23-27] Running DRC with 2 threads
INFO: [Project 1-461] DRC finished with 0 Errors
INFO: [Project 1-462] Please refer to the DRC report (report_drc) for more information.

Time (s): cpu = 00:00:01 ; elapsed = 00:00:00.977 . Memory (MB): peak = 1844.801 ; gain = 0.000

Starting Cache Timing Information Task
INFO: [Timing 38-35] Done setting XDC timing constraints.
Ending Cache Timing Information Task | Checksum: 17260ee89

Time (s): cpu = 00:00:01 ; elapsed = 00:00:00.857 . Memory (MB): peak = 1844.801 ; gain = 0.000

Starting Logic Optimization Task

Phase 1 Initialization

Phase 1.1 Core Generation And Design Setup
Phase 1.1 Core Generation And Design Setup | Checksum: 17260ee89

Time (s): cpu = 00:00:00 ; elapsed = 00:00:00.008 . Memory (MB): peak = 2185.262 ; gain = 0.000

Phase 1.2 Setup Constraints And Sort Netlist
Phase 1.2 Setup Constraints And Sort Netlist | Checksum: 17260ee89

Time (s): cpu = 00:00:00 ; elapsed = 00:00:00.025 . Memory (MB): peak = 2185.262 ; gain = 0.000
Phase 1 Initialization | Checksum: 17260ee89

Time (s): cpu = 00:00:00 ; elapsed = 00:00:00.028 . Memory (MB): peak = 2185.262 ; gain = 0.000

Phase 2 Timer Update And Timing Data Collection

Phase 2.1 Timer Update
Phase 2.1 Timer Update | Checksum: 17260ee89

Time (s): cpu = 00:00:00 ; elapsed = 00:00:00.515 . Memory (MB): peak = 2202.039 ; gain = 16.777

Phase 2.2 Timing Data Collection
Phase 2.2 Timing Data Collection | Checksum: 17260ee89

Time (s): cpu = 00:00:00 ; elapsed = 00:00:00.566 . Memory (MB): peak = 2202.039 ; gain = 16.777
Phase 2 Timer Update And Timing Data Collection | Checksum: 17260ee89

Time (s): cpu = 00:00:00 ; elapsed = 00:00:00.569 . Memory (MB): peak = 2202.039 ; gain = 16.777

Phase 3 Retarget
INFO: [Opt 31-1566] Pulled 3 inverters resulting in an inversion of 21 pins
INFO: [Opt 31-138] Pushed 47 inverter(s) to 251 load pin(s).
INFO: [Opt 31-49] Retargeted 0 cell(s).
Phase 3 Retarget | Checksum: 1282b5ead

Time (s): cpu = 00:00:01 ; elapsed = 00:00:00.928 . Memory (MB): peak = 2202.039 ; gain = 16.777
Retarget | Checksum: 1282b5ead
INFO: [Opt 31-389] Phase Retarget created 40 cells and removed 113 cells
INFO: [Opt 31-1021] In phase Retarget, 120 netlist objects are constrained preventing optimization. Please run opt_design with -debug_log to get more detail. 

Phase 4 Constant propagation
INFO: [Opt 31-138] Pushed 2 inverter(s) to 4 load pin(s).
Phase 4 Constant propagation | Checksum: 1baa76ae2

Time (s): cpu = 00:00:01 ; elapsed = 00:00:01 . Memory (MB): peak = 2202.039 ; gain = 16.777
Constant propagation | Checksum: 1baa76ae2
INFO: [Opt 31-389] Phase Constant propagation created 165 cells and removed 417 cells
INFO: [Opt 31-1021] In phase Constant propagation, 120 netlist objects are constrained preventing optimization. Please run opt_design with -debug_log to get more detail. 

Phase 5 Sweep
Phase 5 Sweep | Checksum: 176c98dd6

Time (s): cpu = 00:00:02 ; elapsed = 00:00:02 . Memory (MB): peak = 2202.039 ; gain = 16.777
Sweep | Checksum: 176c98dd6
INFO: [Opt 31-389] Phase Sweep created 0 cells and removed 1827 cells
INFO: [Opt 31-1021] In phase Sweep, 150 netlist objects are constrained preventing optimization. Please run opt_design with -debug_log to get more detail. 

Phase 6 BUFG optimization
Phase 6 BUFG optimization | Checksum: 176c98dd6

Time (s): cpu = 00:00:02 ; elapsed = 00:00:02 . Memory (MB): peak = 2202.039 ; gain = 16.777
BUFG optimization | Checksum: 176c98dd6
INFO: [Opt 31-662] Phase BUFG optimization created 0 cells of which 0 are BUFGs and removed 0 cells.

Phase 7 Shift Register Optimization
WARNING: [Opt 31-1131] Can not pull register out from design_1_i/axi_smc/inst/s00_entry_pipeline/s00_mmu/inst/gen_wroute_fifo.wroute_fifo/gen_srls[0].srl_nx1/shift_reg_reg[0]_srl16 due to none static srl address bits
WARNING: [Opt 31-1131] Can not pull register out from design_1_i/axi_smc/inst/s00_entry_pipeline/s00_mmu/inst/gen_wroute_fifo.wroute_fifo/gen_srls[1].srl_nx1/shift_reg_reg[0]_srl16 due to none static srl address bits
WARNING: [Opt 31-1131] Can not pull register out from design_1_i/axi_smc/inst/s00_entry_pipeline/s00_mmu/inst/gen_wroute_fifo.wroute_fifo/gen_srls[2].srl_nx1/shift_reg_reg[0]_srl16 due to none static srl address bits
WARNING: [Opt 31-1131] Can not pull register out from design_1_i/axi_smc/inst/s00_entry_pipeline/s00_mmu/inst/gen_wroute_fifo.wroute_fifo/gen_srls[3].srl_nx1/shift_reg_reg[0]_srl16 due to none static srl address bits
WARNING: [Opt 31-1131] Can not pull register out from design_1_i/axi_smc/inst/s00_entry_pipeline/s00_mmu/inst/gen_wroute_fifo.wroute_fifo/gen_srls[4].srl_nx1/shift_reg_reg[0]_srl16 due to none static srl address bits
WARNING: [Opt 31-1131] Can not pull register out from design_1_i/axi_smc/inst/m00_exit_pipeline/m00_exit/inst/exit_inst/gen_r_cmd_fifo.r_cmd_fifo/gen_srls[12].srl_nx1/shift_reg_reg[0]_srl16 due to none static srl address bits
WARNING: [Opt 31-1131] Can not pull register out from design_1_i/axi_smc/inst/m00_exit_pipeline/m00_exit/inst/exit_inst/gen_r_cmd_fifo.r_cmd_fifo/gen_srls[13].srl_nx1/shift_reg_reg[0]_srl16 due to none static srl address bits
WARNING: [Opt 31-1131] Can not pull register out from design_1_i/axi_smc/inst/m00_exit_pipeline/m00_exit/inst/exit_inst/gen_r_cmd_fifo.r_cmd_fifo/gen_srls[14].srl_nx1/shift_reg_reg[0]_srl16 due to none static srl address bits
WARNING: [Opt 31-1131] Can not pull register out from design_1_i/axi_smc/inst/m00_exit_pipeline/m00_exit/inst/exit_inst/gen_r_cmd_fifo.r_cmd_fifo/gen_srls[15].srl_nx1/shift_reg_reg[0]_srl16 due to none static srl address bits
WARNING: [Opt 31-1131] Can not pull register out from design_1_i/axi_smc/inst/m00_exit_pipeline/m00_exit/inst/exit_inst/gen_r_cmd_fifo.r_cmd_fifo/gen_srls[16].srl_nx1/shift_reg_reg[0]_srl16 due to none static srl address bits
WARNING: [Opt 31-1131] Can not pull register out from design_1_i/axi_smc/inst/m00_exit_pipeline/m00_exit/inst/exit_inst/gen_r_cmd_fifo.r_cmd_fifo/gen_srls[17].srl_nx1/shift_reg_reg[0]_srl16 due to none static srl address bits
WARNING: [Opt 31-1131] Can not pull register out from design_1_i/axi_smc/inst/m00_exit_pipeline/m00_exit/inst/exit_inst/gen_w_cmd_fifo.w_cmd_fifo/gen_srls[1].srl_nx1/shift_reg_reg[0]_srl16 due to none static srl address bits
WARNING: [Opt 31-1131] Can not pull register out from design_1_i/axi_smc/inst/m00_exit_pipeline/m00_exit/inst/exit_inst/gen_w_cmd_fifo.w_cmd_fifo/gen_srls[2].srl_nx1/shift_reg_reg[0]_srl16 due to none static srl address bits
WARNING: [Opt 31-1131] Can not pull register out from design_1_i/axi_smc/inst/m00_exit_pipeline/m00_exit/inst/exit_inst/gen_w_cmd_fifo.w_cmd_fifo/gen_srls[3].srl_nx1/shift_reg_reg[0]_srl16 due to none static srl address bits
WARNING: [Opt 31-1131] Can not pull register out from design_1_i/axi_smc/inst/m01_exit_pipeline/m01_exit/inst/exit_inst/gen_r_cmd_fifo.r_cmd_fifo/gen_srls[12].srl_nx1/shift_reg_reg[0]_srl16 due to none static srl address bits
WARNING: [Opt 31-1131] Can not pull register out from design_1_i/axi_smc/inst/m01_exit_pipeline/m01_exit/inst/exit_inst/gen_r_cmd_fifo.r_cmd_fifo/gen_srls[13].srl_nx1/shift_reg_reg[0]_srl16 due to none static srl address bits
WARNING: [Opt 31-1131] Can not pull register out from design_1_i/axi_smc/inst/m01_exit_pipeline/m01_exit/inst/exit_inst/gen_r_cmd_fifo.r_cmd_fifo/gen_srls[14].srl_nx1/shift_reg_reg[0]_srl16 due to none static srl address bits
WARNING: [Opt 31-1131] Can not pull register out from design_1_i/axi_smc/inst/m01_exit_pipeline/m01_exit/inst/exit_inst/gen_r_cmd_fifo.r_cmd_fifo/gen_srls[15].srl_nx1/shift_reg_reg[0]_srl16 due to none static srl address bits
WARNING: [Opt 31-1131] Can not pull register out from design_1_i/axi_smc/inst/m01_exit_pipeline/m01_exit/inst/exit_inst/gen_r_cmd_fifo.r_cmd_fifo/gen_srls[16].srl_nx1/shift_reg_reg[0]_srl16 due to none static srl address bits
WARNING: [Opt 31-1131] Can not pull register out from design_1_i/axi_smc/inst/m01_exit_pipeline/m01_exit/inst/exit_inst/gen_r_cmd_fifo.r_cmd_fifo/gen_srls[17].srl_nx1/shift_reg_reg[0]_srl16 due to none static srl address bits
WARNING: [Opt 31-1131] Can not pull register out from design_1_i/axi_smc/inst/m01_exit_pipeline/m01_exit/inst/exit_inst/gen_w_cmd_fifo.w_cmd_fifo/gen_srls[1].srl_nx1/shift_reg_reg[0]_srl16 due to none static srl address bits
WARNING: [Opt 31-1131] Can not pull register out from design_1_i/axi_smc/inst/m01_exit_pipeline/m01_exit/inst/exit_inst/gen_w_cmd_fifo.w_cmd_fifo/gen_srls[2].srl_nx1/shift_reg_reg[0]_srl16 due to none static srl address bits
WARNING: [Opt 31-1131] Can not pull register out from design_1_i/axi_smc/inst/m01_exit_pipeline/m01_exit/inst/exit_inst/gen_w_cmd_fifo.w_cmd_fifo/gen_srls[3].srl_nx1/shift_reg_reg[0]_srl16 due to none static srl address bits
WARNING: [Opt 31-1131] Can not pull register out from design_1_i/axi_smc/inst/m02_exit_pipeline/m02_exit/inst/exit_inst/gen_w_cmd_fifo.w_cmd_fifo/gen_srls[1].srl_nx1/shift_reg_reg[0]_srl16 due to none static srl address bits
WARNING: [Opt 31-1131] Can not pull register out from design_1_i/axi_smc/inst/m02_exit_pipeline/m02_exit/inst/exit_inst/gen_w_cmd_fifo.w_cmd_fifo/gen_srls[2].srl_nx1/shift_reg_reg[0]_srl16 due to none static srl address bits
WARNING: [Opt 31-1131] Can not pull register out from design_1_i/axi_smc/inst/m02_exit_pipeline/m02_exit/inst/exit_inst/gen_w_cmd_fifo.w_cmd_fifo/gen_srls[3].srl_nx1/shift_reg_reg[0]_srl16 due to none static srl address bits
WARNING: [Opt 31-1131] Can not pull register out from design_1_i/axi_smc/inst/m03_exit_pipeline/m03_exit/inst/exit_inst/gen_w_cmd_fifo.w_cmd_fifo/gen_srls[1].srl_nx1/shift_reg_reg[0]_srl16 due to none static srl address bits
WARNING: [Opt 31-1131] Can not pull register out from design_1_i/axi_smc/inst/m03_exit_pipeline/m03_exit/inst/exit_inst/gen_w_cmd_fifo.w_cmd_fifo/gen_srls[2].srl_nx1/shift_reg_reg[0]_srl16 due to none static srl address bits
WARNING: [Opt 31-1131] Can not pull register out from design_1_i/axi_smc/inst/m03_exit_pipeline/m03_exit/inst/exit_inst/gen_w_cmd_fifo.w_cmd_fifo/gen_srls[3].srl_nx1/shift_reg_reg[0]_srl16 due to none static srl address bits
WARNING: [Opt 31-1131] Can not pull register out from design_1_i/axi_smc/inst/m04_exit_pipeline/m04_exit/inst/exit_inst/gen_w_cmd_fifo.w_cmd_fifo/gen_srls[1].srl_nx1/shift_reg_reg[0]_srl16 due to none static srl address bits
WARNING: [Opt 31-1131] Can not pull register out from design_1_i/axi_smc/inst/m04_exit_pipeline/m04_exit/inst/exit_inst/gen_w_cmd_fifo.w_cmd_fifo/gen_srls[2].srl_nx1/shift_reg_reg[0]_srl16 due to none static srl address bits
WARNING: [Opt 31-1131] Can not pull register out from design_1_i/axi_smc/inst/m04_exit_pipeline/m04_exit/inst/exit_inst/gen_w_cmd_fifo.w_cmd_fifo/gen_srls[3].srl_nx1/shift_reg_reg[0]_srl16 due to none static srl address bits
WARNING: [Opt 31-1131] Can not pull register out from design_1_i/axi_smc/inst/s00_entry_pipeline/s00_si_converter/inst/converter.wrap_narrow_inst/gen_thread_loop[0].r_cmd_fifo/gen_srls[0].srl_nx1/shift_reg_reg[0]_srl16 due to none static srl address bits
WARNING: [Opt 31-1131] Can not pull register out from design_1_i/axi_smc/inst/s00_entry_pipeline/s00_si_converter/inst/converter.wrap_narrow_inst/gen_thread_loop[0].r_cmd_fifo/gen_srls[10].srl_nx1/shift_reg_reg[0]_srl16 due to none static srl address bits
WARNING: [Opt 31-1131] Can not pull register out from design_1_i/axi_smc/inst/s00_entry_pipeline/s00_si_converter/inst/converter.wrap_narrow_inst/gen_thread_loop[0].r_cmd_fifo/gen_srls[11].srl_nx1/shift_reg_reg[0]_srl16 due to none static srl address bits
WARNING: [Opt 31-1131] Can not pull register out from design_1_i/axi_smc/inst/s00_entry_pipeline/s00_si_converter/inst/converter.wrap_narrow_inst/gen_thread_loop[0].r_cmd_fifo/gen_srls[16].srl_nx1/shift_reg_reg[0]_srl16 due to none static srl address bits
WARNING: [Opt 31-1131] Can not pull register out from design_1_i/axi_smc/inst/s00_entry_pipeline/s00_si_converter/inst/converter.wrap_narrow_inst/gen_thread_loop[0].r_cmd_fifo/gen_srls[17].srl_nx1/shift_reg_reg[0]_srl16 due to none static srl address bits
WARNING: [Opt 31-1131] Can not pull register out from design_1_i/axi_smc/inst/s00_entry_pipeline/s00_si_converter/inst/converter.wrap_narrow_inst/gen_thread_loop[0].r_cmd_fifo/gen_srls[18].srl_nx1/shift_reg_reg[0]_srl16 due to none static srl address bits
WARNING: [Opt 31-1131] Can not pull register out from design_1_i/axi_smc/inst/s00_entry_pipeline/s00_si_converter/inst/converter.wrap_narrow_inst/gen_thread_loop[0].r_cmd_fifo/gen_srls[19].srl_nx1/shift_reg_reg[0]_srl16 due to none static srl address bits
WARNING: [Opt 31-1131] Can not pull register out from design_1_i/axi_smc/inst/s00_entry_pipeline/s00_si_converter/inst/converter.wrap_narrow_inst/gen_thread_loop[0].r_cmd_fifo/gen_srls[1].srl_nx1/shift_reg_reg[0]_srl16 due to none static srl address bits
WARNING: [Opt 31-1131] Can not pull register out from design_1_i/axi_smc/inst/s00_entry_pipeline/s00_si_converter/inst/converter.wrap_narrow_inst/gen_thread_loop[0].r_cmd_fifo/gen_srls[20].srl_nx1/shift_reg_reg[0]_srl16 due to none static srl address bits
WARNING: [Opt 31-1131] Can not pull register out from design_1_i/axi_smc/inst/s00_entry_pipeline/s00_si_converter/inst/converter.wrap_narrow_inst/gen_thread_loop[0].r_cmd_fifo/gen_srls[2].srl_nx1/shift_reg_reg[0]_srl16 due to none static srl address bits
WARNING: [Opt 31-1131] Can not pull register out from design_1_i/axi_smc/inst/s00_entry_pipeline/s00_si_converter/inst/converter.wrap_narrow_inst/gen_thread_loop[0].r_cmd_fifo/gen_srls[3].srl_nx1/shift_reg_reg[0]_srl16 due to none static srl address bits
WARNING: [Opt 31-1131] Can not pull register out from design_1_i/axi_smc/inst/s00_entry_pipeline/s00_si_converter/inst/converter.wrap_narrow_inst/gen_thread_loop[0].r_cmd_fifo/gen_srls[8].srl_nx1/shift_reg_reg[0]_srl16 due to none static srl address bits
WARNING: [Opt 31-1131] Can not pull register out from design_1_i/axi_smc/inst/s00_entry_pipeline/s00_si_converter/inst/converter.wrap_narrow_inst/gen_thread_loop[0].r_cmd_fifo/gen_srls[9].srl_nx1/shift_reg_reg[0]_srl16 due to none static srl address bits
WARNING: [Opt 31-1131] Can not pull register out from design_1_i/axi_smc/inst/s00_entry_pipeline/s00_si_converter/inst/converter.wrap_narrow_inst/gen_thread_loop[0].r_payld_fifo/gen_srls[10].srl_nx1/shift_reg_reg[0]_srl32 due to none static srl address bits
WARNING: [Opt 31-1131] Can not pull register out from design_1_i/axi_smc/inst/s00_entry_pipeline/s00_si_converter/inst/converter.wrap_narrow_inst/gen_thread_loop[0].r_payld_fifo/gen_srls[11].srl_nx1/shift_reg_reg[0]_srl32 due to none static srl address bits
WARNING: [Opt 31-1131] Can not pull register out from design_1_i/axi_smc/inst/s00_entry_pipeline/s00_si_converter/inst/converter.wrap_narrow_inst/gen_thread_loop[0].r_payld_fifo/gen_srls[12].srl_nx1/shift_reg_reg[0]_srl32 due to none static srl address bits
WARNING: [Opt 31-1131] Can not pull register out from design_1_i/axi_smc/inst/s00_entry_pipeline/s00_si_converter/inst/converter.wrap_narrow_inst/gen_thread_loop[0].r_payld_fifo/gen_srls[13].srl_nx1/shift_reg_reg[0]_srl32 due to none static srl address bits
WARNING: [Opt 31-1131] Can not pull register out from design_1_i/axi_smc/inst/s00_entry_pipeline/s00_si_converter/inst/converter.wrap_narrow_inst/gen_thread_loop[0].r_payld_fifo/gen_srls[14].srl_nx1/shift_reg_reg[0]_srl32 due to none static srl address bits
WARNING: [Opt 31-1131] Can not pull register out from design_1_i/axi_smc/inst/s00_entry_pipeline/s00_si_converter/inst/converter.wrap_narrow_inst/gen_thread_loop[0].r_payld_fifo/gen_srls[15].srl_nx1/shift_reg_reg[0]_srl32 due to none static srl address bits
WARNING: [Opt 31-1131] Can not pull register out from design_1_i/axi_smc/inst/s00_entry_pipeline/s00_si_converter/inst/converter.wrap_narrow_inst/gen_thread_loop[0].r_payld_fifo/gen_srls[16].srl_nx1/shift_reg_reg[0]_srl32 due to none static srl address bits
WARNING: [Opt 31-1131] Can not pull register out from design_1_i/axi_smc/inst/s00_entry_pipeline/s00_si_converter/inst/converter.wrap_narrow_inst/gen_thread_loop[0].r_payld_fifo/gen_srls[17].srl_nx1/shift_reg_reg[0]_srl32 due to none static srl address bits
WARNING: [Opt 31-1131] Can not pull register out from design_1_i/axi_smc/inst/s00_entry_pipeline/s00_si_converter/inst/converter.wrap_narrow_inst/gen_thread_loop[0].r_payld_fifo/gen_srls[18].srl_nx1/shift_reg_reg[0]_srl32 due to none static srl address bits
WARNING: [Opt 31-1131] Can not pull register out from design_1_i/axi_smc/inst/s00_entry_pipeline/s00_si_converter/inst/converter.wrap_narrow_inst/gen_thread_loop[0].r_payld_fifo/gen_srls[19].srl_nx1/shift_reg_reg[0]_srl32 due to none static srl address bits
WARNING: [Opt 31-1131] Can not pull register out from design_1_i/axi_smc/inst/s00_entry_pipeline/s00_si_converter/inst/converter.wrap_narrow_inst/gen_thread_loop[0].r_payld_fifo/gen_srls[20].srl_nx1/shift_reg_reg[0]_srl32 due to none static srl address bits
WARNING: [Opt 31-1131] Can not pull register out from design_1_i/axi_smc/inst/s00_entry_pipeline/s00_si_converter/inst/converter.wrap_narrow_inst/gen_thread_loop[0].r_payld_fifo/gen_srls[21].srl_nx1/shift_reg_reg[0]_srl32 due to none static srl address bits
WARNING: [Opt 31-1131] Can not pull register out from design_1_i/axi_smc/inst/s00_entry_pipeline/s00_si_converter/inst/converter.wrap_narrow_inst/gen_thread_loop[0].r_payld_fifo/gen_srls[22].srl_nx1/shift_reg_reg[0]_srl32 due to none static srl address bits
WARNING: [Opt 31-1131] Can not pull register out from design_1_i/axi_smc/inst/s00_entry_pipeline/s00_si_converter/inst/converter.wrap_narrow_inst/gen_thread_loop[0].r_payld_fifo/gen_srls[23].srl_nx1/shift_reg_reg[0]_srl32 due to none static srl address bits
WARNING: [Opt 31-1131] Can not pull register out from design_1_i/axi_smc/inst/s00_entry_pipeline/s00_si_converter/inst/converter.wrap_narrow_inst/gen_thread_loop[0].r_payld_fifo/gen_srls[24].srl_nx1/shift_reg_reg[0]_srl32 due to none static srl address bits
WARNING: [Opt 31-1131] Can not pull register out from design_1_i/axi_smc/inst/s00_entry_pipeline/s00_si_converter/inst/converter.wrap_narrow_inst/gen_thread_loop[0].r_payld_fifo/gen_srls[25].srl_nx1/shift_reg_reg[0]_srl32 due to none static srl address bits
WARNING: [Opt 31-1131] Can not pull register out from design_1_i/axi_smc/inst/s00_entry_pipeline/s00_si_converter/inst/converter.wrap_narrow_inst/gen_thread_loop[0].r_payld_fifo/gen_srls[26].srl_nx1/shift_reg_reg[0]_srl32 due to none static srl address bits
WARNING: [Opt 31-1131] Can not pull register out from design_1_i/axi_smc/inst/s00_entry_pipeline/s00_si_converter/inst/converter.wrap_narrow_inst/gen_thread_loop[0].r_payld_fifo/gen_srls[27].srl_nx1/shift_reg_reg[0]_srl32 due to none static srl address bits
WARNING: [Opt 31-1131] Can not pull register out from design_1_i/axi_smc/inst/s00_entry_pipeline/s00_si_converter/inst/converter.wrap_narrow_inst/gen_thread_loop[0].r_payld_fifo/gen_srls[28].srl_nx1/shift_reg_reg[0]_srl32 due to none static srl address bits
WARNING: [Opt 31-1131] Can not pull register out from design_1_i/axi_smc/inst/s00_entry_pipeline/s00_si_converter/inst/converter.wrap_narrow_inst/gen_thread_loop[0].r_payld_fifo/gen_srls[29].srl_nx1/shift_reg_reg[0]_srl32 due to none static srl address bits
WARNING: [Opt 31-1131] Can not pull register out from design_1_i/axi_smc/inst/s00_entry_pipeline/s00_si_converter/inst/converter.wrap_narrow_inst/gen_thread_loop[0].r_payld_fifo/gen_srls[30].srl_nx1/shift_reg_reg[0]_srl32 due to none static srl address bits
WARNING: [Opt 31-1131] Can not pull register out from design_1_i/axi_smc/inst/s00_entry_pipeline/s00_si_converter/inst/converter.wrap_narrow_inst/gen_thread_loop[0].r_payld_fifo/gen_srls[31].srl_nx1/shift_reg_reg[0]_srl32 due to none static srl address bits
WARNING: [Opt 31-1131] Can not pull register out from design_1_i/axi_smc/inst/s00_entry_pipeline/s00_si_converter/inst/converter.wrap_narrow_inst/gen_thread_loop[0].r_payld_fifo/gen_srls[32].srl_nx1/shift_reg_reg[0]_srl32 due to none static srl address bits
WARNING: [Opt 31-1131] Can not pull register out from design_1_i/axi_smc/inst/s00_entry_pipeline/s00_si_converter/inst/converter.wrap_narrow_inst/gen_thread_loop[0].r_payld_fifo/gen_srls[33].srl_nx1/shift_reg_reg[0]_srl32 due to none static srl address bits
WARNING: [Opt 31-1131] Can not pull register out from design_1_i/axi_smc/inst/s00_entry_pipeline/s00_si_converter/inst/converter.wrap_narrow_inst/gen_thread_loop[0].r_payld_fifo/gen_srls[34].srl_nx1/shift_reg_reg[0]_srl32 due to none static srl address bits
WARNING: [Opt 31-1131] Can not pull register out from design_1_i/axi_smc/inst/s00_entry_pipeline/s00_si_converter/inst/converter.wrap_narrow_inst/gen_thread_loop[0].r_payld_fifo/gen_srls[35].srl_nx1/shift_reg_reg[0]_srl32 due to none static srl address bits
WARNING: [Opt 31-1131] Can not pull register out from design_1_i/axi_smc/inst/s00_entry_pipeline/s00_si_converter/inst/converter.wrap_narrow_inst/gen_thread_loop[0].r_payld_fifo/gen_srls[37].srl_nx1/shift_reg_reg[0]_srl32 due to none static srl address bits
WARNING: [Opt 31-1131] Can not pull register out from design_1_i/axi_smc/inst/s00_entry_pipeline/s00_si_converter/inst/converter.wrap_narrow_inst/gen_thread_loop[0].r_payld_fifo/gen_srls[38].srl_nx1/shift_reg_reg[0]_srl32 due to none static srl address bits
WARNING: [Opt 31-1131] Can not pull register out from design_1_i/axi_smc/inst/s00_entry_pipeline/s00_si_converter/inst/converter.wrap_narrow_inst/gen_thread_loop[0].r_payld_fifo/gen_srls[39].srl_nx1/shift_reg_reg[0]_srl32 due to none static srl address bits
WARNING: [Opt 31-1131] Can not pull register out from design_1_i/axi_smc/inst/s00_entry_pipeline/s00_si_converter/inst/converter.wrap_narrow_inst/gen_thread_loop[0].r_payld_fifo/gen_srls[40].srl_nx1/shift_reg_reg[0]_srl32 due to none static srl address bits
WARNING: [Opt 31-1131] Can not pull register out from design_1_i/axi_smc/inst/s00_entry_pipeline/s00_si_converter/inst/converter.wrap_narrow_inst/gen_thread_loop[0].r_payld_fifo/gen_srls[4].srl_nx1/shift_reg_reg[0]_srl32 due to none static srl address bits
WARNING: [Opt 31-1131] Can not pull register out from design_1_i/axi_smc/inst/s00_entry_pipeline/s00_si_converter/inst/converter.wrap_narrow_inst/gen_thread_loop[0].r_payld_fifo/gen_srls[5].srl_nx1/shift_reg_reg[0]_srl32 due to none static srl address bits
WARNING: [Opt 31-1131] Can not pull register out from design_1_i/axi_smc/inst/s00_entry_pipeline/s00_si_converter/inst/converter.wrap_narrow_inst/gen_thread_loop[0].r_payld_fifo/gen_srls[6].srl_nx1/shift_reg_reg[0]_srl32 due to none static srl address bits
WARNING: [Opt 31-1131] Can not pull register out from design_1_i/axi_smc/inst/s00_entry_pipeline/s00_si_converter/inst/converter.wrap_narrow_inst/gen_thread_loop[0].r_payld_fifo/gen_srls[7].srl_nx1/shift_reg_reg[0]_srl32 due to none static srl address bits
WARNING: [Opt 31-1131] Can not pull register out from design_1_i/axi_smc/inst/s00_entry_pipeline/s00_si_converter/inst/converter.wrap_narrow_inst/gen_thread_loop[0].r_payld_fifo/gen_srls[8].srl_nx1/shift_reg_reg[0]_srl32 due to none static srl address bits
WARNING: [Opt 31-1131] Can not pull register out from design_1_i/axi_smc/inst/s00_entry_pipeline/s00_si_converter/inst/converter.wrap_narrow_inst/gen_thread_loop[0].r_payld_fifo/gen_srls[9].srl_nx1/shift_reg_reg[0]_srl32 due to none static srl address bits
WARNING: [Opt 31-1131] Can not pull register out from design_1_i/axi_smc/inst/s00_entry_pipeline/s00_si_converter/inst/converter.wrap_narrow_inst/gen_thread_loop[1].r_cmd_fifo/gen_srls[0].srl_nx1/shift_reg_reg[0]_srl16 due to none static srl address bits
WARNING: [Opt 31-1131] Can not pull register out from design_1_i/axi_smc/inst/s00_entry_pipeline/s00_si_converter/inst/converter.wrap_narrow_inst/gen_thread_loop[1].r_cmd_fifo/gen_srls[10].srl_nx1/shift_reg_reg[0]_srl16 due to none static srl address bits
WARNING: [Opt 31-1131] Can not pull register out from design_1_i/axi_smc/inst/s00_entry_pipeline/s00_si_converter/inst/converter.wrap_narrow_inst/gen_thread_loop[1].r_cmd_fifo/gen_srls[11].srl_nx1/shift_reg_reg[0]_srl16 due to none static srl address bits
WARNING: [Opt 31-1131] Can not pull register out from design_1_i/axi_smc/inst/s00_entry_pipeline/s00_si_converter/inst/converter.wrap_narrow_inst/gen_thread_loop[1].r_cmd_fifo/gen_srls[16].srl_nx1/shift_reg_reg[0]_srl16 due to none static srl address bits
WARNING: [Opt 31-1131] Can not pull register out from design_1_i/axi_smc/inst/s00_entry_pipeline/s00_si_converter/inst/converter.wrap_narrow_inst/gen_thread_loop[1].r_cmd_fifo/gen_srls[17].srl_nx1/shift_reg_reg[0]_srl16 due to none static srl address bits
WARNING: [Opt 31-1131] Can not pull register out from design_1_i/axi_smc/inst/s00_entry_pipeline/s00_si_converter/inst/converter.wrap_narrow_inst/gen_thread_loop[1].r_cmd_fifo/gen_srls[18].srl_nx1/shift_reg_reg[0]_srl16 due to none static srl address bits
WARNING: [Opt 31-1131] Can not pull register out from design_1_i/axi_smc/inst/s00_entry_pipeline/s00_si_converter/inst/converter.wrap_narrow_inst/gen_thread_loop[1].r_cmd_fifo/gen_srls[19].srl_nx1/shift_reg_reg[0]_srl16 due to none static srl address bits
WARNING: [Opt 31-1131] Can not pull register out from design_1_i/axi_smc/inst/s00_entry_pipeline/s00_si_converter/inst/converter.wrap_narrow_inst/gen_thread_loop[1].r_cmd_fifo/gen_srls[1].srl_nx1/shift_reg_reg[0]_srl16 due to none static srl address bits
WARNING: [Opt 31-1131] Can not pull register out from design_1_i/axi_smc/inst/s00_entry_pipeline/s00_si_converter/inst/converter.wrap_narrow_inst/gen_thread_loop[1].r_cmd_fifo/gen_srls[20].srl_nx1/shift_reg_reg[0]_srl16 due to none static srl address bits
WARNING: [Opt 31-1131] Can not pull register out from design_1_i/axi_smc/inst/s00_entry_pipeline/s00_si_converter/inst/converter.wrap_narrow_inst/gen_thread_loop[1].r_cmd_fifo/gen_srls[2].srl_nx1/shift_reg_reg[0]_srl16 due to none static srl address bits
WARNING: [Opt 31-1131] Can not pull register out from design_1_i/axi_smc/inst/s00_entry_pipeline/s00_si_converter/inst/converter.wrap_narrow_inst/gen_thread_loop[1].r_cmd_fifo/gen_srls[3].srl_nx1/shift_reg_reg[0]_srl16 due to none static srl address bits
WARNING: [Opt 31-1131] Can not pull register out from design_1_i/axi_smc/inst/s00_entry_pipeline/s00_si_converter/inst/converter.wrap_narrow_inst/gen_thread_loop[1].r_cmd_fifo/gen_srls[8].srl_nx1/shift_reg_reg[0]_srl16 due to none static srl address bits
WARNING: [Opt 31-1131] Can not pull register out from design_1_i/axi_smc/inst/s00_entry_pipeline/s00_si_converter/inst/converter.wrap_narrow_inst/gen_thread_loop[1].r_cmd_fifo/gen_srls[9].srl_nx1/shift_reg_reg[0]_srl16 due to none static srl address bits
WARNING: [Opt 31-1131] Can not pull register out from design_1_i/axi_smc/inst/s00_entry_pipeline/s00_si_converter/inst/converter.wrap_narrow_inst/gen_thread_loop[1].r_payld_fifo/gen_srls[10].srl_nx1/shift_reg_reg[0]_srl32 due to none static srl address bits
WARNING: [Opt 31-1131] Can not pull register out from design_1_i/axi_smc/inst/s00_entry_pipeline/s00_si_converter/inst/converter.wrap_narrow_inst/gen_thread_loop[1].r_payld_fifo/gen_srls[11].srl_nx1/shift_reg_reg[0]_srl32 due to none static srl address bits
WARNING: [Opt 31-1131] Can not pull register out from design_1_i/axi_smc/inst/s00_entry_pipeline/s00_si_converter/inst/converter.wrap_narrow_inst/gen_thread_loop[1].r_payld_fifo/gen_srls[12].srl_nx1/shift_reg_reg[0]_srl32 due to none static srl address bits
WARNING: [Opt 31-1131] Can not pull register out from design_1_i/axi_smc/inst/s00_entry_pipeline/s00_si_converter/inst/converter.wrap_narrow_inst/gen_thread_loop[1].r_payld_fifo/gen_srls[13].srl_nx1/shift_reg_reg[0]_srl32 due to none static srl address bits
WARNING: [Opt 31-1131] Can not pull register out from design_1_i/axi_smc/inst/s00_entry_pipeline/s00_si_converter/inst/converter.wrap_narrow_inst/gen_thread_loop[1].r_payld_fifo/gen_srls[14].srl_nx1/shift_reg_reg[0]_srl32 due to none static srl address bits
WARNING: [Opt 31-1131] Can not pull register out from design_1_i/axi_smc/inst/s00_entry_pipeline/s00_si_converter/inst/converter.wrap_narrow_inst/gen_thread_loop[1].r_payld_fifo/gen_srls[15].srl_nx1/shift_reg_reg[0]_srl32 due to none static srl address bits
INFO: [Common 17-14] Message 'Opt 31-1131' appears 100 times and further instances of the messages will be disabled. Use the Tcl command set_msg_config to change the current settings.
INFO: [Opt 31-1064] SRL Remap converted 0 SRLs to 0 registers and converted 0 registers of register chains to 0 SRLs
Phase 7 Shift Register Optimization | Checksum: 176c98dd6

Time (s): cpu = 00:00:02 ; elapsed = 00:00:02 . Memory (MB): peak = 2202.039 ; gain = 16.777
Shift Register Optimization | Checksum: 176c98dd6
INFO: [Opt 31-389] Phase Shift Register Optimization created 0 cells and removed 0 cells

Phase 8 Post Processing Netlist
Phase 8 Post Processing Netlist | Checksum: 14ca46a64

Time (s): cpu = 00:00:02 ; elapsed = 00:00:02 . Memory (MB): peak = 2202.039 ; gain = 16.777
Post Processing Netlist | Checksum: 14ca46a64
INFO: [Opt 31-389] Phase Post Processing Netlist created 0 cells and removed 0 cells
INFO: [Opt 31-1021] In phase Post Processing Netlist, 120 netlist objects are constrained preventing optimization. Please run opt_design with -debug_log to get more detail. 

Phase 9 Finalization

Phase 9.1 Finalizing Design Cores and Updating Shapes
Phase 9.1 Finalizing Design Cores and Updating Shapes | Checksum: 12f78b274

Time (s): cpu = 00:00:03 ; elapsed = 00:00:03 . Memory (MB): peak = 2202.039 ; gain = 16.777

Phase 9.2 Verifying Netlist Connectivity

Starting Connectivity Check Task

Time (s): cpu = 00:00:00 ; elapsed = 00:00:00.046 . Memory (MB): peak = 2202.039 ; gain = 0.000
Phase 9.2 Verifying Netlist Connectivity | Checksum: 12f78b274

Time (s): cpu = 00:00:03 ; elapsed = 00:00:03 . Memory (MB): peak = 2202.039 ; gain = 16.777
Phase 9 Finalization | Checksum: 12f78b274

Time (s): cpu = 00:00:03 ; elapsed = 00:00:03 . Memory (MB): peak = 2202.039 ; gain = 16.777
Opt_design Change Summary
=========================


-------------------------------------------------------------------------------------------------------------------------
|  Phase                        |  #Cells created  |  #Cells Removed  |  #Constrained objects preventing optimizations  |
-------------------------------------------------------------------------------------------------------------------------
|  Retarget                     |              40  |             113  |                                            120  |
|  Constant propagation         |             165  |             417  |                                            120  |
|  Sweep                        |               0  |            1827  |                                            150  |
|  BUFG optimization            |               0  |               0  |                                              0  |
|  Shift Register Optimization  |               0  |               0  |                                              0  |
|  Post Processing Netlist      |               0  |               0  |                                            120  |
-------------------------------------------------------------------------------------------------------------------------


Ending Logic Optimization Task | Checksum: 12f78b274

Time (s): cpu = 00:00:03 ; elapsed = 00:00:03 . Memory (MB): peak = 2202.039 ; gain = 16.777
INFO: [Constraints 18-11670] Building netlist checker database with flags, 0x8
Done building netlist checker database: Time (s): cpu = 00:00:00 ; elapsed = 00:00:00.017 . Memory (MB): peak = 2202.039 ; gain = 0.000

Starting Power Optimization Task
INFO: [Pwropt 34-132] Skipping clock gating for clocks with a period < 2.00 ns.
INFO: [Timing 38-35] Done setting XDC timing constraints.
INFO: [Pwropt 34-9] Applying IDT optimizations ...
INFO: [Pwropt 34-10] Applying ODC optimizations ...
Running Vector-less Activity Propagation...

Finished Running Vector-less Activity Propagation


Starting PowerOpt Patch Enables Task
INFO: [Pwropt 34-162] WRITE_MODE attribute of 16 BRAM(s) out of a total of 32 has been updated to save power. Run report_power_opt to get a complete listing of the BRAMs updated.
INFO: [Timing 38-35] Done setting XDC timing constraints.
INFO: [Pwropt 34-201] Structural ODC has moved 16 WE to EN ports
Number of BRAM Ports augmented: 0 newly gated: 16 Total Ports: 64
Ending PowerOpt Patch Enables Task | Checksum: e2134cfb

Time (s): cpu = 00:00:01 ; elapsed = 00:00:00.883 . Memory (MB): peak = 2384.480 ; gain = 0.000
Ending Power Optimization Task | Checksum: e2134cfb

Time (s): cpu = 00:00:10 ; elapsed = 00:00:05 . Memory (MB): peak = 2384.480 ; gain = 182.441

Starting Final Cleanup Task
Ending Final Cleanup Task | Checksum: e2134cfb

Time (s): cpu = 00:00:00 ; elapsed = 00:00:00.003 . Memory (MB): peak = 2384.480 ; gain = 0.000

Starting Netlist Obfuscation Task
Netlist sorting complete. Time (s): cpu = 00:00:00 ; elapsed = 00:00:00.012 . Memory (MB): peak = 2384.480 ; gain = 0.000
Ending Netlist Obfuscation Task | Checksum: 133a0172f

Time (s): cpu = 00:00:00 ; elapsed = 00:00:00.016 . Memory (MB): peak = 2384.480 ; gain = 0.000
INFO: [Common 17-83] Releasing license: Implementation
56 Infos, 201 Warnings, 0 Critical Warnings and 0 Errors encountered.
opt_design completed successfully
opt_design: Time (s): cpu = 00:00:18 ; elapsed = 00:00:12 . Memory (MB): peak = 2384.480 ; gain = 539.680
INFO: [runtcl-4] Executing : report_drc -file design_1_wrapper_drc_opted.rpt -pb design_1_wrapper_drc_opted.pb -rpx design_1_wrapper_drc_opted.rpx
Command: report_drc -file design_1_wrapper_drc_opted.rpt -pb design_1_wrapper_drc_opted.pb -rpx design_1_wrapper_drc_opted.rpx
INFO: [IP_Flow 19-1839] IP Catalog is up to date.
INFO: [DRC 23-27] Running DRC with 2 threads
INFO: [Vivado_Tcl 2-168] The results of DRC are in file C:/RFC-8439-fpga-implementation/RFC8439_sys/RFC8439_sys.runs/impl_1/design_1_wrapper_drc_opted.rpt.
report_drc completed successfully
INFO: [Timing 38-480] Writing timing data to binary archive.
Wrote PlaceDB: Time (s): cpu = 00:00:00 ; elapsed = 00:00:00.010 . Memory (MB): peak = 2384.480 ; gain = 0.000
Wrote PulsedLatchDB: Time (s): cpu = 00:00:00 ; elapsed = 00:00:00 . Memory (MB): peak = 2384.480 ; gain = 0.000
Writing XDEF routing.
Writing XDEF routing logical nets.
Write ShapeDB Complete: Time (s): cpu = 00:00:00 ; elapsed = 00:00:00.047 . Memory (MB): peak = 2384.480 ; gain = 0.000
Writing XDEF routing special nets.
Wrote RouteStorage: Time (s): cpu = 00:00:00 ; elapsed = 00:00:00.061 . Memory (MB): peak = 2384.480 ; gain = 0.000
Wrote Netlist Cache: Time (s): cpu = 00:00:00 ; elapsed = 00:00:00.001 . Memory (MB): peak = 2384.480 ; gain = 0.000
Wrote Device Cache: Time (s): cpu = 00:00:00 ; elapsed = 00:00:00.010 . Memory (MB): peak = 2384.480 ; gain = 0.000
Write Physdb Complete: Time (s): cpu = 00:00:00 ; elapsed = 00:00:00.093 . Memory (MB): peak = 2384.480 ; gain = 0.000
INFO: [Common 17-1381] The checkpoint 'C:/RFC-8439-fpga-implementation/RFC8439_sys/RFC8439_sys.runs/impl_1/design_1_wrapper_opt.dcp' has been generated.
Command: place_design
Attempting to get a license for feature 'Implementation' and/or device 'xc7z020'
INFO: [Common 17-349] Got license for feature 'Implementation' and/or device 'xc7z020'
INFO: [Common 17-83] Releasing license: Implementation
INFO: [DRC 23-27] Running DRC with 2 threads
INFO: [Vivado_Tcl 4-198] DRC finished with 0 Errors
INFO: [Vivado_Tcl 4-199] Please refer to the DRC report (report_drc) for more information.
Running DRC as a precondition to command place_design
INFO: [DRC 23-27] Running DRC with 2 threads
INFO: [Vivado_Tcl 4-198] DRC finished with 0 Errors, 21 Warnings
INFO: [Vivado_Tcl 4-199] Please refer to the DRC report (report_drc) for more information.
INFO: [Place 30-611] Multithreading enabled for place_design using a maximum of 2 CPUs

Starting Placer Task

Phase 1 Placer Initialization

Phase 1.1 Placer Initialization Netlist Sorting
Netlist sorting complete. Time (s): cpu = 00:00:00 ; elapsed = 00:00:00.010 . Memory (MB): peak = 2384.480 ; gain = 0.000
Phase 1.1 Placer Initialization Netlist Sorting | Checksum: 86b171c3

Time (s): cpu = 00:00:00 ; elapsed = 00:00:00.021 . Memory (MB): peak = 2384.480 ; gain = 0.000
Netlist sorting complete. Time (s): cpu = 00:00:00 ; elapsed = 00:00:00.009 . Memory (MB): peak = 2384.480 ; gain = 0.000

Phase 1.2 IO Placement/ Clock Placement/ Build Placer Device
Phase 1.2 IO Placement/ Clock Placement/ Build Placer Device | Checksum: 5ad3fdad

Time (s): cpu = 00:00:01 ; elapsed = 00:00:01 . Memory (MB): peak = 2384.480 ; gain = 0.000

Phase 1.3 Build Placer Netlist Model
Phase 1.3 Build Placer Netlist Model | Checksum: 1e89de108

Time (s): cpu = 00:00:07 ; elapsed = 00:00:05 . Memory (MB): peak = 2384.480 ; gain = 0.000

Phase 1.4 Constrain Clocks/Macros
Phase 1.4 Constrain Clocks/Macros | Checksum: 1e89de108

Time (s): cpu = 00:00:07 ; elapsed = 00:00:05 . Memory (MB): peak = 2384.480 ; gain = 0.000
Phase 1 Placer Initialization | Checksum: 1e89de108

Time (s): cpu = 00:00:07 ; elapsed = 00:00:05 . Memory (MB): peak = 2384.480 ; gain = 0.000

Phase 2 Global Placement

Phase 2.1 Floorplanning
Phase 2.1 Floorplanning | Checksum: ef4e6edf

Time (s): cpu = 00:00:08 ; elapsed = 00:00:06 . Memory (MB): peak = 2384.480 ; gain = 0.000

Phase 2.2 Update Timing before SLR Path Opt
Phase 2.2 Update Timing before SLR Path Opt | Checksum: 1a1094b31

Time (s): cpu = 00:00:10 ; elapsed = 00:00:07 . Memory (MB): peak = 2384.480 ; gain = 0.000

Phase 2.3 Post-Processing in Floorplanning
Phase 2.3 Post-Processing in Floorplanning | Checksum: 1a1094b31

Time (s): cpu = 00:00:10 ; elapsed = 00:00:07 . Memory (MB): peak = 2384.480 ; gain = 0.000

Phase 2.4 Global Placement Core

Phase 2.4.1 UpdateTiming Before Physical Synthesis
Phase 2.4.1 UpdateTiming Before Physical Synthesis | Checksum: 1b2c10903

Time (s): cpu = 00:00:23 ; elapsed = 00:00:16 . Memory (MB): peak = 2384.480 ; gain = 0.000

Phase 2.4.2 Physical Synthesis In Placer
INFO: [Physopt 32-1035] Found 0 LUTNM shape to break, 838 LUT instances to create LUTNM shape
INFO: [Physopt 32-1044] Break lutnm for timing: one critical 0, two critical 0, total 0, new lutff created 0
INFO: [Physopt 32-1138] End 1 Pass. Optimized 289 nets or LUTs. Breaked 0 LUT, combined 289 existing LUTs and moved 0 existing LUT
INFO: [Physopt 32-65] No nets found for high-fanout optimization.
INFO: [Physopt 32-232] Optimized 0 net. Created 0 new instance.
INFO: [Physopt 32-775] End 1 Pass. Optimized 0 net or cell. Created 0 new cell, deleted 0 existing cell and moved 0 existing cell
INFO: [Physopt 32-670] No setup violation found.  DSP Register Optimization was not performed.
INFO: [Physopt 32-670] No setup violation found.  Shift Register to Pipeline Optimization was not performed.
INFO: [Physopt 32-670] No setup violation found.  Shift Register Optimization was not performed.
INFO: [Physopt 32-670] No setup violation found.  BRAM Register Optimization was not performed.
INFO: [Physopt 32-670] No setup violation found.  URAM Register Optimization was not performed.
INFO: [Physopt 32-949] No candidate nets found for dynamic/static region interface net replication
INFO: [Physopt 32-775] End 1 Pass. Optimized 0 net or cell. Created 0 new cell, deleted 0 existing cell and moved 0 existing cell
Netlist sorting complete. Time (s): cpu = 00:00:00 ; elapsed = 00:00:00.009 . Memory (MB): peak = 2384.480 ; gain = 0.000

Summary of Physical Synthesis Optimizations
============================================


-----------------------------------------------------------------------------------------------------------------------------------------------------------
|  Optimization                                     |  Added Cells  |  Removed Cells  |  Optimized Cells/Nets  |  Dont Touch  |  Iterations  |  Elapsed   |
-----------------------------------------------------------------------------------------------------------------------------------------------------------
|  LUT Combining                                    |            0  |            289  |                   289  |           0  |           1  |  00:00:00  |
|  Retime                                           |            0  |              0  |                     0  |           0  |           1  |  00:00:00  |
|  Very High Fanout                                 |            0  |              0  |                     0  |           0  |           1  |  00:00:00  |
|  DSP Register                                     |            0  |              0  |                     0  |           0  |           0  |  00:00:00  |
|  Shift Register to Pipeline                       |            0  |              0  |                     0  |           0  |           0  |  00:00:00  |
|  Shift Register                                   |            0  |              0  |                     0  |           0  |           0  |  00:00:00  |
|  BRAM Register                                    |            0  |              0  |                     0  |           0  |           0  |  00:00:00  |
|  URAM Register                                    |            0  |              0  |                     0  |           0  |           0  |  00:00:00  |
|  Dynamic/Static Region Interface Net Replication  |            0  |              0  |                     0  |           0  |           1  |  00:00:00  |
|  Total                                            |            0  |            289  |                   289  |           0  |           4  |  00:00:01  |
-----------------------------------------------------------------------------------------------------------------------------------------------------------


Phase 2.4.2 Physical Synthesis In Placer | Checksum: 19e0b1799

Time (s): cpu = 00:00:26 ; elapsed = 00:00:18 . Memory (MB): peak = 2384.480 ; gain = 0.000
Phase 2.4 Global Placement Core | Checksum: 1db714465

Time (s): cpu = 00:00:27 ; elapsed = 00:00:18 . Memory (MB): peak = 2384.480 ; gain = 0.000
Phase 2 Global Placement | Checksum: 1db714465

Time (s): cpu = 00:00:27 ; elapsed = 00:00:18 . Memory (MB): peak = 2384.480 ; gain = 0.000

Phase 3 Detail Placement

Phase 3.1 Commit Multi Column Macros
Phase 3.1 Commit Multi Column Macros | Checksum: 175492a17

Time (s): cpu = 00:00:29 ; elapsed = 00:00:20 . Memory (MB): peak = 2384.480 ; gain = 0.000

Phase 3.2 Commit Most Macros & LUTRAMs
Phase 3.2 Commit Most Macros & LUTRAMs | Checksum: 216275ff9

Time (s): cpu = 00:00:32 ; elapsed = 00:00:22 . Memory (MB): peak = 2384.480 ; gain = 0.000

Phase 3.3 Area Swap Optimization
Phase 3.3 Area Swap Optimization | Checksum: 1343666d3

Time (s): cpu = 00:00:33 ; elapsed = 00:00:22 . Memory (MB): peak = 2384.480 ; gain = 0.000

Phase 3.4 Pipeline Register Optimization
Phase 3.4 Pipeline Register Optimization | Checksum: 1574b5f8a

Time (s): cpu = 00:00:33 ; elapsed = 00:00:22 . Memory (MB): peak = 2384.480 ; gain = 0.000

Phase 3.5 Small Shape Detail Placement
Phase 3.5 Small Shape Detail Placement | Checksum: 16ef43bc6

Time (s): cpu = 00:00:37 ; elapsed = 00:00:27 . Memory (MB): peak = 2384.480 ; gain = 0.000

Phase 3.6 Re-assign LUT pins
Phase 3.6 Re-assign LUT pins | Checksum: 177ac3a38

Time (s): cpu = 00:00:38 ; elapsed = 00:00:28 . Memory (MB): peak = 2384.480 ; gain = 0.000

Phase 3.7 Pipeline Register Optimization
Phase 3.7 Pipeline Register Optimization | Checksum: 198a152ff

Time (s): cpu = 00:00:38 ; elapsed = 00:00:28 . Memory (MB): peak = 2384.480 ; gain = 0.000
Phase 3 Detail Placement | Checksum: 198a152ff

Time (s): cpu = 00:00:38 ; elapsed = 00:00:28 . Memory (MB): peak = 2384.480 ; gain = 0.000

Phase 4 Post Placement Optimization and Clean-Up

Phase 4.1 Post Commit Optimization
INFO: [Timing 38-35] Done setting XDC timing constraints.

Phase 4.1.1 Post Placement Optimization
Post Placement Optimization Initialization | Checksum: 1e7620ca4

Phase 4.1.1.1 BUFG Insertion

Starting Physical Synthesis Task

Phase 1 Physical Synthesis Initialization
INFO: [Physopt 32-721] Multithreading enabled for phys_opt_design using a maximum of 2 CPUs
INFO: [Physopt 32-619] Estimated Timing Summary | WNS=2.095 | TNS=0.000 |
Phase 1 Physical Synthesis Initialization | Checksum: 234f4baf8

Time (s): cpu = 00:00:01 ; elapsed = 00:00:00.869 . Memory (MB): peak = 2384.480 ; gain = 0.000
INFO: [Place 46-33] Processed net design_1_i/rst_ps7_0_100M/U0/peripheral_reset[0], BUFG insertion was skipped due to placement/routing conflicts.
INFO: [Place 46-56] BUFG insertion identified 1 candidate nets. Inserted BUFG: 0, Replicated BUFG Driver: 0, Skipped due to Placement/Routing Conflicts: 1, Skipped due to Timing Degradation: 0, Skipped due to netlist editing failed: 0.
Ending Physical Synthesis Task | Checksum: 234f4baf8

Time (s): cpu = 00:00:02 ; elapsed = 00:00:01 . Memory (MB): peak = 2384.480 ; gain = 0.000
Phase 4.1.1.1 BUFG Insertion | Checksum: 1e7620ca4

Time (s): cpu = 00:00:46 ; elapsed = 00:00:34 . Memory (MB): peak = 2384.480 ; gain = 0.000

Phase 4.1.1.2 Post Placement Timing Optimization
INFO: [Place 30-746] Post Placement Timing Summary WNS=2.095. For the most accurate timing information please run report_timing.
Phase 4.1.1.2 Post Placement Timing Optimization | Checksum: 2330263da

Time (s): cpu = 00:00:46 ; elapsed = 00:00:34 . Memory (MB): peak = 2384.480 ; gain = 0.000

Time (s): cpu = 00:00:46 ; elapsed = 00:00:34 . Memory (MB): peak = 2384.480 ; gain = 0.000
Phase 4.1 Post Commit Optimization | Checksum: 2330263da

Time (s): cpu = 00:00:46 ; elapsed = 00:00:34 . Memory (MB): peak = 2384.480 ; gain = 0.000

Phase 4.2 Post Placement Cleanup
Phase 4.2 Post Placement Cleanup | Checksum: 2330263da

Time (s): cpu = 00:00:46 ; elapsed = 00:00:34 . Memory (MB): peak = 2384.480 ; gain = 0.000

Phase 4.3 Placer Reporting

Phase 4.3.1 Print Estimated Congestion
INFO: [Place 30-612] Post-Placement Estimated Congestion 
 ____________________________________________________
|           | Global Congestion | Short Congestion  |
| Direction | Region Size       | Region Size       |
|___________|___________________|___________________|
|      North|                2x2|                8x8|
|___________|___________________|___________________|
|      South|                1x1|                4x4|
|___________|___________________|___________________|
|       East|                1x1|                2x2|
|___________|___________________|___________________|
|       West|                1x1|                1x1|
|___________|___________________|___________________|

Phase 4.3.1 Print Estimated Congestion | Checksum: 2330263da

Time (s): cpu = 00:00:46 ; elapsed = 00:00:35 . Memory (MB): peak = 2384.480 ; gain = 0.000
Phase 4.3 Placer Reporting | Checksum: 2330263da

Time (s): cpu = 00:00:46 ; elapsed = 00:00:35 . Memory (MB): peak = 2384.480 ; gain = 0.000

Phase 4.4 Final Placement Cleanup
Netlist sorting complete. Time (s): cpu = 00:00:00 ; elapsed = 00:00:00.011 . Memory (MB): peak = 2384.480 ; gain = 0.000

Time (s): cpu = 00:00:46 ; elapsed = 00:00:35 . Memory (MB): peak = 2384.480 ; gain = 0.000
Phase 4 Post Placement Optimization and Clean-Up | Checksum: 17fb6d4f0

Time (s): cpu = 00:00:47 ; elapsed = 00:00:35 . Memory (MB): peak = 2384.480 ; gain = 0.000
Ending Placer Task | Checksum: d4ba86a2

Time (s): cpu = 00:00:47 ; elapsed = 00:00:35 . Memory (MB): peak = 2384.480 ; gain = 0.000
91 Infos, 201 Warnings, 0 Critical Warnings and 0 Errors encountered.
place_design completed successfully
place_design: Time (s): cpu = 00:00:49 ; elapsed = 00:00:36 . Memory (MB): peak = 2384.480 ; gain = 0.000
INFO: [runtcl-4] Executing : report_io -file design_1_wrapper_io_placed.rpt
report_io: Time (s): cpu = 00:00:00 ; elapsed = 00:00:00.046 . Memory (MB): peak = 2384.480 ; gain = 0.000
INFO: [runtcl-4] Executing : report_utilization -file design_1_wrapper_utilization_placed.rpt -pb design_1_wrapper_utilization_placed.pb
INFO: [runtcl-4] Executing : report_control_sets -verbose -file design_1_wrapper_control_sets_placed.rpt
report_control_sets: Time (s): cpu = 00:00:00 ; elapsed = 00:00:00.061 . Memory (MB): peak = 2384.480 ; gain = 0.000
INFO: [Timing 38-480] Writing timing data to binary archive.
Write ShapeDB Complete: Time (s): cpu = 00:00:00 ; elapsed = 00:00:00.083 . Memory (MB): peak = 2392.762 ; gain = 8.281
Wrote PlaceDB: Time (s): cpu = 00:00:04 ; elapsed = 00:00:01 . Memory (MB): peak = 2392.809 ; gain = 8.328
Wrote PulsedLatchDB: Time (s): cpu = 00:00:00 ; elapsed = 00:00:00 . Memory (MB): peak = 2392.809 ; gain = 0.000
Writing XDEF routing.
Writing XDEF routing logical nets.
Writing XDEF routing special nets.
Wrote RouteStorage: Time (s): cpu = 00:00:00 ; elapsed = 00:00:00.046 . Memory (MB): peak = 2392.809 ; gain = 0.000
Wrote Netlist Cache: Time (s): cpu = 00:00:00 ; elapsed = 00:00:00.027 . Memory (MB): peak = 2392.809 ; gain = 0.000
Wrote Device Cache: Time (s): cpu = 00:00:00 ; elapsed = 00:00:00.011 . Memory (MB): peak = 2392.809 ; gain = 0.000
Write Physdb Complete: Time (s): cpu = 00:00:04 ; elapsed = 00:00:01 . Memory (MB): peak = 2392.809 ; gain = 8.328
INFO: [Common 17-1381] The checkpoint 'C:/RFC-8439-fpga-implementation/RFC8439_sys/RFC8439_sys.runs/impl_1/design_1_wrapper_placed.dcp' has been generated.
write_checkpoint: Time (s): cpu = 00:00:07 ; elapsed = 00:00:06 . Memory (MB): peak = 2392.809 ; gain = 8.328
Command: phys_opt_design -directive AggressiveExplore
Attempting to get a license for feature 'Implementation' and/or device 'xc7z020'
INFO: [Common 17-349] Got license for feature 'Implementation' and/or device 'xc7z020'
INFO: [Vivado_Tcl 4-137] Directive used for phys_opt_design is: AggressiveExplore

Starting Initial Update Timing Task

Time (s): cpu = 00:00:04 ; elapsed = 00:00:03 . Memory (MB): peak = 2446.234 ; gain = 53.426
INFO: [Vivado_Tcl 4-383] Design worst setup slack (WNS) is greater than or equal to 0.000 ns. Skipping all physical synthesis optimizations.
INFO: [Vivado_Tcl 4-232] No setup violation found. The netlist was not modified.
INFO: [Common 17-83] Releasing license: Implementation
101 Infos, 201 Warnings, 0 Critical Warnings and 0 Errors encountered.
phys_opt_design completed successfully
INFO: [Timing 38-480] Writing timing data to binary archive.
Write ShapeDB Complete: Time (s): cpu = 00:00:01 ; elapsed = 00:00:00.095 . Memory (MB): peak = 2488.840 ; gain = 24.355
Wrote PlaceDB: Time (s): cpu = 00:00:04 ; elapsed = 00:00:01 . Memory (MB): peak = 2494.766 ; gain = 23.242
Wrote PulsedLatchDB: Time (s): cpu = 00:00:00 ; elapsed = 00:00:00 . Memory (MB): peak = 2494.766 ; gain = 0.000
Writing XDEF routing.
Writing XDEF routing logical nets.
Writing XDEF routing special nets.
Wrote RouteStorage: Time (s): cpu = 00:00:00 ; elapsed = 00:00:00.043 . Memory (MB): peak = 2494.766 ; gain = 0.000
Wrote Netlist Cache: Time (s): cpu = 00:00:00 ; elapsed = 00:00:00.032 . Memory (MB): peak = 2494.766 ; gain = 0.000
Wrote Device Cache: Time (s): cpu = 00:00:00 ; elapsed = 00:00:00.007 . Memory (MB): peak = 2494.766 ; gain = 0.000
Write Physdb Complete: Time (s): cpu = 00:00:04 ; elapsed = 00:00:02 . Memory (MB): peak = 2494.766 ; gain = 30.281
INFO: [Common 17-1381] The checkpoint 'C:/RFC-8439-fpga-implementation/RFC8439_sys/RFC8439_sys.runs/impl_1/design_1_wrapper_physopt.dcp' has been generated.
Command: route_design -directive NoTimingRelaxation
Attempting to get a license for feature 'Implementation' and/or device 'xc7z020'
INFO: [Common 17-349] Got license for feature 'Implementation' and/or device 'xc7z020'
Running DRC as a precondition to command route_design
INFO: [DRC 23-27] Running DRC with 2 threads
INFO: [Vivado_Tcl 4-198] DRC finished with 0 Errors
INFO: [Vivado_Tcl 4-199] Please refer to the DRC report (report_drc) for more information.


Starting Routing Task
INFO: [Route 35-270] Using Router directive 'NoTimingRelaxation'.
INFO: [Route 35-254] Multithreading enabled for route_design using a maximum of 8 CPUs

Phase 1 Build RT Design
Checksum: PlaceDB: 926a71d1 ConstDB: 0 ShapeSum: 425014d1 RouteDB: 0
Post Restoration Checksum: NetGraph: a446ad9e | NumContArr: 2286a7b0 | Constraints: c2a8fa9d | Timing: c2a8fa9d
Phase 1 Build RT Design | Checksum: 24c1f4a88

Time (s): cpu = 00:00:23 ; elapsed = 00:00:18 . Memory (MB): peak = 2607.234 ; gain = 112.266

Phase 2 Router Initialization

Phase 2.1 Fix Topology Constraints
Phase 2.1 Fix Topology Constraints | Checksum: 24c1f4a88

Time (s): cpu = 00:00:24 ; elapsed = 00:00:18 . Memory (MB): peak = 2607.234 ; gain = 112.266

Phase 2.2 Pre Route Cleanup
Phase 2.2 Pre Route Cleanup | Checksum: 24c1f4a88

Time (s): cpu = 00:00:24 ; elapsed = 00:00:18 . Memory (MB): peak = 2607.234 ; gain = 112.266
 Number of Nodes with overlaps = 0

Phase 2.3 Update Timing
Phase 2.3 Update Timing | Checksum: 13945bb76

Time (s): cpu = 00:00:32 ; elapsed = 00:00:23 . Memory (MB): peak = 2625.656 ; gain = 130.688
INFO: [Route 35-416] Intermediate Timing Summary | WNS=2.230  | TNS=0.000  | WHS=-0.319 | THS=-510.890|


Router Utilization Summary
  Global Vertical Routing Utilization    = 0 %
  Global Horizontal Routing Utilization  = 0 %
  Routable Net Status*
  *Does not include unroutable nets such as driverless and loadless.
  Run report_route_status for detailed report.
  Number of Failed Nets               = 23967
    (Failed Nets is the sum of unrouted and partially routed nets)
  Number of Unrouted Nets             = 23967
  Number of Partially Routed Nets     = 0
  Number of Node Overlaps             = 0

Phase 2 Router Initialization | Checksum: 1d9fc0636

Time (s): cpu = 00:00:36 ; elapsed = 00:00:26 . Memory (MB): peak = 2693.934 ; gain = 198.965

Phase 3 Initial Routing

Phase 3.1 Global Routing
Phase 3.1 Global Routing | Checksum: 1d9fc0636

Time (s): cpu = 00:00:36 ; elapsed = 00:00:26 . Memory (MB): peak = 2693.934 ; gain = 198.965

Phase 3.2 Initial Net Routing
Phase 3.2 Initial Net Routing | Checksum: 2863bfd13

Time (s): cpu = 00:00:42 ; elapsed = 00:00:27 . Memory (MB): peak = 2693.934 ; gain = 198.965
Phase 3 Initial Routing | Checksum: 2863bfd13

Time (s): cpu = 00:00:42 ; elapsed = 00:00:27 . Memory (MB): peak = 2693.934 ; gain = 198.965

Phase 4 Rip-up And Reroute

Phase 4.1 Global Iteration 0
 Number of Nodes with overlaps = 4944
 Number of Nodes with overlaps = 1274
 Number of Nodes with overlaps = 527
 Number of Nodes with overlaps = 149
 Number of Nodes with overlaps = 64
 Number of Nodes with overlaps = 37
 Number of Nodes with overlaps = 9
 Number of Nodes with overlaps = 6
 Number of Nodes with overlaps = 4
 Number of Nodes with overlaps = 4
 Number of Nodes with overlaps = 2
 Number of Nodes with overlaps = 1
 Number of Nodes with overlaps = 0
INFO: [Route 35-416] Intermediate Timing Summary | WNS=1.424  | TNS=0.000  | WHS=N/A    | THS=N/A    |

Phase 4.1 Global Iteration 0 | Checksum: 324895ac4

Time (s): cpu = 00:02:54 ; elapsed = 00:01:55 . Memory (MB): peak = 2708.820 ; gain = 213.852

Phase 4.2 Global Iteration 1
 Number of Nodes with overlaps = 4
 Number of Nodes with overlaps = 0
INFO: [Route 35-416] Intermediate Timing Summary | WNS=1.424  | TNS=0.000  | WHS=N/A    | THS=N/A    |

Phase 4.2 Global Iteration 1 | Checksum: 230829bf1

Time (s): cpu = 00:02:55 ; elapsed = 00:01:56 . Memory (MB): peak = 2708.820 ; gain = 213.852

Phase 4.3 Global Iteration 2
 Number of Nodes with overlaps = 0
INFO: [Route 35-416] Intermediate Timing Summary | WNS=1.424  | TNS=0.000  | WHS=N/A    | THS=N/A    |

Phase 4.3 Global Iteration 2 | Checksum: 2be9b99ba

Time (s): cpu = 00:02:55 ; elapsed = 00:01:56 . Memory (MB): peak = 2708.820 ; gain = 213.852
Phase 4 Rip-up And Reroute | Checksum: 2be9b99ba

Time (s): cpu = 00:02:55 ; elapsed = 00:01:56 . Memory (MB): peak = 2708.820 ; gain = 213.852

Phase 5 Delay and Skew Optimization

Phase 5.1 Delay CleanUp
Phase 5.1 Delay CleanUp | Checksum: 2be9b99ba

Time (s): cpu = 00:02:55 ; elapsed = 00:01:56 . Memory (MB): peak = 2708.820 ; gain = 213.852

Phase 5.2 Clock Skew Optimization
Phase 5.2 Clock Skew Optimization | Checksum: 2be9b99ba

Time (s): cpu = 00:02:55 ; elapsed = 00:01:56 . Memory (MB): peak = 2708.820 ; gain = 213.852
Phase 5 Delay and Skew Optimization | Checksum: 2be9b99ba

Time (s): cpu = 00:02:56 ; elapsed = 00:01:56 . Memory (MB): peak = 2708.820 ; gain = 213.852

Phase 6 Post Hold Fix

Phase 6.1 Hold Fix Iter

Phase 6.1.1 Update Timing
Phase 6.1.1 Update Timing | Checksum: 2a7c639ee

Time (s): cpu = 00:02:57 ; elapsed = 00:01:57 . Memory (MB): peak = 2708.820 ; gain = 213.852
INFO: [Route 35-416] Intermediate Timing Summary | WNS=1.555  | TNS=0.000  | WHS=0.022  | THS=0.000  |

Phase 6.1 Hold Fix Iter | Checksum: 31f3268b6

Time (s): cpu = 00:02:58 ; elapsed = 00:01:57 . Memory (MB): peak = 2708.820 ; gain = 213.852
Phase 6 Post Hold Fix | Checksum: 31f3268b6

Time (s): cpu = 00:02:58 ; elapsed = 00:01:57 . Memory (MB): peak = 2708.820 ; gain = 213.852

Phase 7 Route finalize

Router Utilization Summary
  Global Vertical Routing Utilization    = 6.60505 %
  Global Horizontal Routing Utilization  = 8.0524 %
  Routable Net Status*
  *Does not include unroutable nets such as driverless and loadless.
  Run report_route_status for detailed report.
  Number of Failed Nets               = 0
    (Failed Nets is the sum of unrouted and partially routed nets)
  Number of Unrouted Nets             = 0
  Number of Partially Routed Nets     = 0
  Number of Node Overlaps             = 0

Phase 7 Route finalize | Checksum: 31f3268b6

Time (s): cpu = 00:02:58 ; elapsed = 00:01:57 . Memory (MB): peak = 2708.820 ; gain = 213.852

Phase 8 Verifying routed nets

 Verification completed successfully
Phase 8 Verifying routed nets | Checksum: 31f3268b6

Time (s): cpu = 00:02:58 ; elapsed = 00:01:57 . Memory (MB): peak = 2708.820 ; gain = 213.852

Phase 9 Depositing Routes
Phase 9 Depositing Routes | Checksum: 30cbb78fb

Time (s): cpu = 00:03:00 ; elapsed = 00:01:58 . Memory (MB): peak = 2708.820 ; gain = 213.852

Phase 10 Post Router Timing
INFO: [Route 35-20] Post Routing Timing Summary | WNS=1.590  | TNS=0.000  | WHS=0.021  | THS=0.000  |

Phase 10 Post Router Timing | Checksum: 2f64b65e5

Time (s): cpu = 00:03:07 ; elapsed = 00:02:02 . Memory (MB): peak = 2780.871 ; gain = 285.902
INFO: [Route 35-61] The design met the timing requirement.
INFO: [Route 35-16] Router Completed Successfully

Phase 11 Post-Route Event Processing
Phase 11 Post-Route Event Processing | Checksum: 1adf96faf

Time (s): cpu = 00:03:08 ; elapsed = 00:02:03 . Memory (MB): peak = 2780.871 ; gain = 285.902
Ending Routing Task | Checksum: 1adf96faf

Time (s): cpu = 00:03:08 ; elapsed = 00:02:03 . Memory (MB): peak = 2780.871 ; gain = 285.902

Routing Is Done.
INFO: [Common 17-83] Releasing license: Implementation
118 Infos, 201 Warnings, 0 Critical Warnings and 0 Errors encountered.
route_design completed successfully
route_design: Time (s): cpu = 00:03:11 ; elapsed = 00:02:05 . Memory (MB): peak = 2780.871 ; gain = 286.105
INFO: [runtcl-4] Executing : report_drc -file design_1_wrapper_drc_routed.rpt -pb design_1_wrapper_drc_routed.pb -rpx design_1_wrapper_drc_routed.rpx
Command: report_drc -file design_1_wrapper_drc_routed.rpt -pb design_1_wrapper_drc_routed.pb -rpx design_1_wrapper_drc_routed.rpx
INFO: [IP_Flow 19-1839] IP Catalog is up to date.
INFO: [DRC 23-27] Running DRC with 2 threads
INFO: [Vivado_Tcl 2-168] The results of DRC are in file C:/RFC-8439-fpga-implementation/RFC8439_sys/RFC8439_sys.runs/impl_1/design_1_wrapper_drc_routed.rpt.
report_drc completed successfully
INFO: [runtcl-4] Executing : report_methodology -file design_1_wrapper_methodology_drc_routed.rpt -pb design_1_wrapper_methodology_drc_routed.pb -rpx design_1_wrapper_methodology_drc_routed.rpx
Command: report_methodology -file design_1_wrapper_methodology_drc_routed.rpt -pb design_1_wrapper_methodology_drc_routed.pb -rpx design_1_wrapper_methodology_drc_routed.rpx
INFO: [Timing 38-35] Done setting XDC timing constraints.
INFO: [DRC 23-133] Running Methodology with 2 threads
INFO: [Vivado_Tcl 2-1520] The results of Report Methodology are in file C:/RFC-8439-fpga-implementation/RFC8439_sys/RFC8439_sys.runs/impl_1/design_1_wrapper_methodology_drc_routed.rpt.
report_methodology completed successfully
report_methodology: Time (s): cpu = 00:00:12 ; elapsed = 00:00:07 . Memory (MB): peak = 2780.871 ; gain = 0.000
INFO: [runtcl-4] Executing : report_power -file design_1_wrapper_power_routed.rpt -pb design_1_wrapper_power_summary_routed.pb -rpx design_1_wrapper_power_routed.rpx
Command: report_power -file design_1_wrapper_power_routed.rpt -pb design_1_wrapper_power_summary_routed.pb -rpx design_1_wrapper_power_routed.rpx
INFO: [Timing 38-35] Done setting XDC timing constraints.
Running Vector-less Activity Propagation...

Finished Running Vector-less Activity Propagation
128 Infos, 201 Warnings, 0 Critical Warnings and 0 Errors encountered.
report_power completed successfully
report_power: Time (s): cpu = 00:00:09 ; elapsed = 00:00:05 . Memory (MB): peak = 2780.871 ; gain = 0.000
INFO: [runtcl-4] Executing : report_route_status -file design_1_wrapper_route_status.rpt -pb design_1_wrapper_route_status.pb
INFO: [runtcl-4] Executing : report_timing_summary -max_paths 10 -report_unconstrained -file design_1_wrapper_timing_summary_routed.rpt -pb design_1_wrapper_timing_summary_routed.pb -rpx design_1_wrapper_timing_summary_routed.rpx -warn_on_violation 
INFO: [Timing 38-91] UpdateTimingParams: Speed grade: -1, Delay Type: min_max.
INFO: [Timing 38-191] Multithreading enabled for timing update using a maximum of 2 CPUs
INFO: [runtcl-4] Executing : report_incremental_reuse -file design_1_wrapper_incremental_reuse_routed.rpt
INFO: [Vivado_Tcl 4-1062] Incremental flow is disabled. No incremental reuse Info to report.
INFO: [runtcl-4] Executing : report_clock_utilization -file design_1_wrapper_clock_utilization_routed.rpt
INFO: [runtcl-4] Executing : report_bus_skew -warn_on_violation -file design_1_wrapper_bus_skew_routed.rpt -pb design_1_wrapper_bus_skew_routed.pb -rpx design_1_wrapper_bus_skew_routed.rpx
INFO: [Timing 38-91] UpdateTimingParams: Speed grade: -1, Delay Type: min_max.
INFO: [Timing 38-191] Multithreading enabled for timing update using a maximum of 2 CPUs
INFO: [Timing 38-480] Writing timing data to binary archive.
Write ShapeDB Complete: Time (s): cpu = 00:00:00 ; elapsed = 00:00:00.067 . Memory (MB): peak = 2780.871 ; gain = 0.000
Wrote PlaceDB: Time (s): cpu = 00:00:04 ; elapsed = 00:00:01 . Memory (MB): peak = 2780.871 ; gain = 0.000
Wrote PulsedLatchDB: Time (s): cpu = 00:00:00 ; elapsed = 00:00:00 . Memory (MB): peak = 2780.871 ; gain = 0.000
Writing XDEF routing.
Writing XDEF routing logical nets.
Writing XDEF routing special nets.
Wrote RouteStorage: Time (s): cpu = 00:00:00 ; elapsed = 00:00:00.298 . Memory (MB): peak = 2780.871 ; gain = 0.000
Wrote Netlist Cache: Time (s): cpu = 00:00:00 ; elapsed = 00:00:00.032 . Memory (MB): peak = 2780.871 ; gain = 0.000
Wrote Device Cache: Time (s): cpu = 00:00:00 ; elapsed = 00:00:00.012 . Memory (MB): peak = 2780.871 ; gain = 0.000
Write Physdb Complete: Time (s): cpu = 00:00:04 ; elapsed = 00:00:02 . Memory (MB): peak = 2780.871 ; gain = 0.000
INFO: [Common 17-1381] The checkpoint 'C:/RFC-8439-fpga-implementation/RFC8439_sys/RFC8439_sys.runs/impl_1/design_1_wrapper_routed.dcp' has been generated.
INFO: [Memdata 28-167] Found XPM memory block design_1_i/axi_smc/inst/s00_nodes/s00_w_node/inst/inst_mi_handler/gen_normal_area.inst_fifo_node_payld/gen_xpm_memory_fifo.inst_fifo/gen_mem_rep[0].inst_xpm_memory/xpm_memory_base_inst with a P_MEMORY_PRIMITIVE property set to distributed. A value of block is required. You will not be able to use the updatemem program to update the bitstream with new data for the design_1_i/axi_smc/inst/s00_nodes/s00_w_node/inst/inst_mi_handler/gen_normal_area.inst_fifo_node_payld/gen_xpm_memory_fifo.inst_fifo/gen_mem_rep[0].inst_xpm_memory/xpm_memory_base_inst block.
INFO: [Memdata 28-167] Found XPM memory block design_1_i/axi_smc/inst/s00_nodes/s00_w_node/inst/inst_mi_handler/gen_normal_area.gen_fifo_req.inst_fifo_req/gen_xpm_memory_fifo.inst_fifo/gen_mem_rep[0].inst_xpm_memory/xpm_memory_base_inst with a P_MEMORY_PRIMITIVE property set to distributed. A value of block is required. You will not be able to use the updatemem program to update the bitstream with new data for the design_1_i/axi_smc/inst/s00_nodes/s00_w_node/inst/inst_mi_handler/gen_normal_area.gen_fifo_req.inst_fifo_req/gen_xpm_memory_fifo.inst_fifo/gen_mem_rep[0].inst_xpm_memory/xpm_memory_base_inst block.
INFO: [Memdata 28-167] Found XPM memory block design_1_i/axi_smc/inst/s00_nodes/s00_r_node/inst/inst_mi_handler/gen_normal_area.inst_fifo_node_payld/gen_xpm_memory_fifo.inst_fifo/gen_mem_rep[0].inst_xpm_memory/xpm_memory_base_inst with a P_MEMORY_PRIMITIVE property set to distributed. A value of block is required. You will not be able to use the updatemem program to update the bitstream with new data for the design_1_i/axi_smc/inst/s00_nodes/s00_r_node/inst/inst_mi_handler/gen_normal_area.inst_fifo_node_payld/gen_xpm_memory_fifo.inst_fifo/gen_mem_rep[0].inst_xpm_memory/xpm_memory_base_inst block.
INFO: [Memdata 28-167] Found XPM memory block design_1_i/axi_smc/inst/s00_nodes/s00_b_node/inst/inst_mi_handler/gen_normal_area.inst_fifo_node_payld/gen_xpm_memory_fifo.inst_fifo/gen_mem_rep[0].inst_xpm_memory/xpm_memory_base_inst with a P_MEMORY_PRIMITIVE property set to distributed. A value of block is required. You will not be able to use the updatemem program to update the bitstream with new data for the design_1_i/axi_smc/inst/s00_nodes/s00_b_node/inst/inst_mi_handler/gen_normal_area.inst_fifo_node_payld/gen_xpm_memory_fifo.inst_fifo/gen_mem_rep[0].inst_xpm_memory/xpm_memory_base_inst block.
INFO: [Memdata 28-167] Found XPM memory block design_1_i/axi_smc/inst/s00_nodes/s00_aw_node/inst/inst_mi_handler/gen_normal_area.inst_fifo_node_payld/gen_xpm_memory_fifo.inst_fifo/gen_mem_rep[0].inst_xpm_memory/xpm_memory_base_inst with a P_MEMORY_PRIMITIVE property set to distributed. A value of block is required. You will not be able to use the updatemem program to update the bitstream with new data for the design_1_i/axi_smc/inst/s00_nodes/s00_aw_node/inst/inst_mi_handler/gen_normal_area.inst_fifo_node_payld/gen_xpm_memory_fifo.inst_fifo/gen_mem_rep[0].inst_xpm_memory/xpm_memory_base_inst block.
INFO: [Memdata 28-167] Found XPM memory block design_1_i/axi_smc/inst/s00_nodes/s00_aw_node/inst/inst_mi_handler/gen_normal_area.gen_fifo_req.inst_fifo_req/gen_xpm_memory_fifo.inst_fifo/gen_mem_rep[0].inst_xpm_memory/xpm_memory_base_inst with a P_MEMORY_PRIMITIVE property set to distributed. A value of block is required. You will not be able to use the updatemem program to update the bitstream with new data for the design_1_i/axi_smc/inst/s00_nodes/s00_aw_node/inst/inst_mi_handler/gen_normal_area.gen_fifo_req.inst_fifo_req/gen_xpm_memory_fifo.inst_fifo/gen_mem_rep[0].inst_xpm_memory/xpm_memory_base_inst block.
INFO: [Memdata 28-167] Found XPM memory block design_1_i/axi_smc/inst/s00_nodes/s00_ar_node/inst/inst_mi_handler/gen_normal_area.inst_fifo_node_payld/gen_xpm_memory_fifo.inst_fifo/gen_mem_rep[0].inst_xpm_memory/xpm_memory_base_inst with a P_MEMORY_PRIMITIVE property set to distributed. A value of block is required. You will not be able to use the updatemem program to update the bitstream with new data for the design_1_i/axi_smc/inst/s00_nodes/s00_ar_node/inst/inst_mi_handler/gen_normal_area.inst_fifo_node_payld/gen_xpm_memory_fifo.inst_fifo/gen_mem_rep[0].inst_xpm_memory/xpm_memory_base_inst block.
INFO: [Memdata 28-167] Found XPM memory block design_1_i/axi_smc/inst/s00_nodes/s00_ar_node/inst/inst_mi_handler/gen_normal_area.gen_fifo_req.inst_fifo_req/gen_xpm_memory_fifo.inst_fifo/gen_mem_rep[0].inst_xpm_memory/xpm_memory_base_inst with a P_MEMORY_PRIMITIVE property set to distributed. A value of block is required. You will not be able to use the updatemem program to update the bitstream with new data for the design_1_i/axi_smc/inst/s00_nodes/s00_ar_node/inst/inst_mi_handler/gen_normal_area.gen_fifo_req.inst_fifo_req/gen_xpm_memory_fifo.inst_fifo/gen_mem_rep[0].inst_xpm_memory/xpm_memory_base_inst block.
INFO: [Memdata 28-167] Found XPM memory block design_1_i/axi_smc/inst/m04_nodes/m04_w_node/inst/inst_mi_handler/gen_normal_area.inst_fifo_node_payld/gen_xpm_memory_fifo.inst_fifo/gen_mem_rep[0].inst_xpm_memory/xpm_memory_base_inst with a P_MEMORY_PRIMITIVE property set to distributed. A value of block is required. You will not be able to use the updatemem program to update the bitstream with new data for the design_1_i/axi_smc/inst/m04_nodes/m04_w_node/inst/inst_mi_handler/gen_normal_area.inst_fifo_node_payld/gen_xpm_memory_fifo.inst_fifo/gen_mem_rep[0].inst_xpm_memory/xpm_memory_base_inst block.
INFO: [Memdata 28-167] Found XPM memory block design_1_i/axi_smc/inst/m04_nodes/m04_r_node/inst/inst_mi_handler/gen_normal_area.inst_fifo_node_payld/gen_xpm_memory_fifo.inst_fifo/gen_mem_rep[0].inst_xpm_memory/xpm_memory_base_inst with a P_MEMORY_PRIMITIVE property set to distributed. A value of block is required. You will not be able to use the updatemem program to update the bitstream with new data for the design_1_i/axi_smc/inst/m04_nodes/m04_r_node/inst/inst_mi_handler/gen_normal_area.inst_fifo_node_payld/gen_xpm_memory_fifo.inst_fifo/gen_mem_rep[0].inst_xpm_memory/xpm_memory_base_inst block.
INFO: [Memdata 28-167] Found XPM memory block design_1_i/axi_smc/inst/m04_nodes/m04_b_node/inst/inst_mi_handler/gen_normal_area.inst_fifo_node_payld/gen_xpm_memory_fifo.inst_fifo/gen_mem_rep[0].inst_xpm_memory/xpm_memory_base_inst with a P_MEMORY_PRIMITIVE property set to distributed. A value of block is required. You will not be able to use the updatemem program to update the bitstream with new data for the design_1_i/axi_smc/inst/m04_nodes/m04_b_node/inst/inst_mi_handler/gen_normal_area.inst_fifo_node_payld/gen_xpm_memory_fifo.inst_fifo/gen_mem_rep[0].inst_xpm_memory/xpm_memory_base_inst block.
INFO: [Memdata 28-167] Found XPM memory block design_1_i/axi_smc/inst/m04_nodes/m04_aw_node/inst/inst_mi_handler/gen_normal_area.inst_fifo_node_payld/gen_xpm_memory_fifo.inst_fifo/gen_mem_rep[0].inst_xpm_memory/xpm_memory_base_inst with a P_MEMORY_PRIMITIVE property set to distributed. A value of block is required. You will not be able to use the updatemem program to update the bitstream with new data for the design_1_i/axi_smc/inst/m04_nodes/m04_aw_node/inst/inst_mi_handler/gen_normal_area.inst_fifo_node_payld/gen_xpm_memory_fifo.inst_fifo/gen_mem_rep[0].inst_xpm_memory/xpm_memory_base_inst block.
INFO: [Memdata 28-167] Found XPM memory block design_1_i/axi_smc/inst/m04_nodes/m04_ar_node/inst/inst_mi_handler/gen_normal_area.inst_fifo_node_payld/gen_xpm_memory_fifo.inst_fifo/gen_mem_rep[0].inst_xpm_memory/xpm_memory_base_inst with a P_MEMORY_PRIMITIVE property set to distributed. A value of block is required. You will not be able to use the updatemem program to update the bitstream with new data for the design_1_i/axi_smc/inst/m04_nodes/m04_ar_node/inst/inst_mi_handler/gen_normal_area.inst_fifo_node_payld/gen_xpm_memory_fifo.inst_fifo/gen_mem_rep[0].inst_xpm_memory/xpm_memory_base_inst block.
INFO: [Memdata 28-167] Found XPM memory block design_1_i/axi_smc/inst/m03_nodes/m03_w_node/inst/inst_mi_handler/gen_normal_area.inst_fifo_node_payld/gen_xpm_memory_fifo.inst_fifo/gen_mem_rep[0].inst_xpm_memory/xpm_memory_base_inst with a P_MEMORY_PRIMITIVE property set to distributed. A value of block is required. You will not be able to use the updatemem program to update the bitstream with new data for the design_1_i/axi_smc/inst/m03_nodes/m03_w_node/inst/inst_mi_handler/gen_normal_area.inst_fifo_node_payld/gen_xpm_memory_fifo.inst_fifo/gen_mem_rep[0].inst_xpm_memory/xpm_memory_base_inst block.
INFO: [Memdata 28-167] Found XPM memory block design_1_i/axi_smc/inst/m03_nodes/m03_r_node/inst/inst_mi_handler/gen_normal_area.inst_fifo_node_payld/gen_xpm_memory_fifo.inst_fifo/gen_mem_rep[0].inst_xpm_memory/xpm_memory_base_inst with a P_MEMORY_PRIMITIVE property set to distributed. A value of block is required. You will not be able to use the updatemem program to update the bitstream with new data for the design_1_i/axi_smc/inst/m03_nodes/m03_r_node/inst/inst_mi_handler/gen_normal_area.inst_fifo_node_payld/gen_xpm_memory_fifo.inst_fifo/gen_mem_rep[0].inst_xpm_memory/xpm_memory_base_inst block.
INFO: [Memdata 28-167] Found XPM memory block design_1_i/axi_smc/inst/m03_nodes/m03_b_node/inst/inst_mi_handler/gen_normal_area.inst_fifo_node_payld/gen_xpm_memory_fifo.inst_fifo/gen_mem_rep[0].inst_xpm_memory/xpm_memory_base_inst with a P_MEMORY_PRIMITIVE property set to distributed. A value of block is required. You will not be able to use the updatemem program to update the bitstream with new data for the design_1_i/axi_smc/inst/m03_nodes/m03_b_node/inst/inst_mi_handler/gen_normal_area.inst_fifo_node_payld/gen_xpm_memory_fifo.inst_fifo/gen_mem_rep[0].inst_xpm_memory/xpm_memory_base_inst block.
INFO: [Memdata 28-167] Found XPM memory block design_1_i/axi_smc/inst/m03_nodes/m03_aw_node/inst/inst_mi_handler/gen_normal_area.inst_fifo_node_payld/gen_xpm_memory_fifo.inst_fifo/gen_mem_rep[0].inst_xpm_memory/xpm_memory_base_inst with a P_MEMORY_PRIMITIVE property set to distributed. A value of block is required. You will not be able to use the updatemem program to update the bitstream with new data for the design_1_i/axi_smc/inst/m03_nodes/m03_aw_node/inst/inst_mi_handler/gen_normal_area.inst_fifo_node_payld/gen_xpm_memory_fifo.inst_fifo/gen_mem_rep[0].inst_xpm_memory/xpm_memory_base_inst block.
INFO: [Memdata 28-167] Found XPM memory block design_1_i/axi_smc/inst/m03_nodes/m03_ar_node/inst/inst_mi_handler/gen_normal_area.inst_fifo_node_payld/gen_xpm_memory_fifo.inst_fifo/gen_mem_rep[0].inst_xpm_memory/xpm_memory_base_inst with a P_MEMORY_PRIMITIVE property set to distributed. A value of block is required. You will not be able to use the updatemem program to update the bitstream with new data for the design_1_i/axi_smc/inst/m03_nodes/m03_ar_node/inst/inst_mi_handler/gen_normal_area.inst_fifo_node_payld/gen_xpm_memory_fifo.inst_fifo/gen_mem_rep[0].inst_xpm_memory/xpm_memory_base_inst block.
INFO: [Memdata 28-167] Found XPM memory block design_1_i/axi_smc/inst/m02_nodes/m02_w_node/inst/inst_mi_handler/gen_normal_area.inst_fifo_node_payld/gen_xpm_memory_fifo.inst_fifo/gen_mem_rep[0].inst_xpm_memory/xpm_memory_base_inst with a P_MEMORY_PRIMITIVE property set to distributed. A value of block is required. You will not be able to use the updatemem program to update the bitstream with new data for the design_1_i/axi_smc/inst/m02_nodes/m02_w_node/inst/inst_mi_handler/gen_normal_area.inst_fifo_node_payld/gen_xpm_memory_fifo.inst_fifo/gen_mem_rep[0].inst_xpm_memory/xpm_memory_base_inst block.
INFO: [Memdata 28-167] Found XPM memory block design_1_i/axi_smc/inst/m02_nodes/m02_r_node/inst/inst_mi_handler/gen_normal_area.inst_fifo_node_payld/gen_xpm_memory_fifo.inst_fifo/gen_mem_rep[0].inst_xpm_memory/xpm_memory_base_inst with a P_MEMORY_PRIMITIVE property set to distributed. A value of block is required. You will not be able to use the updatemem program to update the bitstream with new data for the design_1_i/axi_smc/inst/m02_nodes/m02_r_node/inst/inst_mi_handler/gen_normal_area.inst_fifo_node_payld/gen_xpm_memory_fifo.inst_fifo/gen_mem_rep[0].inst_xpm_memory/xpm_memory_base_inst block.
INFO: [Memdata 28-167] Found XPM memory block design_1_i/axi_smc/inst/m02_nodes/m02_b_node/inst/inst_mi_handler/gen_normal_area.inst_fifo_node_payld/gen_xpm_memory_fifo.inst_fifo/gen_mem_rep[0].inst_xpm_memory/xpm_memory_base_inst with a P_MEMORY_PRIMITIVE property set to distributed. A value of block is required. You will not be able to use the updatemem program to update the bitstream with new data for the design_1_i/axi_smc/inst/m02_nodes/m02_b_node/inst/inst_mi_handler/gen_normal_area.inst_fifo_node_payld/gen_xpm_memory_fifo.inst_fifo/gen_mem_rep[0].inst_xpm_memory/xpm_memory_base_inst block.
INFO: [Memdata 28-167] Found XPM memory block design_1_i/axi_smc/inst/m02_nodes/m02_aw_node/inst/inst_mi_handler/gen_normal_area.inst_fifo_node_payld/gen_xpm_memory_fifo.inst_fifo/gen_mem_rep[0].inst_xpm_memory/xpm_memory_base_inst with a P_MEMORY_PRIMITIVE property set to distributed. A value of block is required. You will not be able to use the updatemem program to update the bitstream with new data for the design_1_i/axi_smc/inst/m02_nodes/m02_aw_node/inst/inst_mi_handler/gen_normal_area.inst_fifo_node_payld/gen_xpm_memory_fifo.inst_fifo/gen_mem_rep[0].inst_xpm_memory/xpm_memory_base_inst block.
INFO: [Memdata 28-167] Found XPM memory block design_1_i/axi_smc/inst/m02_nodes/m02_ar_node/inst/inst_mi_handler/gen_normal_area.inst_fifo_node_payld/gen_xpm_memory_fifo.inst_fifo/gen_mem_rep[0].inst_xpm_memory/xpm_memory_base_inst with a P_MEMORY_PRIMITIVE property set to distributed. A value of block is required. You will not be able to use the updatemem program to update the bitstream with new data for the design_1_i/axi_smc/inst/m02_nodes/m02_ar_node/inst/inst_mi_handler/gen_normal_area.inst_fifo_node_payld/gen_xpm_memory_fifo.inst_fifo/gen_mem_rep[0].inst_xpm_memory/xpm_memory_base_inst block.
INFO: [Memdata 28-167] Found XPM memory block design_1_i/axi_smc/inst/m01_nodes/m01_w_node/inst/inst_mi_handler/gen_normal_area.inst_fifo_node_payld/gen_xpm_memory_fifo.inst_fifo/gen_mem_rep[0].inst_xpm_memory/xpm_memory_base_inst with a P_MEMORY_PRIMITIVE property set to distributed. A value of block is required. You will not be able to use the updatemem program to update the bitstream with new data for the design_1_i/axi_smc/inst/m01_nodes/m01_w_node/inst/inst_mi_handler/gen_normal_area.inst_fifo_node_payld/gen_xpm_memory_fifo.inst_fifo/gen_mem_rep[0].inst_xpm_memory/xpm_memory_base_inst block.
INFO: [Memdata 28-167] Found XPM memory block design_1_i/axi_smc/inst/m01_nodes/m01_r_node/inst/inst_mi_handler/gen_normal_area.inst_fifo_node_payld/gen_xpm_memory_fifo.inst_fifo/gen_mem_rep[0].inst_xpm_memory/xpm_memory_base_inst with a P_MEMORY_PRIMITIVE property set to distributed. A value of block is required. You will not be able to use the updatemem program to update the bitstream with new data for the design_1_i/axi_smc/inst/m01_nodes/m01_r_node/inst/inst_mi_handler/gen_normal_area.inst_fifo_node_payld/gen_xpm_memory_fifo.inst_fifo/gen_mem_rep[0].inst_xpm_memory/xpm_memory_base_inst block.
INFO: [Memdata 28-167] Found XPM memory block design_1_i/axi_smc/inst/m01_nodes/m01_b_node/inst/inst_mi_handler/gen_normal_area.inst_fifo_node_payld/gen_xpm_memory_fifo.inst_fifo/gen_mem_rep[0].inst_xpm_memory/xpm_memory_base_inst with a P_MEMORY_PRIMITIVE property set to distributed. A value of block is required. You will not be able to use the updatemem program to update the bitstream with new data for the design_1_i/axi_smc/inst/m01_nodes/m01_b_node/inst/inst_mi_handler/gen_normal_area.inst_fifo_node_payld/gen_xpm_memory_fifo.inst_fifo/gen_mem_rep[0].inst_xpm_memory/xpm_memory_base_inst block.
INFO: [Memdata 28-167] Found XPM memory block design_1_i/axi_smc/inst/m01_nodes/m01_aw_node/inst/inst_mi_handler/gen_normal_area.inst_fifo_node_payld/gen_xpm_memory_fifo.inst_fifo/gen_mem_rep[0].inst_xpm_memory/xpm_memory_base_inst with a P_MEMORY_PRIMITIVE property set to distributed. A value of block is required. You will not be able to use the updatemem program to update the bitstream with new data for the design_1_i/axi_smc/inst/m01_nodes/m01_aw_node/inst/inst_mi_handler/gen_normal_area.inst_fifo_node_payld/gen_xpm_memory_fifo.inst_fifo/gen_mem_rep[0].inst_xpm_memory/xpm_memory_base_inst block.
INFO: [Memdata 28-167] Found XPM memory block design_1_i/axi_smc/inst/m01_nodes/m01_ar_node/inst/inst_mi_handler/gen_normal_area.inst_fifo_node_payld/gen_xpm_memory_fifo.inst_fifo/gen_mem_rep[0].inst_xpm_memory/xpm_memory_base_inst with a P_MEMORY_PRIMITIVE property set to distributed. A value of block is required. You will not be able to use the updatemem program to update the bitstream with new data for the design_1_i/axi_smc/inst/m01_nodes/m01_ar_node/inst/inst_mi_handler/gen_normal_area.inst_fifo_node_payld/gen_xpm_memory_fifo.inst_fifo/gen_mem_rep[0].inst_xpm_memory/xpm_memory_base_inst block.
INFO: [Memdata 28-167] Found XPM memory block design_1_i/axi_smc/inst/m00_nodes/m00_w_node/inst/inst_mi_handler/gen_normal_area.inst_fifo_node_payld/gen_xpm_memory_fifo.inst_fifo/gen_mem_rep[0].inst_xpm_memory/xpm_memory_base_inst with a P_MEMORY_PRIMITIVE property set to distributed. A value of block is required. You will not be able to use the updatemem program to update the bitstream with new data for the design_1_i/axi_smc/inst/m00_nodes/m00_w_node/inst/inst_mi_handler/gen_normal_area.inst_fifo_node_payld/gen_xpm_memory_fifo.inst_fifo/gen_mem_rep[0].inst_xpm_memory/xpm_memory_base_inst block.
INFO: [Memdata 28-167] Found XPM memory block design_1_i/axi_smc/inst/m00_nodes/m00_r_node/inst/inst_mi_handler/gen_normal_area.inst_fifo_node_payld/gen_xpm_memory_fifo.inst_fifo/gen_mem_rep[0].inst_xpm_memory/xpm_memory_base_inst with a P_MEMORY_PRIMITIVE property set to distributed. A value of block is required. You will not be able to use the updatemem program to update the bitstream with new data for the design_1_i/axi_smc/inst/m00_nodes/m00_r_node/inst/inst_mi_handler/gen_normal_area.inst_fifo_node_payld/gen_xpm_memory_fifo.inst_fifo/gen_mem_rep[0].inst_xpm_memory/xpm_memory_base_inst block.
INFO: [Memdata 28-167] Found XPM memory block design_1_i/axi_smc/inst/m00_nodes/m00_b_node/inst/inst_mi_handler/gen_normal_area.inst_fifo_node_payld/gen_xpm_memory_fifo.inst_fifo/gen_mem_rep[0].inst_xpm_memory/xpm_memory_base_inst with a P_MEMORY_PRIMITIVE property set to distributed. A value of block is required. You will not be able to use the updatemem program to update the bitstream with new data for the design_1_i/axi_smc/inst/m00_nodes/m00_b_node/inst/inst_mi_handler/gen_normal_area.inst_fifo_node_payld/gen_xpm_memory_fifo.inst_fifo/gen_mem_rep[0].inst_xpm_memory/xpm_memory_base_inst block.
INFO: [Memdata 28-167] Found XPM memory block design_1_i/axi_smc/inst/m00_nodes/m00_aw_node/inst/inst_mi_handler/gen_normal_area.inst_fifo_node_payld/gen_xpm_memory_fifo.inst_fifo/gen_mem_rep[0].inst_xpm_memory/xpm_memory_base_inst with a P_MEMORY_PRIMITIVE property set to distributed. A value of block is required. You will not be able to use the updatemem program to update the bitstream with new data for the design_1_i/axi_smc/inst/m00_nodes/m00_aw_node/inst/inst_mi_handler/gen_normal_area.inst_fifo_node_payld/gen_xpm_memory_fifo.inst_fifo/gen_mem_rep[0].inst_xpm_memory/xpm_memory_base_inst block.
INFO: [Memdata 28-167] Found XPM memory block design_1_i/axi_smc/inst/m00_nodes/m00_ar_node/inst/inst_mi_handler/gen_normal_area.inst_fifo_node_payld/gen_xpm_memory_fifo.inst_fifo/gen_mem_rep[0].inst_xpm_memory/xpm_memory_base_inst with a P_MEMORY_PRIMITIVE property set to distributed. A value of block is required. You will not be able to use the updatemem program to update the bitstream with new data for the design_1_i/axi_smc/inst/m00_nodes/m00_ar_node/inst/inst_mi_handler/gen_normal_area.inst_fifo_node_payld/gen_xpm_memory_fifo.inst_fifo/gen_mem_rep[0].inst_xpm_memory/xpm_memory_base_inst block.
Command: write_bitstream -force design_1_wrapper.bit
Attempting to get a license for feature 'Implementation' and/or device 'xc7z020'
INFO: [Common 17-349] Got license for feature 'Implementation' and/or device 'xc7z020'
Running DRC as a precondition to command write_bitstream
INFO: [IP_Flow 19-1839] IP Catalog is up to date.
INFO: [DRC 23-27] Running DRC with 2 threads
WARNING: [DRC CHECK-3] Report rule limit reached: REQP-1839 rule limit reached: 20 violations have been found.
WARNING: [DRC DPIP-1] Input pipelining: DSP design_1_i/RFC8439_0/inst/u_poly1305/p0_w input design_1_i/RFC8439_0/inst/u_poly1305/p0_w/A[29:0] is not pipelined. Pipelining DSP48 input will improve performance.
WARNING: [DRC DPIP-1] Input pipelining: DSP design_1_i/RFC8439_0/inst/u_poly1305/p0_w input design_1_i/RFC8439_0/inst/u_poly1305/p0_w/B[17:0] is not pipelined. Pipelining DSP48 input will improve performance.
WARNING: [DRC DPIP-1] Input pipelining: DSP design_1_i/RFC8439_0/inst/u_poly1305/p0_w__0 input design_1_i/RFC8439_0/inst/u_poly1305/p0_w__0/A[29:0] is not pipelined. Pipelining DSP48 input will improve performance.
WARNING: [DRC DPIP-1] Input pipelining: DSP design_1_i/RFC8439_0/inst/u_poly1305/p0_w__0 input design_1_i/RFC8439_0/inst/u_poly1305/p0_w__0/B[17:0] is not pipelined. Pipelining DSP48 input will improve performance.
WARNING: [DRC DPIP-1] Input pipelining: DSP design_1_i/RFC8439_0/inst/u_poly1305/p0_w__1 input design_1_i/RFC8439_0/inst/u_poly1305/p0_w__1/A[29:0] is not pipelined. Pipelining DSP48 input will improve performance.
WARNING: [DRC DPIP-1] Input pipelining: DSP design_1_i/RFC8439_0/inst/u_poly1305/p0_w__1 input design_1_i/RFC8439_0/inst/u_poly1305/p0_w__1/B[17:0] is not pipelined. Pipelining DSP48 input will improve performance.
WARNING: [DRC DPIP-1] Input pipelining: DSP design_1_i/RFC8439_0/inst/u_poly1305/p0_w__2 input design_1_i/RFC8439_0/inst/u_poly1305/p0_w__2/B[17:0] is not pipelined. Pipelining DSP48 input will improve performance.
WARNING: [DRC DPIP-1] Input pipelining: DSP design_1_i/RFC8439_0/inst/u_poly1305/p1_w input design_1_i/RFC8439_0/inst/u_poly1305/p1_w/A[29:0] is not pipelined. Pipelining DSP48 input will improve performance.
WARNING: [DRC DPIP-1] Input pipelining: DSP design_1_i/RFC8439_0/inst/u_poly1305/p1_w input design_1_i/RFC8439_0/inst/u_poly1305/p1_w/B[17:0] is not pipelined. Pipelining DSP48 input will improve performance.
WARNING: [DRC DPIP-1] Input pipelining: DSP design_1_i/RFC8439_0/inst/u_poly1305/p1_w__0 input design_1_i/RFC8439_0/inst/u_poly1305/p1_w__0/A[29:0] is not pipelined. Pipelining DSP48 input will improve performance.
WARNING: [DRC DPIP-1] Input pipelining: DSP design_1_i/RFC8439_0/inst/u_poly1305/p1_w__0 input design_1_i/RFC8439_0/inst/u_poly1305/p1_w__0/B[17:0] is not pipelined. Pipelining DSP48 input will improve performance.
WARNING: [DRC DPIP-1] Input pipelining: DSP design_1_i/RFC8439_0/inst/u_poly1305/p1_w__1 input design_1_i/RFC8439_0/inst/u_poly1305/p1_w__1/A[29:0] is not pipelined. Pipelining DSP48 input will improve performance.
WARNING: [DRC DPIP-1] Input pipelining: DSP design_1_i/RFC8439_0/inst/u_poly1305/p1_w__1 input design_1_i/RFC8439_0/inst/u_poly1305/p1_w__1/B[17:0] is not pipelined. Pipelining DSP48 input will improve performance.
WARNING: [DRC DPIP-1] Input pipelining: DSP design_1_i/RFC8439_0/inst/u_poly1305/p1_w__2 input design_1_i/RFC8439_0/inst/u_poly1305/p1_w__2/B[17:0] is not pipelined. Pipelining DSP48 input will improve performance.
WARNING: [DRC DPIP-1] Input pipelining: DSP design_1_i/RFC8439_0/inst/u_poly1305/p2_w input design_1_i/RFC8439_0/inst/u_poly1305/p2_w/A[29:0] is not pipelined. Pipelining DSP48 input will improve performance.
WARNING: [DRC DPIP-1] Input pipelining: DSP design_1_i/RFC8439_0/inst/u_poly1305/p2_w input design_1_i/RFC8439_0/inst/u_poly1305/p2_w/B[17:0] is not pipelined. Pipelining DSP48 input will improve performance.
WARNING: [DRC DPIP-1] Input pipelining: DSP design_1_i/RFC8439_0/inst/u_poly1305/p2_w__0 input design_1_i/RFC8439_0/inst/u_poly1305/p2_w__0/A[29:0] is not pipelined. Pipelining DSP48 input will improve performance.
WARNING: [DRC DPIP-1] Input pipelining: DSP design_1_i/RFC8439_0/inst/u_poly1305/p2_w__0 input design_1_i/RFC8439_0/inst/u_poly1305/p2_w__0/B[17:0] is not pipelined. Pipelining DSP48 input will improve performance.
WARNING: [DRC DPIP-1] Input pipelining: DSP design_1_i/RFC8439_0/inst/u_poly1305/p2_w__1 input design_1_i/RFC8439_0/inst/u_poly1305/p2_w__1/A[29:0] is not pipelined. Pipelining DSP48 input will improve performance.
WARNING: [DRC DPIP-1] Input pipelining: DSP design_1_i/RFC8439_0/inst/u_poly1305/p2_w__1 input design_1_i/RFC8439_0/inst/u_poly1305/p2_w__1/B[17:0] is not pipelined. Pipelining DSP48 input will improve performance.
WARNING: [DRC DPIP-1] Input pipelining: DSP design_1_i/RFC8439_0/inst/u_poly1305/p2_w__2 input design_1_i/RFC8439_0/inst/u_poly1305/p2_w__2/B[17:0] is not pipelined. Pipelining DSP48 input will improve performance.
WARNING: [DRC DPIP-1] Input pipelining: DSP design_1_i/RFC8439_0/inst/u_poly1305/p3_w input design_1_i/RFC8439_0/inst/u_poly1305/p3_w/A[29:0] is not pipelined. Pipelining DSP48 input will improve performance.
WARNING: [DRC DPIP-1] Input pipelining: DSP design_1_i/RFC8439_0/inst/u_poly1305/p3_w input design_1_i/RFC8439_0/inst/u_poly1305/p3_w/B[17:0] is not pipelined. Pipelining DSP48 input will improve performance.
WARNING: [DRC DPIP-1] Input pipelining: DSP design_1_i/RFC8439_0/inst/u_poly1305/p3_w__0 input design_1_i/RFC8439_0/inst/u_poly1305/p3_w__0/A[29:0] is not pipelined. Pipelining DSP48 input will improve performance.
WARNING: [DRC DPIP-1] Input pipelining: DSP design_1_i/RFC8439_0/inst/u_poly1305/p3_w__0 input design_1_i/RFC8439_0/inst/u_poly1305/p3_w__0/B[17:0] is not pipelined. Pipelining DSP48 input will improve performance.
WARNING: [DRC DPIP-1] Input pipelining: DSP design_1_i/RFC8439_0/inst/u_poly1305/p3_w__1 input design_1_i/RFC8439_0/inst/u_poly1305/p3_w__1/A[29:0] is not pipelined. Pipelining DSP48 input will improve performance.
WARNING: [DRC DPIP-1] Input pipelining: DSP design_1_i/RFC8439_0/inst/u_poly1305/p3_w__1 input design_1_i/RFC8439_0/inst/u_poly1305/p3_w__1/B[17:0] is not pipelined. Pipelining DSP48 input will improve performance.
WARNING: [DRC DPIP-1] Input pipelining: DSP design_1_i/RFC8439_0/inst/u_poly1305/p3_w__2 input design_1_i/RFC8439_0/inst/u_poly1305/p3_w__2/B[17:0] is not pipelined. Pipelining DSP48 input will improve performance.
WARNING: [DRC DPIP-1] Input pipelining: DSP design_1_i/RFC8439_0/inst/u_poly1305/p4_w input design_1_i/RFC8439_0/inst/u_poly1305/p4_w/A[29:0] is not pipelined. Pipelining DSP48 input will improve performance.
WARNING: [DRC DPIP-1] Input pipelining: DSP design_1_i/RFC8439_0/inst/u_poly1305/p4_w input design_1_i/RFC8439_0/inst/u_poly1305/p4_w/B[17:0] is not pipelined. Pipelining DSP48 input will improve performance.
WARNING: [DRC DPIP-1] Input pipelining: DSP design_1_i/RFC8439_0/inst/u_poly1305/p4_w__0 input design_1_i/RFC8439_0/inst/u_poly1305/p4_w__0/A[29:0] is not pipelined. Pipelining DSP48 input will improve performance.
WARNING: [DRC DPIP-1] Input pipelining: DSP design_1_i/RFC8439_0/inst/u_poly1305/p4_w__0 input design_1_i/RFC8439_0/inst/u_poly1305/p4_w__0/B[17:0] is not pipelined. Pipelining DSP48 input will improve performance.
WARNING: [DRC DPIP-1] Input pipelining: DSP design_1_i/RFC8439_0/inst/u_poly1305/p4_w__1 input design_1_i/RFC8439_0/inst/u_poly1305/p4_w__1/A[29:0] is not pipelined. Pipelining DSP48 input will improve performance.
WARNING: [DRC DPIP-1] Input pipelining: DSP design_1_i/RFC8439_0/inst/u_poly1305/p4_w__1 input design_1_i/RFC8439_0/inst/u_poly1305/p4_w__1/B[17:0] is not pipelined. Pipelining DSP48 input will improve performance.
WARNING: [DRC DPIP-1] Input pipelining: DSP design_1_i/RFC8439_0/inst/u_poly1305/p4_w__2 input design_1_i/RFC8439_0/inst/u_poly1305/p4_w__2/B[17:0] is not pipelined. Pipelining DSP48 input will improve performance.
WARNING: [DRC DPOP-1] PREG Output pipelining: DSP design_1_i/RFC8439_0/inst/u_poly1305/p0_w output design_1_i/RFC8439_0/inst/u_poly1305/p0_w/P[47:0] is not pipelined (PREG=0). Pipelining the DSP48 output will improve performance and often saves power so it is suggested whenever possible to fully pipeline this function.  If this DSP48 function was inferred, it is suggested to describe an additional register stage after this function.  If the DSP48 was instantiated in the design, it is suggested to set the PREG attribute to 1.
WARNING: [DRC DPOP-1] PREG Output pipelining: DSP design_1_i/RFC8439_0/inst/u_poly1305/p0_w__0 output design_1_i/RFC8439_0/inst/u_poly1305/p0_w__0/P[47:0] is not pipelined (PREG=0). Pipelining the DSP48 output will improve performance and often saves power so it is suggested whenever possible to fully pipeline this function.  If this DSP48 function was inferred, it is suggested to describe an additional register stage after this function.  If the DSP48 was instantiated in the design, it is suggested to set the PREG attribute to 1.
WARNING: [DRC DPOP-1] PREG Output pipelining: DSP design_1_i/RFC8439_0/inst/u_poly1305/p0_w__1 output design_1_i/RFC8439_0/inst/u_poly1305/p0_w__1/P[47:0] is not pipelined (PREG=0). Pipelining the DSP48 output will improve performance and often saves power so it is suggested whenever possible to fully pipeline this function.  If this DSP48 function was inferred, it is suggested to describe an additional register stage after this function.  If the DSP48 was instantiated in the design, it is suggested to set the PREG attribute to 1.
WARNING: [DRC DPOP-1] PREG Output pipelining: DSP design_1_i/RFC8439_0/inst/u_poly1305/p0_w__2 output design_1_i/RFC8439_0/inst/u_poly1305/p0_w__2/P[47:0] is not pipelined (PREG=0). Pipelining the DSP48 output will improve performance and often saves power so it is suggested whenever possible to fully pipeline this function.  If this DSP48 function was inferred, it is suggested to describe an additional register stage after this function.  If the DSP48 was instantiated in the design, it is suggested to set the PREG attribute to 1.
WARNING: [DRC DPOP-1] PREG Output pipelining: DSP design_1_i/RFC8439_0/inst/u_poly1305/p1_w output design_1_i/RFC8439_0/inst/u_poly1305/p1_w/P[47:0] is not pipelined (PREG=0). Pipelining the DSP48 output will improve performance and often saves power so it is suggested whenever possible to fully pipeline this function.  If this DSP48 function was inferred, it is suggested to describe an additional register stage after this function.  If the DSP48 was instantiated in the design, it is suggested to set the PREG attribute to 1.
WARNING: [DRC DPOP-1] PREG Output pipelining: DSP design_1_i/RFC8439_0/inst/u_poly1305/p1_w__0 output design_1_i/RFC8439_0/inst/u_poly1305/p1_w__0/P[47:0] is not pipelined (PREG=0). Pipelining the DSP48 output will improve performance and often saves power so it is suggested whenever possible to fully pipeline this function.  If this DSP48 function was inferred, it is suggested to describe an additional register stage after this function.  If the DSP48 was instantiated in the design, it is suggested to set the PREG attribute to 1.
WARNING: [DRC DPOP-1] PREG Output pipelining: DSP design_1_i/RFC8439_0/inst/u_poly1305/p1_w__1 output design_1_i/RFC8439_0/inst/u_poly1305/p1_w__1/P[47:0] is not pipelined (PREG=0). Pipelining the DSP48 output will improve performance and often saves power so it is suggested whenever possible to fully pipeline this function.  If this DSP48 function was inferred, it is suggested to describe an additional register stage after this function.  If the DSP48 was instantiated in the design, it is suggested to set the PREG attribute to 1.
WARNING: [DRC DPOP-1] PREG Output pipelining: DSP design_1_i/RFC8439_0/inst/u_poly1305/p1_w__2 output design_1_i/RFC8439_0/inst/u_poly1305/p1_w__2/P[47:0] is not pipelined (PREG=0). Pipelining the DSP48 output will improve performance and often saves power so it is suggested whenever possible to fully pipeline this function.  If this DSP48 function was inferred, it is suggested to describe an additional register stage after this function.  If the DSP48 was instantiated in the design, it is suggested to set the PREG attribute to 1.
WARNING: [DRC DPOP-1] PREG Output pipelining: DSP design_1_i/RFC8439_0/inst/u_poly1305/p2_w output design_1_i/RFC8439_0/inst/u_poly1305/p2_w/P[47:0] is not pipelined (PREG=0). Pipelining the DSP48 output will improve performance and often saves power so it is suggested whenever possible to fully pipeline this function.  If this DSP48 function was inferred, it is suggested to describe an additional register stage after this function.  If the DSP48 was instantiated in the design, it is suggested to set the PREG attribute to 1.
WARNING: [DRC DPOP-1] PREG Output pipelining: DSP design_1_i/RFC8439_0/inst/u_poly1305/p2_w__0 output design_1_i/RFC8439_0/inst/u_poly1305/p2_w__0/P[47:0] is not pipelined (PREG=0). Pipelining the DSP48 output will improve performance and often saves power so it is suggested whenever possible to fully pipeline this function.  If this DSP48 function was inferred, it is suggested to describe an additional register stage after this function.  If the DSP48 was instantiated in the design, it is suggested to set the PREG attribute to 1.
WARNING: [DRC DPOP-1] PREG Output pipelining: DSP design_1_i/RFC8439_0/inst/u_poly1305/p2_w__1 output design_1_i/RFC8439_0/inst/u_poly1305/p2_w__1/P[47:0] is not pipelined (PREG=0). Pipelining the DSP48 output will improve performance and often saves power so it is suggested whenever possible to fully pipeline this function.  If this DSP48 function was inferred, it is suggested to describe an additional register stage after this function.  If the DSP48 was instantiated in the design, it is suggested to set the PREG attribute to 1.
WARNING: [DRC DPOP-1] PREG Output pipelining: DSP design_1_i/RFC8439_0/inst/u_poly1305/p2_w__2 output design_1_i/RFC8439_0/inst/u_poly1305/p2_w__2/P[47:0] is not pipelined (PREG=0). Pipelining the DSP48 output will improve performance and often saves power so it is suggested whenever possible to fully pipeline this function.  If this DSP48 function was inferred, it is suggested to describe an additional register stage after this function.  If the DSP48 was instantiated in the design, it is suggested to set the PREG attribute to 1.
WARNING: [DRC DPOP-1] PREG Output pipelining: DSP design_1_i/RFC8439_0/inst/u_poly1305/p3_w output design_1_i/RFC8439_0/inst/u_poly1305/p3_w/P[47:0] is not pipelined (PREG=0). Pipelining the DSP48 output will improve performance and often saves power so it is suggested whenever possible to fully pipeline this function.  If this DSP48 function was inferred, it is suggested to describe an additional register stage after this function.  If the DSP48 was instantiated in the design, it is suggested to set the PREG attribute to 1.
WARNING: [DRC DPOP-1] PREG Output pipelining: DSP design_1_i/RFC8439_0/inst/u_poly1305/p3_w__0 output design_1_i/RFC8439_0/inst/u_poly1305/p3_w__0/P[47:0] is not pipelined (PREG=0). Pipelining the DSP48 output will improve performance and often saves power so it is suggested whenever possible to fully pipeline this function.  If this DSP48 function was inferred, it is suggested to describe an additional register stage after this function.  If the DSP48 was instantiated in the design, it is suggested to set the PREG attribute to 1.
WARNING: [DRC DPOP-1] PREG Output pipelining: DSP design_1_i/RFC8439_0/inst/u_poly1305/p3_w__1 output design_1_i/RFC8439_0/inst/u_poly1305/p3_w__1/P[47:0] is not pipelined (PREG=0). Pipelining the DSP48 output will improve performance and often saves power so it is suggested whenever possible to fully pipeline this function.  If this DSP48 function was inferred, it is suggested to describe an additional register stage after this function.  If the DSP48 was instantiated in the design, it is suggested to set the PREG attribute to 1.
WARNING: [DRC DPOP-1] PREG Output pipelining: DSP design_1_i/RFC8439_0/inst/u_poly1305/p3_w__2 output design_1_i/RFC8439_0/inst/u_poly1305/p3_w__2/P[47:0] is not pipelined (PREG=0). Pipelining the DSP48 output will improve performance and often saves power so it is suggested whenever possible to fully pipeline this function.  If this DSP48 function was inferred, it is suggested to describe an additional register stage after this function.  If the DSP48 was instantiated in the design, it is suggested to set the PREG attribute to 1.
WARNING: [DRC DPOP-1] PREG Output pipelining: DSP design_1_i/RFC8439_0/inst/u_poly1305/p4_w output design_1_i/RFC8439_0/inst/u_poly1305/p4_w/P[47:0] is not pipelined (PREG=0). Pipelining the DSP48 output will improve performance and often saves power so it is suggested whenever possible to fully pipeline this function.  If this DSP48 function was inferred, it is suggested to describe an additional register stage after this function.  If the DSP48 was instantiated in the design, it is suggested to set the PREG attribute to 1.
WARNING: [DRC DPOP-1] PREG Output pipelining: DSP design_1_i/RFC8439_0/inst/u_poly1305/p4_w__0 output design_1_i/RFC8439_0/inst/u_poly1305/p4_w__0/P[47:0] is not pipelined (PREG=0). Pipelining the DSP48 output will improve performance and often saves power so it is suggested whenever possible to fully pipeline this function.  If this DSP48 function was inferred, it is suggested to describe an additional register stage after this function.  If the DSP48 was instantiated in the design, it is suggested to set the PREG attribute to 1.
WARNING: [DRC DPOP-1] PREG Output pipelining: DSP design_1_i/RFC8439_0/inst/u_poly1305/p4_w__1 output design_1_i/RFC8439_0/inst/u_poly1305/p4_w__1/P[47:0] is not pipelined (PREG=0). Pipelining the DSP48 output will improve performance and often saves power so it is suggested whenever possible to fully pipeline this function.  If this DSP48 function was inferred, it is suggested to describe an additional register stage after this function.  If the DSP48 was instantiated in the design, it is suggested to set the PREG attribute to 1.
WARNING: [DRC DPOP-1] PREG Output pipelining: DSP design_1_i/RFC8439_0/inst/u_poly1305/p4_w__2 output design_1_i/RFC8439_0/inst/u_poly1305/p4_w__2/P[47:0] is not pipelined (PREG=0). Pipelining the DSP48 output will improve performance and often saves power so it is suggested whenever possible to fully pipeline this function.  If this DSP48 function was inferred, it is suggested to describe an additional register stage after this function.  If the DSP48 was instantiated in the design, it is suggested to set the PREG attribute to 1.
WARNING: [DRC DPOP-2] MREG Output pipelining: DSP design_1_i/RFC8439_0/inst/u_poly1305/p0_w multiplier stage design_1_i/RFC8439_0/inst/u_poly1305/p0_w/P[47:0] is not pipelined (MREG=0). Pipelining the multiplier function will improve performance and will save significant power so it is suggested whenever possible to fully pipeline this function.  If this multiplier was inferred, it is suggested to describe an additional register stage after this function.  If there is no registered adder/accumulator following the multiply function, two pipeline stages are suggested to allow both the MREG and PREG registers to be used.  If the DSP48 was instantiated in the design, it is suggested to set both the MREG and PREG attributes to 1 when performing multiply functions.
WARNING: [DRC DPOP-2] MREG Output pipelining: DSP design_1_i/RFC8439_0/inst/u_poly1305/p0_w__0 multiplier stage design_1_i/RFC8439_0/inst/u_poly1305/p0_w__0/P[47:0] is not pipelined (MREG=0). Pipelining the multiplier function will improve performance and will save significant power so it is suggested whenever possible to fully pipeline this function.  If this multiplier was inferred, it is suggested to describe an additional register stage after this function.  If there is no registered adder/accumulator following the multiply function, two pipeline stages are suggested to allow both the MREG and PREG registers to be used.  If the DSP48 was instantiated in the design, it is suggested to set both the MREG and PREG attributes to 1 when performing multiply functions.
WARNING: [DRC DPOP-2] MREG Output pipelining: DSP design_1_i/RFC8439_0/inst/u_poly1305/p0_w__1 multiplier stage design_1_i/RFC8439_0/inst/u_poly1305/p0_w__1/P[47:0] is not pipelined (MREG=0). Pipelining the multiplier function will improve performance and will save significant power so it is suggested whenever possible to fully pipeline this function.  If this multiplier was inferred, it is suggested to describe an additional register stage after this function.  If there is no registered adder/accumulator following the multiply function, two pipeline stages are suggested to allow both the MREG and PREG registers to be used.  If the DSP48 was instantiated in the design, it is suggested to set both the MREG and PREG attributes to 1 when performing multiply functions.
WARNING: [DRC DPOP-2] MREG Output pipelining: DSP design_1_i/RFC8439_0/inst/u_poly1305/p0_w__2 multiplier stage design_1_i/RFC8439_0/inst/u_poly1305/p0_w__2/P[47:0] is not pipelined (MREG=0). Pipelining the multiplier function will improve performance and will save significant power so it is suggested whenever possible to fully pipeline this function.  If this multiplier was inferred, it is suggested to describe an additional register stage after this function.  If there is no registered adder/accumulator following the multiply function, two pipeline stages are suggested to allow both the MREG and PREG registers to be used.  If the DSP48 was instantiated in the design, it is suggested to set both the MREG and PREG attributes to 1 when performing multiply functions.
WARNING: [DRC DPOP-2] MREG Output pipelining: DSP design_1_i/RFC8439_0/inst/u_poly1305/p1_w multiplier stage design_1_i/RFC8439_0/inst/u_poly1305/p1_w/P[47:0] is not pipelined (MREG=0). Pipelining the multiplier function will improve performance and will save significant power so it is suggested whenever possible to fully pipeline this function.  If this multiplier was inferred, it is suggested to describe an additional register stage after this function.  If there is no registered adder/accumulator following the multiply function, two pipeline stages are suggested to allow both the MREG and PREG registers to be used.  If the DSP48 was instantiated in the design, it is suggested to set both the MREG and PREG attributes to 1 when performing multiply functions.
WARNING: [DRC DPOP-2] MREG Output pipelining: DSP design_1_i/RFC8439_0/inst/u_poly1305/p1_w__0 multiplier stage design_1_i/RFC8439_0/inst/u_poly1305/p1_w__0/P[47:0] is not pipelined (MREG=0). Pipelining the multiplier function will improve performance and will save significant power so it is suggested whenever possible to fully pipeline this function.  If this multiplier was inferred, it is suggested to describe an additional register stage after this function.  If there is no registered adder/accumulator following the multiply function, two pipeline stages are suggested to allow both the MREG and PREG registers to be used.  If the DSP48 was instantiated in the design, it is suggested to set both the MREG and PREG attributes to 1 when performing multiply functions.
WARNING: [DRC DPOP-2] MREG Output pipelining: DSP design_1_i/RFC8439_0/inst/u_poly1305/p1_w__1 multiplier stage design_1_i/RFC8439_0/inst/u_poly1305/p1_w__1/P[47:0] is not pipelined (MREG=0). Pipelining the multiplier function will improve performance and will save significant power so it is suggested whenever possible to fully pipeline this function.  If this multiplier was inferred, it is suggested to describe an additional register stage after this function.  If there is no registered adder/accumulator following the multiply function, two pipeline stages are suggested to allow both the MREG and PREG registers to be used.  If the DSP48 was instantiated in the design, it is suggested to set both the MREG and PREG attributes to 1 when performing multiply functions.
WARNING: [DRC DPOP-2] MREG Output pipelining: DSP design_1_i/RFC8439_0/inst/u_poly1305/p1_w__2 multiplier stage design_1_i/RFC8439_0/inst/u_poly1305/p1_w__2/P[47:0] is not pipelined (MREG=0). Pipelining the multiplier function will improve performance and will save significant power so it is suggested whenever possible to fully pipeline this function.  If this multiplier was inferred, it is suggested to describe an additional register stage after this function.  If there is no registered adder/accumulator following the multiply function, two pipeline stages are suggested to allow both the MREG and PREG registers to be used.  If the DSP48 was instantiated in the design, it is suggested to set both the MREG and PREG attributes to 1 when performing multiply functions.
WARNING: [DRC DPOP-2] MREG Output pipelining: DSP design_1_i/RFC8439_0/inst/u_poly1305/p2_w multiplier stage design_1_i/RFC8439_0/inst/u_poly1305/p2_w/P[47:0] is not pipelined (MREG=0). Pipelining the multiplier function will improve performance and will save significant power so it is suggested whenever possible to fully pipeline this function.  If this multiplier was inferred, it is suggested to describe an additional register stage after this function.  If there is no registered adder/accumulator following the multiply function, two pipeline stages are suggested to allow both the MREG and PREG registers to be used.  If the DSP48 was instantiated in the design, it is suggested to set both the MREG and PREG attributes to 1 when performing multiply functions.
WARNING: [DRC DPOP-2] MREG Output pipelining: DSP design_1_i/RFC8439_0/inst/u_poly1305/p2_w__0 multiplier stage design_1_i/RFC8439_0/inst/u_poly1305/p2_w__0/P[47:0] is not pipelined (MREG=0). Pipelining the multiplier function will improve performance and will save significant power so it is suggested whenever possible to fully pipeline this function.  If this multiplier was inferred, it is suggested to describe an additional register stage after this function.  If there is no registered adder/accumulator following the multiply function, two pipeline stages are suggested to allow both the MREG and PREG registers to be used.  If the DSP48 was instantiated in the design, it is suggested to set both the MREG and PREG attributes to 1 when performing multiply functions.
WARNING: [DRC DPOP-2] MREG Output pipelining: DSP design_1_i/RFC8439_0/inst/u_poly1305/p2_w__1 multiplier stage design_1_i/RFC8439_0/inst/u_poly1305/p2_w__1/P[47:0] is not pipelined (MREG=0). Pipelining the multiplier function will improve performance and will save significant power so it is suggested whenever possible to fully pipeline this function.  If this multiplier was inferred, it is suggested to describe an additional register stage after this function.  If there is no registered adder/accumulator following the multiply function, two pipeline stages are suggested to allow both the MREG and PREG registers to be used.  If the DSP48 was instantiated in the design, it is suggested to set both the MREG and PREG attributes to 1 when performing multiply functions.
WARNING: [DRC DPOP-2] MREG Output pipelining: DSP design_1_i/RFC8439_0/inst/u_poly1305/p2_w__2 multiplier stage design_1_i/RFC8439_0/inst/u_poly1305/p2_w__2/P[47:0] is not pipelined (MREG=0). Pipelining the multiplier function will improve performance and will save significant power so it is suggested whenever possible to fully pipeline this function.  If this multiplier was inferred, it is suggested to describe an additional register stage after this function.  If there is no registered adder/accumulator following the multiply function, two pipeline stages are suggested to allow both the MREG and PREG registers to be used.  If the DSP48 was instantiated in the design, it is suggested to set both the MREG and PREG attributes to 1 when performing multiply functions.
WARNING: [DRC DPOP-2] MREG Output pipelining: DSP design_1_i/RFC8439_0/inst/u_poly1305/p3_w multiplier stage design_1_i/RFC8439_0/inst/u_poly1305/p3_w/P[47:0] is not pipelined (MREG=0). Pipelining the multiplier function will improve performance and will save significant power so it is suggested whenever possible to fully pipeline this function.  If this multiplier was inferred, it is suggested to describe an additional register stage after this function.  If there is no registered adder/accumulator following the multiply function, two pipeline stages are suggested to allow both the MREG and PREG registers to be used.  If the DSP48 was instantiated in the design, it is suggested to set both the MREG and PREG attributes to 1 when performing multiply functions.
WARNING: [DRC DPOP-2] MREG Output pipelining: DSP design_1_i/RFC8439_0/inst/u_poly1305/p3_w__0 multiplier stage design_1_i/RFC8439_0/inst/u_poly1305/p3_w__0/P[47:0] is not pipelined (MREG=0). Pipelining the multiplier function will improve performance and will save significant power so it is suggested whenever possible to fully pipeline this function.  If this multiplier was inferred, it is suggested to describe an additional register stage after this function.  If there is no registered adder/accumulator following the multiply function, two pipeline stages are suggested to allow both the MREG and PREG registers to be used.  If the DSP48 was instantiated in the design, it is suggested to set both the MREG and PREG attributes to 1 when performing multiply functions.
WARNING: [DRC DPOP-2] MREG Output pipelining: DSP design_1_i/RFC8439_0/inst/u_poly1305/p3_w__1 multiplier stage design_1_i/RFC8439_0/inst/u_poly1305/p3_w__1/P[47:0] is not pipelined (MREG=0). Pipelining the multiplier function will improve performance and will save significant power so it is suggested whenever possible to fully pipeline this function.  If this multiplier was inferred, it is suggested to describe an additional register stage after this function.  If there is no registered adder/accumulator following the multiply function, two pipeline stages are suggested to allow both the MREG and PREG registers to be used.  If the DSP48 was instantiated in the design, it is suggested to set both the MREG and PREG attributes to 1 when performing multiply functions.
WARNING: [DRC DPOP-2] MREG Output pipelining: DSP design_1_i/RFC8439_0/inst/u_poly1305/p3_w__2 multiplier stage design_1_i/RFC8439_0/inst/u_poly1305/p3_w__2/P[47:0] is not pipelined (MREG=0). Pipelining the multiplier function will improve performance and will save significant power so it is suggested whenever possible to fully pipeline this function.  If this multiplier was inferred, it is suggested to describe an additional register stage after this function.  If there is no registered adder/accumulator following the multiply function, two pipeline stages are suggested to allow both the MREG and PREG registers to be used.  If the DSP48 was instantiated in the design, it is suggested to set both the MREG and PREG attributes to 1 when performing multiply functions.
WARNING: [DRC DPOP-2] MREG Output pipelining: DSP design_1_i/RFC8439_0/inst/u_poly1305/p4_w multiplier stage design_1_i/RFC8439_0/inst/u_poly1305/p4_w/P[47:0] is not pipelined (MREG=0). Pipelining the multiplier function will improve performance and will save significant power so it is suggested whenever possible to fully pipeline this function.  If this multiplier was inferred, it is suggested to describe an additional register stage after this function.  If there is no registered adder/accumulator following the multiply function, two pipeline stages are suggested to allow both the MREG and PREG registers to be used.  If the DSP48 was instantiated in the design, it is suggested to set both the MREG and PREG attributes to 1 when performing multiply functions.
WARNING: [DRC DPOP-2] MREG Output pipelining: DSP design_1_i/RFC8439_0/inst/u_poly1305/p4_w__0 multiplier stage design_1_i/RFC8439_0/inst/u_poly1305/p4_w__0/P[47:0] is not pipelined (MREG=0). Pipelining the multiplier function will improve performance and will save significant power so it is suggested whenever possible to fully pipeline this function.  If this multiplier was inferred, it is suggested to describe an additional register stage after this function.  If there is no registered adder/accumulator following the multiply function, two pipeline stages are suggested to allow both the MREG and PREG registers to be used.  If the DSP48 was instantiated in the design, it is suggested to set both the MREG and PREG attributes to 1 when performing multiply functions.
WARNING: [DRC DPOP-2] MREG Output pipelining: DSP design_1_i/RFC8439_0/inst/u_poly1305/p4_w__1 multiplier stage design_1_i/RFC8439_0/inst/u_poly1305/p4_w__1/P[47:0] is not pipelined (MREG=0). Pipelining the multiplier function will improve performance and will save significant power so it is suggested whenever possible to fully pipeline this function.  If this multiplier was inferred, it is suggested to describe an additional register stage after this function.  If there is no registered adder/accumulator following the multiply function, two pipeline stages are suggested to allow both the MREG and PREG registers to be used.  If the DSP48 was instantiated in the design, it is suggested to set both the MREG and PREG attributes to 1 when performing multiply functions.
WARNING: [DRC DPOP-2] MREG Output pipelining: DSP design_1_i/RFC8439_0/inst/u_poly1305/p4_w__2 multiplier stage design_1_i/RFC8439_0/inst/u_poly1305/p4_w__2/P[47:0] is not pipelined (MREG=0). Pipelining the multiplier function will improve performance and will save significant power so it is suggested whenever possible to fully pipeline this function.  If this multiplier was inferred, it is suggested to describe an additional register stage after this function.  If there is no registered adder/accumulator following the multiply function, two pipeline stages are suggested to allow both the MREG and PREG registers to be used.  If the DSP48 was instantiated in the design, it is suggested to set both the MREG and PREG attributes to 1 when performing multiply functions.
WARNING: [DRC REQP-1839] RAMB36 async control check: The RAMB36E1 design_1_i/blk_mem_gen_0/U0/inst_blk_mem_gen/gnbram.gnative_mem_map_bmg.native_mem_map_blk_mem_gen/valid.cstr/ramloop[0].ram.r/prim_noinit.ram/DEVICE_7SERIES.WITH_BMM_INFO.TRUE_DP.SIMPLE_PRIM36.TDP_SP36_NO_ECC_ATTR.ram has an input control pin design_1_i/blk_mem_gen_0/U0/inst_blk_mem_gen/gnbram.gnative_mem_map_bmg.native_mem_map_blk_mem_gen/valid.cstr/ramloop[0].ram.r/prim_noinit.ram/DEVICE_7SERIES.WITH_BMM_INFO.TRUE_DP.SIMPLE_PRIM36.TDP_SP36_NO_ECC_ATTR.ram/ADDRBWRADDR[14] (net: design_1_i/blk_mem_gen_0/U0/inst_blk_mem_gen/gnbram.gnative_mem_map_bmg.native_mem_map_blk_mem_gen/valid.cstr/ramloop[0].ram.r/prim_noinit.ram/addrb[13]) which is driven by a register (design_1_i/RFC8439_0/inst/FSM_sequential_rd_state_reg[0]) that has an active asychronous set or reset. This may cause corruption of the memory contents and/or read values when the set/reset is asserted and is not analyzed by the default static timing analysis. It is suggested to eliminate the use of a set/reset to registers driving this RAMB pin or else use a synchronous reset in which the assertion of the reset is timed by default.
WARNING: [DRC REQP-1839] RAMB36 async control check: The RAMB36E1 design_1_i/blk_mem_gen_0/U0/inst_blk_mem_gen/gnbram.gnative_mem_map_bmg.native_mem_map_blk_mem_gen/valid.cstr/ramloop[0].ram.r/prim_noinit.ram/DEVICE_7SERIES.WITH_BMM_INFO.TRUE_DP.SIMPLE_PRIM36.TDP_SP36_NO_ECC_ATTR.ram has an input control pin design_1_i/blk_mem_gen_0/U0/inst_blk_mem_gen/gnbram.gnative_mem_map_bmg.native_mem_map_blk_mem_gen/valid.cstr/ramloop[0].ram.r/prim_noinit.ram/DEVICE_7SERIES.WITH_BMM_INFO.TRUE_DP.SIMPLE_PRIM36.TDP_SP36_NO_ECC_ATTR.ram/ADDRBWRADDR[14] (net: design_1_i/blk_mem_gen_0/U0/inst_blk_mem_gen/gnbram.gnative_mem_map_bmg.native_mem_map_blk_mem_gen/valid.cstr/ramloop[0].ram.r/prim_noinit.ram/addrb[13]) which is driven by a register (design_1_i/RFC8439_0/inst/FSM_sequential_rd_state_reg[1]) that has an active asychronous set or reset. This may cause corruption of the memory contents and/or read values when the set/reset is asserted and is not analyzed by the default static timing analysis. It is suggested to eliminate the use of a set/reset to registers driving this RAMB pin or else use a synchronous reset in which the assertion of the reset is timed by default.
WARNING: [DRC REQP-1839] RAMB36 async control check: The RAMB36E1 design_1_i/blk_mem_gen_0/U0/inst_blk_mem_gen/gnbram.gnative_mem_map_bmg.native_mem_map_blk_mem_gen/valid.cstr/ramloop[0].ram.r/prim_noinit.ram/DEVICE_7SERIES.WITH_BMM_INFO.TRUE_DP.SIMPLE_PRIM36.TDP_SP36_NO_ECC_ATTR.ram has an input control pin design_1_i/blk_mem_gen_0/U0/inst_blk_mem_gen/gnbram.gnative_mem_map_bmg.native_mem_map_blk_mem_gen/valid.cstr/ramloop[0].ram.r/prim_noinit.ram/DEVICE_7SERIES.WITH_BMM_INFO.TRUE_DP.SIMPLE_PRIM36.TDP_SP36_NO_ECC_ATTR.ram/ADDRBWRADDR[14] (net: design_1_i/blk_mem_gen_0/U0/inst_blk_mem_gen/gnbram.gnative_mem_map_bmg.native_mem_map_blk_mem_gen/valid.cstr/ramloop[0].ram.r/prim_noinit.ram/addrb[13]) which is driven by a register (design_1_i/RFC8439_0/inst/rd_addr_reg[10]) that has an active asychronous set or reset. This may cause corruption of the memory contents and/or read values when the set/reset is asserted and is not analyzed by the default static timing analysis. It is suggested to eliminate the use of a set/reset to registers driving this RAMB pin or else use a synchronous reset in which the assertion of the reset is timed by default.
WARNING: [DRC REQP-1839] RAMB36 async control check: The RAMB36E1 design_1_i/blk_mem_gen_0/U0/inst_blk_mem_gen/gnbram.gnative_mem_map_bmg.native_mem_map_blk_mem_gen/valid.cstr/ramloop[0].ram.r/prim_noinit.ram/DEVICE_7SERIES.WITH_BMM_INFO.TRUE_DP.SIMPLE_PRIM36.TDP_SP36_NO_ECC_ATTR.ram has an input control pin design_1_i/blk_mem_gen_0/U0/inst_blk_mem_gen/gnbram.gnative_mem_map_bmg.native_mem_map_blk_mem_gen/valid.cstr/ramloop[0].ram.r/prim_noinit.ram/DEVICE_7SERIES.WITH_BMM_INFO.TRUE_DP.SIMPLE_PRIM36.TDP_SP36_NO_ECC_ATTR.ram/ADDRBWRADDR[14] (net: design_1_i/blk_mem_gen_0/U0/inst_blk_mem_gen/gnbram.gnative_mem_map_bmg.native_mem_map_blk_mem_gen/valid.cstr/ramloop[0].ram.r/prim_noinit.ram/addrb[13]) which is driven by a register (design_1_i/RFC8439_0/inst/rd_addr_reg[11]) that has an active asychronous set or reset. This may cause corruption of the memory contents and/or read values when the set/reset is asserted and is not analyzed by the default static timing analysis. It is suggested to eliminate the use of a set/reset to registers driving this RAMB pin or else use a synchronous reset in which the assertion of the reset is timed by default.
WARNING: [DRC REQP-1839] RAMB36 async control check: The RAMB36E1 design_1_i/blk_mem_gen_0/U0/inst_blk_mem_gen/gnbram.gnative_mem_map_bmg.native_mem_map_blk_mem_gen/valid.cstr/ramloop[0].ram.r/prim_noinit.ram/DEVICE_7SERIES.WITH_BMM_INFO.TRUE_DP.SIMPLE_PRIM36.TDP_SP36_NO_ECC_ATTR.ram has an input control pin design_1_i/blk_mem_gen_0/U0/inst_blk_mem_gen/gnbram.gnative_mem_map_bmg.native_mem_map_blk_mem_gen/valid.cstr/ramloop[0].ram.r/prim_noinit.ram/DEVICE_7SERIES.WITH_BMM_INFO.TRUE_DP.SIMPLE_PRIM36.TDP_SP36_NO_ECC_ATTR.ram/ADDRBWRADDR[14] (net: design_1_i/blk_mem_gen_0/U0/inst_blk_mem_gen/gnbram.gnative_mem_map_bmg.native_mem_map_blk_mem_gen/valid.cstr/ramloop[0].ram.r/prim_noinit.ram/addrb[13]) which is driven by a register (design_1_i/RFC8439_0/inst/rd_addr_reg[12]) that has an active asychronous set or reset. This may cause corruption of the memory contents and/or read values when the set/reset is asserted and is not analyzed by the default static timing analysis. It is suggested to eliminate the use of a set/reset to registers driving this RAMB pin or else use a synchronous reset in which the assertion of the reset is timed by default.
WARNING: [DRC REQP-1839] RAMB36 async control check: The RAMB36E1 design_1_i/blk_mem_gen_0/U0/inst_blk_mem_gen/gnbram.gnative_mem_map_bmg.native_mem_map_blk_mem_gen/valid.cstr/ramloop[0].ram.r/prim_noinit.ram/DEVICE_7SERIES.WITH_BMM_INFO.TRUE_DP.SIMPLE_PRIM36.TDP_SP36_NO_ECC_ATTR.ram has an input control pin design_1_i/blk_mem_gen_0/U0/inst_blk_mem_gen/gnbram.gnative_mem_map_bmg.native_mem_map_blk_mem_gen/valid.cstr/ramloop[0].ram.r/prim_noinit.ram/DEVICE_7SERIES.WITH_BMM_INFO.TRUE_DP.SIMPLE_PRIM36.TDP_SP36_NO_ECC_ATTR.ram/ADDRBWRADDR[14] (net: design_1_i/blk_mem_gen_0/U0/inst_blk_mem_gen/gnbram.gnative_mem_map_bmg.native_mem_map_blk_mem_gen/valid.cstr/ramloop[0].ram.r/prim_noinit.ram/addrb[13]) which is driven by a register (design_1_i/RFC8439_0/inst/rd_addr_reg[13]) that has an active asychronous set or reset. This may cause corruption of the memory contents and/or read values when the set/reset is asserted and is not analyzed by the default static timing analysis. It is suggested to eliminate the use of a set/reset to registers driving this RAMB pin or else use a synchronous reset in which the assertion of the reset is timed by default.
WARNING: [DRC REQP-1839] RAMB36 async control check: The RAMB36E1 design_1_i/blk_mem_gen_0/U0/inst_blk_mem_gen/gnbram.gnative_mem_map_bmg.native_mem_map_blk_mem_gen/valid.cstr/ramloop[0].ram.r/prim_noinit.ram/DEVICE_7SERIES.WITH_BMM_INFO.TRUE_DP.SIMPLE_PRIM36.TDP_SP36_NO_ECC_ATTR.ram has an input control pin design_1_i/blk_mem_gen_0/U0/inst_blk_mem_gen/gnbram.gnative_mem_map_bmg.native_mem_map_blk_mem_gen/valid.cstr/ramloop[0].ram.r/prim_noinit.ram/DEVICE_7SERIES.WITH_BMM_INFO.TRUE_DP.SIMPLE_PRIM36.TDP_SP36_NO_ECC_ATTR.ram/ADDRBWRADDR[14] (net: design_1_i/blk_mem_gen_0/U0/inst_blk_mem_gen/gnbram.gnative_mem_map_bmg.native_mem_map_blk_mem_gen/valid.cstr/ramloop[0].ram.r/prim_noinit.ram/addrb[13]) which is driven by a register (design_1_i/RFC8439_0/inst/rd_addr_reg[14]) that has an active asychronous set or reset. This may cause corruption of the memory contents and/or read values when the set/reset is asserted and is not analyzed by the default static timing analysis. It is suggested to eliminate the use of a set/reset to registers driving this RAMB pin or else use a synchronous reset in which the assertion of the reset is timed by default.
WARNING: [DRC REQP-1839] RAMB36 async control check: The RAMB36E1 design_1_i/blk_mem_gen_0/U0/inst_blk_mem_gen/gnbram.gnative_mem_map_bmg.native_mem_map_blk_mem_gen/valid.cstr/ramloop[0].ram.r/prim_noinit.ram/DEVICE_7SERIES.WITH_BMM_INFO.TRUE_DP.SIMPLE_PRIM36.TDP_SP36_NO_ECC_ATTR.ram has an input control pin design_1_i/blk_mem_gen_0/U0/inst_blk_mem_gen/gnbram.gnative_mem_map_bmg.native_mem_map_blk_mem_gen/valid.cstr/ramloop[0].ram.r/prim_noinit.ram/DEVICE_7SERIES.WITH_BMM_INFO.TRUE_DP.SIMPLE_PRIM36.TDP_SP36_NO_ECC_ATTR.ram/ADDRBWRADDR[14] (net: design_1_i/blk_mem_gen_0/U0/inst_blk_mem_gen/gnbram.gnative_mem_map_bmg.native_mem_map_blk_mem_gen/valid.cstr/ramloop[0].ram.r/prim_noinit.ram/addrb[13]) which is driven by a register (design_1_i/RFC8439_0/inst/rd_addr_reg[15]) that has an active asychronous set or reset. This may cause corruption of the memory contents and/or read values when the set/reset is asserted and is not analyzed by the default static timing analysis. It is suggested to eliminate the use of a set/reset to registers driving this RAMB pin or else use a synchronous reset in which the assertion of the reset is timed by default.
WARNING: [DRC REQP-1839] RAMB36 async control check: The RAMB36E1 design_1_i/blk_mem_gen_0/U0/inst_blk_mem_gen/gnbram.gnative_mem_map_bmg.native_mem_map_blk_mem_gen/valid.cstr/ramloop[0].ram.r/prim_noinit.ram/DEVICE_7SERIES.WITH_BMM_INFO.TRUE_DP.SIMPLE_PRIM36.TDP_SP36_NO_ECC_ATTR.ram has an input control pin design_1_i/blk_mem_gen_0/U0/inst_blk_mem_gen/gnbram.gnative_mem_map_bmg.native_mem_map_blk_mem_gen/valid.cstr/ramloop[0].ram.r/prim_noinit.ram/DEVICE_7SERIES.WITH_BMM_INFO.TRUE_DP.SIMPLE_PRIM36.TDP_SP36_NO_ECC_ATTR.ram/ADDRBWRADDR[14] (net: design_1_i/blk_mem_gen_0/U0/inst_blk_mem_gen/gnbram.gnative_mem_map_bmg.native_mem_map_blk_mem_gen/valid.cstr/ramloop[0].ram.r/prim_noinit.ram/addrb[13]) which is driven by a register (design_1_i/RFC8439_0/inst/rd_addr_reg[16]) that has an active asychronous set or reset. This may cause corruption of the memory contents and/or read values when the set/reset is asserted and is not analyzed by the default static timing analysis. It is suggested to eliminate the use of a set/reset to registers driving this RAMB pin or else use a synchronous reset in which the assertion of the reset is timed by default.
WARNING: [DRC REQP-1839] RAMB36 async control check: The RAMB36E1 design_1_i/blk_mem_gen_0/U0/inst_blk_mem_gen/gnbram.gnative_mem_map_bmg.native_mem_map_blk_mem_gen/valid.cstr/ramloop[0].ram.r/prim_noinit.ram/DEVICE_7SERIES.WITH_BMM_INFO.TRUE_DP.SIMPLE_PRIM36.TDP_SP36_NO_ECC_ATTR.ram has an input control pin design_1_i/blk_mem_gen_0/U0/inst_blk_mem_gen/gnbram.gnative_mem_map_bmg.native_mem_map_blk_mem_gen/valid.cstr/ramloop[0].ram.r/prim_noinit.ram/DEVICE_7SERIES.WITH_BMM_INFO.TRUE_DP.SIMPLE_PRIM36.TDP_SP36_NO_ECC_ATTR.ram/ADDRBWRADDR[14] (net: design_1_i/blk_mem_gen_0/U0/inst_blk_mem_gen/gnbram.gnative_mem_map_bmg.native_mem_map_blk_mem_gen/valid.cstr/ramloop[0].ram.r/prim_noinit.ram/addrb[13]) which is driven by a register (design_1_i/RFC8439_0/inst/rd_addr_reg[2]) that has an active asychronous set or reset. This may cause corruption of the memory contents and/or read values when the set/reset is asserted and is not analyzed by the default static timing analysis. It is suggested to eliminate the use of a set/reset to registers driving this RAMB pin or else use a synchronous reset in which the assertion of the reset is timed by default.
WARNING: [DRC REQP-1839] RAMB36 async control check: The RAMB36E1 design_1_i/blk_mem_gen_0/U0/inst_blk_mem_gen/gnbram.gnative_mem_map_bmg.native_mem_map_blk_mem_gen/valid.cstr/ramloop[0].ram.r/prim_noinit.ram/DEVICE_7SERIES.WITH_BMM_INFO.TRUE_DP.SIMPLE_PRIM36.TDP_SP36_NO_ECC_ATTR.ram has an input control pin design_1_i/blk_mem_gen_0/U0/inst_blk_mem_gen/gnbram.gnative_mem_map_bmg.native_mem_map_blk_mem_gen/valid.cstr/ramloop[0].ram.r/prim_noinit.ram/DEVICE_7SERIES.WITH_BMM_INFO.TRUE_DP.SIMPLE_PRIM36.TDP_SP36_NO_ECC_ATTR.ram/ADDRBWRADDR[14] (net: design_1_i/blk_mem_gen_0/U0/inst_blk_mem_gen/gnbram.gnative_mem_map_bmg.native_mem_map_blk_mem_gen/valid.cstr/ramloop[0].ram.r/prim_noinit.ram/addrb[13]) which is driven by a register (design_1_i/RFC8439_0/inst/rd_addr_reg[3]) that has an active asychronous set or reset. This may cause corruption of the memory contents and/or read values when the set/reset is asserted and is not analyzed by the default static timing analysis. It is suggested to eliminate the use of a set/reset to registers driving this RAMB pin or else use a synchronous reset in which the assertion of the reset is timed by default.
WARNING: [DRC REQP-1839] RAMB36 async control check: The RAMB36E1 design_1_i/blk_mem_gen_0/U0/inst_blk_mem_gen/gnbram.gnative_mem_map_bmg.native_mem_map_blk_mem_gen/valid.cstr/ramloop[0].ram.r/prim_noinit.ram/DEVICE_7SERIES.WITH_BMM_INFO.TRUE_DP.SIMPLE_PRIM36.TDP_SP36_NO_ECC_ATTR.ram has an input control pin design_1_i/blk_mem_gen_0/U0/inst_blk_mem_gen/gnbram.gnative_mem_map_bmg.native_mem_map_blk_mem_gen/valid.cstr/ramloop[0].ram.r/prim_noinit.ram/DEVICE_7SERIES.WITH_BMM_INFO.TRUE_DP.SIMPLE_PRIM36.TDP_SP36_NO_ECC_ATTR.ram/ADDRBWRADDR[14] (net: design_1_i/blk_mem_gen_0/U0/inst_blk_mem_gen/gnbram.gnative_mem_map_bmg.native_mem_map_blk_mem_gen/valid.cstr/ramloop[0].ram.r/prim_noinit.ram/addrb[13]) which is driven by a register (design_1_i/RFC8439_0/inst/rd_addr_reg[4]) that has an active asychronous set or reset. This may cause corruption of the memory contents and/or read values when the set/reset is asserted and is not analyzed by the default static timing analysis. It is suggested to eliminate the use of a set/reset to registers driving this RAMB pin or else use a synchronous reset in which the assertion of the reset is timed by default.
WARNING: [DRC REQP-1839] RAMB36 async control check: The RAMB36E1 design_1_i/blk_mem_gen_0/U0/inst_blk_mem_gen/gnbram.gnative_mem_map_bmg.native_mem_map_blk_mem_gen/valid.cstr/ramloop[0].ram.r/prim_noinit.ram/DEVICE_7SERIES.WITH_BMM_INFO.TRUE_DP.SIMPLE_PRIM36.TDP_SP36_NO_ECC_ATTR.ram has an input control pin design_1_i/blk_mem_gen_0/U0/inst_blk_mem_gen/gnbram.gnative_mem_map_bmg.native_mem_map_blk_mem_gen/valid.cstr/ramloop[0].ram.r/prim_noinit.ram/DEVICE_7SERIES.WITH_BMM_INFO.TRUE_DP.SIMPLE_PRIM36.TDP_SP36_NO_ECC_ATTR.ram/ADDRBWRADDR[14] (net: design_1_i/blk_mem_gen_0/U0/inst_blk_mem_gen/gnbram.gnative_mem_map_bmg.native_mem_map_blk_mem_gen/valid.cstr/ramloop[0].ram.r/prim_noinit.ram/addrb[13]) which is driven by a register (design_1_i/RFC8439_0/inst/rd_addr_reg[5]) that has an active asychronous set or reset. This may cause corruption of the memory contents and/or read values when the set/reset is asserted and is not analyzed by the default static timing analysis. It is suggested to eliminate the use of a set/reset to registers driving this RAMB pin or else use a synchronous reset in which the assertion of the reset is timed by default.
WARNING: [DRC REQP-1839] RAMB36 async control check: The RAMB36E1 design_1_i/blk_mem_gen_0/U0/inst_blk_mem_gen/gnbram.gnative_mem_map_bmg.native_mem_map_blk_mem_gen/valid.cstr/ramloop[0].ram.r/prim_noinit.ram/DEVICE_7SERIES.WITH_BMM_INFO.TRUE_DP.SIMPLE_PRIM36.TDP_SP36_NO_ECC_ATTR.ram has an input control pin design_1_i/blk_mem_gen_0/U0/inst_blk_mem_gen/gnbram.gnative_mem_map_bmg.native_mem_map_blk_mem_gen/valid.cstr/ramloop[0].ram.r/prim_noinit.ram/DEVICE_7SERIES.WITH_BMM_INFO.TRUE_DP.SIMPLE_PRIM36.TDP_SP36_NO_ECC_ATTR.ram/ADDRBWRADDR[14] (net: design_1_i/blk_mem_gen_0/U0/inst_blk_mem_gen/gnbram.gnative_mem_map_bmg.native_mem_map_blk_mem_gen/valid.cstr/ramloop[0].ram.r/prim_noinit.ram/addrb[13]) which is driven by a register (design_1_i/RFC8439_0/inst/rd_addr_reg[6]) that has an active asychronous set or reset. This may cause corruption of the memory contents and/or read values when the set/reset is asserted and is not analyzed by the default static timing analysis. It is suggested to eliminate the use of a set/reset to registers driving this RAMB pin or else use a synchronous reset in which the assertion of the reset is timed by default.
WARNING: [DRC REQP-1839] RAMB36 async control check: The RAMB36E1 design_1_i/blk_mem_gen_0/U0/inst_blk_mem_gen/gnbram.gnative_mem_map_bmg.native_mem_map_blk_mem_gen/valid.cstr/ramloop[0].ram.r/prim_noinit.ram/DEVICE_7SERIES.WITH_BMM_INFO.TRUE_DP.SIMPLE_PRIM36.TDP_SP36_NO_ECC_ATTR.ram has an input control pin design_1_i/blk_mem_gen_0/U0/inst_blk_mem_gen/gnbram.gnative_mem_map_bmg.native_mem_map_blk_mem_gen/valid.cstr/ramloop[0].ram.r/prim_noinit.ram/DEVICE_7SERIES.WITH_BMM_INFO.TRUE_DP.SIMPLE_PRIM36.TDP_SP36_NO_ECC_ATTR.ram/ADDRBWRADDR[14] (net: design_1_i/blk_mem_gen_0/U0/inst_blk_mem_gen/gnbram.gnative_mem_map_bmg.native_mem_map_blk_mem_gen/valid.cstr/ramloop[0].ram.r/prim_noinit.ram/addrb[13]) which is driven by a register (design_1_i/RFC8439_0/inst/rd_addr_reg[7]) that has an active asychronous set or reset. This may cause corruption of the memory contents and/or read values when the set/reset is asserted and is not analyzed by the default static timing analysis. It is suggested to eliminate the use of a set/reset to registers driving this RAMB pin or else use a synchronous reset in which the assertion of the reset is timed by default.
WARNING: [DRC REQP-1839] RAMB36 async control check: The RAMB36E1 design_1_i/blk_mem_gen_0/U0/inst_blk_mem_gen/gnbram.gnative_mem_map_bmg.native_mem_map_blk_mem_gen/valid.cstr/ramloop[0].ram.r/prim_noinit.ram/DEVICE_7SERIES.WITH_BMM_INFO.TRUE_DP.SIMPLE_PRIM36.TDP_SP36_NO_ECC_ATTR.ram has an input control pin design_1_i/blk_mem_gen_0/U0/inst_blk_mem_gen/gnbram.gnative_mem_map_bmg.native_mem_map_blk_mem_gen/valid.cstr/ramloop[0].ram.r/prim_noinit.ram/DEVICE_7SERIES.WITH_BMM_INFO.TRUE_DP.SIMPLE_PRIM36.TDP_SP36_NO_ECC_ATTR.ram/ADDRBWRADDR[14] (net: design_1_i/blk_mem_gen_0/U0/inst_blk_mem_gen/gnbram.gnative_mem_map_bmg.native_mem_map_blk_mem_gen/valid.cstr/ramloop[0].ram.r/prim_noinit.ram/addrb[13]) which is driven by a register (design_1_i/RFC8439_0/inst/rd_addr_reg[8]) that has an active asychronous set or reset. This may cause corruption of the memory contents and/or read values when the set/reset is asserted and is not analyzed by the default static timing analysis. It is suggested to eliminate the use of a set/reset to registers driving this RAMB pin or else use a synchronous reset in which the assertion of the reset is timed by default.
WARNING: [DRC REQP-1839] RAMB36 async control check: The RAMB36E1 design_1_i/blk_mem_gen_0/U0/inst_blk_mem_gen/gnbram.gnative_mem_map_bmg.native_mem_map_blk_mem_gen/valid.cstr/ramloop[0].ram.r/prim_noinit.ram/DEVICE_7SERIES.WITH_BMM_INFO.TRUE_DP.SIMPLE_PRIM36.TDP_SP36_NO_ECC_ATTR.ram has an input control pin design_1_i/blk_mem_gen_0/U0/inst_blk_mem_gen/gnbram.gnative_mem_map_bmg.native_mem_map_blk_mem_gen/valid.cstr/ramloop[0].ram.r/prim_noinit.ram/DEVICE_7SERIES.WITH_BMM_INFO.TRUE_DP.SIMPLE_PRIM36.TDP_SP36_NO_ECC_ATTR.ram/ADDRBWRADDR[14] (net: design_1_i/blk_mem_gen_0/U0/inst_blk_mem_gen/gnbram.gnative_mem_map_bmg.native_mem_map_blk_mem_gen/valid.cstr/ramloop[0].ram.r/prim_noinit.ram/addrb[13]) which is driven by a register (design_1_i/RFC8439_0/inst/rd_addr_reg[9]) that has an active asychronous set or reset. This may cause corruption of the memory contents and/or read values when the set/reset is asserted and is not analyzed by the default static timing analysis. It is suggested to eliminate the use of a set/reset to registers driving this RAMB pin or else use a synchronous reset in which the assertion of the reset is timed by default.
WARNING: [DRC REQP-1839] RAMB36 async control check: The RAMB36E1 design_1_i/blk_mem_gen_0/U0/inst_blk_mem_gen/gnbram.gnative_mem_map_bmg.native_mem_map_blk_mem_gen/valid.cstr/ramloop[0].ram.r/prim_noinit.ram/DEVICE_7SERIES.WITH_BMM_INFO.TRUE_DP.SIMPLE_PRIM36.TDP_SP36_NO_ECC_ATTR.ram has an input control pin design_1_i/blk_mem_gen_0/U0/inst_blk_mem_gen/gnbram.gnative_mem_map_bmg.native_mem_map_blk_mem_gen/valid.cstr/ramloop[0].ram.r/prim_noinit.ram/DEVICE_7SERIES.WITH_BMM_INFO.TRUE_DP.SIMPLE_PRIM36.TDP_SP36_NO_ECC_ATTR.ram/ADDRBWRADDR[14] (net: design_1_i/blk_mem_gen_0/U0/inst_blk_mem_gen/gnbram.gnative_mem_map_bmg.native_mem_map_blk_mem_gen/valid.cstr/ramloop[0].ram.r/prim_noinit.ram/addrb[13]) which is driven by a register (design_1_i/RFC8439_0/inst/rd_word_idx_reg[0]) that has an active asychronous set or reset. This may cause corruption of the memory contents and/or read values when the set/reset is asserted and is not analyzed by the default static timing analysis. It is suggested to eliminate the use of a set/reset to registers driving this RAMB pin or else use a synchronous reset in which the assertion of the reset is timed by default.
WARNING: [DRC REQP-1839] RAMB36 async control check: The RAMB36E1 design_1_i/blk_mem_gen_0/U0/inst_blk_mem_gen/gnbram.gnative_mem_map_bmg.native_mem_map_blk_mem_gen/valid.cstr/ramloop[0].ram.r/prim_noinit.ram/DEVICE_7SERIES.WITH_BMM_INFO.TRUE_DP.SIMPLE_PRIM36.TDP_SP36_NO_ECC_ATTR.ram has an input control pin design_1_i/blk_mem_gen_0/U0/inst_blk_mem_gen/gnbram.gnative_mem_map_bmg.native_mem_map_blk_mem_gen/valid.cstr/ramloop[0].ram.r/prim_noinit.ram/DEVICE_7SERIES.WITH_BMM_INFO.TRUE_DP.SIMPLE_PRIM36.TDP_SP36_NO_ECC_ATTR.ram/ADDRBWRADDR[14] (net: design_1_i/blk_mem_gen_0/U0/inst_blk_mem_gen/gnbram.gnative_mem_map_bmg.native_mem_map_blk_mem_gen/valid.cstr/ramloop[0].ram.r/prim_noinit.ram/addrb[13]) which is driven by a register (design_1_i/RFC8439_0/inst/rd_word_idx_reg[1]) that has an active asychronous set or reset. This may cause corruption of the memory contents and/or read values when the set/reset is asserted and is not analyzed by the default static timing analysis. It is suggested to eliminate the use of a set/reset to registers driving this RAMB pin or else use a synchronous reset in which the assertion of the reset is timed by default.
WARNING: [DRC REQP-1839] RAMB36 async control check: The RAMB36E1 design_1_i/blk_mem_gen_0/U0/inst_blk_mem_gen/gnbram.gnative_mem_map_bmg.native_mem_map_blk_mem_gen/valid.cstr/ramloop[0].ram.r/prim_noinit.ram/DEVICE_7SERIES.WITH_BMM_INFO.TRUE_DP.SIMPLE_PRIM36.TDP_SP36_NO_ECC_ATTR.ram has an input control pin design_1_i/blk_mem_gen_0/U0/inst_blk_mem_gen/gnbram.gnative_mem_map_bmg.native_mem_map_blk_mem_gen/valid.cstr/ramloop[0].ram.r/prim_noinit.ram/DEVICE_7SERIES.WITH_BMM_INFO.TRUE_DP.SIMPLE_PRIM36.TDP_SP36_NO_ECC_ATTR.ram/ADDRBWRADDR[14] (net: design_1_i/blk_mem_gen_0/U0/inst_blk_mem_gen/gnbram.gnative_mem_map_bmg.native_mem_map_blk_mem_gen/valid.cstr/ramloop[0].ram.r/prim_noinit.ram/addrb[13]) which is driven by a register (design_1_i/RFC8439_0/inst/rd_word_idx_reg[2]) that has an active asychronous set or reset. This may cause corruption of the memory contents and/or read values when the set/reset is asserted and is not analyzed by the default static timing analysis. It is suggested to eliminate the use of a set/reset to registers driving this RAMB pin or else use a synchronous reset in which the assertion of the reset is timed by default.
WARNING: [DRC RTSTAT-10] No routable loads: 1 net(s) have no routable loads. The problem bus(es) and/or net(s) are design_1_i/blk_mem_gen_1/U0/inst_blk_mem_gen/gnbram.gnative_mem_map_bmg.native_mem_map_blk_mem_gen/valid.cstr/ramloop[15].ram.r/ENB_dly_D.
INFO: [Vivado 12-3199] DRC finished with 0 Errors, 97 Warnings
INFO: [Vivado 12-3200] Please refer to the DRC report (report_drc) for more information.
INFO: [Designutils 20-2272] Running write_bitstream with 2 threads.
Loading data files...
Loading site data...
Loading route data...
Processing options...
Creating bitmap...
Creating bitstream...
Writing bitstream ./design_1_wrapper.bit...
INFO: [Vivado 12-1842] Bitgen Completed Successfully.
INFO: [Project 1-1876] WebTalk data collection is mandatory when using a ULT device. To see the specific WebTalk data collected for your design, open the usage_statistics_webtalk.html or usage_statistics_webtalk.xml file in the implementation directory.
INFO: [Common 17-83] Releasing license: Implementation
47 Infos, 97 Warnings, 0 Critical Warnings and 0 Errors encountered.
write_bitstream completed successfully
write_bitstream: Time (s): cpu = 00:00:20 ; elapsed = 00:00:14 . Memory (MB): peak = 3108.945 ; gain = 328.074
INFO: [Common 17-206] Exiting Vivado at Sat May 23 02:17:33 2026...
