#-----------------------------------------------------------
# Vivado v2023.2 (64-bit)
# SW Build 4029153 on Fri Oct 13 20:14:34 MDT 2023
# IP Build 4028589 on Sat Oct 14 00:45:43 MDT 2023
# SharedData Build 4025554 on Tue Oct 10 17:18:54 MDT 2023
# Start of session at: Tue May 26 02:26:14 2026
# Process ID: 43312
# Current directory: C:/code/RFC-8439-fpga-implementation/AES-Cam-on-PYNQ-Z2-main/AES-Cam-on-PYNQ-Z2-main/AES_SYS
# Command line: vivado.exe -gui_launcher_event rodinguilauncherevent44380 C:\code\RFC-8439-fpga-implementation\AES-Cam-on-PYNQ-Z2-main\AES-Cam-on-PYNQ-Z2-main\AES_SYS\AES_SYS.xpr
# Log file: C:/code/RFC-8439-fpga-implementation/AES-Cam-on-PYNQ-Z2-main/AES-Cam-on-PYNQ-Z2-main/AES_SYS/vivado.log
# Journal file: C:/code/RFC-8439-fpga-implementation/AES-Cam-on-PYNQ-Z2-main/AES-Cam-on-PYNQ-Z2-main/AES_SYS\vivado.jou
# Running On: LAPTOP-JHH6RF8B, OS: Windows, CPU Frequency: 2419 MHz, CPU Physical cores: 24, Host memory: 34049 MB
#-----------------------------------------------------------
start_gui
open_project C:/code/RFC-8439-fpga-implementation/AES-Cam-on-PYNQ-Z2-main/AES-Cam-on-PYNQ-Z2-main/AES_SYS/AES_SYS.xpr
INFO: [ProjectBase 1-489] The host OS only allows 260 characters in a normal path. The project is stored in a path with more than 80 characters. If you experience issues with IP, Block Designs, or files not being found, please consider moving the project to a location with a shorter path. Alternately consider using the OS subst command to map part of the path to a drive letter.
Current project path is 'C:/code/RFC-8439-fpga-implementation/AES-Cam-on-PYNQ-Z2-main/AES-Cam-on-PYNQ-Z2-main/AES_SYS'
WARNING: [Board 49-26] cannot add Board Part xilinx.com:kcu105:part0:1.6 available at C:/Xilinx/Vivado/2023.2/data/xhub/boards/XilinxBoardStore/boards/Xilinx/kcu105/1.6/board.xml as part xcku040-ffva1156-2-e specified in board_part file is either invalid or not available
WARNING: [Board 49-26] cannot add Board Part xilinx.com:kcu105:part0:1.7 available at C:/Xilinx/Vivado/2023.2/data/xhub/boards/XilinxBoardStore/boards/Xilinx/kcu105/1.7/board.xml as part xcku040-ffva1156-2-e specified in board_part file is either invalid or not available
WARNING: [Board 49-26] cannot add Board Part xilinx.com:kcu116:part0:1.4 available at C:/Xilinx/Vivado/2023.2/data/xhub/boards/XilinxBoardStore/boards/Xilinx/kcu116/1.4/board.xml as part xcku5p-ffvb676-2-e specified in board_part file is either invalid or not available
WARNING: [Board 49-26] cannot add Board Part xilinx.com:kcu116:part0:1.5 available at C:/Xilinx/Vivado/2023.2/data/xhub/boards/XilinxBoardStore/boards/Xilinx/kcu116/1.5/board.xml as part xcku5p-ffvb676-2-e specified in board_part file is either invalid or not available
WARNING: [Board 49-26] cannot add Board Part xilinx.com:kcu1500:part0:1.2 available at C:/Xilinx/Vivado/2023.2/data/xhub/boards/XilinxBoardStore/boards/Xilinx/kcu1500/1.2/board.xml as part xcku115-flvb2104-2-e specified in board_part file is either invalid or not available
WARNING: [Board 49-26] cannot add Board Part xilinx.com:vck190:part0:2.2 available at C:/Xilinx/Vivado/2023.2/data/xhub/boards/XilinxBoardStore/boards/Xilinx/vck190/production/2.2/board.xml as part xcvc1902-vsva2197-2mp-e-s specified in board_part file is either invalid or not available
WARNING: [Board 49-26] cannot add Board Part xilinx.com:vck190:part0:3.0 available at C:/Xilinx/Vivado/2023.2/data/xhub/boards/XilinxBoardStore/boards/Xilinx/vck190/production/3.0/board.xml as part xcvc1902-vsva2197-2mp-e-s specified in board_part file is either invalid or not available
WARNING: [Board 49-26] cannot add Board Part xilinx.com:vck190:part0:3.1 available at C:/Xilinx/Vivado/2023.2/data/xhub/boards/XilinxBoardStore/boards/Xilinx/vck190/production/3.1/board.xml as part xcvc1902-vsva2197-2mp-e-s specified in board_part file is either invalid or not available
WARNING: [Board 49-26] cannot add Board Part xilinx.com:vck190:part0:3.2 available at C:/Xilinx/Vivado/2023.2/data/xhub/boards/XilinxBoardStore/boards/Xilinx/vck190/production/3.2/board.xml as part xcvc1902-vsva2197-2mp-e-s specified in board_part file is either invalid or not available
WARNING: [Board 49-26] cannot add Board Part xilinx.com:vck190_newl:part0:1.0 available at C:/Xilinx/Vivado/2023.2/data/xhub/boards/XilinxBoardStore/boards/Xilinx/vck190_newl/production/1.0/board.xml as part xcvc1902-vsva2197-2mp-e-s specified in board_part file is either invalid or not available
WARNING: [Board 49-26] cannot add Board Part xilinx.com:vck190_newl:part0:1.1 available at C:/Xilinx/Vivado/2023.2/data/xhub/boards/XilinxBoardStore/boards/Xilinx/vck190_newl/production/1.1/board.xml as part xcvc1902-vsva2197-2mp-e-s specified in board_part file is either invalid or not available
WARNING: [Board 49-26] cannot add Board Part xilinx.com:vcu108:part0:1.6 available at C:/Xilinx/Vivado/2023.2/data/xhub/boards/XilinxBoardStore/boards/Xilinx/vcu108/1.6/board.xml as part xcvu095-ffva2104-2-e specified in board_part file is either invalid or not available
WARNING: [Board 49-26] cannot add Board Part xilinx.com:vcu108:part0:1.7 available at C:/Xilinx/Vivado/2023.2/data/xhub/boards/XilinxBoardStore/boards/Xilinx/vcu108/1.7/board.xml as part xcvu095-ffva2104-2-e specified in board_part file is either invalid or not available
WARNING: [Board 49-26] cannot add Board Part xilinx.com:vcu110:part0:1.4 available at C:/Xilinx/Vivado/2023.2/data/xhub/boards/XilinxBoardStore/boards/Xilinx/vcu110/1.4/board.xml as part xcvu190-flgc2104-2-e specified in board_part file is either invalid or not available
WARNING: [Board 49-26] cannot add Board Part xilinx.com:vcu118:part0:2.0 available at C:/Xilinx/Vivado/2023.2/data/xhub/boards/XilinxBoardStore/boards/Xilinx/vcu118/2.0/board.xml as part xcvu9p-flga2104-2l-e specified in board_part file is either invalid or not available
WARNING: [Board 49-26] cannot add Board Part xilinx.com:vcu118:part0:2.3 available at C:/Xilinx/Vivado/2023.2/data/xhub/boards/XilinxBoardStore/boards/Xilinx/vcu118/2.3/board.xml as part xcvu9p-flga2104-2l-e specified in board_part file is either invalid or not available
WARNING: [Board 49-26] cannot add Board Part xilinx.com:vcu118:part0:2.4 available at C:/Xilinx/Vivado/2023.2/data/xhub/boards/XilinxBoardStore/boards/Xilinx/vcu118/2.4/board.xml as part xcvu9p-flga2104-2l-e specified in board_part file is either invalid or not available
WARNING: [Board 49-26] cannot add Board Part xilinx.com:vcu128:part0:1.0 available at C:/Xilinx/Vivado/2023.2/data/xhub/boards/XilinxBoardStore/boards/Xilinx/vcu128/production/1.0/board.xml as part xcvu37p-fsvh2892-2l-e specified in board_part file is either invalid or not available
WARNING: [Board 49-26] cannot add Board Part xilinx.com:vcu129:part0:1.0 available at C:/Xilinx/Vivado/2023.2/data/xhub/boards/XilinxBoardStore/boards/Xilinx/vcu129/production/1.0/board.xml as part xcvu29p-fsga2577-2l-e specified in board_part file is either invalid or not available
WARNING: [Board 49-26] cannot add Board Part xilinx.com:vcu1525:part0:1.3 available at C:/Xilinx/Vivado/2023.2/data/xhub/boards/XilinxBoardStore/boards/Xilinx/vcu1525/1.3/board.xml as part xcvu9p-fsgd2104-2l-e specified in board_part file is either invalid or not available
WARNING: [Board 49-26] cannot add Board Part xilinx.com:vek280:part0:1.0 available at C:/Xilinx/Vivado/2023.2/data/xhub/boards/XilinxBoardStore/boards/Xilinx/vek280/production/1.0/board.xml as part xcve2802-vsvh1760-2mp-e-s specified in board_part file is either invalid or not available
WARNING: [Board 49-26] cannot add Board Part xilinx.com:vek280_es:part0:1.0 available at C:/Xilinx/Vivado/2023.2/data/xhub/boards/XilinxBoardStore/boards/Xilinx/vek280/es/rev_a/1.0/board.xml as part xcve2802-vsvh1760-2lp-e-s-es1 specified in board_part file is either invalid or not available
WARNING: [Board 49-26] cannot add Board Part xilinx.com:vek280_es:part0:1.1 available at C:/Xilinx/Vivado/2023.2/data/xhub/boards/XilinxBoardStore/boards/Xilinx/vek280/es/rev_a/1.1/board.xml as part xcve2802-vsvh1760-2lp-e-s-es1 specified in board_part file is either invalid or not available
WARNING: [Board 49-26] cannot add Board Part xilinx.com:vek280_es_revb:part0:1.0 available at C:/Xilinx/Vivado/2023.2/data/xhub/boards/XilinxBoardStore/boards/Xilinx/vek280/es/rev_b/1.0/board.xml as part xcve2802-vsvh1760-2mp-e-s-es1 specified in board_part file is either invalid or not available
WARNING: [Board 49-26] cannot add Board Part xilinx.com:vek280_es_revb:part0:1.1 available at C:/Xilinx/Vivado/2023.2/data/xhub/boards/XilinxBoardStore/boards/Xilinx/vek280/es/rev_b/1.1/board.xml as part xcve2802-vsvh1760-2mp-e-s-es1 specified in board_part file is either invalid or not available
WARNING: [Board 49-26] cannot add Board Part xilinx.com:vhk158:part0:1.0 available at C:/Xilinx/Vivado/2023.2/data/xhub/boards/XilinxBoardStore/boards/Xilinx/vhk158/production/1.0/board.xml as part xcvh1582-vsva3697-2mp-e-s specified in board_part file is either invalid or not available
WARNING: [Board 49-26] cannot add Board Part xilinx.com:vhk158:part0:1.1 available at C:/Xilinx/Vivado/2023.2/data/xhub/boards/XilinxBoardStore/boards/Xilinx/vhk158/production/1.1/board.xml as part xcvh1582-vsva3697-2mp-e-s specified in board_part file is either invalid or not available
WARNING: [Board 49-26] cannot add Board Part xilinx.com:vhk158_es:part0:1.0 available at C:/Xilinx/Vivado/2023.2/data/xhub/boards/XilinxBoardStore/boards/Xilinx/vhk158/es/1.0/board.xml as part xcvh1582-vsva3697-2mp-e-s-es1 specified in board_part file is either invalid or not available
WARNING: [Board 49-26] cannot add Board Part xilinx.com:vhk158_es:part0:1.1 available at C:/Xilinx/Vivado/2023.2/data/xhub/boards/XilinxBoardStore/boards/Xilinx/vhk158/es/1.1/board.xml as part xcvh1582-vsva3697-2mp-e-s-es1 specified in board_part file is either invalid or not available
WARNING: [Board 49-26] cannot add Board Part xilinx.com:vmk180:part0:2.2 available at C:/Xilinx/Vivado/2023.2/data/xhub/boards/XilinxBoardStore/boards/Xilinx/vmk180/production/2.2/board.xml as part xcvm1802-vsva2197-2mp-e-s specified in board_part file is either invalid or not available
WARNING: [Board 49-26] cannot add Board Part xilinx.com:vmk180:part0:3.0 available at C:/Xilinx/Vivado/2023.2/data/xhub/boards/XilinxBoardStore/boards/Xilinx/vmk180/production/3.0/board.xml as part xcvm1802-vsva2197-2mp-e-s specified in board_part file is either invalid or not available
WARNING: [Board 49-26] cannot add Board Part xilinx.com:vmk180:part0:3.1 available at C:/Xilinx/Vivado/2023.2/data/xhub/boards/XilinxBoardStore/boards/Xilinx/vmk180/production/3.1/board.xml as part xcvm1802-vsva2197-2mp-e-s specified in board_part file is either invalid or not available
WARNING: [Board 49-26] cannot add Board Part xilinx.com:vmk180:part0:3.2 available at C:/Xilinx/Vivado/2023.2/data/xhub/boards/XilinxBoardStore/boards/Xilinx/vmk180/production/3.2/board.xml as part xcvm1802-vsva2197-2mp-e-s specified in board_part file is either invalid or not available
WARNING: [Board 49-26] cannot add Board Part xilinx.com:vmk180_newl:part0:1.0 available at C:/Xilinx/Vivado/2023.2/data/xhub/boards/XilinxBoardStore/boards/Xilinx/vmk180_newl/production/1.0/board.xml as part xcvm1802-vsva2197-2mp-e-s specified in board_part file is either invalid or not available
WARNING: [Board 49-26] cannot add Board Part xilinx.com:vmk180_newl:part0:1.1 available at C:/Xilinx/Vivado/2023.2/data/xhub/boards/XilinxBoardStore/boards/Xilinx/vmk180_newl/production/1.1/board.xml as part xcvm1802-vsva2197-2mp-e-s specified in board_part file is either invalid or not available
WARNING: [Board 49-26] cannot add Board Part xilinx.com:vpk120:part0:1.0 available at C:/Xilinx/Vivado/2023.2/data/xhub/boards/XilinxBoardStore/boards/Xilinx/vpk120/production/1.0/board.xml as part xcvp1202-vsva2785-2mp-e-s specified in board_part file is either invalid or not available
WARNING: [Board 49-26] cannot add Board Part xilinx.com:vpk120:part0:1.1 available at C:/Xilinx/Vivado/2023.2/data/xhub/boards/XilinxBoardStore/boards/Xilinx/vpk120/production/1.1/board.xml as part xcvp1202-vsva2785-2mp-e-s specified in board_part file is either invalid or not available
WARNING: [Board 49-26] cannot add Board Part xilinx.com:vpk120:part0:1.2 available at C:/Xilinx/Vivado/2023.2/data/xhub/boards/XilinxBoardStore/boards/Xilinx/vpk120/production/1.2/board.xml as part xcvp1202-vsva2785-2mp-e-s specified in board_part file is either invalid or not available
WARNING: [Board 49-26] cannot add Board Part xilinx.com:vpk180:part0:1.0 available at C:/Xilinx/Vivado/2023.2/data/xhub/boards/XilinxBoardStore/boards/Xilinx/vpk180/production/1.0/board.xml as part xcvp1802-lsvc4072-2mp-e-s specified in board_part file is either invalid or not available
WARNING: [Board 49-26] cannot add Board Part xilinx.com:vpk180:part0:1.1 available at C:/Xilinx/Vivado/2023.2/data/xhub/boards/XilinxBoardStore/boards/Xilinx/vpk180/production/1.1/board.xml as part xcvp1802-lsvc4072-2mp-e-s specified in board_part file is either invalid or not available
WARNING: [Board 49-26] cannot add Board Part xilinx.com:zcu208ld:part0:2.0 available at C:/Xilinx/Vivado/2023.2/data/xhub/boards/XilinxBoardStore/boards/Xilinx/zcu208ld/production/2.0/board.xml as part xczu58dr-fsvg1517-2-i specified in board_part file is either invalid or not available
WARNING: [Board 49-26] cannot add Board Part xilinx.com:zcu216ld:part0:2.0 available at C:/Xilinx/Vivado/2023.2/data/xhub/boards/XilinxBoardStore/boards/Xilinx/zcu216ld/production/2.0/board.xml as part xczu59dr-ffvf1760-2-i specified in board_part file is either invalid or not available
WARNING: [Board 49-26] cannot add Board Part xilinx.com:zcu670:part0:2.0 available at C:/Xilinx/Vivado/2023.2/data/xhub/boards/XilinxBoardStore/boards/Xilinx/zcu670/2.0/board.xml as part xczu67dr-fsve1156-2-i specified in board_part file is either invalid or not available
WARNING: [Board 49-26] cannot add Board Part xilinx.com:zcu670ld:part0:1.0 available at C:/Xilinx/Vivado/2023.2/data/xhub/boards/XilinxBoardStore/boards/Xilinx/zcu670ld/1.0/board.xml as part xczu57dr-fsve1156-2-i specified in board_part file is either invalid or not available
Scanning sources...
Finished scanning sources
INFO: [IP_Flow 19-234] Refreshing IP repositories
INFO: [IP_Flow 19-1700] Loaded user IP repository 'c:/code/RFC-8439-fpga-implementation/AES-Cam-on-PYNQ-Z2-main/AES-Cam-on-PYNQ-Z2-main/ip_repo'.
INFO: [IP_Flow 19-2313] Loaded Vivado IP repository 'C:/Xilinx/Vivado/2023.2/data/ip'.
open_project: Time (s): cpu = 00:00:32 ; elapsed = 00:00:16 . Memory (MB): peak = 1677.332 ; gain = 526.340
update_compile_order -fileset sources_1
generate_target all [get_files  C:/code/RFC-8439-fpga-implementation/AES-Cam-on-PYNQ-Z2-main/AES-Cam-on-PYNQ-Z2-main/AES_SYS/AES_SYS.srcs/sources_1/bd/AES_SYS/AES_SYS.bd]
INFO: [BD 41-1637] Generated targets are already up-to-date for block design 'AES_SYS' - hence not re-generating.
export_ip_user_files -of_objects [get_files C:/code/RFC-8439-fpga-implementation/AES-Cam-on-PYNQ-Z2-main/AES-Cam-on-PYNQ-Z2-main/AES_SYS/AES_SYS.srcs/sources_1/bd/AES_SYS/AES_SYS.bd] -no_script -sync -force -quiet
create_ip_run [get_files -of_objects [get_fileset sources_1] C:/code/RFC-8439-fpga-implementation/AES-Cam-on-PYNQ-Z2-main/AES-Cam-on-PYNQ-Z2-main/AES_SYS/AES_SYS.srcs/sources_1/bd/AES_SYS/AES_SYS.bd]
export_simulation -of_objects [get_files C:/code/RFC-8439-fpga-implementation/AES-Cam-on-PYNQ-Z2-main/AES-Cam-on-PYNQ-Z2-main/AES_SYS/AES_SYS.srcs/sources_1/bd/AES_SYS/AES_SYS.bd] -directory C:/code/RFC-8439-fpga-implementation/AES-Cam-on-PYNQ-Z2-main/AES-Cam-on-PYNQ-Z2-main/AES_SYS/AES_SYS.ip_user_files/sim_scripts -ip_user_files_dir C:/code/RFC-8439-fpga-implementation/AES-Cam-on-PYNQ-Z2-main/AES-Cam-on-PYNQ-Z2-main/AES_SYS/AES_SYS.ip_user_files -ipstatic_source_dir C:/code/RFC-8439-fpga-implementation/AES-Cam-on-PYNQ-Z2-main/AES-Cam-on-PYNQ-Z2-main/AES_SYS/AES_SYS.ip_user_files/ipstatic -lib_map_path [list {modelsim=C:/code/RFC-8439-fpga-implementation/AES-Cam-on-PYNQ-Z2-main/AES-Cam-on-PYNQ-Z2-main/AES_SYS/AES_SYS.cache/compile_simlib/modelsim} {questa=C:/code/RFC-8439-fpga-implementation/AES-Cam-on-PYNQ-Z2-main/AES-Cam-on-PYNQ-Z2-main/AES_SYS/AES_SYS.cache/compile_simlib/questa} {riviera=C:/code/RFC-8439-fpga-implementation/AES-Cam-on-PYNQ-Z2-main/AES-Cam-on-PYNQ-Z2-main/AES_SYS/AES_SYS.cache/compile_simlib/riviera} {activehdl=C:/code/RFC-8439-fpga-implementation/AES-Cam-on-PYNQ-Z2-main/AES-Cam-on-PYNQ-Z2-main/AES_SYS/AES_SYS.cache/compile_simlib/activehdl}] -use_ip_compiled_libs -force -quiet
update_module_reference AES_SYS_RFC8439_0_0
WARNING: [IP_Flow 19-587] [HDL Parser] HDL port or parameter 'msg_src_base_w' has a dependency on the module local parameter or undefined parameter 'SRC_AAD_BASE_BYTES'.
WARNING: [IP_Flow 19-587] [HDL Parser] HDL port or parameter 'prefetch_start_w' has a dependency on the module local parameter or undefined parameter 'M_MSG_WR_WAIT'.
WARNING: [IP_Flow 19-587] [HDL Parser] HDL port or parameter 'chacha_demand_start_w' has a dependency on the module local parameter or undefined parameter 'M_INIT_KEY'.
WARNING: [IP_Flow 19-587] [HDL Parser] HDL port or parameter 'chacha_demand_start_w' has a dependency on the module local parameter or undefined parameter 'M_MSG_KS_REQ'.
WARNING: [IP_Flow 19-587] [HDL Parser] HDL port or parameter 'chacha_counter_input_w' has a dependency on the module local parameter or undefined parameter 'M_INIT_KEY'.
WARNING: [IP_Flow 19-587] [HDL Parser] HDL port or parameter 'msg_fire_w' has a dependency on the module local parameter or undefined parameter 'M_MSG_DISP'.
WARNING: [IP_Flow 19-587] [HDL Parser] HDL port or parameter 'msg_fire_w' has a dependency on the module local parameter or undefined parameter 'W_IDLE'.
WARNING: [IP_Flow 19-587] [HDL Parser] HDL port or parameter 'req_rd_w' has a dependency on the module local parameter or undefined parameter 'M_AAD_REQ'.
WARNING: [IP_Flow 19-587] [HDL Parser] HDL port or parameter 'req_rd_w' has a dependency on the module local parameter or undefined parameter 'M_LOAD_KEY0_REQ'.
WARNING: [IP_Flow 19-587] [HDL Parser] HDL port or parameter 'req_rd_w' has a dependency on the module local parameter or undefined parameter 'M_LOAD_KEY1_REQ'.
WARNING: [IP_Flow 19-587] [HDL Parser] HDL port or parameter 'req_rd_w' has a dependency on the module local parameter or undefined parameter 'M_LOAD_NONCE_REQ'.
WARNING: [IP_Flow 19-587] [HDL Parser] HDL port or parameter 'req_rd_w' has a dependency on the module local parameter or undefined parameter 'M_MSG_REQ'.
WARNING: [IP_Flow 19-587] [HDL Parser] HDL port or parameter 'req_rd_w' has a dependency on the module local parameter or undefined parameter 'M_TAG_VERIFY'.
WARNING: [IP_Flow 19-587] [HDL Parser] HDL port or parameter 'req_wr_w' has a dependency on the module local parameter or undefined parameter 'M_TAG_WRITE'.
WARNING: [IP_Flow 19-587] [HDL Parser] HDL port or parameter 'rd_addr_w' has a dependency on the module local parameter or undefined parameter 'M_AAD_REQ'.
WARNING: [IP_Flow 19-587] [HDL Parser] HDL port or parameter 'rd_addr_w' has a dependency on the module local parameter or undefined parameter 'M_LOAD_KEY0_REQ'.
WARNING: [IP_Flow 19-587] [HDL Parser] HDL port or parameter 'rd_addr_w' has a dependency on the module local parameter or undefined parameter 'M_LOAD_KEY1_REQ'.
WARNING: [IP_Flow 19-587] [HDL Parser] HDL port or parameter 'rd_addr_w' has a dependency on the module local parameter or undefined parameter 'M_LOAD_NONCE_REQ'.
WARNING: [IP_Flow 19-587] [HDL Parser] HDL port or parameter 'rd_addr_w' has a dependency on the module local parameter or undefined parameter 'M_MSG_REQ'.
WARNING: [IP_Flow 19-587] [HDL Parser] HDL port or parameter 'rd_addr_w' has a dependency on the module local parameter or undefined parameter 'M_TAG_VERIFY'.
WARNING: [IP_Flow 19-587] [HDL Parser] HDL port or parameter 'rd_addr_w' has a dependency on the module local parameter or undefined parameter 'SRC_AAD_BASE_BYTES'.
WARNING: [IP_Flow 19-587] [HDL Parser] HDL port or parameter 'rd_len_w' has a dependency on the module local parameter or undefined parameter 'M_LOAD_KEY0_REQ'.
WARNING: [IP_Flow 19-587] [HDL Parser] HDL port or parameter 'rd_len_w' has a dependency on the module local parameter or undefined parameter 'M_LOAD_KEY1_REQ'.
WARNING: [IP_Flow 19-587] [HDL Parser] HDL port or parameter 'rd_len_w' has a dependency on the module local parameter or undefined parameter 'M_LOAD_NONCE_REQ'.
WARNING: [IP_Flow 19-587] [HDL Parser] HDL port or parameter 'rd_len_w' has a dependency on the module local parameter or undefined parameter 'M_TAG_VERIFY'.
WARNING: [IP_Flow 19-587] [HDL Parser] HDL port or parameter 'wr_addr_w' has a dependency on the module local parameter or undefined parameter 'M_TAG_WRITE'.
WARNING: [IP_Flow 19-587] [HDL Parser] HDL port or parameter 'wr_len_w' has a dependency on the module local parameter or undefined parameter 'M_TAG_WRITE'.
WARNING: [IP_Flow 19-587] [HDL Parser] HDL port or parameter 'wr_data_w' has a dependency on the module local parameter or undefined parameter 'M_TAG_WRITE'.
WARNING: [IP_Flow 19-587] [HDL Parser] HDL port or parameter 'poly_data_w' has a dependency on the module local parameter or undefined parameter 'M_AAD_POLY'.
WARNING: [IP_Flow 19-587] [HDL Parser] HDL port or parameter 'poly_data_w' has a dependency on the module local parameter or undefined parameter 'M_LEN_POLY'.
WARNING: [IP_Flow 19-587] [HDL Parser] HDL port or parameter 'poly_data_w' has a dependency on the module local parameter or undefined parameter 'M_MSG_DISP'.
WARNING: [IP_Flow 19-587] [HDL Parser] HDL port or parameter 'poly_valid_w' has a dependency on the module local parameter or undefined parameter 'M_AAD_POLY'.
WARNING: [IP_Flow 19-587] [HDL Parser] HDL port or parameter 'poly_valid_w' has a dependency on the module local parameter or undefined parameter 'M_LEN_POLY'.
WARNING: [IP_Flow 19-587] [HDL Parser] HDL port or parameter 'poly_finalize_w' has a dependency on the module local parameter or undefined parameter 'M_LEN_POLY'.
INFO: [IP_Flow 19-5107] Inferred bus interface 'rst' of definition 'xilinx.com:signal:reset:1.0' (from Xilinx Repository).
INFO: [IP_Flow 19-5107] Inferred bus interface 'clk' of definition 'xilinx.com:signal:clock:1.0' (from Xilinx Repository).
INFO: [IP_Flow 19-4728] Bus Interface 'clk': Added interface parameter 'ASSOCIATED_RESET' with value 'rst'.
WARNING: [IP_Flow 19-5661] Bus Interface 'clk' does not have any bus interfaces associated with it.
WARNING: [IP_Flow 19-11770] Clock interface 'clk' has no FREQ_HZ parameter.
WARNING: [IP_Flow 19-587] [HDL Parser] HDL port or parameter 'msg_src_base_w' has a dependency on the module local parameter or undefined parameter 'SRC_AAD_BASE_BYTES'.
WARNING: [IP_Flow 19-587] [HDL Parser] HDL port or parameter 'prefetch_start_w' has a dependency on the module local parameter or undefined parameter 'M_MSG_WR_WAIT'.
WARNING: [IP_Flow 19-587] [HDL Parser] HDL port or parameter 'chacha_demand_start_w' has a dependency on the module local parameter or undefined parameter 'M_INIT_KEY'.
WARNING: [IP_Flow 19-587] [HDL Parser] HDL port or parameter 'chacha_demand_start_w' has a dependency on the module local parameter or undefined parameter 'M_MSG_KS_REQ'.
WARNING: [IP_Flow 19-587] [HDL Parser] HDL port or parameter 'chacha_counter_input_w' has a dependency on the module local parameter or undefined parameter 'M_INIT_KEY'.
WARNING: [IP_Flow 19-587] [HDL Parser] HDL port or parameter 'msg_fire_w' has a dependency on the module local parameter or undefined parameter 'M_MSG_DISP'.
WARNING: [IP_Flow 19-587] [HDL Parser] HDL port or parameter 'msg_fire_w' has a dependency on the module local parameter or undefined parameter 'W_IDLE'.
WARNING: [IP_Flow 19-587] [HDL Parser] HDL port or parameter 'req_rd_w' has a dependency on the module local parameter or undefined parameter 'M_AAD_REQ'.
WARNING: [IP_Flow 19-587] [HDL Parser] HDL port or parameter 'req_rd_w' has a dependency on the module local parameter or undefined parameter 'M_LOAD_KEY0_REQ'.
WARNING: [IP_Flow 19-587] [HDL Parser] HDL port or parameter 'req_rd_w' has a dependency on the module local parameter or undefined parameter 'M_LOAD_KEY1_REQ'.
WARNING: [IP_Flow 19-587] [HDL Parser] HDL port or parameter 'req_rd_w' has a dependency on the module local parameter or undefined parameter 'M_LOAD_NONCE_REQ'.
WARNING: [IP_Flow 19-587] [HDL Parser] HDL port or parameter 'req_rd_w' has a dependency on the module local parameter or undefined parameter 'M_MSG_REQ'.
WARNING: [IP_Flow 19-587] [HDL Parser] HDL port or parameter 'req_rd_w' has a dependency on the module local parameter or undefined parameter 'M_TAG_VERIFY'.
WARNING: [IP_Flow 19-587] [HDL Parser] HDL port or parameter 'req_wr_w' has a dependency on the module local parameter or undefined parameter 'M_TAG_WRITE'.
WARNING: [IP_Flow 19-587] [HDL Parser] HDL port or parameter 'rd_addr_w' has a dependency on the module local parameter or undefined parameter 'M_AAD_REQ'.
WARNING: [IP_Flow 19-587] [HDL Parser] HDL port or parameter 'rd_addr_w' has a dependency on the module local parameter or undefined parameter 'M_LOAD_KEY0_REQ'.
WARNING: [IP_Flow 19-587] [HDL Parser] HDL port or parameter 'rd_addr_w' has a dependency on the module local parameter or undefined parameter 'M_LOAD_KEY1_REQ'.
WARNING: [IP_Flow 19-587] [HDL Parser] HDL port or parameter 'rd_addr_w' has a dependency on the module local parameter or undefined parameter 'M_LOAD_NONCE_REQ'.
WARNING: [IP_Flow 19-587] [HDL Parser] HDL port or parameter 'rd_addr_w' has a dependency on the module local parameter or undefined parameter 'M_MSG_REQ'.
WARNING: [IP_Flow 19-587] [HDL Parser] HDL port or parameter 'rd_addr_w' has a dependency on the module local parameter or undefined parameter 'M_TAG_VERIFY'.
WARNING: [IP_Flow 19-587] [HDL Parser] HDL port or parameter 'rd_addr_w' has a dependency on the module local parameter or undefined parameter 'SRC_AAD_BASE_BYTES'.
WARNING: [IP_Flow 19-587] [HDL Parser] HDL port or parameter 'rd_len_w' has a dependency on the module local parameter or undefined parameter 'M_LOAD_KEY0_REQ'.
WARNING: [IP_Flow 19-587] [HDL Parser] HDL port or parameter 'rd_len_w' has a dependency on the module local parameter or undefined parameter 'M_LOAD_KEY1_REQ'.
WARNING: [IP_Flow 19-587] [HDL Parser] HDL port or parameter 'rd_len_w' has a dependency on the module local parameter or undefined parameter 'M_LOAD_NONCE_REQ'.
WARNING: [IP_Flow 19-587] [HDL Parser] HDL port or parameter 'rd_len_w' has a dependency on the module local parameter or undefined parameter 'M_TAG_VERIFY'.
WARNING: [IP_Flow 19-587] [HDL Parser] HDL port or parameter 'wr_addr_w' has a dependency on the module local parameter or undefined parameter 'M_TAG_WRITE'.
WARNING: [IP_Flow 19-587] [HDL Parser] HDL port or parameter 'wr_len_w' has a dependency on the module local parameter or undefined parameter 'M_TAG_WRITE'.
WARNING: [IP_Flow 19-587] [HDL Parser] HDL port or parameter 'wr_data_w' has a dependency on the module local parameter or undefined parameter 'M_TAG_WRITE'.
WARNING: [IP_Flow 19-587] [HDL Parser] HDL port or parameter 'poly_data_w' has a dependency on the module local parameter or undefined parameter 'M_AAD_POLY'.
WARNING: [IP_Flow 19-587] [HDL Parser] HDL port or parameter 'poly_data_w' has a dependency on the module local parameter or undefined parameter 'M_LEN_POLY'.
WARNING: [IP_Flow 19-587] [HDL Parser] HDL port or parameter 'poly_data_w' has a dependency on the module local parameter or undefined parameter 'M_MSG_DISP'.
WARNING: [IP_Flow 19-587] [HDL Parser] HDL port or parameter 'poly_valid_w' has a dependency on the module local parameter or undefined parameter 'M_AAD_POLY'.
WARNING: [IP_Flow 19-587] [HDL Parser] HDL port or parameter 'poly_valid_w' has a dependency on the module local parameter or undefined parameter 'M_LEN_POLY'.
WARNING: [IP_Flow 19-587] [HDL Parser] HDL port or parameter 'poly_finalize_w' has a dependency on the module local parameter or undefined parameter 'M_LEN_POLY'.
INFO: [IP_Flow 19-5107] Inferred bus interface 'rst' of definition 'xilinx.com:signal:reset:1.0' (from Xilinx Repository).
INFO: [IP_Flow 19-5107] Inferred bus interface 'clk' of definition 'xilinx.com:signal:clock:1.0' (from Xilinx Repository).
INFO: [IP_Flow 19-4728] Bus Interface 'clk': Added interface parameter 'ASSOCIATED_RESET' with value 'rst'.
WARNING: [IP_Flow 19-5661] Bus Interface 'clk' does not have any bus interfaces associated with it.
WARNING: [IP_Flow 19-11770] Clock interface 'clk' has no FREQ_HZ parameter.
Reading block design file <C:/code/RFC-8439-fpga-implementation/AES-Cam-on-PYNQ-Z2-main/AES-Cam-on-PYNQ-Z2-main/AES_SYS/AES_SYS.srcs/sources_1/bd/AES_SYS/AES_SYS.bd>...
Adding component instance block -- xilinx.com:ip:processing_system7:5.5 - processing_system7_0
Adding component instance block -- xilinx.com:ip:axi_vdma:6.3 - axi_vdma_0
Adding component instance block -- xilinx.com:ip:v_tc:6.2 - v_tc_0
Adding component instance block -- xilinx.com:ip:v_axi4s_vid_out:4.0 - v_axi4s_vid_out_0
Adding component instance block -- digilentinc.com:ip:rgb2dvi:1.2 - rgb2dvi_0
Adding component instance block -- xilinx.com:ip:clk_wiz:6.0 - clk_wiz_0
Adding component instance block -- xilinx.com:ip:axi_intc:4.1 - axi_intc_0
Adding component instance block -- xilinx.com:ip:xlconcat:2.1 - xlconcat_0
Adding component instance block -- xilinx.com:ip:axi_interconnect:2.1 - ps7_0_axi_periph
Adding component instance block -- xilinx.com:ip:axi_crossbar:2.1 - xbar
Adding component instance block -- xilinx.com:ip:axi_protocol_converter:2.1 - auto_pc
Adding component instance block -- xilinx.com:ip:axi_protocol_converter:2.1 - auto_pc
Adding component instance block -- xilinx.com:ip:axi_protocol_converter:2.1 - auto_pc
Adding component instance block -- xilinx.com:ip:axi_protocol_converter:2.1 - auto_pc
Adding component instance block -- xilinx.com:ip:axi_protocol_converter:2.1 - auto_pc
Adding component instance block -- xilinx.com:ip:axi_protocol_converter:2.1 - auto_pc
Adding component instance block -- xilinx.com:ip:axi_protocol_converter:2.1 - auto_pc
Adding component instance block -- xilinx.com:ip:axi_protocol_converter:2.1 - auto_pc
Adding component instance block -- xilinx.com:ip:axi_protocol_converter:2.1 - auto_pc
Adding component instance block -- xilinx.com:ip:axi_protocol_converter:2.1 - auto_pc
Adding component instance block -- xilinx.com:ip:axi_protocol_converter:2.1 - auto_pc
Adding component instance block -- xilinx.com:ip:axi_protocol_converter:2.1 - auto_pc
Adding component instance block -- xilinx.com:ip:proc_sys_reset:5.0 - rst_ps7_0_100M
Adding component instance block -- xilinx.com:ip:axi_interconnect:2.1 - axi_mem_intercon
Adding component instance block -- xilinx.com:ip:axi_crossbar:2.1 - xbar
Adding component instance block -- xilinx.com:ip:axi_protocol_converter:2.1 - auto_pc
Adding component instance block -- xilinx.com:ip:xlconstant:1.1 - xlconstant_0
Adding component instance block -- xilinx.com:ip:axi_gpio:2.0 - axi_gpio_0
Adding component instance block -- xilinx.com:ip:axi_cdma:4.1 - axi_cdma_0
Adding component instance block -- xilinx.com:ip:axi_interconnect:2.1 - axi_mem_intercon_1
Adding component instance block -- xilinx.com:ip:axi_crossbar:2.1 - xbar
Adding component instance block -- xilinx.com:ip:axi_dwidth_converter:2.1 - auto_us
Adding component instance block -- xilinx.com:ip:axi_protocol_converter:2.1 - auto_pc
Adding component instance block -- xilinx.com:ip:axi_dwidth_converter:2.1 - auto_ds
Adding component instance block -- xilinx.com:ip:axi_dwidth_converter:2.1 - auto_ds
Adding component instance block -- xilinx.com:ip:axi_bram_ctrl:4.1 - axi_bram_ctrl_0
Adding component instance block -- xilinx.com:ip:blk_mem_gen:8.4 - axi_bram_ctrl_0_bram
Adding component instance block -- xilinx.com:ip:axi_gpio:2.0 - axi_gpio_5
Adding component instance block -- xilinx.com:ip:axi_gpio:2.0 - axi_gpio_6
Adding component instance block -- xilinx.com:ip:axi_gpio:2.0 - axi_gpio_8
Adding component instance block -- xilinx.com:ip:axi_gpio:2.0 - axi_gpio_10
Adding component instance block -- xilinx.com:module_ref:RFC8439:1.0 - RFC8439_0
Adding component instance block -- xilinx.com:ip:axi_gpio:2.0 - axi_gpio_1
Adding component instance block -- xilinx.com:ip:axi_gpio:2.0 - axi_gpio_2
Adding component instance block -- xilinx.com:ip:axi_gpio:2.0 - axi_gpio_3
Adding component instance block -- xilinx.com:ip:blk_mem_gen:8.4 - axi_bram_ctrl_0_bram1
Adding component instance block -- xilinx.com:ip:axi_bram_ctrl:4.1 - axi_bram_ctrl_1
Successfully read diagram <AES_SYS> from block design file <C:/code/RFC-8439-fpga-implementation/AES-Cam-on-PYNQ-Z2-main/AES-Cam-on-PYNQ-Z2-main/AES_SYS/AES_SYS.srcs/sources_1/bd/AES_SYS/AES_SYS.bd>
Upgrading 'C:/code/RFC-8439-fpga-implementation/AES-Cam-on-PYNQ-Z2-main/AES-Cam-on-PYNQ-Z2-main/AES_SYS/AES_SYS.srcs/sources_1/bd/AES_SYS/AES_SYS.bd'
INFO: [IP_Flow 19-3420] Updated AES_SYS_RFC8439_0_0 to use current project options
Wrote  : <C:\code\RFC-8439-fpga-implementation\AES-Cam-on-PYNQ-Z2-main\AES-Cam-on-PYNQ-Z2-main\AES_SYS\AES_SYS.srcs\sources_1\bd\AES_SYS\AES_SYS.bd> 
Wrote  : <C:/code/RFC-8439-fpga-implementation/AES-Cam-on-PYNQ-Z2-main/AES-Cam-on-PYNQ-Z2-main/AES_SYS/AES_SYS.srcs/sources_1/bd/AES_SYS/ui/bd_9341033d.ui> 
upgrade_ip: Time (s): cpu = 00:00:16 ; elapsed = 00:00:13 . Memory (MB): peak = 1972.645 ; gain = 215.055
update_module_reference: Time (s): cpu = 00:00:17 ; elapsed = 00:00:15 . Memory (MB): peak = 1972.645 ; gain = 215.055
generate_target all [get_files  C:/code/RFC-8439-fpga-implementation/AES-Cam-on-PYNQ-Z2-main/AES-Cam-on-PYNQ-Z2-main/AES_SYS/AES_SYS.srcs/sources_1/bd/AES_SYS/AES_SYS.bd]
WARNING: [BD 41-2670] Found an incomplete address path from address space '/processing_system7_0/Data' to master interface '/ps7_0_axi_periph/M12_AXI'. Please either complete or remove this path to resolve.
WARNING: [BD 41-2670] Found an incomplete address path from address space '/processing_system7_0/Data' to master interface '/ps7_0_axi_periph/M10_AXI'. Please either complete or remove this path to resolve.
WARNING: [BD 41-2670] Found an incomplete address path from address space '/processing_system7_0/Data' to master interface '/ps7_0_axi_periph/M07_AXI'. Please either complete or remove this path to resolve.
WARNING: [BD 5-699] No address segments matched 'get_bd_addr_segs -addressables -of_objects /ps7_0_axi_periph/xbar/M07_AXI'
WARNING: [BD 5-699] No address segments matched 'get_bd_addr_segs -addressables -of_objects /ps7_0_axi_periph/xbar/M10_AXI'
WARNING: [BD 5-699] No address segments matched 'get_bd_addr_segs -addressables -of_objects /ps7_0_axi_periph/xbar/M12_AXI'
WARNING: [BD 41-702] Propagation TCL tries to overwrite USER strength parameter PCW_M_AXI_GP0_FREQMHZ(10) on '/processing_system7_0' with propagated value(50). Command ignored
WARNING: [BD 41-702] Propagation TCL tries to overwrite USER strength parameter PCW_S_AXI_HP0_FREQMHZ(10) on '/processing_system7_0' with propagated value(50). Command ignored
WARNING: [BD 41-702] Propagation TCL tries to overwrite USER strength parameter PCW_S_AXI_HP1_FREQMHZ(10) on '/processing_system7_0' with propagated value(50). Command ignored
INFO: [xilinx.com:ip:axi_vdma:6.3-15] /axi_vdma_0 
                    All clocks connected to AXI VDMA are not identical, therefore configuring AXI-VDMA in ASYNC mode.
WARNING: [xilinx.com:ip:axi_vdma:6.3-155] /axi_vdma_0 
                    To get the better performance, ensure AXI Memory Map clock frequency is greater than equal to AXI Streaming clock frequency.
INFO: [xilinx.com:ip:clk_wiz:6.0-1] /clk_wiz_0 clk_wiz propagate
INFO: [xilinx.com:ip:clk_wiz:6.0-1] /clk_wiz_0 clk_wiz propagate
WARNING: [xilinx.com:ip:axi_intc:4.1-13] /axi_intc_0: Interrupt output connection Bus is selected, but the interrupt bus interface is not connected to a matching interface. Please consider selecting Single instead.
Wrote  : <C:\code\RFC-8439-fpga-implementation\AES-Cam-on-PYNQ-Z2-main\AES-Cam-on-PYNQ-Z2-main\AES_SYS\AES_SYS.srcs\sources_1\bd\AES_SYS\AES_SYS.bd> 
WARNING: [BD 41-2384] Width mismatch when connecting pin: '/axi_mem_intercon/m00_couplers/auto_pc/m_axi_rid'(1) to pin: '/axi_mem_intercon/m00_couplers/M_AXI_rid'(6) - Only lower order bits will be connected.
WARNING: [BD 41-2384] Width mismatch when connecting pin: '/axi_mem_intercon/m00_couplers/auto_pc/m_axi_bid'(1) to pin: '/axi_mem_intercon/m00_couplers/M_AXI_bid'(6) - Only lower order bits will be connected.
WARNING: [BD 41-2384] Width mismatch when connecting pin: '/axi_bram_ctrl_0_bram/addra'(32) to pin: '/axi_bram_ctrl_0/bram_addr_a'(18) - Only lower order bits will be connected.
WARNING: [BD 41-2384] Width mismatch when connecting pin: '/axi_bram_ctrl_0_bram1/addra'(32) to pin: '/axi_bram_ctrl_1/bram_addr_a'(18) - Only lower order bits will be connected.
WARNING: [BD 41-2384] Width mismatch when connecting pin: '/processing_system7_0/S_AXI_HP0_AWID'(6) to pin: '/axi_mem_intercon/M00_AXI_awid'(1) - Only lower order bits will be connected.
WARNING: [BD 41-2384] Width mismatch when connecting pin: '/processing_system7_0/S_AXI_HP0_ARID'(6) to pin: '/axi_mem_intercon/M00_AXI_arid'(1) - Only lower order bits will be connected.
WARNING: [BD 41-2384] Width mismatch when connecting pin: '/processing_system7_0/S_AXI_HP0_WID'(6) to pin: '/axi_mem_intercon/M00_AXI_wid'(1) - Only lower order bits will be connected.
Verilog Output written to : c:/code/RFC-8439-fpga-implementation/AES-Cam-on-PYNQ-Z2-main/AES-Cam-on-PYNQ-Z2-main/AES_SYS/AES_SYS.gen/sources_1/bd/AES_SYS/synth/AES_SYS.v
WARNING: [BD 41-2384] Width mismatch when connecting pin: '/axi_mem_intercon/m00_couplers/auto_pc/m_axi_rid'(1) to pin: '/axi_mem_intercon/m00_couplers/M_AXI_rid'(6) - Only lower order bits will be connected.
WARNING: [BD 41-2384] Width mismatch when connecting pin: '/axi_mem_intercon/m00_couplers/auto_pc/m_axi_bid'(1) to pin: '/axi_mem_intercon/m00_couplers/M_AXI_bid'(6) - Only lower order bits will be connected.
WARNING: [BD 41-2384] Width mismatch when connecting pin: '/axi_bram_ctrl_0_bram/addra'(32) to pin: '/axi_bram_ctrl_0/bram_addr_a'(18) - Only lower order bits will be connected.
WARNING: [BD 41-2384] Width mismatch when connecting pin: '/axi_bram_ctrl_0_bram1/addra'(32) to pin: '/axi_bram_ctrl_1/bram_addr_a'(18) - Only lower order bits will be connected.
WARNING: [BD 41-2384] Width mismatch when connecting pin: '/processing_system7_0/S_AXI_HP0_AWID'(6) to pin: '/axi_mem_intercon/M00_AXI_awid'(1) - Only lower order bits will be connected.
WARNING: [BD 41-2384] Width mismatch when connecting pin: '/processing_system7_0/S_AXI_HP0_ARID'(6) to pin: '/axi_mem_intercon/M00_AXI_arid'(1) - Only lower order bits will be connected.
WARNING: [BD 41-2384] Width mismatch when connecting pin: '/processing_system7_0/S_AXI_HP0_WID'(6) to pin: '/axi_mem_intercon/M00_AXI_wid'(1) - Only lower order bits will be connected.
Verilog Output written to : c:/code/RFC-8439-fpga-implementation/AES-Cam-on-PYNQ-Z2-main/AES-Cam-on-PYNQ-Z2-main/AES_SYS/AES_SYS.gen/sources_1/bd/AES_SYS/sim/AES_SYS.v
Verilog Output written to : c:/code/RFC-8439-fpga-implementation/AES-Cam-on-PYNQ-Z2-main/AES-Cam-on-PYNQ-Z2-main/AES_SYS/AES_SYS.gen/sources_1/bd/AES_SYS/hdl/AES_SYS_wrapper.v
INFO: [BD 41-1029] Generation completed for the IP Integrator block RFC8439_0 .
WARNING: [IP_Flow 19-4994] Overwriting existing constraint file 'c:/code/RFC-8439-fpga-implementation/AES-Cam-on-PYNQ-Z2-main/AES-Cam-on-PYNQ-Z2-main/AES_SYS/AES_SYS.gen/sources_1/bd/AES_SYS/ip/AES_SYS_auto_pc_11/AES_SYS_auto_pc_11_ooc.xdc'
INFO: [BD 41-1029] Generation completed for the IP Integrator block ps7_0_axi_periph/s00_couplers/auto_pc .
WARNING: [IP_Flow 19-4994] Overwriting existing constraint file 'c:/code/RFC-8439-fpga-implementation/AES-Cam-on-PYNQ-Z2-main/AES-Cam-on-PYNQ-Z2-main/AES_SYS/AES_SYS.gen/sources_1/bd/AES_SYS/ip/AES_SYS_auto_pc_0/AES_SYS_auto_pc_0_ooc.xdc'
INFO: [BD 41-1029] Generation completed for the IP Integrator block ps7_0_axi_periph/m00_couplers/auto_pc .
WARNING: [IP_Flow 19-4994] Overwriting existing constraint file 'c:/code/RFC-8439-fpga-implementation/AES-Cam-on-PYNQ-Z2-main/AES-Cam-on-PYNQ-Z2-main/AES_SYS/AES_SYS.gen/sources_1/bd/AES_SYS/ip/AES_SYS_auto_pc_1/AES_SYS_auto_pc_1_ooc.xdc'
INFO: [BD 41-1029] Generation completed for the IP Integrator block ps7_0_axi_periph/m01_couplers/auto_pc .
WARNING: [IP_Flow 19-4994] Overwriting existing constraint file 'c:/code/RFC-8439-fpga-implementation/AES-Cam-on-PYNQ-Z2-main/AES-Cam-on-PYNQ-Z2-main/AES_SYS/AES_SYS.gen/sources_1/bd/AES_SYS/ip/AES_SYS_auto_pc_2/AES_SYS_auto_pc_2_ooc.xdc'
INFO: [BD 41-1029] Generation completed for the IP Integrator block ps7_0_axi_periph/m02_couplers/auto_pc .
WARNING: [IP_Flow 19-4994] Overwriting existing constraint file 'c:/code/RFC-8439-fpga-implementation/AES-Cam-on-PYNQ-Z2-main/AES-Cam-on-PYNQ-Z2-main/AES_SYS/AES_SYS.gen/sources_1/bd/AES_SYS/ip/AES_SYS_auto_pc_3/AES_SYS_auto_pc_3_ooc.xdc'
INFO: [BD 41-1029] Generation completed for the IP Integrator block ps7_0_axi_periph/m03_couplers/auto_pc .
WARNING: [IP_Flow 19-4994] Overwriting existing constraint file 'c:/code/RFC-8439-fpga-implementation/AES-Cam-on-PYNQ-Z2-main/AES-Cam-on-PYNQ-Z2-main/AES_SYS/AES_SYS.gen/sources_1/bd/AES_SYS/ip/AES_SYS_auto_pc_4/AES_SYS_auto_pc_4_ooc.xdc'
INFO: [BD 41-1029] Generation completed for the IP Integrator block ps7_0_axi_periph/m04_couplers/auto_pc .
WARNING: [IP_Flow 19-4994] Overwriting existing constraint file 'c:/code/RFC-8439-fpga-implementation/AES-Cam-on-PYNQ-Z2-main/AES-Cam-on-PYNQ-Z2-main/AES_SYS/AES_SYS.gen/sources_1/bd/AES_SYS/ip/AES_SYS_auto_pc_5/AES_SYS_auto_pc_5_ooc.xdc'
INFO: [BD 41-1029] Generation completed for the IP Integrator block ps7_0_axi_periph/m05_couplers/auto_pc .
WARNING: [IP_Flow 19-4994] Overwriting existing constraint file 'c:/code/RFC-8439-fpga-implementation/AES-Cam-on-PYNQ-Z2-main/AES-Cam-on-PYNQ-Z2-main/AES_SYS/AES_SYS.gen/sources_1/bd/AES_SYS/ip/AES_SYS_auto_pc_6/AES_SYS_auto_pc_6_ooc.xdc'
INFO: [BD 41-1029] Generation completed for the IP Integrator block ps7_0_axi_periph/m06_couplers/auto_pc .
WARNING: [IP_Flow 19-4994] Overwriting existing constraint file 'c:/code/RFC-8439-fpga-implementation/AES-Cam-on-PYNQ-Z2-main/AES-Cam-on-PYNQ-Z2-main/AES_SYS/AES_SYS.gen/sources_1/bd/AES_SYS/ip/AES_SYS_auto_pc_7/AES_SYS_auto_pc_7_ooc.xdc'
INFO: [BD 41-1029] Generation completed for the IP Integrator block ps7_0_axi_periph/m08_couplers/auto_pc .
WARNING: [IP_Flow 19-4994] Overwriting existing constraint file 'c:/code/RFC-8439-fpga-implementation/AES-Cam-on-PYNQ-Z2-main/AES-Cam-on-PYNQ-Z2-main/AES_SYS/AES_SYS.gen/sources_1/bd/AES_SYS/ip/AES_SYS_auto_pc_8/AES_SYS_auto_pc_8_ooc.xdc'
INFO: [BD 41-1029] Generation completed for the IP Integrator block ps7_0_axi_periph/m09_couplers/auto_pc .
WARNING: [IP_Flow 19-4994] Overwriting existing constraint file 'c:/code/RFC-8439-fpga-implementation/AES-Cam-on-PYNQ-Z2-main/AES-Cam-on-PYNQ-Z2-main/AES_SYS/AES_SYS.gen/sources_1/bd/AES_SYS/ip/AES_SYS_auto_pc_9/AES_SYS_auto_pc_9_ooc.xdc'
INFO: [BD 41-1029] Generation completed for the IP Integrator block ps7_0_axi_periph/m11_couplers/auto_pc .
WARNING: [IP_Flow 19-4994] Overwriting existing constraint file 'c:/code/RFC-8439-fpga-implementation/AES-Cam-on-PYNQ-Z2-main/AES-Cam-on-PYNQ-Z2-main/AES_SYS/AES_SYS.gen/sources_1/bd/AES_SYS/ip/AES_SYS_auto_pc_10/AES_SYS_auto_pc_10_ooc.xdc'
INFO: [BD 41-1029] Generation completed for the IP Integrator block ps7_0_axi_periph/m13_couplers/auto_pc .
WARNING: [IP_Flow 19-4994] Overwriting existing constraint file 'c:/code/RFC-8439-fpga-implementation/AES-Cam-on-PYNQ-Z2-main/AES-Cam-on-PYNQ-Z2-main/AES_SYS/AES_SYS.gen/sources_1/bd/AES_SYS/ip/AES_SYS_auto_pc_12/AES_SYS_auto_pc_12_ooc.xdc'
INFO: [BD 41-1029] Generation completed for the IP Integrator block axi_mem_intercon/m00_couplers/auto_pc .
WARNING: [IP_Flow 19-4994] Overwriting existing constraint file 'c:/code/RFC-8439-fpga-implementation/AES-Cam-on-PYNQ-Z2-main/AES-Cam-on-PYNQ-Z2-main/AES_SYS/AES_SYS.gen/sources_1/bd/AES_SYS/ip/AES_SYS_auto_us_0/AES_SYS_auto_us_0_ooc.xdc'
INFO: [IP_Flow 19-5611] Unable to find an associated reset port for the interface 'S_AXI'. A default connection has been created.
INFO: [IP_Flow 19-5611] Unable to find an associated reset port for the interface 'M_AXI'. A default connection has been created.
INFO: [BD 41-1029] Generation completed for the IP Integrator block axi_mem_intercon_1/s00_couplers/auto_us .
WARNING: [IP_Flow 19-4994] Overwriting existing constraint file 'c:/code/RFC-8439-fpga-implementation/AES-Cam-on-PYNQ-Z2-main/AES-Cam-on-PYNQ-Z2-main/AES_SYS/AES_SYS.gen/sources_1/bd/AES_SYS/ip/AES_SYS_auto_pc_13/AES_SYS_auto_pc_13_ooc.xdc'
INFO: [BD 41-1029] Generation completed for the IP Integrator block axi_mem_intercon_1/m00_couplers/auto_pc .
WARNING: [IP_Flow 19-4994] Overwriting existing constraint file 'c:/code/RFC-8439-fpga-implementation/AES-Cam-on-PYNQ-Z2-main/AES-Cam-on-PYNQ-Z2-main/AES_SYS/AES_SYS.gen/sources_1/bd/AES_SYS/ip/AES_SYS_auto_ds_0/AES_SYS_auto_ds_0_ooc.xdc'
INFO: [IP_Flow 19-5611] Unable to find an associated reset port for the interface 'S_AXI'. A default connection has been created.
INFO: [IP_Flow 19-5611] Unable to find an associated reset port for the interface 'M_AXI'. A default connection has been created.
INFO: [BD 41-1029] Generation completed for the IP Integrator block axi_mem_intercon_1/m01_couplers/auto_ds .
WARNING: [IP_Flow 19-4994] Overwriting existing constraint file 'c:/code/RFC-8439-fpga-implementation/AES-Cam-on-PYNQ-Z2-main/AES-Cam-on-PYNQ-Z2-main/AES_SYS/AES_SYS.gen/sources_1/bd/AES_SYS/ip/AES_SYS_auto_ds_1/AES_SYS_auto_ds_1_ooc.xdc'
INFO: [IP_Flow 19-5611] Unable to find an associated reset port for the interface 'S_AXI'. A default connection has been created.
INFO: [IP_Flow 19-5611] Unable to find an associated reset port for the interface 'M_AXI'. A default connection has been created.
INFO: [BD 41-1029] Generation completed for the IP Integrator block axi_mem_intercon_1/m02_couplers/auto_ds .
Exporting to file c:/code/RFC-8439-fpga-implementation/AES-Cam-on-PYNQ-Z2-main/AES-Cam-on-PYNQ-Z2-main/AES_SYS/AES_SYS.gen/sources_1/bd/AES_SYS/hw_handoff/AES_SYS.hwh
Generated Hardware Definition File c:/code/RFC-8439-fpga-implementation/AES-Cam-on-PYNQ-Z2-main/AES-Cam-on-PYNQ-Z2-main/AES_SYS/AES_SYS.gen/sources_1/bd/AES_SYS/synth/AES_SYS.hwdef
generate_target: Time (s): cpu = 00:00:38 ; elapsed = 00:00:40 . Memory (MB): peak = 2270.836 ; gain = 298.191
catch { config_ip_cache -export [get_ips -all AES_SYS_RFC8439_0_0] }
INFO: [IP_Flow 19-6924] IPCACHE: Running cache check for IP inst: AES_SYS_RFC8439_0_0
catch { config_ip_cache -export [get_ips -all AES_SYS_auto_pc_11] }
INFO: [IP_Flow 19-6924] IPCACHE: Running cache check for IP inst: AES_SYS_auto_pc_11
INFO: [IP_Flow 19-6922] IPCACHE: Exporting cached entry e640ebf91d268473 to dir: c:/code/RFC-8439-fpga-implementation/AES-Cam-on-PYNQ-Z2-main/AES-Cam-on-PYNQ-Z2-main/AES_SYS/AES_SYS.gen/sources_1/bd/AES_SYS/ip/AES_SYS_auto_pc_11
INFO: [IP_Flow 19-6928] IPCACHE: copied cached file c:/code/RFC-8439-fpga-implementation/AES-Cam-on-PYNQ-Z2-main/AES-Cam-on-PYNQ-Z2-main/AES_SYS/AES_SYS.cache/ip/2023.2/e/6/e640ebf91d268473/AES_SYS_auto_pc_11.dcp to c:/code/RFC-8439-fpga-implementation/AES-Cam-on-PYNQ-Z2-main/AES-Cam-on-PYNQ-Z2-main/AES_SYS/AES_SYS.gen/sources_1/bd/AES_SYS/ip/AES_SYS_auto_pc_11/AES_SYS_auto_pc_11.dcp.
INFO: [IP_Flow 19-6926] IPCACHE: added file to list for BOM: c:/code/RFC-8439-fpga-implementation/AES-Cam-on-PYNQ-Z2-main/AES-Cam-on-PYNQ-Z2-main/AES_SYS/AES_SYS.gen/sources_1/bd/AES_SYS/ip/AES_SYS_auto_pc_11/AES_SYS_auto_pc_11.dcp
INFO: [IP_Flow 19-6928] IPCACHE: copied cached file c:/code/RFC-8439-fpga-implementation/AES-Cam-on-PYNQ-Z2-main/AES-Cam-on-PYNQ-Z2-main/AES_SYS/AES_SYS.cache/ip/2023.2/e/6/e640ebf91d268473/AES_SYS_auto_pc_11_sim_netlist.v to c:/code/RFC-8439-fpga-implementation/AES-Cam-on-PYNQ-Z2-main/AES-Cam-on-PYNQ-Z2-main/AES_SYS/AES_SYS.gen/sources_1/bd/AES_SYS/ip/AES_SYS_auto_pc_11/AES_SYS_auto_pc_11_sim_netlist.v.
INFO: [IP_Flow 19-6926] IPCACHE: added file to list for BOM: c:/code/RFC-8439-fpga-implementation/AES-Cam-on-PYNQ-Z2-main/AES-Cam-on-PYNQ-Z2-main/AES_SYS/AES_SYS.gen/sources_1/bd/AES_SYS/ip/AES_SYS_auto_pc_11/AES_SYS_auto_pc_11_sim_netlist.v
INFO: [IP_Flow 19-6928] IPCACHE: copied cached file c:/code/RFC-8439-fpga-implementation/AES-Cam-on-PYNQ-Z2-main/AES-Cam-on-PYNQ-Z2-main/AES_SYS/AES_SYS.cache/ip/2023.2/e/6/e640ebf91d268473/AES_SYS_auto_pc_11_sim_netlist.vhdl to c:/code/RFC-8439-fpga-implementation/AES-Cam-on-PYNQ-Z2-main/AES-Cam-on-PYNQ-Z2-main/AES_SYS/AES_SYS.gen/sources_1/bd/AES_SYS/ip/AES_SYS_auto_pc_11/AES_SYS_auto_pc_11_sim_netlist.vhdl.
INFO: [IP_Flow 19-6926] IPCACHE: added file to list for BOM: c:/code/RFC-8439-fpga-implementation/AES-Cam-on-PYNQ-Z2-main/AES-Cam-on-PYNQ-Z2-main/AES_SYS/AES_SYS.gen/sources_1/bd/AES_SYS/ip/AES_SYS_auto_pc_11/AES_SYS_auto_pc_11_sim_netlist.vhdl
INFO: [IP_Flow 19-6928] IPCACHE: copied cached file c:/code/RFC-8439-fpga-implementation/AES-Cam-on-PYNQ-Z2-main/AES-Cam-on-PYNQ-Z2-main/AES_SYS/AES_SYS.cache/ip/2023.2/e/6/e640ebf91d268473/AES_SYS_auto_pc_11_stub.v to c:/code/RFC-8439-fpga-implementation/AES-Cam-on-PYNQ-Z2-main/AES-Cam-on-PYNQ-Z2-main/AES_SYS/AES_SYS.gen/sources_1/bd/AES_SYS/ip/AES_SYS_auto_pc_11/AES_SYS_auto_pc_11_stub.v.
INFO: [IP_Flow 19-6926] IPCACHE: added file to list for BOM: c:/code/RFC-8439-fpga-implementation/AES-Cam-on-PYNQ-Z2-main/AES-Cam-on-PYNQ-Z2-main/AES_SYS/AES_SYS.gen/sources_1/bd/AES_SYS/ip/AES_SYS_auto_pc_11/AES_SYS_auto_pc_11_stub.v
INFO: [IP_Flow 19-6928] IPCACHE: copied cached file c:/code/RFC-8439-fpga-implementation/AES-Cam-on-PYNQ-Z2-main/AES-Cam-on-PYNQ-Z2-main/AES_SYS/AES_SYS.cache/ip/2023.2/e/6/e640ebf91d268473/AES_SYS_auto_pc_11_stub.vhdl to c:/code/RFC-8439-fpga-implementation/AES-Cam-on-PYNQ-Z2-main/AES-Cam-on-PYNQ-Z2-main/AES_SYS/AES_SYS.gen/sources_1/bd/AES_SYS/ip/AES_SYS_auto_pc_11/AES_SYS_auto_pc_11_stub.vhdl.
INFO: [IP_Flow 19-6926] IPCACHE: added file to list for BOM: c:/code/RFC-8439-fpga-implementation/AES-Cam-on-PYNQ-Z2-main/AES-Cam-on-PYNQ-Z2-main/AES_SYS/AES_SYS.gen/sources_1/bd/AES_SYS/ip/AES_SYS_auto_pc_11/AES_SYS_auto_pc_11_stub.vhdl
INFO: [IP_Flow 19-4993] Using cached IP synthesis design for IP AES_SYS_auto_pc_11, cache-ID = e640ebf91d268473; cache size = 159.880 MB.
catch { config_ip_cache -export [get_ips -all AES_SYS_auto_pc_0] }
INFO: [IP_Flow 19-6924] IPCACHE: Running cache check for IP inst: AES_SYS_auto_pc_0
INFO: [IP_Flow 19-6922] IPCACHE: Exporting cached entry 3bc72d579e6ad5e4 to dir: c:/code/RFC-8439-fpga-implementation/AES-Cam-on-PYNQ-Z2-main/AES-Cam-on-PYNQ-Z2-main/AES_SYS/AES_SYS.gen/sources_1/bd/AES_SYS/ip/AES_SYS_auto_pc_0
INFO: [IP_Flow 19-6928] IPCACHE: copied cached file c:/code/RFC-8439-fpga-implementation/AES-Cam-on-PYNQ-Z2-main/AES-Cam-on-PYNQ-Z2-main/AES_SYS/AES_SYS.cache/ip/2023.2/3/b/3bc72d579e6ad5e4/AES_SYS_auto_pc_0.dcp to c:/code/RFC-8439-fpga-implementation/AES-Cam-on-PYNQ-Z2-main/AES-Cam-on-PYNQ-Z2-main/AES_SYS/AES_SYS.gen/sources_1/bd/AES_SYS/ip/AES_SYS_auto_pc_0/AES_SYS_auto_pc_0.dcp.
INFO: [IP_Flow 19-6926] IPCACHE: added file to list for BOM: c:/code/RFC-8439-fpga-implementation/AES-Cam-on-PYNQ-Z2-main/AES-Cam-on-PYNQ-Z2-main/AES_SYS/AES_SYS.gen/sources_1/bd/AES_SYS/ip/AES_SYS_auto_pc_0/AES_SYS_auto_pc_0.dcp
INFO: [IP_Flow 19-6928] IPCACHE: copied cached file c:/code/RFC-8439-fpga-implementation/AES-Cam-on-PYNQ-Z2-main/AES-Cam-on-PYNQ-Z2-main/AES_SYS/AES_SYS.cache/ip/2023.2/3/b/3bc72d579e6ad5e4/AES_SYS_auto_pc_0_sim_netlist.v to c:/code/RFC-8439-fpga-implementation/AES-Cam-on-PYNQ-Z2-main/AES-Cam-on-PYNQ-Z2-main/AES_SYS/AES_SYS.gen/sources_1/bd/AES_SYS/ip/AES_SYS_auto_pc_0/AES_SYS_auto_pc_0_sim_netlist.v.
INFO: [IP_Flow 19-6926] IPCACHE: added file to list for BOM: c:/code/RFC-8439-fpga-implementation/AES-Cam-on-PYNQ-Z2-main/AES-Cam-on-PYNQ-Z2-main/AES_SYS/AES_SYS.gen/sources_1/bd/AES_SYS/ip/AES_SYS_auto_pc_0/AES_SYS_auto_pc_0_sim_netlist.v
INFO: [IP_Flow 19-6928] IPCACHE: copied cached file c:/code/RFC-8439-fpga-implementation/AES-Cam-on-PYNQ-Z2-main/AES-Cam-on-PYNQ-Z2-main/AES_SYS/AES_SYS.cache/ip/2023.2/3/b/3bc72d579e6ad5e4/AES_SYS_auto_pc_0_sim_netlist.vhdl to c:/code/RFC-8439-fpga-implementation/AES-Cam-on-PYNQ-Z2-main/AES-Cam-on-PYNQ-Z2-main/AES_SYS/AES_SYS.gen/sources_1/bd/AES_SYS/ip/AES_SYS_auto_pc_0/AES_SYS_auto_pc_0_sim_netlist.vhdl.
INFO: [IP_Flow 19-6926] IPCACHE: added file to list for BOM: c:/code/RFC-8439-fpga-implementation/AES-Cam-on-PYNQ-Z2-main/AES-Cam-on-PYNQ-Z2-main/AES_SYS/AES_SYS.gen/sources_1/bd/AES_SYS/ip/AES_SYS_auto_pc_0/AES_SYS_auto_pc_0_sim_netlist.vhdl
INFO: [IP_Flow 19-6928] IPCACHE: copied cached file c:/code/RFC-8439-fpga-implementation/AES-Cam-on-PYNQ-Z2-main/AES-Cam-on-PYNQ-Z2-main/AES_SYS/AES_SYS.cache/ip/2023.2/3/b/3bc72d579e6ad5e4/AES_SYS_auto_pc_0_stub.v to c:/code/RFC-8439-fpga-implementation/AES-Cam-on-PYNQ-Z2-main/AES-Cam-on-PYNQ-Z2-main/AES_SYS/AES_SYS.gen/sources_1/bd/AES_SYS/ip/AES_SYS_auto_pc_0/AES_SYS_auto_pc_0_stub.v.
INFO: [IP_Flow 19-6926] IPCACHE: added file to list for BOM: c:/code/RFC-8439-fpga-implementation/AES-Cam-on-PYNQ-Z2-main/AES-Cam-on-PYNQ-Z2-main/AES_SYS/AES_SYS.gen/sources_1/bd/AES_SYS/ip/AES_SYS_auto_pc_0/AES_SYS_auto_pc_0_stub.v
INFO: [IP_Flow 19-6928] IPCACHE: copied cached file c:/code/RFC-8439-fpga-implementation/AES-Cam-on-PYNQ-Z2-main/AES-Cam-on-PYNQ-Z2-main/AES_SYS/AES_SYS.cache/ip/2023.2/3/b/3bc72d579e6ad5e4/AES_SYS_auto_pc_0_stub.vhdl to c:/code/RFC-8439-fpga-implementation/AES-Cam-on-PYNQ-Z2-main/AES-Cam-on-PYNQ-Z2-main/AES_SYS/AES_SYS.gen/sources_1/bd/AES_SYS/ip/AES_SYS_auto_pc_0/AES_SYS_auto_pc_0_stub.vhdl.
INFO: [IP_Flow 19-6926] IPCACHE: added file to list for BOM: c:/code/RFC-8439-fpga-implementation/AES-Cam-on-PYNQ-Z2-main/AES-Cam-on-PYNQ-Z2-main/AES_SYS/AES_SYS.gen/sources_1/bd/AES_SYS/ip/AES_SYS_auto_pc_0/AES_SYS_auto_pc_0_stub.vhdl
INFO: [IP_Flow 19-4993] Using cached IP synthesis design for IP AES_SYS_auto_pc_0, cache-ID = 3bc72d579e6ad5e4; cache size = 159.880 MB.
catch { config_ip_cache -export [get_ips -all AES_SYS_auto_pc_1] }
INFO: [IP_Flow 19-6924] IPCACHE: Running cache check for IP inst: AES_SYS_auto_pc_1
INFO: [IP_Flow 19-6922] IPCACHE: Exporting cached entry 3bc72d579e6ad5e4 to dir: c:/code/RFC-8439-fpga-implementation/AES-Cam-on-PYNQ-Z2-main/AES-Cam-on-PYNQ-Z2-main/AES_SYS/AES_SYS.gen/sources_1/bd/AES_SYS/ip/AES_SYS_auto_pc_1
INFO: [IP_Flow 19-6928] IPCACHE: copied cached file c:/code/RFC-8439-fpga-implementation/AES-Cam-on-PYNQ-Z2-main/AES-Cam-on-PYNQ-Z2-main/AES_SYS/AES_SYS.cache/ip/2023.2/3/b/3bc72d579e6ad5e4/AES_SYS_auto_pc_0.dcp to c:/code/RFC-8439-fpga-implementation/AES-Cam-on-PYNQ-Z2-main/AES-Cam-on-PYNQ-Z2-main/AES_SYS/AES_SYS.gen/sources_1/bd/AES_SYS/ip/AES_SYS_auto_pc_1/AES_SYS_auto_pc_1.dcp.
INFO: [IP_Flow 19-6926] IPCACHE: added file to list for BOM: c:/code/RFC-8439-fpga-implementation/AES-Cam-on-PYNQ-Z2-main/AES-Cam-on-PYNQ-Z2-main/AES_SYS/AES_SYS.gen/sources_1/bd/AES_SYS/ip/AES_SYS_auto_pc_1/AES_SYS_auto_pc_1.dcp
INFO: [IP_Flow 19-6928] IPCACHE: copied cached file c:/code/RFC-8439-fpga-implementation/AES-Cam-on-PYNQ-Z2-main/AES-Cam-on-PYNQ-Z2-main/AES_SYS/AES_SYS.cache/ip/2023.2/3/b/3bc72d579e6ad5e4/AES_SYS_auto_pc_0_sim_netlist.v to c:/code/RFC-8439-fpga-implementation/AES-Cam-on-PYNQ-Z2-main/AES-Cam-on-PYNQ-Z2-main/AES_SYS/AES_SYS.gen/sources_1/bd/AES_SYS/ip/AES_SYS_auto_pc_1/AES_SYS_auto_pc_1_sim_netlist.v.
INFO: [IP_Flow 19-6926] IPCACHE: added file to list for BOM: c:/code/RFC-8439-fpga-implementation/AES-Cam-on-PYNQ-Z2-main/AES-Cam-on-PYNQ-Z2-main/AES_SYS/AES_SYS.gen/sources_1/bd/AES_SYS/ip/AES_SYS_auto_pc_1/AES_SYS_auto_pc_1_sim_netlist.v
INFO: [IP_Flow 19-6928] IPCACHE: copied cached file c:/code/RFC-8439-fpga-implementation/AES-Cam-on-PYNQ-Z2-main/AES-Cam-on-PYNQ-Z2-main/AES_SYS/AES_SYS.cache/ip/2023.2/3/b/3bc72d579e6ad5e4/AES_SYS_auto_pc_0_sim_netlist.vhdl to c:/code/RFC-8439-fpga-implementation/AES-Cam-on-PYNQ-Z2-main/AES-Cam-on-PYNQ-Z2-main/AES_SYS/AES_SYS.gen/sources_1/bd/AES_SYS/ip/AES_SYS_auto_pc_1/AES_SYS_auto_pc_1_sim_netlist.vhdl.
INFO: [IP_Flow 19-6926] IPCACHE: added file to list for BOM: c:/code/RFC-8439-fpga-implementation/AES-Cam-on-PYNQ-Z2-main/AES-Cam-on-PYNQ-Z2-main/AES_SYS/AES_SYS.gen/sources_1/bd/AES_SYS/ip/AES_SYS_auto_pc_1/AES_SYS_auto_pc_1_sim_netlist.vhdl
INFO: [IP_Flow 19-6928] IPCACHE: copied cached file c:/code/RFC-8439-fpga-implementation/AES-Cam-on-PYNQ-Z2-main/AES-Cam-on-PYNQ-Z2-main/AES_SYS/AES_SYS.cache/ip/2023.2/3/b/3bc72d579e6ad5e4/AES_SYS_auto_pc_0_stub.v to c:/code/RFC-8439-fpga-implementation/AES-Cam-on-PYNQ-Z2-main/AES-Cam-on-PYNQ-Z2-main/AES_SYS/AES_SYS.gen/sources_1/bd/AES_SYS/ip/AES_SYS_auto_pc_1/AES_SYS_auto_pc_1_stub.v.
INFO: [IP_Flow 19-6926] IPCACHE: added file to list for BOM: c:/code/RFC-8439-fpga-implementation/AES-Cam-on-PYNQ-Z2-main/AES-Cam-on-PYNQ-Z2-main/AES_SYS/AES_SYS.gen/sources_1/bd/AES_SYS/ip/AES_SYS_auto_pc_1/AES_SYS_auto_pc_1_stub.v
INFO: [IP_Flow 19-6928] IPCACHE: copied cached file c:/code/RFC-8439-fpga-implementation/AES-Cam-on-PYNQ-Z2-main/AES-Cam-on-PYNQ-Z2-main/AES_SYS/AES_SYS.cache/ip/2023.2/3/b/3bc72d579e6ad5e4/AES_SYS_auto_pc_0_stub.vhdl to c:/code/RFC-8439-fpga-implementation/AES-Cam-on-PYNQ-Z2-main/AES-Cam-on-PYNQ-Z2-main/AES_SYS/AES_SYS.gen/sources_1/bd/AES_SYS/ip/AES_SYS_auto_pc_1/AES_SYS_auto_pc_1_stub.vhdl.
INFO: [IP_Flow 19-6926] IPCACHE: added file to list for BOM: c:/code/RFC-8439-fpga-implementation/AES-Cam-on-PYNQ-Z2-main/AES-Cam-on-PYNQ-Z2-main/AES_SYS/AES_SYS.gen/sources_1/bd/AES_SYS/ip/AES_SYS_auto_pc_1/AES_SYS_auto_pc_1_stub.vhdl
INFO: [IP_Flow 19-4993] Using cached IP synthesis design for IP AES_SYS_auto_pc_1, cache-ID = 3bc72d579e6ad5e4; cache size = 159.880 MB.
catch { config_ip_cache -export [get_ips -all AES_SYS_auto_pc_2] }
INFO: [IP_Flow 19-6924] IPCACHE: Running cache check for IP inst: AES_SYS_auto_pc_2
INFO: [IP_Flow 19-6922] IPCACHE: Exporting cached entry 3bc72d579e6ad5e4 to dir: c:/code/RFC-8439-fpga-implementation/AES-Cam-on-PYNQ-Z2-main/AES-Cam-on-PYNQ-Z2-main/AES_SYS/AES_SYS.gen/sources_1/bd/AES_SYS/ip/AES_SYS_auto_pc_2
INFO: [IP_Flow 19-6928] IPCACHE: copied cached file c:/code/RFC-8439-fpga-implementation/AES-Cam-on-PYNQ-Z2-main/AES-Cam-on-PYNQ-Z2-main/AES_SYS/AES_SYS.cache/ip/2023.2/3/b/3bc72d579e6ad5e4/AES_SYS_auto_pc_0.dcp to c:/code/RFC-8439-fpga-implementation/AES-Cam-on-PYNQ-Z2-main/AES-Cam-on-PYNQ-Z2-main/AES_SYS/AES_SYS.gen/sources_1/bd/AES_SYS/ip/AES_SYS_auto_pc_2/AES_SYS_auto_pc_2.dcp.
INFO: [IP_Flow 19-6926] IPCACHE: added file to list for BOM: c:/code/RFC-8439-fpga-implementation/AES-Cam-on-PYNQ-Z2-main/AES-Cam-on-PYNQ-Z2-main/AES_SYS/AES_SYS.gen/sources_1/bd/AES_SYS/ip/AES_SYS_auto_pc_2/AES_SYS_auto_pc_2.dcp
INFO: [IP_Flow 19-6928] IPCACHE: copied cached file c:/code/RFC-8439-fpga-implementation/AES-Cam-on-PYNQ-Z2-main/AES-Cam-on-PYNQ-Z2-main/AES_SYS/AES_SYS.cache/ip/2023.2/3/b/3bc72d579e6ad5e4/AES_SYS_auto_pc_0_sim_netlist.v to c:/code/RFC-8439-fpga-implementation/AES-Cam-on-PYNQ-Z2-main/AES-Cam-on-PYNQ-Z2-main/AES_SYS/AES_SYS.gen/sources_1/bd/AES_SYS/ip/AES_SYS_auto_pc_2/AES_SYS_auto_pc_2_sim_netlist.v.
INFO: [IP_Flow 19-6926] IPCACHE: added file to list for BOM: c:/code/RFC-8439-fpga-implementation/AES-Cam-on-PYNQ-Z2-main/AES-Cam-on-PYNQ-Z2-main/AES_SYS/AES_SYS.gen/sources_1/bd/AES_SYS/ip/AES_SYS_auto_pc_2/AES_SYS_auto_pc_2_sim_netlist.v
INFO: [IP_Flow 19-6928] IPCACHE: copied cached file c:/code/RFC-8439-fpga-implementation/AES-Cam-on-PYNQ-Z2-main/AES-Cam-on-PYNQ-Z2-main/AES_SYS/AES_SYS.cache/ip/2023.2/3/b/3bc72d579e6ad5e4/AES_SYS_auto_pc_0_sim_netlist.vhdl to c:/code/RFC-8439-fpga-implementation/AES-Cam-on-PYNQ-Z2-main/AES-Cam-on-PYNQ-Z2-main/AES_SYS/AES_SYS.gen/sources_1/bd/AES_SYS/ip/AES_SYS_auto_pc_2/AES_SYS_auto_pc_2_sim_netlist.vhdl.
INFO: [IP_Flow 19-6926] IPCACHE: added file to list for BOM: c:/code/RFC-8439-fpga-implementation/AES-Cam-on-PYNQ-Z2-main/AES-Cam-on-PYNQ-Z2-main/AES_SYS/AES_SYS.gen/sources_1/bd/AES_SYS/ip/AES_SYS_auto_pc_2/AES_SYS_auto_pc_2_sim_netlist.vhdl
INFO: [IP_Flow 19-6928] IPCACHE: copied cached file c:/code/RFC-8439-fpga-implementation/AES-Cam-on-PYNQ-Z2-main/AES-Cam-on-PYNQ-Z2-main/AES_SYS/AES_SYS.cache/ip/2023.2/3/b/3bc72d579e6ad5e4/AES_SYS_auto_pc_0_stub.v to c:/code/RFC-8439-fpga-implementation/AES-Cam-on-PYNQ-Z2-main/AES-Cam-on-PYNQ-Z2-main/AES_SYS/AES_SYS.gen/sources_1/bd/AES_SYS/ip/AES_SYS_auto_pc_2/AES_SYS_auto_pc_2_stub.v.
INFO: [IP_Flow 19-6926] IPCACHE: added file to list for BOM: c:/code/RFC-8439-fpga-implementation/AES-Cam-on-PYNQ-Z2-main/AES-Cam-on-PYNQ-Z2-main/AES_SYS/AES_SYS.gen/sources_1/bd/AES_SYS/ip/AES_SYS_auto_pc_2/AES_SYS_auto_pc_2_stub.v
INFO: [IP_Flow 19-6928] IPCACHE: copied cached file c:/code/RFC-8439-fpga-implementation/AES-Cam-on-PYNQ-Z2-main/AES-Cam-on-PYNQ-Z2-main/AES_SYS/AES_SYS.cache/ip/2023.2/3/b/3bc72d579e6ad5e4/AES_SYS_auto_pc_0_stub.vhdl to c:/code/RFC-8439-fpga-implementation/AES-Cam-on-PYNQ-Z2-main/AES-Cam-on-PYNQ-Z2-main/AES_SYS/AES_SYS.gen/sources_1/bd/AES_SYS/ip/AES_SYS_auto_pc_2/AES_SYS_auto_pc_2_stub.vhdl.
INFO: [IP_Flow 19-6926] IPCACHE: added file to list for BOM: c:/code/RFC-8439-fpga-implementation/AES-Cam-on-PYNQ-Z2-main/AES-Cam-on-PYNQ-Z2-main/AES_SYS/AES_SYS.gen/sources_1/bd/AES_SYS/ip/AES_SYS_auto_pc_2/AES_SYS_auto_pc_2_stub.vhdl
INFO: [IP_Flow 19-4993] Using cached IP synthesis design for IP AES_SYS_auto_pc_2, cache-ID = 3bc72d579e6ad5e4; cache size = 159.880 MB.
catch { config_ip_cache -export [get_ips -all AES_SYS_auto_pc_3] }
INFO: [IP_Flow 19-6924] IPCACHE: Running cache check for IP inst: AES_SYS_auto_pc_3
INFO: [IP_Flow 19-6922] IPCACHE: Exporting cached entry 3bc72d579e6ad5e4 to dir: c:/code/RFC-8439-fpga-implementation/AES-Cam-on-PYNQ-Z2-main/AES-Cam-on-PYNQ-Z2-main/AES_SYS/AES_SYS.gen/sources_1/bd/AES_SYS/ip/AES_SYS_auto_pc_3
INFO: [IP_Flow 19-6928] IPCACHE: copied cached file c:/code/RFC-8439-fpga-implementation/AES-Cam-on-PYNQ-Z2-main/AES-Cam-on-PYNQ-Z2-main/AES_SYS/AES_SYS.cache/ip/2023.2/3/b/3bc72d579e6ad5e4/AES_SYS_auto_pc_0.dcp to c:/code/RFC-8439-fpga-implementation/AES-Cam-on-PYNQ-Z2-main/AES-Cam-on-PYNQ-Z2-main/AES_SYS/AES_SYS.gen/sources_1/bd/AES_SYS/ip/AES_SYS_auto_pc_3/AES_SYS_auto_pc_3.dcp.
INFO: [IP_Flow 19-6926] IPCACHE: added file to list for BOM: c:/code/RFC-8439-fpga-implementation/AES-Cam-on-PYNQ-Z2-main/AES-Cam-on-PYNQ-Z2-main/AES_SYS/AES_SYS.gen/sources_1/bd/AES_SYS/ip/AES_SYS_auto_pc_3/AES_SYS_auto_pc_3.dcp
INFO: [IP_Flow 19-6928] IPCACHE: copied cached file c:/code/RFC-8439-fpga-implementation/AES-Cam-on-PYNQ-Z2-main/AES-Cam-on-PYNQ-Z2-main/AES_SYS/AES_SYS.cache/ip/2023.2/3/b/3bc72d579e6ad5e4/AES_SYS_auto_pc_0_sim_netlist.v to c:/code/RFC-8439-fpga-implementation/AES-Cam-on-PYNQ-Z2-main/AES-Cam-on-PYNQ-Z2-main/AES_SYS/AES_SYS.gen/sources_1/bd/AES_SYS/ip/AES_SYS_auto_pc_3/AES_SYS_auto_pc_3_sim_netlist.v.
INFO: [IP_Flow 19-6926] IPCACHE: added file to list for BOM: c:/code/RFC-8439-fpga-implementation/AES-Cam-on-PYNQ-Z2-main/AES-Cam-on-PYNQ-Z2-main/AES_SYS/AES_SYS.gen/sources_1/bd/AES_SYS/ip/AES_SYS_auto_pc_3/AES_SYS_auto_pc_3_sim_netlist.v
INFO: [IP_Flow 19-6928] IPCACHE: copied cached file c:/code/RFC-8439-fpga-implementation/AES-Cam-on-PYNQ-Z2-main/AES-Cam-on-PYNQ-Z2-main/AES_SYS/AES_SYS.cache/ip/2023.2/3/b/3bc72d579e6ad5e4/AES_SYS_auto_pc_0_sim_netlist.vhdl to c:/code/RFC-8439-fpga-implementation/AES-Cam-on-PYNQ-Z2-main/AES-Cam-on-PYNQ-Z2-main/AES_SYS/AES_SYS.gen/sources_1/bd/AES_SYS/ip/AES_SYS_auto_pc_3/AES_SYS_auto_pc_3_sim_netlist.vhdl.
INFO: [IP_Flow 19-6926] IPCACHE: added file to list for BOM: c:/code/RFC-8439-fpga-implementation/AES-Cam-on-PYNQ-Z2-main/AES-Cam-on-PYNQ-Z2-main/AES_SYS/AES_SYS.gen/sources_1/bd/AES_SYS/ip/AES_SYS_auto_pc_3/AES_SYS_auto_pc_3_sim_netlist.vhdl
INFO: [IP_Flow 19-6928] IPCACHE: copied cached file c:/code/RFC-8439-fpga-implementation/AES-Cam-on-PYNQ-Z2-main/AES-Cam-on-PYNQ-Z2-main/AES_SYS/AES_SYS.cache/ip/2023.2/3/b/3bc72d579e6ad5e4/AES_SYS_auto_pc_0_stub.v to c:/code/RFC-8439-fpga-implementation/AES-Cam-on-PYNQ-Z2-main/AES-Cam-on-PYNQ-Z2-main/AES_SYS/AES_SYS.gen/sources_1/bd/AES_SYS/ip/AES_SYS_auto_pc_3/AES_SYS_auto_pc_3_stub.v.
INFO: [IP_Flow 19-6926] IPCACHE: added file to list for BOM: c:/code/RFC-8439-fpga-implementation/AES-Cam-on-PYNQ-Z2-main/AES-Cam-on-PYNQ-Z2-main/AES_SYS/AES_SYS.gen/sources_1/bd/AES_SYS/ip/AES_SYS_auto_pc_3/AES_SYS_auto_pc_3_stub.v
INFO: [IP_Flow 19-6928] IPCACHE: copied cached file c:/code/RFC-8439-fpga-implementation/AES-Cam-on-PYNQ-Z2-main/AES-Cam-on-PYNQ-Z2-main/AES_SYS/AES_SYS.cache/ip/2023.2/3/b/3bc72d579e6ad5e4/AES_SYS_auto_pc_0_stub.vhdl to c:/code/RFC-8439-fpga-implementation/AES-Cam-on-PYNQ-Z2-main/AES-Cam-on-PYNQ-Z2-main/AES_SYS/AES_SYS.gen/sources_1/bd/AES_SYS/ip/AES_SYS_auto_pc_3/AES_SYS_auto_pc_3_stub.vhdl.
INFO: [IP_Flow 19-6926] IPCACHE: added file to list for BOM: c:/code/RFC-8439-fpga-implementation/AES-Cam-on-PYNQ-Z2-main/AES-Cam-on-PYNQ-Z2-main/AES_SYS/AES_SYS.gen/sources_1/bd/AES_SYS/ip/AES_SYS_auto_pc_3/AES_SYS_auto_pc_3_stub.vhdl
INFO: [IP_Flow 19-4993] Using cached IP synthesis design for IP AES_SYS_auto_pc_3, cache-ID = 3bc72d579e6ad5e4; cache size = 159.880 MB.
catch { config_ip_cache -export [get_ips -all AES_SYS_auto_pc_4] }
INFO: [IP_Flow 19-6924] IPCACHE: Running cache check for IP inst: AES_SYS_auto_pc_4
INFO: [IP_Flow 19-6922] IPCACHE: Exporting cached entry 3bc72d579e6ad5e4 to dir: c:/code/RFC-8439-fpga-implementation/AES-Cam-on-PYNQ-Z2-main/AES-Cam-on-PYNQ-Z2-main/AES_SYS/AES_SYS.gen/sources_1/bd/AES_SYS/ip/AES_SYS_auto_pc_4
INFO: [IP_Flow 19-6928] IPCACHE: copied cached file c:/code/RFC-8439-fpga-implementation/AES-Cam-on-PYNQ-Z2-main/AES-Cam-on-PYNQ-Z2-main/AES_SYS/AES_SYS.cache/ip/2023.2/3/b/3bc72d579e6ad5e4/AES_SYS_auto_pc_0.dcp to c:/code/RFC-8439-fpga-implementation/AES-Cam-on-PYNQ-Z2-main/AES-Cam-on-PYNQ-Z2-main/AES_SYS/AES_SYS.gen/sources_1/bd/AES_SYS/ip/AES_SYS_auto_pc_4/AES_SYS_auto_pc_4.dcp.
INFO: [IP_Flow 19-6926] IPCACHE: added file to list for BOM: c:/code/RFC-8439-fpga-implementation/AES-Cam-on-PYNQ-Z2-main/AES-Cam-on-PYNQ-Z2-main/AES_SYS/AES_SYS.gen/sources_1/bd/AES_SYS/ip/AES_SYS_auto_pc_4/AES_SYS_auto_pc_4.dcp
INFO: [IP_Flow 19-6928] IPCACHE: copied cached file c:/code/RFC-8439-fpga-implementation/AES-Cam-on-PYNQ-Z2-main/AES-Cam-on-PYNQ-Z2-main/AES_SYS/AES_SYS.cache/ip/2023.2/3/b/3bc72d579e6ad5e4/AES_SYS_auto_pc_0_sim_netlist.v to c:/code/RFC-8439-fpga-implementation/AES-Cam-on-PYNQ-Z2-main/AES-Cam-on-PYNQ-Z2-main/AES_SYS/AES_SYS.gen/sources_1/bd/AES_SYS/ip/AES_SYS_auto_pc_4/AES_SYS_auto_pc_4_sim_netlist.v.
INFO: [IP_Flow 19-6926] IPCACHE: added file to list for BOM: c:/code/RFC-8439-fpga-implementation/AES-Cam-on-PYNQ-Z2-main/AES-Cam-on-PYNQ-Z2-main/AES_SYS/AES_SYS.gen/sources_1/bd/AES_SYS/ip/AES_SYS_auto_pc_4/AES_SYS_auto_pc_4_sim_netlist.v
INFO: [IP_Flow 19-6928] IPCACHE: copied cached file c:/code/RFC-8439-fpga-implementation/AES-Cam-on-PYNQ-Z2-main/AES-Cam-on-PYNQ-Z2-main/AES_SYS/AES_SYS.cache/ip/2023.2/3/b/3bc72d579e6ad5e4/AES_SYS_auto_pc_0_sim_netlist.vhdl to c:/code/RFC-8439-fpga-implementation/AES-Cam-on-PYNQ-Z2-main/AES-Cam-on-PYNQ-Z2-main/AES_SYS/AES_SYS.gen/sources_1/bd/AES_SYS/ip/AES_SYS_auto_pc_4/AES_SYS_auto_pc_4_sim_netlist.vhdl.
INFO: [IP_Flow 19-6926] IPCACHE: added file to list for BOM: c:/code/RFC-8439-fpga-implementation/AES-Cam-on-PYNQ-Z2-main/AES-Cam-on-PYNQ-Z2-main/AES_SYS/AES_SYS.gen/sources_1/bd/AES_SYS/ip/AES_SYS_auto_pc_4/AES_SYS_auto_pc_4_sim_netlist.vhdl
INFO: [IP_Flow 19-6928] IPCACHE: copied cached file c:/code/RFC-8439-fpga-implementation/AES-Cam-on-PYNQ-Z2-main/AES-Cam-on-PYNQ-Z2-main/AES_SYS/AES_SYS.cache/ip/2023.2/3/b/3bc72d579e6ad5e4/AES_SYS_auto_pc_0_stub.v to c:/code/RFC-8439-fpga-implementation/AES-Cam-on-PYNQ-Z2-main/AES-Cam-on-PYNQ-Z2-main/AES_SYS/AES_SYS.gen/sources_1/bd/AES_SYS/ip/AES_SYS_auto_pc_4/AES_SYS_auto_pc_4_stub.v.
INFO: [IP_Flow 19-6926] IPCACHE: added file to list for BOM: c:/code/RFC-8439-fpga-implementation/AES-Cam-on-PYNQ-Z2-main/AES-Cam-on-PYNQ-Z2-main/AES_SYS/AES_SYS.gen/sources_1/bd/AES_SYS/ip/AES_SYS_auto_pc_4/AES_SYS_auto_pc_4_stub.v
INFO: [IP_Flow 19-6928] IPCACHE: copied cached file c:/code/RFC-8439-fpga-implementation/AES-Cam-on-PYNQ-Z2-main/AES-Cam-on-PYNQ-Z2-main/AES_SYS/AES_SYS.cache/ip/2023.2/3/b/3bc72d579e6ad5e4/AES_SYS_auto_pc_0_stub.vhdl to c:/code/RFC-8439-fpga-implementation/AES-Cam-on-PYNQ-Z2-main/AES-Cam-on-PYNQ-Z2-main/AES_SYS/AES_SYS.gen/sources_1/bd/AES_SYS/ip/AES_SYS_auto_pc_4/AES_SYS_auto_pc_4_stub.vhdl.
INFO: [IP_Flow 19-6926] IPCACHE: added file to list for BOM: c:/code/RFC-8439-fpga-implementation/AES-Cam-on-PYNQ-Z2-main/AES-Cam-on-PYNQ-Z2-main/AES_SYS/AES_SYS.gen/sources_1/bd/AES_SYS/ip/AES_SYS_auto_pc_4/AES_SYS_auto_pc_4_stub.vhdl
INFO: [IP_Flow 19-4993] Using cached IP synthesis design for IP AES_SYS_auto_pc_4, cache-ID = 3bc72d579e6ad5e4; cache size = 159.880 MB.
catch { config_ip_cache -export [get_ips -all AES_SYS_auto_pc_5] }
INFO: [IP_Flow 19-6924] IPCACHE: Running cache check for IP inst: AES_SYS_auto_pc_5
INFO: [IP_Flow 19-6922] IPCACHE: Exporting cached entry 3bc72d579e6ad5e4 to dir: c:/code/RFC-8439-fpga-implementation/AES-Cam-on-PYNQ-Z2-main/AES-Cam-on-PYNQ-Z2-main/AES_SYS/AES_SYS.gen/sources_1/bd/AES_SYS/ip/AES_SYS_auto_pc_5
INFO: [IP_Flow 19-6928] IPCACHE: copied cached file c:/code/RFC-8439-fpga-implementation/AES-Cam-on-PYNQ-Z2-main/AES-Cam-on-PYNQ-Z2-main/AES_SYS/AES_SYS.cache/ip/2023.2/3/b/3bc72d579e6ad5e4/AES_SYS_auto_pc_0.dcp to c:/code/RFC-8439-fpga-implementation/AES-Cam-on-PYNQ-Z2-main/AES-Cam-on-PYNQ-Z2-main/AES_SYS/AES_SYS.gen/sources_1/bd/AES_SYS/ip/AES_SYS_auto_pc_5/AES_SYS_auto_pc_5.dcp.
INFO: [IP_Flow 19-6926] IPCACHE: added file to list for BOM: c:/code/RFC-8439-fpga-implementation/AES-Cam-on-PYNQ-Z2-main/AES-Cam-on-PYNQ-Z2-main/AES_SYS/AES_SYS.gen/sources_1/bd/AES_SYS/ip/AES_SYS_auto_pc_5/AES_SYS_auto_pc_5.dcp
INFO: [IP_Flow 19-6928] IPCACHE: copied cached file c:/code/RFC-8439-fpga-implementation/AES-Cam-on-PYNQ-Z2-main/AES-Cam-on-PYNQ-Z2-main/AES_SYS/AES_SYS.cache/ip/2023.2/3/b/3bc72d579e6ad5e4/AES_SYS_auto_pc_0_sim_netlist.v to c:/code/RFC-8439-fpga-implementation/AES-Cam-on-PYNQ-Z2-main/AES-Cam-on-PYNQ-Z2-main/AES_SYS/AES_SYS.gen/sources_1/bd/AES_SYS/ip/AES_SYS_auto_pc_5/AES_SYS_auto_pc_5_sim_netlist.v.
INFO: [IP_Flow 19-6926] IPCACHE: added file to list for BOM: c:/code/RFC-8439-fpga-implementation/AES-Cam-on-PYNQ-Z2-main/AES-Cam-on-PYNQ-Z2-main/AES_SYS/AES_SYS.gen/sources_1/bd/AES_SYS/ip/AES_SYS_auto_pc_5/AES_SYS_auto_pc_5_sim_netlist.v
INFO: [IP_Flow 19-6928] IPCACHE: copied cached file c:/code/RFC-8439-fpga-implementation/AES-Cam-on-PYNQ-Z2-main/AES-Cam-on-PYNQ-Z2-main/AES_SYS/AES_SYS.cache/ip/2023.2/3/b/3bc72d579e6ad5e4/AES_SYS_auto_pc_0_sim_netlist.vhdl to c:/code/RFC-8439-fpga-implementation/AES-Cam-on-PYNQ-Z2-main/AES-Cam-on-PYNQ-Z2-main/AES_SYS/AES_SYS.gen/sources_1/bd/AES_SYS/ip/AES_SYS_auto_pc_5/AES_SYS_auto_pc_5_sim_netlist.vhdl.
INFO: [IP_Flow 19-6926] IPCACHE: added file to list for BOM: c:/code/RFC-8439-fpga-implementation/AES-Cam-on-PYNQ-Z2-main/AES-Cam-on-PYNQ-Z2-main/AES_SYS/AES_SYS.gen/sources_1/bd/AES_SYS/ip/AES_SYS_auto_pc_5/AES_SYS_auto_pc_5_sim_netlist.vhdl
INFO: [IP_Flow 19-6928] IPCACHE: copied cached file c:/code/RFC-8439-fpga-implementation/AES-Cam-on-PYNQ-Z2-main/AES-Cam-on-PYNQ-Z2-main/AES_SYS/AES_SYS.cache/ip/2023.2/3/b/3bc72d579e6ad5e4/AES_SYS_auto_pc_0_stub.v to c:/code/RFC-8439-fpga-implementation/AES-Cam-on-PYNQ-Z2-main/AES-Cam-on-PYNQ-Z2-main/AES_SYS/AES_SYS.gen/sources_1/bd/AES_SYS/ip/AES_SYS_auto_pc_5/AES_SYS_auto_pc_5_stub.v.
INFO: [IP_Flow 19-6926] IPCACHE: added file to list for BOM: c:/code/RFC-8439-fpga-implementation/AES-Cam-on-PYNQ-Z2-main/AES-Cam-on-PYNQ-Z2-main/AES_SYS/AES_SYS.gen/sources_1/bd/AES_SYS/ip/AES_SYS_auto_pc_5/AES_SYS_auto_pc_5_stub.v
INFO: [IP_Flow 19-6928] IPCACHE: copied cached file c:/code/RFC-8439-fpga-implementation/AES-Cam-on-PYNQ-Z2-main/AES-Cam-on-PYNQ-Z2-main/AES_SYS/AES_SYS.cache/ip/2023.2/3/b/3bc72d579e6ad5e4/AES_SYS_auto_pc_0_stub.vhdl to c:/code/RFC-8439-fpga-implementation/AES-Cam-on-PYNQ-Z2-main/AES-Cam-on-PYNQ-Z2-main/AES_SYS/AES_SYS.gen/sources_1/bd/AES_SYS/ip/AES_SYS_auto_pc_5/AES_SYS_auto_pc_5_stub.vhdl.
INFO: [IP_Flow 19-6926] IPCACHE: added file to list for BOM: c:/code/RFC-8439-fpga-implementation/AES-Cam-on-PYNQ-Z2-main/AES-Cam-on-PYNQ-Z2-main/AES_SYS/AES_SYS.gen/sources_1/bd/AES_SYS/ip/AES_SYS_auto_pc_5/AES_SYS_auto_pc_5_stub.vhdl
INFO: [IP_Flow 19-4993] Using cached IP synthesis design for IP AES_SYS_auto_pc_5, cache-ID = 3bc72d579e6ad5e4; cache size = 159.880 MB.
catch { config_ip_cache -export [get_ips -all AES_SYS_auto_pc_6] }
INFO: [IP_Flow 19-6924] IPCACHE: Running cache check for IP inst: AES_SYS_auto_pc_6
INFO: [IP_Flow 19-6922] IPCACHE: Exporting cached entry 3bc72d579e6ad5e4 to dir: c:/code/RFC-8439-fpga-implementation/AES-Cam-on-PYNQ-Z2-main/AES-Cam-on-PYNQ-Z2-main/AES_SYS/AES_SYS.gen/sources_1/bd/AES_SYS/ip/AES_SYS_auto_pc_6
INFO: [IP_Flow 19-6928] IPCACHE: copied cached file c:/code/RFC-8439-fpga-implementation/AES-Cam-on-PYNQ-Z2-main/AES-Cam-on-PYNQ-Z2-main/AES_SYS/AES_SYS.cache/ip/2023.2/3/b/3bc72d579e6ad5e4/AES_SYS_auto_pc_0.dcp to c:/code/RFC-8439-fpga-implementation/AES-Cam-on-PYNQ-Z2-main/AES-Cam-on-PYNQ-Z2-main/AES_SYS/AES_SYS.gen/sources_1/bd/AES_SYS/ip/AES_SYS_auto_pc_6/AES_SYS_auto_pc_6.dcp.
INFO: [IP_Flow 19-6926] IPCACHE: added file to list for BOM: c:/code/RFC-8439-fpga-implementation/AES-Cam-on-PYNQ-Z2-main/AES-Cam-on-PYNQ-Z2-main/AES_SYS/AES_SYS.gen/sources_1/bd/AES_SYS/ip/AES_SYS_auto_pc_6/AES_SYS_auto_pc_6.dcp
INFO: [IP_Flow 19-6928] IPCACHE: copied cached file c:/code/RFC-8439-fpga-implementation/AES-Cam-on-PYNQ-Z2-main/AES-Cam-on-PYNQ-Z2-main/AES_SYS/AES_SYS.cache/ip/2023.2/3/b/3bc72d579e6ad5e4/AES_SYS_auto_pc_0_sim_netlist.v to c:/code/RFC-8439-fpga-implementation/AES-Cam-on-PYNQ-Z2-main/AES-Cam-on-PYNQ-Z2-main/AES_SYS/AES_SYS.gen/sources_1/bd/AES_SYS/ip/AES_SYS_auto_pc_6/AES_SYS_auto_pc_6_sim_netlist.v.
INFO: [IP_Flow 19-6926] IPCACHE: added file to list for BOM: c:/code/RFC-8439-fpga-implementation/AES-Cam-on-PYNQ-Z2-main/AES-Cam-on-PYNQ-Z2-main/AES_SYS/AES_SYS.gen/sources_1/bd/AES_SYS/ip/AES_SYS_auto_pc_6/AES_SYS_auto_pc_6_sim_netlist.v
INFO: [IP_Flow 19-6928] IPCACHE: copied cached file c:/code/RFC-8439-fpga-implementation/AES-Cam-on-PYNQ-Z2-main/AES-Cam-on-PYNQ-Z2-main/AES_SYS/AES_SYS.cache/ip/2023.2/3/b/3bc72d579e6ad5e4/AES_SYS_auto_pc_0_sim_netlist.vhdl to c:/code/RFC-8439-fpga-implementation/AES-Cam-on-PYNQ-Z2-main/AES-Cam-on-PYNQ-Z2-main/AES_SYS/AES_SYS.gen/sources_1/bd/AES_SYS/ip/AES_SYS_auto_pc_6/AES_SYS_auto_pc_6_sim_netlist.vhdl.
INFO: [IP_Flow 19-6926] IPCACHE: added file to list for BOM: c:/code/RFC-8439-fpga-implementation/AES-Cam-on-PYNQ-Z2-main/AES-Cam-on-PYNQ-Z2-main/AES_SYS/AES_SYS.gen/sources_1/bd/AES_SYS/ip/AES_SYS_auto_pc_6/AES_SYS_auto_pc_6_sim_netlist.vhdl
INFO: [IP_Flow 19-6928] IPCACHE: copied cached file c:/code/RFC-8439-fpga-implementation/AES-Cam-on-PYNQ-Z2-main/AES-Cam-on-PYNQ-Z2-main/AES_SYS/AES_SYS.cache/ip/2023.2/3/b/3bc72d579e6ad5e4/AES_SYS_auto_pc_0_stub.v to c:/code/RFC-8439-fpga-implementation/AES-Cam-on-PYNQ-Z2-main/AES-Cam-on-PYNQ-Z2-main/AES_SYS/AES_SYS.gen/sources_1/bd/AES_SYS/ip/AES_SYS_auto_pc_6/AES_SYS_auto_pc_6_stub.v.
INFO: [IP_Flow 19-6926] IPCACHE: added file to list for BOM: c:/code/RFC-8439-fpga-implementation/AES-Cam-on-PYNQ-Z2-main/AES-Cam-on-PYNQ-Z2-main/AES_SYS/AES_SYS.gen/sources_1/bd/AES_SYS/ip/AES_SYS_auto_pc_6/AES_SYS_auto_pc_6_stub.v
INFO: [IP_Flow 19-6928] IPCACHE: copied cached file c:/code/RFC-8439-fpga-implementation/AES-Cam-on-PYNQ-Z2-main/AES-Cam-on-PYNQ-Z2-main/AES_SYS/AES_SYS.cache/ip/2023.2/3/b/3bc72d579e6ad5e4/AES_SYS_auto_pc_0_stub.vhdl to c:/code/RFC-8439-fpga-implementation/AES-Cam-on-PYNQ-Z2-main/AES-Cam-on-PYNQ-Z2-main/AES_SYS/AES_SYS.gen/sources_1/bd/AES_SYS/ip/AES_SYS_auto_pc_6/AES_SYS_auto_pc_6_stub.vhdl.
INFO: [IP_Flow 19-6926] IPCACHE: added file to list for BOM: c:/code/RFC-8439-fpga-implementation/AES-Cam-on-PYNQ-Z2-main/AES-Cam-on-PYNQ-Z2-main/AES_SYS/AES_SYS.gen/sources_1/bd/AES_SYS/ip/AES_SYS_auto_pc_6/AES_SYS_auto_pc_6_stub.vhdl
INFO: [IP_Flow 19-4993] Using cached IP synthesis design for IP AES_SYS_auto_pc_6, cache-ID = 3bc72d579e6ad5e4; cache size = 159.880 MB.
catch { config_ip_cache -export [get_ips -all AES_SYS_auto_pc_7] }
INFO: [IP_Flow 19-6924] IPCACHE: Running cache check for IP inst: AES_SYS_auto_pc_7
INFO: [IP_Flow 19-6922] IPCACHE: Exporting cached entry 3bc72d579e6ad5e4 to dir: c:/code/RFC-8439-fpga-implementation/AES-Cam-on-PYNQ-Z2-main/AES-Cam-on-PYNQ-Z2-main/AES_SYS/AES_SYS.gen/sources_1/bd/AES_SYS/ip/AES_SYS_auto_pc_7
INFO: [IP_Flow 19-6928] IPCACHE: copied cached file c:/code/RFC-8439-fpga-implementation/AES-Cam-on-PYNQ-Z2-main/AES-Cam-on-PYNQ-Z2-main/AES_SYS/AES_SYS.cache/ip/2023.2/3/b/3bc72d579e6ad5e4/AES_SYS_auto_pc_0.dcp to c:/code/RFC-8439-fpga-implementation/AES-Cam-on-PYNQ-Z2-main/AES-Cam-on-PYNQ-Z2-main/AES_SYS/AES_SYS.gen/sources_1/bd/AES_SYS/ip/AES_SYS_auto_pc_7/AES_SYS_auto_pc_7.dcp.
INFO: [IP_Flow 19-6926] IPCACHE: added file to list for BOM: c:/code/RFC-8439-fpga-implementation/AES-Cam-on-PYNQ-Z2-main/AES-Cam-on-PYNQ-Z2-main/AES_SYS/AES_SYS.gen/sources_1/bd/AES_SYS/ip/AES_SYS_auto_pc_7/AES_SYS_auto_pc_7.dcp
INFO: [IP_Flow 19-6928] IPCACHE: copied cached file c:/code/RFC-8439-fpga-implementation/AES-Cam-on-PYNQ-Z2-main/AES-Cam-on-PYNQ-Z2-main/AES_SYS/AES_SYS.cache/ip/2023.2/3/b/3bc72d579e6ad5e4/AES_SYS_auto_pc_0_sim_netlist.v to c:/code/RFC-8439-fpga-implementation/AES-Cam-on-PYNQ-Z2-main/AES-Cam-on-PYNQ-Z2-main/AES_SYS/AES_SYS.gen/sources_1/bd/AES_SYS/ip/AES_SYS_auto_pc_7/AES_SYS_auto_pc_7_sim_netlist.v.
INFO: [IP_Flow 19-6926] IPCACHE: added file to list for BOM: c:/code/RFC-8439-fpga-implementation/AES-Cam-on-PYNQ-Z2-main/AES-Cam-on-PYNQ-Z2-main/AES_SYS/AES_SYS.gen/sources_1/bd/AES_SYS/ip/AES_SYS_auto_pc_7/AES_SYS_auto_pc_7_sim_netlist.v
INFO: [IP_Flow 19-6928] IPCACHE: copied cached file c:/code/RFC-8439-fpga-implementation/AES-Cam-on-PYNQ-Z2-main/AES-Cam-on-PYNQ-Z2-main/AES_SYS/AES_SYS.cache/ip/2023.2/3/b/3bc72d579e6ad5e4/AES_SYS_auto_pc_0_sim_netlist.vhdl to c:/code/RFC-8439-fpga-implementation/AES-Cam-on-PYNQ-Z2-main/AES-Cam-on-PYNQ-Z2-main/AES_SYS/AES_SYS.gen/sources_1/bd/AES_SYS/ip/AES_SYS_auto_pc_7/AES_SYS_auto_pc_7_sim_netlist.vhdl.
INFO: [IP_Flow 19-6926] IPCACHE: added file to list for BOM: c:/code/RFC-8439-fpga-implementation/AES-Cam-on-PYNQ-Z2-main/AES-Cam-on-PYNQ-Z2-main/AES_SYS/AES_SYS.gen/sources_1/bd/AES_SYS/ip/AES_SYS_auto_pc_7/AES_SYS_auto_pc_7_sim_netlist.vhdl
INFO: [IP_Flow 19-6928] IPCACHE: copied cached file c:/code/RFC-8439-fpga-implementation/AES-Cam-on-PYNQ-Z2-main/AES-Cam-on-PYNQ-Z2-main/AES_SYS/AES_SYS.cache/ip/2023.2/3/b/3bc72d579e6ad5e4/AES_SYS_auto_pc_0_stub.v to c:/code/RFC-8439-fpga-implementation/AES-Cam-on-PYNQ-Z2-main/AES-Cam-on-PYNQ-Z2-main/AES_SYS/AES_SYS.gen/sources_1/bd/AES_SYS/ip/AES_SYS_auto_pc_7/AES_SYS_auto_pc_7_stub.v.
INFO: [IP_Flow 19-6926] IPCACHE: added file to list for BOM: c:/code/RFC-8439-fpga-implementation/AES-Cam-on-PYNQ-Z2-main/AES-Cam-on-PYNQ-Z2-main/AES_SYS/AES_SYS.gen/sources_1/bd/AES_SYS/ip/AES_SYS_auto_pc_7/AES_SYS_auto_pc_7_stub.v
INFO: [IP_Flow 19-6928] IPCACHE: copied cached file c:/code/RFC-8439-fpga-implementation/AES-Cam-on-PYNQ-Z2-main/AES-Cam-on-PYNQ-Z2-main/AES_SYS/AES_SYS.cache/ip/2023.2/3/b/3bc72d579e6ad5e4/AES_SYS_auto_pc_0_stub.vhdl to c:/code/RFC-8439-fpga-implementation/AES-Cam-on-PYNQ-Z2-main/AES-Cam-on-PYNQ-Z2-main/AES_SYS/AES_SYS.gen/sources_1/bd/AES_SYS/ip/AES_SYS_auto_pc_7/AES_SYS_auto_pc_7_stub.vhdl.
INFO: [IP_Flow 19-6926] IPCACHE: added file to list for BOM: c:/code/RFC-8439-fpga-implementation/AES-Cam-on-PYNQ-Z2-main/AES-Cam-on-PYNQ-Z2-main/AES_SYS/AES_SYS.gen/sources_1/bd/AES_SYS/ip/AES_SYS_auto_pc_7/AES_SYS_auto_pc_7_stub.vhdl
INFO: [IP_Flow 19-4993] Using cached IP synthesis design for IP AES_SYS_auto_pc_7, cache-ID = 3bc72d579e6ad5e4; cache size = 159.880 MB.
catch { config_ip_cache -export [get_ips -all AES_SYS_auto_pc_8] }
INFO: [IP_Flow 19-6924] IPCACHE: Running cache check for IP inst: AES_SYS_auto_pc_8
INFO: [IP_Flow 19-6922] IPCACHE: Exporting cached entry 3bc72d579e6ad5e4 to dir: c:/code/RFC-8439-fpga-implementation/AES-Cam-on-PYNQ-Z2-main/AES-Cam-on-PYNQ-Z2-main/AES_SYS/AES_SYS.gen/sources_1/bd/AES_SYS/ip/AES_SYS_auto_pc_8
INFO: [IP_Flow 19-6928] IPCACHE: copied cached file c:/code/RFC-8439-fpga-implementation/AES-Cam-on-PYNQ-Z2-main/AES-Cam-on-PYNQ-Z2-main/AES_SYS/AES_SYS.cache/ip/2023.2/3/b/3bc72d579e6ad5e4/AES_SYS_auto_pc_0.dcp to c:/code/RFC-8439-fpga-implementation/AES-Cam-on-PYNQ-Z2-main/AES-Cam-on-PYNQ-Z2-main/AES_SYS/AES_SYS.gen/sources_1/bd/AES_SYS/ip/AES_SYS_auto_pc_8/AES_SYS_auto_pc_8.dcp.
INFO: [IP_Flow 19-6926] IPCACHE: added file to list for BOM: c:/code/RFC-8439-fpga-implementation/AES-Cam-on-PYNQ-Z2-main/AES-Cam-on-PYNQ-Z2-main/AES_SYS/AES_SYS.gen/sources_1/bd/AES_SYS/ip/AES_SYS_auto_pc_8/AES_SYS_auto_pc_8.dcp
INFO: [IP_Flow 19-6928] IPCACHE: copied cached file c:/code/RFC-8439-fpga-implementation/AES-Cam-on-PYNQ-Z2-main/AES-Cam-on-PYNQ-Z2-main/AES_SYS/AES_SYS.cache/ip/2023.2/3/b/3bc72d579e6ad5e4/AES_SYS_auto_pc_0_sim_netlist.v to c:/code/RFC-8439-fpga-implementation/AES-Cam-on-PYNQ-Z2-main/AES-Cam-on-PYNQ-Z2-main/AES_SYS/AES_SYS.gen/sources_1/bd/AES_SYS/ip/AES_SYS_auto_pc_8/AES_SYS_auto_pc_8_sim_netlist.v.
INFO: [IP_Flow 19-6926] IPCACHE: added file to list for BOM: c:/code/RFC-8439-fpga-implementation/AES-Cam-on-PYNQ-Z2-main/AES-Cam-on-PYNQ-Z2-main/AES_SYS/AES_SYS.gen/sources_1/bd/AES_SYS/ip/AES_SYS_auto_pc_8/AES_SYS_auto_pc_8_sim_netlist.v
INFO: [IP_Flow 19-6928] IPCACHE: copied cached file c:/code/RFC-8439-fpga-implementation/AES-Cam-on-PYNQ-Z2-main/AES-Cam-on-PYNQ-Z2-main/AES_SYS/AES_SYS.cache/ip/2023.2/3/b/3bc72d579e6ad5e4/AES_SYS_auto_pc_0_sim_netlist.vhdl to c:/code/RFC-8439-fpga-implementation/AES-Cam-on-PYNQ-Z2-main/AES-Cam-on-PYNQ-Z2-main/AES_SYS/AES_SYS.gen/sources_1/bd/AES_SYS/ip/AES_SYS_auto_pc_8/AES_SYS_auto_pc_8_sim_netlist.vhdl.
INFO: [IP_Flow 19-6926] IPCACHE: added file to list for BOM: c:/code/RFC-8439-fpga-implementation/AES-Cam-on-PYNQ-Z2-main/AES-Cam-on-PYNQ-Z2-main/AES_SYS/AES_SYS.gen/sources_1/bd/AES_SYS/ip/AES_SYS_auto_pc_8/AES_SYS_auto_pc_8_sim_netlist.vhdl
INFO: [IP_Flow 19-6928] IPCACHE: copied cached file c:/code/RFC-8439-fpga-implementation/AES-Cam-on-PYNQ-Z2-main/AES-Cam-on-PYNQ-Z2-main/AES_SYS/AES_SYS.cache/ip/2023.2/3/b/3bc72d579e6ad5e4/AES_SYS_auto_pc_0_stub.v to c:/code/RFC-8439-fpga-implementation/AES-Cam-on-PYNQ-Z2-main/AES-Cam-on-PYNQ-Z2-main/AES_SYS/AES_SYS.gen/sources_1/bd/AES_SYS/ip/AES_SYS_auto_pc_8/AES_SYS_auto_pc_8_stub.v.
INFO: [IP_Flow 19-6926] IPCACHE: added file to list for BOM: c:/code/RFC-8439-fpga-implementation/AES-Cam-on-PYNQ-Z2-main/AES-Cam-on-PYNQ-Z2-main/AES_SYS/AES_SYS.gen/sources_1/bd/AES_SYS/ip/AES_SYS_auto_pc_8/AES_SYS_auto_pc_8_stub.v
INFO: [IP_Flow 19-6928] IPCACHE: copied cached file c:/code/RFC-8439-fpga-implementation/AES-Cam-on-PYNQ-Z2-main/AES-Cam-on-PYNQ-Z2-main/AES_SYS/AES_SYS.cache/ip/2023.2/3/b/3bc72d579e6ad5e4/AES_SYS_auto_pc_0_stub.vhdl to c:/code/RFC-8439-fpga-implementation/AES-Cam-on-PYNQ-Z2-main/AES-Cam-on-PYNQ-Z2-main/AES_SYS/AES_SYS.gen/sources_1/bd/AES_SYS/ip/AES_SYS_auto_pc_8/AES_SYS_auto_pc_8_stub.vhdl.
INFO: [IP_Flow 19-6926] IPCACHE: added file to list for BOM: c:/code/RFC-8439-fpga-implementation/AES-Cam-on-PYNQ-Z2-main/AES-Cam-on-PYNQ-Z2-main/AES_SYS/AES_SYS.gen/sources_1/bd/AES_SYS/ip/AES_SYS_auto_pc_8/AES_SYS_auto_pc_8_stub.vhdl
INFO: [IP_Flow 19-4993] Using cached IP synthesis design for IP AES_SYS_auto_pc_8, cache-ID = 3bc72d579e6ad5e4; cache size = 159.880 MB.
catch { config_ip_cache -export [get_ips -all AES_SYS_auto_pc_9] }
INFO: [IP_Flow 19-6924] IPCACHE: Running cache check for IP inst: AES_SYS_auto_pc_9
INFO: [IP_Flow 19-6922] IPCACHE: Exporting cached entry 3bc72d579e6ad5e4 to dir: c:/code/RFC-8439-fpga-implementation/AES-Cam-on-PYNQ-Z2-main/AES-Cam-on-PYNQ-Z2-main/AES_SYS/AES_SYS.gen/sources_1/bd/AES_SYS/ip/AES_SYS_auto_pc_9
INFO: [IP_Flow 19-6928] IPCACHE: copied cached file c:/code/RFC-8439-fpga-implementation/AES-Cam-on-PYNQ-Z2-main/AES-Cam-on-PYNQ-Z2-main/AES_SYS/AES_SYS.cache/ip/2023.2/3/b/3bc72d579e6ad5e4/AES_SYS_auto_pc_0.dcp to c:/code/RFC-8439-fpga-implementation/AES-Cam-on-PYNQ-Z2-main/AES-Cam-on-PYNQ-Z2-main/AES_SYS/AES_SYS.gen/sources_1/bd/AES_SYS/ip/AES_SYS_auto_pc_9/AES_SYS_auto_pc_9.dcp.
INFO: [IP_Flow 19-6926] IPCACHE: added file to list for BOM: c:/code/RFC-8439-fpga-implementation/AES-Cam-on-PYNQ-Z2-main/AES-Cam-on-PYNQ-Z2-main/AES_SYS/AES_SYS.gen/sources_1/bd/AES_SYS/ip/AES_SYS_auto_pc_9/AES_SYS_auto_pc_9.dcp
INFO: [IP_Flow 19-6928] IPCACHE: copied cached file c:/code/RFC-8439-fpga-implementation/AES-Cam-on-PYNQ-Z2-main/AES-Cam-on-PYNQ-Z2-main/AES_SYS/AES_SYS.cache/ip/2023.2/3/b/3bc72d579e6ad5e4/AES_SYS_auto_pc_0_sim_netlist.v to c:/code/RFC-8439-fpga-implementation/AES-Cam-on-PYNQ-Z2-main/AES-Cam-on-PYNQ-Z2-main/AES_SYS/AES_SYS.gen/sources_1/bd/AES_SYS/ip/AES_SYS_auto_pc_9/AES_SYS_auto_pc_9_sim_netlist.v.
INFO: [IP_Flow 19-6926] IPCACHE: added file to list for BOM: c:/code/RFC-8439-fpga-implementation/AES-Cam-on-PYNQ-Z2-main/AES-Cam-on-PYNQ-Z2-main/AES_SYS/AES_SYS.gen/sources_1/bd/AES_SYS/ip/AES_SYS_auto_pc_9/AES_SYS_auto_pc_9_sim_netlist.v
INFO: [IP_Flow 19-6928] IPCACHE: copied cached file c:/code/RFC-8439-fpga-implementation/AES-Cam-on-PYNQ-Z2-main/AES-Cam-on-PYNQ-Z2-main/AES_SYS/AES_SYS.cache/ip/2023.2/3/b/3bc72d579e6ad5e4/AES_SYS_auto_pc_0_sim_netlist.vhdl to c:/code/RFC-8439-fpga-implementation/AES-Cam-on-PYNQ-Z2-main/AES-Cam-on-PYNQ-Z2-main/AES_SYS/AES_SYS.gen/sources_1/bd/AES_SYS/ip/AES_SYS_auto_pc_9/AES_SYS_auto_pc_9_sim_netlist.vhdl.
INFO: [IP_Flow 19-6926] IPCACHE: added file to list for BOM: c:/code/RFC-8439-fpga-implementation/AES-Cam-on-PYNQ-Z2-main/AES-Cam-on-PYNQ-Z2-main/AES_SYS/AES_SYS.gen/sources_1/bd/AES_SYS/ip/AES_SYS_auto_pc_9/AES_SYS_auto_pc_9_sim_netlist.vhdl
INFO: [IP_Flow 19-6928] IPCACHE: copied cached file c:/code/RFC-8439-fpga-implementation/AES-Cam-on-PYNQ-Z2-main/AES-Cam-on-PYNQ-Z2-main/AES_SYS/AES_SYS.cache/ip/2023.2/3/b/3bc72d579e6ad5e4/AES_SYS_auto_pc_0_stub.v to c:/code/RFC-8439-fpga-implementation/AES-Cam-on-PYNQ-Z2-main/AES-Cam-on-PYNQ-Z2-main/AES_SYS/AES_SYS.gen/sources_1/bd/AES_SYS/ip/AES_SYS_auto_pc_9/AES_SYS_auto_pc_9_stub.v.
INFO: [IP_Flow 19-6926] IPCACHE: added file to list for BOM: c:/code/RFC-8439-fpga-implementation/AES-Cam-on-PYNQ-Z2-main/AES-Cam-on-PYNQ-Z2-main/AES_SYS/AES_SYS.gen/sources_1/bd/AES_SYS/ip/AES_SYS_auto_pc_9/AES_SYS_auto_pc_9_stub.v
INFO: [IP_Flow 19-6928] IPCACHE: copied cached file c:/code/RFC-8439-fpga-implementation/AES-Cam-on-PYNQ-Z2-main/AES-Cam-on-PYNQ-Z2-main/AES_SYS/AES_SYS.cache/ip/2023.2/3/b/3bc72d579e6ad5e4/AES_SYS_auto_pc_0_stub.vhdl to c:/code/RFC-8439-fpga-implementation/AES-Cam-on-PYNQ-Z2-main/AES-Cam-on-PYNQ-Z2-main/AES_SYS/AES_SYS.gen/sources_1/bd/AES_SYS/ip/AES_SYS_auto_pc_9/AES_SYS_auto_pc_9_stub.vhdl.
INFO: [IP_Flow 19-6926] IPCACHE: added file to list for BOM: c:/code/RFC-8439-fpga-implementation/AES-Cam-on-PYNQ-Z2-main/AES-Cam-on-PYNQ-Z2-main/AES_SYS/AES_SYS.gen/sources_1/bd/AES_SYS/ip/AES_SYS_auto_pc_9/AES_SYS_auto_pc_9_stub.vhdl
INFO: [IP_Flow 19-4993] Using cached IP synthesis design for IP AES_SYS_auto_pc_9, cache-ID = 3bc72d579e6ad5e4; cache size = 159.880 MB.
catch { config_ip_cache -export [get_ips -all AES_SYS_auto_pc_10] }
INFO: [IP_Flow 19-6924] IPCACHE: Running cache check for IP inst: AES_SYS_auto_pc_10
INFO: [IP_Flow 19-6922] IPCACHE: Exporting cached entry 3bc72d579e6ad5e4 to dir: c:/code/RFC-8439-fpga-implementation/AES-Cam-on-PYNQ-Z2-main/AES-Cam-on-PYNQ-Z2-main/AES_SYS/AES_SYS.gen/sources_1/bd/AES_SYS/ip/AES_SYS_auto_pc_10
INFO: [IP_Flow 19-6928] IPCACHE: copied cached file c:/code/RFC-8439-fpga-implementation/AES-Cam-on-PYNQ-Z2-main/AES-Cam-on-PYNQ-Z2-main/AES_SYS/AES_SYS.cache/ip/2023.2/3/b/3bc72d579e6ad5e4/AES_SYS_auto_pc_0.dcp to c:/code/RFC-8439-fpga-implementation/AES-Cam-on-PYNQ-Z2-main/AES-Cam-on-PYNQ-Z2-main/AES_SYS/AES_SYS.gen/sources_1/bd/AES_SYS/ip/AES_SYS_auto_pc_10/AES_SYS_auto_pc_10.dcp.
INFO: [IP_Flow 19-6926] IPCACHE: added file to list for BOM: c:/code/RFC-8439-fpga-implementation/AES-Cam-on-PYNQ-Z2-main/AES-Cam-on-PYNQ-Z2-main/AES_SYS/AES_SYS.gen/sources_1/bd/AES_SYS/ip/AES_SYS_auto_pc_10/AES_SYS_auto_pc_10.dcp
INFO: [IP_Flow 19-6928] IPCACHE: copied cached file c:/code/RFC-8439-fpga-implementation/AES-Cam-on-PYNQ-Z2-main/AES-Cam-on-PYNQ-Z2-main/AES_SYS/AES_SYS.cache/ip/2023.2/3/b/3bc72d579e6ad5e4/AES_SYS_auto_pc_0_sim_netlist.v to c:/code/RFC-8439-fpga-implementation/AES-Cam-on-PYNQ-Z2-main/AES-Cam-on-PYNQ-Z2-main/AES_SYS/AES_SYS.gen/sources_1/bd/AES_SYS/ip/AES_SYS_auto_pc_10/AES_SYS_auto_pc_10_sim_netlist.v.
INFO: [IP_Flow 19-6926] IPCACHE: added file to list for BOM: c:/code/RFC-8439-fpga-implementation/AES-Cam-on-PYNQ-Z2-main/AES-Cam-on-PYNQ-Z2-main/AES_SYS/AES_SYS.gen/sources_1/bd/AES_SYS/ip/AES_SYS_auto_pc_10/AES_SYS_auto_pc_10_sim_netlist.v
INFO: [IP_Flow 19-6928] IPCACHE: copied cached file c:/code/RFC-8439-fpga-implementation/AES-Cam-on-PYNQ-Z2-main/AES-Cam-on-PYNQ-Z2-main/AES_SYS/AES_SYS.cache/ip/2023.2/3/b/3bc72d579e6ad5e4/AES_SYS_auto_pc_0_sim_netlist.vhdl to c:/code/RFC-8439-fpga-implementation/AES-Cam-on-PYNQ-Z2-main/AES-Cam-on-PYNQ-Z2-main/AES_SYS/AES_SYS.gen/sources_1/bd/AES_SYS/ip/AES_SYS_auto_pc_10/AES_SYS_auto_pc_10_sim_netlist.vhdl.
INFO: [IP_Flow 19-6926] IPCACHE: added file to list for BOM: c:/code/RFC-8439-fpga-implementation/AES-Cam-on-PYNQ-Z2-main/AES-Cam-on-PYNQ-Z2-main/AES_SYS/AES_SYS.gen/sources_1/bd/AES_SYS/ip/AES_SYS_auto_pc_10/AES_SYS_auto_pc_10_sim_netlist.vhdl
INFO: [IP_Flow 19-6928] IPCACHE: copied cached file c:/code/RFC-8439-fpga-implementation/AES-Cam-on-PYNQ-Z2-main/AES-Cam-on-PYNQ-Z2-main/AES_SYS/AES_SYS.cache/ip/2023.2/3/b/3bc72d579e6ad5e4/AES_SYS_auto_pc_0_stub.v to c:/code/RFC-8439-fpga-implementation/AES-Cam-on-PYNQ-Z2-main/AES-Cam-on-PYNQ-Z2-main/AES_SYS/AES_SYS.gen/sources_1/bd/AES_SYS/ip/AES_SYS_auto_pc_10/AES_SYS_auto_pc_10_stub.v.
INFO: [IP_Flow 19-6926] IPCACHE: added file to list for BOM: c:/code/RFC-8439-fpga-implementation/AES-Cam-on-PYNQ-Z2-main/AES-Cam-on-PYNQ-Z2-main/AES_SYS/AES_SYS.gen/sources_1/bd/AES_SYS/ip/AES_SYS_auto_pc_10/AES_SYS_auto_pc_10_stub.v
INFO: [IP_Flow 19-6928] IPCACHE: copied cached file c:/code/RFC-8439-fpga-implementation/AES-Cam-on-PYNQ-Z2-main/AES-Cam-on-PYNQ-Z2-main/AES_SYS/AES_SYS.cache/ip/2023.2/3/b/3bc72d579e6ad5e4/AES_SYS_auto_pc_0_stub.vhdl to c:/code/RFC-8439-fpga-implementation/AES-Cam-on-PYNQ-Z2-main/AES-Cam-on-PYNQ-Z2-main/AES_SYS/AES_SYS.gen/sources_1/bd/AES_SYS/ip/AES_SYS_auto_pc_10/AES_SYS_auto_pc_10_stub.vhdl.
INFO: [IP_Flow 19-6926] IPCACHE: added file to list for BOM: c:/code/RFC-8439-fpga-implementation/AES-Cam-on-PYNQ-Z2-main/AES-Cam-on-PYNQ-Z2-main/AES_SYS/AES_SYS.gen/sources_1/bd/AES_SYS/ip/AES_SYS_auto_pc_10/AES_SYS_auto_pc_10_stub.vhdl
INFO: [IP_Flow 19-4993] Using cached IP synthesis design for IP AES_SYS_auto_pc_10, cache-ID = 3bc72d579e6ad5e4; cache size = 159.880 MB.
catch { config_ip_cache -export [get_ips -all AES_SYS_auto_pc_12] }
INFO: [IP_Flow 19-6924] IPCACHE: Running cache check for IP inst: AES_SYS_auto_pc_12
INFO: [IP_Flow 19-6922] IPCACHE: Exporting cached entry 177366daf5914f73 to dir: c:/code/RFC-8439-fpga-implementation/AES-Cam-on-PYNQ-Z2-main/AES-Cam-on-PYNQ-Z2-main/AES_SYS/AES_SYS.gen/sources_1/bd/AES_SYS/ip/AES_SYS_auto_pc_12
INFO: [IP_Flow 19-6928] IPCACHE: copied cached file c:/code/RFC-8439-fpga-implementation/AES-Cam-on-PYNQ-Z2-main/AES-Cam-on-PYNQ-Z2-main/AES_SYS/AES_SYS.cache/ip/2023.2/1/7/177366daf5914f73/AES_SYS_auto_pc_12.dcp to c:/code/RFC-8439-fpga-implementation/AES-Cam-on-PYNQ-Z2-main/AES-Cam-on-PYNQ-Z2-main/AES_SYS/AES_SYS.gen/sources_1/bd/AES_SYS/ip/AES_SYS_auto_pc_12/AES_SYS_auto_pc_12.dcp.
INFO: [IP_Flow 19-6926] IPCACHE: added file to list for BOM: c:/code/RFC-8439-fpga-implementation/AES-Cam-on-PYNQ-Z2-main/AES-Cam-on-PYNQ-Z2-main/AES_SYS/AES_SYS.gen/sources_1/bd/AES_SYS/ip/AES_SYS_auto_pc_12/AES_SYS_auto_pc_12.dcp
INFO: [IP_Flow 19-6928] IPCACHE: copied cached file c:/code/RFC-8439-fpga-implementation/AES-Cam-on-PYNQ-Z2-main/AES-Cam-on-PYNQ-Z2-main/AES_SYS/AES_SYS.cache/ip/2023.2/1/7/177366daf5914f73/AES_SYS_auto_pc_12_sim_netlist.v to c:/code/RFC-8439-fpga-implementation/AES-Cam-on-PYNQ-Z2-main/AES-Cam-on-PYNQ-Z2-main/AES_SYS/AES_SYS.gen/sources_1/bd/AES_SYS/ip/AES_SYS_auto_pc_12/AES_SYS_auto_pc_12_sim_netlist.v.
INFO: [IP_Flow 19-6926] IPCACHE: added file to list for BOM: c:/code/RFC-8439-fpga-implementation/AES-Cam-on-PYNQ-Z2-main/AES-Cam-on-PYNQ-Z2-main/AES_SYS/AES_SYS.gen/sources_1/bd/AES_SYS/ip/AES_SYS_auto_pc_12/AES_SYS_auto_pc_12_sim_netlist.v
INFO: [IP_Flow 19-6928] IPCACHE: copied cached file c:/code/RFC-8439-fpga-implementation/AES-Cam-on-PYNQ-Z2-main/AES-Cam-on-PYNQ-Z2-main/AES_SYS/AES_SYS.cache/ip/2023.2/1/7/177366daf5914f73/AES_SYS_auto_pc_12_sim_netlist.vhdl to c:/code/RFC-8439-fpga-implementation/AES-Cam-on-PYNQ-Z2-main/AES-Cam-on-PYNQ-Z2-main/AES_SYS/AES_SYS.gen/sources_1/bd/AES_SYS/ip/AES_SYS_auto_pc_12/AES_SYS_auto_pc_12_sim_netlist.vhdl.
INFO: [IP_Flow 19-6926] IPCACHE: added file to list for BOM: c:/code/RFC-8439-fpga-implementation/AES-Cam-on-PYNQ-Z2-main/AES-Cam-on-PYNQ-Z2-main/AES_SYS/AES_SYS.gen/sources_1/bd/AES_SYS/ip/AES_SYS_auto_pc_12/AES_SYS_auto_pc_12_sim_netlist.vhdl
INFO: [IP_Flow 19-6928] IPCACHE: copied cached file c:/code/RFC-8439-fpga-implementation/AES-Cam-on-PYNQ-Z2-main/AES-Cam-on-PYNQ-Z2-main/AES_SYS/AES_SYS.cache/ip/2023.2/1/7/177366daf5914f73/AES_SYS_auto_pc_12_stub.v to c:/code/RFC-8439-fpga-implementation/AES-Cam-on-PYNQ-Z2-main/AES-Cam-on-PYNQ-Z2-main/AES_SYS/AES_SYS.gen/sources_1/bd/AES_SYS/ip/AES_SYS_auto_pc_12/AES_SYS_auto_pc_12_stub.v.
INFO: [IP_Flow 19-6926] IPCACHE: added file to list for BOM: c:/code/RFC-8439-fpga-implementation/AES-Cam-on-PYNQ-Z2-main/AES-Cam-on-PYNQ-Z2-main/AES_SYS/AES_SYS.gen/sources_1/bd/AES_SYS/ip/AES_SYS_auto_pc_12/AES_SYS_auto_pc_12_stub.v
INFO: [IP_Flow 19-6928] IPCACHE: copied cached file c:/code/RFC-8439-fpga-implementation/AES-Cam-on-PYNQ-Z2-main/AES-Cam-on-PYNQ-Z2-main/AES_SYS/AES_SYS.cache/ip/2023.2/1/7/177366daf5914f73/AES_SYS_auto_pc_12_stub.vhdl to c:/code/RFC-8439-fpga-implementation/AES-Cam-on-PYNQ-Z2-main/AES-Cam-on-PYNQ-Z2-main/AES_SYS/AES_SYS.gen/sources_1/bd/AES_SYS/ip/AES_SYS_auto_pc_12/AES_SYS_auto_pc_12_stub.vhdl.
INFO: [IP_Flow 19-6926] IPCACHE: added file to list for BOM: c:/code/RFC-8439-fpga-implementation/AES-Cam-on-PYNQ-Z2-main/AES-Cam-on-PYNQ-Z2-main/AES_SYS/AES_SYS.gen/sources_1/bd/AES_SYS/ip/AES_SYS_auto_pc_12/AES_SYS_auto_pc_12_stub.vhdl
INFO: [IP_Flow 19-4993] Using cached IP synthesis design for IP AES_SYS_auto_pc_12, cache-ID = 177366daf5914f73; cache size = 159.880 MB.
catch { config_ip_cache -export [get_ips -all AES_SYS_auto_us_0] }
INFO: [IP_Flow 19-6924] IPCACHE: Running cache check for IP inst: AES_SYS_auto_us_0
INFO: [IP_Flow 19-6922] IPCACHE: Exporting cached entry 96128dd45566b66c to dir: c:/code/RFC-8439-fpga-implementation/AES-Cam-on-PYNQ-Z2-main/AES-Cam-on-PYNQ-Z2-main/AES_SYS/AES_SYS.gen/sources_1/bd/AES_SYS/ip/AES_SYS_auto_us_0
INFO: [IP_Flow 19-6928] IPCACHE: copied cached file c:/code/RFC-8439-fpga-implementation/AES-Cam-on-PYNQ-Z2-main/AES-Cam-on-PYNQ-Z2-main/AES_SYS/AES_SYS.cache/ip/2023.2/9/6/96128dd45566b66c/AES_SYS_auto_us_0.dcp to c:/code/RFC-8439-fpga-implementation/AES-Cam-on-PYNQ-Z2-main/AES-Cam-on-PYNQ-Z2-main/AES_SYS/AES_SYS.gen/sources_1/bd/AES_SYS/ip/AES_SYS_auto_us_0/AES_SYS_auto_us_0.dcp.
INFO: [IP_Flow 19-6926] IPCACHE: added file to list for BOM: c:/code/RFC-8439-fpga-implementation/AES-Cam-on-PYNQ-Z2-main/AES-Cam-on-PYNQ-Z2-main/AES_SYS/AES_SYS.gen/sources_1/bd/AES_SYS/ip/AES_SYS_auto_us_0/AES_SYS_auto_us_0.dcp
INFO: [IP_Flow 19-6928] IPCACHE: copied cached file c:/code/RFC-8439-fpga-implementation/AES-Cam-on-PYNQ-Z2-main/AES-Cam-on-PYNQ-Z2-main/AES_SYS/AES_SYS.cache/ip/2023.2/9/6/96128dd45566b66c/AES_SYS_auto_us_0_sim_netlist.v to c:/code/RFC-8439-fpga-implementation/AES-Cam-on-PYNQ-Z2-main/AES-Cam-on-PYNQ-Z2-main/AES_SYS/AES_SYS.gen/sources_1/bd/AES_SYS/ip/AES_SYS_auto_us_0/AES_SYS_auto_us_0_sim_netlist.v.
INFO: [IP_Flow 19-6926] IPCACHE: added file to list for BOM: c:/code/RFC-8439-fpga-implementation/AES-Cam-on-PYNQ-Z2-main/AES-Cam-on-PYNQ-Z2-main/AES_SYS/AES_SYS.gen/sources_1/bd/AES_SYS/ip/AES_SYS_auto_us_0/AES_SYS_auto_us_0_sim_netlist.v
INFO: [IP_Flow 19-6928] IPCACHE: copied cached file c:/code/RFC-8439-fpga-implementation/AES-Cam-on-PYNQ-Z2-main/AES-Cam-on-PYNQ-Z2-main/AES_SYS/AES_SYS.cache/ip/2023.2/9/6/96128dd45566b66c/AES_SYS_auto_us_0_sim_netlist.vhdl to c:/code/RFC-8439-fpga-implementation/AES-Cam-on-PYNQ-Z2-main/AES-Cam-on-PYNQ-Z2-main/AES_SYS/AES_SYS.gen/sources_1/bd/AES_SYS/ip/AES_SYS_auto_us_0/AES_SYS_auto_us_0_sim_netlist.vhdl.
INFO: [IP_Flow 19-6926] IPCACHE: added file to list for BOM: c:/code/RFC-8439-fpga-implementation/AES-Cam-on-PYNQ-Z2-main/AES-Cam-on-PYNQ-Z2-main/AES_SYS/AES_SYS.gen/sources_1/bd/AES_SYS/ip/AES_SYS_auto_us_0/AES_SYS_auto_us_0_sim_netlist.vhdl
INFO: [IP_Flow 19-6928] IPCACHE: copied cached file c:/code/RFC-8439-fpga-implementation/AES-Cam-on-PYNQ-Z2-main/AES-Cam-on-PYNQ-Z2-main/AES_SYS/AES_SYS.cache/ip/2023.2/9/6/96128dd45566b66c/AES_SYS_auto_us_0_stub.v to c:/code/RFC-8439-fpga-implementation/AES-Cam-on-PYNQ-Z2-main/AES-Cam-on-PYNQ-Z2-main/AES_SYS/AES_SYS.gen/sources_1/bd/AES_SYS/ip/AES_SYS_auto_us_0/AES_SYS_auto_us_0_stub.v.
INFO: [IP_Flow 19-6926] IPCACHE: added file to list for BOM: c:/code/RFC-8439-fpga-implementation/AES-Cam-on-PYNQ-Z2-main/AES-Cam-on-PYNQ-Z2-main/AES_SYS/AES_SYS.gen/sources_1/bd/AES_SYS/ip/AES_SYS_auto_us_0/AES_SYS_auto_us_0_stub.v
INFO: [IP_Flow 19-6928] IPCACHE: copied cached file c:/code/RFC-8439-fpga-implementation/AES-Cam-on-PYNQ-Z2-main/AES-Cam-on-PYNQ-Z2-main/AES_SYS/AES_SYS.cache/ip/2023.2/9/6/96128dd45566b66c/AES_SYS_auto_us_0_stub.vhdl to c:/code/RFC-8439-fpga-implementation/AES-Cam-on-PYNQ-Z2-main/AES-Cam-on-PYNQ-Z2-main/AES_SYS/AES_SYS.gen/sources_1/bd/AES_SYS/ip/AES_SYS_auto_us_0/AES_SYS_auto_us_0_stub.vhdl.
INFO: [IP_Flow 19-6926] IPCACHE: added file to list for BOM: c:/code/RFC-8439-fpga-implementation/AES-Cam-on-PYNQ-Z2-main/AES-Cam-on-PYNQ-Z2-main/AES_SYS/AES_SYS.gen/sources_1/bd/AES_SYS/ip/AES_SYS_auto_us_0/AES_SYS_auto_us_0_stub.vhdl
INFO: [IP_Flow 19-4993] Using cached IP synthesis design for IP AES_SYS_auto_us_0, cache-ID = 96128dd45566b66c; cache size = 159.880 MB.
catch { config_ip_cache -export [get_ips -all AES_SYS_auto_pc_13] }
INFO: [IP_Flow 19-6924] IPCACHE: Running cache check for IP inst: AES_SYS_auto_pc_13
INFO: [IP_Flow 19-6922] IPCACHE: Exporting cached entry 680f4c3d4d7785e1 to dir: c:/code/RFC-8439-fpga-implementation/AES-Cam-on-PYNQ-Z2-main/AES-Cam-on-PYNQ-Z2-main/AES_SYS/AES_SYS.gen/sources_1/bd/AES_SYS/ip/AES_SYS_auto_pc_13
INFO: [IP_Flow 19-6928] IPCACHE: copied cached file c:/code/RFC-8439-fpga-implementation/AES-Cam-on-PYNQ-Z2-main/AES-Cam-on-PYNQ-Z2-main/AES_SYS/AES_SYS.cache/ip/2023.2/6/8/680f4c3d4d7785e1/AES_SYS_auto_pc_13.dcp to c:/code/RFC-8439-fpga-implementation/AES-Cam-on-PYNQ-Z2-main/AES-Cam-on-PYNQ-Z2-main/AES_SYS/AES_SYS.gen/sources_1/bd/AES_SYS/ip/AES_SYS_auto_pc_13/AES_SYS_auto_pc_13.dcp.
INFO: [IP_Flow 19-6926] IPCACHE: added file to list for BOM: c:/code/RFC-8439-fpga-implementation/AES-Cam-on-PYNQ-Z2-main/AES-Cam-on-PYNQ-Z2-main/AES_SYS/AES_SYS.gen/sources_1/bd/AES_SYS/ip/AES_SYS_auto_pc_13/AES_SYS_auto_pc_13.dcp
INFO: [IP_Flow 19-6928] IPCACHE: copied cached file c:/code/RFC-8439-fpga-implementation/AES-Cam-on-PYNQ-Z2-main/AES-Cam-on-PYNQ-Z2-main/AES_SYS/AES_SYS.cache/ip/2023.2/6/8/680f4c3d4d7785e1/AES_SYS_auto_pc_13_sim_netlist.v to c:/code/RFC-8439-fpga-implementation/AES-Cam-on-PYNQ-Z2-main/AES-Cam-on-PYNQ-Z2-main/AES_SYS/AES_SYS.gen/sources_1/bd/AES_SYS/ip/AES_SYS_auto_pc_13/AES_SYS_auto_pc_13_sim_netlist.v.
INFO: [IP_Flow 19-6926] IPCACHE: added file to list for BOM: c:/code/RFC-8439-fpga-implementation/AES-Cam-on-PYNQ-Z2-main/AES-Cam-on-PYNQ-Z2-main/AES_SYS/AES_SYS.gen/sources_1/bd/AES_SYS/ip/AES_SYS_auto_pc_13/AES_SYS_auto_pc_13_sim_netlist.v
INFO: [IP_Flow 19-6928] IPCACHE: copied cached file c:/code/RFC-8439-fpga-implementation/AES-Cam-on-PYNQ-Z2-main/AES-Cam-on-PYNQ-Z2-main/AES_SYS/AES_SYS.cache/ip/2023.2/6/8/680f4c3d4d7785e1/AES_SYS_auto_pc_13_sim_netlist.vhdl to c:/code/RFC-8439-fpga-implementation/AES-Cam-on-PYNQ-Z2-main/AES-Cam-on-PYNQ-Z2-main/AES_SYS/AES_SYS.gen/sources_1/bd/AES_SYS/ip/AES_SYS_auto_pc_13/AES_SYS_auto_pc_13_sim_netlist.vhdl.
INFO: [IP_Flow 19-6926] IPCACHE: added file to list for BOM: c:/code/RFC-8439-fpga-implementation/AES-Cam-on-PYNQ-Z2-main/AES-Cam-on-PYNQ-Z2-main/AES_SYS/AES_SYS.gen/sources_1/bd/AES_SYS/ip/AES_SYS_auto_pc_13/AES_SYS_auto_pc_13_sim_netlist.vhdl
INFO: [IP_Flow 19-6928] IPCACHE: copied cached file c:/code/RFC-8439-fpga-implementation/AES-Cam-on-PYNQ-Z2-main/AES-Cam-on-PYNQ-Z2-main/AES_SYS/AES_SYS.cache/ip/2023.2/6/8/680f4c3d4d7785e1/AES_SYS_auto_pc_13_stub.v to c:/code/RFC-8439-fpga-implementation/AES-Cam-on-PYNQ-Z2-main/AES-Cam-on-PYNQ-Z2-main/AES_SYS/AES_SYS.gen/sources_1/bd/AES_SYS/ip/AES_SYS_auto_pc_13/AES_SYS_auto_pc_13_stub.v.
INFO: [IP_Flow 19-6926] IPCACHE: added file to list for BOM: c:/code/RFC-8439-fpga-implementation/AES-Cam-on-PYNQ-Z2-main/AES-Cam-on-PYNQ-Z2-main/AES_SYS/AES_SYS.gen/sources_1/bd/AES_SYS/ip/AES_SYS_auto_pc_13/AES_SYS_auto_pc_13_stub.v
INFO: [IP_Flow 19-6928] IPCACHE: copied cached file c:/code/RFC-8439-fpga-implementation/AES-Cam-on-PYNQ-Z2-main/AES-Cam-on-PYNQ-Z2-main/AES_SYS/AES_SYS.cache/ip/2023.2/6/8/680f4c3d4d7785e1/AES_SYS_auto_pc_13_stub.vhdl to c:/code/RFC-8439-fpga-implementation/AES-Cam-on-PYNQ-Z2-main/AES-Cam-on-PYNQ-Z2-main/AES_SYS/AES_SYS.gen/sources_1/bd/AES_SYS/ip/AES_SYS_auto_pc_13/AES_SYS_auto_pc_13_stub.vhdl.
INFO: [IP_Flow 19-6926] IPCACHE: added file to list for BOM: c:/code/RFC-8439-fpga-implementation/AES-Cam-on-PYNQ-Z2-main/AES-Cam-on-PYNQ-Z2-main/AES_SYS/AES_SYS.gen/sources_1/bd/AES_SYS/ip/AES_SYS_auto_pc_13/AES_SYS_auto_pc_13_stub.vhdl
INFO: [IP_Flow 19-4993] Using cached IP synthesis design for IP AES_SYS_auto_pc_13, cache-ID = 680f4c3d4d7785e1; cache size = 159.880 MB.
catch { config_ip_cache -export [get_ips -all AES_SYS_auto_ds_0] }
INFO: [IP_Flow 19-6924] IPCACHE: Running cache check for IP inst: AES_SYS_auto_ds_0
INFO: [IP_Flow 19-6922] IPCACHE: Exporting cached entry f9503eb3174c7348 to dir: c:/code/RFC-8439-fpga-implementation/AES-Cam-on-PYNQ-Z2-main/AES-Cam-on-PYNQ-Z2-main/AES_SYS/AES_SYS.gen/sources_1/bd/AES_SYS/ip/AES_SYS_auto_ds_0
INFO: [IP_Flow 19-6928] IPCACHE: copied cached file c:/code/RFC-8439-fpga-implementation/AES-Cam-on-PYNQ-Z2-main/AES-Cam-on-PYNQ-Z2-main/AES_SYS/AES_SYS.cache/ip/2023.2/f/9/f9503eb3174c7348/AES_SYS_auto_ds_0.dcp to c:/code/RFC-8439-fpga-implementation/AES-Cam-on-PYNQ-Z2-main/AES-Cam-on-PYNQ-Z2-main/AES_SYS/AES_SYS.gen/sources_1/bd/AES_SYS/ip/AES_SYS_auto_ds_0/AES_SYS_auto_ds_0.dcp.
INFO: [IP_Flow 19-6926] IPCACHE: added file to list for BOM: c:/code/RFC-8439-fpga-implementation/AES-Cam-on-PYNQ-Z2-main/AES-Cam-on-PYNQ-Z2-main/AES_SYS/AES_SYS.gen/sources_1/bd/AES_SYS/ip/AES_SYS_auto_ds_0/AES_SYS_auto_ds_0.dcp
INFO: [IP_Flow 19-6928] IPCACHE: copied cached file c:/code/RFC-8439-fpga-implementation/AES-Cam-on-PYNQ-Z2-main/AES-Cam-on-PYNQ-Z2-main/AES_SYS/AES_SYS.cache/ip/2023.2/f/9/f9503eb3174c7348/AES_SYS_auto_ds_0_sim_netlist.v to c:/code/RFC-8439-fpga-implementation/AES-Cam-on-PYNQ-Z2-main/AES-Cam-on-PYNQ-Z2-main/AES_SYS/AES_SYS.gen/sources_1/bd/AES_SYS/ip/AES_SYS_auto_ds_0/AES_SYS_auto_ds_0_sim_netlist.v.
INFO: [IP_Flow 19-6926] IPCACHE: added file to list for BOM: c:/code/RFC-8439-fpga-implementation/AES-Cam-on-PYNQ-Z2-main/AES-Cam-on-PYNQ-Z2-main/AES_SYS/AES_SYS.gen/sources_1/bd/AES_SYS/ip/AES_SYS_auto_ds_0/AES_SYS_auto_ds_0_sim_netlist.v
INFO: [IP_Flow 19-6928] IPCACHE: copied cached file c:/code/RFC-8439-fpga-implementation/AES-Cam-on-PYNQ-Z2-main/AES-Cam-on-PYNQ-Z2-main/AES_SYS/AES_SYS.cache/ip/2023.2/f/9/f9503eb3174c7348/AES_SYS_auto_ds_0_sim_netlist.vhdl to c:/code/RFC-8439-fpga-implementation/AES-Cam-on-PYNQ-Z2-main/AES-Cam-on-PYNQ-Z2-main/AES_SYS/AES_SYS.gen/sources_1/bd/AES_SYS/ip/AES_SYS_auto_ds_0/AES_SYS_auto_ds_0_sim_netlist.vhdl.
INFO: [IP_Flow 19-6926] IPCACHE: added file to list for BOM: c:/code/RFC-8439-fpga-implementation/AES-Cam-on-PYNQ-Z2-main/AES-Cam-on-PYNQ-Z2-main/AES_SYS/AES_SYS.gen/sources_1/bd/AES_SYS/ip/AES_SYS_auto_ds_0/AES_SYS_auto_ds_0_sim_netlist.vhdl
INFO: [IP_Flow 19-6928] IPCACHE: copied cached file c:/code/RFC-8439-fpga-implementation/AES-Cam-on-PYNQ-Z2-main/AES-Cam-on-PYNQ-Z2-main/AES_SYS/AES_SYS.cache/ip/2023.2/f/9/f9503eb3174c7348/AES_SYS_auto_ds_0_stub.v to c:/code/RFC-8439-fpga-implementation/AES-Cam-on-PYNQ-Z2-main/AES-Cam-on-PYNQ-Z2-main/AES_SYS/AES_SYS.gen/sources_1/bd/AES_SYS/ip/AES_SYS_auto_ds_0/AES_SYS_auto_ds_0_stub.v.
INFO: [IP_Flow 19-6926] IPCACHE: added file to list for BOM: c:/code/RFC-8439-fpga-implementation/AES-Cam-on-PYNQ-Z2-main/AES-Cam-on-PYNQ-Z2-main/AES_SYS/AES_SYS.gen/sources_1/bd/AES_SYS/ip/AES_SYS_auto_ds_0/AES_SYS_auto_ds_0_stub.v
INFO: [IP_Flow 19-6928] IPCACHE: copied cached file c:/code/RFC-8439-fpga-implementation/AES-Cam-on-PYNQ-Z2-main/AES-Cam-on-PYNQ-Z2-main/AES_SYS/AES_SYS.cache/ip/2023.2/f/9/f9503eb3174c7348/AES_SYS_auto_ds_0_stub.vhdl to c:/code/RFC-8439-fpga-implementation/AES-Cam-on-PYNQ-Z2-main/AES-Cam-on-PYNQ-Z2-main/AES_SYS/AES_SYS.gen/sources_1/bd/AES_SYS/ip/AES_SYS_auto_ds_0/AES_SYS_auto_ds_0_stub.vhdl.
INFO: [IP_Flow 19-6926] IPCACHE: added file to list for BOM: c:/code/RFC-8439-fpga-implementation/AES-Cam-on-PYNQ-Z2-main/AES-Cam-on-PYNQ-Z2-main/AES_SYS/AES_SYS.gen/sources_1/bd/AES_SYS/ip/AES_SYS_auto_ds_0/AES_SYS_auto_ds_0_stub.vhdl
INFO: [IP_Flow 19-4993] Using cached IP synthesis design for IP AES_SYS_auto_ds_0, cache-ID = f9503eb3174c7348; cache size = 159.880 MB.
catch { config_ip_cache -export [get_ips -all AES_SYS_auto_ds_1] }
INFO: [IP_Flow 19-6924] IPCACHE: Running cache check for IP inst: AES_SYS_auto_ds_1
INFO: [IP_Flow 19-6922] IPCACHE: Exporting cached entry f9503eb3174c7348 to dir: c:/code/RFC-8439-fpga-implementation/AES-Cam-on-PYNQ-Z2-main/AES-Cam-on-PYNQ-Z2-main/AES_SYS/AES_SYS.gen/sources_1/bd/AES_SYS/ip/AES_SYS_auto_ds_1
INFO: [IP_Flow 19-6928] IPCACHE: copied cached file c:/code/RFC-8439-fpga-implementation/AES-Cam-on-PYNQ-Z2-main/AES-Cam-on-PYNQ-Z2-main/AES_SYS/AES_SYS.cache/ip/2023.2/f/9/f9503eb3174c7348/AES_SYS_auto_ds_0.dcp to c:/code/RFC-8439-fpga-implementation/AES-Cam-on-PYNQ-Z2-main/AES-Cam-on-PYNQ-Z2-main/AES_SYS/AES_SYS.gen/sources_1/bd/AES_SYS/ip/AES_SYS_auto_ds_1/AES_SYS_auto_ds_1.dcp.
INFO: [IP_Flow 19-6926] IPCACHE: added file to list for BOM: c:/code/RFC-8439-fpga-implementation/AES-Cam-on-PYNQ-Z2-main/AES-Cam-on-PYNQ-Z2-main/AES_SYS/AES_SYS.gen/sources_1/bd/AES_SYS/ip/AES_SYS_auto_ds_1/AES_SYS_auto_ds_1.dcp
INFO: [IP_Flow 19-6928] IPCACHE: copied cached file c:/code/RFC-8439-fpga-implementation/AES-Cam-on-PYNQ-Z2-main/AES-Cam-on-PYNQ-Z2-main/AES_SYS/AES_SYS.cache/ip/2023.2/f/9/f9503eb3174c7348/AES_SYS_auto_ds_0_sim_netlist.v to c:/code/RFC-8439-fpga-implementation/AES-Cam-on-PYNQ-Z2-main/AES-Cam-on-PYNQ-Z2-main/AES_SYS/AES_SYS.gen/sources_1/bd/AES_SYS/ip/AES_SYS_auto_ds_1/AES_SYS_auto_ds_1_sim_netlist.v.
INFO: [IP_Flow 19-6926] IPCACHE: added file to list for BOM: c:/code/RFC-8439-fpga-implementation/AES-Cam-on-PYNQ-Z2-main/AES-Cam-on-PYNQ-Z2-main/AES_SYS/AES_SYS.gen/sources_1/bd/AES_SYS/ip/AES_SYS_auto_ds_1/AES_SYS_auto_ds_1_sim_netlist.v
INFO: [IP_Flow 19-6928] IPCACHE: copied cached file c:/code/RFC-8439-fpga-implementation/AES-Cam-on-PYNQ-Z2-main/AES-Cam-on-PYNQ-Z2-main/AES_SYS/AES_SYS.cache/ip/2023.2/f/9/f9503eb3174c7348/AES_SYS_auto_ds_0_sim_netlist.vhdl to c:/code/RFC-8439-fpga-implementation/AES-Cam-on-PYNQ-Z2-main/AES-Cam-on-PYNQ-Z2-main/AES_SYS/AES_SYS.gen/sources_1/bd/AES_SYS/ip/AES_SYS_auto_ds_1/AES_SYS_auto_ds_1_sim_netlist.vhdl.
INFO: [IP_Flow 19-6926] IPCACHE: added file to list for BOM: c:/code/RFC-8439-fpga-implementation/AES-Cam-on-PYNQ-Z2-main/AES-Cam-on-PYNQ-Z2-main/AES_SYS/AES_SYS.gen/sources_1/bd/AES_SYS/ip/AES_SYS_auto_ds_1/AES_SYS_auto_ds_1_sim_netlist.vhdl
INFO: [IP_Flow 19-6928] IPCACHE: copied cached file c:/code/RFC-8439-fpga-implementation/AES-Cam-on-PYNQ-Z2-main/AES-Cam-on-PYNQ-Z2-main/AES_SYS/AES_SYS.cache/ip/2023.2/f/9/f9503eb3174c7348/AES_SYS_auto_ds_0_stub.v to c:/code/RFC-8439-fpga-implementation/AES-Cam-on-PYNQ-Z2-main/AES-Cam-on-PYNQ-Z2-main/AES_SYS/AES_SYS.gen/sources_1/bd/AES_SYS/ip/AES_SYS_auto_ds_1/AES_SYS_auto_ds_1_stub.v.
INFO: [IP_Flow 19-6926] IPCACHE: added file to list for BOM: c:/code/RFC-8439-fpga-implementation/AES-Cam-on-PYNQ-Z2-main/AES-Cam-on-PYNQ-Z2-main/AES_SYS/AES_SYS.gen/sources_1/bd/AES_SYS/ip/AES_SYS_auto_ds_1/AES_SYS_auto_ds_1_stub.v
INFO: [IP_Flow 19-6928] IPCACHE: copied cached file c:/code/RFC-8439-fpga-implementation/AES-Cam-on-PYNQ-Z2-main/AES-Cam-on-PYNQ-Z2-main/AES_SYS/AES_SYS.cache/ip/2023.2/f/9/f9503eb3174c7348/AES_SYS_auto_ds_0_stub.vhdl to c:/code/RFC-8439-fpga-implementation/AES-Cam-on-PYNQ-Z2-main/AES-Cam-on-PYNQ-Z2-main/AES_SYS/AES_SYS.gen/sources_1/bd/AES_SYS/ip/AES_SYS_auto_ds_1/AES_SYS_auto_ds_1_stub.vhdl.
INFO: [IP_Flow 19-6926] IPCACHE: added file to list for BOM: c:/code/RFC-8439-fpga-implementation/AES-Cam-on-PYNQ-Z2-main/AES-Cam-on-PYNQ-Z2-main/AES_SYS/AES_SYS.gen/sources_1/bd/AES_SYS/ip/AES_SYS_auto_ds_1/AES_SYS_auto_ds_1_stub.vhdl
INFO: [IP_Flow 19-4993] Using cached IP synthesis design for IP AES_SYS_auto_ds_1, cache-ID = f9503eb3174c7348; cache size = 159.880 MB.
export_ip_user_files -of_objects [get_files C:/code/RFC-8439-fpga-implementation/AES-Cam-on-PYNQ-Z2-main/AES-Cam-on-PYNQ-Z2-main/AES_SYS/AES_SYS.srcs/sources_1/bd/AES_SYS/AES_SYS.bd] -no_script -sync -force -quiet
create_ip_run [get_files -of_objects [get_fileset sources_1] C:/code/RFC-8439-fpga-implementation/AES-Cam-on-PYNQ-Z2-main/AES-Cam-on-PYNQ-Z2-main/AES_SYS/AES_SYS.srcs/sources_1/bd/AES_SYS/AES_SYS.bd]
launch_runs AES_SYS_RFC8439_0_0_synth_1 -jobs 16
INFO: [IP_Flow 19-6924] IPCACHE: Running cache check for IP inst: AES_SYS_RFC8439_0_0
[Tue May 26 03:27:10 2026] Launched AES_SYS_RFC8439_0_0_synth_1...
Run output will be captured here: C:/code/RFC-8439-fpga-implementation/AES-Cam-on-PYNQ-Z2-main/AES-Cam-on-PYNQ-Z2-main/AES_SYS/AES_SYS.runs/AES_SYS_RFC8439_0_0_synth_1/runme.log
export_simulation -of_objects [get_files C:/code/RFC-8439-fpga-implementation/AES-Cam-on-PYNQ-Z2-main/AES-Cam-on-PYNQ-Z2-main/AES_SYS/AES_SYS.srcs/sources_1/bd/AES_SYS/AES_SYS.bd] -directory C:/code/RFC-8439-fpga-implementation/AES-Cam-on-PYNQ-Z2-main/AES-Cam-on-PYNQ-Z2-main/AES_SYS/AES_SYS.ip_user_files/sim_scripts -ip_user_files_dir C:/code/RFC-8439-fpga-implementation/AES-Cam-on-PYNQ-Z2-main/AES-Cam-on-PYNQ-Z2-main/AES_SYS/AES_SYS.ip_user_files -ipstatic_source_dir C:/code/RFC-8439-fpga-implementation/AES-Cam-on-PYNQ-Z2-main/AES-Cam-on-PYNQ-Z2-main/AES_SYS/AES_SYS.ip_user_files/ipstatic -lib_map_path [list {modelsim=C:/code/RFC-8439-fpga-implementation/AES-Cam-on-PYNQ-Z2-main/AES-Cam-on-PYNQ-Z2-main/AES_SYS/AES_SYS.cache/compile_simlib/modelsim} {questa=C:/code/RFC-8439-fpga-implementation/AES-Cam-on-PYNQ-Z2-main/AES-Cam-on-PYNQ-Z2-main/AES_SYS/AES_SYS.cache/compile_simlib/questa} {riviera=C:/code/RFC-8439-fpga-implementation/AES-Cam-on-PYNQ-Z2-main/AES-Cam-on-PYNQ-Z2-main/AES_SYS/AES_SYS.cache/compile_simlib/riviera} {activehdl=C:/code/RFC-8439-fpga-implementation/AES-Cam-on-PYNQ-Z2-main/AES-Cam-on-PYNQ-Z2-main/AES_SYS/AES_SYS.cache/compile_simlib/activehdl}] -use_ip_compiled_libs -force -quiet
reset_run synth_1
INFO: [Project 1-1161] Replacing file C:/code/RFC-8439-fpga-implementation/AES-Cam-on-PYNQ-Z2-main/AES-Cam-on-PYNQ-Z2-main/AES_SYS/AES_SYS.srcs/utils_1/imports/synth_1/AES_SYS_wrapper.dcp with file C:/code/RFC-8439-fpga-implementation/AES-Cam-on-PYNQ-Z2-main/AES-Cam-on-PYNQ-Z2-main/AES_SYS/AES_SYS.runs/synth_1/AES_SYS_wrapper.dcp
WARNING: [Vivado 12-1017] Problems encountered:
1. Failed to delete one or more files in run directory C:/code/RFC-8439-fpga-implementation/AES-Cam-on-PYNQ-Z2-main/AES-Cam-on-PYNQ-Z2-main/AES_SYS/AES_SYS.runs/synth_1

launch_runs synth_1 -jobs 16
INFO: [IP_Flow 19-6924] IPCACHE: Running cache check for IP inst: AES_SYS_RFC8439_0_0
[Tue May 26 03:28:17 2026] Launched AES_SYS_RFC8439_0_0_synth_1...
Run output will be captured here: C:/code/RFC-8439-fpga-implementation/AES-Cam-on-PYNQ-Z2-main/AES-Cam-on-PYNQ-Z2-main/AES_SYS/AES_SYS.runs/AES_SYS_RFC8439_0_0_synth_1/runme.log
[Tue May 26 03:28:17 2026] Launched synth_1...
Run output will be captured here: C:/code/RFC-8439-fpga-implementation/AES-Cam-on-PYNQ-Z2-main/AES-Cam-on-PYNQ-Z2-main/AES_SYS/AES_SYS.runs/synth_1/runme.log
launch_runs impl_1 -jobs 32
[Tue May 26 03:30:57 2026] Launched impl_1...
Run output will be captured here: C:/code/RFC-8439-fpga-implementation/AES-Cam-on-PYNQ-Z2-main/AES-Cam-on-PYNQ-Z2-main/AES_SYS/AES_SYS.runs/impl_1/runme.log
launch_runs impl_1 -to_step write_bitstream -jobs 32
[Tue May 26 03:35:01 2026] Launched impl_1...
Run output will be captured here: C:/code/RFC-8439-fpga-implementation/AES-Cam-on-PYNQ-Z2-main/AES-Cam-on-PYNQ-Z2-main/AES_SYS/AES_SYS.runs/impl_1/runme.log
open_run impl_1
INFO: [Device 21-403] Loading part xc7z020clg400-1
Netlist sorting complete. Time (s): cpu = 00:00:00 ; elapsed = 00:00:00.551 . Memory (MB): peak = 2520.074 ; gain = 0.000
INFO: [Netlist 29-17] Analyzing 1635 Unisim elements for replacement
INFO: [Netlist 29-28] Unisim Transformation completed in 1 CPU seconds
INFO: [Project 1-479] Netlist was created with Vivado 2023.2
INFO: [Project 1-570] Preparing netlist for logic optimization
WARNING: [Constraints 18-550] Could not create 'IBUF_LOW_PWR' constraint because net 'AES_SYS_i/clk_wiz_0/clk_in1' is not directly connected to top level port. 'IBUF_LOW_PWR' is ignored for synthesis but preserved for implementation.
Read ShapeDB Complete: Time (s): cpu = 00:00:00 ; elapsed = 00:00:00.090 . Memory (MB): peak = 2689.328 ; gain = 11.605
INFO: [Timing 38-478] Restoring timing data from binary archive.
INFO: [Timing 38-479] Binary timing data restore complete.
INFO: [Project 1-856] Restoring constraints from binary archive.
INFO: [Project 1-853] Binary constraint restore complete.
INFO: [Designutils 20-5722] Start Reading Physical Databases.
Reading placement.
Read Netlist Cache: Time (s): cpu = 00:00:00 ; elapsed = 00:00:00.039 . Memory (MB): peak = 3338.996 ; gain = 0.000
Reading placer database...
Read Device Cache: Time (s): cpu = 00:00:00 ; elapsed = 00:00:00.015 . Memory (MB): peak = 3338.996 ; gain = 0.000
Read PlaceDB: Time (s): cpu = 00:00:01 ; elapsed = 00:00:00.915 . Memory (MB): peak = 3360.309 ; gain = 21.312
Read PulsedLatchDB: Time (s): cpu = 00:00:00 ; elapsed = 00:00:00 . Memory (MB): peak = 3360.309 ; gain = 0.000
Reading routing.
Read RouteStorage: Time (s): cpu = 00:00:01 ; elapsed = 00:00:00.447 . Memory (MB): peak = 3369.875 ; gain = 9.566
Read Physdb Files: Time (s): cpu = 00:00:02 ; elapsed = 00:00:01 . Memory (MB): peak = 3369.875 ; gain = 30.879
Restored from archive | CPU: 3.000000 secs | Memory: 0.000000 MB |
Finished XDEF File Restore: Time (s): cpu = 00:00:02 ; elapsed = 00:00:01 . Memory (MB): peak = 3369.875 ; gain = 30.879
Netlist sorting complete. Time (s): cpu = 00:00:00 ; elapsed = 00:00:00.009 . Memory (MB): peak = 3369.875 ; gain = 0.000
INFO: [Project 1-111] Unisim Transformation Summary:
  A total of 32 instances were transformed.
  RAM32M => RAM32M (RAMD32(x6), RAMS32(x2)): 24 instances
  RAM32X1D => RAM32X1D (RAMD32(x2)): 8 instances

open_run: Time (s): cpu = 00:00:24 ; elapsed = 00:00:17 . Memory (MB): peak = 3526.418 ; gain = 1191.641
open_report: Time (s): cpu = 00:00:11 ; elapsed = 00:00:07 . Memory (MB): peak = 3712.223 ; gain = 85.441
WARNING: [filemgmt 56-199] Attempt to get parsing info during refresh. "On-the-fly" syntax checking information may be incorrect. [C:\code\RFC-8439-fpga-implementation\src\Poly1305.v:]
WARNING: [filemgmt 56-199] Attempt to get parsing info during refresh. "On-the-fly" syntax checking information may be incorrect. [C:\code\RFC-8439-fpga-implementation\src\RFC8439.v:]
ERROR: [Common 17-180] Spawn failed: No error
generate_target all [get_files  C:/code/RFC-8439-fpga-implementation/AES-Cam-on-PYNQ-Z2-main/AES-Cam-on-PYNQ-Z2-main/AES_SYS/AES_SYS.srcs/sources_1/bd/AES_SYS/AES_SYS.bd]
INFO: [BD 41-1637] Generated targets are already up-to-date for block design 'AES_SYS' - hence not re-generating.
export_ip_user_files -of_objects [get_files C:/code/RFC-8439-fpga-implementation/AES-Cam-on-PYNQ-Z2-main/AES-Cam-on-PYNQ-Z2-main/AES_SYS/AES_SYS.srcs/sources_1/bd/AES_SYS/AES_SYS.bd] -no_script -sync -force -quiet
create_ip_run [get_files -of_objects [get_fileset sources_1] C:/code/RFC-8439-fpga-implementation/AES-Cam-on-PYNQ-Z2-main/AES-Cam-on-PYNQ-Z2-main/AES_SYS/AES_SYS.srcs/sources_1/bd/AES_SYS/AES_SYS.bd]
export_simulation -of_objects [get_files C:/code/RFC-8439-fpga-implementation/AES-Cam-on-PYNQ-Z2-main/AES-Cam-on-PYNQ-Z2-main/AES_SYS/AES_SYS.srcs/sources_1/bd/AES_SYS/AES_SYS.bd] -directory C:/code/RFC-8439-fpga-implementation/AES-Cam-on-PYNQ-Z2-main/AES-Cam-on-PYNQ-Z2-main/AES_SYS/AES_SYS.ip_user_files/sim_scripts -ip_user_files_dir C:/code/RFC-8439-fpga-implementation/AES-Cam-on-PYNQ-Z2-main/AES-Cam-on-PYNQ-Z2-main/AES_SYS/AES_SYS.ip_user_files -ipstatic_source_dir C:/code/RFC-8439-fpga-implementation/AES-Cam-on-PYNQ-Z2-main/AES-Cam-on-PYNQ-Z2-main/AES_SYS/AES_SYS.ip_user_files/ipstatic -lib_map_path [list {modelsim=C:/code/RFC-8439-fpga-implementation/AES-Cam-on-PYNQ-Z2-main/AES-Cam-on-PYNQ-Z2-main/AES_SYS/AES_SYS.cache/compile_simlib/modelsim} {questa=C:/code/RFC-8439-fpga-implementation/AES-Cam-on-PYNQ-Z2-main/AES-Cam-on-PYNQ-Z2-main/AES_SYS/AES_SYS.cache/compile_simlib/questa} {riviera=C:/code/RFC-8439-fpga-implementation/AES-Cam-on-PYNQ-Z2-main/AES-Cam-on-PYNQ-Z2-main/AES_SYS/AES_SYS.cache/compile_simlib/riviera} {activehdl=C:/code/RFC-8439-fpga-implementation/AES-Cam-on-PYNQ-Z2-main/AES-Cam-on-PYNQ-Z2-main/AES_SYS/AES_SYS.cache/compile_simlib/activehdl}] -use_ip_compiled_libs -force -quiet
open_bd_design {C:/code/RFC-8439-fpga-implementation/AES-Cam-on-PYNQ-Z2-main/AES-Cam-on-PYNQ-Z2-main/AES_SYS/AES_SYS.srcs/sources_1/bd/AES_SYS/AES_SYS.bd}
reset_run synth_1
INFO: [Project 1-1161] Replacing file C:/code/RFC-8439-fpga-implementation/AES-Cam-on-PYNQ-Z2-main/AES-Cam-on-PYNQ-Z2-main/AES_SYS/AES_SYS.srcs/utils_1/imports/synth_1/AES_SYS_wrapper.dcp with file C:/code/RFC-8439-fpga-implementation/AES-Cam-on-PYNQ-Z2-main/AES-Cam-on-PYNQ-Z2-main/AES_SYS/AES_SYS.runs/synth_1/AES_SYS_wrapper.dcp
launch_runs synth_1 -jobs 32
[Tue May 26 04:50:14 2026] Launched synth_1...
Run output will be captured here: C:/code/RFC-8439-fpga-implementation/AES-Cam-on-PYNQ-Z2-main/AES-Cam-on-PYNQ-Z2-main/AES_SYS/AES_SYS.runs/synth_1/runme.log
WARNING: [filemgmt 56-199] Attempt to get parsing info during refresh. "On-the-fly" syntax checking information may be incorrect. [C:\code\RFC-8439-fpga-implementation\src\Poly1305.v:]
WARNING: [filemgmt 56-199] Attempt to get parsing info during refresh. "On-the-fly" syntax checking information may be incorrect. [C:\code\RFC-8439-fpga-implementation\AES-Cam-on-PYNQ-Z2-main\AES-Cam-on-PYNQ-Z2-main\AES_SYS\AES_SYS.gen\sources_1\bd\AES_SYS\hdl\AES_SYS_wrapper.v:]
WARNING: [filemgmt 56-199] Attempt to get parsing info during refresh. "On-the-fly" syntax checking information may be incorrect. [C:\code\RFC-8439-fpga-implementation\src\RFC8439.v:]
WARNING: [filemgmt 56-199] Attempt to get parsing info during refresh. "On-the-fly" syntax checking information may be incorrect. [C:\code\RFC-8439-fpga-implementation\src\Poly1305.v:]
WARNING: [filemgmt 56-199] Attempt to get parsing info during refresh. "On-the-fly" syntax checking information may be incorrect. [C:\code\RFC-8439-fpga-implementation\AES-Cam-on-PYNQ-Z2-main\AES-Cam-on-PYNQ-Z2-main\AES_SYS\AES_SYS.gen\sources_1\bd\AES_SYS\hdl\AES_SYS_wrapper.v:]
WARNING: [filemgmt 56-199] Attempt to get parsing info during refresh. "On-the-fly" syntax checking information may be incorrect. [C:\code\RFC-8439-fpga-implementation\src\RFC8439.v:]
ERROR: [Common 17-180] Spawn failed: No error
launch_runs impl_1 -jobs 32
[Tue May 26 04:52:18 2026] Launched impl_1...
Run output will be captured here: C:/code/RFC-8439-fpga-implementation/AES-Cam-on-PYNQ-Z2-main/AES-Cam-on-PYNQ-Z2-main/AES_SYS/AES_SYS.runs/impl_1/runme.log
create_ip_run [get_files -of_objects [get_fileset sources_1] C:/code/RFC-8439-fpga-implementation/AES-Cam-on-PYNQ-Z2-main/AES-Cam-on-PYNQ-Z2-main/AES_SYS/AES_SYS.srcs/sources_1/bd/AES_SYS/AES_SYS.bd]
refresh_design
Netlist sorting complete. Time (s): cpu = 00:00:01 ; elapsed = 00:00:00.904 . Memory (MB): peak = 3941.367 ; gain = 0.000
INFO: [Netlist 29-17] Analyzing 1635 Unisim elements for replacement
INFO: [Netlist 29-28] Unisim Transformation completed in 0 CPU seconds
INFO: [Project 1-479] Netlist was created with Vivado 2023.2
INFO: [Project 1-570] Preparing netlist for logic optimization
WARNING: [Constraints 18-550] Could not create 'IBUF_LOW_PWR' constraint because net 'AES_SYS_i/clk_wiz_0/clk_in1' is not directly connected to top level port. 'IBUF_LOW_PWR' is ignored for synthesis but preserved for implementation.
Read ShapeDB Complete: Time (s): cpu = 00:00:00 ; elapsed = 00:00:00.171 . Memory (MB): peak = 3941.367 ; gain = 0.000
INFO: [Timing 38-478] Restoring timing data from binary archive.
INFO: [Timing 38-479] Binary timing data restore complete.
INFO: [Project 1-856] Restoring constraints from binary archive.
INFO: [Project 1-853] Binary constraint restore complete.
INFO: [Designutils 20-5722] Start Reading Physical Databases.
Reading placement.
Read Netlist Cache: Time (s): cpu = 00:00:00 ; elapsed = 00:00:00.054 . Memory (MB): peak = 3941.367 ; gain = 0.000
Reading placer database...
Read Device Cache: Time (s): cpu = 00:00:00 ; elapsed = 00:00:00.021 . Memory (MB): peak = 3941.367 ; gain = 0.000
Read PlaceDB: Time (s): cpu = 00:00:02 ; elapsed = 00:00:02 . Memory (MB): peak = 3941.367 ; gain = 0.000
Read PulsedLatchDB: Time (s): cpu = 00:00:00 ; elapsed = 00:00:00 . Memory (MB): peak = 3941.367 ; gain = 0.000
Reading routing.
Read RouteStorage: Time (s): cpu = 00:00:01 ; elapsed = 00:00:00.949 . Memory (MB): peak = 3941.367 ; gain = 0.000
Read Physdb Files: Time (s): cpu = 00:00:03 ; elapsed = 00:00:03 . Memory (MB): peak = 3941.367 ; gain = 0.000
Restored from archive | CPU: 4.000000 secs | Memory: 0.000000 MB |
Finished XDEF File Restore: Time (s): cpu = 00:00:03 ; elapsed = 00:00:03 . Memory (MB): peak = 3941.367 ; gain = 0.000
refresh_design: Time (s): cpu = 00:00:29 ; elapsed = 00:00:21 . Memory (MB): peak = 4217.523 ; gain = 336.188
open_report: Time (s): cpu = 00:00:15 ; elapsed = 00:00:11 . Memory (MB): peak = 4329.910 ; gain = 86.855
WARNING: [filemgmt 56-199] Attempt to get parsing info during refresh. "On-the-fly" syntax checking information may be incorrect. [C:\code\RFC-8439-fpga-implementation\src\Poly1305.v:]
WARNING: [filemgmt 56-199] Attempt to get parsing info during refresh. "On-the-fly" syntax checking information may be incorrect. [C:\code\RFC-8439-fpga-implementation\AES-Cam-on-PYNQ-Z2-main\AES-Cam-on-PYNQ-Z2-main\AES_SYS\AES_SYS.gen\sources_1\bd\AES_SYS\hdl\AES_SYS_wrapper.v:]
WARNING: [filemgmt 56-199] Attempt to get parsing info during refresh. "On-the-fly" syntax checking information may be incorrect. [C:\code\RFC-8439-fpga-implementation\src\RFC8439.v:]
WARNING: [filemgmt 56-199] Attempt to get parsing info during refresh. "On-the-fly" syntax checking information may be incorrect. [C:\code\RFC-8439-fpga-implementation\src\Poly1305.v:]
WARNING: [filemgmt 56-199] Attempt to get parsing info during refresh. "On-the-fly" syntax checking information may be incorrect. [C:\code\RFC-8439-fpga-implementation\AES-Cam-on-PYNQ-Z2-main\AES-Cam-on-PYNQ-Z2-main\AES_SYS\AES_SYS.gen\sources_1\bd\AES_SYS\hdl\AES_SYS_wrapper.v:]
WARNING: [filemgmt 56-199] Attempt to get parsing info during refresh. "On-the-fly" syntax checking information may be incorrect. [C:\code\RFC-8439-fpga-implementation\src\RFC8439.v:]
ERROR: [Common 17-180] Spawn failed: No error
WARNING: [filemgmt 56-199] Attempt to get parsing info during refresh. "On-the-fly" syntax checking information may be incorrect. [C:\code\RFC-8439-fpga-implementation\src\Poly1305.v:]
WARNING: [filemgmt 56-199] Attempt to get parsing info during refresh. "On-the-fly" syntax checking information may be incorrect. [C:\code\RFC-8439-fpga-implementation\AES-Cam-on-PYNQ-Z2-main\AES-Cam-on-PYNQ-Z2-main\AES_SYS\AES_SYS.gen\sources_1\bd\AES_SYS\hdl\AES_SYS_wrapper.v:]
WARNING: [filemgmt 56-199] Attempt to get parsing info during refresh. "On-the-fly" syntax checking information may be incorrect. [C:\code\RFC-8439-fpga-implementation\src\RFC8439.v:]
WARNING: [filemgmt 56-199] Attempt to get parsing info during refresh. "On-the-fly" syntax checking information may be incorrect. [C:\code\RFC-8439-fpga-implementation\src\Poly1305.v:]
WARNING: [filemgmt 56-199] Attempt to get parsing info during refresh. "On-the-fly" syntax checking information may be incorrect. [C:\code\RFC-8439-fpga-implementation\AES-Cam-on-PYNQ-Z2-main\AES-Cam-on-PYNQ-Z2-main\AES_SYS\AES_SYS.gen\sources_1\bd\AES_SYS\hdl\AES_SYS_wrapper.v:]
WARNING: [filemgmt 56-199] Attempt to get parsing info during refresh. "On-the-fly" syntax checking information may be incorrect. [C:\code\RFC-8439-fpga-implementation\src\RFC8439.v:]
exit
INFO: [Common 17-206] Exiting Vivado at Tue May 26 05:26:53 2026...
