#-----------------------------------------------------------
# Vivado v2023.2 (64-bit)
# SW Build 4029153 on Fri Oct 13 20:14:34 MDT 2023
# IP Build 4028589 on Sat Oct 14 00:45:43 MDT 2023
# SharedData Build 4025554 on Tue Oct 10 17:18:54 MDT 2023
# Start of session at: Wed May 27 01:53:01 2026
# Process ID: 49700
# Current directory: C:/code/RFC-8439-fpga-implementation/AES-Cam-on-PYNQ-Z2-main/AES-Cam-on-PYNQ-Z2-main/AES_SYS
# Command line: vivado.exe -gui_launcher_event rodinguilauncherevent54140 C:\code\RFC-8439-fpga-implementation\AES-Cam-on-PYNQ-Z2-main\AES-Cam-on-PYNQ-Z2-main\AES_SYS\AES_SYS.xpr
# Log file: C:/code/RFC-8439-fpga-implementation/AES-Cam-on-PYNQ-Z2-main/AES-Cam-on-PYNQ-Z2-main/AES_SYS/vivado.log
# Journal file: C:/code/RFC-8439-fpga-implementation/AES-Cam-on-PYNQ-Z2-main/AES-Cam-on-PYNQ-Z2-main/AES_SYS\vivado.jou
# Running On: LAPTOP-JHH6RF8B, OS: Windows, CPU Frequency: 2419 MHz, CPU Physical cores: 24, Host memory: 34049 MB
#-----------------------------------------------------------
start_gui
open_project C:/code/RFC-8439-fpga-implementation/AES-Cam-on-PYNQ-Z2-main/AES-Cam-on-PYNQ-Z2-main/AES_SYS/AES_SYS.xpr
INFO: [ProjectBase 1-489] The host OS only allows 260 characters in a normal path. The project is stored in a path with more than 80 characters. If you experience issues with IP, Block Designs, or files not being found, please consider moving the project to a location with a shorter path. Alternately consider using the OS subst command to map part of the path to a drive letter.
Current project path is 'C:/code/RFC-8439-fpga-implementation/AES-Cam-on-PYNQ-Z2-main/AES-Cam-on-PYNQ-Z2-main/AES_SYS'
WARNING: [Board 49-26] cannot add Board Part xilinx.com:kcu105:part0:1.6 available at C:/Xilinx/Vivado/2023.2/data/xhub/boards/XilinxBoardStore/boards/Xilinx/kcu105/1.6/board.xml as part xcku040-ffva1156-2-e specified in board_part file is either invalid or not available
WARNING: [Board 49-26] cannot add Board Part xilinx.com:kcu105:part0:1.7 available at C:/Xilinx/Vivado/2023.2/data/xhub/boards/XilinxBoardStore/boards/Xilinx/kcu105/1.7/board.xml as part xcku040-ffva1156-2-e specified in board_part file is either invalid or not available
WARNING: [Board 49-26] cannot add Board Part xilinx.com:kcu116:part0:1.4 available at C:/Xilinx/Vivado/2023.2/data/xhub/boards/XilinxBoardStore/boards/Xilinx/kcu116/1.4/board.xml as part xcku5p-ffvb676-2-e specified in board_part file is either invalid or not available
WARNING: [Board 49-26] cannot add Board Part xilinx.com:kcu116:part0:1.5 available at C:/Xilinx/Vivado/2023.2/data/xhub/boards/XilinxBoardStore/boards/Xilinx/kcu116/1.5/board.xml as part xcku5p-ffvb676-2-e specified in board_part file is either invalid or not available
WARNING: [Board 49-26] cannot add Board Part xilinx.com:kcu1500:part0:1.2 available at C:/Xilinx/Vivado/2023.2/data/xhub/boards/XilinxBoardStore/boards/Xilinx/kcu1500/1.2/board.xml as part xcku115-flvb2104-2-e specified in board_part file is either invalid or not available
WARNING: [Board 49-26] cannot add Board Part xilinx.com:vck190:part0:2.2 available at C:/Xilinx/Vivado/2023.2/data/xhub/boards/XilinxBoardStore/boards/Xilinx/vck190/production/2.2/board.xml as part xcvc1902-vsva2197-2mp-e-s specified in board_part file is either invalid or not available
WARNING: [Board 49-26] cannot add Board Part xilinx.com:vck190:part0:3.0 available at C:/Xilinx/Vivado/2023.2/data/xhub/boards/XilinxBoardStore/boards/Xilinx/vck190/production/3.0/board.xml as part xcvc1902-vsva2197-2mp-e-s specified in board_part file is either invalid or not available
WARNING: [Board 49-26] cannot add Board Part xilinx.com:vck190:part0:3.1 available at C:/Xilinx/Vivado/2023.2/data/xhub/boards/XilinxBoardStore/boards/Xilinx/vck190/production/3.1/board.xml as part xcvc1902-vsva2197-2mp-e-s specified in board_part file is either invalid or not available
WARNING: [Board 49-26] cannot add Board Part xilinx.com:vck190:part0:3.2 available at C:/Xilinx/Vivado/2023.2/data/xhub/boards/XilinxBoardStore/boards/Xilinx/vck190/production/3.2/board.xml as part xcvc1902-vsva2197-2mp-e-s specified in board_part file is either invalid or not available
WARNING: [Board 49-26] cannot add Board Part xilinx.com:vck190_newl:part0:1.0 available at C:/Xilinx/Vivado/2023.2/data/xhub/boards/XilinxBoardStore/boards/Xilinx/vck190_newl/production/1.0/board.xml as part xcvc1902-vsva2197-2mp-e-s specified in board_part file is either invalid or not available
WARNING: [Board 49-26] cannot add Board Part xilinx.com:vck190_newl:part0:1.1 available at C:/Xilinx/Vivado/2023.2/data/xhub/boards/XilinxBoardStore/boards/Xilinx/vck190_newl/production/1.1/board.xml as part xcvc1902-vsva2197-2mp-e-s specified in board_part file is either invalid or not available
WARNING: [Board 49-26] cannot add Board Part xilinx.com:vcu108:part0:1.6 available at C:/Xilinx/Vivado/2023.2/data/xhub/boards/XilinxBoardStore/boards/Xilinx/vcu108/1.6/board.xml as part xcvu095-ffva2104-2-e specified in board_part file is either invalid or not available
WARNING: [Board 49-26] cannot add Board Part xilinx.com:vcu108:part0:1.7 available at C:/Xilinx/Vivado/2023.2/data/xhub/boards/XilinxBoardStore/boards/Xilinx/vcu108/1.7/board.xml as part xcvu095-ffva2104-2-e specified in board_part file is either invalid or not available
WARNING: [Board 49-26] cannot add Board Part xilinx.com:vcu110:part0:1.4 available at C:/Xilinx/Vivado/2023.2/data/xhub/boards/XilinxBoardStore/boards/Xilinx/vcu110/1.4/board.xml as part xcvu190-flgc2104-2-e specified in board_part file is either invalid or not available
WARNING: [Board 49-26] cannot add Board Part xilinx.com:vcu118:part0:2.0 available at C:/Xilinx/Vivado/2023.2/data/xhub/boards/XilinxBoardStore/boards/Xilinx/vcu118/2.0/board.xml as part xcvu9p-flga2104-2l-e specified in board_part file is either invalid or not available
WARNING: [Board 49-26] cannot add Board Part xilinx.com:vcu118:part0:2.3 available at C:/Xilinx/Vivado/2023.2/data/xhub/boards/XilinxBoardStore/boards/Xilinx/vcu118/2.3/board.xml as part xcvu9p-flga2104-2l-e specified in board_part file is either invalid or not available
WARNING: [Board 49-26] cannot add Board Part xilinx.com:vcu118:part0:2.4 available at C:/Xilinx/Vivado/2023.2/data/xhub/boards/XilinxBoardStore/boards/Xilinx/vcu118/2.4/board.xml as part xcvu9p-flga2104-2l-e specified in board_part file is either invalid or not available
WARNING: [Board 49-26] cannot add Board Part xilinx.com:vcu128:part0:1.0 available at C:/Xilinx/Vivado/2023.2/data/xhub/boards/XilinxBoardStore/boards/Xilinx/vcu128/production/1.0/board.xml as part xcvu37p-fsvh2892-2l-e specified in board_part file is either invalid or not available
WARNING: [Board 49-26] cannot add Board Part xilinx.com:vcu129:part0:1.0 available at C:/Xilinx/Vivado/2023.2/data/xhub/boards/XilinxBoardStore/boards/Xilinx/vcu129/production/1.0/board.xml as part xcvu29p-fsga2577-2l-e specified in board_part file is either invalid or not available
WARNING: [Board 49-26] cannot add Board Part xilinx.com:vcu1525:part0:1.3 available at C:/Xilinx/Vivado/2023.2/data/xhub/boards/XilinxBoardStore/boards/Xilinx/vcu1525/1.3/board.xml as part xcvu9p-fsgd2104-2l-e specified in board_part file is either invalid or not available
WARNING: [Board 49-26] cannot add Board Part xilinx.com:vek280:part0:1.0 available at C:/Xilinx/Vivado/2023.2/data/xhub/boards/XilinxBoardStore/boards/Xilinx/vek280/production/1.0/board.xml as part xcve2802-vsvh1760-2mp-e-s specified in board_part file is either invalid or not available
WARNING: [Board 49-26] cannot add Board Part xilinx.com:vek280_es:part0:1.0 available at C:/Xilinx/Vivado/2023.2/data/xhub/boards/XilinxBoardStore/boards/Xilinx/vek280/es/rev_a/1.0/board.xml as part xcve2802-vsvh1760-2lp-e-s-es1 specified in board_part file is either invalid or not available
WARNING: [Board 49-26] cannot add Board Part xilinx.com:vek280_es:part0:1.1 available at C:/Xilinx/Vivado/2023.2/data/xhub/boards/XilinxBoardStore/boards/Xilinx/vek280/es/rev_a/1.1/board.xml as part xcve2802-vsvh1760-2lp-e-s-es1 specified in board_part file is either invalid or not available
WARNING: [Board 49-26] cannot add Board Part xilinx.com:vek280_es_revb:part0:1.0 available at C:/Xilinx/Vivado/2023.2/data/xhub/boards/XilinxBoardStore/boards/Xilinx/vek280/es/rev_b/1.0/board.xml as part xcve2802-vsvh1760-2mp-e-s-es1 specified in board_part file is either invalid or not available
WARNING: [Board 49-26] cannot add Board Part xilinx.com:vek280_es_revb:part0:1.1 available at C:/Xilinx/Vivado/2023.2/data/xhub/boards/XilinxBoardStore/boards/Xilinx/vek280/es/rev_b/1.1/board.xml as part xcve2802-vsvh1760-2mp-e-s-es1 specified in board_part file is either invalid or not available
WARNING: [Board 49-26] cannot add Board Part xilinx.com:vhk158:part0:1.0 available at C:/Xilinx/Vivado/2023.2/data/xhub/boards/XilinxBoardStore/boards/Xilinx/vhk158/production/1.0/board.xml as part xcvh1582-vsva3697-2mp-e-s specified in board_part file is either invalid or not available
WARNING: [Board 49-26] cannot add Board Part xilinx.com:vhk158:part0:1.1 available at C:/Xilinx/Vivado/2023.2/data/xhub/boards/XilinxBoardStore/boards/Xilinx/vhk158/production/1.1/board.xml as part xcvh1582-vsva3697-2mp-e-s specified in board_part file is either invalid or not available
WARNING: [Board 49-26] cannot add Board Part xilinx.com:vhk158_es:part0:1.0 available at C:/Xilinx/Vivado/2023.2/data/xhub/boards/XilinxBoardStore/boards/Xilinx/vhk158/es/1.0/board.xml as part xcvh1582-vsva3697-2mp-e-s-es1 specified in board_part file is either invalid or not available
WARNING: [Board 49-26] cannot add Board Part xilinx.com:vhk158_es:part0:1.1 available at C:/Xilinx/Vivado/2023.2/data/xhub/boards/XilinxBoardStore/boards/Xilinx/vhk158/es/1.1/board.xml as part xcvh1582-vsva3697-2mp-e-s-es1 specified in board_part file is either invalid or not available
WARNING: [Board 49-26] cannot add Board Part xilinx.com:vmk180:part0:2.2 available at C:/Xilinx/Vivado/2023.2/data/xhub/boards/XilinxBoardStore/boards/Xilinx/vmk180/production/2.2/board.xml as part xcvm1802-vsva2197-2mp-e-s specified in board_part file is either invalid or not available
WARNING: [Board 49-26] cannot add Board Part xilinx.com:vmk180:part0:3.0 available at C:/Xilinx/Vivado/2023.2/data/xhub/boards/XilinxBoardStore/boards/Xilinx/vmk180/production/3.0/board.xml as part xcvm1802-vsva2197-2mp-e-s specified in board_part file is either invalid or not available
WARNING: [Board 49-26] cannot add Board Part xilinx.com:vmk180:part0:3.1 available at C:/Xilinx/Vivado/2023.2/data/xhub/boards/XilinxBoardStore/boards/Xilinx/vmk180/production/3.1/board.xml as part xcvm1802-vsva2197-2mp-e-s specified in board_part file is either invalid or not available
WARNING: [Board 49-26] cannot add Board Part xilinx.com:vmk180:part0:3.2 available at C:/Xilinx/Vivado/2023.2/data/xhub/boards/XilinxBoardStore/boards/Xilinx/vmk180/production/3.2/board.xml as part xcvm1802-vsva2197-2mp-e-s specified in board_part file is either invalid or not available
WARNING: [Board 49-26] cannot add Board Part xilinx.com:vmk180_newl:part0:1.0 available at C:/Xilinx/Vivado/2023.2/data/xhub/boards/XilinxBoardStore/boards/Xilinx/vmk180_newl/production/1.0/board.xml as part xcvm1802-vsva2197-2mp-e-s specified in board_part file is either invalid or not available
WARNING: [Board 49-26] cannot add Board Part xilinx.com:vmk180_newl:part0:1.1 available at C:/Xilinx/Vivado/2023.2/data/xhub/boards/XilinxBoardStore/boards/Xilinx/vmk180_newl/production/1.1/board.xml as part xcvm1802-vsva2197-2mp-e-s specified in board_part file is either invalid or not available
WARNING: [Board 49-26] cannot add Board Part xilinx.com:vpk120:part0:1.0 available at C:/Xilinx/Vivado/2023.2/data/xhub/boards/XilinxBoardStore/boards/Xilinx/vpk120/production/1.0/board.xml as part xcvp1202-vsva2785-2mp-e-s specified in board_part file is either invalid or not available
WARNING: [Board 49-26] cannot add Board Part xilinx.com:vpk120:part0:1.1 available at C:/Xilinx/Vivado/2023.2/data/xhub/boards/XilinxBoardStore/boards/Xilinx/vpk120/production/1.1/board.xml as part xcvp1202-vsva2785-2mp-e-s specified in board_part file is either invalid or not available
WARNING: [Board 49-26] cannot add Board Part xilinx.com:vpk120:part0:1.2 available at C:/Xilinx/Vivado/2023.2/data/xhub/boards/XilinxBoardStore/boards/Xilinx/vpk120/production/1.2/board.xml as part xcvp1202-vsva2785-2mp-e-s specified in board_part file is either invalid or not available
WARNING: [Board 49-26] cannot add Board Part xilinx.com:vpk180:part0:1.0 available at C:/Xilinx/Vivado/2023.2/data/xhub/boards/XilinxBoardStore/boards/Xilinx/vpk180/production/1.0/board.xml as part xcvp1802-lsvc4072-2mp-e-s specified in board_part file is either invalid or not available
WARNING: [Board 49-26] cannot add Board Part xilinx.com:vpk180:part0:1.1 available at C:/Xilinx/Vivado/2023.2/data/xhub/boards/XilinxBoardStore/boards/Xilinx/vpk180/production/1.1/board.xml as part xcvp1802-lsvc4072-2mp-e-s specified in board_part file is either invalid or not available
WARNING: [Board 49-26] cannot add Board Part xilinx.com:zcu208ld:part0:2.0 available at C:/Xilinx/Vivado/2023.2/data/xhub/boards/XilinxBoardStore/boards/Xilinx/zcu208ld/production/2.0/board.xml as part xczu58dr-fsvg1517-2-i specified in board_part file is either invalid or not available
WARNING: [Board 49-26] cannot add Board Part xilinx.com:zcu216ld:part0:2.0 available at C:/Xilinx/Vivado/2023.2/data/xhub/boards/XilinxBoardStore/boards/Xilinx/zcu216ld/production/2.0/board.xml as part xczu59dr-ffvf1760-2-i specified in board_part file is either invalid or not available
WARNING: [Board 49-26] cannot add Board Part xilinx.com:zcu670:part0:2.0 available at C:/Xilinx/Vivado/2023.2/data/xhub/boards/XilinxBoardStore/boards/Xilinx/zcu670/2.0/board.xml as part xczu67dr-fsve1156-2-i specified in board_part file is either invalid or not available
WARNING: [Board 49-26] cannot add Board Part xilinx.com:zcu670ld:part0:1.0 available at C:/Xilinx/Vivado/2023.2/data/xhub/boards/XilinxBoardStore/boards/Xilinx/zcu670ld/1.0/board.xml as part xczu57dr-fsve1156-2-i specified in board_part file is either invalid or not available
Scanning sources...
Finished scanning sources
INFO: [IP_Flow 19-234] Refreshing IP repositories
INFO: [IP_Flow 19-1700] Loaded user IP repository 'c:/code/RFC-8439-fpga-implementation/AES-Cam-on-PYNQ-Z2-main/AES-Cam-on-PYNQ-Z2-main/ip_repo'.
INFO: [IP_Flow 19-2313] Loaded Vivado IP repository 'C:/Xilinx/Vivado/2023.2/data/ip'.
open_project: Time (s): cpu = 00:00:41 ; elapsed = 00:00:37 . Memory (MB): peak = 1638.551 ; gain = 494.871
update_compile_order -fileset sources_1
open_bd_design {C:/code/RFC-8439-fpga-implementation/AES-Cam-on-PYNQ-Z2-main/AES-Cam-on-PYNQ-Z2-main/AES_SYS/AES_SYS.srcs/sources_1/bd/AES_SYS/AES_SYS.bd}
Reading block design file <C:/code/RFC-8439-fpga-implementation/AES-Cam-on-PYNQ-Z2-main/AES-Cam-on-PYNQ-Z2-main/AES_SYS/AES_SYS.srcs/sources_1/bd/AES_SYS/AES_SYS.bd>...
Adding component instance block -- xilinx.com:ip:processing_system7:5.5 - processing_system7_0
Adding component instance block -- xilinx.com:ip:axi_vdma:6.3 - axi_vdma_0
Adding component instance block -- xilinx.com:ip:v_tc:6.2 - v_tc_0
Adding component instance block -- xilinx.com:ip:v_axi4s_vid_out:4.0 - v_axi4s_vid_out_0
Adding component instance block -- digilentinc.com:ip:rgb2dvi:1.2 - rgb2dvi_0
Adding component instance block -- xilinx.com:ip:clk_wiz:6.0 - clk_wiz_0
Adding component instance block -- xilinx.com:ip:axi_intc:4.1 - axi_intc_0
Adding component instance block -- xilinx.com:ip:xlconcat:2.1 - xlconcat_0
Adding component instance block -- xilinx.com:ip:axi_interconnect:2.1 - ps7_0_axi_periph
Adding component instance block -- xilinx.com:ip:axi_crossbar:2.1 - xbar
Adding component instance block -- xilinx.com:ip:axi_protocol_converter:2.1 - auto_pc
Adding component instance block -- xilinx.com:ip:axi_protocol_converter:2.1 - auto_pc
Adding component instance block -- xilinx.com:ip:axi_protocol_converter:2.1 - auto_pc
Adding component instance block -- xilinx.com:ip:axi_protocol_converter:2.1 - auto_pc
Adding component instance block -- xilinx.com:ip:axi_protocol_converter:2.1 - auto_pc
Adding component instance block -- xilinx.com:ip:axi_protocol_converter:2.1 - auto_pc
Adding component instance block -- xilinx.com:ip:axi_protocol_converter:2.1 - auto_pc
Adding component instance block -- xilinx.com:ip:axi_protocol_converter:2.1 - auto_pc
Adding component instance block -- xilinx.com:ip:axi_protocol_converter:2.1 - auto_pc
Adding component instance block -- xilinx.com:ip:axi_protocol_converter:2.1 - auto_pc
Adding component instance block -- xilinx.com:ip:axi_protocol_converter:2.1 - auto_pc
Adding component instance block -- xilinx.com:ip:axi_protocol_converter:2.1 - auto_pc
Adding component instance block -- xilinx.com:ip:proc_sys_reset:5.0 - rst_ps7_0_100M
Adding component instance block -- xilinx.com:ip:axi_interconnect:2.1 - axi_mem_intercon
Adding component instance block -- xilinx.com:ip:axi_crossbar:2.1 - xbar
Adding component instance block -- xilinx.com:ip:axi_protocol_converter:2.1 - auto_pc
Adding component instance block -- xilinx.com:ip:xlconstant:1.1 - xlconstant_0
Adding component instance block -- xilinx.com:ip:axi_gpio:2.0 - axi_gpio_0
Adding component instance block -- xilinx.com:ip:axi_cdma:4.1 - axi_cdma_0
Adding component instance block -- xilinx.com:ip:axi_interconnect:2.1 - axi_mem_intercon_1
Adding component instance block -- xilinx.com:ip:axi_crossbar:2.1 - xbar
Adding component instance block -- xilinx.com:ip:axi_dwidth_converter:2.1 - auto_us
Adding component instance block -- xilinx.com:ip:axi_protocol_converter:2.1 - auto_pc
Adding component instance block -- xilinx.com:ip:axi_dwidth_converter:2.1 - auto_ds
Adding component instance block -- xilinx.com:ip:axi_dwidth_converter:2.1 - auto_ds
Adding component instance block -- xilinx.com:ip:axi_bram_ctrl:4.1 - axi_bram_ctrl_0
Adding component instance block -- xilinx.com:ip:blk_mem_gen:8.4 - axi_bram_ctrl_0_bram
Adding component instance block -- xilinx.com:ip:axi_gpio:2.0 - axi_gpio_5
Adding component instance block -- xilinx.com:ip:axi_gpio:2.0 - axi_gpio_6
Adding component instance block -- xilinx.com:ip:axi_gpio:2.0 - axi_gpio_8
Adding component instance block -- xilinx.com:ip:axi_gpio:2.0 - axi_gpio_10
Adding component instance block -- xilinx.com:module_ref:RFC8439:1.0 - RFC8439_0
Adding component instance block -- xilinx.com:ip:axi_gpio:2.0 - axi_gpio_1
Adding component instance block -- xilinx.com:ip:axi_gpio:2.0 - axi_gpio_2
Adding component instance block -- xilinx.com:ip:axi_gpio:2.0 - axi_gpio_3
Adding component instance block -- xilinx.com:ip:blk_mem_gen:8.4 - axi_bram_ctrl_0_bram1
Adding component instance block -- xilinx.com:ip:axi_bram_ctrl:4.1 - axi_bram_ctrl_1
Successfully read diagram <AES_SYS> from block design file <C:/code/RFC-8439-fpga-implementation/AES-Cam-on-PYNQ-Z2-main/AES-Cam-on-PYNQ-Z2-main/AES_SYS/AES_SYS.srcs/sources_1/bd/AES_SYS/AES_SYS.bd>
open_bd_design: Time (s): cpu = 00:00:08 ; elapsed = 00:00:09 . Memory (MB): peak = 1835.738 ; gain = 98.070
INFO: [Device 21-403] Loading part xc7z020clg400-1
startgroup
create_bd_cell -type ip -vlnv xilinx.com:ip:proc_sys_reset:5.0 proc_sys_reset_0
INFO: [Ipptcl 7-1463] No Compatible Board Interface found. Board Tab not created in customize GUI
endgroup
set_property location {3 923 1685} [get_bd_cells proc_sys_reset_0]
INFO: [Ipptcl 7-1463] No Compatible Board Interface found. Board Tab not created in customize GUI
INFO: [Ipptcl 7-1463] No Compatible Board Interface found. Board Tab not created in customize GUI
connect_bd_net [get_bd_pins proc_sys_reset_0/slowest_sync_clk] [get_bd_pins clk_wiz_0/clk_out1]
connect_bd_net [get_bd_pins proc_sys_reset_0/dcm_locked] [get_bd_pins clk_wiz_0/clk_out1]
delete_bd_objs [get_bd_nets xlconstant_0_dout]
connect_bd_net [get_bd_pins xlconstant_0/dout] [get_bd_pins v_tc_0/clken]
undo
INFO: [Common 17-17] undo 'connect_bd_net [get_bd_pins xlconstant_0/dout] [get_bd_pins v_tc_0/clken]'
undo
INFO: [Common 17-17] undo 'delete_bd_objs [get_bd_nets xlconstant_0_dout]'
delete_bd_objs [get_bd_nets xlconstant_0_dout]
undo
INFO: [Common 17-17] undo 'delete_bd_objs [get_bd_nets xlconstant_0_dout]'
delete_bd_objs [get_bd_nets xlconstant_0_dout]
connect_bd_net [get_bd_pins v_axi4s_vid_out_0/aclken] [get_bd_pins xlconstant_0/dout]
connect_bd_net [get_bd_pins v_axi4s_vid_out_0/vid_io_out_ce] [get_bd_pins xlconstant_0/dout]
connect_bd_net [get_bd_pins v_tc_0/clken] [get_bd_pins xlconstant_0/dout]
connect_bd_net [get_bd_pins proc_sys_reset_0/peripheral_aresetn] [get_bd_pins v_axi4s_vid_out_0/aresetn]
connect_bd_net [get_bd_pins proc_sys_reset_0/peripheral_aresetn] [get_bd_pins v_tc_0/resetn]
connect_bd_net [get_bd_pins proc_sys_reset_0/peripheral_aresetn] [get_bd_pins rgb2dvi_0/aRst_n]
startgroup
create_bd_cell -type ip -vlnv xilinx.com:ip:axi_gpio:2.0 axi_gpio_4
endgroup
set_property location {3 987 1143} [get_bd_cells axi_gpio_4]
set_property location {4 1361 1632} [get_bd_cells axi_gpio_4]
undo
INFO: [Common 17-17] undo 'set_property location {4 1361 1632} [get_bd_cells axi_gpio_4]'
undo
INFO: [Common 17-17] undo 'set_property location {3 987 1143} [get_bd_cells axi_gpio_4]'
undo
INFO: [Common 17-17] undo 'endgroup'
INFO: [Common 17-17] undo 'create_bd_cell -type ip -vlnv xilinx.com:ip:axi_gpio:2.0 axi_gpio_4'
INFO: [Common 17-17] undo 'startgroup'
regenerate_bd_layout
apply_bd_automation -rule xilinx.com:bd_rule:board -config { Manual_Source {Auto}}  [get_bd_pins proc_sys_reset_0/ext_reset_in]
undo
INFO: [Common 17-17] undo 'apply_bd_automation -rule xilinx.com:bd_rule:board -config { Manual_Source {Auto}}  [get_bd_pins proc_sys_reset_0/ext_reset_in]'
startgroup
create_bd_cell -type ip -vlnv xilinx.com:ip:xlconstant:1.1 xlconstant_1
endgroup
set_property location {1 202 1688} [get_bd_cells xlconstant_1]
expected number but got ""
ERROR: [IP_Flow 19-3317] Tcl Error found in 'validate_PARAM_VALUE.CONST_VAL' method. expected number but got ""
expected number but got ""
ERROR: [IP_Flow 19-3317] Tcl Error found in 'validate_PARAM_VALUE.CONST_VAL' method. expected number but got ""
expected number but got ""
ERROR: [IP_Flow 19-3317] Tcl Error found in 'validate_PARAM_VALUE.CONST_VAL' method. expected number but got ""
set_property CONFIG.CONST_VAL {0} [get_bd_cells xlconstant_1]
connect_bd_net [get_bd_pins xlconstant_1/dout] [get_bd_pins proc_sys_reset_0/ext_reset_in]
connect_bd_net [get_bd_pins xlconstant_1/dout] [get_bd_pins proc_sys_reset_0/aux_reset_in]
set_property location {1 199 1790} [get_bd_cells xlconstant_1]
connect_bd_net [get_bd_pins xlconstant_1/dout] [get_bd_pins proc_sys_reset_0/mb_debug_sys_rst]
regenerate_bd_layout
set_property location {2 628 1448} [get_bd_cells xlconstant_1]
validate_bd_design
WARNING: [BD 41-2670] Found an incomplete address path from address space '/processing_system7_0/Data' to master interface '/ps7_0_axi_periph/M12_AXI'. Please either complete or remove this path to resolve.
WARNING: [BD 41-2670] Found an incomplete address path from address space '/processing_system7_0/Data' to master interface '/ps7_0_axi_periph/M07_AXI'. Please either complete or remove this path to resolve.
WARNING: [BD 41-2670] Found an incomplete address path from address space '/processing_system7_0/Data' to master interface '/ps7_0_axi_periph/M10_AXI'. Please either complete or remove this path to resolve.
WARNING: [BD 5-699] No address segments matched 'get_bd_addr_segs -addressables -of_objects /processing_system7_0/FCLK_RESET0_N'
WARNING: [BD 41-702] Propagation TCL tries to overwrite USER strength parameter PCW_M_AXI_GP0_FREQMHZ(10) on '/processing_system7_0' with propagated value(50). Command ignored
WARNING: [BD 41-702] Propagation TCL tries to overwrite USER strength parameter PCW_S_AXI_HP0_FREQMHZ(10) on '/processing_system7_0' with propagated value(50). Command ignored
WARNING: [BD 41-702] Propagation TCL tries to overwrite USER strength parameter PCW_S_AXI_HP1_FREQMHZ(10) on '/processing_system7_0' with propagated value(50). Command ignored
INFO: [xilinx.com:ip:axi_vdma:6.3-15] /axi_vdma_0 
                    All clocks connected to AXI VDMA are not identical, therefore configuring AXI-VDMA in ASYNC mode.
WARNING: [xilinx.com:ip:axi_vdma:6.3-155] /axi_vdma_0 
                    To get the better performance, ensure AXI Memory Map clock frequency is greater than equal to AXI Streaming clock frequency.
WARNING: [xilinx.com:ip:axi_intc:4.1-13] /axi_intc_0: Interrupt output connection Bus is selected, but the interrupt bus interface is not connected to a matching interface. Please consider selecting Single instead.
INFO: [xilinx.com:ip:clk_wiz:6.0-1] /clk_wiz_0 clk_wiz propagate
validate_bd_design: Time (s): cpu = 00:00:06 ; elapsed = 00:00:05 . Memory (MB): peak = 2488.492 ; gain = 87.688
generate_target all [get_files  C:/code/RFC-8439-fpga-implementation/AES-Cam-on-PYNQ-Z2-main/AES-Cam-on-PYNQ-Z2-main/AES_SYS/AES_SYS.srcs/sources_1/bd/AES_SYS/AES_SYS.bd]
INFO: [BD 41-1662] The design 'AES_SYS.bd' is already validated. Therefore parameter propagation will not be re-run.
Wrote  : <C:\code\RFC-8439-fpga-implementation\AES-Cam-on-PYNQ-Z2-main\AES-Cam-on-PYNQ-Z2-main\AES_SYS\AES_SYS.srcs\sources_1\bd\AES_SYS\AES_SYS.bd> 
Wrote  : <C:/code/RFC-8439-fpga-implementation/AES-Cam-on-PYNQ-Z2-main/AES-Cam-on-PYNQ-Z2-main/AES_SYS/AES_SYS.srcs/sources_1/bd/AES_SYS/ui/bd_9341033d.ui> 
WARNING: [BD 41-2384] Width mismatch when connecting pin: '/axi_mem_intercon/m00_couplers/auto_pc/m_axi_rid'(1) to pin: '/axi_mem_intercon/m00_couplers/M_AXI_rid'(6) - Only lower order bits will be connected.
WARNING: [BD 41-2384] Width mismatch when connecting pin: '/axi_mem_intercon/m00_couplers/auto_pc/m_axi_bid'(1) to pin: '/axi_mem_intercon/m00_couplers/M_AXI_bid'(6) - Only lower order bits will be connected.
WARNING: [BD 41-2384] Width mismatch when connecting pin: '/axi_bram_ctrl_0_bram/addra'(32) to pin: '/axi_bram_ctrl_0/bram_addr_a'(18) - Only lower order bits will be connected.
WARNING: [BD 41-2384] Width mismatch when connecting pin: '/axi_bram_ctrl_0_bram1/addra'(32) to pin: '/axi_bram_ctrl_1/bram_addr_a'(18) - Only lower order bits will be connected.
WARNING: [BD 41-2384] Width mismatch when connecting pin: '/processing_system7_0/S_AXI_HP0_AWID'(6) to pin: '/axi_mem_intercon/M00_AXI_awid'(1) - Only lower order bits will be connected.
WARNING: [BD 41-2384] Width mismatch when connecting pin: '/processing_system7_0/S_AXI_HP0_ARID'(6) to pin: '/axi_mem_intercon/M00_AXI_arid'(1) - Only lower order bits will be connected.
WARNING: [BD 41-2384] Width mismatch when connecting pin: '/processing_system7_0/S_AXI_HP0_WID'(6) to pin: '/axi_mem_intercon/M00_AXI_wid'(1) - Only lower order bits will be connected.
Verilog Output written to : c:/code/RFC-8439-fpga-implementation/AES-Cam-on-PYNQ-Z2-main/AES-Cam-on-PYNQ-Z2-main/AES_SYS/AES_SYS.gen/sources_1/bd/AES_SYS/synth/AES_SYS.v
WARNING: [BD 41-2384] Width mismatch when connecting pin: '/axi_mem_intercon/m00_couplers/auto_pc/m_axi_rid'(1) to pin: '/axi_mem_intercon/m00_couplers/M_AXI_rid'(6) - Only lower order bits will be connected.
WARNING: [BD 41-2384] Width mismatch when connecting pin: '/axi_mem_intercon/m00_couplers/auto_pc/m_axi_bid'(1) to pin: '/axi_mem_intercon/m00_couplers/M_AXI_bid'(6) - Only lower order bits will be connected.
WARNING: [BD 41-2384] Width mismatch when connecting pin: '/axi_bram_ctrl_0_bram/addra'(32) to pin: '/axi_bram_ctrl_0/bram_addr_a'(18) - Only lower order bits will be connected.
WARNING: [BD 41-2384] Width mismatch when connecting pin: '/axi_bram_ctrl_0_bram1/addra'(32) to pin: '/axi_bram_ctrl_1/bram_addr_a'(18) - Only lower order bits will be connected.
WARNING: [BD 41-2384] Width mismatch when connecting pin: '/processing_system7_0/S_AXI_HP0_AWID'(6) to pin: '/axi_mem_intercon/M00_AXI_awid'(1) - Only lower order bits will be connected.
WARNING: [BD 41-2384] Width mismatch when connecting pin: '/processing_system7_0/S_AXI_HP0_ARID'(6) to pin: '/axi_mem_intercon/M00_AXI_arid'(1) - Only lower order bits will be connected.
WARNING: [BD 41-2384] Width mismatch when connecting pin: '/processing_system7_0/S_AXI_HP0_WID'(6) to pin: '/axi_mem_intercon/M00_AXI_wid'(1) - Only lower order bits will be connected.
Verilog Output written to : c:/code/RFC-8439-fpga-implementation/AES-Cam-on-PYNQ-Z2-main/AES-Cam-on-PYNQ-Z2-main/AES_SYS/AES_SYS.gen/sources_1/bd/AES_SYS/sim/AES_SYS.v
Verilog Output written to : c:/code/RFC-8439-fpga-implementation/AES-Cam-on-PYNQ-Z2-main/AES-Cam-on-PYNQ-Z2-main/AES_SYS/AES_SYS.gen/sources_1/bd/AES_SYS/hdl/AES_SYS_wrapper.v
WARNING: [IP_Flow 19-4994] Overwriting existing constraint file 'c:/code/RFC-8439-fpga-implementation/AES-Cam-on-PYNQ-Z2-main/AES-Cam-on-PYNQ-Z2-main/AES_SYS/AES_SYS.gen/sources_1/bd/AES_SYS/ip/AES_SYS_auto_pc_11/AES_SYS_auto_pc_11_ooc.xdc'
INFO: [BD 41-1029] Generation completed for the IP Integrator block ps7_0_axi_periph/s00_couplers/auto_pc .
WARNING: [IP_Flow 19-4994] Overwriting existing constraint file 'c:/code/RFC-8439-fpga-implementation/AES-Cam-on-PYNQ-Z2-main/AES-Cam-on-PYNQ-Z2-main/AES_SYS/AES_SYS.gen/sources_1/bd/AES_SYS/ip/AES_SYS_auto_pc_0/AES_SYS_auto_pc_0_ooc.xdc'
INFO: [BD 41-1029] Generation completed for the IP Integrator block ps7_0_axi_periph/m00_couplers/auto_pc .
WARNING: [IP_Flow 19-4994] Overwriting existing constraint file 'c:/code/RFC-8439-fpga-implementation/AES-Cam-on-PYNQ-Z2-main/AES-Cam-on-PYNQ-Z2-main/AES_SYS/AES_SYS.gen/sources_1/bd/AES_SYS/ip/AES_SYS_auto_pc_1/AES_SYS_auto_pc_1_ooc.xdc'
INFO: [BD 41-1029] Generation completed for the IP Integrator block ps7_0_axi_periph/m01_couplers/auto_pc .
WARNING: [IP_Flow 19-4994] Overwriting existing constraint file 'c:/code/RFC-8439-fpga-implementation/AES-Cam-on-PYNQ-Z2-main/AES-Cam-on-PYNQ-Z2-main/AES_SYS/AES_SYS.gen/sources_1/bd/AES_SYS/ip/AES_SYS_auto_pc_2/AES_SYS_auto_pc_2_ooc.xdc'
INFO: [BD 41-1029] Generation completed for the IP Integrator block ps7_0_axi_periph/m02_couplers/auto_pc .
WARNING: [IP_Flow 19-4994] Overwriting existing constraint file 'c:/code/RFC-8439-fpga-implementation/AES-Cam-on-PYNQ-Z2-main/AES-Cam-on-PYNQ-Z2-main/AES_SYS/AES_SYS.gen/sources_1/bd/AES_SYS/ip/AES_SYS_auto_pc_3/AES_SYS_auto_pc_3_ooc.xdc'
INFO: [BD 41-1029] Generation completed for the IP Integrator block ps7_0_axi_periph/m03_couplers/auto_pc .
WARNING: [IP_Flow 19-4994] Overwriting existing constraint file 'c:/code/RFC-8439-fpga-implementation/AES-Cam-on-PYNQ-Z2-main/AES-Cam-on-PYNQ-Z2-main/AES_SYS/AES_SYS.gen/sources_1/bd/AES_SYS/ip/AES_SYS_auto_pc_4/AES_SYS_auto_pc_4_ooc.xdc'
INFO: [BD 41-1029] Generation completed for the IP Integrator block ps7_0_axi_periph/m04_couplers/auto_pc .
WARNING: [IP_Flow 19-4994] Overwriting existing constraint file 'c:/code/RFC-8439-fpga-implementation/AES-Cam-on-PYNQ-Z2-main/AES-Cam-on-PYNQ-Z2-main/AES_SYS/AES_SYS.gen/sources_1/bd/AES_SYS/ip/AES_SYS_auto_pc_5/AES_SYS_auto_pc_5_ooc.xdc'
INFO: [BD 41-1029] Generation completed for the IP Integrator block ps7_0_axi_periph/m05_couplers/auto_pc .
WARNING: [IP_Flow 19-4994] Overwriting existing constraint file 'c:/code/RFC-8439-fpga-implementation/AES-Cam-on-PYNQ-Z2-main/AES-Cam-on-PYNQ-Z2-main/AES_SYS/AES_SYS.gen/sources_1/bd/AES_SYS/ip/AES_SYS_auto_pc_6/AES_SYS_auto_pc_6_ooc.xdc'
INFO: [BD 41-1029] Generation completed for the IP Integrator block ps7_0_axi_periph/m06_couplers/auto_pc .
WARNING: [IP_Flow 19-4994] Overwriting existing constraint file 'c:/code/RFC-8439-fpga-implementation/AES-Cam-on-PYNQ-Z2-main/AES-Cam-on-PYNQ-Z2-main/AES_SYS/AES_SYS.gen/sources_1/bd/AES_SYS/ip/AES_SYS_auto_pc_7/AES_SYS_auto_pc_7_ooc.xdc'
INFO: [BD 41-1029] Generation completed for the IP Integrator block ps7_0_axi_periph/m08_couplers/auto_pc .
WARNING: [IP_Flow 19-4994] Overwriting existing constraint file 'c:/code/RFC-8439-fpga-implementation/AES-Cam-on-PYNQ-Z2-main/AES-Cam-on-PYNQ-Z2-main/AES_SYS/AES_SYS.gen/sources_1/bd/AES_SYS/ip/AES_SYS_auto_pc_8/AES_SYS_auto_pc_8_ooc.xdc'
INFO: [BD 41-1029] Generation completed for the IP Integrator block ps7_0_axi_periph/m09_couplers/auto_pc .
WARNING: [IP_Flow 19-4994] Overwriting existing constraint file 'c:/code/RFC-8439-fpga-implementation/AES-Cam-on-PYNQ-Z2-main/AES-Cam-on-PYNQ-Z2-main/AES_SYS/AES_SYS.gen/sources_1/bd/AES_SYS/ip/AES_SYS_auto_pc_9/AES_SYS_auto_pc_9_ooc.xdc'
INFO: [BD 41-1029] Generation completed for the IP Integrator block ps7_0_axi_periph/m11_couplers/auto_pc .
WARNING: [IP_Flow 19-4994] Overwriting existing constraint file 'c:/code/RFC-8439-fpga-implementation/AES-Cam-on-PYNQ-Z2-main/AES-Cam-on-PYNQ-Z2-main/AES_SYS/AES_SYS.gen/sources_1/bd/AES_SYS/ip/AES_SYS_auto_pc_10/AES_SYS_auto_pc_10_ooc.xdc'
INFO: [BD 41-1029] Generation completed for the IP Integrator block ps7_0_axi_periph/m13_couplers/auto_pc .
WARNING: [IP_Flow 19-4994] Overwriting existing constraint file 'c:/code/RFC-8439-fpga-implementation/AES-Cam-on-PYNQ-Z2-main/AES-Cam-on-PYNQ-Z2-main/AES_SYS/AES_SYS.gen/sources_1/bd/AES_SYS/ip/AES_SYS_auto_pc_12/AES_SYS_auto_pc_12_ooc.xdc'
INFO: [BD 41-1029] Generation completed for the IP Integrator block axi_mem_intercon/m00_couplers/auto_pc .
WARNING: [IP_Flow 19-4994] Overwriting existing constraint file 'c:/code/RFC-8439-fpga-implementation/AES-Cam-on-PYNQ-Z2-main/AES-Cam-on-PYNQ-Z2-main/AES_SYS/AES_SYS.gen/sources_1/bd/AES_SYS/ip/AES_SYS_auto_us_0/AES_SYS_auto_us_0_ooc.xdc'
INFO: [IP_Flow 19-5611] Unable to find an associated reset port for the interface 'S_AXI'. A default connection has been created.
INFO: [IP_Flow 19-5611] Unable to find an associated reset port for the interface 'M_AXI'. A default connection has been created.
INFO: [BD 41-1029] Generation completed for the IP Integrator block axi_mem_intercon_1/s00_couplers/auto_us .
WARNING: [IP_Flow 19-4994] Overwriting existing constraint file 'c:/code/RFC-8439-fpga-implementation/AES-Cam-on-PYNQ-Z2-main/AES-Cam-on-PYNQ-Z2-main/AES_SYS/AES_SYS.gen/sources_1/bd/AES_SYS/ip/AES_SYS_auto_pc_13/AES_SYS_auto_pc_13_ooc.xdc'
INFO: [BD 41-1029] Generation completed for the IP Integrator block axi_mem_intercon_1/m00_couplers/auto_pc .
WARNING: [IP_Flow 19-4994] Overwriting existing constraint file 'c:/code/RFC-8439-fpga-implementation/AES-Cam-on-PYNQ-Z2-main/AES-Cam-on-PYNQ-Z2-main/AES_SYS/AES_SYS.gen/sources_1/bd/AES_SYS/ip/AES_SYS_auto_ds_0/AES_SYS_auto_ds_0_ooc.xdc'
INFO: [IP_Flow 19-5611] Unable to find an associated reset port for the interface 'S_AXI'. A default connection has been created.
INFO: [IP_Flow 19-5611] Unable to find an associated reset port for the interface 'M_AXI'. A default connection has been created.
INFO: [BD 41-1029] Generation completed for the IP Integrator block axi_mem_intercon_1/m01_couplers/auto_ds .
WARNING: [IP_Flow 19-4994] Overwriting existing constraint file 'c:/code/RFC-8439-fpga-implementation/AES-Cam-on-PYNQ-Z2-main/AES-Cam-on-PYNQ-Z2-main/AES_SYS/AES_SYS.gen/sources_1/bd/AES_SYS/ip/AES_SYS_auto_ds_1/AES_SYS_auto_ds_1_ooc.xdc'
INFO: [IP_Flow 19-5611] Unable to find an associated reset port for the interface 'S_AXI'. A default connection has been created.
INFO: [IP_Flow 19-5611] Unable to find an associated reset port for the interface 'M_AXI'. A default connection has been created.
INFO: [BD 41-1029] Generation completed for the IP Integrator block axi_mem_intercon_1/m02_couplers/auto_ds .
INFO: [BD 41-1029] Generation completed for the IP Integrator block proc_sys_reset_0 .
INFO: [BD 41-1029] Generation completed for the IP Integrator block xlconstant_1 .
Exporting to file c:/code/RFC-8439-fpga-implementation/AES-Cam-on-PYNQ-Z2-main/AES-Cam-on-PYNQ-Z2-main/AES_SYS/AES_SYS.gen/sources_1/bd/AES_SYS/hw_handoff/AES_SYS.hwh
Generated Hardware Definition File c:/code/RFC-8439-fpga-implementation/AES-Cam-on-PYNQ-Z2-main/AES-Cam-on-PYNQ-Z2-main/AES_SYS/AES_SYS.gen/sources_1/bd/AES_SYS/synth/AES_SYS.hwdef
generate_target: Time (s): cpu = 00:00:05 ; elapsed = 00:00:05 . Memory (MB): peak = 2537.375 ; gain = 48.883
catch { config_ip_cache -export [get_ips -all AES_SYS_auto_pc_11] }
INFO: [IP_Flow 19-6924] IPCACHE: Running cache check for IP inst: AES_SYS_auto_pc_11
INFO: [IP_Flow 19-6922] IPCACHE: Exporting cached entry e640ebf91d268473 to dir: c:/code/RFC-8439-fpga-implementation/AES-Cam-on-PYNQ-Z2-main/AES-Cam-on-PYNQ-Z2-main/AES_SYS/AES_SYS.gen/sources_1/bd/AES_SYS/ip/AES_SYS_auto_pc_11
INFO: [IP_Flow 19-6928] IPCACHE: copied cached file c:/code/RFC-8439-fpga-implementation/AES-Cam-on-PYNQ-Z2-main/AES-Cam-on-PYNQ-Z2-main/AES_SYS/AES_SYS.cache/ip/2023.2/e/6/e640ebf91d268473/AES_SYS_auto_pc_11.dcp to c:/code/RFC-8439-fpga-implementation/AES-Cam-on-PYNQ-Z2-main/AES-Cam-on-PYNQ-Z2-main/AES_SYS/AES_SYS.gen/sources_1/bd/AES_SYS/ip/AES_SYS_auto_pc_11/AES_SYS_auto_pc_11.dcp.
INFO: [IP_Flow 19-6926] IPCACHE: added file to list for BOM: c:/code/RFC-8439-fpga-implementation/AES-Cam-on-PYNQ-Z2-main/AES-Cam-on-PYNQ-Z2-main/AES_SYS/AES_SYS.gen/sources_1/bd/AES_SYS/ip/AES_SYS_auto_pc_11/AES_SYS_auto_pc_11.dcp
INFO: [IP_Flow 19-6928] IPCACHE: copied cached file c:/code/RFC-8439-fpga-implementation/AES-Cam-on-PYNQ-Z2-main/AES-Cam-on-PYNQ-Z2-main/AES_SYS/AES_SYS.cache/ip/2023.2/e/6/e640ebf91d268473/AES_SYS_auto_pc_11_sim_netlist.v to c:/code/RFC-8439-fpga-implementation/AES-Cam-on-PYNQ-Z2-main/AES-Cam-on-PYNQ-Z2-main/AES_SYS/AES_SYS.gen/sources_1/bd/AES_SYS/ip/AES_SYS_auto_pc_11/AES_SYS_auto_pc_11_sim_netlist.v.
INFO: [IP_Flow 19-6926] IPCACHE: added file to list for BOM: c:/code/RFC-8439-fpga-implementation/AES-Cam-on-PYNQ-Z2-main/AES-Cam-on-PYNQ-Z2-main/AES_SYS/AES_SYS.gen/sources_1/bd/AES_SYS/ip/AES_SYS_auto_pc_11/AES_SYS_auto_pc_11_sim_netlist.v
INFO: [IP_Flow 19-6928] IPCACHE: copied cached file c:/code/RFC-8439-fpga-implementation/AES-Cam-on-PYNQ-Z2-main/AES-Cam-on-PYNQ-Z2-main/AES_SYS/AES_SYS.cache/ip/2023.2/e/6/e640ebf91d268473/AES_SYS_auto_pc_11_sim_netlist.vhdl to c:/code/RFC-8439-fpga-implementation/AES-Cam-on-PYNQ-Z2-main/AES-Cam-on-PYNQ-Z2-main/AES_SYS/AES_SYS.gen/sources_1/bd/AES_SYS/ip/AES_SYS_auto_pc_11/AES_SYS_auto_pc_11_sim_netlist.vhdl.
INFO: [IP_Flow 19-6926] IPCACHE: added file to list for BOM: c:/code/RFC-8439-fpga-implementation/AES-Cam-on-PYNQ-Z2-main/AES-Cam-on-PYNQ-Z2-main/AES_SYS/AES_SYS.gen/sources_1/bd/AES_SYS/ip/AES_SYS_auto_pc_11/AES_SYS_auto_pc_11_sim_netlist.vhdl
INFO: [IP_Flow 19-6928] IPCACHE: copied cached file c:/code/RFC-8439-fpga-implementation/AES-Cam-on-PYNQ-Z2-main/AES-Cam-on-PYNQ-Z2-main/AES_SYS/AES_SYS.cache/ip/2023.2/e/6/e640ebf91d268473/AES_SYS_auto_pc_11_stub.v to c:/code/RFC-8439-fpga-implementation/AES-Cam-on-PYNQ-Z2-main/AES-Cam-on-PYNQ-Z2-main/AES_SYS/AES_SYS.gen/sources_1/bd/AES_SYS/ip/AES_SYS_auto_pc_11/AES_SYS_auto_pc_11_stub.v.
INFO: [IP_Flow 19-6926] IPCACHE: added file to list for BOM: c:/code/RFC-8439-fpga-implementation/AES-Cam-on-PYNQ-Z2-main/AES-Cam-on-PYNQ-Z2-main/AES_SYS/AES_SYS.gen/sources_1/bd/AES_SYS/ip/AES_SYS_auto_pc_11/AES_SYS_auto_pc_11_stub.v
INFO: [IP_Flow 19-6928] IPCACHE: copied cached file c:/code/RFC-8439-fpga-implementation/AES-Cam-on-PYNQ-Z2-main/AES-Cam-on-PYNQ-Z2-main/AES_SYS/AES_SYS.cache/ip/2023.2/e/6/e640ebf91d268473/AES_SYS_auto_pc_11_stub.vhdl to c:/code/RFC-8439-fpga-implementation/AES-Cam-on-PYNQ-Z2-main/AES-Cam-on-PYNQ-Z2-main/AES_SYS/AES_SYS.gen/sources_1/bd/AES_SYS/ip/AES_SYS_auto_pc_11/AES_SYS_auto_pc_11_stub.vhdl.
INFO: [IP_Flow 19-6926] IPCACHE: added file to list for BOM: c:/code/RFC-8439-fpga-implementation/AES-Cam-on-PYNQ-Z2-main/AES-Cam-on-PYNQ-Z2-main/AES_SYS/AES_SYS.gen/sources_1/bd/AES_SYS/ip/AES_SYS_auto_pc_11/AES_SYS_auto_pc_11_stub.vhdl
INFO: [IP_Flow 19-4993] Using cached IP synthesis design for IP AES_SYS_auto_pc_11, cache-ID = e640ebf91d268473; cache size = 170.469 MB.
catch { config_ip_cache -export [get_ips -all AES_SYS_auto_pc_0] }
INFO: [IP_Flow 19-6924] IPCACHE: Running cache check for IP inst: AES_SYS_auto_pc_0
INFO: [IP_Flow 19-6922] IPCACHE: Exporting cached entry 3bc72d579e6ad5e4 to dir: c:/code/RFC-8439-fpga-implementation/AES-Cam-on-PYNQ-Z2-main/AES-Cam-on-PYNQ-Z2-main/AES_SYS/AES_SYS.gen/sources_1/bd/AES_SYS/ip/AES_SYS_auto_pc_0
INFO: [IP_Flow 19-6928] IPCACHE: copied cached file c:/code/RFC-8439-fpga-implementation/AES-Cam-on-PYNQ-Z2-main/AES-Cam-on-PYNQ-Z2-main/AES_SYS/AES_SYS.cache/ip/2023.2/3/b/3bc72d579e6ad5e4/AES_SYS_auto_pc_0.dcp to c:/code/RFC-8439-fpga-implementation/AES-Cam-on-PYNQ-Z2-main/AES-Cam-on-PYNQ-Z2-main/AES_SYS/AES_SYS.gen/sources_1/bd/AES_SYS/ip/AES_SYS_auto_pc_0/AES_SYS_auto_pc_0.dcp.
INFO: [IP_Flow 19-6926] IPCACHE: added file to list for BOM: c:/code/RFC-8439-fpga-implementation/AES-Cam-on-PYNQ-Z2-main/AES-Cam-on-PYNQ-Z2-main/AES_SYS/AES_SYS.gen/sources_1/bd/AES_SYS/ip/AES_SYS_auto_pc_0/AES_SYS_auto_pc_0.dcp
INFO: [IP_Flow 19-6928] IPCACHE: copied cached file c:/code/RFC-8439-fpga-implementation/AES-Cam-on-PYNQ-Z2-main/AES-Cam-on-PYNQ-Z2-main/AES_SYS/AES_SYS.cache/ip/2023.2/3/b/3bc72d579e6ad5e4/AES_SYS_auto_pc_0_sim_netlist.v to c:/code/RFC-8439-fpga-implementation/AES-Cam-on-PYNQ-Z2-main/AES-Cam-on-PYNQ-Z2-main/AES_SYS/AES_SYS.gen/sources_1/bd/AES_SYS/ip/AES_SYS_auto_pc_0/AES_SYS_auto_pc_0_sim_netlist.v.
INFO: [IP_Flow 19-6926] IPCACHE: added file to list for BOM: c:/code/RFC-8439-fpga-implementation/AES-Cam-on-PYNQ-Z2-main/AES-Cam-on-PYNQ-Z2-main/AES_SYS/AES_SYS.gen/sources_1/bd/AES_SYS/ip/AES_SYS_auto_pc_0/AES_SYS_auto_pc_0_sim_netlist.v
INFO: [IP_Flow 19-6928] IPCACHE: copied cached file c:/code/RFC-8439-fpga-implementation/AES-Cam-on-PYNQ-Z2-main/AES-Cam-on-PYNQ-Z2-main/AES_SYS/AES_SYS.cache/ip/2023.2/3/b/3bc72d579e6ad5e4/AES_SYS_auto_pc_0_sim_netlist.vhdl to c:/code/RFC-8439-fpga-implementation/AES-Cam-on-PYNQ-Z2-main/AES-Cam-on-PYNQ-Z2-main/AES_SYS/AES_SYS.gen/sources_1/bd/AES_SYS/ip/AES_SYS_auto_pc_0/AES_SYS_auto_pc_0_sim_netlist.vhdl.
INFO: [IP_Flow 19-6926] IPCACHE: added file to list for BOM: c:/code/RFC-8439-fpga-implementation/AES-Cam-on-PYNQ-Z2-main/AES-Cam-on-PYNQ-Z2-main/AES_SYS/AES_SYS.gen/sources_1/bd/AES_SYS/ip/AES_SYS_auto_pc_0/AES_SYS_auto_pc_0_sim_netlist.vhdl
INFO: [IP_Flow 19-6928] IPCACHE: copied cached file c:/code/RFC-8439-fpga-implementation/AES-Cam-on-PYNQ-Z2-main/AES-Cam-on-PYNQ-Z2-main/AES_SYS/AES_SYS.cache/ip/2023.2/3/b/3bc72d579e6ad5e4/AES_SYS_auto_pc_0_stub.v to c:/code/RFC-8439-fpga-implementation/AES-Cam-on-PYNQ-Z2-main/AES-Cam-on-PYNQ-Z2-main/AES_SYS/AES_SYS.gen/sources_1/bd/AES_SYS/ip/AES_SYS_auto_pc_0/AES_SYS_auto_pc_0_stub.v.
INFO: [IP_Flow 19-6926] IPCACHE: added file to list for BOM: c:/code/RFC-8439-fpga-implementation/AES-Cam-on-PYNQ-Z2-main/AES-Cam-on-PYNQ-Z2-main/AES_SYS/AES_SYS.gen/sources_1/bd/AES_SYS/ip/AES_SYS_auto_pc_0/AES_SYS_auto_pc_0_stub.v
INFO: [IP_Flow 19-6928] IPCACHE: copied cached file c:/code/RFC-8439-fpga-implementation/AES-Cam-on-PYNQ-Z2-main/AES-Cam-on-PYNQ-Z2-main/AES_SYS/AES_SYS.cache/ip/2023.2/3/b/3bc72d579e6ad5e4/AES_SYS_auto_pc_0_stub.vhdl to c:/code/RFC-8439-fpga-implementation/AES-Cam-on-PYNQ-Z2-main/AES-Cam-on-PYNQ-Z2-main/AES_SYS/AES_SYS.gen/sources_1/bd/AES_SYS/ip/AES_SYS_auto_pc_0/AES_SYS_auto_pc_0_stub.vhdl.
INFO: [IP_Flow 19-6926] IPCACHE: added file to list for BOM: c:/code/RFC-8439-fpga-implementation/AES-Cam-on-PYNQ-Z2-main/AES-Cam-on-PYNQ-Z2-main/AES_SYS/AES_SYS.gen/sources_1/bd/AES_SYS/ip/AES_SYS_auto_pc_0/AES_SYS_auto_pc_0_stub.vhdl
INFO: [IP_Flow 19-4993] Using cached IP synthesis design for IP AES_SYS_auto_pc_0, cache-ID = 3bc72d579e6ad5e4; cache size = 170.469 MB.
catch { config_ip_cache -export [get_ips -all AES_SYS_auto_pc_1] }
INFO: [IP_Flow 19-6924] IPCACHE: Running cache check for IP inst: AES_SYS_auto_pc_1
INFO: [IP_Flow 19-6922] IPCACHE: Exporting cached entry 3bc72d579e6ad5e4 to dir: c:/code/RFC-8439-fpga-implementation/AES-Cam-on-PYNQ-Z2-main/AES-Cam-on-PYNQ-Z2-main/AES_SYS/AES_SYS.gen/sources_1/bd/AES_SYS/ip/AES_SYS_auto_pc_1
INFO: [IP_Flow 19-6928] IPCACHE: copied cached file c:/code/RFC-8439-fpga-implementation/AES-Cam-on-PYNQ-Z2-main/AES-Cam-on-PYNQ-Z2-main/AES_SYS/AES_SYS.cache/ip/2023.2/3/b/3bc72d579e6ad5e4/AES_SYS_auto_pc_0.dcp to c:/code/RFC-8439-fpga-implementation/AES-Cam-on-PYNQ-Z2-main/AES-Cam-on-PYNQ-Z2-main/AES_SYS/AES_SYS.gen/sources_1/bd/AES_SYS/ip/AES_SYS_auto_pc_1/AES_SYS_auto_pc_1.dcp.
INFO: [IP_Flow 19-6926] IPCACHE: added file to list for BOM: c:/code/RFC-8439-fpga-implementation/AES-Cam-on-PYNQ-Z2-main/AES-Cam-on-PYNQ-Z2-main/AES_SYS/AES_SYS.gen/sources_1/bd/AES_SYS/ip/AES_SYS_auto_pc_1/AES_SYS_auto_pc_1.dcp
INFO: [IP_Flow 19-6928] IPCACHE: copied cached file c:/code/RFC-8439-fpga-implementation/AES-Cam-on-PYNQ-Z2-main/AES-Cam-on-PYNQ-Z2-main/AES_SYS/AES_SYS.cache/ip/2023.2/3/b/3bc72d579e6ad5e4/AES_SYS_auto_pc_0_sim_netlist.v to c:/code/RFC-8439-fpga-implementation/AES-Cam-on-PYNQ-Z2-main/AES-Cam-on-PYNQ-Z2-main/AES_SYS/AES_SYS.gen/sources_1/bd/AES_SYS/ip/AES_SYS_auto_pc_1/AES_SYS_auto_pc_1_sim_netlist.v.
INFO: [IP_Flow 19-6926] IPCACHE: added file to list for BOM: c:/code/RFC-8439-fpga-implementation/AES-Cam-on-PYNQ-Z2-main/AES-Cam-on-PYNQ-Z2-main/AES_SYS/AES_SYS.gen/sources_1/bd/AES_SYS/ip/AES_SYS_auto_pc_1/AES_SYS_auto_pc_1_sim_netlist.v
INFO: [IP_Flow 19-6928] IPCACHE: copied cached file c:/code/RFC-8439-fpga-implementation/AES-Cam-on-PYNQ-Z2-main/AES-Cam-on-PYNQ-Z2-main/AES_SYS/AES_SYS.cache/ip/2023.2/3/b/3bc72d579e6ad5e4/AES_SYS_auto_pc_0_sim_netlist.vhdl to c:/code/RFC-8439-fpga-implementation/AES-Cam-on-PYNQ-Z2-main/AES-Cam-on-PYNQ-Z2-main/AES_SYS/AES_SYS.gen/sources_1/bd/AES_SYS/ip/AES_SYS_auto_pc_1/AES_SYS_auto_pc_1_sim_netlist.vhdl.
INFO: [IP_Flow 19-6926] IPCACHE: added file to list for BOM: c:/code/RFC-8439-fpga-implementation/AES-Cam-on-PYNQ-Z2-main/AES-Cam-on-PYNQ-Z2-main/AES_SYS/AES_SYS.gen/sources_1/bd/AES_SYS/ip/AES_SYS_auto_pc_1/AES_SYS_auto_pc_1_sim_netlist.vhdl
INFO: [IP_Flow 19-6928] IPCACHE: copied cached file c:/code/RFC-8439-fpga-implementation/AES-Cam-on-PYNQ-Z2-main/AES-Cam-on-PYNQ-Z2-main/AES_SYS/AES_SYS.cache/ip/2023.2/3/b/3bc72d579e6ad5e4/AES_SYS_auto_pc_0_stub.v to c:/code/RFC-8439-fpga-implementation/AES-Cam-on-PYNQ-Z2-main/AES-Cam-on-PYNQ-Z2-main/AES_SYS/AES_SYS.gen/sources_1/bd/AES_SYS/ip/AES_SYS_auto_pc_1/AES_SYS_auto_pc_1_stub.v.
INFO: [IP_Flow 19-6926] IPCACHE: added file to list for BOM: c:/code/RFC-8439-fpga-implementation/AES-Cam-on-PYNQ-Z2-main/AES-Cam-on-PYNQ-Z2-main/AES_SYS/AES_SYS.gen/sources_1/bd/AES_SYS/ip/AES_SYS_auto_pc_1/AES_SYS_auto_pc_1_stub.v
INFO: [IP_Flow 19-6928] IPCACHE: copied cached file c:/code/RFC-8439-fpga-implementation/AES-Cam-on-PYNQ-Z2-main/AES-Cam-on-PYNQ-Z2-main/AES_SYS/AES_SYS.cache/ip/2023.2/3/b/3bc72d579e6ad5e4/AES_SYS_auto_pc_0_stub.vhdl to c:/code/RFC-8439-fpga-implementation/AES-Cam-on-PYNQ-Z2-main/AES-Cam-on-PYNQ-Z2-main/AES_SYS/AES_SYS.gen/sources_1/bd/AES_SYS/ip/AES_SYS_auto_pc_1/AES_SYS_auto_pc_1_stub.vhdl.
INFO: [IP_Flow 19-6926] IPCACHE: added file to list for BOM: c:/code/RFC-8439-fpga-implementation/AES-Cam-on-PYNQ-Z2-main/AES-Cam-on-PYNQ-Z2-main/AES_SYS/AES_SYS.gen/sources_1/bd/AES_SYS/ip/AES_SYS_auto_pc_1/AES_SYS_auto_pc_1_stub.vhdl
INFO: [IP_Flow 19-4993] Using cached IP synthesis design for IP AES_SYS_auto_pc_1, cache-ID = 3bc72d579e6ad5e4; cache size = 170.469 MB.
catch { config_ip_cache -export [get_ips -all AES_SYS_auto_pc_2] }
INFO: [IP_Flow 19-6924] IPCACHE: Running cache check for IP inst: AES_SYS_auto_pc_2
INFO: [IP_Flow 19-6922] IPCACHE: Exporting cached entry 3bc72d579e6ad5e4 to dir: c:/code/RFC-8439-fpga-implementation/AES-Cam-on-PYNQ-Z2-main/AES-Cam-on-PYNQ-Z2-main/AES_SYS/AES_SYS.gen/sources_1/bd/AES_SYS/ip/AES_SYS_auto_pc_2
INFO: [IP_Flow 19-6928] IPCACHE: copied cached file c:/code/RFC-8439-fpga-implementation/AES-Cam-on-PYNQ-Z2-main/AES-Cam-on-PYNQ-Z2-main/AES_SYS/AES_SYS.cache/ip/2023.2/3/b/3bc72d579e6ad5e4/AES_SYS_auto_pc_0.dcp to c:/code/RFC-8439-fpga-implementation/AES-Cam-on-PYNQ-Z2-main/AES-Cam-on-PYNQ-Z2-main/AES_SYS/AES_SYS.gen/sources_1/bd/AES_SYS/ip/AES_SYS_auto_pc_2/AES_SYS_auto_pc_2.dcp.
INFO: [IP_Flow 19-6926] IPCACHE: added file to list for BOM: c:/code/RFC-8439-fpga-implementation/AES-Cam-on-PYNQ-Z2-main/AES-Cam-on-PYNQ-Z2-main/AES_SYS/AES_SYS.gen/sources_1/bd/AES_SYS/ip/AES_SYS_auto_pc_2/AES_SYS_auto_pc_2.dcp
INFO: [IP_Flow 19-6928] IPCACHE: copied cached file c:/code/RFC-8439-fpga-implementation/AES-Cam-on-PYNQ-Z2-main/AES-Cam-on-PYNQ-Z2-main/AES_SYS/AES_SYS.cache/ip/2023.2/3/b/3bc72d579e6ad5e4/AES_SYS_auto_pc_0_sim_netlist.v to c:/code/RFC-8439-fpga-implementation/AES-Cam-on-PYNQ-Z2-main/AES-Cam-on-PYNQ-Z2-main/AES_SYS/AES_SYS.gen/sources_1/bd/AES_SYS/ip/AES_SYS_auto_pc_2/AES_SYS_auto_pc_2_sim_netlist.v.
INFO: [IP_Flow 19-6926] IPCACHE: added file to list for BOM: c:/code/RFC-8439-fpga-implementation/AES-Cam-on-PYNQ-Z2-main/AES-Cam-on-PYNQ-Z2-main/AES_SYS/AES_SYS.gen/sources_1/bd/AES_SYS/ip/AES_SYS_auto_pc_2/AES_SYS_auto_pc_2_sim_netlist.v
INFO: [IP_Flow 19-6928] IPCACHE: copied cached file c:/code/RFC-8439-fpga-implementation/AES-Cam-on-PYNQ-Z2-main/AES-Cam-on-PYNQ-Z2-main/AES_SYS/AES_SYS.cache/ip/2023.2/3/b/3bc72d579e6ad5e4/AES_SYS_auto_pc_0_sim_netlist.vhdl to c:/code/RFC-8439-fpga-implementation/AES-Cam-on-PYNQ-Z2-main/AES-Cam-on-PYNQ-Z2-main/AES_SYS/AES_SYS.gen/sources_1/bd/AES_SYS/ip/AES_SYS_auto_pc_2/AES_SYS_auto_pc_2_sim_netlist.vhdl.
INFO: [IP_Flow 19-6926] IPCACHE: added file to list for BOM: c:/code/RFC-8439-fpga-implementation/AES-Cam-on-PYNQ-Z2-main/AES-Cam-on-PYNQ-Z2-main/AES_SYS/AES_SYS.gen/sources_1/bd/AES_SYS/ip/AES_SYS_auto_pc_2/AES_SYS_auto_pc_2_sim_netlist.vhdl
INFO: [IP_Flow 19-6928] IPCACHE: copied cached file c:/code/RFC-8439-fpga-implementation/AES-Cam-on-PYNQ-Z2-main/AES-Cam-on-PYNQ-Z2-main/AES_SYS/AES_SYS.cache/ip/2023.2/3/b/3bc72d579e6ad5e4/AES_SYS_auto_pc_0_stub.v to c:/code/RFC-8439-fpga-implementation/AES-Cam-on-PYNQ-Z2-main/AES-Cam-on-PYNQ-Z2-main/AES_SYS/AES_SYS.gen/sources_1/bd/AES_SYS/ip/AES_SYS_auto_pc_2/AES_SYS_auto_pc_2_stub.v.
INFO: [IP_Flow 19-6926] IPCACHE: added file to list for BOM: c:/code/RFC-8439-fpga-implementation/AES-Cam-on-PYNQ-Z2-main/AES-Cam-on-PYNQ-Z2-main/AES_SYS/AES_SYS.gen/sources_1/bd/AES_SYS/ip/AES_SYS_auto_pc_2/AES_SYS_auto_pc_2_stub.v
INFO: [IP_Flow 19-6928] IPCACHE: copied cached file c:/code/RFC-8439-fpga-implementation/AES-Cam-on-PYNQ-Z2-main/AES-Cam-on-PYNQ-Z2-main/AES_SYS/AES_SYS.cache/ip/2023.2/3/b/3bc72d579e6ad5e4/AES_SYS_auto_pc_0_stub.vhdl to c:/code/RFC-8439-fpga-implementation/AES-Cam-on-PYNQ-Z2-main/AES-Cam-on-PYNQ-Z2-main/AES_SYS/AES_SYS.gen/sources_1/bd/AES_SYS/ip/AES_SYS_auto_pc_2/AES_SYS_auto_pc_2_stub.vhdl.
INFO: [IP_Flow 19-6926] IPCACHE: added file to list for BOM: c:/code/RFC-8439-fpga-implementation/AES-Cam-on-PYNQ-Z2-main/AES-Cam-on-PYNQ-Z2-main/AES_SYS/AES_SYS.gen/sources_1/bd/AES_SYS/ip/AES_SYS_auto_pc_2/AES_SYS_auto_pc_2_stub.vhdl
INFO: [IP_Flow 19-4993] Using cached IP synthesis design for IP AES_SYS_auto_pc_2, cache-ID = 3bc72d579e6ad5e4; cache size = 170.469 MB.
catch { config_ip_cache -export [get_ips -all AES_SYS_auto_pc_3] }
INFO: [IP_Flow 19-6924] IPCACHE: Running cache check for IP inst: AES_SYS_auto_pc_3
INFO: [IP_Flow 19-6922] IPCACHE: Exporting cached entry 3bc72d579e6ad5e4 to dir: c:/code/RFC-8439-fpga-implementation/AES-Cam-on-PYNQ-Z2-main/AES-Cam-on-PYNQ-Z2-main/AES_SYS/AES_SYS.gen/sources_1/bd/AES_SYS/ip/AES_SYS_auto_pc_3
INFO: [IP_Flow 19-6928] IPCACHE: copied cached file c:/code/RFC-8439-fpga-implementation/AES-Cam-on-PYNQ-Z2-main/AES-Cam-on-PYNQ-Z2-main/AES_SYS/AES_SYS.cache/ip/2023.2/3/b/3bc72d579e6ad5e4/AES_SYS_auto_pc_0.dcp to c:/code/RFC-8439-fpga-implementation/AES-Cam-on-PYNQ-Z2-main/AES-Cam-on-PYNQ-Z2-main/AES_SYS/AES_SYS.gen/sources_1/bd/AES_SYS/ip/AES_SYS_auto_pc_3/AES_SYS_auto_pc_3.dcp.
INFO: [IP_Flow 19-6926] IPCACHE: added file to list for BOM: c:/code/RFC-8439-fpga-implementation/AES-Cam-on-PYNQ-Z2-main/AES-Cam-on-PYNQ-Z2-main/AES_SYS/AES_SYS.gen/sources_1/bd/AES_SYS/ip/AES_SYS_auto_pc_3/AES_SYS_auto_pc_3.dcp
INFO: [IP_Flow 19-6928] IPCACHE: copied cached file c:/code/RFC-8439-fpga-implementation/AES-Cam-on-PYNQ-Z2-main/AES-Cam-on-PYNQ-Z2-main/AES_SYS/AES_SYS.cache/ip/2023.2/3/b/3bc72d579e6ad5e4/AES_SYS_auto_pc_0_sim_netlist.v to c:/code/RFC-8439-fpga-implementation/AES-Cam-on-PYNQ-Z2-main/AES-Cam-on-PYNQ-Z2-main/AES_SYS/AES_SYS.gen/sources_1/bd/AES_SYS/ip/AES_SYS_auto_pc_3/AES_SYS_auto_pc_3_sim_netlist.v.
INFO: [IP_Flow 19-6926] IPCACHE: added file to list for BOM: c:/code/RFC-8439-fpga-implementation/AES-Cam-on-PYNQ-Z2-main/AES-Cam-on-PYNQ-Z2-main/AES_SYS/AES_SYS.gen/sources_1/bd/AES_SYS/ip/AES_SYS_auto_pc_3/AES_SYS_auto_pc_3_sim_netlist.v
INFO: [IP_Flow 19-6928] IPCACHE: copied cached file c:/code/RFC-8439-fpga-implementation/AES-Cam-on-PYNQ-Z2-main/AES-Cam-on-PYNQ-Z2-main/AES_SYS/AES_SYS.cache/ip/2023.2/3/b/3bc72d579e6ad5e4/AES_SYS_auto_pc_0_sim_netlist.vhdl to c:/code/RFC-8439-fpga-implementation/AES-Cam-on-PYNQ-Z2-main/AES-Cam-on-PYNQ-Z2-main/AES_SYS/AES_SYS.gen/sources_1/bd/AES_SYS/ip/AES_SYS_auto_pc_3/AES_SYS_auto_pc_3_sim_netlist.vhdl.
INFO: [IP_Flow 19-6926] IPCACHE: added file to list for BOM: c:/code/RFC-8439-fpga-implementation/AES-Cam-on-PYNQ-Z2-main/AES-Cam-on-PYNQ-Z2-main/AES_SYS/AES_SYS.gen/sources_1/bd/AES_SYS/ip/AES_SYS_auto_pc_3/AES_SYS_auto_pc_3_sim_netlist.vhdl
INFO: [IP_Flow 19-6928] IPCACHE: copied cached file c:/code/RFC-8439-fpga-implementation/AES-Cam-on-PYNQ-Z2-main/AES-Cam-on-PYNQ-Z2-main/AES_SYS/AES_SYS.cache/ip/2023.2/3/b/3bc72d579e6ad5e4/AES_SYS_auto_pc_0_stub.v to c:/code/RFC-8439-fpga-implementation/AES-Cam-on-PYNQ-Z2-main/AES-Cam-on-PYNQ-Z2-main/AES_SYS/AES_SYS.gen/sources_1/bd/AES_SYS/ip/AES_SYS_auto_pc_3/AES_SYS_auto_pc_3_stub.v.
INFO: [IP_Flow 19-6926] IPCACHE: added file to list for BOM: c:/code/RFC-8439-fpga-implementation/AES-Cam-on-PYNQ-Z2-main/AES-Cam-on-PYNQ-Z2-main/AES_SYS/AES_SYS.gen/sources_1/bd/AES_SYS/ip/AES_SYS_auto_pc_3/AES_SYS_auto_pc_3_stub.v
INFO: [IP_Flow 19-6928] IPCACHE: copied cached file c:/code/RFC-8439-fpga-implementation/AES-Cam-on-PYNQ-Z2-main/AES-Cam-on-PYNQ-Z2-main/AES_SYS/AES_SYS.cache/ip/2023.2/3/b/3bc72d579e6ad5e4/AES_SYS_auto_pc_0_stub.vhdl to c:/code/RFC-8439-fpga-implementation/AES-Cam-on-PYNQ-Z2-main/AES-Cam-on-PYNQ-Z2-main/AES_SYS/AES_SYS.gen/sources_1/bd/AES_SYS/ip/AES_SYS_auto_pc_3/AES_SYS_auto_pc_3_stub.vhdl.
INFO: [IP_Flow 19-6926] IPCACHE: added file to list for BOM: c:/code/RFC-8439-fpga-implementation/AES-Cam-on-PYNQ-Z2-main/AES-Cam-on-PYNQ-Z2-main/AES_SYS/AES_SYS.gen/sources_1/bd/AES_SYS/ip/AES_SYS_auto_pc_3/AES_SYS_auto_pc_3_stub.vhdl
INFO: [IP_Flow 19-4993] Using cached IP synthesis design for IP AES_SYS_auto_pc_3, cache-ID = 3bc72d579e6ad5e4; cache size = 170.469 MB.
catch { config_ip_cache -export [get_ips -all AES_SYS_auto_pc_4] }
INFO: [IP_Flow 19-6924] IPCACHE: Running cache check for IP inst: AES_SYS_auto_pc_4
INFO: [IP_Flow 19-6922] IPCACHE: Exporting cached entry 3bc72d579e6ad5e4 to dir: c:/code/RFC-8439-fpga-implementation/AES-Cam-on-PYNQ-Z2-main/AES-Cam-on-PYNQ-Z2-main/AES_SYS/AES_SYS.gen/sources_1/bd/AES_SYS/ip/AES_SYS_auto_pc_4
INFO: [IP_Flow 19-6928] IPCACHE: copied cached file c:/code/RFC-8439-fpga-implementation/AES-Cam-on-PYNQ-Z2-main/AES-Cam-on-PYNQ-Z2-main/AES_SYS/AES_SYS.cache/ip/2023.2/3/b/3bc72d579e6ad5e4/AES_SYS_auto_pc_0.dcp to c:/code/RFC-8439-fpga-implementation/AES-Cam-on-PYNQ-Z2-main/AES-Cam-on-PYNQ-Z2-main/AES_SYS/AES_SYS.gen/sources_1/bd/AES_SYS/ip/AES_SYS_auto_pc_4/AES_SYS_auto_pc_4.dcp.
INFO: [IP_Flow 19-6926] IPCACHE: added file to list for BOM: c:/code/RFC-8439-fpga-implementation/AES-Cam-on-PYNQ-Z2-main/AES-Cam-on-PYNQ-Z2-main/AES_SYS/AES_SYS.gen/sources_1/bd/AES_SYS/ip/AES_SYS_auto_pc_4/AES_SYS_auto_pc_4.dcp
INFO: [IP_Flow 19-6928] IPCACHE: copied cached file c:/code/RFC-8439-fpga-implementation/AES-Cam-on-PYNQ-Z2-main/AES-Cam-on-PYNQ-Z2-main/AES_SYS/AES_SYS.cache/ip/2023.2/3/b/3bc72d579e6ad5e4/AES_SYS_auto_pc_0_sim_netlist.v to c:/code/RFC-8439-fpga-implementation/AES-Cam-on-PYNQ-Z2-main/AES-Cam-on-PYNQ-Z2-main/AES_SYS/AES_SYS.gen/sources_1/bd/AES_SYS/ip/AES_SYS_auto_pc_4/AES_SYS_auto_pc_4_sim_netlist.v.
INFO: [IP_Flow 19-6926] IPCACHE: added file to list for BOM: c:/code/RFC-8439-fpga-implementation/AES-Cam-on-PYNQ-Z2-main/AES-Cam-on-PYNQ-Z2-main/AES_SYS/AES_SYS.gen/sources_1/bd/AES_SYS/ip/AES_SYS_auto_pc_4/AES_SYS_auto_pc_4_sim_netlist.v
INFO: [IP_Flow 19-6928] IPCACHE: copied cached file c:/code/RFC-8439-fpga-implementation/AES-Cam-on-PYNQ-Z2-main/AES-Cam-on-PYNQ-Z2-main/AES_SYS/AES_SYS.cache/ip/2023.2/3/b/3bc72d579e6ad5e4/AES_SYS_auto_pc_0_sim_netlist.vhdl to c:/code/RFC-8439-fpga-implementation/AES-Cam-on-PYNQ-Z2-main/AES-Cam-on-PYNQ-Z2-main/AES_SYS/AES_SYS.gen/sources_1/bd/AES_SYS/ip/AES_SYS_auto_pc_4/AES_SYS_auto_pc_4_sim_netlist.vhdl.
INFO: [IP_Flow 19-6926] IPCACHE: added file to list for BOM: c:/code/RFC-8439-fpga-implementation/AES-Cam-on-PYNQ-Z2-main/AES-Cam-on-PYNQ-Z2-main/AES_SYS/AES_SYS.gen/sources_1/bd/AES_SYS/ip/AES_SYS_auto_pc_4/AES_SYS_auto_pc_4_sim_netlist.vhdl
INFO: [IP_Flow 19-6928] IPCACHE: copied cached file c:/code/RFC-8439-fpga-implementation/AES-Cam-on-PYNQ-Z2-main/AES-Cam-on-PYNQ-Z2-main/AES_SYS/AES_SYS.cache/ip/2023.2/3/b/3bc72d579e6ad5e4/AES_SYS_auto_pc_0_stub.v to c:/code/RFC-8439-fpga-implementation/AES-Cam-on-PYNQ-Z2-main/AES-Cam-on-PYNQ-Z2-main/AES_SYS/AES_SYS.gen/sources_1/bd/AES_SYS/ip/AES_SYS_auto_pc_4/AES_SYS_auto_pc_4_stub.v.
INFO: [IP_Flow 19-6926] IPCACHE: added file to list for BOM: c:/code/RFC-8439-fpga-implementation/AES-Cam-on-PYNQ-Z2-main/AES-Cam-on-PYNQ-Z2-main/AES_SYS/AES_SYS.gen/sources_1/bd/AES_SYS/ip/AES_SYS_auto_pc_4/AES_SYS_auto_pc_4_stub.v
INFO: [IP_Flow 19-6928] IPCACHE: copied cached file c:/code/RFC-8439-fpga-implementation/AES-Cam-on-PYNQ-Z2-main/AES-Cam-on-PYNQ-Z2-main/AES_SYS/AES_SYS.cache/ip/2023.2/3/b/3bc72d579e6ad5e4/AES_SYS_auto_pc_0_stub.vhdl to c:/code/RFC-8439-fpga-implementation/AES-Cam-on-PYNQ-Z2-main/AES-Cam-on-PYNQ-Z2-main/AES_SYS/AES_SYS.gen/sources_1/bd/AES_SYS/ip/AES_SYS_auto_pc_4/AES_SYS_auto_pc_4_stub.vhdl.
INFO: [IP_Flow 19-6926] IPCACHE: added file to list for BOM: c:/code/RFC-8439-fpga-implementation/AES-Cam-on-PYNQ-Z2-main/AES-Cam-on-PYNQ-Z2-main/AES_SYS/AES_SYS.gen/sources_1/bd/AES_SYS/ip/AES_SYS_auto_pc_4/AES_SYS_auto_pc_4_stub.vhdl
INFO: [IP_Flow 19-4993] Using cached IP synthesis design for IP AES_SYS_auto_pc_4, cache-ID = 3bc72d579e6ad5e4; cache size = 170.469 MB.
catch { config_ip_cache -export [get_ips -all AES_SYS_auto_pc_5] }
INFO: [IP_Flow 19-6924] IPCACHE: Running cache check for IP inst: AES_SYS_auto_pc_5
INFO: [IP_Flow 19-6922] IPCACHE: Exporting cached entry 3bc72d579e6ad5e4 to dir: c:/code/RFC-8439-fpga-implementation/AES-Cam-on-PYNQ-Z2-main/AES-Cam-on-PYNQ-Z2-main/AES_SYS/AES_SYS.gen/sources_1/bd/AES_SYS/ip/AES_SYS_auto_pc_5
INFO: [IP_Flow 19-6928] IPCACHE: copied cached file c:/code/RFC-8439-fpga-implementation/AES-Cam-on-PYNQ-Z2-main/AES-Cam-on-PYNQ-Z2-main/AES_SYS/AES_SYS.cache/ip/2023.2/3/b/3bc72d579e6ad5e4/AES_SYS_auto_pc_0.dcp to c:/code/RFC-8439-fpga-implementation/AES-Cam-on-PYNQ-Z2-main/AES-Cam-on-PYNQ-Z2-main/AES_SYS/AES_SYS.gen/sources_1/bd/AES_SYS/ip/AES_SYS_auto_pc_5/AES_SYS_auto_pc_5.dcp.
INFO: [IP_Flow 19-6926] IPCACHE: added file to list for BOM: c:/code/RFC-8439-fpga-implementation/AES-Cam-on-PYNQ-Z2-main/AES-Cam-on-PYNQ-Z2-main/AES_SYS/AES_SYS.gen/sources_1/bd/AES_SYS/ip/AES_SYS_auto_pc_5/AES_SYS_auto_pc_5.dcp
INFO: [IP_Flow 19-6928] IPCACHE: copied cached file c:/code/RFC-8439-fpga-implementation/AES-Cam-on-PYNQ-Z2-main/AES-Cam-on-PYNQ-Z2-main/AES_SYS/AES_SYS.cache/ip/2023.2/3/b/3bc72d579e6ad5e4/AES_SYS_auto_pc_0_sim_netlist.v to c:/code/RFC-8439-fpga-implementation/AES-Cam-on-PYNQ-Z2-main/AES-Cam-on-PYNQ-Z2-main/AES_SYS/AES_SYS.gen/sources_1/bd/AES_SYS/ip/AES_SYS_auto_pc_5/AES_SYS_auto_pc_5_sim_netlist.v.
INFO: [IP_Flow 19-6926] IPCACHE: added file to list for BOM: c:/code/RFC-8439-fpga-implementation/AES-Cam-on-PYNQ-Z2-main/AES-Cam-on-PYNQ-Z2-main/AES_SYS/AES_SYS.gen/sources_1/bd/AES_SYS/ip/AES_SYS_auto_pc_5/AES_SYS_auto_pc_5_sim_netlist.v
INFO: [IP_Flow 19-6928] IPCACHE: copied cached file c:/code/RFC-8439-fpga-implementation/AES-Cam-on-PYNQ-Z2-main/AES-Cam-on-PYNQ-Z2-main/AES_SYS/AES_SYS.cache/ip/2023.2/3/b/3bc72d579e6ad5e4/AES_SYS_auto_pc_0_sim_netlist.vhdl to c:/code/RFC-8439-fpga-implementation/AES-Cam-on-PYNQ-Z2-main/AES-Cam-on-PYNQ-Z2-main/AES_SYS/AES_SYS.gen/sources_1/bd/AES_SYS/ip/AES_SYS_auto_pc_5/AES_SYS_auto_pc_5_sim_netlist.vhdl.
INFO: [IP_Flow 19-6926] IPCACHE: added file to list for BOM: c:/code/RFC-8439-fpga-implementation/AES-Cam-on-PYNQ-Z2-main/AES-Cam-on-PYNQ-Z2-main/AES_SYS/AES_SYS.gen/sources_1/bd/AES_SYS/ip/AES_SYS_auto_pc_5/AES_SYS_auto_pc_5_sim_netlist.vhdl
INFO: [IP_Flow 19-6928] IPCACHE: copied cached file c:/code/RFC-8439-fpga-implementation/AES-Cam-on-PYNQ-Z2-main/AES-Cam-on-PYNQ-Z2-main/AES_SYS/AES_SYS.cache/ip/2023.2/3/b/3bc72d579e6ad5e4/AES_SYS_auto_pc_0_stub.v to c:/code/RFC-8439-fpga-implementation/AES-Cam-on-PYNQ-Z2-main/AES-Cam-on-PYNQ-Z2-main/AES_SYS/AES_SYS.gen/sources_1/bd/AES_SYS/ip/AES_SYS_auto_pc_5/AES_SYS_auto_pc_5_stub.v.
INFO: [IP_Flow 19-6926] IPCACHE: added file to list for BOM: c:/code/RFC-8439-fpga-implementation/AES-Cam-on-PYNQ-Z2-main/AES-Cam-on-PYNQ-Z2-main/AES_SYS/AES_SYS.gen/sources_1/bd/AES_SYS/ip/AES_SYS_auto_pc_5/AES_SYS_auto_pc_5_stub.v
INFO: [IP_Flow 19-6928] IPCACHE: copied cached file c:/code/RFC-8439-fpga-implementation/AES-Cam-on-PYNQ-Z2-main/AES-Cam-on-PYNQ-Z2-main/AES_SYS/AES_SYS.cache/ip/2023.2/3/b/3bc72d579e6ad5e4/AES_SYS_auto_pc_0_stub.vhdl to c:/code/RFC-8439-fpga-implementation/AES-Cam-on-PYNQ-Z2-main/AES-Cam-on-PYNQ-Z2-main/AES_SYS/AES_SYS.gen/sources_1/bd/AES_SYS/ip/AES_SYS_auto_pc_5/AES_SYS_auto_pc_5_stub.vhdl.
INFO: [IP_Flow 19-6926] IPCACHE: added file to list for BOM: c:/code/RFC-8439-fpga-implementation/AES-Cam-on-PYNQ-Z2-main/AES-Cam-on-PYNQ-Z2-main/AES_SYS/AES_SYS.gen/sources_1/bd/AES_SYS/ip/AES_SYS_auto_pc_5/AES_SYS_auto_pc_5_stub.vhdl
INFO: [IP_Flow 19-4993] Using cached IP synthesis design for IP AES_SYS_auto_pc_5, cache-ID = 3bc72d579e6ad5e4; cache size = 170.469 MB.
catch { config_ip_cache -export [get_ips -all AES_SYS_auto_pc_6] }
INFO: [IP_Flow 19-6924] IPCACHE: Running cache check for IP inst: AES_SYS_auto_pc_6
INFO: [IP_Flow 19-6922] IPCACHE: Exporting cached entry 3bc72d579e6ad5e4 to dir: c:/code/RFC-8439-fpga-implementation/AES-Cam-on-PYNQ-Z2-main/AES-Cam-on-PYNQ-Z2-main/AES_SYS/AES_SYS.gen/sources_1/bd/AES_SYS/ip/AES_SYS_auto_pc_6
INFO: [IP_Flow 19-6928] IPCACHE: copied cached file c:/code/RFC-8439-fpga-implementation/AES-Cam-on-PYNQ-Z2-main/AES-Cam-on-PYNQ-Z2-main/AES_SYS/AES_SYS.cache/ip/2023.2/3/b/3bc72d579e6ad5e4/AES_SYS_auto_pc_0.dcp to c:/code/RFC-8439-fpga-implementation/AES-Cam-on-PYNQ-Z2-main/AES-Cam-on-PYNQ-Z2-main/AES_SYS/AES_SYS.gen/sources_1/bd/AES_SYS/ip/AES_SYS_auto_pc_6/AES_SYS_auto_pc_6.dcp.
INFO: [IP_Flow 19-6926] IPCACHE: added file to list for BOM: c:/code/RFC-8439-fpga-implementation/AES-Cam-on-PYNQ-Z2-main/AES-Cam-on-PYNQ-Z2-main/AES_SYS/AES_SYS.gen/sources_1/bd/AES_SYS/ip/AES_SYS_auto_pc_6/AES_SYS_auto_pc_6.dcp
INFO: [IP_Flow 19-6928] IPCACHE: copied cached file c:/code/RFC-8439-fpga-implementation/AES-Cam-on-PYNQ-Z2-main/AES-Cam-on-PYNQ-Z2-main/AES_SYS/AES_SYS.cache/ip/2023.2/3/b/3bc72d579e6ad5e4/AES_SYS_auto_pc_0_sim_netlist.v to c:/code/RFC-8439-fpga-implementation/AES-Cam-on-PYNQ-Z2-main/AES-Cam-on-PYNQ-Z2-main/AES_SYS/AES_SYS.gen/sources_1/bd/AES_SYS/ip/AES_SYS_auto_pc_6/AES_SYS_auto_pc_6_sim_netlist.v.
INFO: [IP_Flow 19-6926] IPCACHE: added file to list for BOM: c:/code/RFC-8439-fpga-implementation/AES-Cam-on-PYNQ-Z2-main/AES-Cam-on-PYNQ-Z2-main/AES_SYS/AES_SYS.gen/sources_1/bd/AES_SYS/ip/AES_SYS_auto_pc_6/AES_SYS_auto_pc_6_sim_netlist.v
INFO: [IP_Flow 19-6928] IPCACHE: copied cached file c:/code/RFC-8439-fpga-implementation/AES-Cam-on-PYNQ-Z2-main/AES-Cam-on-PYNQ-Z2-main/AES_SYS/AES_SYS.cache/ip/2023.2/3/b/3bc72d579e6ad5e4/AES_SYS_auto_pc_0_sim_netlist.vhdl to c:/code/RFC-8439-fpga-implementation/AES-Cam-on-PYNQ-Z2-main/AES-Cam-on-PYNQ-Z2-main/AES_SYS/AES_SYS.gen/sources_1/bd/AES_SYS/ip/AES_SYS_auto_pc_6/AES_SYS_auto_pc_6_sim_netlist.vhdl.
INFO: [IP_Flow 19-6926] IPCACHE: added file to list for BOM: c:/code/RFC-8439-fpga-implementation/AES-Cam-on-PYNQ-Z2-main/AES-Cam-on-PYNQ-Z2-main/AES_SYS/AES_SYS.gen/sources_1/bd/AES_SYS/ip/AES_SYS_auto_pc_6/AES_SYS_auto_pc_6_sim_netlist.vhdl
INFO: [IP_Flow 19-6928] IPCACHE: copied cached file c:/code/RFC-8439-fpga-implementation/AES-Cam-on-PYNQ-Z2-main/AES-Cam-on-PYNQ-Z2-main/AES_SYS/AES_SYS.cache/ip/2023.2/3/b/3bc72d579e6ad5e4/AES_SYS_auto_pc_0_stub.v to c:/code/RFC-8439-fpga-implementation/AES-Cam-on-PYNQ-Z2-main/AES-Cam-on-PYNQ-Z2-main/AES_SYS/AES_SYS.gen/sources_1/bd/AES_SYS/ip/AES_SYS_auto_pc_6/AES_SYS_auto_pc_6_stub.v.
INFO: [IP_Flow 19-6926] IPCACHE: added file to list for BOM: c:/code/RFC-8439-fpga-implementation/AES-Cam-on-PYNQ-Z2-main/AES-Cam-on-PYNQ-Z2-main/AES_SYS/AES_SYS.gen/sources_1/bd/AES_SYS/ip/AES_SYS_auto_pc_6/AES_SYS_auto_pc_6_stub.v
INFO: [IP_Flow 19-6928] IPCACHE: copied cached file c:/code/RFC-8439-fpga-implementation/AES-Cam-on-PYNQ-Z2-main/AES-Cam-on-PYNQ-Z2-main/AES_SYS/AES_SYS.cache/ip/2023.2/3/b/3bc72d579e6ad5e4/AES_SYS_auto_pc_0_stub.vhdl to c:/code/RFC-8439-fpga-implementation/AES-Cam-on-PYNQ-Z2-main/AES-Cam-on-PYNQ-Z2-main/AES_SYS/AES_SYS.gen/sources_1/bd/AES_SYS/ip/AES_SYS_auto_pc_6/AES_SYS_auto_pc_6_stub.vhdl.
INFO: [IP_Flow 19-6926] IPCACHE: added file to list for BOM: c:/code/RFC-8439-fpga-implementation/AES-Cam-on-PYNQ-Z2-main/AES-Cam-on-PYNQ-Z2-main/AES_SYS/AES_SYS.gen/sources_1/bd/AES_SYS/ip/AES_SYS_auto_pc_6/AES_SYS_auto_pc_6_stub.vhdl
INFO: [IP_Flow 19-4993] Using cached IP synthesis design for IP AES_SYS_auto_pc_6, cache-ID = 3bc72d579e6ad5e4; cache size = 170.469 MB.
catch { config_ip_cache -export [get_ips -all AES_SYS_auto_pc_7] }
INFO: [IP_Flow 19-6924] IPCACHE: Running cache check for IP inst: AES_SYS_auto_pc_7
INFO: [IP_Flow 19-6922] IPCACHE: Exporting cached entry 3bc72d579e6ad5e4 to dir: c:/code/RFC-8439-fpga-implementation/AES-Cam-on-PYNQ-Z2-main/AES-Cam-on-PYNQ-Z2-main/AES_SYS/AES_SYS.gen/sources_1/bd/AES_SYS/ip/AES_SYS_auto_pc_7
INFO: [IP_Flow 19-6928] IPCACHE: copied cached file c:/code/RFC-8439-fpga-implementation/AES-Cam-on-PYNQ-Z2-main/AES-Cam-on-PYNQ-Z2-main/AES_SYS/AES_SYS.cache/ip/2023.2/3/b/3bc72d579e6ad5e4/AES_SYS_auto_pc_0.dcp to c:/code/RFC-8439-fpga-implementation/AES-Cam-on-PYNQ-Z2-main/AES-Cam-on-PYNQ-Z2-main/AES_SYS/AES_SYS.gen/sources_1/bd/AES_SYS/ip/AES_SYS_auto_pc_7/AES_SYS_auto_pc_7.dcp.
INFO: [IP_Flow 19-6926] IPCACHE: added file to list for BOM: c:/code/RFC-8439-fpga-implementation/AES-Cam-on-PYNQ-Z2-main/AES-Cam-on-PYNQ-Z2-main/AES_SYS/AES_SYS.gen/sources_1/bd/AES_SYS/ip/AES_SYS_auto_pc_7/AES_SYS_auto_pc_7.dcp
INFO: [IP_Flow 19-6928] IPCACHE: copied cached file c:/code/RFC-8439-fpga-implementation/AES-Cam-on-PYNQ-Z2-main/AES-Cam-on-PYNQ-Z2-main/AES_SYS/AES_SYS.cache/ip/2023.2/3/b/3bc72d579e6ad5e4/AES_SYS_auto_pc_0_sim_netlist.v to c:/code/RFC-8439-fpga-implementation/AES-Cam-on-PYNQ-Z2-main/AES-Cam-on-PYNQ-Z2-main/AES_SYS/AES_SYS.gen/sources_1/bd/AES_SYS/ip/AES_SYS_auto_pc_7/AES_SYS_auto_pc_7_sim_netlist.v.
INFO: [IP_Flow 19-6926] IPCACHE: added file to list for BOM: c:/code/RFC-8439-fpga-implementation/AES-Cam-on-PYNQ-Z2-main/AES-Cam-on-PYNQ-Z2-main/AES_SYS/AES_SYS.gen/sources_1/bd/AES_SYS/ip/AES_SYS_auto_pc_7/AES_SYS_auto_pc_7_sim_netlist.v
INFO: [IP_Flow 19-6928] IPCACHE: copied cached file c:/code/RFC-8439-fpga-implementation/AES-Cam-on-PYNQ-Z2-main/AES-Cam-on-PYNQ-Z2-main/AES_SYS/AES_SYS.cache/ip/2023.2/3/b/3bc72d579e6ad5e4/AES_SYS_auto_pc_0_sim_netlist.vhdl to c:/code/RFC-8439-fpga-implementation/AES-Cam-on-PYNQ-Z2-main/AES-Cam-on-PYNQ-Z2-main/AES_SYS/AES_SYS.gen/sources_1/bd/AES_SYS/ip/AES_SYS_auto_pc_7/AES_SYS_auto_pc_7_sim_netlist.vhdl.
INFO: [IP_Flow 19-6926] IPCACHE: added file to list for BOM: c:/code/RFC-8439-fpga-implementation/AES-Cam-on-PYNQ-Z2-main/AES-Cam-on-PYNQ-Z2-main/AES_SYS/AES_SYS.gen/sources_1/bd/AES_SYS/ip/AES_SYS_auto_pc_7/AES_SYS_auto_pc_7_sim_netlist.vhdl
INFO: [IP_Flow 19-6928] IPCACHE: copied cached file c:/code/RFC-8439-fpga-implementation/AES-Cam-on-PYNQ-Z2-main/AES-Cam-on-PYNQ-Z2-main/AES_SYS/AES_SYS.cache/ip/2023.2/3/b/3bc72d579e6ad5e4/AES_SYS_auto_pc_0_stub.v to c:/code/RFC-8439-fpga-implementation/AES-Cam-on-PYNQ-Z2-main/AES-Cam-on-PYNQ-Z2-main/AES_SYS/AES_SYS.gen/sources_1/bd/AES_SYS/ip/AES_SYS_auto_pc_7/AES_SYS_auto_pc_7_stub.v.
INFO: [IP_Flow 19-6926] IPCACHE: added file to list for BOM: c:/code/RFC-8439-fpga-implementation/AES-Cam-on-PYNQ-Z2-main/AES-Cam-on-PYNQ-Z2-main/AES_SYS/AES_SYS.gen/sources_1/bd/AES_SYS/ip/AES_SYS_auto_pc_7/AES_SYS_auto_pc_7_stub.v
INFO: [IP_Flow 19-6928] IPCACHE: copied cached file c:/code/RFC-8439-fpga-implementation/AES-Cam-on-PYNQ-Z2-main/AES-Cam-on-PYNQ-Z2-main/AES_SYS/AES_SYS.cache/ip/2023.2/3/b/3bc72d579e6ad5e4/AES_SYS_auto_pc_0_stub.vhdl to c:/code/RFC-8439-fpga-implementation/AES-Cam-on-PYNQ-Z2-main/AES-Cam-on-PYNQ-Z2-main/AES_SYS/AES_SYS.gen/sources_1/bd/AES_SYS/ip/AES_SYS_auto_pc_7/AES_SYS_auto_pc_7_stub.vhdl.
INFO: [IP_Flow 19-6926] IPCACHE: added file to list for BOM: c:/code/RFC-8439-fpga-implementation/AES-Cam-on-PYNQ-Z2-main/AES-Cam-on-PYNQ-Z2-main/AES_SYS/AES_SYS.gen/sources_1/bd/AES_SYS/ip/AES_SYS_auto_pc_7/AES_SYS_auto_pc_7_stub.vhdl
INFO: [IP_Flow 19-4993] Using cached IP synthesis design for IP AES_SYS_auto_pc_7, cache-ID = 3bc72d579e6ad5e4; cache size = 170.469 MB.
catch { config_ip_cache -export [get_ips -all AES_SYS_auto_pc_8] }
INFO: [IP_Flow 19-6924] IPCACHE: Running cache check for IP inst: AES_SYS_auto_pc_8
INFO: [IP_Flow 19-6922] IPCACHE: Exporting cached entry 3bc72d579e6ad5e4 to dir: c:/code/RFC-8439-fpga-implementation/AES-Cam-on-PYNQ-Z2-main/AES-Cam-on-PYNQ-Z2-main/AES_SYS/AES_SYS.gen/sources_1/bd/AES_SYS/ip/AES_SYS_auto_pc_8
INFO: [IP_Flow 19-6928] IPCACHE: copied cached file c:/code/RFC-8439-fpga-implementation/AES-Cam-on-PYNQ-Z2-main/AES-Cam-on-PYNQ-Z2-main/AES_SYS/AES_SYS.cache/ip/2023.2/3/b/3bc72d579e6ad5e4/AES_SYS_auto_pc_0.dcp to c:/code/RFC-8439-fpga-implementation/AES-Cam-on-PYNQ-Z2-main/AES-Cam-on-PYNQ-Z2-main/AES_SYS/AES_SYS.gen/sources_1/bd/AES_SYS/ip/AES_SYS_auto_pc_8/AES_SYS_auto_pc_8.dcp.
INFO: [IP_Flow 19-6926] IPCACHE: added file to list for BOM: c:/code/RFC-8439-fpga-implementation/AES-Cam-on-PYNQ-Z2-main/AES-Cam-on-PYNQ-Z2-main/AES_SYS/AES_SYS.gen/sources_1/bd/AES_SYS/ip/AES_SYS_auto_pc_8/AES_SYS_auto_pc_8.dcp
INFO: [IP_Flow 19-6928] IPCACHE: copied cached file c:/code/RFC-8439-fpga-implementation/AES-Cam-on-PYNQ-Z2-main/AES-Cam-on-PYNQ-Z2-main/AES_SYS/AES_SYS.cache/ip/2023.2/3/b/3bc72d579e6ad5e4/AES_SYS_auto_pc_0_sim_netlist.v to c:/code/RFC-8439-fpga-implementation/AES-Cam-on-PYNQ-Z2-main/AES-Cam-on-PYNQ-Z2-main/AES_SYS/AES_SYS.gen/sources_1/bd/AES_SYS/ip/AES_SYS_auto_pc_8/AES_SYS_auto_pc_8_sim_netlist.v.
INFO: [IP_Flow 19-6926] IPCACHE: added file to list for BOM: c:/code/RFC-8439-fpga-implementation/AES-Cam-on-PYNQ-Z2-main/AES-Cam-on-PYNQ-Z2-main/AES_SYS/AES_SYS.gen/sources_1/bd/AES_SYS/ip/AES_SYS_auto_pc_8/AES_SYS_auto_pc_8_sim_netlist.v
INFO: [IP_Flow 19-6928] IPCACHE: copied cached file c:/code/RFC-8439-fpga-implementation/AES-Cam-on-PYNQ-Z2-main/AES-Cam-on-PYNQ-Z2-main/AES_SYS/AES_SYS.cache/ip/2023.2/3/b/3bc72d579e6ad5e4/AES_SYS_auto_pc_0_sim_netlist.vhdl to c:/code/RFC-8439-fpga-implementation/AES-Cam-on-PYNQ-Z2-main/AES-Cam-on-PYNQ-Z2-main/AES_SYS/AES_SYS.gen/sources_1/bd/AES_SYS/ip/AES_SYS_auto_pc_8/AES_SYS_auto_pc_8_sim_netlist.vhdl.
INFO: [IP_Flow 19-6926] IPCACHE: added file to list for BOM: c:/code/RFC-8439-fpga-implementation/AES-Cam-on-PYNQ-Z2-main/AES-Cam-on-PYNQ-Z2-main/AES_SYS/AES_SYS.gen/sources_1/bd/AES_SYS/ip/AES_SYS_auto_pc_8/AES_SYS_auto_pc_8_sim_netlist.vhdl
INFO: [IP_Flow 19-6928] IPCACHE: copied cached file c:/code/RFC-8439-fpga-implementation/AES-Cam-on-PYNQ-Z2-main/AES-Cam-on-PYNQ-Z2-main/AES_SYS/AES_SYS.cache/ip/2023.2/3/b/3bc72d579e6ad5e4/AES_SYS_auto_pc_0_stub.v to c:/code/RFC-8439-fpga-implementation/AES-Cam-on-PYNQ-Z2-main/AES-Cam-on-PYNQ-Z2-main/AES_SYS/AES_SYS.gen/sources_1/bd/AES_SYS/ip/AES_SYS_auto_pc_8/AES_SYS_auto_pc_8_stub.v.
INFO: [IP_Flow 19-6926] IPCACHE: added file to list for BOM: c:/code/RFC-8439-fpga-implementation/AES-Cam-on-PYNQ-Z2-main/AES-Cam-on-PYNQ-Z2-main/AES_SYS/AES_SYS.gen/sources_1/bd/AES_SYS/ip/AES_SYS_auto_pc_8/AES_SYS_auto_pc_8_stub.v
INFO: [IP_Flow 19-6928] IPCACHE: copied cached file c:/code/RFC-8439-fpga-implementation/AES-Cam-on-PYNQ-Z2-main/AES-Cam-on-PYNQ-Z2-main/AES_SYS/AES_SYS.cache/ip/2023.2/3/b/3bc72d579e6ad5e4/AES_SYS_auto_pc_0_stub.vhdl to c:/code/RFC-8439-fpga-implementation/AES-Cam-on-PYNQ-Z2-main/AES-Cam-on-PYNQ-Z2-main/AES_SYS/AES_SYS.gen/sources_1/bd/AES_SYS/ip/AES_SYS_auto_pc_8/AES_SYS_auto_pc_8_stub.vhdl.
INFO: [IP_Flow 19-6926] IPCACHE: added file to list for BOM: c:/code/RFC-8439-fpga-implementation/AES-Cam-on-PYNQ-Z2-main/AES-Cam-on-PYNQ-Z2-main/AES_SYS/AES_SYS.gen/sources_1/bd/AES_SYS/ip/AES_SYS_auto_pc_8/AES_SYS_auto_pc_8_stub.vhdl
INFO: [IP_Flow 19-4993] Using cached IP synthesis design for IP AES_SYS_auto_pc_8, cache-ID = 3bc72d579e6ad5e4; cache size = 170.469 MB.
catch { config_ip_cache -export [get_ips -all AES_SYS_auto_pc_9] }
INFO: [IP_Flow 19-6924] IPCACHE: Running cache check for IP inst: AES_SYS_auto_pc_9
INFO: [IP_Flow 19-6922] IPCACHE: Exporting cached entry 3bc72d579e6ad5e4 to dir: c:/code/RFC-8439-fpga-implementation/AES-Cam-on-PYNQ-Z2-main/AES-Cam-on-PYNQ-Z2-main/AES_SYS/AES_SYS.gen/sources_1/bd/AES_SYS/ip/AES_SYS_auto_pc_9
INFO: [IP_Flow 19-6928] IPCACHE: copied cached file c:/code/RFC-8439-fpga-implementation/AES-Cam-on-PYNQ-Z2-main/AES-Cam-on-PYNQ-Z2-main/AES_SYS/AES_SYS.cache/ip/2023.2/3/b/3bc72d579e6ad5e4/AES_SYS_auto_pc_0.dcp to c:/code/RFC-8439-fpga-implementation/AES-Cam-on-PYNQ-Z2-main/AES-Cam-on-PYNQ-Z2-main/AES_SYS/AES_SYS.gen/sources_1/bd/AES_SYS/ip/AES_SYS_auto_pc_9/AES_SYS_auto_pc_9.dcp.
INFO: [IP_Flow 19-6926] IPCACHE: added file to list for BOM: c:/code/RFC-8439-fpga-implementation/AES-Cam-on-PYNQ-Z2-main/AES-Cam-on-PYNQ-Z2-main/AES_SYS/AES_SYS.gen/sources_1/bd/AES_SYS/ip/AES_SYS_auto_pc_9/AES_SYS_auto_pc_9.dcp
INFO: [IP_Flow 19-6928] IPCACHE: copied cached file c:/code/RFC-8439-fpga-implementation/AES-Cam-on-PYNQ-Z2-main/AES-Cam-on-PYNQ-Z2-main/AES_SYS/AES_SYS.cache/ip/2023.2/3/b/3bc72d579e6ad5e4/AES_SYS_auto_pc_0_sim_netlist.v to c:/code/RFC-8439-fpga-implementation/AES-Cam-on-PYNQ-Z2-main/AES-Cam-on-PYNQ-Z2-main/AES_SYS/AES_SYS.gen/sources_1/bd/AES_SYS/ip/AES_SYS_auto_pc_9/AES_SYS_auto_pc_9_sim_netlist.v.
INFO: [IP_Flow 19-6926] IPCACHE: added file to list for BOM: c:/code/RFC-8439-fpga-implementation/AES-Cam-on-PYNQ-Z2-main/AES-Cam-on-PYNQ-Z2-main/AES_SYS/AES_SYS.gen/sources_1/bd/AES_SYS/ip/AES_SYS_auto_pc_9/AES_SYS_auto_pc_9_sim_netlist.v
INFO: [IP_Flow 19-6928] IPCACHE: copied cached file c:/code/RFC-8439-fpga-implementation/AES-Cam-on-PYNQ-Z2-main/AES-Cam-on-PYNQ-Z2-main/AES_SYS/AES_SYS.cache/ip/2023.2/3/b/3bc72d579e6ad5e4/AES_SYS_auto_pc_0_sim_netlist.vhdl to c:/code/RFC-8439-fpga-implementation/AES-Cam-on-PYNQ-Z2-main/AES-Cam-on-PYNQ-Z2-main/AES_SYS/AES_SYS.gen/sources_1/bd/AES_SYS/ip/AES_SYS_auto_pc_9/AES_SYS_auto_pc_9_sim_netlist.vhdl.
INFO: [IP_Flow 19-6926] IPCACHE: added file to list for BOM: c:/code/RFC-8439-fpga-implementation/AES-Cam-on-PYNQ-Z2-main/AES-Cam-on-PYNQ-Z2-main/AES_SYS/AES_SYS.gen/sources_1/bd/AES_SYS/ip/AES_SYS_auto_pc_9/AES_SYS_auto_pc_9_sim_netlist.vhdl
INFO: [IP_Flow 19-6928] IPCACHE: copied cached file c:/code/RFC-8439-fpga-implementation/AES-Cam-on-PYNQ-Z2-main/AES-Cam-on-PYNQ-Z2-main/AES_SYS/AES_SYS.cache/ip/2023.2/3/b/3bc72d579e6ad5e4/AES_SYS_auto_pc_0_stub.v to c:/code/RFC-8439-fpga-implementation/AES-Cam-on-PYNQ-Z2-main/AES-Cam-on-PYNQ-Z2-main/AES_SYS/AES_SYS.gen/sources_1/bd/AES_SYS/ip/AES_SYS_auto_pc_9/AES_SYS_auto_pc_9_stub.v.
INFO: [IP_Flow 19-6926] IPCACHE: added file to list for BOM: c:/code/RFC-8439-fpga-implementation/AES-Cam-on-PYNQ-Z2-main/AES-Cam-on-PYNQ-Z2-main/AES_SYS/AES_SYS.gen/sources_1/bd/AES_SYS/ip/AES_SYS_auto_pc_9/AES_SYS_auto_pc_9_stub.v
INFO: [IP_Flow 19-6928] IPCACHE: copied cached file c:/code/RFC-8439-fpga-implementation/AES-Cam-on-PYNQ-Z2-main/AES-Cam-on-PYNQ-Z2-main/AES_SYS/AES_SYS.cache/ip/2023.2/3/b/3bc72d579e6ad5e4/AES_SYS_auto_pc_0_stub.vhdl to c:/code/RFC-8439-fpga-implementation/AES-Cam-on-PYNQ-Z2-main/AES-Cam-on-PYNQ-Z2-main/AES_SYS/AES_SYS.gen/sources_1/bd/AES_SYS/ip/AES_SYS_auto_pc_9/AES_SYS_auto_pc_9_stub.vhdl.
INFO: [IP_Flow 19-6926] IPCACHE: added file to list for BOM: c:/code/RFC-8439-fpga-implementation/AES-Cam-on-PYNQ-Z2-main/AES-Cam-on-PYNQ-Z2-main/AES_SYS/AES_SYS.gen/sources_1/bd/AES_SYS/ip/AES_SYS_auto_pc_9/AES_SYS_auto_pc_9_stub.vhdl
INFO: [IP_Flow 19-4993] Using cached IP synthesis design for IP AES_SYS_auto_pc_9, cache-ID = 3bc72d579e6ad5e4; cache size = 170.469 MB.
catch { config_ip_cache -export [get_ips -all AES_SYS_auto_pc_10] }
INFO: [IP_Flow 19-6924] IPCACHE: Running cache check for IP inst: AES_SYS_auto_pc_10
INFO: [IP_Flow 19-6922] IPCACHE: Exporting cached entry 3bc72d579e6ad5e4 to dir: c:/code/RFC-8439-fpga-implementation/AES-Cam-on-PYNQ-Z2-main/AES-Cam-on-PYNQ-Z2-main/AES_SYS/AES_SYS.gen/sources_1/bd/AES_SYS/ip/AES_SYS_auto_pc_10
INFO: [IP_Flow 19-6928] IPCACHE: copied cached file c:/code/RFC-8439-fpga-implementation/AES-Cam-on-PYNQ-Z2-main/AES-Cam-on-PYNQ-Z2-main/AES_SYS/AES_SYS.cache/ip/2023.2/3/b/3bc72d579e6ad5e4/AES_SYS_auto_pc_0.dcp to c:/code/RFC-8439-fpga-implementation/AES-Cam-on-PYNQ-Z2-main/AES-Cam-on-PYNQ-Z2-main/AES_SYS/AES_SYS.gen/sources_1/bd/AES_SYS/ip/AES_SYS_auto_pc_10/AES_SYS_auto_pc_10.dcp.
INFO: [IP_Flow 19-6926] IPCACHE: added file to list for BOM: c:/code/RFC-8439-fpga-implementation/AES-Cam-on-PYNQ-Z2-main/AES-Cam-on-PYNQ-Z2-main/AES_SYS/AES_SYS.gen/sources_1/bd/AES_SYS/ip/AES_SYS_auto_pc_10/AES_SYS_auto_pc_10.dcp
INFO: [IP_Flow 19-6928] IPCACHE: copied cached file c:/code/RFC-8439-fpga-implementation/AES-Cam-on-PYNQ-Z2-main/AES-Cam-on-PYNQ-Z2-main/AES_SYS/AES_SYS.cache/ip/2023.2/3/b/3bc72d579e6ad5e4/AES_SYS_auto_pc_0_sim_netlist.v to c:/code/RFC-8439-fpga-implementation/AES-Cam-on-PYNQ-Z2-main/AES-Cam-on-PYNQ-Z2-main/AES_SYS/AES_SYS.gen/sources_1/bd/AES_SYS/ip/AES_SYS_auto_pc_10/AES_SYS_auto_pc_10_sim_netlist.v.
INFO: [IP_Flow 19-6926] IPCACHE: added file to list for BOM: c:/code/RFC-8439-fpga-implementation/AES-Cam-on-PYNQ-Z2-main/AES-Cam-on-PYNQ-Z2-main/AES_SYS/AES_SYS.gen/sources_1/bd/AES_SYS/ip/AES_SYS_auto_pc_10/AES_SYS_auto_pc_10_sim_netlist.v
INFO: [IP_Flow 19-6928] IPCACHE: copied cached file c:/code/RFC-8439-fpga-implementation/AES-Cam-on-PYNQ-Z2-main/AES-Cam-on-PYNQ-Z2-main/AES_SYS/AES_SYS.cache/ip/2023.2/3/b/3bc72d579e6ad5e4/AES_SYS_auto_pc_0_sim_netlist.vhdl to c:/code/RFC-8439-fpga-implementation/AES-Cam-on-PYNQ-Z2-main/AES-Cam-on-PYNQ-Z2-main/AES_SYS/AES_SYS.gen/sources_1/bd/AES_SYS/ip/AES_SYS_auto_pc_10/AES_SYS_auto_pc_10_sim_netlist.vhdl.
INFO: [IP_Flow 19-6926] IPCACHE: added file to list for BOM: c:/code/RFC-8439-fpga-implementation/AES-Cam-on-PYNQ-Z2-main/AES-Cam-on-PYNQ-Z2-main/AES_SYS/AES_SYS.gen/sources_1/bd/AES_SYS/ip/AES_SYS_auto_pc_10/AES_SYS_auto_pc_10_sim_netlist.vhdl
INFO: [IP_Flow 19-6928] IPCACHE: copied cached file c:/code/RFC-8439-fpga-implementation/AES-Cam-on-PYNQ-Z2-main/AES-Cam-on-PYNQ-Z2-main/AES_SYS/AES_SYS.cache/ip/2023.2/3/b/3bc72d579e6ad5e4/AES_SYS_auto_pc_0_stub.v to c:/code/RFC-8439-fpga-implementation/AES-Cam-on-PYNQ-Z2-main/AES-Cam-on-PYNQ-Z2-main/AES_SYS/AES_SYS.gen/sources_1/bd/AES_SYS/ip/AES_SYS_auto_pc_10/AES_SYS_auto_pc_10_stub.v.
INFO: [IP_Flow 19-6926] IPCACHE: added file to list for BOM: c:/code/RFC-8439-fpga-implementation/AES-Cam-on-PYNQ-Z2-main/AES-Cam-on-PYNQ-Z2-main/AES_SYS/AES_SYS.gen/sources_1/bd/AES_SYS/ip/AES_SYS_auto_pc_10/AES_SYS_auto_pc_10_stub.v
INFO: [IP_Flow 19-6928] IPCACHE: copied cached file c:/code/RFC-8439-fpga-implementation/AES-Cam-on-PYNQ-Z2-main/AES-Cam-on-PYNQ-Z2-main/AES_SYS/AES_SYS.cache/ip/2023.2/3/b/3bc72d579e6ad5e4/AES_SYS_auto_pc_0_stub.vhdl to c:/code/RFC-8439-fpga-implementation/AES-Cam-on-PYNQ-Z2-main/AES-Cam-on-PYNQ-Z2-main/AES_SYS/AES_SYS.gen/sources_1/bd/AES_SYS/ip/AES_SYS_auto_pc_10/AES_SYS_auto_pc_10_stub.vhdl.
INFO: [IP_Flow 19-6926] IPCACHE: added file to list for BOM: c:/code/RFC-8439-fpga-implementation/AES-Cam-on-PYNQ-Z2-main/AES-Cam-on-PYNQ-Z2-main/AES_SYS/AES_SYS.gen/sources_1/bd/AES_SYS/ip/AES_SYS_auto_pc_10/AES_SYS_auto_pc_10_stub.vhdl
INFO: [IP_Flow 19-4993] Using cached IP synthesis design for IP AES_SYS_auto_pc_10, cache-ID = 3bc72d579e6ad5e4; cache size = 170.469 MB.
catch { config_ip_cache -export [get_ips -all AES_SYS_auto_pc_12] }
INFO: [IP_Flow 19-6924] IPCACHE: Running cache check for IP inst: AES_SYS_auto_pc_12
INFO: [IP_Flow 19-6922] IPCACHE: Exporting cached entry 177366daf5914f73 to dir: c:/code/RFC-8439-fpga-implementation/AES-Cam-on-PYNQ-Z2-main/AES-Cam-on-PYNQ-Z2-main/AES_SYS/AES_SYS.gen/sources_1/bd/AES_SYS/ip/AES_SYS_auto_pc_12
INFO: [IP_Flow 19-6928] IPCACHE: copied cached file c:/code/RFC-8439-fpga-implementation/AES-Cam-on-PYNQ-Z2-main/AES-Cam-on-PYNQ-Z2-main/AES_SYS/AES_SYS.cache/ip/2023.2/1/7/177366daf5914f73/AES_SYS_auto_pc_12.dcp to c:/code/RFC-8439-fpga-implementation/AES-Cam-on-PYNQ-Z2-main/AES-Cam-on-PYNQ-Z2-main/AES_SYS/AES_SYS.gen/sources_1/bd/AES_SYS/ip/AES_SYS_auto_pc_12/AES_SYS_auto_pc_12.dcp.
INFO: [IP_Flow 19-6926] IPCACHE: added file to list for BOM: c:/code/RFC-8439-fpga-implementation/AES-Cam-on-PYNQ-Z2-main/AES-Cam-on-PYNQ-Z2-main/AES_SYS/AES_SYS.gen/sources_1/bd/AES_SYS/ip/AES_SYS_auto_pc_12/AES_SYS_auto_pc_12.dcp
INFO: [IP_Flow 19-6928] IPCACHE: copied cached file c:/code/RFC-8439-fpga-implementation/AES-Cam-on-PYNQ-Z2-main/AES-Cam-on-PYNQ-Z2-main/AES_SYS/AES_SYS.cache/ip/2023.2/1/7/177366daf5914f73/AES_SYS_auto_pc_12_sim_netlist.v to c:/code/RFC-8439-fpga-implementation/AES-Cam-on-PYNQ-Z2-main/AES-Cam-on-PYNQ-Z2-main/AES_SYS/AES_SYS.gen/sources_1/bd/AES_SYS/ip/AES_SYS_auto_pc_12/AES_SYS_auto_pc_12_sim_netlist.v.
INFO: [IP_Flow 19-6926] IPCACHE: added file to list for BOM: c:/code/RFC-8439-fpga-implementation/AES-Cam-on-PYNQ-Z2-main/AES-Cam-on-PYNQ-Z2-main/AES_SYS/AES_SYS.gen/sources_1/bd/AES_SYS/ip/AES_SYS_auto_pc_12/AES_SYS_auto_pc_12_sim_netlist.v
INFO: [IP_Flow 19-6928] IPCACHE: copied cached file c:/code/RFC-8439-fpga-implementation/AES-Cam-on-PYNQ-Z2-main/AES-Cam-on-PYNQ-Z2-main/AES_SYS/AES_SYS.cache/ip/2023.2/1/7/177366daf5914f73/AES_SYS_auto_pc_12_sim_netlist.vhdl to c:/code/RFC-8439-fpga-implementation/AES-Cam-on-PYNQ-Z2-main/AES-Cam-on-PYNQ-Z2-main/AES_SYS/AES_SYS.gen/sources_1/bd/AES_SYS/ip/AES_SYS_auto_pc_12/AES_SYS_auto_pc_12_sim_netlist.vhdl.
INFO: [IP_Flow 19-6926] IPCACHE: added file to list for BOM: c:/code/RFC-8439-fpga-implementation/AES-Cam-on-PYNQ-Z2-main/AES-Cam-on-PYNQ-Z2-main/AES_SYS/AES_SYS.gen/sources_1/bd/AES_SYS/ip/AES_SYS_auto_pc_12/AES_SYS_auto_pc_12_sim_netlist.vhdl
INFO: [IP_Flow 19-6928] IPCACHE: copied cached file c:/code/RFC-8439-fpga-implementation/AES-Cam-on-PYNQ-Z2-main/AES-Cam-on-PYNQ-Z2-main/AES_SYS/AES_SYS.cache/ip/2023.2/1/7/177366daf5914f73/AES_SYS_auto_pc_12_stub.v to c:/code/RFC-8439-fpga-implementation/AES-Cam-on-PYNQ-Z2-main/AES-Cam-on-PYNQ-Z2-main/AES_SYS/AES_SYS.gen/sources_1/bd/AES_SYS/ip/AES_SYS_auto_pc_12/AES_SYS_auto_pc_12_stub.v.
INFO: [IP_Flow 19-6926] IPCACHE: added file to list for BOM: c:/code/RFC-8439-fpga-implementation/AES-Cam-on-PYNQ-Z2-main/AES-Cam-on-PYNQ-Z2-main/AES_SYS/AES_SYS.gen/sources_1/bd/AES_SYS/ip/AES_SYS_auto_pc_12/AES_SYS_auto_pc_12_stub.v
INFO: [IP_Flow 19-6928] IPCACHE: copied cached file c:/code/RFC-8439-fpga-implementation/AES-Cam-on-PYNQ-Z2-main/AES-Cam-on-PYNQ-Z2-main/AES_SYS/AES_SYS.cache/ip/2023.2/1/7/177366daf5914f73/AES_SYS_auto_pc_12_stub.vhdl to c:/code/RFC-8439-fpga-implementation/AES-Cam-on-PYNQ-Z2-main/AES-Cam-on-PYNQ-Z2-main/AES_SYS/AES_SYS.gen/sources_1/bd/AES_SYS/ip/AES_SYS_auto_pc_12/AES_SYS_auto_pc_12_stub.vhdl.
INFO: [IP_Flow 19-6926] IPCACHE: added file to list for BOM: c:/code/RFC-8439-fpga-implementation/AES-Cam-on-PYNQ-Z2-main/AES-Cam-on-PYNQ-Z2-main/AES_SYS/AES_SYS.gen/sources_1/bd/AES_SYS/ip/AES_SYS_auto_pc_12/AES_SYS_auto_pc_12_stub.vhdl
INFO: [IP_Flow 19-4993] Using cached IP synthesis design for IP AES_SYS_auto_pc_12, cache-ID = 177366daf5914f73; cache size = 170.469 MB.
catch { config_ip_cache -export [get_ips -all AES_SYS_auto_us_0] }
INFO: [IP_Flow 19-6924] IPCACHE: Running cache check for IP inst: AES_SYS_auto_us_0
INFO: [IP_Flow 19-6922] IPCACHE: Exporting cached entry 96128dd45566b66c to dir: c:/code/RFC-8439-fpga-implementation/AES-Cam-on-PYNQ-Z2-main/AES-Cam-on-PYNQ-Z2-main/AES_SYS/AES_SYS.gen/sources_1/bd/AES_SYS/ip/AES_SYS_auto_us_0
INFO: [IP_Flow 19-6928] IPCACHE: copied cached file c:/code/RFC-8439-fpga-implementation/AES-Cam-on-PYNQ-Z2-main/AES-Cam-on-PYNQ-Z2-main/AES_SYS/AES_SYS.cache/ip/2023.2/9/6/96128dd45566b66c/AES_SYS_auto_us_0.dcp to c:/code/RFC-8439-fpga-implementation/AES-Cam-on-PYNQ-Z2-main/AES-Cam-on-PYNQ-Z2-main/AES_SYS/AES_SYS.gen/sources_1/bd/AES_SYS/ip/AES_SYS_auto_us_0/AES_SYS_auto_us_0.dcp.
INFO: [IP_Flow 19-6926] IPCACHE: added file to list for BOM: c:/code/RFC-8439-fpga-implementation/AES-Cam-on-PYNQ-Z2-main/AES-Cam-on-PYNQ-Z2-main/AES_SYS/AES_SYS.gen/sources_1/bd/AES_SYS/ip/AES_SYS_auto_us_0/AES_SYS_auto_us_0.dcp
INFO: [IP_Flow 19-6928] IPCACHE: copied cached file c:/code/RFC-8439-fpga-implementation/AES-Cam-on-PYNQ-Z2-main/AES-Cam-on-PYNQ-Z2-main/AES_SYS/AES_SYS.cache/ip/2023.2/9/6/96128dd45566b66c/AES_SYS_auto_us_0_sim_netlist.v to c:/code/RFC-8439-fpga-implementation/AES-Cam-on-PYNQ-Z2-main/AES-Cam-on-PYNQ-Z2-main/AES_SYS/AES_SYS.gen/sources_1/bd/AES_SYS/ip/AES_SYS_auto_us_0/AES_SYS_auto_us_0_sim_netlist.v.
INFO: [IP_Flow 19-6926] IPCACHE: added file to list for BOM: c:/code/RFC-8439-fpga-implementation/AES-Cam-on-PYNQ-Z2-main/AES-Cam-on-PYNQ-Z2-main/AES_SYS/AES_SYS.gen/sources_1/bd/AES_SYS/ip/AES_SYS_auto_us_0/AES_SYS_auto_us_0_sim_netlist.v
INFO: [IP_Flow 19-6928] IPCACHE: copied cached file c:/code/RFC-8439-fpga-implementation/AES-Cam-on-PYNQ-Z2-main/AES-Cam-on-PYNQ-Z2-main/AES_SYS/AES_SYS.cache/ip/2023.2/9/6/96128dd45566b66c/AES_SYS_auto_us_0_sim_netlist.vhdl to c:/code/RFC-8439-fpga-implementation/AES-Cam-on-PYNQ-Z2-main/AES-Cam-on-PYNQ-Z2-main/AES_SYS/AES_SYS.gen/sources_1/bd/AES_SYS/ip/AES_SYS_auto_us_0/AES_SYS_auto_us_0_sim_netlist.vhdl.
INFO: [IP_Flow 19-6926] IPCACHE: added file to list for BOM: c:/code/RFC-8439-fpga-implementation/AES-Cam-on-PYNQ-Z2-main/AES-Cam-on-PYNQ-Z2-main/AES_SYS/AES_SYS.gen/sources_1/bd/AES_SYS/ip/AES_SYS_auto_us_0/AES_SYS_auto_us_0_sim_netlist.vhdl
INFO: [IP_Flow 19-6928] IPCACHE: copied cached file c:/code/RFC-8439-fpga-implementation/AES-Cam-on-PYNQ-Z2-main/AES-Cam-on-PYNQ-Z2-main/AES_SYS/AES_SYS.cache/ip/2023.2/9/6/96128dd45566b66c/AES_SYS_auto_us_0_stub.v to c:/code/RFC-8439-fpga-implementation/AES-Cam-on-PYNQ-Z2-main/AES-Cam-on-PYNQ-Z2-main/AES_SYS/AES_SYS.gen/sources_1/bd/AES_SYS/ip/AES_SYS_auto_us_0/AES_SYS_auto_us_0_stub.v.
INFO: [IP_Flow 19-6926] IPCACHE: added file to list for BOM: c:/code/RFC-8439-fpga-implementation/AES-Cam-on-PYNQ-Z2-main/AES-Cam-on-PYNQ-Z2-main/AES_SYS/AES_SYS.gen/sources_1/bd/AES_SYS/ip/AES_SYS_auto_us_0/AES_SYS_auto_us_0_stub.v
INFO: [IP_Flow 19-6928] IPCACHE: copied cached file c:/code/RFC-8439-fpga-implementation/AES-Cam-on-PYNQ-Z2-main/AES-Cam-on-PYNQ-Z2-main/AES_SYS/AES_SYS.cache/ip/2023.2/9/6/96128dd45566b66c/AES_SYS_auto_us_0_stub.vhdl to c:/code/RFC-8439-fpga-implementation/AES-Cam-on-PYNQ-Z2-main/AES-Cam-on-PYNQ-Z2-main/AES_SYS/AES_SYS.gen/sources_1/bd/AES_SYS/ip/AES_SYS_auto_us_0/AES_SYS_auto_us_0_stub.vhdl.
INFO: [IP_Flow 19-6926] IPCACHE: added file to list for BOM: c:/code/RFC-8439-fpga-implementation/AES-Cam-on-PYNQ-Z2-main/AES-Cam-on-PYNQ-Z2-main/AES_SYS/AES_SYS.gen/sources_1/bd/AES_SYS/ip/AES_SYS_auto_us_0/AES_SYS_auto_us_0_stub.vhdl
INFO: [IP_Flow 19-4993] Using cached IP synthesis design for IP AES_SYS_auto_us_0, cache-ID = 96128dd45566b66c; cache size = 170.469 MB.
catch { config_ip_cache -export [get_ips -all AES_SYS_auto_pc_13] }
INFO: [IP_Flow 19-6924] IPCACHE: Running cache check for IP inst: AES_SYS_auto_pc_13
INFO: [IP_Flow 19-6922] IPCACHE: Exporting cached entry 680f4c3d4d7785e1 to dir: c:/code/RFC-8439-fpga-implementation/AES-Cam-on-PYNQ-Z2-main/AES-Cam-on-PYNQ-Z2-main/AES_SYS/AES_SYS.gen/sources_1/bd/AES_SYS/ip/AES_SYS_auto_pc_13
INFO: [IP_Flow 19-6928] IPCACHE: copied cached file c:/code/RFC-8439-fpga-implementation/AES-Cam-on-PYNQ-Z2-main/AES-Cam-on-PYNQ-Z2-main/AES_SYS/AES_SYS.cache/ip/2023.2/6/8/680f4c3d4d7785e1/AES_SYS_auto_pc_13.dcp to c:/code/RFC-8439-fpga-implementation/AES-Cam-on-PYNQ-Z2-main/AES-Cam-on-PYNQ-Z2-main/AES_SYS/AES_SYS.gen/sources_1/bd/AES_SYS/ip/AES_SYS_auto_pc_13/AES_SYS_auto_pc_13.dcp.
INFO: [IP_Flow 19-6926] IPCACHE: added file to list for BOM: c:/code/RFC-8439-fpga-implementation/AES-Cam-on-PYNQ-Z2-main/AES-Cam-on-PYNQ-Z2-main/AES_SYS/AES_SYS.gen/sources_1/bd/AES_SYS/ip/AES_SYS_auto_pc_13/AES_SYS_auto_pc_13.dcp
INFO: [IP_Flow 19-6928] IPCACHE: copied cached file c:/code/RFC-8439-fpga-implementation/AES-Cam-on-PYNQ-Z2-main/AES-Cam-on-PYNQ-Z2-main/AES_SYS/AES_SYS.cache/ip/2023.2/6/8/680f4c3d4d7785e1/AES_SYS_auto_pc_13_sim_netlist.v to c:/code/RFC-8439-fpga-implementation/AES-Cam-on-PYNQ-Z2-main/AES-Cam-on-PYNQ-Z2-main/AES_SYS/AES_SYS.gen/sources_1/bd/AES_SYS/ip/AES_SYS_auto_pc_13/AES_SYS_auto_pc_13_sim_netlist.v.
INFO: [IP_Flow 19-6926] IPCACHE: added file to list for BOM: c:/code/RFC-8439-fpga-implementation/AES-Cam-on-PYNQ-Z2-main/AES-Cam-on-PYNQ-Z2-main/AES_SYS/AES_SYS.gen/sources_1/bd/AES_SYS/ip/AES_SYS_auto_pc_13/AES_SYS_auto_pc_13_sim_netlist.v
INFO: [IP_Flow 19-6928] IPCACHE: copied cached file c:/code/RFC-8439-fpga-implementation/AES-Cam-on-PYNQ-Z2-main/AES-Cam-on-PYNQ-Z2-main/AES_SYS/AES_SYS.cache/ip/2023.2/6/8/680f4c3d4d7785e1/AES_SYS_auto_pc_13_sim_netlist.vhdl to c:/code/RFC-8439-fpga-implementation/AES-Cam-on-PYNQ-Z2-main/AES-Cam-on-PYNQ-Z2-main/AES_SYS/AES_SYS.gen/sources_1/bd/AES_SYS/ip/AES_SYS_auto_pc_13/AES_SYS_auto_pc_13_sim_netlist.vhdl.
INFO: [IP_Flow 19-6926] IPCACHE: added file to list for BOM: c:/code/RFC-8439-fpga-implementation/AES-Cam-on-PYNQ-Z2-main/AES-Cam-on-PYNQ-Z2-main/AES_SYS/AES_SYS.gen/sources_1/bd/AES_SYS/ip/AES_SYS_auto_pc_13/AES_SYS_auto_pc_13_sim_netlist.vhdl
INFO: [IP_Flow 19-6928] IPCACHE: copied cached file c:/code/RFC-8439-fpga-implementation/AES-Cam-on-PYNQ-Z2-main/AES-Cam-on-PYNQ-Z2-main/AES_SYS/AES_SYS.cache/ip/2023.2/6/8/680f4c3d4d7785e1/AES_SYS_auto_pc_13_stub.v to c:/code/RFC-8439-fpga-implementation/AES-Cam-on-PYNQ-Z2-main/AES-Cam-on-PYNQ-Z2-main/AES_SYS/AES_SYS.gen/sources_1/bd/AES_SYS/ip/AES_SYS_auto_pc_13/AES_SYS_auto_pc_13_stub.v.
INFO: [IP_Flow 19-6926] IPCACHE: added file to list for BOM: c:/code/RFC-8439-fpga-implementation/AES-Cam-on-PYNQ-Z2-main/AES-Cam-on-PYNQ-Z2-main/AES_SYS/AES_SYS.gen/sources_1/bd/AES_SYS/ip/AES_SYS_auto_pc_13/AES_SYS_auto_pc_13_stub.v
INFO: [IP_Flow 19-6928] IPCACHE: copied cached file c:/code/RFC-8439-fpga-implementation/AES-Cam-on-PYNQ-Z2-main/AES-Cam-on-PYNQ-Z2-main/AES_SYS/AES_SYS.cache/ip/2023.2/6/8/680f4c3d4d7785e1/AES_SYS_auto_pc_13_stub.vhdl to c:/code/RFC-8439-fpga-implementation/AES-Cam-on-PYNQ-Z2-main/AES-Cam-on-PYNQ-Z2-main/AES_SYS/AES_SYS.gen/sources_1/bd/AES_SYS/ip/AES_SYS_auto_pc_13/AES_SYS_auto_pc_13_stub.vhdl.
INFO: [IP_Flow 19-6926] IPCACHE: added file to list for BOM: c:/code/RFC-8439-fpga-implementation/AES-Cam-on-PYNQ-Z2-main/AES-Cam-on-PYNQ-Z2-main/AES_SYS/AES_SYS.gen/sources_1/bd/AES_SYS/ip/AES_SYS_auto_pc_13/AES_SYS_auto_pc_13_stub.vhdl
INFO: [IP_Flow 19-4993] Using cached IP synthesis design for IP AES_SYS_auto_pc_13, cache-ID = 680f4c3d4d7785e1; cache size = 170.469 MB.
catch { config_ip_cache -export [get_ips -all AES_SYS_auto_ds_0] }
INFO: [IP_Flow 19-6924] IPCACHE: Running cache check for IP inst: AES_SYS_auto_ds_0
INFO: [IP_Flow 19-6922] IPCACHE: Exporting cached entry f9503eb3174c7348 to dir: c:/code/RFC-8439-fpga-implementation/AES-Cam-on-PYNQ-Z2-main/AES-Cam-on-PYNQ-Z2-main/AES_SYS/AES_SYS.gen/sources_1/bd/AES_SYS/ip/AES_SYS_auto_ds_0
INFO: [IP_Flow 19-6928] IPCACHE: copied cached file c:/code/RFC-8439-fpga-implementation/AES-Cam-on-PYNQ-Z2-main/AES-Cam-on-PYNQ-Z2-main/AES_SYS/AES_SYS.cache/ip/2023.2/f/9/f9503eb3174c7348/AES_SYS_auto_ds_0.dcp to c:/code/RFC-8439-fpga-implementation/AES-Cam-on-PYNQ-Z2-main/AES-Cam-on-PYNQ-Z2-main/AES_SYS/AES_SYS.gen/sources_1/bd/AES_SYS/ip/AES_SYS_auto_ds_0/AES_SYS_auto_ds_0.dcp.
INFO: [IP_Flow 19-6926] IPCACHE: added file to list for BOM: c:/code/RFC-8439-fpga-implementation/AES-Cam-on-PYNQ-Z2-main/AES-Cam-on-PYNQ-Z2-main/AES_SYS/AES_SYS.gen/sources_1/bd/AES_SYS/ip/AES_SYS_auto_ds_0/AES_SYS_auto_ds_0.dcp
INFO: [IP_Flow 19-6928] IPCACHE: copied cached file c:/code/RFC-8439-fpga-implementation/AES-Cam-on-PYNQ-Z2-main/AES-Cam-on-PYNQ-Z2-main/AES_SYS/AES_SYS.cache/ip/2023.2/f/9/f9503eb3174c7348/AES_SYS_auto_ds_0_sim_netlist.v to c:/code/RFC-8439-fpga-implementation/AES-Cam-on-PYNQ-Z2-main/AES-Cam-on-PYNQ-Z2-main/AES_SYS/AES_SYS.gen/sources_1/bd/AES_SYS/ip/AES_SYS_auto_ds_0/AES_SYS_auto_ds_0_sim_netlist.v.
INFO: [IP_Flow 19-6926] IPCACHE: added file to list for BOM: c:/code/RFC-8439-fpga-implementation/AES-Cam-on-PYNQ-Z2-main/AES-Cam-on-PYNQ-Z2-main/AES_SYS/AES_SYS.gen/sources_1/bd/AES_SYS/ip/AES_SYS_auto_ds_0/AES_SYS_auto_ds_0_sim_netlist.v
INFO: [IP_Flow 19-6928] IPCACHE: copied cached file c:/code/RFC-8439-fpga-implementation/AES-Cam-on-PYNQ-Z2-main/AES-Cam-on-PYNQ-Z2-main/AES_SYS/AES_SYS.cache/ip/2023.2/f/9/f9503eb3174c7348/AES_SYS_auto_ds_0_sim_netlist.vhdl to c:/code/RFC-8439-fpga-implementation/AES-Cam-on-PYNQ-Z2-main/AES-Cam-on-PYNQ-Z2-main/AES_SYS/AES_SYS.gen/sources_1/bd/AES_SYS/ip/AES_SYS_auto_ds_0/AES_SYS_auto_ds_0_sim_netlist.vhdl.
INFO: [IP_Flow 19-6926] IPCACHE: added file to list for BOM: c:/code/RFC-8439-fpga-implementation/AES-Cam-on-PYNQ-Z2-main/AES-Cam-on-PYNQ-Z2-main/AES_SYS/AES_SYS.gen/sources_1/bd/AES_SYS/ip/AES_SYS_auto_ds_0/AES_SYS_auto_ds_0_sim_netlist.vhdl
INFO: [IP_Flow 19-6928] IPCACHE: copied cached file c:/code/RFC-8439-fpga-implementation/AES-Cam-on-PYNQ-Z2-main/AES-Cam-on-PYNQ-Z2-main/AES_SYS/AES_SYS.cache/ip/2023.2/f/9/f9503eb3174c7348/AES_SYS_auto_ds_0_stub.v to c:/code/RFC-8439-fpga-implementation/AES-Cam-on-PYNQ-Z2-main/AES-Cam-on-PYNQ-Z2-main/AES_SYS/AES_SYS.gen/sources_1/bd/AES_SYS/ip/AES_SYS_auto_ds_0/AES_SYS_auto_ds_0_stub.v.
INFO: [IP_Flow 19-6926] IPCACHE: added file to list for BOM: c:/code/RFC-8439-fpga-implementation/AES-Cam-on-PYNQ-Z2-main/AES-Cam-on-PYNQ-Z2-main/AES_SYS/AES_SYS.gen/sources_1/bd/AES_SYS/ip/AES_SYS_auto_ds_0/AES_SYS_auto_ds_0_stub.v
INFO: [IP_Flow 19-6928] IPCACHE: copied cached file c:/code/RFC-8439-fpga-implementation/AES-Cam-on-PYNQ-Z2-main/AES-Cam-on-PYNQ-Z2-main/AES_SYS/AES_SYS.cache/ip/2023.2/f/9/f9503eb3174c7348/AES_SYS_auto_ds_0_stub.vhdl to c:/code/RFC-8439-fpga-implementation/AES-Cam-on-PYNQ-Z2-main/AES-Cam-on-PYNQ-Z2-main/AES_SYS/AES_SYS.gen/sources_1/bd/AES_SYS/ip/AES_SYS_auto_ds_0/AES_SYS_auto_ds_0_stub.vhdl.
INFO: [IP_Flow 19-6926] IPCACHE: added file to list for BOM: c:/code/RFC-8439-fpga-implementation/AES-Cam-on-PYNQ-Z2-main/AES-Cam-on-PYNQ-Z2-main/AES_SYS/AES_SYS.gen/sources_1/bd/AES_SYS/ip/AES_SYS_auto_ds_0/AES_SYS_auto_ds_0_stub.vhdl
INFO: [IP_Flow 19-4993] Using cached IP synthesis design for IP AES_SYS_auto_ds_0, cache-ID = f9503eb3174c7348; cache size = 170.469 MB.
catch { config_ip_cache -export [get_ips -all AES_SYS_auto_ds_1] }
INFO: [IP_Flow 19-6924] IPCACHE: Running cache check for IP inst: AES_SYS_auto_ds_1
INFO: [IP_Flow 19-6922] IPCACHE: Exporting cached entry f9503eb3174c7348 to dir: c:/code/RFC-8439-fpga-implementation/AES-Cam-on-PYNQ-Z2-main/AES-Cam-on-PYNQ-Z2-main/AES_SYS/AES_SYS.gen/sources_1/bd/AES_SYS/ip/AES_SYS_auto_ds_1
INFO: [IP_Flow 19-6928] IPCACHE: copied cached file c:/code/RFC-8439-fpga-implementation/AES-Cam-on-PYNQ-Z2-main/AES-Cam-on-PYNQ-Z2-main/AES_SYS/AES_SYS.cache/ip/2023.2/f/9/f9503eb3174c7348/AES_SYS_auto_ds_0.dcp to c:/code/RFC-8439-fpga-implementation/AES-Cam-on-PYNQ-Z2-main/AES-Cam-on-PYNQ-Z2-main/AES_SYS/AES_SYS.gen/sources_1/bd/AES_SYS/ip/AES_SYS_auto_ds_1/AES_SYS_auto_ds_1.dcp.
INFO: [IP_Flow 19-6926] IPCACHE: added file to list for BOM: c:/code/RFC-8439-fpga-implementation/AES-Cam-on-PYNQ-Z2-main/AES-Cam-on-PYNQ-Z2-main/AES_SYS/AES_SYS.gen/sources_1/bd/AES_SYS/ip/AES_SYS_auto_ds_1/AES_SYS_auto_ds_1.dcp
INFO: [IP_Flow 19-6928] IPCACHE: copied cached file c:/code/RFC-8439-fpga-implementation/AES-Cam-on-PYNQ-Z2-main/AES-Cam-on-PYNQ-Z2-main/AES_SYS/AES_SYS.cache/ip/2023.2/f/9/f9503eb3174c7348/AES_SYS_auto_ds_0_sim_netlist.v to c:/code/RFC-8439-fpga-implementation/AES-Cam-on-PYNQ-Z2-main/AES-Cam-on-PYNQ-Z2-main/AES_SYS/AES_SYS.gen/sources_1/bd/AES_SYS/ip/AES_SYS_auto_ds_1/AES_SYS_auto_ds_1_sim_netlist.v.
INFO: [IP_Flow 19-6926] IPCACHE: added file to list for BOM: c:/code/RFC-8439-fpga-implementation/AES-Cam-on-PYNQ-Z2-main/AES-Cam-on-PYNQ-Z2-main/AES_SYS/AES_SYS.gen/sources_1/bd/AES_SYS/ip/AES_SYS_auto_ds_1/AES_SYS_auto_ds_1_sim_netlist.v
INFO: [IP_Flow 19-6928] IPCACHE: copied cached file c:/code/RFC-8439-fpga-implementation/AES-Cam-on-PYNQ-Z2-main/AES-Cam-on-PYNQ-Z2-main/AES_SYS/AES_SYS.cache/ip/2023.2/f/9/f9503eb3174c7348/AES_SYS_auto_ds_0_sim_netlist.vhdl to c:/code/RFC-8439-fpga-implementation/AES-Cam-on-PYNQ-Z2-main/AES-Cam-on-PYNQ-Z2-main/AES_SYS/AES_SYS.gen/sources_1/bd/AES_SYS/ip/AES_SYS_auto_ds_1/AES_SYS_auto_ds_1_sim_netlist.vhdl.
INFO: [IP_Flow 19-6926] IPCACHE: added file to list for BOM: c:/code/RFC-8439-fpga-implementation/AES-Cam-on-PYNQ-Z2-main/AES-Cam-on-PYNQ-Z2-main/AES_SYS/AES_SYS.gen/sources_1/bd/AES_SYS/ip/AES_SYS_auto_ds_1/AES_SYS_auto_ds_1_sim_netlist.vhdl
INFO: [IP_Flow 19-6928] IPCACHE: copied cached file c:/code/RFC-8439-fpga-implementation/AES-Cam-on-PYNQ-Z2-main/AES-Cam-on-PYNQ-Z2-main/AES_SYS/AES_SYS.cache/ip/2023.2/f/9/f9503eb3174c7348/AES_SYS_auto_ds_0_stub.v to c:/code/RFC-8439-fpga-implementation/AES-Cam-on-PYNQ-Z2-main/AES-Cam-on-PYNQ-Z2-main/AES_SYS/AES_SYS.gen/sources_1/bd/AES_SYS/ip/AES_SYS_auto_ds_1/AES_SYS_auto_ds_1_stub.v.
INFO: [IP_Flow 19-6926] IPCACHE: added file to list for BOM: c:/code/RFC-8439-fpga-implementation/AES-Cam-on-PYNQ-Z2-main/AES-Cam-on-PYNQ-Z2-main/AES_SYS/AES_SYS.gen/sources_1/bd/AES_SYS/ip/AES_SYS_auto_ds_1/AES_SYS_auto_ds_1_stub.v
INFO: [IP_Flow 19-6928] IPCACHE: copied cached file c:/code/RFC-8439-fpga-implementation/AES-Cam-on-PYNQ-Z2-main/AES-Cam-on-PYNQ-Z2-main/AES_SYS/AES_SYS.cache/ip/2023.2/f/9/f9503eb3174c7348/AES_SYS_auto_ds_0_stub.vhdl to c:/code/RFC-8439-fpga-implementation/AES-Cam-on-PYNQ-Z2-main/AES-Cam-on-PYNQ-Z2-main/AES_SYS/AES_SYS.gen/sources_1/bd/AES_SYS/ip/AES_SYS_auto_ds_1/AES_SYS_auto_ds_1_stub.vhdl.
INFO: [IP_Flow 19-6926] IPCACHE: added file to list for BOM: c:/code/RFC-8439-fpga-implementation/AES-Cam-on-PYNQ-Z2-main/AES-Cam-on-PYNQ-Z2-main/AES_SYS/AES_SYS.gen/sources_1/bd/AES_SYS/ip/AES_SYS_auto_ds_1/AES_SYS_auto_ds_1_stub.vhdl
INFO: [IP_Flow 19-4993] Using cached IP synthesis design for IP AES_SYS_auto_ds_1, cache-ID = f9503eb3174c7348; cache size = 170.469 MB.
catch { config_ip_cache -export [get_ips -all AES_SYS_proc_sys_reset_0_0] }
INFO: [IP_Flow 19-6924] IPCACHE: Running cache check for IP inst: AES_SYS_proc_sys_reset_0_0
export_ip_user_files -of_objects [get_files C:/code/RFC-8439-fpga-implementation/AES-Cam-on-PYNQ-Z2-main/AES-Cam-on-PYNQ-Z2-main/AES_SYS/AES_SYS.srcs/sources_1/bd/AES_SYS/AES_SYS.bd] -no_script -sync -force -quiet
create_ip_run [get_files -of_objects [get_fileset sources_1] C:/code/RFC-8439-fpga-implementation/AES-Cam-on-PYNQ-Z2-main/AES-Cam-on-PYNQ-Z2-main/AES_SYS/AES_SYS.srcs/sources_1/bd/AES_SYS/AES_SYS.bd]
launch_runs AES_SYS_proc_sys_reset_0_0_synth_1 -jobs 32
INFO: [IP_Flow 19-6924] IPCACHE: Running cache check for IP inst: AES_SYS_proc_sys_reset_0_0
[Wed May 27 02:10:44 2026] Launched AES_SYS_proc_sys_reset_0_0_synth_1...
Run output will be captured here: C:/code/RFC-8439-fpga-implementation/AES-Cam-on-PYNQ-Z2-main/AES-Cam-on-PYNQ-Z2-main/AES_SYS/AES_SYS.runs/AES_SYS_proc_sys_reset_0_0_synth_1/runme.log
export_simulation -of_objects [get_files C:/code/RFC-8439-fpga-implementation/AES-Cam-on-PYNQ-Z2-main/AES-Cam-on-PYNQ-Z2-main/AES_SYS/AES_SYS.srcs/sources_1/bd/AES_SYS/AES_SYS.bd] -directory C:/code/RFC-8439-fpga-implementation/AES-Cam-on-PYNQ-Z2-main/AES-Cam-on-PYNQ-Z2-main/AES_SYS/AES_SYS.ip_user_files/sim_scripts -ip_user_files_dir C:/code/RFC-8439-fpga-implementation/AES-Cam-on-PYNQ-Z2-main/AES-Cam-on-PYNQ-Z2-main/AES_SYS/AES_SYS.ip_user_files -ipstatic_source_dir C:/code/RFC-8439-fpga-implementation/AES-Cam-on-PYNQ-Z2-main/AES-Cam-on-PYNQ-Z2-main/AES_SYS/AES_SYS.ip_user_files/ipstatic -lib_map_path [list {modelsim=C:/code/RFC-8439-fpga-implementation/AES-Cam-on-PYNQ-Z2-main/AES-Cam-on-PYNQ-Z2-main/AES_SYS/AES_SYS.cache/compile_simlib/modelsim} {questa=C:/code/RFC-8439-fpga-implementation/AES-Cam-on-PYNQ-Z2-main/AES-Cam-on-PYNQ-Z2-main/AES_SYS/AES_SYS.cache/compile_simlib/questa} {riviera=C:/code/RFC-8439-fpga-implementation/AES-Cam-on-PYNQ-Z2-main/AES-Cam-on-PYNQ-Z2-main/AES_SYS/AES_SYS.cache/compile_simlib/riviera} {activehdl=C:/code/RFC-8439-fpga-implementation/AES-Cam-on-PYNQ-Z2-main/AES-Cam-on-PYNQ-Z2-main/AES_SYS/AES_SYS.cache/compile_simlib/activehdl}] -use_ip_compiled_libs -force -quiet
reset_run synth_1
INFO: [Project 1-1161] Replacing file C:/code/RFC-8439-fpga-implementation/AES-Cam-on-PYNQ-Z2-main/AES-Cam-on-PYNQ-Z2-main/AES_SYS/AES_SYS.srcs/utils_1/imports/synth_1/AES_SYS_wrapper.dcp with file C:/code/RFC-8439-fpga-implementation/AES-Cam-on-PYNQ-Z2-main/AES-Cam-on-PYNQ-Z2-main/AES_SYS/AES_SYS.runs/synth_1/AES_SYS_wrapper.dcp
WARNING: [Vivado 12-1017] Problems encountered:
1. Failed to delete one or more files in run directory C:/code/RFC-8439-fpga-implementation/AES-Cam-on-PYNQ-Z2-main/AES-Cam-on-PYNQ-Z2-main/AES_SYS/AES_SYS.runs/synth_1

launch_runs synth_1 -jobs 32
INFO: [IP_Flow 19-6924] IPCACHE: Running cache check for IP inst: AES_SYS_proc_sys_reset_0_0
[Wed May 27 02:11:03 2026] Launched AES_SYS_proc_sys_reset_0_0_synth_1...
Run output will be captured here: C:/code/RFC-8439-fpga-implementation/AES-Cam-on-PYNQ-Z2-main/AES-Cam-on-PYNQ-Z2-main/AES_SYS/AES_SYS.runs/AES_SYS_proc_sys_reset_0_0_synth_1/runme.log
[Wed May 27 02:11:03 2026] Launched synth_1...
Run output will be captured here: C:/code/RFC-8439-fpga-implementation/AES-Cam-on-PYNQ-Z2-main/AES-Cam-on-PYNQ-Z2-main/AES_SYS/AES_SYS.runs/synth_1/runme.log
launch_runs impl_1 -jobs 32
[Wed May 27 02:12:45 2026] Launched impl_1...
Run output will be captured here: C:/code/RFC-8439-fpga-implementation/AES-Cam-on-PYNQ-Z2-main/AES-Cam-on-PYNQ-Z2-main/AES_SYS/AES_SYS.runs/impl_1/runme.log
open_run impl_1
Netlist sorting complete. Time (s): cpu = 00:00:01 ; elapsed = 00:00:00.588 . Memory (MB): peak = 2623.254 ; gain = 0.000
INFO: [Netlist 29-17] Analyzing 1635 Unisim elements for replacement
INFO: [Netlist 29-28] Unisim Transformation completed in 0 CPU seconds
INFO: [Project 1-479] Netlist was created with Vivado 2023.2
INFO: [Project 1-570] Preparing netlist for logic optimization
WARNING: [Constraints 18-550] Could not create 'IBUF_LOW_PWR' constraint because net 'AES_SYS_i/clk_wiz_0/clk_in1' is not directly connected to top level port. 'IBUF_LOW_PWR' is ignored for synthesis but preserved for implementation.
Read ShapeDB Complete: Time (s): cpu = 00:00:00 ; elapsed = 00:00:00.084 . Memory (MB): peak = 2780.293 ; gain = 11.695
INFO: [Timing 38-478] Restoring timing data from binary archive.
INFO: [Timing 38-479] Binary timing data restore complete.
INFO: [Project 1-856] Restoring constraints from binary archive.
INFO: [Project 1-853] Binary constraint restore complete.
INFO: [Designutils 20-5722] Start Reading Physical Databases.
Reading placement.
Read Netlist Cache: Time (s): cpu = 00:00:00 ; elapsed = 00:00:00.037 . Memory (MB): peak = 3438.941 ; gain = 0.000
Reading placer database...
Read Device Cache: Time (s): cpu = 00:00:00 ; elapsed = 00:00:00.015 . Memory (MB): peak = 3438.941 ; gain = 0.000
Read PlaceDB: Time (s): cpu = 00:00:01 ; elapsed = 00:00:01 . Memory (MB): peak = 3459.055 ; gain = 20.113
Read PulsedLatchDB: Time (s): cpu = 00:00:00 ; elapsed = 00:00:00 . Memory (MB): peak = 3459.055 ; gain = 0.000
Reading routing.
Read RouteStorage: Time (s): cpu = 00:00:01 ; elapsed = 00:00:00.463 . Memory (MB): peak = 3468.984 ; gain = 9.930
Read Physdb Files: Time (s): cpu = 00:00:02 ; elapsed = 00:00:02 . Memory (MB): peak = 3468.984 ; gain = 30.043
Restored from archive | CPU: 2.000000 secs | Memory: 0.000000 MB |
Finished XDEF File Restore: Time (s): cpu = 00:00:02 ; elapsed = 00:00:02 . Memory (MB): peak = 3468.984 ; gain = 30.043
Netlist sorting complete. Time (s): cpu = 00:00:00 ; elapsed = 00:00:00.009 . Memory (MB): peak = 3468.984 ; gain = 0.000
INFO: [Project 1-111] Unisim Transformation Summary:
  A total of 32 instances were transformed.
  RAM32M => RAM32M (RAMD32(x6), RAMS32(x2)): 24 instances
  RAM32X1D => RAM32X1D (RAMD32(x2)): 8 instances

open_run: Time (s): cpu = 00:00:21 ; elapsed = 00:00:15 . Memory (MB): peak = 3724.504 ; gain = 1137.477
open_report: Time (s): cpu = 00:00:11 ; elapsed = 00:00:07 . Memory (MB): peak = 4062.816 ; gain = 253.387
CRITICAL WARNING: [Timing 38-282] The design failed to meet the timing requirements. Please see the timing summary report for details on the timing violations.
launch_runs impl_1 -to_step write_bitstream -jobs 32
[Wed May 27 02:17:29 2026] Launched impl_1...
Run output will be captured here: C:/code/RFC-8439-fpga-implementation/AES-Cam-on-PYNQ-Z2-main/AES-Cam-on-PYNQ-Z2-main/AES_SYS/AES_SYS.runs/impl_1/runme.log
open_bd_design {C:/code/RFC-8439-fpga-implementation/AES-Cam-on-PYNQ-Z2-main/AES-Cam-on-PYNQ-Z2-main/AES_SYS/AES_SYS.srcs/sources_1/bd/AES_SYS/AES_SYS.bd}
set_property location {2 521 1347} [get_bd_cells clk_wiz_0]
delete_bd_objs [get_bd_nets clk_wiz_0_clk_out1]
undo
INFO: [Common 17-17] undo 'delete_bd_objs [get_bd_nets clk_wiz_0_clk_out1]'
delete_bd_objs [get_bd_nets clk_wiz_0_clk_out1]
connect_bd_net [get_bd_pins clk_wiz_0/clk_out1] [get_bd_pins axi_vdma_0/m_axis_mm2s_aclk]
connect_bd_net [get_bd_pins clk_wiz_0/clk_out1] [get_bd_pins proc_sys_reset_0/slowest_sync_clk]
connect_bd_net [get_bd_pins clk_wiz_0/clk_out1] [get_bd_pins v_tc_0/clk]
connect_bd_net [get_bd_pins clk_wiz_0/clk_out1] [get_bd_pins v_axi4s_vid_out_0/aclk]
connect_bd_net [get_bd_pins clk_wiz_0/clk_out1] [get_bd_pins rgb2dvi_0/PixelClk]
connect_bd_net [get_bd_pins proc_sys_reset_0/dcm_locked] [get_bd_pins xlconstant_0/dout]
save_bd_design
Wrote  : <C:\code\RFC-8439-fpga-implementation\AES-Cam-on-PYNQ-Z2-main\AES-Cam-on-PYNQ-Z2-main\AES_SYS\AES_SYS.srcs\sources_1\bd\AES_SYS\AES_SYS.bd> 
Wrote  : <C:/code/RFC-8439-fpga-implementation/AES-Cam-on-PYNQ-Z2-main/AES-Cam-on-PYNQ-Z2-main/AES_SYS/AES_SYS.srcs/sources_1/bd/AES_SYS/ui/bd_9341033d.ui> 
generate_target all [get_files  C:/code/RFC-8439-fpga-implementation/AES-Cam-on-PYNQ-Z2-main/AES-Cam-on-PYNQ-Z2-main/AES_SYS/AES_SYS.srcs/sources_1/bd/AES_SYS/AES_SYS.bd]
WARNING: [BD 41-2670] Found an incomplete address path from address space '/processing_system7_0/Data' to master interface '/ps7_0_axi_periph/M07_AXI'. Please either complete or remove this path to resolve.
WARNING: [BD 41-2670] Found an incomplete address path from address space '/processing_system7_0/Data' to master interface '/ps7_0_axi_periph/M10_AXI'. Please either complete or remove this path to resolve.
WARNING: [BD 41-2670] Found an incomplete address path from address space '/processing_system7_0/Data' to master interface '/ps7_0_axi_periph/M12_AXI'. Please either complete or remove this path to resolve.
WARNING: [BD 5-699] No address segments matched 'get_bd_addr_segs -addressables -of_objects /processing_system7_0/FCLK_RESET0_N'
WARNING: [BD 5-699] No address segments matched 'get_bd_addr_segs -addressables -of_objects /processing_system7_0/FCLK_RESET0_N'
WARNING: [BD 5-699] No address segments matched 'get_bd_addr_segs -addressables -of_objects /processing_system7_0/FCLK_RESET0_N'
WARNING: [BD 41-1284] Cannot set parameter FREQ_HZ on port /v_axi4s_vid_out_0/aclken
WARNING: [BD 41-1284] Cannot set parameter PHASE on port /v_axi4s_vid_out_0/aclken
WARNING: [BD 41-1284] Cannot set parameter CLK_DOMAIN on port /v_axi4s_vid_out_0/aclken
WARNING: [BD 41-1284] Cannot set parameter FREQ_HZ on port /v_axi4s_vid_out_0/vid_io_out_ce
WARNING: [BD 41-1284] Cannot set parameter PHASE on port /v_axi4s_vid_out_0/vid_io_out_ce
WARNING: [BD 41-1284] Cannot set parameter CLK_DOMAIN on port /v_axi4s_vid_out_0/vid_io_out_ce
WARNING: [BD 41-1284] Cannot set parameter FREQ_HZ on port /v_tc_0/clken
WARNING: [BD 41-1284] Cannot set parameter PHASE on port /v_tc_0/clken
WARNING: [BD 41-1284] Cannot set parameter CLK_DOMAIN on port /v_tc_0/clken
WARNING: [BD 41-1284] Cannot set parameter FREQ_HZ on port /v_axi4s_vid_out_0/aclken
WARNING: [BD 41-1284] Cannot set parameter PHASE on port /v_axi4s_vid_out_0/aclken
WARNING: [BD 41-1284] Cannot set parameter CLK_DOMAIN on port /v_axi4s_vid_out_0/aclken
WARNING: [BD 41-1284] Cannot set parameter FREQ_HZ on port /v_axi4s_vid_out_0/vid_io_out_ce
WARNING: [BD 41-1284] Cannot set parameter PHASE on port /v_axi4s_vid_out_0/vid_io_out_ce
WARNING: [BD 41-1284] Cannot set parameter CLK_DOMAIN on port /v_axi4s_vid_out_0/vid_io_out_ce
WARNING: [BD 41-1284] Cannot set parameter FREQ_HZ on port /v_tc_0/clken
WARNING: [BD 41-1284] Cannot set parameter PHASE on port /v_tc_0/clken
WARNING: [BD 41-1284] Cannot set parameter CLK_DOMAIN on port /v_tc_0/clken
WARNING: [BD 41-1284] Cannot set parameter FREQ_HZ on port /v_axi4s_vid_out_0/aclken
WARNING: [BD 41-1284] Cannot set parameter PHASE on port /v_axi4s_vid_out_0/aclken
WARNING: [BD 41-1284] Cannot set parameter CLK_DOMAIN on port /v_axi4s_vid_out_0/aclken
WARNING: [BD 41-1284] Cannot set parameter FREQ_HZ on port /v_axi4s_vid_out_0/vid_io_out_ce
WARNING: [BD 41-1284] Cannot set parameter PHASE on port /v_axi4s_vid_out_0/vid_io_out_ce
WARNING: [BD 41-1284] Cannot set parameter CLK_DOMAIN on port /v_axi4s_vid_out_0/vid_io_out_ce
WARNING: [BD 41-1284] Cannot set parameter FREQ_HZ on port /v_tc_0/clken
WARNING: [BD 41-1284] Cannot set parameter PHASE on port /v_tc_0/clken
WARNING: [BD 41-1284] Cannot set parameter CLK_DOMAIN on port /v_tc_0/clken
WARNING: [BD 41-1284] Cannot set parameter FREQ_HZ on port /v_axi4s_vid_out_0/aclken
WARNING: [BD 41-1284] Cannot set parameter PHASE on port /v_axi4s_vid_out_0/aclken
WARNING: [BD 41-1284] Cannot set parameter CLK_DOMAIN on port /v_axi4s_vid_out_0/aclken
WARNING: [BD 41-1284] Cannot set parameter FREQ_HZ on port /v_axi4s_vid_out_0/vid_io_out_ce
WARNING: [BD 41-1284] Cannot set parameter PHASE on port /v_axi4s_vid_out_0/vid_io_out_ce
WARNING: [BD 41-1284] Cannot set parameter CLK_DOMAIN on port /v_axi4s_vid_out_0/vid_io_out_ce
WARNING: [BD 41-1284] Cannot set parameter FREQ_HZ on port /v_tc_0/clken
WARNING: [BD 41-1284] Cannot set parameter PHASE on port /v_tc_0/clken
WARNING: [BD 41-1284] Cannot set parameter CLK_DOMAIN on port /v_tc_0/clken
WARNING: [BD 41-1284] Cannot set parameter FREQ_HZ on port /v_axi4s_vid_out_0/aclken
WARNING: [BD 41-1284] Cannot set parameter PHASE on port /v_axi4s_vid_out_0/aclken
WARNING: [BD 41-1284] Cannot set parameter CLK_DOMAIN on port /v_axi4s_vid_out_0/aclken
WARNING: [BD 41-1284] Cannot set parameter FREQ_HZ on port /v_axi4s_vid_out_0/vid_io_out_ce
WARNING: [BD 41-1284] Cannot set parameter PHASE on port /v_axi4s_vid_out_0/vid_io_out_ce
WARNING: [BD 41-1284] Cannot set parameter CLK_DOMAIN on port /v_axi4s_vid_out_0/vid_io_out_ce
WARNING: [BD 41-1284] Cannot set parameter FREQ_HZ on port /v_tc_0/clken
WARNING: [BD 41-1284] Cannot set parameter PHASE on port /v_tc_0/clken
WARNING: [BD 41-1284] Cannot set parameter CLK_DOMAIN on port /v_tc_0/clken
WARNING: [BD 41-1284] Cannot set parameter FREQ_HZ on port /v_axi4s_vid_out_0/aclken
WARNING: [BD 41-1284] Cannot set parameter PHASE on port /v_axi4s_vid_out_0/aclken
WARNING: [BD 41-1284] Cannot set parameter CLK_DOMAIN on port /v_axi4s_vid_out_0/aclken
WARNING: [BD 41-1284] Cannot set parameter FREQ_HZ on port /v_axi4s_vid_out_0/vid_io_out_ce
WARNING: [BD 41-1284] Cannot set parameter PHASE on port /v_axi4s_vid_out_0/vid_io_out_ce
WARNING: [BD 41-1284] Cannot set parameter CLK_DOMAIN on port /v_axi4s_vid_out_0/vid_io_out_ce
WARNING: [BD 41-1284] Cannot set parameter FREQ_HZ on port /v_tc_0/clken
WARNING: [BD 41-1284] Cannot set parameter PHASE on port /v_tc_0/clken
WARNING: [BD 41-1284] Cannot set parameter CLK_DOMAIN on port /v_tc_0/clken
WARNING: [BD 41-1284] Cannot set parameter FREQ_HZ on port /v_axi4s_vid_out_0/aclken
WARNING: [BD 41-1284] Cannot set parameter PHASE on port /v_axi4s_vid_out_0/aclken
WARNING: [BD 41-1284] Cannot set parameter CLK_DOMAIN on port /v_axi4s_vid_out_0/aclken
WARNING: [BD 41-1284] Cannot set parameter FREQ_HZ on port /v_axi4s_vid_out_0/vid_io_out_ce
WARNING: [BD 41-1284] Cannot set parameter PHASE on port /v_axi4s_vid_out_0/vid_io_out_ce
WARNING: [BD 41-1284] Cannot set parameter CLK_DOMAIN on port /v_axi4s_vid_out_0/vid_io_out_ce
WARNING: [BD 41-1284] Cannot set parameter FREQ_HZ on port /v_tc_0/clken
WARNING: [BD 41-1284] Cannot set parameter PHASE on port /v_tc_0/clken
WARNING: [BD 41-1284] Cannot set parameter CLK_DOMAIN on port /v_tc_0/clken
WARNING: [BD 41-1284] Cannot set parameter FREQ_HZ on port /v_axi4s_vid_out_0/aclken
WARNING: [BD 41-1284] Cannot set parameter PHASE on port /v_axi4s_vid_out_0/aclken
WARNING: [BD 41-1284] Cannot set parameter CLK_DOMAIN on port /v_axi4s_vid_out_0/aclken
WARNING: [BD 41-1284] Cannot set parameter FREQ_HZ on port /v_axi4s_vid_out_0/vid_io_out_ce
WARNING: [BD 41-1284] Cannot set parameter PHASE on port /v_axi4s_vid_out_0/vid_io_out_ce
WARNING: [BD 41-1284] Cannot set parameter CLK_DOMAIN on port /v_axi4s_vid_out_0/vid_io_out_ce
WARNING: [BD 41-1284] Cannot set parameter FREQ_HZ on port /v_tc_0/clken
WARNING: [BD 41-1284] Cannot set parameter PHASE on port /v_tc_0/clken
WARNING: [BD 41-1284] Cannot set parameter CLK_DOMAIN on port /v_tc_0/clken
WARNING: [BD 41-1284] Cannot set parameter FREQ_HZ on port /v_axi4s_vid_out_0/aclken
WARNING: [BD 41-1284] Cannot set parameter PHASE on port /v_axi4s_vid_out_0/aclken
WARNING: [BD 41-1284] Cannot set parameter CLK_DOMAIN on port /v_axi4s_vid_out_0/aclken
WARNING: [BD 41-1284] Cannot set parameter FREQ_HZ on port /v_axi4s_vid_out_0/vid_io_out_ce
WARNING: [BD 41-1284] Cannot set parameter PHASE on port /v_axi4s_vid_out_0/vid_io_out_ce
WARNING: [BD 41-1284] Cannot set parameter CLK_DOMAIN on port /v_axi4s_vid_out_0/vid_io_out_ce
WARNING: [BD 41-1284] Cannot set parameter FREQ_HZ on port /v_tc_0/clken
WARNING: [BD 41-1284] Cannot set parameter PHASE on port /v_tc_0/clken
WARNING: [BD 41-1284] Cannot set parameter CLK_DOMAIN on port /v_tc_0/clken
WARNING: [BD 41-702] Propagation TCL tries to overwrite USER strength parameter PCW_M_AXI_GP0_FREQMHZ(10) on '/processing_system7_0' with propagated value(50). Command ignored
WARNING: [BD 41-702] Propagation TCL tries to overwrite USER strength parameter PCW_S_AXI_HP0_FREQMHZ(10) on '/processing_system7_0' with propagated value(50). Command ignored
WARNING: [BD 41-702] Propagation TCL tries to overwrite USER strength parameter PCW_S_AXI_HP1_FREQMHZ(10) on '/processing_system7_0' with propagated value(50). Command ignored
INFO: [xilinx.com:ip:axi_vdma:6.3-15] /axi_vdma_0 
                    All clocks connected to AXI VDMA are not identical, therefore configuring AXI-VDMA in ASYNC mode.
WARNING: [xilinx.com:ip:axi_vdma:6.3-155] /axi_vdma_0 
                    To get the better performance, ensure AXI Memory Map clock frequency is greater than equal to AXI Streaming clock frequency.
WARNING: [xilinx.com:ip:axi_intc:4.1-13] /axi_intc_0: Interrupt output connection Bus is selected, but the interrupt bus interface is not connected to a matching interface. Please consider selecting Single instead.
INFO: [xilinx.com:ip:clk_wiz:6.0-1] /clk_wiz_0 clk_wiz propagate
INFO: [xilinx.com:ip:clk_wiz:6.0-1] /clk_wiz_0 clk_wiz propagate
Wrote  : <C:\code\RFC-8439-fpga-implementation\AES-Cam-on-PYNQ-Z2-main\AES-Cam-on-PYNQ-Z2-main\AES_SYS\AES_SYS.srcs\sources_1\bd\AES_SYS\AES_SYS.bd> 
WARNING: [BD 41-2384] Width mismatch when connecting pin: '/axi_mem_intercon/m00_couplers/auto_pc/m_axi_rid'(1) to pin: '/axi_mem_intercon/m00_couplers/M_AXI_rid'(6) - Only lower order bits will be connected.
WARNING: [BD 41-2384] Width mismatch when connecting pin: '/axi_mem_intercon/m00_couplers/auto_pc/m_axi_bid'(1) to pin: '/axi_mem_intercon/m00_couplers/M_AXI_bid'(6) - Only lower order bits will be connected.
WARNING: [BD 41-2384] Width mismatch when connecting pin: '/axi_bram_ctrl_0_bram/addra'(32) to pin: '/axi_bram_ctrl_0/bram_addr_a'(18) - Only lower order bits will be connected.
WARNING: [BD 41-2384] Width mismatch when connecting pin: '/axi_bram_ctrl_0_bram1/addra'(32) to pin: '/axi_bram_ctrl_1/bram_addr_a'(18) - Only lower order bits will be connected.
WARNING: [BD 41-2384] Width mismatch when connecting pin: '/processing_system7_0/S_AXI_HP0_AWID'(6) to pin: '/axi_mem_intercon/M00_AXI_awid'(1) - Only lower order bits will be connected.
WARNING: [BD 41-2384] Width mismatch when connecting pin: '/processing_system7_0/S_AXI_HP0_ARID'(6) to pin: '/axi_mem_intercon/M00_AXI_arid'(1) - Only lower order bits will be connected.
WARNING: [BD 41-2384] Width mismatch when connecting pin: '/processing_system7_0/S_AXI_HP0_WID'(6) to pin: '/axi_mem_intercon/M00_AXI_wid'(1) - Only lower order bits will be connected.
Verilog Output written to : c:/code/RFC-8439-fpga-implementation/AES-Cam-on-PYNQ-Z2-main/AES-Cam-on-PYNQ-Z2-main/AES_SYS/AES_SYS.gen/sources_1/bd/AES_SYS/synth/AES_SYS.v
WARNING: [BD 41-2384] Width mismatch when connecting pin: '/axi_mem_intercon/m00_couplers/auto_pc/m_axi_rid'(1) to pin: '/axi_mem_intercon/m00_couplers/M_AXI_rid'(6) - Only lower order bits will be connected.
WARNING: [BD 41-2384] Width mismatch when connecting pin: '/axi_mem_intercon/m00_couplers/auto_pc/m_axi_bid'(1) to pin: '/axi_mem_intercon/m00_couplers/M_AXI_bid'(6) - Only lower order bits will be connected.
WARNING: [BD 41-2384] Width mismatch when connecting pin: '/axi_bram_ctrl_0_bram/addra'(32) to pin: '/axi_bram_ctrl_0/bram_addr_a'(18) - Only lower order bits will be connected.
WARNING: [BD 41-2384] Width mismatch when connecting pin: '/axi_bram_ctrl_0_bram1/addra'(32) to pin: '/axi_bram_ctrl_1/bram_addr_a'(18) - Only lower order bits will be connected.
WARNING: [BD 41-2384] Width mismatch when connecting pin: '/processing_system7_0/S_AXI_HP0_AWID'(6) to pin: '/axi_mem_intercon/M00_AXI_awid'(1) - Only lower order bits will be connected.
WARNING: [BD 41-2384] Width mismatch when connecting pin: '/processing_system7_0/S_AXI_HP0_ARID'(6) to pin: '/axi_mem_intercon/M00_AXI_arid'(1) - Only lower order bits will be connected.
WARNING: [BD 41-2384] Width mismatch when connecting pin: '/processing_system7_0/S_AXI_HP0_WID'(6) to pin: '/axi_mem_intercon/M00_AXI_wid'(1) - Only lower order bits will be connected.
Verilog Output written to : c:/code/RFC-8439-fpga-implementation/AES-Cam-on-PYNQ-Z2-main/AES-Cam-on-PYNQ-Z2-main/AES_SYS/AES_SYS.gen/sources_1/bd/AES_SYS/sim/AES_SYS.v
Verilog Output written to : c:/code/RFC-8439-fpga-implementation/AES-Cam-on-PYNQ-Z2-main/AES-Cam-on-PYNQ-Z2-main/AES_SYS/AES_SYS.gen/sources_1/bd/AES_SYS/hdl/AES_SYS_wrapper.v
WARNING: [IP_Flow 19-4994] Overwriting existing constraint file 'c:/code/RFC-8439-fpga-implementation/AES-Cam-on-PYNQ-Z2-main/AES-Cam-on-PYNQ-Z2-main/AES_SYS/AES_SYS.gen/sources_1/bd/AES_SYS/ip/AES_SYS_auto_pc_11/AES_SYS_auto_pc_11_ooc.xdc'
INFO: [BD 41-1029] Generation completed for the IP Integrator block ps7_0_axi_periph/s00_couplers/auto_pc .
WARNING: [IP_Flow 19-4994] Overwriting existing constraint file 'c:/code/RFC-8439-fpga-implementation/AES-Cam-on-PYNQ-Z2-main/AES-Cam-on-PYNQ-Z2-main/AES_SYS/AES_SYS.gen/sources_1/bd/AES_SYS/ip/AES_SYS_auto_pc_0/AES_SYS_auto_pc_0_ooc.xdc'
INFO: [BD 41-1029] Generation completed for the IP Integrator block ps7_0_axi_periph/m00_couplers/auto_pc .
WARNING: [IP_Flow 19-4994] Overwriting existing constraint file 'c:/code/RFC-8439-fpga-implementation/AES-Cam-on-PYNQ-Z2-main/AES-Cam-on-PYNQ-Z2-main/AES_SYS/AES_SYS.gen/sources_1/bd/AES_SYS/ip/AES_SYS_auto_pc_1/AES_SYS_auto_pc_1_ooc.xdc'
INFO: [BD 41-1029] Generation completed for the IP Integrator block ps7_0_axi_periph/m01_couplers/auto_pc .
WARNING: [IP_Flow 19-4994] Overwriting existing constraint file 'c:/code/RFC-8439-fpga-implementation/AES-Cam-on-PYNQ-Z2-main/AES-Cam-on-PYNQ-Z2-main/AES_SYS/AES_SYS.gen/sources_1/bd/AES_SYS/ip/AES_SYS_auto_pc_2/AES_SYS_auto_pc_2_ooc.xdc'
INFO: [BD 41-1029] Generation completed for the IP Integrator block ps7_0_axi_periph/m02_couplers/auto_pc .
WARNING: [IP_Flow 19-4994] Overwriting existing constraint file 'c:/code/RFC-8439-fpga-implementation/AES-Cam-on-PYNQ-Z2-main/AES-Cam-on-PYNQ-Z2-main/AES_SYS/AES_SYS.gen/sources_1/bd/AES_SYS/ip/AES_SYS_auto_pc_3/AES_SYS_auto_pc_3_ooc.xdc'
INFO: [BD 41-1029] Generation completed for the IP Integrator block ps7_0_axi_periph/m03_couplers/auto_pc .
WARNING: [IP_Flow 19-4994] Overwriting existing constraint file 'c:/code/RFC-8439-fpga-implementation/AES-Cam-on-PYNQ-Z2-main/AES-Cam-on-PYNQ-Z2-main/AES_SYS/AES_SYS.gen/sources_1/bd/AES_SYS/ip/AES_SYS_auto_pc_4/AES_SYS_auto_pc_4_ooc.xdc'
INFO: [BD 41-1029] Generation completed for the IP Integrator block ps7_0_axi_periph/m04_couplers/auto_pc .
WARNING: [IP_Flow 19-4994] Overwriting existing constraint file 'c:/code/RFC-8439-fpga-implementation/AES-Cam-on-PYNQ-Z2-main/AES-Cam-on-PYNQ-Z2-main/AES_SYS/AES_SYS.gen/sources_1/bd/AES_SYS/ip/AES_SYS_auto_pc_5/AES_SYS_auto_pc_5_ooc.xdc'
INFO: [BD 41-1029] Generation completed for the IP Integrator block ps7_0_axi_periph/m05_couplers/auto_pc .
WARNING: [IP_Flow 19-4994] Overwriting existing constraint file 'c:/code/RFC-8439-fpga-implementation/AES-Cam-on-PYNQ-Z2-main/AES-Cam-on-PYNQ-Z2-main/AES_SYS/AES_SYS.gen/sources_1/bd/AES_SYS/ip/AES_SYS_auto_pc_6/AES_SYS_auto_pc_6_ooc.xdc'
INFO: [BD 41-1029] Generation completed for the IP Integrator block ps7_0_axi_periph/m06_couplers/auto_pc .
WARNING: [IP_Flow 19-4994] Overwriting existing constraint file 'c:/code/RFC-8439-fpga-implementation/AES-Cam-on-PYNQ-Z2-main/AES-Cam-on-PYNQ-Z2-main/AES_SYS/AES_SYS.gen/sources_1/bd/AES_SYS/ip/AES_SYS_auto_pc_7/AES_SYS_auto_pc_7_ooc.xdc'
INFO: [BD 41-1029] Generation completed for the IP Integrator block ps7_0_axi_periph/m08_couplers/auto_pc .
WARNING: [IP_Flow 19-4994] Overwriting existing constraint file 'c:/code/RFC-8439-fpga-implementation/AES-Cam-on-PYNQ-Z2-main/AES-Cam-on-PYNQ-Z2-main/AES_SYS/AES_SYS.gen/sources_1/bd/AES_SYS/ip/AES_SYS_auto_pc_8/AES_SYS_auto_pc_8_ooc.xdc'
INFO: [BD 41-1029] Generation completed for the IP Integrator block ps7_0_axi_periph/m09_couplers/auto_pc .
WARNING: [IP_Flow 19-4994] Overwriting existing constraint file 'c:/code/RFC-8439-fpga-implementation/AES-Cam-on-PYNQ-Z2-main/AES-Cam-on-PYNQ-Z2-main/AES_SYS/AES_SYS.gen/sources_1/bd/AES_SYS/ip/AES_SYS_auto_pc_9/AES_SYS_auto_pc_9_ooc.xdc'
INFO: [BD 41-1029] Generation completed for the IP Integrator block ps7_0_axi_periph/m11_couplers/auto_pc .
WARNING: [IP_Flow 19-4994] Overwriting existing constraint file 'c:/code/RFC-8439-fpga-implementation/AES-Cam-on-PYNQ-Z2-main/AES-Cam-on-PYNQ-Z2-main/AES_SYS/AES_SYS.gen/sources_1/bd/AES_SYS/ip/AES_SYS_auto_pc_10/AES_SYS_auto_pc_10_ooc.xdc'
INFO: [BD 41-1029] Generation completed for the IP Integrator block ps7_0_axi_periph/m13_couplers/auto_pc .
WARNING: [IP_Flow 19-4994] Overwriting existing constraint file 'c:/code/RFC-8439-fpga-implementation/AES-Cam-on-PYNQ-Z2-main/AES-Cam-on-PYNQ-Z2-main/AES_SYS/AES_SYS.gen/sources_1/bd/AES_SYS/ip/AES_SYS_auto_pc_12/AES_SYS_auto_pc_12_ooc.xdc'
INFO: [BD 41-1029] Generation completed for the IP Integrator block axi_mem_intercon/m00_couplers/auto_pc .
WARNING: [IP_Flow 19-4994] Overwriting existing constraint file 'c:/code/RFC-8439-fpga-implementation/AES-Cam-on-PYNQ-Z2-main/AES-Cam-on-PYNQ-Z2-main/AES_SYS/AES_SYS.gen/sources_1/bd/AES_SYS/ip/AES_SYS_auto_us_0/AES_SYS_auto_us_0_ooc.xdc'
INFO: [IP_Flow 19-5611] Unable to find an associated reset port for the interface 'S_AXI'. A default connection has been created.
INFO: [IP_Flow 19-5611] Unable to find an associated reset port for the interface 'M_AXI'. A default connection has been created.
INFO: [BD 41-1029] Generation completed for the IP Integrator block axi_mem_intercon_1/s00_couplers/auto_us .
WARNING: [IP_Flow 19-4994] Overwriting existing constraint file 'c:/code/RFC-8439-fpga-implementation/AES-Cam-on-PYNQ-Z2-main/AES-Cam-on-PYNQ-Z2-main/AES_SYS/AES_SYS.gen/sources_1/bd/AES_SYS/ip/AES_SYS_auto_pc_13/AES_SYS_auto_pc_13_ooc.xdc'
INFO: [BD 41-1029] Generation completed for the IP Integrator block axi_mem_intercon_1/m00_couplers/auto_pc .
WARNING: [IP_Flow 19-4994] Overwriting existing constraint file 'c:/code/RFC-8439-fpga-implementation/AES-Cam-on-PYNQ-Z2-main/AES-Cam-on-PYNQ-Z2-main/AES_SYS/AES_SYS.gen/sources_1/bd/AES_SYS/ip/AES_SYS_auto_ds_0/AES_SYS_auto_ds_0_ooc.xdc'
INFO: [IP_Flow 19-5611] Unable to find an associated reset port for the interface 'S_AXI'. A default connection has been created.
INFO: [IP_Flow 19-5611] Unable to find an associated reset port for the interface 'M_AXI'. A default connection has been created.
INFO: [BD 41-1029] Generation completed for the IP Integrator block axi_mem_intercon_1/m01_couplers/auto_ds .
WARNING: [IP_Flow 19-4994] Overwriting existing constraint file 'c:/code/RFC-8439-fpga-implementation/AES-Cam-on-PYNQ-Z2-main/AES-Cam-on-PYNQ-Z2-main/AES_SYS/AES_SYS.gen/sources_1/bd/AES_SYS/ip/AES_SYS_auto_ds_1/AES_SYS_auto_ds_1_ooc.xdc'
INFO: [IP_Flow 19-5611] Unable to find an associated reset port for the interface 'S_AXI'. A default connection has been created.
INFO: [IP_Flow 19-5611] Unable to find an associated reset port for the interface 'M_AXI'. A default connection has been created.
INFO: [BD 41-1029] Generation completed for the IP Integrator block axi_mem_intercon_1/m02_couplers/auto_ds .
Exporting to file c:/code/RFC-8439-fpga-implementation/AES-Cam-on-PYNQ-Z2-main/AES-Cam-on-PYNQ-Z2-main/AES_SYS/AES_SYS.gen/sources_1/bd/AES_SYS/hw_handoff/AES_SYS.hwh
Generated Hardware Definition File c:/code/RFC-8439-fpga-implementation/AES-Cam-on-PYNQ-Z2-main/AES-Cam-on-PYNQ-Z2-main/AES_SYS/AES_SYS.gen/sources_1/bd/AES_SYS/synth/AES_SYS.hwdef
generate_target: Time (s): cpu = 00:00:37 ; elapsed = 00:00:38 . Memory (MB): peak = 4134.785 ; gain = 9.137
catch { config_ip_cache -export [get_ips -all AES_SYS_auto_pc_11] }
INFO: [IP_Flow 19-6924] IPCACHE: Running cache check for IP inst: AES_SYS_auto_pc_11
INFO: [IP_Flow 19-6922] IPCACHE: Exporting cached entry e640ebf91d268473 to dir: c:/code/RFC-8439-fpga-implementation/AES-Cam-on-PYNQ-Z2-main/AES-Cam-on-PYNQ-Z2-main/AES_SYS/AES_SYS.gen/sources_1/bd/AES_SYS/ip/AES_SYS_auto_pc_11
INFO: [IP_Flow 19-6928] IPCACHE: copied cached file c:/code/RFC-8439-fpga-implementation/AES-Cam-on-PYNQ-Z2-main/AES-Cam-on-PYNQ-Z2-main/AES_SYS/AES_SYS.cache/ip/2023.2/e/6/e640ebf91d268473/AES_SYS_auto_pc_11.dcp to c:/code/RFC-8439-fpga-implementation/AES-Cam-on-PYNQ-Z2-main/AES-Cam-on-PYNQ-Z2-main/AES_SYS/AES_SYS.gen/sources_1/bd/AES_SYS/ip/AES_SYS_auto_pc_11/AES_SYS_auto_pc_11.dcp.
INFO: [IP_Flow 19-6926] IPCACHE: added file to list for BOM: c:/code/RFC-8439-fpga-implementation/AES-Cam-on-PYNQ-Z2-main/AES-Cam-on-PYNQ-Z2-main/AES_SYS/AES_SYS.gen/sources_1/bd/AES_SYS/ip/AES_SYS_auto_pc_11/AES_SYS_auto_pc_11.dcp
INFO: [IP_Flow 19-6928] IPCACHE: copied cached file c:/code/RFC-8439-fpga-implementation/AES-Cam-on-PYNQ-Z2-main/AES-Cam-on-PYNQ-Z2-main/AES_SYS/AES_SYS.cache/ip/2023.2/e/6/e640ebf91d268473/AES_SYS_auto_pc_11_sim_netlist.v to c:/code/RFC-8439-fpga-implementation/AES-Cam-on-PYNQ-Z2-main/AES-Cam-on-PYNQ-Z2-main/AES_SYS/AES_SYS.gen/sources_1/bd/AES_SYS/ip/AES_SYS_auto_pc_11/AES_SYS_auto_pc_11_sim_netlist.v.
INFO: [IP_Flow 19-6926] IPCACHE: added file to list for BOM: c:/code/RFC-8439-fpga-implementation/AES-Cam-on-PYNQ-Z2-main/AES-Cam-on-PYNQ-Z2-main/AES_SYS/AES_SYS.gen/sources_1/bd/AES_SYS/ip/AES_SYS_auto_pc_11/AES_SYS_auto_pc_11_sim_netlist.v
INFO: [IP_Flow 19-6928] IPCACHE: copied cached file c:/code/RFC-8439-fpga-implementation/AES-Cam-on-PYNQ-Z2-main/AES-Cam-on-PYNQ-Z2-main/AES_SYS/AES_SYS.cache/ip/2023.2/e/6/e640ebf91d268473/AES_SYS_auto_pc_11_sim_netlist.vhdl to c:/code/RFC-8439-fpga-implementation/AES-Cam-on-PYNQ-Z2-main/AES-Cam-on-PYNQ-Z2-main/AES_SYS/AES_SYS.gen/sources_1/bd/AES_SYS/ip/AES_SYS_auto_pc_11/AES_SYS_auto_pc_11_sim_netlist.vhdl.
INFO: [IP_Flow 19-6926] IPCACHE: added file to list for BOM: c:/code/RFC-8439-fpga-implementation/AES-Cam-on-PYNQ-Z2-main/AES-Cam-on-PYNQ-Z2-main/AES_SYS/AES_SYS.gen/sources_1/bd/AES_SYS/ip/AES_SYS_auto_pc_11/AES_SYS_auto_pc_11_sim_netlist.vhdl
INFO: [IP_Flow 19-6928] IPCACHE: copied cached file c:/code/RFC-8439-fpga-implementation/AES-Cam-on-PYNQ-Z2-main/AES-Cam-on-PYNQ-Z2-main/AES_SYS/AES_SYS.cache/ip/2023.2/e/6/e640ebf91d268473/AES_SYS_auto_pc_11_stub.v to c:/code/RFC-8439-fpga-implementation/AES-Cam-on-PYNQ-Z2-main/AES-Cam-on-PYNQ-Z2-main/AES_SYS/AES_SYS.gen/sources_1/bd/AES_SYS/ip/AES_SYS_auto_pc_11/AES_SYS_auto_pc_11_stub.v.
INFO: [IP_Flow 19-6926] IPCACHE: added file to list for BOM: c:/code/RFC-8439-fpga-implementation/AES-Cam-on-PYNQ-Z2-main/AES-Cam-on-PYNQ-Z2-main/AES_SYS/AES_SYS.gen/sources_1/bd/AES_SYS/ip/AES_SYS_auto_pc_11/AES_SYS_auto_pc_11_stub.v
INFO: [IP_Flow 19-6928] IPCACHE: copied cached file c:/code/RFC-8439-fpga-implementation/AES-Cam-on-PYNQ-Z2-main/AES-Cam-on-PYNQ-Z2-main/AES_SYS/AES_SYS.cache/ip/2023.2/e/6/e640ebf91d268473/AES_SYS_auto_pc_11_stub.vhdl to c:/code/RFC-8439-fpga-implementation/AES-Cam-on-PYNQ-Z2-main/AES-Cam-on-PYNQ-Z2-main/AES_SYS/AES_SYS.gen/sources_1/bd/AES_SYS/ip/AES_SYS_auto_pc_11/AES_SYS_auto_pc_11_stub.vhdl.
INFO: [IP_Flow 19-6926] IPCACHE: added file to list for BOM: c:/code/RFC-8439-fpga-implementation/AES-Cam-on-PYNQ-Z2-main/AES-Cam-on-PYNQ-Z2-main/AES_SYS/AES_SYS.gen/sources_1/bd/AES_SYS/ip/AES_SYS_auto_pc_11/AES_SYS_auto_pc_11_stub.vhdl
INFO: [IP_Flow 19-4993] Using cached IP synthesis design for IP AES_SYS_auto_pc_11, cache-ID = e640ebf91d268473; cache size = 170.562 MB.
catch { config_ip_cache -export [get_ips -all AES_SYS_auto_pc_0] }
INFO: [IP_Flow 19-6924] IPCACHE: Running cache check for IP inst: AES_SYS_auto_pc_0
INFO: [IP_Flow 19-6922] IPCACHE: Exporting cached entry 3bc72d579e6ad5e4 to dir: c:/code/RFC-8439-fpga-implementation/AES-Cam-on-PYNQ-Z2-main/AES-Cam-on-PYNQ-Z2-main/AES_SYS/AES_SYS.gen/sources_1/bd/AES_SYS/ip/AES_SYS_auto_pc_0
INFO: [IP_Flow 19-6928] IPCACHE: copied cached file c:/code/RFC-8439-fpga-implementation/AES-Cam-on-PYNQ-Z2-main/AES-Cam-on-PYNQ-Z2-main/AES_SYS/AES_SYS.cache/ip/2023.2/3/b/3bc72d579e6ad5e4/AES_SYS_auto_pc_0.dcp to c:/code/RFC-8439-fpga-implementation/AES-Cam-on-PYNQ-Z2-main/AES-Cam-on-PYNQ-Z2-main/AES_SYS/AES_SYS.gen/sources_1/bd/AES_SYS/ip/AES_SYS_auto_pc_0/AES_SYS_auto_pc_0.dcp.
INFO: [IP_Flow 19-6926] IPCACHE: added file to list for BOM: c:/code/RFC-8439-fpga-implementation/AES-Cam-on-PYNQ-Z2-main/AES-Cam-on-PYNQ-Z2-main/AES_SYS/AES_SYS.gen/sources_1/bd/AES_SYS/ip/AES_SYS_auto_pc_0/AES_SYS_auto_pc_0.dcp
INFO: [IP_Flow 19-6928] IPCACHE: copied cached file c:/code/RFC-8439-fpga-implementation/AES-Cam-on-PYNQ-Z2-main/AES-Cam-on-PYNQ-Z2-main/AES_SYS/AES_SYS.cache/ip/2023.2/3/b/3bc72d579e6ad5e4/AES_SYS_auto_pc_0_sim_netlist.v to c:/code/RFC-8439-fpga-implementation/AES-Cam-on-PYNQ-Z2-main/AES-Cam-on-PYNQ-Z2-main/AES_SYS/AES_SYS.gen/sources_1/bd/AES_SYS/ip/AES_SYS_auto_pc_0/AES_SYS_auto_pc_0_sim_netlist.v.
INFO: [IP_Flow 19-6926] IPCACHE: added file to list for BOM: c:/code/RFC-8439-fpga-implementation/AES-Cam-on-PYNQ-Z2-main/AES-Cam-on-PYNQ-Z2-main/AES_SYS/AES_SYS.gen/sources_1/bd/AES_SYS/ip/AES_SYS_auto_pc_0/AES_SYS_auto_pc_0_sim_netlist.v
INFO: [IP_Flow 19-6928] IPCACHE: copied cached file c:/code/RFC-8439-fpga-implementation/AES-Cam-on-PYNQ-Z2-main/AES-Cam-on-PYNQ-Z2-main/AES_SYS/AES_SYS.cache/ip/2023.2/3/b/3bc72d579e6ad5e4/AES_SYS_auto_pc_0_sim_netlist.vhdl to c:/code/RFC-8439-fpga-implementation/AES-Cam-on-PYNQ-Z2-main/AES-Cam-on-PYNQ-Z2-main/AES_SYS/AES_SYS.gen/sources_1/bd/AES_SYS/ip/AES_SYS_auto_pc_0/AES_SYS_auto_pc_0_sim_netlist.vhdl.
INFO: [IP_Flow 19-6926] IPCACHE: added file to list for BOM: c:/code/RFC-8439-fpga-implementation/AES-Cam-on-PYNQ-Z2-main/AES-Cam-on-PYNQ-Z2-main/AES_SYS/AES_SYS.gen/sources_1/bd/AES_SYS/ip/AES_SYS_auto_pc_0/AES_SYS_auto_pc_0_sim_netlist.vhdl
INFO: [IP_Flow 19-6928] IPCACHE: copied cached file c:/code/RFC-8439-fpga-implementation/AES-Cam-on-PYNQ-Z2-main/AES-Cam-on-PYNQ-Z2-main/AES_SYS/AES_SYS.cache/ip/2023.2/3/b/3bc72d579e6ad5e4/AES_SYS_auto_pc_0_stub.v to c:/code/RFC-8439-fpga-implementation/AES-Cam-on-PYNQ-Z2-main/AES-Cam-on-PYNQ-Z2-main/AES_SYS/AES_SYS.gen/sources_1/bd/AES_SYS/ip/AES_SYS_auto_pc_0/AES_SYS_auto_pc_0_stub.v.
INFO: [IP_Flow 19-6926] IPCACHE: added file to list for BOM: c:/code/RFC-8439-fpga-implementation/AES-Cam-on-PYNQ-Z2-main/AES-Cam-on-PYNQ-Z2-main/AES_SYS/AES_SYS.gen/sources_1/bd/AES_SYS/ip/AES_SYS_auto_pc_0/AES_SYS_auto_pc_0_stub.v
INFO: [IP_Flow 19-6928] IPCACHE: copied cached file c:/code/RFC-8439-fpga-implementation/AES-Cam-on-PYNQ-Z2-main/AES-Cam-on-PYNQ-Z2-main/AES_SYS/AES_SYS.cache/ip/2023.2/3/b/3bc72d579e6ad5e4/AES_SYS_auto_pc_0_stub.vhdl to c:/code/RFC-8439-fpga-implementation/AES-Cam-on-PYNQ-Z2-main/AES-Cam-on-PYNQ-Z2-main/AES_SYS/AES_SYS.gen/sources_1/bd/AES_SYS/ip/AES_SYS_auto_pc_0/AES_SYS_auto_pc_0_stub.vhdl.
INFO: [IP_Flow 19-6926] IPCACHE: added file to list for BOM: c:/code/RFC-8439-fpga-implementation/AES-Cam-on-PYNQ-Z2-main/AES-Cam-on-PYNQ-Z2-main/AES_SYS/AES_SYS.gen/sources_1/bd/AES_SYS/ip/AES_SYS_auto_pc_0/AES_SYS_auto_pc_0_stub.vhdl
INFO: [IP_Flow 19-4993] Using cached IP synthesis design for IP AES_SYS_auto_pc_0, cache-ID = 3bc72d579e6ad5e4; cache size = 170.562 MB.
catch { config_ip_cache -export [get_ips -all AES_SYS_auto_pc_1] }
INFO: [IP_Flow 19-6924] IPCACHE: Running cache check for IP inst: AES_SYS_auto_pc_1
INFO: [IP_Flow 19-6922] IPCACHE: Exporting cached entry 3bc72d579e6ad5e4 to dir: c:/code/RFC-8439-fpga-implementation/AES-Cam-on-PYNQ-Z2-main/AES-Cam-on-PYNQ-Z2-main/AES_SYS/AES_SYS.gen/sources_1/bd/AES_SYS/ip/AES_SYS_auto_pc_1
INFO: [IP_Flow 19-6928] IPCACHE: copied cached file c:/code/RFC-8439-fpga-implementation/AES-Cam-on-PYNQ-Z2-main/AES-Cam-on-PYNQ-Z2-main/AES_SYS/AES_SYS.cache/ip/2023.2/3/b/3bc72d579e6ad5e4/AES_SYS_auto_pc_0.dcp to c:/code/RFC-8439-fpga-implementation/AES-Cam-on-PYNQ-Z2-main/AES-Cam-on-PYNQ-Z2-main/AES_SYS/AES_SYS.gen/sources_1/bd/AES_SYS/ip/AES_SYS_auto_pc_1/AES_SYS_auto_pc_1.dcp.
INFO: [IP_Flow 19-6926] IPCACHE: added file to list for BOM: c:/code/RFC-8439-fpga-implementation/AES-Cam-on-PYNQ-Z2-main/AES-Cam-on-PYNQ-Z2-main/AES_SYS/AES_SYS.gen/sources_1/bd/AES_SYS/ip/AES_SYS_auto_pc_1/AES_SYS_auto_pc_1.dcp
INFO: [IP_Flow 19-6928] IPCACHE: copied cached file c:/code/RFC-8439-fpga-implementation/AES-Cam-on-PYNQ-Z2-main/AES-Cam-on-PYNQ-Z2-main/AES_SYS/AES_SYS.cache/ip/2023.2/3/b/3bc72d579e6ad5e4/AES_SYS_auto_pc_0_sim_netlist.v to c:/code/RFC-8439-fpga-implementation/AES-Cam-on-PYNQ-Z2-main/AES-Cam-on-PYNQ-Z2-main/AES_SYS/AES_SYS.gen/sources_1/bd/AES_SYS/ip/AES_SYS_auto_pc_1/AES_SYS_auto_pc_1_sim_netlist.v.
INFO: [IP_Flow 19-6926] IPCACHE: added file to list for BOM: c:/code/RFC-8439-fpga-implementation/AES-Cam-on-PYNQ-Z2-main/AES-Cam-on-PYNQ-Z2-main/AES_SYS/AES_SYS.gen/sources_1/bd/AES_SYS/ip/AES_SYS_auto_pc_1/AES_SYS_auto_pc_1_sim_netlist.v
INFO: [IP_Flow 19-6928] IPCACHE: copied cached file c:/code/RFC-8439-fpga-implementation/AES-Cam-on-PYNQ-Z2-main/AES-Cam-on-PYNQ-Z2-main/AES_SYS/AES_SYS.cache/ip/2023.2/3/b/3bc72d579e6ad5e4/AES_SYS_auto_pc_0_sim_netlist.vhdl to c:/code/RFC-8439-fpga-implementation/AES-Cam-on-PYNQ-Z2-main/AES-Cam-on-PYNQ-Z2-main/AES_SYS/AES_SYS.gen/sources_1/bd/AES_SYS/ip/AES_SYS_auto_pc_1/AES_SYS_auto_pc_1_sim_netlist.vhdl.
INFO: [IP_Flow 19-6926] IPCACHE: added file to list for BOM: c:/code/RFC-8439-fpga-implementation/AES-Cam-on-PYNQ-Z2-main/AES-Cam-on-PYNQ-Z2-main/AES_SYS/AES_SYS.gen/sources_1/bd/AES_SYS/ip/AES_SYS_auto_pc_1/AES_SYS_auto_pc_1_sim_netlist.vhdl
INFO: [IP_Flow 19-6928] IPCACHE: copied cached file c:/code/RFC-8439-fpga-implementation/AES-Cam-on-PYNQ-Z2-main/AES-Cam-on-PYNQ-Z2-main/AES_SYS/AES_SYS.cache/ip/2023.2/3/b/3bc72d579e6ad5e4/AES_SYS_auto_pc_0_stub.v to c:/code/RFC-8439-fpga-implementation/AES-Cam-on-PYNQ-Z2-main/AES-Cam-on-PYNQ-Z2-main/AES_SYS/AES_SYS.gen/sources_1/bd/AES_SYS/ip/AES_SYS_auto_pc_1/AES_SYS_auto_pc_1_stub.v.
INFO: [IP_Flow 19-6926] IPCACHE: added file to list for BOM: c:/code/RFC-8439-fpga-implementation/AES-Cam-on-PYNQ-Z2-main/AES-Cam-on-PYNQ-Z2-main/AES_SYS/AES_SYS.gen/sources_1/bd/AES_SYS/ip/AES_SYS_auto_pc_1/AES_SYS_auto_pc_1_stub.v
INFO: [IP_Flow 19-6928] IPCACHE: copied cached file c:/code/RFC-8439-fpga-implementation/AES-Cam-on-PYNQ-Z2-main/AES-Cam-on-PYNQ-Z2-main/AES_SYS/AES_SYS.cache/ip/2023.2/3/b/3bc72d579e6ad5e4/AES_SYS_auto_pc_0_stub.vhdl to c:/code/RFC-8439-fpga-implementation/AES-Cam-on-PYNQ-Z2-main/AES-Cam-on-PYNQ-Z2-main/AES_SYS/AES_SYS.gen/sources_1/bd/AES_SYS/ip/AES_SYS_auto_pc_1/AES_SYS_auto_pc_1_stub.vhdl.
INFO: [IP_Flow 19-6926] IPCACHE: added file to list for BOM: c:/code/RFC-8439-fpga-implementation/AES-Cam-on-PYNQ-Z2-main/AES-Cam-on-PYNQ-Z2-main/AES_SYS/AES_SYS.gen/sources_1/bd/AES_SYS/ip/AES_SYS_auto_pc_1/AES_SYS_auto_pc_1_stub.vhdl
INFO: [IP_Flow 19-4993] Using cached IP synthesis design for IP AES_SYS_auto_pc_1, cache-ID = 3bc72d579e6ad5e4; cache size = 170.562 MB.
catch { config_ip_cache -export [get_ips -all AES_SYS_auto_pc_2] }
INFO: [IP_Flow 19-6924] IPCACHE: Running cache check for IP inst: AES_SYS_auto_pc_2
INFO: [IP_Flow 19-6922] IPCACHE: Exporting cached entry 3bc72d579e6ad5e4 to dir: c:/code/RFC-8439-fpga-implementation/AES-Cam-on-PYNQ-Z2-main/AES-Cam-on-PYNQ-Z2-main/AES_SYS/AES_SYS.gen/sources_1/bd/AES_SYS/ip/AES_SYS_auto_pc_2
INFO: [IP_Flow 19-6928] IPCACHE: copied cached file c:/code/RFC-8439-fpga-implementation/AES-Cam-on-PYNQ-Z2-main/AES-Cam-on-PYNQ-Z2-main/AES_SYS/AES_SYS.cache/ip/2023.2/3/b/3bc72d579e6ad5e4/AES_SYS_auto_pc_0.dcp to c:/code/RFC-8439-fpga-implementation/AES-Cam-on-PYNQ-Z2-main/AES-Cam-on-PYNQ-Z2-main/AES_SYS/AES_SYS.gen/sources_1/bd/AES_SYS/ip/AES_SYS_auto_pc_2/AES_SYS_auto_pc_2.dcp.
INFO: [IP_Flow 19-6926] IPCACHE: added file to list for BOM: c:/code/RFC-8439-fpga-implementation/AES-Cam-on-PYNQ-Z2-main/AES-Cam-on-PYNQ-Z2-main/AES_SYS/AES_SYS.gen/sources_1/bd/AES_SYS/ip/AES_SYS_auto_pc_2/AES_SYS_auto_pc_2.dcp
INFO: [IP_Flow 19-6928] IPCACHE: copied cached file c:/code/RFC-8439-fpga-implementation/AES-Cam-on-PYNQ-Z2-main/AES-Cam-on-PYNQ-Z2-main/AES_SYS/AES_SYS.cache/ip/2023.2/3/b/3bc72d579e6ad5e4/AES_SYS_auto_pc_0_sim_netlist.v to c:/code/RFC-8439-fpga-implementation/AES-Cam-on-PYNQ-Z2-main/AES-Cam-on-PYNQ-Z2-main/AES_SYS/AES_SYS.gen/sources_1/bd/AES_SYS/ip/AES_SYS_auto_pc_2/AES_SYS_auto_pc_2_sim_netlist.v.
INFO: [IP_Flow 19-6926] IPCACHE: added file to list for BOM: c:/code/RFC-8439-fpga-implementation/AES-Cam-on-PYNQ-Z2-main/AES-Cam-on-PYNQ-Z2-main/AES_SYS/AES_SYS.gen/sources_1/bd/AES_SYS/ip/AES_SYS_auto_pc_2/AES_SYS_auto_pc_2_sim_netlist.v
INFO: [IP_Flow 19-6928] IPCACHE: copied cached file c:/code/RFC-8439-fpga-implementation/AES-Cam-on-PYNQ-Z2-main/AES-Cam-on-PYNQ-Z2-main/AES_SYS/AES_SYS.cache/ip/2023.2/3/b/3bc72d579e6ad5e4/AES_SYS_auto_pc_0_sim_netlist.vhdl to c:/code/RFC-8439-fpga-implementation/AES-Cam-on-PYNQ-Z2-main/AES-Cam-on-PYNQ-Z2-main/AES_SYS/AES_SYS.gen/sources_1/bd/AES_SYS/ip/AES_SYS_auto_pc_2/AES_SYS_auto_pc_2_sim_netlist.vhdl.
INFO: [IP_Flow 19-6926] IPCACHE: added file to list for BOM: c:/code/RFC-8439-fpga-implementation/AES-Cam-on-PYNQ-Z2-main/AES-Cam-on-PYNQ-Z2-main/AES_SYS/AES_SYS.gen/sources_1/bd/AES_SYS/ip/AES_SYS_auto_pc_2/AES_SYS_auto_pc_2_sim_netlist.vhdl
INFO: [IP_Flow 19-6928] IPCACHE: copied cached file c:/code/RFC-8439-fpga-implementation/AES-Cam-on-PYNQ-Z2-main/AES-Cam-on-PYNQ-Z2-main/AES_SYS/AES_SYS.cache/ip/2023.2/3/b/3bc72d579e6ad5e4/AES_SYS_auto_pc_0_stub.v to c:/code/RFC-8439-fpga-implementation/AES-Cam-on-PYNQ-Z2-main/AES-Cam-on-PYNQ-Z2-main/AES_SYS/AES_SYS.gen/sources_1/bd/AES_SYS/ip/AES_SYS_auto_pc_2/AES_SYS_auto_pc_2_stub.v.
INFO: [IP_Flow 19-6926] IPCACHE: added file to list for BOM: c:/code/RFC-8439-fpga-implementation/AES-Cam-on-PYNQ-Z2-main/AES-Cam-on-PYNQ-Z2-main/AES_SYS/AES_SYS.gen/sources_1/bd/AES_SYS/ip/AES_SYS_auto_pc_2/AES_SYS_auto_pc_2_stub.v
INFO: [IP_Flow 19-6928] IPCACHE: copied cached file c:/code/RFC-8439-fpga-implementation/AES-Cam-on-PYNQ-Z2-main/AES-Cam-on-PYNQ-Z2-main/AES_SYS/AES_SYS.cache/ip/2023.2/3/b/3bc72d579e6ad5e4/AES_SYS_auto_pc_0_stub.vhdl to c:/code/RFC-8439-fpga-implementation/AES-Cam-on-PYNQ-Z2-main/AES-Cam-on-PYNQ-Z2-main/AES_SYS/AES_SYS.gen/sources_1/bd/AES_SYS/ip/AES_SYS_auto_pc_2/AES_SYS_auto_pc_2_stub.vhdl.
INFO: [IP_Flow 19-6926] IPCACHE: added file to list for BOM: c:/code/RFC-8439-fpga-implementation/AES-Cam-on-PYNQ-Z2-main/AES-Cam-on-PYNQ-Z2-main/AES_SYS/AES_SYS.gen/sources_1/bd/AES_SYS/ip/AES_SYS_auto_pc_2/AES_SYS_auto_pc_2_stub.vhdl
INFO: [IP_Flow 19-4993] Using cached IP synthesis design for IP AES_SYS_auto_pc_2, cache-ID = 3bc72d579e6ad5e4; cache size = 170.562 MB.
catch { config_ip_cache -export [get_ips -all AES_SYS_auto_pc_3] }
INFO: [IP_Flow 19-6924] IPCACHE: Running cache check for IP inst: AES_SYS_auto_pc_3
INFO: [IP_Flow 19-6922] IPCACHE: Exporting cached entry 3bc72d579e6ad5e4 to dir: c:/code/RFC-8439-fpga-implementation/AES-Cam-on-PYNQ-Z2-main/AES-Cam-on-PYNQ-Z2-main/AES_SYS/AES_SYS.gen/sources_1/bd/AES_SYS/ip/AES_SYS_auto_pc_3
INFO: [IP_Flow 19-6928] IPCACHE: copied cached file c:/code/RFC-8439-fpga-implementation/AES-Cam-on-PYNQ-Z2-main/AES-Cam-on-PYNQ-Z2-main/AES_SYS/AES_SYS.cache/ip/2023.2/3/b/3bc72d579e6ad5e4/AES_SYS_auto_pc_0.dcp to c:/code/RFC-8439-fpga-implementation/AES-Cam-on-PYNQ-Z2-main/AES-Cam-on-PYNQ-Z2-main/AES_SYS/AES_SYS.gen/sources_1/bd/AES_SYS/ip/AES_SYS_auto_pc_3/AES_SYS_auto_pc_3.dcp.
INFO: [IP_Flow 19-6926] IPCACHE: added file to list for BOM: c:/code/RFC-8439-fpga-implementation/AES-Cam-on-PYNQ-Z2-main/AES-Cam-on-PYNQ-Z2-main/AES_SYS/AES_SYS.gen/sources_1/bd/AES_SYS/ip/AES_SYS_auto_pc_3/AES_SYS_auto_pc_3.dcp
INFO: [IP_Flow 19-6928] IPCACHE: copied cached file c:/code/RFC-8439-fpga-implementation/AES-Cam-on-PYNQ-Z2-main/AES-Cam-on-PYNQ-Z2-main/AES_SYS/AES_SYS.cache/ip/2023.2/3/b/3bc72d579e6ad5e4/AES_SYS_auto_pc_0_sim_netlist.v to c:/code/RFC-8439-fpga-implementation/AES-Cam-on-PYNQ-Z2-main/AES-Cam-on-PYNQ-Z2-main/AES_SYS/AES_SYS.gen/sources_1/bd/AES_SYS/ip/AES_SYS_auto_pc_3/AES_SYS_auto_pc_3_sim_netlist.v.
INFO: [IP_Flow 19-6926] IPCACHE: added file to list for BOM: c:/code/RFC-8439-fpga-implementation/AES-Cam-on-PYNQ-Z2-main/AES-Cam-on-PYNQ-Z2-main/AES_SYS/AES_SYS.gen/sources_1/bd/AES_SYS/ip/AES_SYS_auto_pc_3/AES_SYS_auto_pc_3_sim_netlist.v
INFO: [IP_Flow 19-6928] IPCACHE: copied cached file c:/code/RFC-8439-fpga-implementation/AES-Cam-on-PYNQ-Z2-main/AES-Cam-on-PYNQ-Z2-main/AES_SYS/AES_SYS.cache/ip/2023.2/3/b/3bc72d579e6ad5e4/AES_SYS_auto_pc_0_sim_netlist.vhdl to c:/code/RFC-8439-fpga-implementation/AES-Cam-on-PYNQ-Z2-main/AES-Cam-on-PYNQ-Z2-main/AES_SYS/AES_SYS.gen/sources_1/bd/AES_SYS/ip/AES_SYS_auto_pc_3/AES_SYS_auto_pc_3_sim_netlist.vhdl.
INFO: [IP_Flow 19-6926] IPCACHE: added file to list for BOM: c:/code/RFC-8439-fpga-implementation/AES-Cam-on-PYNQ-Z2-main/AES-Cam-on-PYNQ-Z2-main/AES_SYS/AES_SYS.gen/sources_1/bd/AES_SYS/ip/AES_SYS_auto_pc_3/AES_SYS_auto_pc_3_sim_netlist.vhdl
INFO: [IP_Flow 19-6928] IPCACHE: copied cached file c:/code/RFC-8439-fpga-implementation/AES-Cam-on-PYNQ-Z2-main/AES-Cam-on-PYNQ-Z2-main/AES_SYS/AES_SYS.cache/ip/2023.2/3/b/3bc72d579e6ad5e4/AES_SYS_auto_pc_0_stub.v to c:/code/RFC-8439-fpga-implementation/AES-Cam-on-PYNQ-Z2-main/AES-Cam-on-PYNQ-Z2-main/AES_SYS/AES_SYS.gen/sources_1/bd/AES_SYS/ip/AES_SYS_auto_pc_3/AES_SYS_auto_pc_3_stub.v.
INFO: [IP_Flow 19-6926] IPCACHE: added file to list for BOM: c:/code/RFC-8439-fpga-implementation/AES-Cam-on-PYNQ-Z2-main/AES-Cam-on-PYNQ-Z2-main/AES_SYS/AES_SYS.gen/sources_1/bd/AES_SYS/ip/AES_SYS_auto_pc_3/AES_SYS_auto_pc_3_stub.v
INFO: [IP_Flow 19-6928] IPCACHE: copied cached file c:/code/RFC-8439-fpga-implementation/AES-Cam-on-PYNQ-Z2-main/AES-Cam-on-PYNQ-Z2-main/AES_SYS/AES_SYS.cache/ip/2023.2/3/b/3bc72d579e6ad5e4/AES_SYS_auto_pc_0_stub.vhdl to c:/code/RFC-8439-fpga-implementation/AES-Cam-on-PYNQ-Z2-main/AES-Cam-on-PYNQ-Z2-main/AES_SYS/AES_SYS.gen/sources_1/bd/AES_SYS/ip/AES_SYS_auto_pc_3/AES_SYS_auto_pc_3_stub.vhdl.
INFO: [IP_Flow 19-6926] IPCACHE: added file to list for BOM: c:/code/RFC-8439-fpga-implementation/AES-Cam-on-PYNQ-Z2-main/AES-Cam-on-PYNQ-Z2-main/AES_SYS/AES_SYS.gen/sources_1/bd/AES_SYS/ip/AES_SYS_auto_pc_3/AES_SYS_auto_pc_3_stub.vhdl
INFO: [IP_Flow 19-4993] Using cached IP synthesis design for IP AES_SYS_auto_pc_3, cache-ID = 3bc72d579e6ad5e4; cache size = 170.562 MB.
catch { config_ip_cache -export [get_ips -all AES_SYS_auto_pc_4] }
INFO: [IP_Flow 19-6924] IPCACHE: Running cache check for IP inst: AES_SYS_auto_pc_4
INFO: [IP_Flow 19-6922] IPCACHE: Exporting cached entry 3bc72d579e6ad5e4 to dir: c:/code/RFC-8439-fpga-implementation/AES-Cam-on-PYNQ-Z2-main/AES-Cam-on-PYNQ-Z2-main/AES_SYS/AES_SYS.gen/sources_1/bd/AES_SYS/ip/AES_SYS_auto_pc_4
INFO: [IP_Flow 19-6928] IPCACHE: copied cached file c:/code/RFC-8439-fpga-implementation/AES-Cam-on-PYNQ-Z2-main/AES-Cam-on-PYNQ-Z2-main/AES_SYS/AES_SYS.cache/ip/2023.2/3/b/3bc72d579e6ad5e4/AES_SYS_auto_pc_0.dcp to c:/code/RFC-8439-fpga-implementation/AES-Cam-on-PYNQ-Z2-main/AES-Cam-on-PYNQ-Z2-main/AES_SYS/AES_SYS.gen/sources_1/bd/AES_SYS/ip/AES_SYS_auto_pc_4/AES_SYS_auto_pc_4.dcp.
INFO: [IP_Flow 19-6926] IPCACHE: added file to list for BOM: c:/code/RFC-8439-fpga-implementation/AES-Cam-on-PYNQ-Z2-main/AES-Cam-on-PYNQ-Z2-main/AES_SYS/AES_SYS.gen/sources_1/bd/AES_SYS/ip/AES_SYS_auto_pc_4/AES_SYS_auto_pc_4.dcp
INFO: [IP_Flow 19-6928] IPCACHE: copied cached file c:/code/RFC-8439-fpga-implementation/AES-Cam-on-PYNQ-Z2-main/AES-Cam-on-PYNQ-Z2-main/AES_SYS/AES_SYS.cache/ip/2023.2/3/b/3bc72d579e6ad5e4/AES_SYS_auto_pc_0_sim_netlist.v to c:/code/RFC-8439-fpga-implementation/AES-Cam-on-PYNQ-Z2-main/AES-Cam-on-PYNQ-Z2-main/AES_SYS/AES_SYS.gen/sources_1/bd/AES_SYS/ip/AES_SYS_auto_pc_4/AES_SYS_auto_pc_4_sim_netlist.v.
INFO: [IP_Flow 19-6926] IPCACHE: added file to list for BOM: c:/code/RFC-8439-fpga-implementation/AES-Cam-on-PYNQ-Z2-main/AES-Cam-on-PYNQ-Z2-main/AES_SYS/AES_SYS.gen/sources_1/bd/AES_SYS/ip/AES_SYS_auto_pc_4/AES_SYS_auto_pc_4_sim_netlist.v
INFO: [IP_Flow 19-6928] IPCACHE: copied cached file c:/code/RFC-8439-fpga-implementation/AES-Cam-on-PYNQ-Z2-main/AES-Cam-on-PYNQ-Z2-main/AES_SYS/AES_SYS.cache/ip/2023.2/3/b/3bc72d579e6ad5e4/AES_SYS_auto_pc_0_sim_netlist.vhdl to c:/code/RFC-8439-fpga-implementation/AES-Cam-on-PYNQ-Z2-main/AES-Cam-on-PYNQ-Z2-main/AES_SYS/AES_SYS.gen/sources_1/bd/AES_SYS/ip/AES_SYS_auto_pc_4/AES_SYS_auto_pc_4_sim_netlist.vhdl.
INFO: [IP_Flow 19-6926] IPCACHE: added file to list for BOM: c:/code/RFC-8439-fpga-implementation/AES-Cam-on-PYNQ-Z2-main/AES-Cam-on-PYNQ-Z2-main/AES_SYS/AES_SYS.gen/sources_1/bd/AES_SYS/ip/AES_SYS_auto_pc_4/AES_SYS_auto_pc_4_sim_netlist.vhdl
INFO: [IP_Flow 19-6928] IPCACHE: copied cached file c:/code/RFC-8439-fpga-implementation/AES-Cam-on-PYNQ-Z2-main/AES-Cam-on-PYNQ-Z2-main/AES_SYS/AES_SYS.cache/ip/2023.2/3/b/3bc72d579e6ad5e4/AES_SYS_auto_pc_0_stub.v to c:/code/RFC-8439-fpga-implementation/AES-Cam-on-PYNQ-Z2-main/AES-Cam-on-PYNQ-Z2-main/AES_SYS/AES_SYS.gen/sources_1/bd/AES_SYS/ip/AES_SYS_auto_pc_4/AES_SYS_auto_pc_4_stub.v.
INFO: [IP_Flow 19-6926] IPCACHE: added file to list for BOM: c:/code/RFC-8439-fpga-implementation/AES-Cam-on-PYNQ-Z2-main/AES-Cam-on-PYNQ-Z2-main/AES_SYS/AES_SYS.gen/sources_1/bd/AES_SYS/ip/AES_SYS_auto_pc_4/AES_SYS_auto_pc_4_stub.v
INFO: [IP_Flow 19-6928] IPCACHE: copied cached file c:/code/RFC-8439-fpga-implementation/AES-Cam-on-PYNQ-Z2-main/AES-Cam-on-PYNQ-Z2-main/AES_SYS/AES_SYS.cache/ip/2023.2/3/b/3bc72d579e6ad5e4/AES_SYS_auto_pc_0_stub.vhdl to c:/code/RFC-8439-fpga-implementation/AES-Cam-on-PYNQ-Z2-main/AES-Cam-on-PYNQ-Z2-main/AES_SYS/AES_SYS.gen/sources_1/bd/AES_SYS/ip/AES_SYS_auto_pc_4/AES_SYS_auto_pc_4_stub.vhdl.
INFO: [IP_Flow 19-6926] IPCACHE: added file to list for BOM: c:/code/RFC-8439-fpga-implementation/AES-Cam-on-PYNQ-Z2-main/AES-Cam-on-PYNQ-Z2-main/AES_SYS/AES_SYS.gen/sources_1/bd/AES_SYS/ip/AES_SYS_auto_pc_4/AES_SYS_auto_pc_4_stub.vhdl
INFO: [IP_Flow 19-4993] Using cached IP synthesis design for IP AES_SYS_auto_pc_4, cache-ID = 3bc72d579e6ad5e4; cache size = 170.562 MB.
catch { config_ip_cache -export [get_ips -all AES_SYS_auto_pc_5] }
INFO: [IP_Flow 19-6924] IPCACHE: Running cache check for IP inst: AES_SYS_auto_pc_5
INFO: [IP_Flow 19-6922] IPCACHE: Exporting cached entry 3bc72d579e6ad5e4 to dir: c:/code/RFC-8439-fpga-implementation/AES-Cam-on-PYNQ-Z2-main/AES-Cam-on-PYNQ-Z2-main/AES_SYS/AES_SYS.gen/sources_1/bd/AES_SYS/ip/AES_SYS_auto_pc_5
INFO: [IP_Flow 19-6928] IPCACHE: copied cached file c:/code/RFC-8439-fpga-implementation/AES-Cam-on-PYNQ-Z2-main/AES-Cam-on-PYNQ-Z2-main/AES_SYS/AES_SYS.cache/ip/2023.2/3/b/3bc72d579e6ad5e4/AES_SYS_auto_pc_0.dcp to c:/code/RFC-8439-fpga-implementation/AES-Cam-on-PYNQ-Z2-main/AES-Cam-on-PYNQ-Z2-main/AES_SYS/AES_SYS.gen/sources_1/bd/AES_SYS/ip/AES_SYS_auto_pc_5/AES_SYS_auto_pc_5.dcp.
INFO: [IP_Flow 19-6926] IPCACHE: added file to list for BOM: c:/code/RFC-8439-fpga-implementation/AES-Cam-on-PYNQ-Z2-main/AES-Cam-on-PYNQ-Z2-main/AES_SYS/AES_SYS.gen/sources_1/bd/AES_SYS/ip/AES_SYS_auto_pc_5/AES_SYS_auto_pc_5.dcp
INFO: [IP_Flow 19-6928] IPCACHE: copied cached file c:/code/RFC-8439-fpga-implementation/AES-Cam-on-PYNQ-Z2-main/AES-Cam-on-PYNQ-Z2-main/AES_SYS/AES_SYS.cache/ip/2023.2/3/b/3bc72d579e6ad5e4/AES_SYS_auto_pc_0_sim_netlist.v to c:/code/RFC-8439-fpga-implementation/AES-Cam-on-PYNQ-Z2-main/AES-Cam-on-PYNQ-Z2-main/AES_SYS/AES_SYS.gen/sources_1/bd/AES_SYS/ip/AES_SYS_auto_pc_5/AES_SYS_auto_pc_5_sim_netlist.v.
INFO: [IP_Flow 19-6926] IPCACHE: added file to list for BOM: c:/code/RFC-8439-fpga-implementation/AES-Cam-on-PYNQ-Z2-main/AES-Cam-on-PYNQ-Z2-main/AES_SYS/AES_SYS.gen/sources_1/bd/AES_SYS/ip/AES_SYS_auto_pc_5/AES_SYS_auto_pc_5_sim_netlist.v
INFO: [IP_Flow 19-6928] IPCACHE: copied cached file c:/code/RFC-8439-fpga-implementation/AES-Cam-on-PYNQ-Z2-main/AES-Cam-on-PYNQ-Z2-main/AES_SYS/AES_SYS.cache/ip/2023.2/3/b/3bc72d579e6ad5e4/AES_SYS_auto_pc_0_sim_netlist.vhdl to c:/code/RFC-8439-fpga-implementation/AES-Cam-on-PYNQ-Z2-main/AES-Cam-on-PYNQ-Z2-main/AES_SYS/AES_SYS.gen/sources_1/bd/AES_SYS/ip/AES_SYS_auto_pc_5/AES_SYS_auto_pc_5_sim_netlist.vhdl.
INFO: [IP_Flow 19-6926] IPCACHE: added file to list for BOM: c:/code/RFC-8439-fpga-implementation/AES-Cam-on-PYNQ-Z2-main/AES-Cam-on-PYNQ-Z2-main/AES_SYS/AES_SYS.gen/sources_1/bd/AES_SYS/ip/AES_SYS_auto_pc_5/AES_SYS_auto_pc_5_sim_netlist.vhdl
INFO: [IP_Flow 19-6928] IPCACHE: copied cached file c:/code/RFC-8439-fpga-implementation/AES-Cam-on-PYNQ-Z2-main/AES-Cam-on-PYNQ-Z2-main/AES_SYS/AES_SYS.cache/ip/2023.2/3/b/3bc72d579e6ad5e4/AES_SYS_auto_pc_0_stub.v to c:/code/RFC-8439-fpga-implementation/AES-Cam-on-PYNQ-Z2-main/AES-Cam-on-PYNQ-Z2-main/AES_SYS/AES_SYS.gen/sources_1/bd/AES_SYS/ip/AES_SYS_auto_pc_5/AES_SYS_auto_pc_5_stub.v.
INFO: [IP_Flow 19-6926] IPCACHE: added file to list for BOM: c:/code/RFC-8439-fpga-implementation/AES-Cam-on-PYNQ-Z2-main/AES-Cam-on-PYNQ-Z2-main/AES_SYS/AES_SYS.gen/sources_1/bd/AES_SYS/ip/AES_SYS_auto_pc_5/AES_SYS_auto_pc_5_stub.v
INFO: [IP_Flow 19-6928] IPCACHE: copied cached file c:/code/RFC-8439-fpga-implementation/AES-Cam-on-PYNQ-Z2-main/AES-Cam-on-PYNQ-Z2-main/AES_SYS/AES_SYS.cache/ip/2023.2/3/b/3bc72d579e6ad5e4/AES_SYS_auto_pc_0_stub.vhdl to c:/code/RFC-8439-fpga-implementation/AES-Cam-on-PYNQ-Z2-main/AES-Cam-on-PYNQ-Z2-main/AES_SYS/AES_SYS.gen/sources_1/bd/AES_SYS/ip/AES_SYS_auto_pc_5/AES_SYS_auto_pc_5_stub.vhdl.
INFO: [IP_Flow 19-6926] IPCACHE: added file to list for BOM: c:/code/RFC-8439-fpga-implementation/AES-Cam-on-PYNQ-Z2-main/AES-Cam-on-PYNQ-Z2-main/AES_SYS/AES_SYS.gen/sources_1/bd/AES_SYS/ip/AES_SYS_auto_pc_5/AES_SYS_auto_pc_5_stub.vhdl
INFO: [IP_Flow 19-4993] Using cached IP synthesis design for IP AES_SYS_auto_pc_5, cache-ID = 3bc72d579e6ad5e4; cache size = 170.562 MB.
catch { config_ip_cache -export [get_ips -all AES_SYS_auto_pc_6] }
INFO: [IP_Flow 19-6924] IPCACHE: Running cache check for IP inst: AES_SYS_auto_pc_6
INFO: [IP_Flow 19-6922] IPCACHE: Exporting cached entry 3bc72d579e6ad5e4 to dir: c:/code/RFC-8439-fpga-implementation/AES-Cam-on-PYNQ-Z2-main/AES-Cam-on-PYNQ-Z2-main/AES_SYS/AES_SYS.gen/sources_1/bd/AES_SYS/ip/AES_SYS_auto_pc_6
INFO: [IP_Flow 19-6928] IPCACHE: copied cached file c:/code/RFC-8439-fpga-implementation/AES-Cam-on-PYNQ-Z2-main/AES-Cam-on-PYNQ-Z2-main/AES_SYS/AES_SYS.cache/ip/2023.2/3/b/3bc72d579e6ad5e4/AES_SYS_auto_pc_0.dcp to c:/code/RFC-8439-fpga-implementation/AES-Cam-on-PYNQ-Z2-main/AES-Cam-on-PYNQ-Z2-main/AES_SYS/AES_SYS.gen/sources_1/bd/AES_SYS/ip/AES_SYS_auto_pc_6/AES_SYS_auto_pc_6.dcp.
INFO: [IP_Flow 19-6926] IPCACHE: added file to list for BOM: c:/code/RFC-8439-fpga-implementation/AES-Cam-on-PYNQ-Z2-main/AES-Cam-on-PYNQ-Z2-main/AES_SYS/AES_SYS.gen/sources_1/bd/AES_SYS/ip/AES_SYS_auto_pc_6/AES_SYS_auto_pc_6.dcp
INFO: [IP_Flow 19-6928] IPCACHE: copied cached file c:/code/RFC-8439-fpga-implementation/AES-Cam-on-PYNQ-Z2-main/AES-Cam-on-PYNQ-Z2-main/AES_SYS/AES_SYS.cache/ip/2023.2/3/b/3bc72d579e6ad5e4/AES_SYS_auto_pc_0_sim_netlist.v to c:/code/RFC-8439-fpga-implementation/AES-Cam-on-PYNQ-Z2-main/AES-Cam-on-PYNQ-Z2-main/AES_SYS/AES_SYS.gen/sources_1/bd/AES_SYS/ip/AES_SYS_auto_pc_6/AES_SYS_auto_pc_6_sim_netlist.v.
INFO: [IP_Flow 19-6926] IPCACHE: added file to list for BOM: c:/code/RFC-8439-fpga-implementation/AES-Cam-on-PYNQ-Z2-main/AES-Cam-on-PYNQ-Z2-main/AES_SYS/AES_SYS.gen/sources_1/bd/AES_SYS/ip/AES_SYS_auto_pc_6/AES_SYS_auto_pc_6_sim_netlist.v
INFO: [IP_Flow 19-6928] IPCACHE: copied cached file c:/code/RFC-8439-fpga-implementation/AES-Cam-on-PYNQ-Z2-main/AES-Cam-on-PYNQ-Z2-main/AES_SYS/AES_SYS.cache/ip/2023.2/3/b/3bc72d579e6ad5e4/AES_SYS_auto_pc_0_sim_netlist.vhdl to c:/code/RFC-8439-fpga-implementation/AES-Cam-on-PYNQ-Z2-main/AES-Cam-on-PYNQ-Z2-main/AES_SYS/AES_SYS.gen/sources_1/bd/AES_SYS/ip/AES_SYS_auto_pc_6/AES_SYS_auto_pc_6_sim_netlist.vhdl.
INFO: [IP_Flow 19-6926] IPCACHE: added file to list for BOM: c:/code/RFC-8439-fpga-implementation/AES-Cam-on-PYNQ-Z2-main/AES-Cam-on-PYNQ-Z2-main/AES_SYS/AES_SYS.gen/sources_1/bd/AES_SYS/ip/AES_SYS_auto_pc_6/AES_SYS_auto_pc_6_sim_netlist.vhdl
INFO: [IP_Flow 19-6928] IPCACHE: copied cached file c:/code/RFC-8439-fpga-implementation/AES-Cam-on-PYNQ-Z2-main/AES-Cam-on-PYNQ-Z2-main/AES_SYS/AES_SYS.cache/ip/2023.2/3/b/3bc72d579e6ad5e4/AES_SYS_auto_pc_0_stub.v to c:/code/RFC-8439-fpga-implementation/AES-Cam-on-PYNQ-Z2-main/AES-Cam-on-PYNQ-Z2-main/AES_SYS/AES_SYS.gen/sources_1/bd/AES_SYS/ip/AES_SYS_auto_pc_6/AES_SYS_auto_pc_6_stub.v.
INFO: [IP_Flow 19-6926] IPCACHE: added file to list for BOM: c:/code/RFC-8439-fpga-implementation/AES-Cam-on-PYNQ-Z2-main/AES-Cam-on-PYNQ-Z2-main/AES_SYS/AES_SYS.gen/sources_1/bd/AES_SYS/ip/AES_SYS_auto_pc_6/AES_SYS_auto_pc_6_stub.v
INFO: [IP_Flow 19-6928] IPCACHE: copied cached file c:/code/RFC-8439-fpga-implementation/AES-Cam-on-PYNQ-Z2-main/AES-Cam-on-PYNQ-Z2-main/AES_SYS/AES_SYS.cache/ip/2023.2/3/b/3bc72d579e6ad5e4/AES_SYS_auto_pc_0_stub.vhdl to c:/code/RFC-8439-fpga-implementation/AES-Cam-on-PYNQ-Z2-main/AES-Cam-on-PYNQ-Z2-main/AES_SYS/AES_SYS.gen/sources_1/bd/AES_SYS/ip/AES_SYS_auto_pc_6/AES_SYS_auto_pc_6_stub.vhdl.
INFO: [IP_Flow 19-6926] IPCACHE: added file to list for BOM: c:/code/RFC-8439-fpga-implementation/AES-Cam-on-PYNQ-Z2-main/AES-Cam-on-PYNQ-Z2-main/AES_SYS/AES_SYS.gen/sources_1/bd/AES_SYS/ip/AES_SYS_auto_pc_6/AES_SYS_auto_pc_6_stub.vhdl
INFO: [IP_Flow 19-4993] Using cached IP synthesis design for IP AES_SYS_auto_pc_6, cache-ID = 3bc72d579e6ad5e4; cache size = 170.562 MB.
catch { config_ip_cache -export [get_ips -all AES_SYS_auto_pc_7] }
INFO: [IP_Flow 19-6924] IPCACHE: Running cache check for IP inst: AES_SYS_auto_pc_7
INFO: [IP_Flow 19-6922] IPCACHE: Exporting cached entry 3bc72d579e6ad5e4 to dir: c:/code/RFC-8439-fpga-implementation/AES-Cam-on-PYNQ-Z2-main/AES-Cam-on-PYNQ-Z2-main/AES_SYS/AES_SYS.gen/sources_1/bd/AES_SYS/ip/AES_SYS_auto_pc_7
INFO: [IP_Flow 19-6928] IPCACHE: copied cached file c:/code/RFC-8439-fpga-implementation/AES-Cam-on-PYNQ-Z2-main/AES-Cam-on-PYNQ-Z2-main/AES_SYS/AES_SYS.cache/ip/2023.2/3/b/3bc72d579e6ad5e4/AES_SYS_auto_pc_0.dcp to c:/code/RFC-8439-fpga-implementation/AES-Cam-on-PYNQ-Z2-main/AES-Cam-on-PYNQ-Z2-main/AES_SYS/AES_SYS.gen/sources_1/bd/AES_SYS/ip/AES_SYS_auto_pc_7/AES_SYS_auto_pc_7.dcp.
INFO: [IP_Flow 19-6926] IPCACHE: added file to list for BOM: c:/code/RFC-8439-fpga-implementation/AES-Cam-on-PYNQ-Z2-main/AES-Cam-on-PYNQ-Z2-main/AES_SYS/AES_SYS.gen/sources_1/bd/AES_SYS/ip/AES_SYS_auto_pc_7/AES_SYS_auto_pc_7.dcp
INFO: [IP_Flow 19-6928] IPCACHE: copied cached file c:/code/RFC-8439-fpga-implementation/AES-Cam-on-PYNQ-Z2-main/AES-Cam-on-PYNQ-Z2-main/AES_SYS/AES_SYS.cache/ip/2023.2/3/b/3bc72d579e6ad5e4/AES_SYS_auto_pc_0_sim_netlist.v to c:/code/RFC-8439-fpga-implementation/AES-Cam-on-PYNQ-Z2-main/AES-Cam-on-PYNQ-Z2-main/AES_SYS/AES_SYS.gen/sources_1/bd/AES_SYS/ip/AES_SYS_auto_pc_7/AES_SYS_auto_pc_7_sim_netlist.v.
INFO: [IP_Flow 19-6926] IPCACHE: added file to list for BOM: c:/code/RFC-8439-fpga-implementation/AES-Cam-on-PYNQ-Z2-main/AES-Cam-on-PYNQ-Z2-main/AES_SYS/AES_SYS.gen/sources_1/bd/AES_SYS/ip/AES_SYS_auto_pc_7/AES_SYS_auto_pc_7_sim_netlist.v
INFO: [IP_Flow 19-6928] IPCACHE: copied cached file c:/code/RFC-8439-fpga-implementation/AES-Cam-on-PYNQ-Z2-main/AES-Cam-on-PYNQ-Z2-main/AES_SYS/AES_SYS.cache/ip/2023.2/3/b/3bc72d579e6ad5e4/AES_SYS_auto_pc_0_sim_netlist.vhdl to c:/code/RFC-8439-fpga-implementation/AES-Cam-on-PYNQ-Z2-main/AES-Cam-on-PYNQ-Z2-main/AES_SYS/AES_SYS.gen/sources_1/bd/AES_SYS/ip/AES_SYS_auto_pc_7/AES_SYS_auto_pc_7_sim_netlist.vhdl.
INFO: [IP_Flow 19-6926] IPCACHE: added file to list for BOM: c:/code/RFC-8439-fpga-implementation/AES-Cam-on-PYNQ-Z2-main/AES-Cam-on-PYNQ-Z2-main/AES_SYS/AES_SYS.gen/sources_1/bd/AES_SYS/ip/AES_SYS_auto_pc_7/AES_SYS_auto_pc_7_sim_netlist.vhdl
INFO: [IP_Flow 19-6928] IPCACHE: copied cached file c:/code/RFC-8439-fpga-implementation/AES-Cam-on-PYNQ-Z2-main/AES-Cam-on-PYNQ-Z2-main/AES_SYS/AES_SYS.cache/ip/2023.2/3/b/3bc72d579e6ad5e4/AES_SYS_auto_pc_0_stub.v to c:/code/RFC-8439-fpga-implementation/AES-Cam-on-PYNQ-Z2-main/AES-Cam-on-PYNQ-Z2-main/AES_SYS/AES_SYS.gen/sources_1/bd/AES_SYS/ip/AES_SYS_auto_pc_7/AES_SYS_auto_pc_7_stub.v.
INFO: [IP_Flow 19-6926] IPCACHE: added file to list for BOM: c:/code/RFC-8439-fpga-implementation/AES-Cam-on-PYNQ-Z2-main/AES-Cam-on-PYNQ-Z2-main/AES_SYS/AES_SYS.gen/sources_1/bd/AES_SYS/ip/AES_SYS_auto_pc_7/AES_SYS_auto_pc_7_stub.v
INFO: [IP_Flow 19-6928] IPCACHE: copied cached file c:/code/RFC-8439-fpga-implementation/AES-Cam-on-PYNQ-Z2-main/AES-Cam-on-PYNQ-Z2-main/AES_SYS/AES_SYS.cache/ip/2023.2/3/b/3bc72d579e6ad5e4/AES_SYS_auto_pc_0_stub.vhdl to c:/code/RFC-8439-fpga-implementation/AES-Cam-on-PYNQ-Z2-main/AES-Cam-on-PYNQ-Z2-main/AES_SYS/AES_SYS.gen/sources_1/bd/AES_SYS/ip/AES_SYS_auto_pc_7/AES_SYS_auto_pc_7_stub.vhdl.
INFO: [IP_Flow 19-6926] IPCACHE: added file to list for BOM: c:/code/RFC-8439-fpga-implementation/AES-Cam-on-PYNQ-Z2-main/AES-Cam-on-PYNQ-Z2-main/AES_SYS/AES_SYS.gen/sources_1/bd/AES_SYS/ip/AES_SYS_auto_pc_7/AES_SYS_auto_pc_7_stub.vhdl
INFO: [IP_Flow 19-4993] Using cached IP synthesis design for IP AES_SYS_auto_pc_7, cache-ID = 3bc72d579e6ad5e4; cache size = 170.562 MB.
catch { config_ip_cache -export [get_ips -all AES_SYS_auto_pc_8] }
INFO: [IP_Flow 19-6924] IPCACHE: Running cache check for IP inst: AES_SYS_auto_pc_8
INFO: [IP_Flow 19-6922] IPCACHE: Exporting cached entry 3bc72d579e6ad5e4 to dir: c:/code/RFC-8439-fpga-implementation/AES-Cam-on-PYNQ-Z2-main/AES-Cam-on-PYNQ-Z2-main/AES_SYS/AES_SYS.gen/sources_1/bd/AES_SYS/ip/AES_SYS_auto_pc_8
INFO: [IP_Flow 19-6928] IPCACHE: copied cached file c:/code/RFC-8439-fpga-implementation/AES-Cam-on-PYNQ-Z2-main/AES-Cam-on-PYNQ-Z2-main/AES_SYS/AES_SYS.cache/ip/2023.2/3/b/3bc72d579e6ad5e4/AES_SYS_auto_pc_0.dcp to c:/code/RFC-8439-fpga-implementation/AES-Cam-on-PYNQ-Z2-main/AES-Cam-on-PYNQ-Z2-main/AES_SYS/AES_SYS.gen/sources_1/bd/AES_SYS/ip/AES_SYS_auto_pc_8/AES_SYS_auto_pc_8.dcp.
INFO: [IP_Flow 19-6926] IPCACHE: added file to list for BOM: c:/code/RFC-8439-fpga-implementation/AES-Cam-on-PYNQ-Z2-main/AES-Cam-on-PYNQ-Z2-main/AES_SYS/AES_SYS.gen/sources_1/bd/AES_SYS/ip/AES_SYS_auto_pc_8/AES_SYS_auto_pc_8.dcp
INFO: [IP_Flow 19-6928] IPCACHE: copied cached file c:/code/RFC-8439-fpga-implementation/AES-Cam-on-PYNQ-Z2-main/AES-Cam-on-PYNQ-Z2-main/AES_SYS/AES_SYS.cache/ip/2023.2/3/b/3bc72d579e6ad5e4/AES_SYS_auto_pc_0_sim_netlist.v to c:/code/RFC-8439-fpga-implementation/AES-Cam-on-PYNQ-Z2-main/AES-Cam-on-PYNQ-Z2-main/AES_SYS/AES_SYS.gen/sources_1/bd/AES_SYS/ip/AES_SYS_auto_pc_8/AES_SYS_auto_pc_8_sim_netlist.v.
INFO: [IP_Flow 19-6926] IPCACHE: added file to list for BOM: c:/code/RFC-8439-fpga-implementation/AES-Cam-on-PYNQ-Z2-main/AES-Cam-on-PYNQ-Z2-main/AES_SYS/AES_SYS.gen/sources_1/bd/AES_SYS/ip/AES_SYS_auto_pc_8/AES_SYS_auto_pc_8_sim_netlist.v
INFO: [IP_Flow 19-6928] IPCACHE: copied cached file c:/code/RFC-8439-fpga-implementation/AES-Cam-on-PYNQ-Z2-main/AES-Cam-on-PYNQ-Z2-main/AES_SYS/AES_SYS.cache/ip/2023.2/3/b/3bc72d579e6ad5e4/AES_SYS_auto_pc_0_sim_netlist.vhdl to c:/code/RFC-8439-fpga-implementation/AES-Cam-on-PYNQ-Z2-main/AES-Cam-on-PYNQ-Z2-main/AES_SYS/AES_SYS.gen/sources_1/bd/AES_SYS/ip/AES_SYS_auto_pc_8/AES_SYS_auto_pc_8_sim_netlist.vhdl.
INFO: [IP_Flow 19-6926] IPCACHE: added file to list for BOM: c:/code/RFC-8439-fpga-implementation/AES-Cam-on-PYNQ-Z2-main/AES-Cam-on-PYNQ-Z2-main/AES_SYS/AES_SYS.gen/sources_1/bd/AES_SYS/ip/AES_SYS_auto_pc_8/AES_SYS_auto_pc_8_sim_netlist.vhdl
INFO: [IP_Flow 19-6928] IPCACHE: copied cached file c:/code/RFC-8439-fpga-implementation/AES-Cam-on-PYNQ-Z2-main/AES-Cam-on-PYNQ-Z2-main/AES_SYS/AES_SYS.cache/ip/2023.2/3/b/3bc72d579e6ad5e4/AES_SYS_auto_pc_0_stub.v to c:/code/RFC-8439-fpga-implementation/AES-Cam-on-PYNQ-Z2-main/AES-Cam-on-PYNQ-Z2-main/AES_SYS/AES_SYS.gen/sources_1/bd/AES_SYS/ip/AES_SYS_auto_pc_8/AES_SYS_auto_pc_8_stub.v.
INFO: [IP_Flow 19-6926] IPCACHE: added file to list for BOM: c:/code/RFC-8439-fpga-implementation/AES-Cam-on-PYNQ-Z2-main/AES-Cam-on-PYNQ-Z2-main/AES_SYS/AES_SYS.gen/sources_1/bd/AES_SYS/ip/AES_SYS_auto_pc_8/AES_SYS_auto_pc_8_stub.v
INFO: [IP_Flow 19-6928] IPCACHE: copied cached file c:/code/RFC-8439-fpga-implementation/AES-Cam-on-PYNQ-Z2-main/AES-Cam-on-PYNQ-Z2-main/AES_SYS/AES_SYS.cache/ip/2023.2/3/b/3bc72d579e6ad5e4/AES_SYS_auto_pc_0_stub.vhdl to c:/code/RFC-8439-fpga-implementation/AES-Cam-on-PYNQ-Z2-main/AES-Cam-on-PYNQ-Z2-main/AES_SYS/AES_SYS.gen/sources_1/bd/AES_SYS/ip/AES_SYS_auto_pc_8/AES_SYS_auto_pc_8_stub.vhdl.
INFO: [IP_Flow 19-6926] IPCACHE: added file to list for BOM: c:/code/RFC-8439-fpga-implementation/AES-Cam-on-PYNQ-Z2-main/AES-Cam-on-PYNQ-Z2-main/AES_SYS/AES_SYS.gen/sources_1/bd/AES_SYS/ip/AES_SYS_auto_pc_8/AES_SYS_auto_pc_8_stub.vhdl
INFO: [IP_Flow 19-4993] Using cached IP synthesis design for IP AES_SYS_auto_pc_8, cache-ID = 3bc72d579e6ad5e4; cache size = 170.562 MB.
catch { config_ip_cache -export [get_ips -all AES_SYS_auto_pc_9] }
INFO: [IP_Flow 19-6924] IPCACHE: Running cache check for IP inst: AES_SYS_auto_pc_9
INFO: [IP_Flow 19-6922] IPCACHE: Exporting cached entry 3bc72d579e6ad5e4 to dir: c:/code/RFC-8439-fpga-implementation/AES-Cam-on-PYNQ-Z2-main/AES-Cam-on-PYNQ-Z2-main/AES_SYS/AES_SYS.gen/sources_1/bd/AES_SYS/ip/AES_SYS_auto_pc_9
INFO: [IP_Flow 19-6928] IPCACHE: copied cached file c:/code/RFC-8439-fpga-implementation/AES-Cam-on-PYNQ-Z2-main/AES-Cam-on-PYNQ-Z2-main/AES_SYS/AES_SYS.cache/ip/2023.2/3/b/3bc72d579e6ad5e4/AES_SYS_auto_pc_0.dcp to c:/code/RFC-8439-fpga-implementation/AES-Cam-on-PYNQ-Z2-main/AES-Cam-on-PYNQ-Z2-main/AES_SYS/AES_SYS.gen/sources_1/bd/AES_SYS/ip/AES_SYS_auto_pc_9/AES_SYS_auto_pc_9.dcp.
INFO: [IP_Flow 19-6926] IPCACHE: added file to list for BOM: c:/code/RFC-8439-fpga-implementation/AES-Cam-on-PYNQ-Z2-main/AES-Cam-on-PYNQ-Z2-main/AES_SYS/AES_SYS.gen/sources_1/bd/AES_SYS/ip/AES_SYS_auto_pc_9/AES_SYS_auto_pc_9.dcp
INFO: [IP_Flow 19-6928] IPCACHE: copied cached file c:/code/RFC-8439-fpga-implementation/AES-Cam-on-PYNQ-Z2-main/AES-Cam-on-PYNQ-Z2-main/AES_SYS/AES_SYS.cache/ip/2023.2/3/b/3bc72d579e6ad5e4/AES_SYS_auto_pc_0_sim_netlist.v to c:/code/RFC-8439-fpga-implementation/AES-Cam-on-PYNQ-Z2-main/AES-Cam-on-PYNQ-Z2-main/AES_SYS/AES_SYS.gen/sources_1/bd/AES_SYS/ip/AES_SYS_auto_pc_9/AES_SYS_auto_pc_9_sim_netlist.v.
INFO: [IP_Flow 19-6926] IPCACHE: added file to list for BOM: c:/code/RFC-8439-fpga-implementation/AES-Cam-on-PYNQ-Z2-main/AES-Cam-on-PYNQ-Z2-main/AES_SYS/AES_SYS.gen/sources_1/bd/AES_SYS/ip/AES_SYS_auto_pc_9/AES_SYS_auto_pc_9_sim_netlist.v
INFO: [IP_Flow 19-6928] IPCACHE: copied cached file c:/code/RFC-8439-fpga-implementation/AES-Cam-on-PYNQ-Z2-main/AES-Cam-on-PYNQ-Z2-main/AES_SYS/AES_SYS.cache/ip/2023.2/3/b/3bc72d579e6ad5e4/AES_SYS_auto_pc_0_sim_netlist.vhdl to c:/code/RFC-8439-fpga-implementation/AES-Cam-on-PYNQ-Z2-main/AES-Cam-on-PYNQ-Z2-main/AES_SYS/AES_SYS.gen/sources_1/bd/AES_SYS/ip/AES_SYS_auto_pc_9/AES_SYS_auto_pc_9_sim_netlist.vhdl.
INFO: [IP_Flow 19-6926] IPCACHE: added file to list for BOM: c:/code/RFC-8439-fpga-implementation/AES-Cam-on-PYNQ-Z2-main/AES-Cam-on-PYNQ-Z2-main/AES_SYS/AES_SYS.gen/sources_1/bd/AES_SYS/ip/AES_SYS_auto_pc_9/AES_SYS_auto_pc_9_sim_netlist.vhdl
INFO: [IP_Flow 19-6928] IPCACHE: copied cached file c:/code/RFC-8439-fpga-implementation/AES-Cam-on-PYNQ-Z2-main/AES-Cam-on-PYNQ-Z2-main/AES_SYS/AES_SYS.cache/ip/2023.2/3/b/3bc72d579e6ad5e4/AES_SYS_auto_pc_0_stub.v to c:/code/RFC-8439-fpga-implementation/AES-Cam-on-PYNQ-Z2-main/AES-Cam-on-PYNQ-Z2-main/AES_SYS/AES_SYS.gen/sources_1/bd/AES_SYS/ip/AES_SYS_auto_pc_9/AES_SYS_auto_pc_9_stub.v.
INFO: [IP_Flow 19-6926] IPCACHE: added file to list for BOM: c:/code/RFC-8439-fpga-implementation/AES-Cam-on-PYNQ-Z2-main/AES-Cam-on-PYNQ-Z2-main/AES_SYS/AES_SYS.gen/sources_1/bd/AES_SYS/ip/AES_SYS_auto_pc_9/AES_SYS_auto_pc_9_stub.v
INFO: [IP_Flow 19-6928] IPCACHE: copied cached file c:/code/RFC-8439-fpga-implementation/AES-Cam-on-PYNQ-Z2-main/AES-Cam-on-PYNQ-Z2-main/AES_SYS/AES_SYS.cache/ip/2023.2/3/b/3bc72d579e6ad5e4/AES_SYS_auto_pc_0_stub.vhdl to c:/code/RFC-8439-fpga-implementation/AES-Cam-on-PYNQ-Z2-main/AES-Cam-on-PYNQ-Z2-main/AES_SYS/AES_SYS.gen/sources_1/bd/AES_SYS/ip/AES_SYS_auto_pc_9/AES_SYS_auto_pc_9_stub.vhdl.
INFO: [IP_Flow 19-6926] IPCACHE: added file to list for BOM: c:/code/RFC-8439-fpga-implementation/AES-Cam-on-PYNQ-Z2-main/AES-Cam-on-PYNQ-Z2-main/AES_SYS/AES_SYS.gen/sources_1/bd/AES_SYS/ip/AES_SYS_auto_pc_9/AES_SYS_auto_pc_9_stub.vhdl
INFO: [IP_Flow 19-4993] Using cached IP synthesis design for IP AES_SYS_auto_pc_9, cache-ID = 3bc72d579e6ad5e4; cache size = 170.562 MB.
catch { config_ip_cache -export [get_ips -all AES_SYS_auto_pc_10] }
INFO: [IP_Flow 19-6924] IPCACHE: Running cache check for IP inst: AES_SYS_auto_pc_10
INFO: [IP_Flow 19-6922] IPCACHE: Exporting cached entry 3bc72d579e6ad5e4 to dir: c:/code/RFC-8439-fpga-implementation/AES-Cam-on-PYNQ-Z2-main/AES-Cam-on-PYNQ-Z2-main/AES_SYS/AES_SYS.gen/sources_1/bd/AES_SYS/ip/AES_SYS_auto_pc_10
INFO: [IP_Flow 19-6928] IPCACHE: copied cached file c:/code/RFC-8439-fpga-implementation/AES-Cam-on-PYNQ-Z2-main/AES-Cam-on-PYNQ-Z2-main/AES_SYS/AES_SYS.cache/ip/2023.2/3/b/3bc72d579e6ad5e4/AES_SYS_auto_pc_0.dcp to c:/code/RFC-8439-fpga-implementation/AES-Cam-on-PYNQ-Z2-main/AES-Cam-on-PYNQ-Z2-main/AES_SYS/AES_SYS.gen/sources_1/bd/AES_SYS/ip/AES_SYS_auto_pc_10/AES_SYS_auto_pc_10.dcp.
INFO: [IP_Flow 19-6926] IPCACHE: added file to list for BOM: c:/code/RFC-8439-fpga-implementation/AES-Cam-on-PYNQ-Z2-main/AES-Cam-on-PYNQ-Z2-main/AES_SYS/AES_SYS.gen/sources_1/bd/AES_SYS/ip/AES_SYS_auto_pc_10/AES_SYS_auto_pc_10.dcp
INFO: [IP_Flow 19-6928] IPCACHE: copied cached file c:/code/RFC-8439-fpga-implementation/AES-Cam-on-PYNQ-Z2-main/AES-Cam-on-PYNQ-Z2-main/AES_SYS/AES_SYS.cache/ip/2023.2/3/b/3bc72d579e6ad5e4/AES_SYS_auto_pc_0_sim_netlist.v to c:/code/RFC-8439-fpga-implementation/AES-Cam-on-PYNQ-Z2-main/AES-Cam-on-PYNQ-Z2-main/AES_SYS/AES_SYS.gen/sources_1/bd/AES_SYS/ip/AES_SYS_auto_pc_10/AES_SYS_auto_pc_10_sim_netlist.v.
INFO: [IP_Flow 19-6926] IPCACHE: added file to list for BOM: c:/code/RFC-8439-fpga-implementation/AES-Cam-on-PYNQ-Z2-main/AES-Cam-on-PYNQ-Z2-main/AES_SYS/AES_SYS.gen/sources_1/bd/AES_SYS/ip/AES_SYS_auto_pc_10/AES_SYS_auto_pc_10_sim_netlist.v
INFO: [IP_Flow 19-6928] IPCACHE: copied cached file c:/code/RFC-8439-fpga-implementation/AES-Cam-on-PYNQ-Z2-main/AES-Cam-on-PYNQ-Z2-main/AES_SYS/AES_SYS.cache/ip/2023.2/3/b/3bc72d579e6ad5e4/AES_SYS_auto_pc_0_sim_netlist.vhdl to c:/code/RFC-8439-fpga-implementation/AES-Cam-on-PYNQ-Z2-main/AES-Cam-on-PYNQ-Z2-main/AES_SYS/AES_SYS.gen/sources_1/bd/AES_SYS/ip/AES_SYS_auto_pc_10/AES_SYS_auto_pc_10_sim_netlist.vhdl.
INFO: [IP_Flow 19-6926] IPCACHE: added file to list for BOM: c:/code/RFC-8439-fpga-implementation/AES-Cam-on-PYNQ-Z2-main/AES-Cam-on-PYNQ-Z2-main/AES_SYS/AES_SYS.gen/sources_1/bd/AES_SYS/ip/AES_SYS_auto_pc_10/AES_SYS_auto_pc_10_sim_netlist.vhdl
INFO: [IP_Flow 19-6928] IPCACHE: copied cached file c:/code/RFC-8439-fpga-implementation/AES-Cam-on-PYNQ-Z2-main/AES-Cam-on-PYNQ-Z2-main/AES_SYS/AES_SYS.cache/ip/2023.2/3/b/3bc72d579e6ad5e4/AES_SYS_auto_pc_0_stub.v to c:/code/RFC-8439-fpga-implementation/AES-Cam-on-PYNQ-Z2-main/AES-Cam-on-PYNQ-Z2-main/AES_SYS/AES_SYS.gen/sources_1/bd/AES_SYS/ip/AES_SYS_auto_pc_10/AES_SYS_auto_pc_10_stub.v.
INFO: [IP_Flow 19-6926] IPCACHE: added file to list for BOM: c:/code/RFC-8439-fpga-implementation/AES-Cam-on-PYNQ-Z2-main/AES-Cam-on-PYNQ-Z2-main/AES_SYS/AES_SYS.gen/sources_1/bd/AES_SYS/ip/AES_SYS_auto_pc_10/AES_SYS_auto_pc_10_stub.v
INFO: [IP_Flow 19-6928] IPCACHE: copied cached file c:/code/RFC-8439-fpga-implementation/AES-Cam-on-PYNQ-Z2-main/AES-Cam-on-PYNQ-Z2-main/AES_SYS/AES_SYS.cache/ip/2023.2/3/b/3bc72d579e6ad5e4/AES_SYS_auto_pc_0_stub.vhdl to c:/code/RFC-8439-fpga-implementation/AES-Cam-on-PYNQ-Z2-main/AES-Cam-on-PYNQ-Z2-main/AES_SYS/AES_SYS.gen/sources_1/bd/AES_SYS/ip/AES_SYS_auto_pc_10/AES_SYS_auto_pc_10_stub.vhdl.
INFO: [IP_Flow 19-6926] IPCACHE: added file to list for BOM: c:/code/RFC-8439-fpga-implementation/AES-Cam-on-PYNQ-Z2-main/AES-Cam-on-PYNQ-Z2-main/AES_SYS/AES_SYS.gen/sources_1/bd/AES_SYS/ip/AES_SYS_auto_pc_10/AES_SYS_auto_pc_10_stub.vhdl
INFO: [IP_Flow 19-4993] Using cached IP synthesis design for IP AES_SYS_auto_pc_10, cache-ID = 3bc72d579e6ad5e4; cache size = 170.562 MB.
catch { config_ip_cache -export [get_ips -all AES_SYS_auto_pc_12] }
INFO: [IP_Flow 19-6924] IPCACHE: Running cache check for IP inst: AES_SYS_auto_pc_12
INFO: [IP_Flow 19-6922] IPCACHE: Exporting cached entry 177366daf5914f73 to dir: c:/code/RFC-8439-fpga-implementation/AES-Cam-on-PYNQ-Z2-main/AES-Cam-on-PYNQ-Z2-main/AES_SYS/AES_SYS.gen/sources_1/bd/AES_SYS/ip/AES_SYS_auto_pc_12
INFO: [IP_Flow 19-6928] IPCACHE: copied cached file c:/code/RFC-8439-fpga-implementation/AES-Cam-on-PYNQ-Z2-main/AES-Cam-on-PYNQ-Z2-main/AES_SYS/AES_SYS.cache/ip/2023.2/1/7/177366daf5914f73/AES_SYS_auto_pc_12.dcp to c:/code/RFC-8439-fpga-implementation/AES-Cam-on-PYNQ-Z2-main/AES-Cam-on-PYNQ-Z2-main/AES_SYS/AES_SYS.gen/sources_1/bd/AES_SYS/ip/AES_SYS_auto_pc_12/AES_SYS_auto_pc_12.dcp.
INFO: [IP_Flow 19-6926] IPCACHE: added file to list for BOM: c:/code/RFC-8439-fpga-implementation/AES-Cam-on-PYNQ-Z2-main/AES-Cam-on-PYNQ-Z2-main/AES_SYS/AES_SYS.gen/sources_1/bd/AES_SYS/ip/AES_SYS_auto_pc_12/AES_SYS_auto_pc_12.dcp
INFO: [IP_Flow 19-6928] IPCACHE: copied cached file c:/code/RFC-8439-fpga-implementation/AES-Cam-on-PYNQ-Z2-main/AES-Cam-on-PYNQ-Z2-main/AES_SYS/AES_SYS.cache/ip/2023.2/1/7/177366daf5914f73/AES_SYS_auto_pc_12_sim_netlist.v to c:/code/RFC-8439-fpga-implementation/AES-Cam-on-PYNQ-Z2-main/AES-Cam-on-PYNQ-Z2-main/AES_SYS/AES_SYS.gen/sources_1/bd/AES_SYS/ip/AES_SYS_auto_pc_12/AES_SYS_auto_pc_12_sim_netlist.v.
INFO: [IP_Flow 19-6926] IPCACHE: added file to list for BOM: c:/code/RFC-8439-fpga-implementation/AES-Cam-on-PYNQ-Z2-main/AES-Cam-on-PYNQ-Z2-main/AES_SYS/AES_SYS.gen/sources_1/bd/AES_SYS/ip/AES_SYS_auto_pc_12/AES_SYS_auto_pc_12_sim_netlist.v
INFO: [IP_Flow 19-6928] IPCACHE: copied cached file c:/code/RFC-8439-fpga-implementation/AES-Cam-on-PYNQ-Z2-main/AES-Cam-on-PYNQ-Z2-main/AES_SYS/AES_SYS.cache/ip/2023.2/1/7/177366daf5914f73/AES_SYS_auto_pc_12_sim_netlist.vhdl to c:/code/RFC-8439-fpga-implementation/AES-Cam-on-PYNQ-Z2-main/AES-Cam-on-PYNQ-Z2-main/AES_SYS/AES_SYS.gen/sources_1/bd/AES_SYS/ip/AES_SYS_auto_pc_12/AES_SYS_auto_pc_12_sim_netlist.vhdl.
INFO: [IP_Flow 19-6926] IPCACHE: added file to list for BOM: c:/code/RFC-8439-fpga-implementation/AES-Cam-on-PYNQ-Z2-main/AES-Cam-on-PYNQ-Z2-main/AES_SYS/AES_SYS.gen/sources_1/bd/AES_SYS/ip/AES_SYS_auto_pc_12/AES_SYS_auto_pc_12_sim_netlist.vhdl
INFO: [IP_Flow 19-6928] IPCACHE: copied cached file c:/code/RFC-8439-fpga-implementation/AES-Cam-on-PYNQ-Z2-main/AES-Cam-on-PYNQ-Z2-main/AES_SYS/AES_SYS.cache/ip/2023.2/1/7/177366daf5914f73/AES_SYS_auto_pc_12_stub.v to c:/code/RFC-8439-fpga-implementation/AES-Cam-on-PYNQ-Z2-main/AES-Cam-on-PYNQ-Z2-main/AES_SYS/AES_SYS.gen/sources_1/bd/AES_SYS/ip/AES_SYS_auto_pc_12/AES_SYS_auto_pc_12_stub.v.
INFO: [IP_Flow 19-6926] IPCACHE: added file to list for BOM: c:/code/RFC-8439-fpga-implementation/AES-Cam-on-PYNQ-Z2-main/AES-Cam-on-PYNQ-Z2-main/AES_SYS/AES_SYS.gen/sources_1/bd/AES_SYS/ip/AES_SYS_auto_pc_12/AES_SYS_auto_pc_12_stub.v
INFO: [IP_Flow 19-6928] IPCACHE: copied cached file c:/code/RFC-8439-fpga-implementation/AES-Cam-on-PYNQ-Z2-main/AES-Cam-on-PYNQ-Z2-main/AES_SYS/AES_SYS.cache/ip/2023.2/1/7/177366daf5914f73/AES_SYS_auto_pc_12_stub.vhdl to c:/code/RFC-8439-fpga-implementation/AES-Cam-on-PYNQ-Z2-main/AES-Cam-on-PYNQ-Z2-main/AES_SYS/AES_SYS.gen/sources_1/bd/AES_SYS/ip/AES_SYS_auto_pc_12/AES_SYS_auto_pc_12_stub.vhdl.
INFO: [IP_Flow 19-6926] IPCACHE: added file to list for BOM: c:/code/RFC-8439-fpga-implementation/AES-Cam-on-PYNQ-Z2-main/AES-Cam-on-PYNQ-Z2-main/AES_SYS/AES_SYS.gen/sources_1/bd/AES_SYS/ip/AES_SYS_auto_pc_12/AES_SYS_auto_pc_12_stub.vhdl
INFO: [IP_Flow 19-4993] Using cached IP synthesis design for IP AES_SYS_auto_pc_12, cache-ID = 177366daf5914f73; cache size = 170.562 MB.
catch { config_ip_cache -export [get_ips -all AES_SYS_auto_us_0] }
INFO: [IP_Flow 19-6924] IPCACHE: Running cache check for IP inst: AES_SYS_auto_us_0
INFO: [IP_Flow 19-6922] IPCACHE: Exporting cached entry 96128dd45566b66c to dir: c:/code/RFC-8439-fpga-implementation/AES-Cam-on-PYNQ-Z2-main/AES-Cam-on-PYNQ-Z2-main/AES_SYS/AES_SYS.gen/sources_1/bd/AES_SYS/ip/AES_SYS_auto_us_0
INFO: [IP_Flow 19-6928] IPCACHE: copied cached file c:/code/RFC-8439-fpga-implementation/AES-Cam-on-PYNQ-Z2-main/AES-Cam-on-PYNQ-Z2-main/AES_SYS/AES_SYS.cache/ip/2023.2/9/6/96128dd45566b66c/AES_SYS_auto_us_0.dcp to c:/code/RFC-8439-fpga-implementation/AES-Cam-on-PYNQ-Z2-main/AES-Cam-on-PYNQ-Z2-main/AES_SYS/AES_SYS.gen/sources_1/bd/AES_SYS/ip/AES_SYS_auto_us_0/AES_SYS_auto_us_0.dcp.
INFO: [IP_Flow 19-6926] IPCACHE: added file to list for BOM: c:/code/RFC-8439-fpga-implementation/AES-Cam-on-PYNQ-Z2-main/AES-Cam-on-PYNQ-Z2-main/AES_SYS/AES_SYS.gen/sources_1/bd/AES_SYS/ip/AES_SYS_auto_us_0/AES_SYS_auto_us_0.dcp
INFO: [IP_Flow 19-6928] IPCACHE: copied cached file c:/code/RFC-8439-fpga-implementation/AES-Cam-on-PYNQ-Z2-main/AES-Cam-on-PYNQ-Z2-main/AES_SYS/AES_SYS.cache/ip/2023.2/9/6/96128dd45566b66c/AES_SYS_auto_us_0_sim_netlist.v to c:/code/RFC-8439-fpga-implementation/AES-Cam-on-PYNQ-Z2-main/AES-Cam-on-PYNQ-Z2-main/AES_SYS/AES_SYS.gen/sources_1/bd/AES_SYS/ip/AES_SYS_auto_us_0/AES_SYS_auto_us_0_sim_netlist.v.
INFO: [IP_Flow 19-6926] IPCACHE: added file to list for BOM: c:/code/RFC-8439-fpga-implementation/AES-Cam-on-PYNQ-Z2-main/AES-Cam-on-PYNQ-Z2-main/AES_SYS/AES_SYS.gen/sources_1/bd/AES_SYS/ip/AES_SYS_auto_us_0/AES_SYS_auto_us_0_sim_netlist.v
INFO: [IP_Flow 19-6928] IPCACHE: copied cached file c:/code/RFC-8439-fpga-implementation/AES-Cam-on-PYNQ-Z2-main/AES-Cam-on-PYNQ-Z2-main/AES_SYS/AES_SYS.cache/ip/2023.2/9/6/96128dd45566b66c/AES_SYS_auto_us_0_sim_netlist.vhdl to c:/code/RFC-8439-fpga-implementation/AES-Cam-on-PYNQ-Z2-main/AES-Cam-on-PYNQ-Z2-main/AES_SYS/AES_SYS.gen/sources_1/bd/AES_SYS/ip/AES_SYS_auto_us_0/AES_SYS_auto_us_0_sim_netlist.vhdl.
INFO: [IP_Flow 19-6926] IPCACHE: added file to list for BOM: c:/code/RFC-8439-fpga-implementation/AES-Cam-on-PYNQ-Z2-main/AES-Cam-on-PYNQ-Z2-main/AES_SYS/AES_SYS.gen/sources_1/bd/AES_SYS/ip/AES_SYS_auto_us_0/AES_SYS_auto_us_0_sim_netlist.vhdl
INFO: [IP_Flow 19-6928] IPCACHE: copied cached file c:/code/RFC-8439-fpga-implementation/AES-Cam-on-PYNQ-Z2-main/AES-Cam-on-PYNQ-Z2-main/AES_SYS/AES_SYS.cache/ip/2023.2/9/6/96128dd45566b66c/AES_SYS_auto_us_0_stub.v to c:/code/RFC-8439-fpga-implementation/AES-Cam-on-PYNQ-Z2-main/AES-Cam-on-PYNQ-Z2-main/AES_SYS/AES_SYS.gen/sources_1/bd/AES_SYS/ip/AES_SYS_auto_us_0/AES_SYS_auto_us_0_stub.v.
INFO: [IP_Flow 19-6926] IPCACHE: added file to list for BOM: c:/code/RFC-8439-fpga-implementation/AES-Cam-on-PYNQ-Z2-main/AES-Cam-on-PYNQ-Z2-main/AES_SYS/AES_SYS.gen/sources_1/bd/AES_SYS/ip/AES_SYS_auto_us_0/AES_SYS_auto_us_0_stub.v
INFO: [IP_Flow 19-6928] IPCACHE: copied cached file c:/code/RFC-8439-fpga-implementation/AES-Cam-on-PYNQ-Z2-main/AES-Cam-on-PYNQ-Z2-main/AES_SYS/AES_SYS.cache/ip/2023.2/9/6/96128dd45566b66c/AES_SYS_auto_us_0_stub.vhdl to c:/code/RFC-8439-fpga-implementation/AES-Cam-on-PYNQ-Z2-main/AES-Cam-on-PYNQ-Z2-main/AES_SYS/AES_SYS.gen/sources_1/bd/AES_SYS/ip/AES_SYS_auto_us_0/AES_SYS_auto_us_0_stub.vhdl.
INFO: [IP_Flow 19-6926] IPCACHE: added file to list for BOM: c:/code/RFC-8439-fpga-implementation/AES-Cam-on-PYNQ-Z2-main/AES-Cam-on-PYNQ-Z2-main/AES_SYS/AES_SYS.gen/sources_1/bd/AES_SYS/ip/AES_SYS_auto_us_0/AES_SYS_auto_us_0_stub.vhdl
INFO: [IP_Flow 19-4993] Using cached IP synthesis design for IP AES_SYS_auto_us_0, cache-ID = 96128dd45566b66c; cache size = 170.562 MB.
catch { config_ip_cache -export [get_ips -all AES_SYS_auto_pc_13] }
INFO: [IP_Flow 19-6924] IPCACHE: Running cache check for IP inst: AES_SYS_auto_pc_13
INFO: [IP_Flow 19-6922] IPCACHE: Exporting cached entry 680f4c3d4d7785e1 to dir: c:/code/RFC-8439-fpga-implementation/AES-Cam-on-PYNQ-Z2-main/AES-Cam-on-PYNQ-Z2-main/AES_SYS/AES_SYS.gen/sources_1/bd/AES_SYS/ip/AES_SYS_auto_pc_13
INFO: [IP_Flow 19-6928] IPCACHE: copied cached file c:/code/RFC-8439-fpga-implementation/AES-Cam-on-PYNQ-Z2-main/AES-Cam-on-PYNQ-Z2-main/AES_SYS/AES_SYS.cache/ip/2023.2/6/8/680f4c3d4d7785e1/AES_SYS_auto_pc_13.dcp to c:/code/RFC-8439-fpga-implementation/AES-Cam-on-PYNQ-Z2-main/AES-Cam-on-PYNQ-Z2-main/AES_SYS/AES_SYS.gen/sources_1/bd/AES_SYS/ip/AES_SYS_auto_pc_13/AES_SYS_auto_pc_13.dcp.
INFO: [IP_Flow 19-6926] IPCACHE: added file to list for BOM: c:/code/RFC-8439-fpga-implementation/AES-Cam-on-PYNQ-Z2-main/AES-Cam-on-PYNQ-Z2-main/AES_SYS/AES_SYS.gen/sources_1/bd/AES_SYS/ip/AES_SYS_auto_pc_13/AES_SYS_auto_pc_13.dcp
INFO: [IP_Flow 19-6928] IPCACHE: copied cached file c:/code/RFC-8439-fpga-implementation/AES-Cam-on-PYNQ-Z2-main/AES-Cam-on-PYNQ-Z2-main/AES_SYS/AES_SYS.cache/ip/2023.2/6/8/680f4c3d4d7785e1/AES_SYS_auto_pc_13_sim_netlist.v to c:/code/RFC-8439-fpga-implementation/AES-Cam-on-PYNQ-Z2-main/AES-Cam-on-PYNQ-Z2-main/AES_SYS/AES_SYS.gen/sources_1/bd/AES_SYS/ip/AES_SYS_auto_pc_13/AES_SYS_auto_pc_13_sim_netlist.v.
INFO: [IP_Flow 19-6926] IPCACHE: added file to list for BOM: c:/code/RFC-8439-fpga-implementation/AES-Cam-on-PYNQ-Z2-main/AES-Cam-on-PYNQ-Z2-main/AES_SYS/AES_SYS.gen/sources_1/bd/AES_SYS/ip/AES_SYS_auto_pc_13/AES_SYS_auto_pc_13_sim_netlist.v
INFO: [IP_Flow 19-6928] IPCACHE: copied cached file c:/code/RFC-8439-fpga-implementation/AES-Cam-on-PYNQ-Z2-main/AES-Cam-on-PYNQ-Z2-main/AES_SYS/AES_SYS.cache/ip/2023.2/6/8/680f4c3d4d7785e1/AES_SYS_auto_pc_13_sim_netlist.vhdl to c:/code/RFC-8439-fpga-implementation/AES-Cam-on-PYNQ-Z2-main/AES-Cam-on-PYNQ-Z2-main/AES_SYS/AES_SYS.gen/sources_1/bd/AES_SYS/ip/AES_SYS_auto_pc_13/AES_SYS_auto_pc_13_sim_netlist.vhdl.
INFO: [IP_Flow 19-6926] IPCACHE: added file to list for BOM: c:/code/RFC-8439-fpga-implementation/AES-Cam-on-PYNQ-Z2-main/AES-Cam-on-PYNQ-Z2-main/AES_SYS/AES_SYS.gen/sources_1/bd/AES_SYS/ip/AES_SYS_auto_pc_13/AES_SYS_auto_pc_13_sim_netlist.vhdl
INFO: [IP_Flow 19-6928] IPCACHE: copied cached file c:/code/RFC-8439-fpga-implementation/AES-Cam-on-PYNQ-Z2-main/AES-Cam-on-PYNQ-Z2-main/AES_SYS/AES_SYS.cache/ip/2023.2/6/8/680f4c3d4d7785e1/AES_SYS_auto_pc_13_stub.v to c:/code/RFC-8439-fpga-implementation/AES-Cam-on-PYNQ-Z2-main/AES-Cam-on-PYNQ-Z2-main/AES_SYS/AES_SYS.gen/sources_1/bd/AES_SYS/ip/AES_SYS_auto_pc_13/AES_SYS_auto_pc_13_stub.v.
INFO: [IP_Flow 19-6926] IPCACHE: added file to list for BOM: c:/code/RFC-8439-fpga-implementation/AES-Cam-on-PYNQ-Z2-main/AES-Cam-on-PYNQ-Z2-main/AES_SYS/AES_SYS.gen/sources_1/bd/AES_SYS/ip/AES_SYS_auto_pc_13/AES_SYS_auto_pc_13_stub.v
INFO: [IP_Flow 19-6928] IPCACHE: copied cached file c:/code/RFC-8439-fpga-implementation/AES-Cam-on-PYNQ-Z2-main/AES-Cam-on-PYNQ-Z2-main/AES_SYS/AES_SYS.cache/ip/2023.2/6/8/680f4c3d4d7785e1/AES_SYS_auto_pc_13_stub.vhdl to c:/code/RFC-8439-fpga-implementation/AES-Cam-on-PYNQ-Z2-main/AES-Cam-on-PYNQ-Z2-main/AES_SYS/AES_SYS.gen/sources_1/bd/AES_SYS/ip/AES_SYS_auto_pc_13/AES_SYS_auto_pc_13_stub.vhdl.
INFO: [IP_Flow 19-6926] IPCACHE: added file to list for BOM: c:/code/RFC-8439-fpga-implementation/AES-Cam-on-PYNQ-Z2-main/AES-Cam-on-PYNQ-Z2-main/AES_SYS/AES_SYS.gen/sources_1/bd/AES_SYS/ip/AES_SYS_auto_pc_13/AES_SYS_auto_pc_13_stub.vhdl
INFO: [IP_Flow 19-4993] Using cached IP synthesis design for IP AES_SYS_auto_pc_13, cache-ID = 680f4c3d4d7785e1; cache size = 170.562 MB.
catch { config_ip_cache -export [get_ips -all AES_SYS_auto_ds_0] }
INFO: [IP_Flow 19-6924] IPCACHE: Running cache check for IP inst: AES_SYS_auto_ds_0
INFO: [IP_Flow 19-6922] IPCACHE: Exporting cached entry f9503eb3174c7348 to dir: c:/code/RFC-8439-fpga-implementation/AES-Cam-on-PYNQ-Z2-main/AES-Cam-on-PYNQ-Z2-main/AES_SYS/AES_SYS.gen/sources_1/bd/AES_SYS/ip/AES_SYS_auto_ds_0
INFO: [IP_Flow 19-6928] IPCACHE: copied cached file c:/code/RFC-8439-fpga-implementation/AES-Cam-on-PYNQ-Z2-main/AES-Cam-on-PYNQ-Z2-main/AES_SYS/AES_SYS.cache/ip/2023.2/f/9/f9503eb3174c7348/AES_SYS_auto_ds_0.dcp to c:/code/RFC-8439-fpga-implementation/AES-Cam-on-PYNQ-Z2-main/AES-Cam-on-PYNQ-Z2-main/AES_SYS/AES_SYS.gen/sources_1/bd/AES_SYS/ip/AES_SYS_auto_ds_0/AES_SYS_auto_ds_0.dcp.
INFO: [IP_Flow 19-6926] IPCACHE: added file to list for BOM: c:/code/RFC-8439-fpga-implementation/AES-Cam-on-PYNQ-Z2-main/AES-Cam-on-PYNQ-Z2-main/AES_SYS/AES_SYS.gen/sources_1/bd/AES_SYS/ip/AES_SYS_auto_ds_0/AES_SYS_auto_ds_0.dcp
INFO: [IP_Flow 19-6928] IPCACHE: copied cached file c:/code/RFC-8439-fpga-implementation/AES-Cam-on-PYNQ-Z2-main/AES-Cam-on-PYNQ-Z2-main/AES_SYS/AES_SYS.cache/ip/2023.2/f/9/f9503eb3174c7348/AES_SYS_auto_ds_0_sim_netlist.v to c:/code/RFC-8439-fpga-implementation/AES-Cam-on-PYNQ-Z2-main/AES-Cam-on-PYNQ-Z2-main/AES_SYS/AES_SYS.gen/sources_1/bd/AES_SYS/ip/AES_SYS_auto_ds_0/AES_SYS_auto_ds_0_sim_netlist.v.
INFO: [IP_Flow 19-6926] IPCACHE: added file to list for BOM: c:/code/RFC-8439-fpga-implementation/AES-Cam-on-PYNQ-Z2-main/AES-Cam-on-PYNQ-Z2-main/AES_SYS/AES_SYS.gen/sources_1/bd/AES_SYS/ip/AES_SYS_auto_ds_0/AES_SYS_auto_ds_0_sim_netlist.v
INFO: [IP_Flow 19-6928] IPCACHE: copied cached file c:/code/RFC-8439-fpga-implementation/AES-Cam-on-PYNQ-Z2-main/AES-Cam-on-PYNQ-Z2-main/AES_SYS/AES_SYS.cache/ip/2023.2/f/9/f9503eb3174c7348/AES_SYS_auto_ds_0_sim_netlist.vhdl to c:/code/RFC-8439-fpga-implementation/AES-Cam-on-PYNQ-Z2-main/AES-Cam-on-PYNQ-Z2-main/AES_SYS/AES_SYS.gen/sources_1/bd/AES_SYS/ip/AES_SYS_auto_ds_0/AES_SYS_auto_ds_0_sim_netlist.vhdl.
INFO: [IP_Flow 19-6926] IPCACHE: added file to list for BOM: c:/code/RFC-8439-fpga-implementation/AES-Cam-on-PYNQ-Z2-main/AES-Cam-on-PYNQ-Z2-main/AES_SYS/AES_SYS.gen/sources_1/bd/AES_SYS/ip/AES_SYS_auto_ds_0/AES_SYS_auto_ds_0_sim_netlist.vhdl
INFO: [IP_Flow 19-6928] IPCACHE: copied cached file c:/code/RFC-8439-fpga-implementation/AES-Cam-on-PYNQ-Z2-main/AES-Cam-on-PYNQ-Z2-main/AES_SYS/AES_SYS.cache/ip/2023.2/f/9/f9503eb3174c7348/AES_SYS_auto_ds_0_stub.v to c:/code/RFC-8439-fpga-implementation/AES-Cam-on-PYNQ-Z2-main/AES-Cam-on-PYNQ-Z2-main/AES_SYS/AES_SYS.gen/sources_1/bd/AES_SYS/ip/AES_SYS_auto_ds_0/AES_SYS_auto_ds_0_stub.v.
INFO: [IP_Flow 19-6926] IPCACHE: added file to list for BOM: c:/code/RFC-8439-fpga-implementation/AES-Cam-on-PYNQ-Z2-main/AES-Cam-on-PYNQ-Z2-main/AES_SYS/AES_SYS.gen/sources_1/bd/AES_SYS/ip/AES_SYS_auto_ds_0/AES_SYS_auto_ds_0_stub.v
INFO: [IP_Flow 19-6928] IPCACHE: copied cached file c:/code/RFC-8439-fpga-implementation/AES-Cam-on-PYNQ-Z2-main/AES-Cam-on-PYNQ-Z2-main/AES_SYS/AES_SYS.cache/ip/2023.2/f/9/f9503eb3174c7348/AES_SYS_auto_ds_0_stub.vhdl to c:/code/RFC-8439-fpga-implementation/AES-Cam-on-PYNQ-Z2-main/AES-Cam-on-PYNQ-Z2-main/AES_SYS/AES_SYS.gen/sources_1/bd/AES_SYS/ip/AES_SYS_auto_ds_0/AES_SYS_auto_ds_0_stub.vhdl.
INFO: [IP_Flow 19-6926] IPCACHE: added file to list for BOM: c:/code/RFC-8439-fpga-implementation/AES-Cam-on-PYNQ-Z2-main/AES-Cam-on-PYNQ-Z2-main/AES_SYS/AES_SYS.gen/sources_1/bd/AES_SYS/ip/AES_SYS_auto_ds_0/AES_SYS_auto_ds_0_stub.vhdl
INFO: [IP_Flow 19-4993] Using cached IP synthesis design for IP AES_SYS_auto_ds_0, cache-ID = f9503eb3174c7348; cache size = 170.562 MB.
catch { config_ip_cache -export [get_ips -all AES_SYS_auto_ds_1] }
INFO: [IP_Flow 19-6924] IPCACHE: Running cache check for IP inst: AES_SYS_auto_ds_1
INFO: [IP_Flow 19-6922] IPCACHE: Exporting cached entry f9503eb3174c7348 to dir: c:/code/RFC-8439-fpga-implementation/AES-Cam-on-PYNQ-Z2-main/AES-Cam-on-PYNQ-Z2-main/AES_SYS/AES_SYS.gen/sources_1/bd/AES_SYS/ip/AES_SYS_auto_ds_1
INFO: [IP_Flow 19-6928] IPCACHE: copied cached file c:/code/RFC-8439-fpga-implementation/AES-Cam-on-PYNQ-Z2-main/AES-Cam-on-PYNQ-Z2-main/AES_SYS/AES_SYS.cache/ip/2023.2/f/9/f9503eb3174c7348/AES_SYS_auto_ds_0.dcp to c:/code/RFC-8439-fpga-implementation/AES-Cam-on-PYNQ-Z2-main/AES-Cam-on-PYNQ-Z2-main/AES_SYS/AES_SYS.gen/sources_1/bd/AES_SYS/ip/AES_SYS_auto_ds_1/AES_SYS_auto_ds_1.dcp.
INFO: [IP_Flow 19-6926] IPCACHE: added file to list for BOM: c:/code/RFC-8439-fpga-implementation/AES-Cam-on-PYNQ-Z2-main/AES-Cam-on-PYNQ-Z2-main/AES_SYS/AES_SYS.gen/sources_1/bd/AES_SYS/ip/AES_SYS_auto_ds_1/AES_SYS_auto_ds_1.dcp
INFO: [IP_Flow 19-6928] IPCACHE: copied cached file c:/code/RFC-8439-fpga-implementation/AES-Cam-on-PYNQ-Z2-main/AES-Cam-on-PYNQ-Z2-main/AES_SYS/AES_SYS.cache/ip/2023.2/f/9/f9503eb3174c7348/AES_SYS_auto_ds_0_sim_netlist.v to c:/code/RFC-8439-fpga-implementation/AES-Cam-on-PYNQ-Z2-main/AES-Cam-on-PYNQ-Z2-main/AES_SYS/AES_SYS.gen/sources_1/bd/AES_SYS/ip/AES_SYS_auto_ds_1/AES_SYS_auto_ds_1_sim_netlist.v.
INFO: [IP_Flow 19-6926] IPCACHE: added file to list for BOM: c:/code/RFC-8439-fpga-implementation/AES-Cam-on-PYNQ-Z2-main/AES-Cam-on-PYNQ-Z2-main/AES_SYS/AES_SYS.gen/sources_1/bd/AES_SYS/ip/AES_SYS_auto_ds_1/AES_SYS_auto_ds_1_sim_netlist.v
INFO: [IP_Flow 19-6928] IPCACHE: copied cached file c:/code/RFC-8439-fpga-implementation/AES-Cam-on-PYNQ-Z2-main/AES-Cam-on-PYNQ-Z2-main/AES_SYS/AES_SYS.cache/ip/2023.2/f/9/f9503eb3174c7348/AES_SYS_auto_ds_0_sim_netlist.vhdl to c:/code/RFC-8439-fpga-implementation/AES-Cam-on-PYNQ-Z2-main/AES-Cam-on-PYNQ-Z2-main/AES_SYS/AES_SYS.gen/sources_1/bd/AES_SYS/ip/AES_SYS_auto_ds_1/AES_SYS_auto_ds_1_sim_netlist.vhdl.
INFO: [IP_Flow 19-6926] IPCACHE: added file to list for BOM: c:/code/RFC-8439-fpga-implementation/AES-Cam-on-PYNQ-Z2-main/AES-Cam-on-PYNQ-Z2-main/AES_SYS/AES_SYS.gen/sources_1/bd/AES_SYS/ip/AES_SYS_auto_ds_1/AES_SYS_auto_ds_1_sim_netlist.vhdl
INFO: [IP_Flow 19-6928] IPCACHE: copied cached file c:/code/RFC-8439-fpga-implementation/AES-Cam-on-PYNQ-Z2-main/AES-Cam-on-PYNQ-Z2-main/AES_SYS/AES_SYS.cache/ip/2023.2/f/9/f9503eb3174c7348/AES_SYS_auto_ds_0_stub.v to c:/code/RFC-8439-fpga-implementation/AES-Cam-on-PYNQ-Z2-main/AES-Cam-on-PYNQ-Z2-main/AES_SYS/AES_SYS.gen/sources_1/bd/AES_SYS/ip/AES_SYS_auto_ds_1/AES_SYS_auto_ds_1_stub.v.
INFO: [IP_Flow 19-6926] IPCACHE: added file to list for BOM: c:/code/RFC-8439-fpga-implementation/AES-Cam-on-PYNQ-Z2-main/AES-Cam-on-PYNQ-Z2-main/AES_SYS/AES_SYS.gen/sources_1/bd/AES_SYS/ip/AES_SYS_auto_ds_1/AES_SYS_auto_ds_1_stub.v
INFO: [IP_Flow 19-6928] IPCACHE: copied cached file c:/code/RFC-8439-fpga-implementation/AES-Cam-on-PYNQ-Z2-main/AES-Cam-on-PYNQ-Z2-main/AES_SYS/AES_SYS.cache/ip/2023.2/f/9/f9503eb3174c7348/AES_SYS_auto_ds_0_stub.vhdl to c:/code/RFC-8439-fpga-implementation/AES-Cam-on-PYNQ-Z2-main/AES-Cam-on-PYNQ-Z2-main/AES_SYS/AES_SYS.gen/sources_1/bd/AES_SYS/ip/AES_SYS_auto_ds_1/AES_SYS_auto_ds_1_stub.vhdl.
INFO: [IP_Flow 19-6926] IPCACHE: added file to list for BOM: c:/code/RFC-8439-fpga-implementation/AES-Cam-on-PYNQ-Z2-main/AES-Cam-on-PYNQ-Z2-main/AES_SYS/AES_SYS.gen/sources_1/bd/AES_SYS/ip/AES_SYS_auto_ds_1/AES_SYS_auto_ds_1_stub.vhdl
INFO: [IP_Flow 19-4993] Using cached IP synthesis design for IP AES_SYS_auto_ds_1, cache-ID = f9503eb3174c7348; cache size = 170.562 MB.
export_ip_user_files -of_objects [get_files C:/code/RFC-8439-fpga-implementation/AES-Cam-on-PYNQ-Z2-main/AES-Cam-on-PYNQ-Z2-main/AES_SYS/AES_SYS.srcs/sources_1/bd/AES_SYS/AES_SYS.bd] -no_script -sync -force -quiet
create_ip_run [get_files -of_objects [get_fileset sources_1] C:/code/RFC-8439-fpga-implementation/AES-Cam-on-PYNQ-Z2-main/AES-Cam-on-PYNQ-Z2-main/AES_SYS/AES_SYS.srcs/sources_1/bd/AES_SYS/AES_SYS.bd]
export_simulation -of_objects [get_files C:/code/RFC-8439-fpga-implementation/AES-Cam-on-PYNQ-Z2-main/AES-Cam-on-PYNQ-Z2-main/AES_SYS/AES_SYS.srcs/sources_1/bd/AES_SYS/AES_SYS.bd] -directory C:/code/RFC-8439-fpga-implementation/AES-Cam-on-PYNQ-Z2-main/AES-Cam-on-PYNQ-Z2-main/AES_SYS/AES_SYS.ip_user_files/sim_scripts -ip_user_files_dir C:/code/RFC-8439-fpga-implementation/AES-Cam-on-PYNQ-Z2-main/AES-Cam-on-PYNQ-Z2-main/AES_SYS/AES_SYS.ip_user_files -ipstatic_source_dir C:/code/RFC-8439-fpga-implementation/AES-Cam-on-PYNQ-Z2-main/AES-Cam-on-PYNQ-Z2-main/AES_SYS/AES_SYS.ip_user_files/ipstatic -lib_map_path [list {modelsim=C:/code/RFC-8439-fpga-implementation/AES-Cam-on-PYNQ-Z2-main/AES-Cam-on-PYNQ-Z2-main/AES_SYS/AES_SYS.cache/compile_simlib/modelsim} {questa=C:/code/RFC-8439-fpga-implementation/AES-Cam-on-PYNQ-Z2-main/AES-Cam-on-PYNQ-Z2-main/AES_SYS/AES_SYS.cache/compile_simlib/questa} {riviera=C:/code/RFC-8439-fpga-implementation/AES-Cam-on-PYNQ-Z2-main/AES-Cam-on-PYNQ-Z2-main/AES_SYS/AES_SYS.cache/compile_simlib/riviera} {activehdl=C:/code/RFC-8439-fpga-implementation/AES-Cam-on-PYNQ-Z2-main/AES-Cam-on-PYNQ-Z2-main/AES_SYS/AES_SYS.cache/compile_simlib/activehdl}] -use_ip_compiled_libs -force -quiet
reset_run synth_1
INFO: [Project 1-1161] Replacing file C:/code/RFC-8439-fpga-implementation/AES-Cam-on-PYNQ-Z2-main/AES-Cam-on-PYNQ-Z2-main/AES_SYS/AES_SYS.srcs/utils_1/imports/synth_1/AES_SYS_wrapper.dcp with file C:/code/RFC-8439-fpga-implementation/AES-Cam-on-PYNQ-Z2-main/AES-Cam-on-PYNQ-Z2-main/AES_SYS/AES_SYS.runs/synth_1/AES_SYS_wrapper.dcp
launch_runs impl_1 -to_step write_bitstream -jobs 32
[Wed May 27 02:37:43 2026] Launched synth_1...
Run output will be captured here: C:/code/RFC-8439-fpga-implementation/AES-Cam-on-PYNQ-Z2-main/AES-Cam-on-PYNQ-Z2-main/AES_SYS/AES_SYS.runs/synth_1/runme.log
[Wed May 27 02:37:43 2026] Launched impl_1...
Run output will be captured here: C:/code/RFC-8439-fpga-implementation/AES-Cam-on-PYNQ-Z2-main/AES-Cam-on-PYNQ-Z2-main/AES_SYS/AES_SYS.runs/impl_1/runme.log
INFO: [Ipptcl 7-1463] No Compatible Board Interface found. Board Tab not created in customize GUI
disconnect_bd_net /rst_ps7_0_100M_peripheral_aresetn [get_bd_pins axi_vdma_0/axi_resetn]
connect_bd_net [get_bd_pins proc_sys_reset_0/peripheral_aresetn] [get_bd_pins axi_vdma_0/axi_resetn]
generate_target all [get_files  C:/code/RFC-8439-fpga-implementation/AES-Cam-on-PYNQ-Z2-main/AES-Cam-on-PYNQ-Z2-main/AES_SYS/AES_SYS.srcs/sources_1/bd/AES_SYS/AES_SYS.bd]
WARNING: [BD 41-2670] Found an incomplete address path from address space '/processing_system7_0/Data' to master interface '/ps7_0_axi_periph/M07_AXI'. Please either complete or remove this path to resolve.
WARNING: [BD 41-2670] Found an incomplete address path from address space '/processing_system7_0/Data' to master interface '/ps7_0_axi_periph/M12_AXI'. Please either complete or remove this path to resolve.
WARNING: [BD 41-2670] Found an incomplete address path from address space '/processing_system7_0/Data' to master interface '/ps7_0_axi_periph/M10_AXI'. Please either complete or remove this path to resolve.
WARNING: [BD 5-699] No address segments matched 'get_bd_addr_segs -addressables -of_objects /processing_system7_0/FCLK_RESET0_N'
WARNING: [BD 5-699] No address segments matched 'get_bd_addr_segs -addressables -of_objects /processing_system7_0/FCLK_RESET0_N'
WARNING: [BD 5-699] No address segments matched 'get_bd_addr_segs -addressables -of_objects /processing_system7_0/FCLK_RESET0_N'
WARNING: [BD 41-1284] Cannot set parameter FREQ_HZ on port /v_axi4s_vid_out_0/aclken
WARNING: [BD 41-1284] Cannot set parameter PHASE on port /v_axi4s_vid_out_0/aclken
WARNING: [BD 41-1284] Cannot set parameter CLK_DOMAIN on port /v_axi4s_vid_out_0/aclken
WARNING: [BD 41-1284] Cannot set parameter FREQ_HZ on port /v_axi4s_vid_out_0/vid_io_out_ce
WARNING: [BD 41-1284] Cannot set parameter PHASE on port /v_axi4s_vid_out_0/vid_io_out_ce
WARNING: [BD 41-1284] Cannot set parameter CLK_DOMAIN on port /v_axi4s_vid_out_0/vid_io_out_ce
WARNING: [BD 41-1284] Cannot set parameter FREQ_HZ on port /v_tc_0/clken
WARNING: [BD 41-1284] Cannot set parameter PHASE on port /v_tc_0/clken
WARNING: [BD 41-1284] Cannot set parameter CLK_DOMAIN on port /v_tc_0/clken
WARNING: [BD 41-1284] Cannot set parameter FREQ_HZ on port /v_axi4s_vid_out_0/aclken
WARNING: [BD 41-1284] Cannot set parameter PHASE on port /v_axi4s_vid_out_0/aclken
WARNING: [BD 41-1284] Cannot set parameter CLK_DOMAIN on port /v_axi4s_vid_out_0/aclken
WARNING: [BD 41-1284] Cannot set parameter FREQ_HZ on port /v_axi4s_vid_out_0/vid_io_out_ce
WARNING: [BD 41-1284] Cannot set parameter PHASE on port /v_axi4s_vid_out_0/vid_io_out_ce
WARNING: [BD 41-1284] Cannot set parameter CLK_DOMAIN on port /v_axi4s_vid_out_0/vid_io_out_ce
WARNING: [BD 41-1284] Cannot set parameter FREQ_HZ on port /v_tc_0/clken
WARNING: [BD 41-1284] Cannot set parameter PHASE on port /v_tc_0/clken
WARNING: [BD 41-1284] Cannot set parameter CLK_DOMAIN on port /v_tc_0/clken
WARNING: [BD 41-1284] Cannot set parameter FREQ_HZ on port /v_axi4s_vid_out_0/aclken
WARNING: [BD 41-1284] Cannot set parameter PHASE on port /v_axi4s_vid_out_0/aclken
WARNING: [BD 41-1284] Cannot set parameter CLK_DOMAIN on port /v_axi4s_vid_out_0/aclken
WARNING: [BD 41-1284] Cannot set parameter FREQ_HZ on port /v_axi4s_vid_out_0/vid_io_out_ce
WARNING: [BD 41-1284] Cannot set parameter PHASE on port /v_axi4s_vid_out_0/vid_io_out_ce
WARNING: [BD 41-1284] Cannot set parameter CLK_DOMAIN on port /v_axi4s_vid_out_0/vid_io_out_ce
WARNING: [BD 41-1284] Cannot set parameter FREQ_HZ on port /v_tc_0/clken
WARNING: [BD 41-1284] Cannot set parameter PHASE on port /v_tc_0/clken
WARNING: [BD 41-1284] Cannot set parameter CLK_DOMAIN on port /v_tc_0/clken
WARNING: [BD 41-1284] Cannot set parameter FREQ_HZ on port /v_axi4s_vid_out_0/aclken
WARNING: [BD 41-1284] Cannot set parameter PHASE on port /v_axi4s_vid_out_0/aclken
WARNING: [BD 41-1284] Cannot set parameter CLK_DOMAIN on port /v_axi4s_vid_out_0/aclken
WARNING: [BD 41-1284] Cannot set parameter FREQ_HZ on port /v_axi4s_vid_out_0/vid_io_out_ce
WARNING: [BD 41-1284] Cannot set parameter PHASE on port /v_axi4s_vid_out_0/vid_io_out_ce
WARNING: [BD 41-1284] Cannot set parameter CLK_DOMAIN on port /v_axi4s_vid_out_0/vid_io_out_ce
WARNING: [BD 41-1284] Cannot set parameter FREQ_HZ on port /v_tc_0/clken
WARNING: [BD 41-1284] Cannot set parameter PHASE on port /v_tc_0/clken
WARNING: [BD 41-1284] Cannot set parameter CLK_DOMAIN on port /v_tc_0/clken
WARNING: [BD 41-1284] Cannot set parameter FREQ_HZ on port /v_axi4s_vid_out_0/aclken
WARNING: [BD 41-1284] Cannot set parameter PHASE on port /v_axi4s_vid_out_0/aclken
WARNING: [BD 41-1284] Cannot set parameter CLK_DOMAIN on port /v_axi4s_vid_out_0/aclken
WARNING: [BD 41-1284] Cannot set parameter FREQ_HZ on port /v_axi4s_vid_out_0/vid_io_out_ce
WARNING: [BD 41-1284] Cannot set parameter PHASE on port /v_axi4s_vid_out_0/vid_io_out_ce
WARNING: [BD 41-1284] Cannot set parameter CLK_DOMAIN on port /v_axi4s_vid_out_0/vid_io_out_ce
WARNING: [BD 41-1284] Cannot set parameter FREQ_HZ on port /v_tc_0/clken
WARNING: [BD 41-1284] Cannot set parameter PHASE on port /v_tc_0/clken
WARNING: [BD 41-1284] Cannot set parameter CLK_DOMAIN on port /v_tc_0/clken
WARNING: [BD 41-1284] Cannot set parameter FREQ_HZ on port /v_axi4s_vid_out_0/aclken
WARNING: [BD 41-1284] Cannot set parameter PHASE on port /v_axi4s_vid_out_0/aclken
WARNING: [BD 41-1284] Cannot set parameter CLK_DOMAIN on port /v_axi4s_vid_out_0/aclken
WARNING: [BD 41-1284] Cannot set parameter FREQ_HZ on port /v_axi4s_vid_out_0/vid_io_out_ce
WARNING: [BD 41-1284] Cannot set parameter PHASE on port /v_axi4s_vid_out_0/vid_io_out_ce
WARNING: [BD 41-1284] Cannot set parameter CLK_DOMAIN on port /v_axi4s_vid_out_0/vid_io_out_ce
WARNING: [BD 41-1284] Cannot set parameter FREQ_HZ on port /v_tc_0/clken
WARNING: [BD 41-1284] Cannot set parameter PHASE on port /v_tc_0/clken
WARNING: [BD 41-1284] Cannot set parameter CLK_DOMAIN on port /v_tc_0/clken
WARNING: [BD 41-1284] Cannot set parameter FREQ_HZ on port /v_axi4s_vid_out_0/aclken
WARNING: [BD 41-1284] Cannot set parameter PHASE on port /v_axi4s_vid_out_0/aclken
WARNING: [BD 41-1284] Cannot set parameter CLK_DOMAIN on port /v_axi4s_vid_out_0/aclken
WARNING: [BD 41-1284] Cannot set parameter FREQ_HZ on port /v_axi4s_vid_out_0/vid_io_out_ce
WARNING: [BD 41-1284] Cannot set parameter PHASE on port /v_axi4s_vid_out_0/vid_io_out_ce
WARNING: [BD 41-1284] Cannot set parameter CLK_DOMAIN on port /v_axi4s_vid_out_0/vid_io_out_ce
WARNING: [BD 41-1284] Cannot set parameter FREQ_HZ on port /v_tc_0/clken
WARNING: [BD 41-1284] Cannot set parameter PHASE on port /v_tc_0/clken
WARNING: [BD 41-1284] Cannot set parameter CLK_DOMAIN on port /v_tc_0/clken
WARNING: [BD 41-1284] Cannot set parameter FREQ_HZ on port /v_axi4s_vid_out_0/aclken
WARNING: [BD 41-1284] Cannot set parameter PHASE on port /v_axi4s_vid_out_0/aclken
WARNING: [BD 41-1284] Cannot set parameter CLK_DOMAIN on port /v_axi4s_vid_out_0/aclken
WARNING: [BD 41-1284] Cannot set parameter FREQ_HZ on port /v_axi4s_vid_out_0/vid_io_out_ce
WARNING: [BD 41-1284] Cannot set parameter PHASE on port /v_axi4s_vid_out_0/vid_io_out_ce
WARNING: [BD 41-1284] Cannot set parameter CLK_DOMAIN on port /v_axi4s_vid_out_0/vid_io_out_ce
WARNING: [BD 41-1284] Cannot set parameter FREQ_HZ on port /v_tc_0/clken
WARNING: [BD 41-1284] Cannot set parameter PHASE on port /v_tc_0/clken
WARNING: [BD 41-1284] Cannot set parameter CLK_DOMAIN on port /v_tc_0/clken
WARNING: [BD 41-1284] Cannot set parameter FREQ_HZ on port /v_axi4s_vid_out_0/aclken
WARNING: [BD 41-1284] Cannot set parameter PHASE on port /v_axi4s_vid_out_0/aclken
WARNING: [BD 41-1284] Cannot set parameter CLK_DOMAIN on port /v_axi4s_vid_out_0/aclken
WARNING: [BD 41-1284] Cannot set parameter FREQ_HZ on port /v_axi4s_vid_out_0/vid_io_out_ce
WARNING: [BD 41-1284] Cannot set parameter PHASE on port /v_axi4s_vid_out_0/vid_io_out_ce
WARNING: [BD 41-1284] Cannot set parameter CLK_DOMAIN on port /v_axi4s_vid_out_0/vid_io_out_ce
WARNING: [BD 41-1284] Cannot set parameter FREQ_HZ on port /v_tc_0/clken
WARNING: [BD 41-1284] Cannot set parameter PHASE on port /v_tc_0/clken
WARNING: [BD 41-1284] Cannot set parameter CLK_DOMAIN on port /v_tc_0/clken
WARNING: [BD 41-1284] Cannot set parameter FREQ_HZ on port /v_axi4s_vid_out_0/aclken
WARNING: [BD 41-1284] Cannot set parameter PHASE on port /v_axi4s_vid_out_0/aclken
WARNING: [BD 41-1284] Cannot set parameter CLK_DOMAIN on port /v_axi4s_vid_out_0/aclken
WARNING: [BD 41-1284] Cannot set parameter FREQ_HZ on port /v_axi4s_vid_out_0/vid_io_out_ce
WARNING: [BD 41-1284] Cannot set parameter PHASE on port /v_axi4s_vid_out_0/vid_io_out_ce
WARNING: [BD 41-1284] Cannot set parameter CLK_DOMAIN on port /v_axi4s_vid_out_0/vid_io_out_ce
WARNING: [BD 41-1284] Cannot set parameter FREQ_HZ on port /v_tc_0/clken
WARNING: [BD 41-1284] Cannot set parameter PHASE on port /v_tc_0/clken
WARNING: [BD 41-1284] Cannot set parameter CLK_DOMAIN on port /v_tc_0/clken
WARNING: [BD 41-702] Propagation TCL tries to overwrite USER strength parameter PCW_M_AXI_GP0_FREQMHZ(10) on '/processing_system7_0' with propagated value(50). Command ignored
WARNING: [BD 41-702] Propagation TCL tries to overwrite USER strength parameter PCW_S_AXI_HP0_FREQMHZ(10) on '/processing_system7_0' with propagated value(50). Command ignored
WARNING: [BD 41-702] Propagation TCL tries to overwrite USER strength parameter PCW_S_AXI_HP1_FREQMHZ(10) on '/processing_system7_0' with propagated value(50). Command ignored
CRITICAL WARNING: [BD 41-1344] Reset pin /axi_vdma_0/axi_resetn (associated clock /axi_vdma_0/s_axi_lite_aclk) is connected to reset source /proc_sys_reset_0/peripheral_aresetn (synchronous to clock source /clk_wiz_0/clk_out1).
This may prevent design from meeting timing. Instead it should be connected to reset source /rst_ps7_0_100M/peripheral_aresetn.
INFO: [xilinx.com:ip:axi_vdma:6.3-15] /axi_vdma_0 
                    All clocks connected to AXI VDMA are not identical, therefore configuring AXI-VDMA in ASYNC mode.
WARNING: [xilinx.com:ip:axi_vdma:6.3-155] /axi_vdma_0 
                    To get the better performance, ensure AXI Memory Map clock frequency is greater than equal to AXI Streaming clock frequency.
WARNING: [xilinx.com:ip:axi_intc:4.1-13] /axi_intc_0: Interrupt output connection Bus is selected, but the interrupt bus interface is not connected to a matching interface. Please consider selecting Single instead.
INFO: [xilinx.com:ip:clk_wiz:6.0-1] /clk_wiz_0 clk_wiz propagate
INFO: [xilinx.com:ip:clk_wiz:6.0-1] /clk_wiz_0 clk_wiz propagate
Wrote  : <C:\code\RFC-8439-fpga-implementation\AES-Cam-on-PYNQ-Z2-main\AES-Cam-on-PYNQ-Z2-main\AES_SYS\AES_SYS.srcs\sources_1\bd\AES_SYS\AES_SYS.bd> 
Wrote  : <C:/code/RFC-8439-fpga-implementation/AES-Cam-on-PYNQ-Z2-main/AES-Cam-on-PYNQ-Z2-main/AES_SYS/AES_SYS.srcs/sources_1/bd/AES_SYS/ui/bd_9341033d.ui> 
WARNING: [BD 41-2384] Width mismatch when connecting pin: '/axi_mem_intercon/m00_couplers/auto_pc/m_axi_rid'(1) to pin: '/axi_mem_intercon/m00_couplers/M_AXI_rid'(6) - Only lower order bits will be connected.
WARNING: [BD 41-2384] Width mismatch when connecting pin: '/axi_mem_intercon/m00_couplers/auto_pc/m_axi_bid'(1) to pin: '/axi_mem_intercon/m00_couplers/M_AXI_bid'(6) - Only lower order bits will be connected.
WARNING: [BD 41-2384] Width mismatch when connecting pin: '/axi_bram_ctrl_0_bram/addra'(32) to pin: '/axi_bram_ctrl_0/bram_addr_a'(18) - Only lower order bits will be connected.
WARNING: [BD 41-2384] Width mismatch when connecting pin: '/axi_bram_ctrl_0_bram1/addra'(32) to pin: '/axi_bram_ctrl_1/bram_addr_a'(18) - Only lower order bits will be connected.
WARNING: [BD 41-2384] Width mismatch when connecting pin: '/processing_system7_0/S_AXI_HP0_AWID'(6) to pin: '/axi_mem_intercon/M00_AXI_awid'(1) - Only lower order bits will be connected.
WARNING: [BD 41-2384] Width mismatch when connecting pin: '/processing_system7_0/S_AXI_HP0_ARID'(6) to pin: '/axi_mem_intercon/M00_AXI_arid'(1) - Only lower order bits will be connected.
WARNING: [BD 41-2384] Width mismatch when connecting pin: '/processing_system7_0/S_AXI_HP0_WID'(6) to pin: '/axi_mem_intercon/M00_AXI_wid'(1) - Only lower order bits will be connected.
Verilog Output written to : c:/code/RFC-8439-fpga-implementation/AES-Cam-on-PYNQ-Z2-main/AES-Cam-on-PYNQ-Z2-main/AES_SYS/AES_SYS.gen/sources_1/bd/AES_SYS/synth/AES_SYS.v
WARNING: [BD 41-2384] Width mismatch when connecting pin: '/axi_mem_intercon/m00_couplers/auto_pc/m_axi_rid'(1) to pin: '/axi_mem_intercon/m00_couplers/M_AXI_rid'(6) - Only lower order bits will be connected.
WARNING: [BD 41-2384] Width mismatch when connecting pin: '/axi_mem_intercon/m00_couplers/auto_pc/m_axi_bid'(1) to pin: '/axi_mem_intercon/m00_couplers/M_AXI_bid'(6) - Only lower order bits will be connected.
WARNING: [BD 41-2384] Width mismatch when connecting pin: '/axi_bram_ctrl_0_bram/addra'(32) to pin: '/axi_bram_ctrl_0/bram_addr_a'(18) - Only lower order bits will be connected.
WARNING: [BD 41-2384] Width mismatch when connecting pin: '/axi_bram_ctrl_0_bram1/addra'(32) to pin: '/axi_bram_ctrl_1/bram_addr_a'(18) - Only lower order bits will be connected.
WARNING: [BD 41-2384] Width mismatch when connecting pin: '/processing_system7_0/S_AXI_HP0_AWID'(6) to pin: '/axi_mem_intercon/M00_AXI_awid'(1) - Only lower order bits will be connected.
WARNING: [BD 41-2384] Width mismatch when connecting pin: '/processing_system7_0/S_AXI_HP0_ARID'(6) to pin: '/axi_mem_intercon/M00_AXI_arid'(1) - Only lower order bits will be connected.
WARNING: [BD 41-2384] Width mismatch when connecting pin: '/processing_system7_0/S_AXI_HP0_WID'(6) to pin: '/axi_mem_intercon/M00_AXI_wid'(1) - Only lower order bits will be connected.
Verilog Output written to : c:/code/RFC-8439-fpga-implementation/AES-Cam-on-PYNQ-Z2-main/AES-Cam-on-PYNQ-Z2-main/AES_SYS/AES_SYS.gen/sources_1/bd/AES_SYS/sim/AES_SYS.v
Verilog Output written to : c:/code/RFC-8439-fpga-implementation/AES-Cam-on-PYNQ-Z2-main/AES-Cam-on-PYNQ-Z2-main/AES_SYS/AES_SYS.gen/sources_1/bd/AES_SYS/hdl/AES_SYS_wrapper.v
WARNING: [IP_Flow 19-4994] Overwriting existing constraint file 'c:/code/RFC-8439-fpga-implementation/AES-Cam-on-PYNQ-Z2-main/AES-Cam-on-PYNQ-Z2-main/AES_SYS/AES_SYS.gen/sources_1/bd/AES_SYS/ip/AES_SYS_auto_pc_11/AES_SYS_auto_pc_11_ooc.xdc'
INFO: [BD 41-1029] Generation completed for the IP Integrator block ps7_0_axi_periph/s00_couplers/auto_pc .
WARNING: [IP_Flow 19-4994] Overwriting existing constraint file 'c:/code/RFC-8439-fpga-implementation/AES-Cam-on-PYNQ-Z2-main/AES-Cam-on-PYNQ-Z2-main/AES_SYS/AES_SYS.gen/sources_1/bd/AES_SYS/ip/AES_SYS_auto_pc_0/AES_SYS_auto_pc_0_ooc.xdc'
INFO: [BD 41-1029] Generation completed for the IP Integrator block ps7_0_axi_periph/m00_couplers/auto_pc .
WARNING: [IP_Flow 19-4994] Overwriting existing constraint file 'c:/code/RFC-8439-fpga-implementation/AES-Cam-on-PYNQ-Z2-main/AES-Cam-on-PYNQ-Z2-main/AES_SYS/AES_SYS.gen/sources_1/bd/AES_SYS/ip/AES_SYS_auto_pc_1/AES_SYS_auto_pc_1_ooc.xdc'
INFO: [BD 41-1029] Generation completed for the IP Integrator block ps7_0_axi_periph/m01_couplers/auto_pc .
WARNING: [IP_Flow 19-4994] Overwriting existing constraint file 'c:/code/RFC-8439-fpga-implementation/AES-Cam-on-PYNQ-Z2-main/AES-Cam-on-PYNQ-Z2-main/AES_SYS/AES_SYS.gen/sources_1/bd/AES_SYS/ip/AES_SYS_auto_pc_2/AES_SYS_auto_pc_2_ooc.xdc'
INFO: [BD 41-1029] Generation completed for the IP Integrator block ps7_0_axi_periph/m02_couplers/auto_pc .
WARNING: [IP_Flow 19-4994] Overwriting existing constraint file 'c:/code/RFC-8439-fpga-implementation/AES-Cam-on-PYNQ-Z2-main/AES-Cam-on-PYNQ-Z2-main/AES_SYS/AES_SYS.gen/sources_1/bd/AES_SYS/ip/AES_SYS_auto_pc_3/AES_SYS_auto_pc_3_ooc.xdc'
INFO: [BD 41-1029] Generation completed for the IP Integrator block ps7_0_axi_periph/m03_couplers/auto_pc .
WARNING: [IP_Flow 19-4994] Overwriting existing constraint file 'c:/code/RFC-8439-fpga-implementation/AES-Cam-on-PYNQ-Z2-main/AES-Cam-on-PYNQ-Z2-main/AES_SYS/AES_SYS.gen/sources_1/bd/AES_SYS/ip/AES_SYS_auto_pc_4/AES_SYS_auto_pc_4_ooc.xdc'
INFO: [BD 41-1029] Generation completed for the IP Integrator block ps7_0_axi_periph/m04_couplers/auto_pc .
WARNING: [IP_Flow 19-4994] Overwriting existing constraint file 'c:/code/RFC-8439-fpga-implementation/AES-Cam-on-PYNQ-Z2-main/AES-Cam-on-PYNQ-Z2-main/AES_SYS/AES_SYS.gen/sources_1/bd/AES_SYS/ip/AES_SYS_auto_pc_5/AES_SYS_auto_pc_5_ooc.xdc'
INFO: [BD 41-1029] Generation completed for the IP Integrator block ps7_0_axi_periph/m05_couplers/auto_pc .
WARNING: [IP_Flow 19-4994] Overwriting existing constraint file 'c:/code/RFC-8439-fpga-implementation/AES-Cam-on-PYNQ-Z2-main/AES-Cam-on-PYNQ-Z2-main/AES_SYS/AES_SYS.gen/sources_1/bd/AES_SYS/ip/AES_SYS_auto_pc_6/AES_SYS_auto_pc_6_ooc.xdc'
INFO: [BD 41-1029] Generation completed for the IP Integrator block ps7_0_axi_periph/m06_couplers/auto_pc .
WARNING: [IP_Flow 19-4994] Overwriting existing constraint file 'c:/code/RFC-8439-fpga-implementation/AES-Cam-on-PYNQ-Z2-main/AES-Cam-on-PYNQ-Z2-main/AES_SYS/AES_SYS.gen/sources_1/bd/AES_SYS/ip/AES_SYS_auto_pc_7/AES_SYS_auto_pc_7_ooc.xdc'
INFO: [BD 41-1029] Generation completed for the IP Integrator block ps7_0_axi_periph/m08_couplers/auto_pc .
WARNING: [IP_Flow 19-4994] Overwriting existing constraint file 'c:/code/RFC-8439-fpga-implementation/AES-Cam-on-PYNQ-Z2-main/AES-Cam-on-PYNQ-Z2-main/AES_SYS/AES_SYS.gen/sources_1/bd/AES_SYS/ip/AES_SYS_auto_pc_8/AES_SYS_auto_pc_8_ooc.xdc'
INFO: [BD 41-1029] Generation completed for the IP Integrator block ps7_0_axi_periph/m09_couplers/auto_pc .
WARNING: [IP_Flow 19-4994] Overwriting existing constraint file 'c:/code/RFC-8439-fpga-implementation/AES-Cam-on-PYNQ-Z2-main/AES-Cam-on-PYNQ-Z2-main/AES_SYS/AES_SYS.gen/sources_1/bd/AES_SYS/ip/AES_SYS_auto_pc_9/AES_SYS_auto_pc_9_ooc.xdc'
INFO: [BD 41-1029] Generation completed for the IP Integrator block ps7_0_axi_periph/m11_couplers/auto_pc .
WARNING: [IP_Flow 19-4994] Overwriting existing constraint file 'c:/code/RFC-8439-fpga-implementation/AES-Cam-on-PYNQ-Z2-main/AES-Cam-on-PYNQ-Z2-main/AES_SYS/AES_SYS.gen/sources_1/bd/AES_SYS/ip/AES_SYS_auto_pc_10/AES_SYS_auto_pc_10_ooc.xdc'
INFO: [BD 41-1029] Generation completed for the IP Integrator block ps7_0_axi_periph/m13_couplers/auto_pc .
WARNING: [IP_Flow 19-4994] Overwriting existing constraint file 'c:/code/RFC-8439-fpga-implementation/AES-Cam-on-PYNQ-Z2-main/AES-Cam-on-PYNQ-Z2-main/AES_SYS/AES_SYS.gen/sources_1/bd/AES_SYS/ip/AES_SYS_auto_pc_12/AES_SYS_auto_pc_12_ooc.xdc'
INFO: [BD 41-1029] Generation completed for the IP Integrator block axi_mem_intercon/m00_couplers/auto_pc .
WARNING: [IP_Flow 19-4994] Overwriting existing constraint file 'c:/code/RFC-8439-fpga-implementation/AES-Cam-on-PYNQ-Z2-main/AES-Cam-on-PYNQ-Z2-main/AES_SYS/AES_SYS.gen/sources_1/bd/AES_SYS/ip/AES_SYS_auto_us_0/AES_SYS_auto_us_0_ooc.xdc'
INFO: [IP_Flow 19-5611] Unable to find an associated reset port for the interface 'S_AXI'. A default connection has been created.
INFO: [IP_Flow 19-5611] Unable to find an associated reset port for the interface 'M_AXI'. A default connection has been created.
INFO: [BD 41-1029] Generation completed for the IP Integrator block axi_mem_intercon_1/s00_couplers/auto_us .
WARNING: [IP_Flow 19-4994] Overwriting existing constraint file 'c:/code/RFC-8439-fpga-implementation/AES-Cam-on-PYNQ-Z2-main/AES-Cam-on-PYNQ-Z2-main/AES_SYS/AES_SYS.gen/sources_1/bd/AES_SYS/ip/AES_SYS_auto_pc_13/AES_SYS_auto_pc_13_ooc.xdc'
INFO: [BD 41-1029] Generation completed for the IP Integrator block axi_mem_intercon_1/m00_couplers/auto_pc .
WARNING: [IP_Flow 19-4994] Overwriting existing constraint file 'c:/code/RFC-8439-fpga-implementation/AES-Cam-on-PYNQ-Z2-main/AES-Cam-on-PYNQ-Z2-main/AES_SYS/AES_SYS.gen/sources_1/bd/AES_SYS/ip/AES_SYS_auto_ds_0/AES_SYS_auto_ds_0_ooc.xdc'
INFO: [IP_Flow 19-5611] Unable to find an associated reset port for the interface 'S_AXI'. A default connection has been created.
INFO: [IP_Flow 19-5611] Unable to find an associated reset port for the interface 'M_AXI'. A default connection has been created.
INFO: [BD 41-1029] Generation completed for the IP Integrator block axi_mem_intercon_1/m01_couplers/auto_ds .
WARNING: [IP_Flow 19-4994] Overwriting existing constraint file 'c:/code/RFC-8439-fpga-implementation/AES-Cam-on-PYNQ-Z2-main/AES-Cam-on-PYNQ-Z2-main/AES_SYS/AES_SYS.gen/sources_1/bd/AES_SYS/ip/AES_SYS_auto_ds_1/AES_SYS_auto_ds_1_ooc.xdc'
INFO: [IP_Flow 19-5611] Unable to find an associated reset port for the interface 'S_AXI'. A default connection has been created.
INFO: [IP_Flow 19-5611] Unable to find an associated reset port for the interface 'M_AXI'. A default connection has been created.
INFO: [BD 41-1029] Generation completed for the IP Integrator block axi_mem_intercon_1/m02_couplers/auto_ds .
Exporting to file c:/code/RFC-8439-fpga-implementation/AES-Cam-on-PYNQ-Z2-main/AES-Cam-on-PYNQ-Z2-main/AES_SYS/AES_SYS.gen/sources_1/bd/AES_SYS/hw_handoff/AES_SYS.hwh
Generated Hardware Definition File c:/code/RFC-8439-fpga-implementation/AES-Cam-on-PYNQ-Z2-main/AES-Cam-on-PYNQ-Z2-main/AES_SYS/AES_SYS.gen/sources_1/bd/AES_SYS/synth/AES_SYS.hwdef
generate_target: Time (s): cpu = 00:00:42 ; elapsed = 00:00:46 . Memory (MB): peak = 4139.668 ; gain = 4.883
catch { config_ip_cache -export [get_ips -all AES_SYS_auto_pc_11] }
INFO: [IP_Flow 19-6924] IPCACHE: Running cache check for IP inst: AES_SYS_auto_pc_11
INFO: [IP_Flow 19-6922] IPCACHE: Exporting cached entry e640ebf91d268473 to dir: c:/code/RFC-8439-fpga-implementation/AES-Cam-on-PYNQ-Z2-main/AES-Cam-on-PYNQ-Z2-main/AES_SYS/AES_SYS.gen/sources_1/bd/AES_SYS/ip/AES_SYS_auto_pc_11
INFO: [IP_Flow 19-6928] IPCACHE: copied cached file c:/code/RFC-8439-fpga-implementation/AES-Cam-on-PYNQ-Z2-main/AES-Cam-on-PYNQ-Z2-main/AES_SYS/AES_SYS.cache/ip/2023.2/e/6/e640ebf91d268473/AES_SYS_auto_pc_11.dcp to c:/code/RFC-8439-fpga-implementation/AES-Cam-on-PYNQ-Z2-main/AES-Cam-on-PYNQ-Z2-main/AES_SYS/AES_SYS.gen/sources_1/bd/AES_SYS/ip/AES_SYS_auto_pc_11/AES_SYS_auto_pc_11.dcp.
INFO: [IP_Flow 19-6926] IPCACHE: added file to list for BOM: c:/code/RFC-8439-fpga-implementation/AES-Cam-on-PYNQ-Z2-main/AES-Cam-on-PYNQ-Z2-main/AES_SYS/AES_SYS.gen/sources_1/bd/AES_SYS/ip/AES_SYS_auto_pc_11/AES_SYS_auto_pc_11.dcp
INFO: [IP_Flow 19-6928] IPCACHE: copied cached file c:/code/RFC-8439-fpga-implementation/AES-Cam-on-PYNQ-Z2-main/AES-Cam-on-PYNQ-Z2-main/AES_SYS/AES_SYS.cache/ip/2023.2/e/6/e640ebf91d268473/AES_SYS_auto_pc_11_sim_netlist.v to c:/code/RFC-8439-fpga-implementation/AES-Cam-on-PYNQ-Z2-main/AES-Cam-on-PYNQ-Z2-main/AES_SYS/AES_SYS.gen/sources_1/bd/AES_SYS/ip/AES_SYS_auto_pc_11/AES_SYS_auto_pc_11_sim_netlist.v.
INFO: [IP_Flow 19-6926] IPCACHE: added file to list for BOM: c:/code/RFC-8439-fpga-implementation/AES-Cam-on-PYNQ-Z2-main/AES-Cam-on-PYNQ-Z2-main/AES_SYS/AES_SYS.gen/sources_1/bd/AES_SYS/ip/AES_SYS_auto_pc_11/AES_SYS_auto_pc_11_sim_netlist.v
INFO: [IP_Flow 19-6928] IPCACHE: copied cached file c:/code/RFC-8439-fpga-implementation/AES-Cam-on-PYNQ-Z2-main/AES-Cam-on-PYNQ-Z2-main/AES_SYS/AES_SYS.cache/ip/2023.2/e/6/e640ebf91d268473/AES_SYS_auto_pc_11_sim_netlist.vhdl to c:/code/RFC-8439-fpga-implementation/AES-Cam-on-PYNQ-Z2-main/AES-Cam-on-PYNQ-Z2-main/AES_SYS/AES_SYS.gen/sources_1/bd/AES_SYS/ip/AES_SYS_auto_pc_11/AES_SYS_auto_pc_11_sim_netlist.vhdl.
INFO: [IP_Flow 19-6926] IPCACHE: added file to list for BOM: c:/code/RFC-8439-fpga-implementation/AES-Cam-on-PYNQ-Z2-main/AES-Cam-on-PYNQ-Z2-main/AES_SYS/AES_SYS.gen/sources_1/bd/AES_SYS/ip/AES_SYS_auto_pc_11/AES_SYS_auto_pc_11_sim_netlist.vhdl
INFO: [IP_Flow 19-6928] IPCACHE: copied cached file c:/code/RFC-8439-fpga-implementation/AES-Cam-on-PYNQ-Z2-main/AES-Cam-on-PYNQ-Z2-main/AES_SYS/AES_SYS.cache/ip/2023.2/e/6/e640ebf91d268473/AES_SYS_auto_pc_11_stub.v to c:/code/RFC-8439-fpga-implementation/AES-Cam-on-PYNQ-Z2-main/AES-Cam-on-PYNQ-Z2-main/AES_SYS/AES_SYS.gen/sources_1/bd/AES_SYS/ip/AES_SYS_auto_pc_11/AES_SYS_auto_pc_11_stub.v.
INFO: [IP_Flow 19-6926] IPCACHE: added file to list for BOM: c:/code/RFC-8439-fpga-implementation/AES-Cam-on-PYNQ-Z2-main/AES-Cam-on-PYNQ-Z2-main/AES_SYS/AES_SYS.gen/sources_1/bd/AES_SYS/ip/AES_SYS_auto_pc_11/AES_SYS_auto_pc_11_stub.v
INFO: [IP_Flow 19-6928] IPCACHE: copied cached file c:/code/RFC-8439-fpga-implementation/AES-Cam-on-PYNQ-Z2-main/AES-Cam-on-PYNQ-Z2-main/AES_SYS/AES_SYS.cache/ip/2023.2/e/6/e640ebf91d268473/AES_SYS_auto_pc_11_stub.vhdl to c:/code/RFC-8439-fpga-implementation/AES-Cam-on-PYNQ-Z2-main/AES-Cam-on-PYNQ-Z2-main/AES_SYS/AES_SYS.gen/sources_1/bd/AES_SYS/ip/AES_SYS_auto_pc_11/AES_SYS_auto_pc_11_stub.vhdl.
INFO: [IP_Flow 19-6926] IPCACHE: added file to list for BOM: c:/code/RFC-8439-fpga-implementation/AES-Cam-on-PYNQ-Z2-main/AES-Cam-on-PYNQ-Z2-main/AES_SYS/AES_SYS.gen/sources_1/bd/AES_SYS/ip/AES_SYS_auto_pc_11/AES_SYS_auto_pc_11_stub.vhdl
INFO: [IP_Flow 19-4993] Using cached IP synthesis design for IP AES_SYS_auto_pc_11, cache-ID = e640ebf91d268473; cache size = 170.562 MB.
catch { config_ip_cache -export [get_ips -all AES_SYS_auto_pc_0] }
INFO: [IP_Flow 19-6924] IPCACHE: Running cache check for IP inst: AES_SYS_auto_pc_0
INFO: [IP_Flow 19-6922] IPCACHE: Exporting cached entry 3bc72d579e6ad5e4 to dir: c:/code/RFC-8439-fpga-implementation/AES-Cam-on-PYNQ-Z2-main/AES-Cam-on-PYNQ-Z2-main/AES_SYS/AES_SYS.gen/sources_1/bd/AES_SYS/ip/AES_SYS_auto_pc_0
INFO: [IP_Flow 19-6928] IPCACHE: copied cached file c:/code/RFC-8439-fpga-implementation/AES-Cam-on-PYNQ-Z2-main/AES-Cam-on-PYNQ-Z2-main/AES_SYS/AES_SYS.cache/ip/2023.2/3/b/3bc72d579e6ad5e4/AES_SYS_auto_pc_0.dcp to c:/code/RFC-8439-fpga-implementation/AES-Cam-on-PYNQ-Z2-main/AES-Cam-on-PYNQ-Z2-main/AES_SYS/AES_SYS.gen/sources_1/bd/AES_SYS/ip/AES_SYS_auto_pc_0/AES_SYS_auto_pc_0.dcp.
INFO: [IP_Flow 19-6926] IPCACHE: added file to list for BOM: c:/code/RFC-8439-fpga-implementation/AES-Cam-on-PYNQ-Z2-main/AES-Cam-on-PYNQ-Z2-main/AES_SYS/AES_SYS.gen/sources_1/bd/AES_SYS/ip/AES_SYS_auto_pc_0/AES_SYS_auto_pc_0.dcp
INFO: [IP_Flow 19-6928] IPCACHE: copied cached file c:/code/RFC-8439-fpga-implementation/AES-Cam-on-PYNQ-Z2-main/AES-Cam-on-PYNQ-Z2-main/AES_SYS/AES_SYS.cache/ip/2023.2/3/b/3bc72d579e6ad5e4/AES_SYS_auto_pc_0_sim_netlist.v to c:/code/RFC-8439-fpga-implementation/AES-Cam-on-PYNQ-Z2-main/AES-Cam-on-PYNQ-Z2-main/AES_SYS/AES_SYS.gen/sources_1/bd/AES_SYS/ip/AES_SYS_auto_pc_0/AES_SYS_auto_pc_0_sim_netlist.v.
INFO: [IP_Flow 19-6926] IPCACHE: added file to list for BOM: c:/code/RFC-8439-fpga-implementation/AES-Cam-on-PYNQ-Z2-main/AES-Cam-on-PYNQ-Z2-main/AES_SYS/AES_SYS.gen/sources_1/bd/AES_SYS/ip/AES_SYS_auto_pc_0/AES_SYS_auto_pc_0_sim_netlist.v
INFO: [IP_Flow 19-6928] IPCACHE: copied cached file c:/code/RFC-8439-fpga-implementation/AES-Cam-on-PYNQ-Z2-main/AES-Cam-on-PYNQ-Z2-main/AES_SYS/AES_SYS.cache/ip/2023.2/3/b/3bc72d579e6ad5e4/AES_SYS_auto_pc_0_sim_netlist.vhdl to c:/code/RFC-8439-fpga-implementation/AES-Cam-on-PYNQ-Z2-main/AES-Cam-on-PYNQ-Z2-main/AES_SYS/AES_SYS.gen/sources_1/bd/AES_SYS/ip/AES_SYS_auto_pc_0/AES_SYS_auto_pc_0_sim_netlist.vhdl.
INFO: [IP_Flow 19-6926] IPCACHE: added file to list for BOM: c:/code/RFC-8439-fpga-implementation/AES-Cam-on-PYNQ-Z2-main/AES-Cam-on-PYNQ-Z2-main/AES_SYS/AES_SYS.gen/sources_1/bd/AES_SYS/ip/AES_SYS_auto_pc_0/AES_SYS_auto_pc_0_sim_netlist.vhdl
INFO: [IP_Flow 19-6928] IPCACHE: copied cached file c:/code/RFC-8439-fpga-implementation/AES-Cam-on-PYNQ-Z2-main/AES-Cam-on-PYNQ-Z2-main/AES_SYS/AES_SYS.cache/ip/2023.2/3/b/3bc72d579e6ad5e4/AES_SYS_auto_pc_0_stub.v to c:/code/RFC-8439-fpga-implementation/AES-Cam-on-PYNQ-Z2-main/AES-Cam-on-PYNQ-Z2-main/AES_SYS/AES_SYS.gen/sources_1/bd/AES_SYS/ip/AES_SYS_auto_pc_0/AES_SYS_auto_pc_0_stub.v.
INFO: [IP_Flow 19-6926] IPCACHE: added file to list for BOM: c:/code/RFC-8439-fpga-implementation/AES-Cam-on-PYNQ-Z2-main/AES-Cam-on-PYNQ-Z2-main/AES_SYS/AES_SYS.gen/sources_1/bd/AES_SYS/ip/AES_SYS_auto_pc_0/AES_SYS_auto_pc_0_stub.v
INFO: [IP_Flow 19-6928] IPCACHE: copied cached file c:/code/RFC-8439-fpga-implementation/AES-Cam-on-PYNQ-Z2-main/AES-Cam-on-PYNQ-Z2-main/AES_SYS/AES_SYS.cache/ip/2023.2/3/b/3bc72d579e6ad5e4/AES_SYS_auto_pc_0_stub.vhdl to c:/code/RFC-8439-fpga-implementation/AES-Cam-on-PYNQ-Z2-main/AES-Cam-on-PYNQ-Z2-main/AES_SYS/AES_SYS.gen/sources_1/bd/AES_SYS/ip/AES_SYS_auto_pc_0/AES_SYS_auto_pc_0_stub.vhdl.
INFO: [IP_Flow 19-6926] IPCACHE: added file to list for BOM: c:/code/RFC-8439-fpga-implementation/AES-Cam-on-PYNQ-Z2-main/AES-Cam-on-PYNQ-Z2-main/AES_SYS/AES_SYS.gen/sources_1/bd/AES_SYS/ip/AES_SYS_auto_pc_0/AES_SYS_auto_pc_0_stub.vhdl
INFO: [IP_Flow 19-4993] Using cached IP synthesis design for IP AES_SYS_auto_pc_0, cache-ID = 3bc72d579e6ad5e4; cache size = 170.562 MB.
catch { config_ip_cache -export [get_ips -all AES_SYS_auto_pc_1] }
INFO: [IP_Flow 19-6924] IPCACHE: Running cache check for IP inst: AES_SYS_auto_pc_1
INFO: [IP_Flow 19-6922] IPCACHE: Exporting cached entry 3bc72d579e6ad5e4 to dir: c:/code/RFC-8439-fpga-implementation/AES-Cam-on-PYNQ-Z2-main/AES-Cam-on-PYNQ-Z2-main/AES_SYS/AES_SYS.gen/sources_1/bd/AES_SYS/ip/AES_SYS_auto_pc_1
INFO: [IP_Flow 19-6928] IPCACHE: copied cached file c:/code/RFC-8439-fpga-implementation/AES-Cam-on-PYNQ-Z2-main/AES-Cam-on-PYNQ-Z2-main/AES_SYS/AES_SYS.cache/ip/2023.2/3/b/3bc72d579e6ad5e4/AES_SYS_auto_pc_0.dcp to c:/code/RFC-8439-fpga-implementation/AES-Cam-on-PYNQ-Z2-main/AES-Cam-on-PYNQ-Z2-main/AES_SYS/AES_SYS.gen/sources_1/bd/AES_SYS/ip/AES_SYS_auto_pc_1/AES_SYS_auto_pc_1.dcp.
INFO: [IP_Flow 19-6926] IPCACHE: added file to list for BOM: c:/code/RFC-8439-fpga-implementation/AES-Cam-on-PYNQ-Z2-main/AES-Cam-on-PYNQ-Z2-main/AES_SYS/AES_SYS.gen/sources_1/bd/AES_SYS/ip/AES_SYS_auto_pc_1/AES_SYS_auto_pc_1.dcp
INFO: [IP_Flow 19-6928] IPCACHE: copied cached file c:/code/RFC-8439-fpga-implementation/AES-Cam-on-PYNQ-Z2-main/AES-Cam-on-PYNQ-Z2-main/AES_SYS/AES_SYS.cache/ip/2023.2/3/b/3bc72d579e6ad5e4/AES_SYS_auto_pc_0_sim_netlist.v to c:/code/RFC-8439-fpga-implementation/AES-Cam-on-PYNQ-Z2-main/AES-Cam-on-PYNQ-Z2-main/AES_SYS/AES_SYS.gen/sources_1/bd/AES_SYS/ip/AES_SYS_auto_pc_1/AES_SYS_auto_pc_1_sim_netlist.v.
INFO: [IP_Flow 19-6926] IPCACHE: added file to list for BOM: c:/code/RFC-8439-fpga-implementation/AES-Cam-on-PYNQ-Z2-main/AES-Cam-on-PYNQ-Z2-main/AES_SYS/AES_SYS.gen/sources_1/bd/AES_SYS/ip/AES_SYS_auto_pc_1/AES_SYS_auto_pc_1_sim_netlist.v
INFO: [IP_Flow 19-6928] IPCACHE: copied cached file c:/code/RFC-8439-fpga-implementation/AES-Cam-on-PYNQ-Z2-main/AES-Cam-on-PYNQ-Z2-main/AES_SYS/AES_SYS.cache/ip/2023.2/3/b/3bc72d579e6ad5e4/AES_SYS_auto_pc_0_sim_netlist.vhdl to c:/code/RFC-8439-fpga-implementation/AES-Cam-on-PYNQ-Z2-main/AES-Cam-on-PYNQ-Z2-main/AES_SYS/AES_SYS.gen/sources_1/bd/AES_SYS/ip/AES_SYS_auto_pc_1/AES_SYS_auto_pc_1_sim_netlist.vhdl.
INFO: [IP_Flow 19-6926] IPCACHE: added file to list for BOM: c:/code/RFC-8439-fpga-implementation/AES-Cam-on-PYNQ-Z2-main/AES-Cam-on-PYNQ-Z2-main/AES_SYS/AES_SYS.gen/sources_1/bd/AES_SYS/ip/AES_SYS_auto_pc_1/AES_SYS_auto_pc_1_sim_netlist.vhdl
INFO: [IP_Flow 19-6928] IPCACHE: copied cached file c:/code/RFC-8439-fpga-implementation/AES-Cam-on-PYNQ-Z2-main/AES-Cam-on-PYNQ-Z2-main/AES_SYS/AES_SYS.cache/ip/2023.2/3/b/3bc72d579e6ad5e4/AES_SYS_auto_pc_0_stub.v to c:/code/RFC-8439-fpga-implementation/AES-Cam-on-PYNQ-Z2-main/AES-Cam-on-PYNQ-Z2-main/AES_SYS/AES_SYS.gen/sources_1/bd/AES_SYS/ip/AES_SYS_auto_pc_1/AES_SYS_auto_pc_1_stub.v.
INFO: [IP_Flow 19-6926] IPCACHE: added file to list for BOM: c:/code/RFC-8439-fpga-implementation/AES-Cam-on-PYNQ-Z2-main/AES-Cam-on-PYNQ-Z2-main/AES_SYS/AES_SYS.gen/sources_1/bd/AES_SYS/ip/AES_SYS_auto_pc_1/AES_SYS_auto_pc_1_stub.v
INFO: [IP_Flow 19-6928] IPCACHE: copied cached file c:/code/RFC-8439-fpga-implementation/AES-Cam-on-PYNQ-Z2-main/AES-Cam-on-PYNQ-Z2-main/AES_SYS/AES_SYS.cache/ip/2023.2/3/b/3bc72d579e6ad5e4/AES_SYS_auto_pc_0_stub.vhdl to c:/code/RFC-8439-fpga-implementation/AES-Cam-on-PYNQ-Z2-main/AES-Cam-on-PYNQ-Z2-main/AES_SYS/AES_SYS.gen/sources_1/bd/AES_SYS/ip/AES_SYS_auto_pc_1/AES_SYS_auto_pc_1_stub.vhdl.
INFO: [IP_Flow 19-6926] IPCACHE: added file to list for BOM: c:/code/RFC-8439-fpga-implementation/AES-Cam-on-PYNQ-Z2-main/AES-Cam-on-PYNQ-Z2-main/AES_SYS/AES_SYS.gen/sources_1/bd/AES_SYS/ip/AES_SYS_auto_pc_1/AES_SYS_auto_pc_1_stub.vhdl
INFO: [IP_Flow 19-4993] Using cached IP synthesis design for IP AES_SYS_auto_pc_1, cache-ID = 3bc72d579e6ad5e4; cache size = 170.562 MB.
catch { config_ip_cache -export [get_ips -all AES_SYS_auto_pc_2] }
INFO: [IP_Flow 19-6924] IPCACHE: Running cache check for IP inst: AES_SYS_auto_pc_2
INFO: [IP_Flow 19-6922] IPCACHE: Exporting cached entry 3bc72d579e6ad5e4 to dir: c:/code/RFC-8439-fpga-implementation/AES-Cam-on-PYNQ-Z2-main/AES-Cam-on-PYNQ-Z2-main/AES_SYS/AES_SYS.gen/sources_1/bd/AES_SYS/ip/AES_SYS_auto_pc_2
INFO: [IP_Flow 19-6928] IPCACHE: copied cached file c:/code/RFC-8439-fpga-implementation/AES-Cam-on-PYNQ-Z2-main/AES-Cam-on-PYNQ-Z2-main/AES_SYS/AES_SYS.cache/ip/2023.2/3/b/3bc72d579e6ad5e4/AES_SYS_auto_pc_0.dcp to c:/code/RFC-8439-fpga-implementation/AES-Cam-on-PYNQ-Z2-main/AES-Cam-on-PYNQ-Z2-main/AES_SYS/AES_SYS.gen/sources_1/bd/AES_SYS/ip/AES_SYS_auto_pc_2/AES_SYS_auto_pc_2.dcp.
INFO: [IP_Flow 19-6926] IPCACHE: added file to list for BOM: c:/code/RFC-8439-fpga-implementation/AES-Cam-on-PYNQ-Z2-main/AES-Cam-on-PYNQ-Z2-main/AES_SYS/AES_SYS.gen/sources_1/bd/AES_SYS/ip/AES_SYS_auto_pc_2/AES_SYS_auto_pc_2.dcp
INFO: [IP_Flow 19-6928] IPCACHE: copied cached file c:/code/RFC-8439-fpga-implementation/AES-Cam-on-PYNQ-Z2-main/AES-Cam-on-PYNQ-Z2-main/AES_SYS/AES_SYS.cache/ip/2023.2/3/b/3bc72d579e6ad5e4/AES_SYS_auto_pc_0_sim_netlist.v to c:/code/RFC-8439-fpga-implementation/AES-Cam-on-PYNQ-Z2-main/AES-Cam-on-PYNQ-Z2-main/AES_SYS/AES_SYS.gen/sources_1/bd/AES_SYS/ip/AES_SYS_auto_pc_2/AES_SYS_auto_pc_2_sim_netlist.v.
INFO: [IP_Flow 19-6926] IPCACHE: added file to list for BOM: c:/code/RFC-8439-fpga-implementation/AES-Cam-on-PYNQ-Z2-main/AES-Cam-on-PYNQ-Z2-main/AES_SYS/AES_SYS.gen/sources_1/bd/AES_SYS/ip/AES_SYS_auto_pc_2/AES_SYS_auto_pc_2_sim_netlist.v
INFO: [IP_Flow 19-6928] IPCACHE: copied cached file c:/code/RFC-8439-fpga-implementation/AES-Cam-on-PYNQ-Z2-main/AES-Cam-on-PYNQ-Z2-main/AES_SYS/AES_SYS.cache/ip/2023.2/3/b/3bc72d579e6ad5e4/AES_SYS_auto_pc_0_sim_netlist.vhdl to c:/code/RFC-8439-fpga-implementation/AES-Cam-on-PYNQ-Z2-main/AES-Cam-on-PYNQ-Z2-main/AES_SYS/AES_SYS.gen/sources_1/bd/AES_SYS/ip/AES_SYS_auto_pc_2/AES_SYS_auto_pc_2_sim_netlist.vhdl.
INFO: [IP_Flow 19-6926] IPCACHE: added file to list for BOM: c:/code/RFC-8439-fpga-implementation/AES-Cam-on-PYNQ-Z2-main/AES-Cam-on-PYNQ-Z2-main/AES_SYS/AES_SYS.gen/sources_1/bd/AES_SYS/ip/AES_SYS_auto_pc_2/AES_SYS_auto_pc_2_sim_netlist.vhdl
INFO: [IP_Flow 19-6928] IPCACHE: copied cached file c:/code/RFC-8439-fpga-implementation/AES-Cam-on-PYNQ-Z2-main/AES-Cam-on-PYNQ-Z2-main/AES_SYS/AES_SYS.cache/ip/2023.2/3/b/3bc72d579e6ad5e4/AES_SYS_auto_pc_0_stub.v to c:/code/RFC-8439-fpga-implementation/AES-Cam-on-PYNQ-Z2-main/AES-Cam-on-PYNQ-Z2-main/AES_SYS/AES_SYS.gen/sources_1/bd/AES_SYS/ip/AES_SYS_auto_pc_2/AES_SYS_auto_pc_2_stub.v.
INFO: [IP_Flow 19-6926] IPCACHE: added file to list for BOM: c:/code/RFC-8439-fpga-implementation/AES-Cam-on-PYNQ-Z2-main/AES-Cam-on-PYNQ-Z2-main/AES_SYS/AES_SYS.gen/sources_1/bd/AES_SYS/ip/AES_SYS_auto_pc_2/AES_SYS_auto_pc_2_stub.v
INFO: [IP_Flow 19-6928] IPCACHE: copied cached file c:/code/RFC-8439-fpga-implementation/AES-Cam-on-PYNQ-Z2-main/AES-Cam-on-PYNQ-Z2-main/AES_SYS/AES_SYS.cache/ip/2023.2/3/b/3bc72d579e6ad5e4/AES_SYS_auto_pc_0_stub.vhdl to c:/code/RFC-8439-fpga-implementation/AES-Cam-on-PYNQ-Z2-main/AES-Cam-on-PYNQ-Z2-main/AES_SYS/AES_SYS.gen/sources_1/bd/AES_SYS/ip/AES_SYS_auto_pc_2/AES_SYS_auto_pc_2_stub.vhdl.
INFO: [IP_Flow 19-6926] IPCACHE: added file to list for BOM: c:/code/RFC-8439-fpga-implementation/AES-Cam-on-PYNQ-Z2-main/AES-Cam-on-PYNQ-Z2-main/AES_SYS/AES_SYS.gen/sources_1/bd/AES_SYS/ip/AES_SYS_auto_pc_2/AES_SYS_auto_pc_2_stub.vhdl
INFO: [IP_Flow 19-4993] Using cached IP synthesis design for IP AES_SYS_auto_pc_2, cache-ID = 3bc72d579e6ad5e4; cache size = 170.562 MB.
catch { config_ip_cache -export [get_ips -all AES_SYS_auto_pc_3] }
INFO: [IP_Flow 19-6924] IPCACHE: Running cache check for IP inst: AES_SYS_auto_pc_3
INFO: [IP_Flow 19-6922] IPCACHE: Exporting cached entry 3bc72d579e6ad5e4 to dir: c:/code/RFC-8439-fpga-implementation/AES-Cam-on-PYNQ-Z2-main/AES-Cam-on-PYNQ-Z2-main/AES_SYS/AES_SYS.gen/sources_1/bd/AES_SYS/ip/AES_SYS_auto_pc_3
INFO: [IP_Flow 19-6928] IPCACHE: copied cached file c:/code/RFC-8439-fpga-implementation/AES-Cam-on-PYNQ-Z2-main/AES-Cam-on-PYNQ-Z2-main/AES_SYS/AES_SYS.cache/ip/2023.2/3/b/3bc72d579e6ad5e4/AES_SYS_auto_pc_0.dcp to c:/code/RFC-8439-fpga-implementation/AES-Cam-on-PYNQ-Z2-main/AES-Cam-on-PYNQ-Z2-main/AES_SYS/AES_SYS.gen/sources_1/bd/AES_SYS/ip/AES_SYS_auto_pc_3/AES_SYS_auto_pc_3.dcp.
INFO: [IP_Flow 19-6926] IPCACHE: added file to list for BOM: c:/code/RFC-8439-fpga-implementation/AES-Cam-on-PYNQ-Z2-main/AES-Cam-on-PYNQ-Z2-main/AES_SYS/AES_SYS.gen/sources_1/bd/AES_SYS/ip/AES_SYS_auto_pc_3/AES_SYS_auto_pc_3.dcp
INFO: [IP_Flow 19-6928] IPCACHE: copied cached file c:/code/RFC-8439-fpga-implementation/AES-Cam-on-PYNQ-Z2-main/AES-Cam-on-PYNQ-Z2-main/AES_SYS/AES_SYS.cache/ip/2023.2/3/b/3bc72d579e6ad5e4/AES_SYS_auto_pc_0_sim_netlist.v to c:/code/RFC-8439-fpga-implementation/AES-Cam-on-PYNQ-Z2-main/AES-Cam-on-PYNQ-Z2-main/AES_SYS/AES_SYS.gen/sources_1/bd/AES_SYS/ip/AES_SYS_auto_pc_3/AES_SYS_auto_pc_3_sim_netlist.v.
INFO: [IP_Flow 19-6926] IPCACHE: added file to list for BOM: c:/code/RFC-8439-fpga-implementation/AES-Cam-on-PYNQ-Z2-main/AES-Cam-on-PYNQ-Z2-main/AES_SYS/AES_SYS.gen/sources_1/bd/AES_SYS/ip/AES_SYS_auto_pc_3/AES_SYS_auto_pc_3_sim_netlist.v
INFO: [IP_Flow 19-6928] IPCACHE: copied cached file c:/code/RFC-8439-fpga-implementation/AES-Cam-on-PYNQ-Z2-main/AES-Cam-on-PYNQ-Z2-main/AES_SYS/AES_SYS.cache/ip/2023.2/3/b/3bc72d579e6ad5e4/AES_SYS_auto_pc_0_sim_netlist.vhdl to c:/code/RFC-8439-fpga-implementation/AES-Cam-on-PYNQ-Z2-main/AES-Cam-on-PYNQ-Z2-main/AES_SYS/AES_SYS.gen/sources_1/bd/AES_SYS/ip/AES_SYS_auto_pc_3/AES_SYS_auto_pc_3_sim_netlist.vhdl.
INFO: [IP_Flow 19-6926] IPCACHE: added file to list for BOM: c:/code/RFC-8439-fpga-implementation/AES-Cam-on-PYNQ-Z2-main/AES-Cam-on-PYNQ-Z2-main/AES_SYS/AES_SYS.gen/sources_1/bd/AES_SYS/ip/AES_SYS_auto_pc_3/AES_SYS_auto_pc_3_sim_netlist.vhdl
INFO: [IP_Flow 19-6928] IPCACHE: copied cached file c:/code/RFC-8439-fpga-implementation/AES-Cam-on-PYNQ-Z2-main/AES-Cam-on-PYNQ-Z2-main/AES_SYS/AES_SYS.cache/ip/2023.2/3/b/3bc72d579e6ad5e4/AES_SYS_auto_pc_0_stub.v to c:/code/RFC-8439-fpga-implementation/AES-Cam-on-PYNQ-Z2-main/AES-Cam-on-PYNQ-Z2-main/AES_SYS/AES_SYS.gen/sources_1/bd/AES_SYS/ip/AES_SYS_auto_pc_3/AES_SYS_auto_pc_3_stub.v.
INFO: [IP_Flow 19-6926] IPCACHE: added file to list for BOM: c:/code/RFC-8439-fpga-implementation/AES-Cam-on-PYNQ-Z2-main/AES-Cam-on-PYNQ-Z2-main/AES_SYS/AES_SYS.gen/sources_1/bd/AES_SYS/ip/AES_SYS_auto_pc_3/AES_SYS_auto_pc_3_stub.v
INFO: [IP_Flow 19-6928] IPCACHE: copied cached file c:/code/RFC-8439-fpga-implementation/AES-Cam-on-PYNQ-Z2-main/AES-Cam-on-PYNQ-Z2-main/AES_SYS/AES_SYS.cache/ip/2023.2/3/b/3bc72d579e6ad5e4/AES_SYS_auto_pc_0_stub.vhdl to c:/code/RFC-8439-fpga-implementation/AES-Cam-on-PYNQ-Z2-main/AES-Cam-on-PYNQ-Z2-main/AES_SYS/AES_SYS.gen/sources_1/bd/AES_SYS/ip/AES_SYS_auto_pc_3/AES_SYS_auto_pc_3_stub.vhdl.
INFO: [IP_Flow 19-6926] IPCACHE: added file to list for BOM: c:/code/RFC-8439-fpga-implementation/AES-Cam-on-PYNQ-Z2-main/AES-Cam-on-PYNQ-Z2-main/AES_SYS/AES_SYS.gen/sources_1/bd/AES_SYS/ip/AES_SYS_auto_pc_3/AES_SYS_auto_pc_3_stub.vhdl
INFO: [IP_Flow 19-4993] Using cached IP synthesis design for IP AES_SYS_auto_pc_3, cache-ID = 3bc72d579e6ad5e4; cache size = 170.562 MB.
catch { config_ip_cache -export [get_ips -all AES_SYS_auto_pc_4] }
INFO: [IP_Flow 19-6924] IPCACHE: Running cache check for IP inst: AES_SYS_auto_pc_4
INFO: [IP_Flow 19-6922] IPCACHE: Exporting cached entry 3bc72d579e6ad5e4 to dir: c:/code/RFC-8439-fpga-implementation/AES-Cam-on-PYNQ-Z2-main/AES-Cam-on-PYNQ-Z2-main/AES_SYS/AES_SYS.gen/sources_1/bd/AES_SYS/ip/AES_SYS_auto_pc_4
INFO: [IP_Flow 19-6928] IPCACHE: copied cached file c:/code/RFC-8439-fpga-implementation/AES-Cam-on-PYNQ-Z2-main/AES-Cam-on-PYNQ-Z2-main/AES_SYS/AES_SYS.cache/ip/2023.2/3/b/3bc72d579e6ad5e4/AES_SYS_auto_pc_0.dcp to c:/code/RFC-8439-fpga-implementation/AES-Cam-on-PYNQ-Z2-main/AES-Cam-on-PYNQ-Z2-main/AES_SYS/AES_SYS.gen/sources_1/bd/AES_SYS/ip/AES_SYS_auto_pc_4/AES_SYS_auto_pc_4.dcp.
INFO: [IP_Flow 19-6926] IPCACHE: added file to list for BOM: c:/code/RFC-8439-fpga-implementation/AES-Cam-on-PYNQ-Z2-main/AES-Cam-on-PYNQ-Z2-main/AES_SYS/AES_SYS.gen/sources_1/bd/AES_SYS/ip/AES_SYS_auto_pc_4/AES_SYS_auto_pc_4.dcp
INFO: [IP_Flow 19-6928] IPCACHE: copied cached file c:/code/RFC-8439-fpga-implementation/AES-Cam-on-PYNQ-Z2-main/AES-Cam-on-PYNQ-Z2-main/AES_SYS/AES_SYS.cache/ip/2023.2/3/b/3bc72d579e6ad5e4/AES_SYS_auto_pc_0_sim_netlist.v to c:/code/RFC-8439-fpga-implementation/AES-Cam-on-PYNQ-Z2-main/AES-Cam-on-PYNQ-Z2-main/AES_SYS/AES_SYS.gen/sources_1/bd/AES_SYS/ip/AES_SYS_auto_pc_4/AES_SYS_auto_pc_4_sim_netlist.v.
INFO: [IP_Flow 19-6926] IPCACHE: added file to list for BOM: c:/code/RFC-8439-fpga-implementation/AES-Cam-on-PYNQ-Z2-main/AES-Cam-on-PYNQ-Z2-main/AES_SYS/AES_SYS.gen/sources_1/bd/AES_SYS/ip/AES_SYS_auto_pc_4/AES_SYS_auto_pc_4_sim_netlist.v
INFO: [IP_Flow 19-6928] IPCACHE: copied cached file c:/code/RFC-8439-fpga-implementation/AES-Cam-on-PYNQ-Z2-main/AES-Cam-on-PYNQ-Z2-main/AES_SYS/AES_SYS.cache/ip/2023.2/3/b/3bc72d579e6ad5e4/AES_SYS_auto_pc_0_sim_netlist.vhdl to c:/code/RFC-8439-fpga-implementation/AES-Cam-on-PYNQ-Z2-main/AES-Cam-on-PYNQ-Z2-main/AES_SYS/AES_SYS.gen/sources_1/bd/AES_SYS/ip/AES_SYS_auto_pc_4/AES_SYS_auto_pc_4_sim_netlist.vhdl.
INFO: [IP_Flow 19-6926] IPCACHE: added file to list for BOM: c:/code/RFC-8439-fpga-implementation/AES-Cam-on-PYNQ-Z2-main/AES-Cam-on-PYNQ-Z2-main/AES_SYS/AES_SYS.gen/sources_1/bd/AES_SYS/ip/AES_SYS_auto_pc_4/AES_SYS_auto_pc_4_sim_netlist.vhdl
INFO: [IP_Flow 19-6928] IPCACHE: copied cached file c:/code/RFC-8439-fpga-implementation/AES-Cam-on-PYNQ-Z2-main/AES-Cam-on-PYNQ-Z2-main/AES_SYS/AES_SYS.cache/ip/2023.2/3/b/3bc72d579e6ad5e4/AES_SYS_auto_pc_0_stub.v to c:/code/RFC-8439-fpga-implementation/AES-Cam-on-PYNQ-Z2-main/AES-Cam-on-PYNQ-Z2-main/AES_SYS/AES_SYS.gen/sources_1/bd/AES_SYS/ip/AES_SYS_auto_pc_4/AES_SYS_auto_pc_4_stub.v.
INFO: [IP_Flow 19-6926] IPCACHE: added file to list for BOM: c:/code/RFC-8439-fpga-implementation/AES-Cam-on-PYNQ-Z2-main/AES-Cam-on-PYNQ-Z2-main/AES_SYS/AES_SYS.gen/sources_1/bd/AES_SYS/ip/AES_SYS_auto_pc_4/AES_SYS_auto_pc_4_stub.v
INFO: [IP_Flow 19-6928] IPCACHE: copied cached file c:/code/RFC-8439-fpga-implementation/AES-Cam-on-PYNQ-Z2-main/AES-Cam-on-PYNQ-Z2-main/AES_SYS/AES_SYS.cache/ip/2023.2/3/b/3bc72d579e6ad5e4/AES_SYS_auto_pc_0_stub.vhdl to c:/code/RFC-8439-fpga-implementation/AES-Cam-on-PYNQ-Z2-main/AES-Cam-on-PYNQ-Z2-main/AES_SYS/AES_SYS.gen/sources_1/bd/AES_SYS/ip/AES_SYS_auto_pc_4/AES_SYS_auto_pc_4_stub.vhdl.
INFO: [IP_Flow 19-6926] IPCACHE: added file to list for BOM: c:/code/RFC-8439-fpga-implementation/AES-Cam-on-PYNQ-Z2-main/AES-Cam-on-PYNQ-Z2-main/AES_SYS/AES_SYS.gen/sources_1/bd/AES_SYS/ip/AES_SYS_auto_pc_4/AES_SYS_auto_pc_4_stub.vhdl
INFO: [IP_Flow 19-4993] Using cached IP synthesis design for IP AES_SYS_auto_pc_4, cache-ID = 3bc72d579e6ad5e4; cache size = 170.562 MB.
catch { config_ip_cache -export [get_ips -all AES_SYS_auto_pc_5] }
INFO: [IP_Flow 19-6924] IPCACHE: Running cache check for IP inst: AES_SYS_auto_pc_5
INFO: [IP_Flow 19-6922] IPCACHE: Exporting cached entry 3bc72d579e6ad5e4 to dir: c:/code/RFC-8439-fpga-implementation/AES-Cam-on-PYNQ-Z2-main/AES-Cam-on-PYNQ-Z2-main/AES_SYS/AES_SYS.gen/sources_1/bd/AES_SYS/ip/AES_SYS_auto_pc_5
INFO: [IP_Flow 19-6928] IPCACHE: copied cached file c:/code/RFC-8439-fpga-implementation/AES-Cam-on-PYNQ-Z2-main/AES-Cam-on-PYNQ-Z2-main/AES_SYS/AES_SYS.cache/ip/2023.2/3/b/3bc72d579e6ad5e4/AES_SYS_auto_pc_0.dcp to c:/code/RFC-8439-fpga-implementation/AES-Cam-on-PYNQ-Z2-main/AES-Cam-on-PYNQ-Z2-main/AES_SYS/AES_SYS.gen/sources_1/bd/AES_SYS/ip/AES_SYS_auto_pc_5/AES_SYS_auto_pc_5.dcp.
INFO: [IP_Flow 19-6926] IPCACHE: added file to list for BOM: c:/code/RFC-8439-fpga-implementation/AES-Cam-on-PYNQ-Z2-main/AES-Cam-on-PYNQ-Z2-main/AES_SYS/AES_SYS.gen/sources_1/bd/AES_SYS/ip/AES_SYS_auto_pc_5/AES_SYS_auto_pc_5.dcp
INFO: [IP_Flow 19-6928] IPCACHE: copied cached file c:/code/RFC-8439-fpga-implementation/AES-Cam-on-PYNQ-Z2-main/AES-Cam-on-PYNQ-Z2-main/AES_SYS/AES_SYS.cache/ip/2023.2/3/b/3bc72d579e6ad5e4/AES_SYS_auto_pc_0_sim_netlist.v to c:/code/RFC-8439-fpga-implementation/AES-Cam-on-PYNQ-Z2-main/AES-Cam-on-PYNQ-Z2-main/AES_SYS/AES_SYS.gen/sources_1/bd/AES_SYS/ip/AES_SYS_auto_pc_5/AES_SYS_auto_pc_5_sim_netlist.v.
INFO: [IP_Flow 19-6926] IPCACHE: added file to list for BOM: c:/code/RFC-8439-fpga-implementation/AES-Cam-on-PYNQ-Z2-main/AES-Cam-on-PYNQ-Z2-main/AES_SYS/AES_SYS.gen/sources_1/bd/AES_SYS/ip/AES_SYS_auto_pc_5/AES_SYS_auto_pc_5_sim_netlist.v
INFO: [IP_Flow 19-6928] IPCACHE: copied cached file c:/code/RFC-8439-fpga-implementation/AES-Cam-on-PYNQ-Z2-main/AES-Cam-on-PYNQ-Z2-main/AES_SYS/AES_SYS.cache/ip/2023.2/3/b/3bc72d579e6ad5e4/AES_SYS_auto_pc_0_sim_netlist.vhdl to c:/code/RFC-8439-fpga-implementation/AES-Cam-on-PYNQ-Z2-main/AES-Cam-on-PYNQ-Z2-main/AES_SYS/AES_SYS.gen/sources_1/bd/AES_SYS/ip/AES_SYS_auto_pc_5/AES_SYS_auto_pc_5_sim_netlist.vhdl.
INFO: [IP_Flow 19-6926] IPCACHE: added file to list for BOM: c:/code/RFC-8439-fpga-implementation/AES-Cam-on-PYNQ-Z2-main/AES-Cam-on-PYNQ-Z2-main/AES_SYS/AES_SYS.gen/sources_1/bd/AES_SYS/ip/AES_SYS_auto_pc_5/AES_SYS_auto_pc_5_sim_netlist.vhdl
INFO: [IP_Flow 19-6928] IPCACHE: copied cached file c:/code/RFC-8439-fpga-implementation/AES-Cam-on-PYNQ-Z2-main/AES-Cam-on-PYNQ-Z2-main/AES_SYS/AES_SYS.cache/ip/2023.2/3/b/3bc72d579e6ad5e4/AES_SYS_auto_pc_0_stub.v to c:/code/RFC-8439-fpga-implementation/AES-Cam-on-PYNQ-Z2-main/AES-Cam-on-PYNQ-Z2-main/AES_SYS/AES_SYS.gen/sources_1/bd/AES_SYS/ip/AES_SYS_auto_pc_5/AES_SYS_auto_pc_5_stub.v.
INFO: [IP_Flow 19-6926] IPCACHE: added file to list for BOM: c:/code/RFC-8439-fpga-implementation/AES-Cam-on-PYNQ-Z2-main/AES-Cam-on-PYNQ-Z2-main/AES_SYS/AES_SYS.gen/sources_1/bd/AES_SYS/ip/AES_SYS_auto_pc_5/AES_SYS_auto_pc_5_stub.v
INFO: [IP_Flow 19-6928] IPCACHE: copied cached file c:/code/RFC-8439-fpga-implementation/AES-Cam-on-PYNQ-Z2-main/AES-Cam-on-PYNQ-Z2-main/AES_SYS/AES_SYS.cache/ip/2023.2/3/b/3bc72d579e6ad5e4/AES_SYS_auto_pc_0_stub.vhdl to c:/code/RFC-8439-fpga-implementation/AES-Cam-on-PYNQ-Z2-main/AES-Cam-on-PYNQ-Z2-main/AES_SYS/AES_SYS.gen/sources_1/bd/AES_SYS/ip/AES_SYS_auto_pc_5/AES_SYS_auto_pc_5_stub.vhdl.
INFO: [IP_Flow 19-6926] IPCACHE: added file to list for BOM: c:/code/RFC-8439-fpga-implementation/AES-Cam-on-PYNQ-Z2-main/AES-Cam-on-PYNQ-Z2-main/AES_SYS/AES_SYS.gen/sources_1/bd/AES_SYS/ip/AES_SYS_auto_pc_5/AES_SYS_auto_pc_5_stub.vhdl
INFO: [IP_Flow 19-4993] Using cached IP synthesis design for IP AES_SYS_auto_pc_5, cache-ID = 3bc72d579e6ad5e4; cache size = 170.562 MB.
catch { config_ip_cache -export [get_ips -all AES_SYS_auto_pc_6] }
INFO: [IP_Flow 19-6924] IPCACHE: Running cache check for IP inst: AES_SYS_auto_pc_6
INFO: [IP_Flow 19-6922] IPCACHE: Exporting cached entry 3bc72d579e6ad5e4 to dir: c:/code/RFC-8439-fpga-implementation/AES-Cam-on-PYNQ-Z2-main/AES-Cam-on-PYNQ-Z2-main/AES_SYS/AES_SYS.gen/sources_1/bd/AES_SYS/ip/AES_SYS_auto_pc_6
INFO: [IP_Flow 19-6928] IPCACHE: copied cached file c:/code/RFC-8439-fpga-implementation/AES-Cam-on-PYNQ-Z2-main/AES-Cam-on-PYNQ-Z2-main/AES_SYS/AES_SYS.cache/ip/2023.2/3/b/3bc72d579e6ad5e4/AES_SYS_auto_pc_0.dcp to c:/code/RFC-8439-fpga-implementation/AES-Cam-on-PYNQ-Z2-main/AES-Cam-on-PYNQ-Z2-main/AES_SYS/AES_SYS.gen/sources_1/bd/AES_SYS/ip/AES_SYS_auto_pc_6/AES_SYS_auto_pc_6.dcp.
INFO: [IP_Flow 19-6926] IPCACHE: added file to list for BOM: c:/code/RFC-8439-fpga-implementation/AES-Cam-on-PYNQ-Z2-main/AES-Cam-on-PYNQ-Z2-main/AES_SYS/AES_SYS.gen/sources_1/bd/AES_SYS/ip/AES_SYS_auto_pc_6/AES_SYS_auto_pc_6.dcp
INFO: [IP_Flow 19-6928] IPCACHE: copied cached file c:/code/RFC-8439-fpga-implementation/AES-Cam-on-PYNQ-Z2-main/AES-Cam-on-PYNQ-Z2-main/AES_SYS/AES_SYS.cache/ip/2023.2/3/b/3bc72d579e6ad5e4/AES_SYS_auto_pc_0_sim_netlist.v to c:/code/RFC-8439-fpga-implementation/AES-Cam-on-PYNQ-Z2-main/AES-Cam-on-PYNQ-Z2-main/AES_SYS/AES_SYS.gen/sources_1/bd/AES_SYS/ip/AES_SYS_auto_pc_6/AES_SYS_auto_pc_6_sim_netlist.v.
INFO: [IP_Flow 19-6926] IPCACHE: added file to list for BOM: c:/code/RFC-8439-fpga-implementation/AES-Cam-on-PYNQ-Z2-main/AES-Cam-on-PYNQ-Z2-main/AES_SYS/AES_SYS.gen/sources_1/bd/AES_SYS/ip/AES_SYS_auto_pc_6/AES_SYS_auto_pc_6_sim_netlist.v
INFO: [IP_Flow 19-6928] IPCACHE: copied cached file c:/code/RFC-8439-fpga-implementation/AES-Cam-on-PYNQ-Z2-main/AES-Cam-on-PYNQ-Z2-main/AES_SYS/AES_SYS.cache/ip/2023.2/3/b/3bc72d579e6ad5e4/AES_SYS_auto_pc_0_sim_netlist.vhdl to c:/code/RFC-8439-fpga-implementation/AES-Cam-on-PYNQ-Z2-main/AES-Cam-on-PYNQ-Z2-main/AES_SYS/AES_SYS.gen/sources_1/bd/AES_SYS/ip/AES_SYS_auto_pc_6/AES_SYS_auto_pc_6_sim_netlist.vhdl.
INFO: [IP_Flow 19-6926] IPCACHE: added file to list for BOM: c:/code/RFC-8439-fpga-implementation/AES-Cam-on-PYNQ-Z2-main/AES-Cam-on-PYNQ-Z2-main/AES_SYS/AES_SYS.gen/sources_1/bd/AES_SYS/ip/AES_SYS_auto_pc_6/AES_SYS_auto_pc_6_sim_netlist.vhdl
INFO: [IP_Flow 19-6928] IPCACHE: copied cached file c:/code/RFC-8439-fpga-implementation/AES-Cam-on-PYNQ-Z2-main/AES-Cam-on-PYNQ-Z2-main/AES_SYS/AES_SYS.cache/ip/2023.2/3/b/3bc72d579e6ad5e4/AES_SYS_auto_pc_0_stub.v to c:/code/RFC-8439-fpga-implementation/AES-Cam-on-PYNQ-Z2-main/AES-Cam-on-PYNQ-Z2-main/AES_SYS/AES_SYS.gen/sources_1/bd/AES_SYS/ip/AES_SYS_auto_pc_6/AES_SYS_auto_pc_6_stub.v.
INFO: [IP_Flow 19-6926] IPCACHE: added file to list for BOM: c:/code/RFC-8439-fpga-implementation/AES-Cam-on-PYNQ-Z2-main/AES-Cam-on-PYNQ-Z2-main/AES_SYS/AES_SYS.gen/sources_1/bd/AES_SYS/ip/AES_SYS_auto_pc_6/AES_SYS_auto_pc_6_stub.v
INFO: [IP_Flow 19-6928] IPCACHE: copied cached file c:/code/RFC-8439-fpga-implementation/AES-Cam-on-PYNQ-Z2-main/AES-Cam-on-PYNQ-Z2-main/AES_SYS/AES_SYS.cache/ip/2023.2/3/b/3bc72d579e6ad5e4/AES_SYS_auto_pc_0_stub.vhdl to c:/code/RFC-8439-fpga-implementation/AES-Cam-on-PYNQ-Z2-main/AES-Cam-on-PYNQ-Z2-main/AES_SYS/AES_SYS.gen/sources_1/bd/AES_SYS/ip/AES_SYS_auto_pc_6/AES_SYS_auto_pc_6_stub.vhdl.
INFO: [IP_Flow 19-6926] IPCACHE: added file to list for BOM: c:/code/RFC-8439-fpga-implementation/AES-Cam-on-PYNQ-Z2-main/AES-Cam-on-PYNQ-Z2-main/AES_SYS/AES_SYS.gen/sources_1/bd/AES_SYS/ip/AES_SYS_auto_pc_6/AES_SYS_auto_pc_6_stub.vhdl
INFO: [IP_Flow 19-4993] Using cached IP synthesis design for IP AES_SYS_auto_pc_6, cache-ID = 3bc72d579e6ad5e4; cache size = 170.562 MB.
catch { config_ip_cache -export [get_ips -all AES_SYS_auto_pc_7] }
INFO: [IP_Flow 19-6924] IPCACHE: Running cache check for IP inst: AES_SYS_auto_pc_7
INFO: [IP_Flow 19-6922] IPCACHE: Exporting cached entry 3bc72d579e6ad5e4 to dir: c:/code/RFC-8439-fpga-implementation/AES-Cam-on-PYNQ-Z2-main/AES-Cam-on-PYNQ-Z2-main/AES_SYS/AES_SYS.gen/sources_1/bd/AES_SYS/ip/AES_SYS_auto_pc_7
INFO: [IP_Flow 19-6928] IPCACHE: copied cached file c:/code/RFC-8439-fpga-implementation/AES-Cam-on-PYNQ-Z2-main/AES-Cam-on-PYNQ-Z2-main/AES_SYS/AES_SYS.cache/ip/2023.2/3/b/3bc72d579e6ad5e4/AES_SYS_auto_pc_0.dcp to c:/code/RFC-8439-fpga-implementation/AES-Cam-on-PYNQ-Z2-main/AES-Cam-on-PYNQ-Z2-main/AES_SYS/AES_SYS.gen/sources_1/bd/AES_SYS/ip/AES_SYS_auto_pc_7/AES_SYS_auto_pc_7.dcp.
INFO: [IP_Flow 19-6926] IPCACHE: added file to list for BOM: c:/code/RFC-8439-fpga-implementation/AES-Cam-on-PYNQ-Z2-main/AES-Cam-on-PYNQ-Z2-main/AES_SYS/AES_SYS.gen/sources_1/bd/AES_SYS/ip/AES_SYS_auto_pc_7/AES_SYS_auto_pc_7.dcp
INFO: [IP_Flow 19-6928] IPCACHE: copied cached file c:/code/RFC-8439-fpga-implementation/AES-Cam-on-PYNQ-Z2-main/AES-Cam-on-PYNQ-Z2-main/AES_SYS/AES_SYS.cache/ip/2023.2/3/b/3bc72d579e6ad5e4/AES_SYS_auto_pc_0_sim_netlist.v to c:/code/RFC-8439-fpga-implementation/AES-Cam-on-PYNQ-Z2-main/AES-Cam-on-PYNQ-Z2-main/AES_SYS/AES_SYS.gen/sources_1/bd/AES_SYS/ip/AES_SYS_auto_pc_7/AES_SYS_auto_pc_7_sim_netlist.v.
INFO: [IP_Flow 19-6926] IPCACHE: added file to list for BOM: c:/code/RFC-8439-fpga-implementation/AES-Cam-on-PYNQ-Z2-main/AES-Cam-on-PYNQ-Z2-main/AES_SYS/AES_SYS.gen/sources_1/bd/AES_SYS/ip/AES_SYS_auto_pc_7/AES_SYS_auto_pc_7_sim_netlist.v
INFO: [IP_Flow 19-6928] IPCACHE: copied cached file c:/code/RFC-8439-fpga-implementation/AES-Cam-on-PYNQ-Z2-main/AES-Cam-on-PYNQ-Z2-main/AES_SYS/AES_SYS.cache/ip/2023.2/3/b/3bc72d579e6ad5e4/AES_SYS_auto_pc_0_sim_netlist.vhdl to c:/code/RFC-8439-fpga-implementation/AES-Cam-on-PYNQ-Z2-main/AES-Cam-on-PYNQ-Z2-main/AES_SYS/AES_SYS.gen/sources_1/bd/AES_SYS/ip/AES_SYS_auto_pc_7/AES_SYS_auto_pc_7_sim_netlist.vhdl.
INFO: [IP_Flow 19-6926] IPCACHE: added file to list for BOM: c:/code/RFC-8439-fpga-implementation/AES-Cam-on-PYNQ-Z2-main/AES-Cam-on-PYNQ-Z2-main/AES_SYS/AES_SYS.gen/sources_1/bd/AES_SYS/ip/AES_SYS_auto_pc_7/AES_SYS_auto_pc_7_sim_netlist.vhdl
INFO: [IP_Flow 19-6928] IPCACHE: copied cached file c:/code/RFC-8439-fpga-implementation/AES-Cam-on-PYNQ-Z2-main/AES-Cam-on-PYNQ-Z2-main/AES_SYS/AES_SYS.cache/ip/2023.2/3/b/3bc72d579e6ad5e4/AES_SYS_auto_pc_0_stub.v to c:/code/RFC-8439-fpga-implementation/AES-Cam-on-PYNQ-Z2-main/AES-Cam-on-PYNQ-Z2-main/AES_SYS/AES_SYS.gen/sources_1/bd/AES_SYS/ip/AES_SYS_auto_pc_7/AES_SYS_auto_pc_7_stub.v.
INFO: [IP_Flow 19-6926] IPCACHE: added file to list for BOM: c:/code/RFC-8439-fpga-implementation/AES-Cam-on-PYNQ-Z2-main/AES-Cam-on-PYNQ-Z2-main/AES_SYS/AES_SYS.gen/sources_1/bd/AES_SYS/ip/AES_SYS_auto_pc_7/AES_SYS_auto_pc_7_stub.v
INFO: [IP_Flow 19-6928] IPCACHE: copied cached file c:/code/RFC-8439-fpga-implementation/AES-Cam-on-PYNQ-Z2-main/AES-Cam-on-PYNQ-Z2-main/AES_SYS/AES_SYS.cache/ip/2023.2/3/b/3bc72d579e6ad5e4/AES_SYS_auto_pc_0_stub.vhdl to c:/code/RFC-8439-fpga-implementation/AES-Cam-on-PYNQ-Z2-main/AES-Cam-on-PYNQ-Z2-main/AES_SYS/AES_SYS.gen/sources_1/bd/AES_SYS/ip/AES_SYS_auto_pc_7/AES_SYS_auto_pc_7_stub.vhdl.
INFO: [IP_Flow 19-6926] IPCACHE: added file to list for BOM: c:/code/RFC-8439-fpga-implementation/AES-Cam-on-PYNQ-Z2-main/AES-Cam-on-PYNQ-Z2-main/AES_SYS/AES_SYS.gen/sources_1/bd/AES_SYS/ip/AES_SYS_auto_pc_7/AES_SYS_auto_pc_7_stub.vhdl
INFO: [IP_Flow 19-4993] Using cached IP synthesis design for IP AES_SYS_auto_pc_7, cache-ID = 3bc72d579e6ad5e4; cache size = 170.562 MB.
catch { config_ip_cache -export [get_ips -all AES_SYS_auto_pc_8] }
INFO: [IP_Flow 19-6924] IPCACHE: Running cache check for IP inst: AES_SYS_auto_pc_8
INFO: [IP_Flow 19-6922] IPCACHE: Exporting cached entry 3bc72d579e6ad5e4 to dir: c:/code/RFC-8439-fpga-implementation/AES-Cam-on-PYNQ-Z2-main/AES-Cam-on-PYNQ-Z2-main/AES_SYS/AES_SYS.gen/sources_1/bd/AES_SYS/ip/AES_SYS_auto_pc_8
INFO: [IP_Flow 19-6928] IPCACHE: copied cached file c:/code/RFC-8439-fpga-implementation/AES-Cam-on-PYNQ-Z2-main/AES-Cam-on-PYNQ-Z2-main/AES_SYS/AES_SYS.cache/ip/2023.2/3/b/3bc72d579e6ad5e4/AES_SYS_auto_pc_0.dcp to c:/code/RFC-8439-fpga-implementation/AES-Cam-on-PYNQ-Z2-main/AES-Cam-on-PYNQ-Z2-main/AES_SYS/AES_SYS.gen/sources_1/bd/AES_SYS/ip/AES_SYS_auto_pc_8/AES_SYS_auto_pc_8.dcp.
INFO: [IP_Flow 19-6926] IPCACHE: added file to list for BOM: c:/code/RFC-8439-fpga-implementation/AES-Cam-on-PYNQ-Z2-main/AES-Cam-on-PYNQ-Z2-main/AES_SYS/AES_SYS.gen/sources_1/bd/AES_SYS/ip/AES_SYS_auto_pc_8/AES_SYS_auto_pc_8.dcp
INFO: [IP_Flow 19-6928] IPCACHE: copied cached file c:/code/RFC-8439-fpga-implementation/AES-Cam-on-PYNQ-Z2-main/AES-Cam-on-PYNQ-Z2-main/AES_SYS/AES_SYS.cache/ip/2023.2/3/b/3bc72d579e6ad5e4/AES_SYS_auto_pc_0_sim_netlist.v to c:/code/RFC-8439-fpga-implementation/AES-Cam-on-PYNQ-Z2-main/AES-Cam-on-PYNQ-Z2-main/AES_SYS/AES_SYS.gen/sources_1/bd/AES_SYS/ip/AES_SYS_auto_pc_8/AES_SYS_auto_pc_8_sim_netlist.v.
INFO: [IP_Flow 19-6926] IPCACHE: added file to list for BOM: c:/code/RFC-8439-fpga-implementation/AES-Cam-on-PYNQ-Z2-main/AES-Cam-on-PYNQ-Z2-main/AES_SYS/AES_SYS.gen/sources_1/bd/AES_SYS/ip/AES_SYS_auto_pc_8/AES_SYS_auto_pc_8_sim_netlist.v
INFO: [IP_Flow 19-6928] IPCACHE: copied cached file c:/code/RFC-8439-fpga-implementation/AES-Cam-on-PYNQ-Z2-main/AES-Cam-on-PYNQ-Z2-main/AES_SYS/AES_SYS.cache/ip/2023.2/3/b/3bc72d579e6ad5e4/AES_SYS_auto_pc_0_sim_netlist.vhdl to c:/code/RFC-8439-fpga-implementation/AES-Cam-on-PYNQ-Z2-main/AES-Cam-on-PYNQ-Z2-main/AES_SYS/AES_SYS.gen/sources_1/bd/AES_SYS/ip/AES_SYS_auto_pc_8/AES_SYS_auto_pc_8_sim_netlist.vhdl.
INFO: [IP_Flow 19-6926] IPCACHE: added file to list for BOM: c:/code/RFC-8439-fpga-implementation/AES-Cam-on-PYNQ-Z2-main/AES-Cam-on-PYNQ-Z2-main/AES_SYS/AES_SYS.gen/sources_1/bd/AES_SYS/ip/AES_SYS_auto_pc_8/AES_SYS_auto_pc_8_sim_netlist.vhdl
INFO: [IP_Flow 19-6928] IPCACHE: copied cached file c:/code/RFC-8439-fpga-implementation/AES-Cam-on-PYNQ-Z2-main/AES-Cam-on-PYNQ-Z2-main/AES_SYS/AES_SYS.cache/ip/2023.2/3/b/3bc72d579e6ad5e4/AES_SYS_auto_pc_0_stub.v to c:/code/RFC-8439-fpga-implementation/AES-Cam-on-PYNQ-Z2-main/AES-Cam-on-PYNQ-Z2-main/AES_SYS/AES_SYS.gen/sources_1/bd/AES_SYS/ip/AES_SYS_auto_pc_8/AES_SYS_auto_pc_8_stub.v.
INFO: [IP_Flow 19-6926] IPCACHE: added file to list for BOM: c:/code/RFC-8439-fpga-implementation/AES-Cam-on-PYNQ-Z2-main/AES-Cam-on-PYNQ-Z2-main/AES_SYS/AES_SYS.gen/sources_1/bd/AES_SYS/ip/AES_SYS_auto_pc_8/AES_SYS_auto_pc_8_stub.v
INFO: [IP_Flow 19-6928] IPCACHE: copied cached file c:/code/RFC-8439-fpga-implementation/AES-Cam-on-PYNQ-Z2-main/AES-Cam-on-PYNQ-Z2-main/AES_SYS/AES_SYS.cache/ip/2023.2/3/b/3bc72d579e6ad5e4/AES_SYS_auto_pc_0_stub.vhdl to c:/code/RFC-8439-fpga-implementation/AES-Cam-on-PYNQ-Z2-main/AES-Cam-on-PYNQ-Z2-main/AES_SYS/AES_SYS.gen/sources_1/bd/AES_SYS/ip/AES_SYS_auto_pc_8/AES_SYS_auto_pc_8_stub.vhdl.
INFO: [IP_Flow 19-6926] IPCACHE: added file to list for BOM: c:/code/RFC-8439-fpga-implementation/AES-Cam-on-PYNQ-Z2-main/AES-Cam-on-PYNQ-Z2-main/AES_SYS/AES_SYS.gen/sources_1/bd/AES_SYS/ip/AES_SYS_auto_pc_8/AES_SYS_auto_pc_8_stub.vhdl
INFO: [IP_Flow 19-4993] Using cached IP synthesis design for IP AES_SYS_auto_pc_8, cache-ID = 3bc72d579e6ad5e4; cache size = 170.562 MB.
catch { config_ip_cache -export [get_ips -all AES_SYS_auto_pc_9] }
INFO: [IP_Flow 19-6924] IPCACHE: Running cache check for IP inst: AES_SYS_auto_pc_9
INFO: [IP_Flow 19-6922] IPCACHE: Exporting cached entry 3bc72d579e6ad5e4 to dir: c:/code/RFC-8439-fpga-implementation/AES-Cam-on-PYNQ-Z2-main/AES-Cam-on-PYNQ-Z2-main/AES_SYS/AES_SYS.gen/sources_1/bd/AES_SYS/ip/AES_SYS_auto_pc_9
INFO: [IP_Flow 19-6928] IPCACHE: copied cached file c:/code/RFC-8439-fpga-implementation/AES-Cam-on-PYNQ-Z2-main/AES-Cam-on-PYNQ-Z2-main/AES_SYS/AES_SYS.cache/ip/2023.2/3/b/3bc72d579e6ad5e4/AES_SYS_auto_pc_0.dcp to c:/code/RFC-8439-fpga-implementation/AES-Cam-on-PYNQ-Z2-main/AES-Cam-on-PYNQ-Z2-main/AES_SYS/AES_SYS.gen/sources_1/bd/AES_SYS/ip/AES_SYS_auto_pc_9/AES_SYS_auto_pc_9.dcp.
INFO: [IP_Flow 19-6926] IPCACHE: added file to list for BOM: c:/code/RFC-8439-fpga-implementation/AES-Cam-on-PYNQ-Z2-main/AES-Cam-on-PYNQ-Z2-main/AES_SYS/AES_SYS.gen/sources_1/bd/AES_SYS/ip/AES_SYS_auto_pc_9/AES_SYS_auto_pc_9.dcp
INFO: [IP_Flow 19-6928] IPCACHE: copied cached file c:/code/RFC-8439-fpga-implementation/AES-Cam-on-PYNQ-Z2-main/AES-Cam-on-PYNQ-Z2-main/AES_SYS/AES_SYS.cache/ip/2023.2/3/b/3bc72d579e6ad5e4/AES_SYS_auto_pc_0_sim_netlist.v to c:/code/RFC-8439-fpga-implementation/AES-Cam-on-PYNQ-Z2-main/AES-Cam-on-PYNQ-Z2-main/AES_SYS/AES_SYS.gen/sources_1/bd/AES_SYS/ip/AES_SYS_auto_pc_9/AES_SYS_auto_pc_9_sim_netlist.v.
INFO: [IP_Flow 19-6926] IPCACHE: added file to list for BOM: c:/code/RFC-8439-fpga-implementation/AES-Cam-on-PYNQ-Z2-main/AES-Cam-on-PYNQ-Z2-main/AES_SYS/AES_SYS.gen/sources_1/bd/AES_SYS/ip/AES_SYS_auto_pc_9/AES_SYS_auto_pc_9_sim_netlist.v
INFO: [IP_Flow 19-6928] IPCACHE: copied cached file c:/code/RFC-8439-fpga-implementation/AES-Cam-on-PYNQ-Z2-main/AES-Cam-on-PYNQ-Z2-main/AES_SYS/AES_SYS.cache/ip/2023.2/3/b/3bc72d579e6ad5e4/AES_SYS_auto_pc_0_sim_netlist.vhdl to c:/code/RFC-8439-fpga-implementation/AES-Cam-on-PYNQ-Z2-main/AES-Cam-on-PYNQ-Z2-main/AES_SYS/AES_SYS.gen/sources_1/bd/AES_SYS/ip/AES_SYS_auto_pc_9/AES_SYS_auto_pc_9_sim_netlist.vhdl.
INFO: [IP_Flow 19-6926] IPCACHE: added file to list for BOM: c:/code/RFC-8439-fpga-implementation/AES-Cam-on-PYNQ-Z2-main/AES-Cam-on-PYNQ-Z2-main/AES_SYS/AES_SYS.gen/sources_1/bd/AES_SYS/ip/AES_SYS_auto_pc_9/AES_SYS_auto_pc_9_sim_netlist.vhdl
INFO: [IP_Flow 19-6928] IPCACHE: copied cached file c:/code/RFC-8439-fpga-implementation/AES-Cam-on-PYNQ-Z2-main/AES-Cam-on-PYNQ-Z2-main/AES_SYS/AES_SYS.cache/ip/2023.2/3/b/3bc72d579e6ad5e4/AES_SYS_auto_pc_0_stub.v to c:/code/RFC-8439-fpga-implementation/AES-Cam-on-PYNQ-Z2-main/AES-Cam-on-PYNQ-Z2-main/AES_SYS/AES_SYS.gen/sources_1/bd/AES_SYS/ip/AES_SYS_auto_pc_9/AES_SYS_auto_pc_9_stub.v.
INFO: [IP_Flow 19-6926] IPCACHE: added file to list for BOM: c:/code/RFC-8439-fpga-implementation/AES-Cam-on-PYNQ-Z2-main/AES-Cam-on-PYNQ-Z2-main/AES_SYS/AES_SYS.gen/sources_1/bd/AES_SYS/ip/AES_SYS_auto_pc_9/AES_SYS_auto_pc_9_stub.v
INFO: [IP_Flow 19-6928] IPCACHE: copied cached file c:/code/RFC-8439-fpga-implementation/AES-Cam-on-PYNQ-Z2-main/AES-Cam-on-PYNQ-Z2-main/AES_SYS/AES_SYS.cache/ip/2023.2/3/b/3bc72d579e6ad5e4/AES_SYS_auto_pc_0_stub.vhdl to c:/code/RFC-8439-fpga-implementation/AES-Cam-on-PYNQ-Z2-main/AES-Cam-on-PYNQ-Z2-main/AES_SYS/AES_SYS.gen/sources_1/bd/AES_SYS/ip/AES_SYS_auto_pc_9/AES_SYS_auto_pc_9_stub.vhdl.
INFO: [IP_Flow 19-6926] IPCACHE: added file to list for BOM: c:/code/RFC-8439-fpga-implementation/AES-Cam-on-PYNQ-Z2-main/AES-Cam-on-PYNQ-Z2-main/AES_SYS/AES_SYS.gen/sources_1/bd/AES_SYS/ip/AES_SYS_auto_pc_9/AES_SYS_auto_pc_9_stub.vhdl
INFO: [IP_Flow 19-4993] Using cached IP synthesis design for IP AES_SYS_auto_pc_9, cache-ID = 3bc72d579e6ad5e4; cache size = 170.562 MB.
catch { config_ip_cache -export [get_ips -all AES_SYS_auto_pc_10] }
INFO: [IP_Flow 19-6924] IPCACHE: Running cache check for IP inst: AES_SYS_auto_pc_10
INFO: [IP_Flow 19-6922] IPCACHE: Exporting cached entry 3bc72d579e6ad5e4 to dir: c:/code/RFC-8439-fpga-implementation/AES-Cam-on-PYNQ-Z2-main/AES-Cam-on-PYNQ-Z2-main/AES_SYS/AES_SYS.gen/sources_1/bd/AES_SYS/ip/AES_SYS_auto_pc_10
INFO: [IP_Flow 19-6928] IPCACHE: copied cached file c:/code/RFC-8439-fpga-implementation/AES-Cam-on-PYNQ-Z2-main/AES-Cam-on-PYNQ-Z2-main/AES_SYS/AES_SYS.cache/ip/2023.2/3/b/3bc72d579e6ad5e4/AES_SYS_auto_pc_0.dcp to c:/code/RFC-8439-fpga-implementation/AES-Cam-on-PYNQ-Z2-main/AES-Cam-on-PYNQ-Z2-main/AES_SYS/AES_SYS.gen/sources_1/bd/AES_SYS/ip/AES_SYS_auto_pc_10/AES_SYS_auto_pc_10.dcp.
INFO: [IP_Flow 19-6926] IPCACHE: added file to list for BOM: c:/code/RFC-8439-fpga-implementation/AES-Cam-on-PYNQ-Z2-main/AES-Cam-on-PYNQ-Z2-main/AES_SYS/AES_SYS.gen/sources_1/bd/AES_SYS/ip/AES_SYS_auto_pc_10/AES_SYS_auto_pc_10.dcp
INFO: [IP_Flow 19-6928] IPCACHE: copied cached file c:/code/RFC-8439-fpga-implementation/AES-Cam-on-PYNQ-Z2-main/AES-Cam-on-PYNQ-Z2-main/AES_SYS/AES_SYS.cache/ip/2023.2/3/b/3bc72d579e6ad5e4/AES_SYS_auto_pc_0_sim_netlist.v to c:/code/RFC-8439-fpga-implementation/AES-Cam-on-PYNQ-Z2-main/AES-Cam-on-PYNQ-Z2-main/AES_SYS/AES_SYS.gen/sources_1/bd/AES_SYS/ip/AES_SYS_auto_pc_10/AES_SYS_auto_pc_10_sim_netlist.v.
INFO: [IP_Flow 19-6926] IPCACHE: added file to list for BOM: c:/code/RFC-8439-fpga-implementation/AES-Cam-on-PYNQ-Z2-main/AES-Cam-on-PYNQ-Z2-main/AES_SYS/AES_SYS.gen/sources_1/bd/AES_SYS/ip/AES_SYS_auto_pc_10/AES_SYS_auto_pc_10_sim_netlist.v
INFO: [IP_Flow 19-6928] IPCACHE: copied cached file c:/code/RFC-8439-fpga-implementation/AES-Cam-on-PYNQ-Z2-main/AES-Cam-on-PYNQ-Z2-main/AES_SYS/AES_SYS.cache/ip/2023.2/3/b/3bc72d579e6ad5e4/AES_SYS_auto_pc_0_sim_netlist.vhdl to c:/code/RFC-8439-fpga-implementation/AES-Cam-on-PYNQ-Z2-main/AES-Cam-on-PYNQ-Z2-main/AES_SYS/AES_SYS.gen/sources_1/bd/AES_SYS/ip/AES_SYS_auto_pc_10/AES_SYS_auto_pc_10_sim_netlist.vhdl.
INFO: [IP_Flow 19-6926] IPCACHE: added file to list for BOM: c:/code/RFC-8439-fpga-implementation/AES-Cam-on-PYNQ-Z2-main/AES-Cam-on-PYNQ-Z2-main/AES_SYS/AES_SYS.gen/sources_1/bd/AES_SYS/ip/AES_SYS_auto_pc_10/AES_SYS_auto_pc_10_sim_netlist.vhdl
INFO: [IP_Flow 19-6928] IPCACHE: copied cached file c:/code/RFC-8439-fpga-implementation/AES-Cam-on-PYNQ-Z2-main/AES-Cam-on-PYNQ-Z2-main/AES_SYS/AES_SYS.cache/ip/2023.2/3/b/3bc72d579e6ad5e4/AES_SYS_auto_pc_0_stub.v to c:/code/RFC-8439-fpga-implementation/AES-Cam-on-PYNQ-Z2-main/AES-Cam-on-PYNQ-Z2-main/AES_SYS/AES_SYS.gen/sources_1/bd/AES_SYS/ip/AES_SYS_auto_pc_10/AES_SYS_auto_pc_10_stub.v.
INFO: [IP_Flow 19-6926] IPCACHE: added file to list for BOM: c:/code/RFC-8439-fpga-implementation/AES-Cam-on-PYNQ-Z2-main/AES-Cam-on-PYNQ-Z2-main/AES_SYS/AES_SYS.gen/sources_1/bd/AES_SYS/ip/AES_SYS_auto_pc_10/AES_SYS_auto_pc_10_stub.v
INFO: [IP_Flow 19-6928] IPCACHE: copied cached file c:/code/RFC-8439-fpga-implementation/AES-Cam-on-PYNQ-Z2-main/AES-Cam-on-PYNQ-Z2-main/AES_SYS/AES_SYS.cache/ip/2023.2/3/b/3bc72d579e6ad5e4/AES_SYS_auto_pc_0_stub.vhdl to c:/code/RFC-8439-fpga-implementation/AES-Cam-on-PYNQ-Z2-main/AES-Cam-on-PYNQ-Z2-main/AES_SYS/AES_SYS.gen/sources_1/bd/AES_SYS/ip/AES_SYS_auto_pc_10/AES_SYS_auto_pc_10_stub.vhdl.
INFO: [IP_Flow 19-6926] IPCACHE: added file to list for BOM: c:/code/RFC-8439-fpga-implementation/AES-Cam-on-PYNQ-Z2-main/AES-Cam-on-PYNQ-Z2-main/AES_SYS/AES_SYS.gen/sources_1/bd/AES_SYS/ip/AES_SYS_auto_pc_10/AES_SYS_auto_pc_10_stub.vhdl
INFO: [IP_Flow 19-4993] Using cached IP synthesis design for IP AES_SYS_auto_pc_10, cache-ID = 3bc72d579e6ad5e4; cache size = 170.562 MB.
catch { config_ip_cache -export [get_ips -all AES_SYS_auto_pc_12] }
INFO: [IP_Flow 19-6924] IPCACHE: Running cache check for IP inst: AES_SYS_auto_pc_12
INFO: [IP_Flow 19-6922] IPCACHE: Exporting cached entry 177366daf5914f73 to dir: c:/code/RFC-8439-fpga-implementation/AES-Cam-on-PYNQ-Z2-main/AES-Cam-on-PYNQ-Z2-main/AES_SYS/AES_SYS.gen/sources_1/bd/AES_SYS/ip/AES_SYS_auto_pc_12
INFO: [IP_Flow 19-6928] IPCACHE: copied cached file c:/code/RFC-8439-fpga-implementation/AES-Cam-on-PYNQ-Z2-main/AES-Cam-on-PYNQ-Z2-main/AES_SYS/AES_SYS.cache/ip/2023.2/1/7/177366daf5914f73/AES_SYS_auto_pc_12.dcp to c:/code/RFC-8439-fpga-implementation/AES-Cam-on-PYNQ-Z2-main/AES-Cam-on-PYNQ-Z2-main/AES_SYS/AES_SYS.gen/sources_1/bd/AES_SYS/ip/AES_SYS_auto_pc_12/AES_SYS_auto_pc_12.dcp.
INFO: [IP_Flow 19-6926] IPCACHE: added file to list for BOM: c:/code/RFC-8439-fpga-implementation/AES-Cam-on-PYNQ-Z2-main/AES-Cam-on-PYNQ-Z2-main/AES_SYS/AES_SYS.gen/sources_1/bd/AES_SYS/ip/AES_SYS_auto_pc_12/AES_SYS_auto_pc_12.dcp
INFO: [IP_Flow 19-6928] IPCACHE: copied cached file c:/code/RFC-8439-fpga-implementation/AES-Cam-on-PYNQ-Z2-main/AES-Cam-on-PYNQ-Z2-main/AES_SYS/AES_SYS.cache/ip/2023.2/1/7/177366daf5914f73/AES_SYS_auto_pc_12_sim_netlist.v to c:/code/RFC-8439-fpga-implementation/AES-Cam-on-PYNQ-Z2-main/AES-Cam-on-PYNQ-Z2-main/AES_SYS/AES_SYS.gen/sources_1/bd/AES_SYS/ip/AES_SYS_auto_pc_12/AES_SYS_auto_pc_12_sim_netlist.v.
INFO: [IP_Flow 19-6926] IPCACHE: added file to list for BOM: c:/code/RFC-8439-fpga-implementation/AES-Cam-on-PYNQ-Z2-main/AES-Cam-on-PYNQ-Z2-main/AES_SYS/AES_SYS.gen/sources_1/bd/AES_SYS/ip/AES_SYS_auto_pc_12/AES_SYS_auto_pc_12_sim_netlist.v
INFO: [IP_Flow 19-6928] IPCACHE: copied cached file c:/code/RFC-8439-fpga-implementation/AES-Cam-on-PYNQ-Z2-main/AES-Cam-on-PYNQ-Z2-main/AES_SYS/AES_SYS.cache/ip/2023.2/1/7/177366daf5914f73/AES_SYS_auto_pc_12_sim_netlist.vhdl to c:/code/RFC-8439-fpga-implementation/AES-Cam-on-PYNQ-Z2-main/AES-Cam-on-PYNQ-Z2-main/AES_SYS/AES_SYS.gen/sources_1/bd/AES_SYS/ip/AES_SYS_auto_pc_12/AES_SYS_auto_pc_12_sim_netlist.vhdl.
INFO: [IP_Flow 19-6926] IPCACHE: added file to list for BOM: c:/code/RFC-8439-fpga-implementation/AES-Cam-on-PYNQ-Z2-main/AES-Cam-on-PYNQ-Z2-main/AES_SYS/AES_SYS.gen/sources_1/bd/AES_SYS/ip/AES_SYS_auto_pc_12/AES_SYS_auto_pc_12_sim_netlist.vhdl
INFO: [IP_Flow 19-6928] IPCACHE: copied cached file c:/code/RFC-8439-fpga-implementation/AES-Cam-on-PYNQ-Z2-main/AES-Cam-on-PYNQ-Z2-main/AES_SYS/AES_SYS.cache/ip/2023.2/1/7/177366daf5914f73/AES_SYS_auto_pc_12_stub.v to c:/code/RFC-8439-fpga-implementation/AES-Cam-on-PYNQ-Z2-main/AES-Cam-on-PYNQ-Z2-main/AES_SYS/AES_SYS.gen/sources_1/bd/AES_SYS/ip/AES_SYS_auto_pc_12/AES_SYS_auto_pc_12_stub.v.
INFO: [IP_Flow 19-6926] IPCACHE: added file to list for BOM: c:/code/RFC-8439-fpga-implementation/AES-Cam-on-PYNQ-Z2-main/AES-Cam-on-PYNQ-Z2-main/AES_SYS/AES_SYS.gen/sources_1/bd/AES_SYS/ip/AES_SYS_auto_pc_12/AES_SYS_auto_pc_12_stub.v
INFO: [IP_Flow 19-6928] IPCACHE: copied cached file c:/code/RFC-8439-fpga-implementation/AES-Cam-on-PYNQ-Z2-main/AES-Cam-on-PYNQ-Z2-main/AES_SYS/AES_SYS.cache/ip/2023.2/1/7/177366daf5914f73/AES_SYS_auto_pc_12_stub.vhdl to c:/code/RFC-8439-fpga-implementation/AES-Cam-on-PYNQ-Z2-main/AES-Cam-on-PYNQ-Z2-main/AES_SYS/AES_SYS.gen/sources_1/bd/AES_SYS/ip/AES_SYS_auto_pc_12/AES_SYS_auto_pc_12_stub.vhdl.
INFO: [IP_Flow 19-6926] IPCACHE: added file to list for BOM: c:/code/RFC-8439-fpga-implementation/AES-Cam-on-PYNQ-Z2-main/AES-Cam-on-PYNQ-Z2-main/AES_SYS/AES_SYS.gen/sources_1/bd/AES_SYS/ip/AES_SYS_auto_pc_12/AES_SYS_auto_pc_12_stub.vhdl
INFO: [IP_Flow 19-4993] Using cached IP synthesis design for IP AES_SYS_auto_pc_12, cache-ID = 177366daf5914f73; cache size = 170.562 MB.
catch { config_ip_cache -export [get_ips -all AES_SYS_auto_us_0] }
INFO: [IP_Flow 19-6924] IPCACHE: Running cache check for IP inst: AES_SYS_auto_us_0
INFO: [IP_Flow 19-6922] IPCACHE: Exporting cached entry 96128dd45566b66c to dir: c:/code/RFC-8439-fpga-implementation/AES-Cam-on-PYNQ-Z2-main/AES-Cam-on-PYNQ-Z2-main/AES_SYS/AES_SYS.gen/sources_1/bd/AES_SYS/ip/AES_SYS_auto_us_0
INFO: [IP_Flow 19-6928] IPCACHE: copied cached file c:/code/RFC-8439-fpga-implementation/AES-Cam-on-PYNQ-Z2-main/AES-Cam-on-PYNQ-Z2-main/AES_SYS/AES_SYS.cache/ip/2023.2/9/6/96128dd45566b66c/AES_SYS_auto_us_0.dcp to c:/code/RFC-8439-fpga-implementation/AES-Cam-on-PYNQ-Z2-main/AES-Cam-on-PYNQ-Z2-main/AES_SYS/AES_SYS.gen/sources_1/bd/AES_SYS/ip/AES_SYS_auto_us_0/AES_SYS_auto_us_0.dcp.
INFO: [IP_Flow 19-6926] IPCACHE: added file to list for BOM: c:/code/RFC-8439-fpga-implementation/AES-Cam-on-PYNQ-Z2-main/AES-Cam-on-PYNQ-Z2-main/AES_SYS/AES_SYS.gen/sources_1/bd/AES_SYS/ip/AES_SYS_auto_us_0/AES_SYS_auto_us_0.dcp
INFO: [IP_Flow 19-6928] IPCACHE: copied cached file c:/code/RFC-8439-fpga-implementation/AES-Cam-on-PYNQ-Z2-main/AES-Cam-on-PYNQ-Z2-main/AES_SYS/AES_SYS.cache/ip/2023.2/9/6/96128dd45566b66c/AES_SYS_auto_us_0_sim_netlist.v to c:/code/RFC-8439-fpga-implementation/AES-Cam-on-PYNQ-Z2-main/AES-Cam-on-PYNQ-Z2-main/AES_SYS/AES_SYS.gen/sources_1/bd/AES_SYS/ip/AES_SYS_auto_us_0/AES_SYS_auto_us_0_sim_netlist.v.
INFO: [IP_Flow 19-6926] IPCACHE: added file to list for BOM: c:/code/RFC-8439-fpga-implementation/AES-Cam-on-PYNQ-Z2-main/AES-Cam-on-PYNQ-Z2-main/AES_SYS/AES_SYS.gen/sources_1/bd/AES_SYS/ip/AES_SYS_auto_us_0/AES_SYS_auto_us_0_sim_netlist.v
INFO: [IP_Flow 19-6928] IPCACHE: copied cached file c:/code/RFC-8439-fpga-implementation/AES-Cam-on-PYNQ-Z2-main/AES-Cam-on-PYNQ-Z2-main/AES_SYS/AES_SYS.cache/ip/2023.2/9/6/96128dd45566b66c/AES_SYS_auto_us_0_sim_netlist.vhdl to c:/code/RFC-8439-fpga-implementation/AES-Cam-on-PYNQ-Z2-main/AES-Cam-on-PYNQ-Z2-main/AES_SYS/AES_SYS.gen/sources_1/bd/AES_SYS/ip/AES_SYS_auto_us_0/AES_SYS_auto_us_0_sim_netlist.vhdl.
INFO: [IP_Flow 19-6926] IPCACHE: added file to list for BOM: c:/code/RFC-8439-fpga-implementation/AES-Cam-on-PYNQ-Z2-main/AES-Cam-on-PYNQ-Z2-main/AES_SYS/AES_SYS.gen/sources_1/bd/AES_SYS/ip/AES_SYS_auto_us_0/AES_SYS_auto_us_0_sim_netlist.vhdl
INFO: [IP_Flow 19-6928] IPCACHE: copied cached file c:/code/RFC-8439-fpga-implementation/AES-Cam-on-PYNQ-Z2-main/AES-Cam-on-PYNQ-Z2-main/AES_SYS/AES_SYS.cache/ip/2023.2/9/6/96128dd45566b66c/AES_SYS_auto_us_0_stub.v to c:/code/RFC-8439-fpga-implementation/AES-Cam-on-PYNQ-Z2-main/AES-Cam-on-PYNQ-Z2-main/AES_SYS/AES_SYS.gen/sources_1/bd/AES_SYS/ip/AES_SYS_auto_us_0/AES_SYS_auto_us_0_stub.v.
INFO: [IP_Flow 19-6926] IPCACHE: added file to list for BOM: c:/code/RFC-8439-fpga-implementation/AES-Cam-on-PYNQ-Z2-main/AES-Cam-on-PYNQ-Z2-main/AES_SYS/AES_SYS.gen/sources_1/bd/AES_SYS/ip/AES_SYS_auto_us_0/AES_SYS_auto_us_0_stub.v
INFO: [IP_Flow 19-6928] IPCACHE: copied cached file c:/code/RFC-8439-fpga-implementation/AES-Cam-on-PYNQ-Z2-main/AES-Cam-on-PYNQ-Z2-main/AES_SYS/AES_SYS.cache/ip/2023.2/9/6/96128dd45566b66c/AES_SYS_auto_us_0_stub.vhdl to c:/code/RFC-8439-fpga-implementation/AES-Cam-on-PYNQ-Z2-main/AES-Cam-on-PYNQ-Z2-main/AES_SYS/AES_SYS.gen/sources_1/bd/AES_SYS/ip/AES_SYS_auto_us_0/AES_SYS_auto_us_0_stub.vhdl.
INFO: [IP_Flow 19-6926] IPCACHE: added file to list for BOM: c:/code/RFC-8439-fpga-implementation/AES-Cam-on-PYNQ-Z2-main/AES-Cam-on-PYNQ-Z2-main/AES_SYS/AES_SYS.gen/sources_1/bd/AES_SYS/ip/AES_SYS_auto_us_0/AES_SYS_auto_us_0_stub.vhdl
INFO: [IP_Flow 19-4993] Using cached IP synthesis design for IP AES_SYS_auto_us_0, cache-ID = 96128dd45566b66c; cache size = 170.562 MB.
catch { config_ip_cache -export [get_ips -all AES_SYS_auto_pc_13] }
INFO: [IP_Flow 19-6924] IPCACHE: Running cache check for IP inst: AES_SYS_auto_pc_13
INFO: [IP_Flow 19-6922] IPCACHE: Exporting cached entry 680f4c3d4d7785e1 to dir: c:/code/RFC-8439-fpga-implementation/AES-Cam-on-PYNQ-Z2-main/AES-Cam-on-PYNQ-Z2-main/AES_SYS/AES_SYS.gen/sources_1/bd/AES_SYS/ip/AES_SYS_auto_pc_13
INFO: [IP_Flow 19-6928] IPCACHE: copied cached file c:/code/RFC-8439-fpga-implementation/AES-Cam-on-PYNQ-Z2-main/AES-Cam-on-PYNQ-Z2-main/AES_SYS/AES_SYS.cache/ip/2023.2/6/8/680f4c3d4d7785e1/AES_SYS_auto_pc_13.dcp to c:/code/RFC-8439-fpga-implementation/AES-Cam-on-PYNQ-Z2-main/AES-Cam-on-PYNQ-Z2-main/AES_SYS/AES_SYS.gen/sources_1/bd/AES_SYS/ip/AES_SYS_auto_pc_13/AES_SYS_auto_pc_13.dcp.
INFO: [IP_Flow 19-6926] IPCACHE: added file to list for BOM: c:/code/RFC-8439-fpga-implementation/AES-Cam-on-PYNQ-Z2-main/AES-Cam-on-PYNQ-Z2-main/AES_SYS/AES_SYS.gen/sources_1/bd/AES_SYS/ip/AES_SYS_auto_pc_13/AES_SYS_auto_pc_13.dcp
INFO: [IP_Flow 19-6928] IPCACHE: copied cached file c:/code/RFC-8439-fpga-implementation/AES-Cam-on-PYNQ-Z2-main/AES-Cam-on-PYNQ-Z2-main/AES_SYS/AES_SYS.cache/ip/2023.2/6/8/680f4c3d4d7785e1/AES_SYS_auto_pc_13_sim_netlist.v to c:/code/RFC-8439-fpga-implementation/AES-Cam-on-PYNQ-Z2-main/AES-Cam-on-PYNQ-Z2-main/AES_SYS/AES_SYS.gen/sources_1/bd/AES_SYS/ip/AES_SYS_auto_pc_13/AES_SYS_auto_pc_13_sim_netlist.v.
INFO: [IP_Flow 19-6926] IPCACHE: added file to list for BOM: c:/code/RFC-8439-fpga-implementation/AES-Cam-on-PYNQ-Z2-main/AES-Cam-on-PYNQ-Z2-main/AES_SYS/AES_SYS.gen/sources_1/bd/AES_SYS/ip/AES_SYS_auto_pc_13/AES_SYS_auto_pc_13_sim_netlist.v
INFO: [IP_Flow 19-6928] IPCACHE: copied cached file c:/code/RFC-8439-fpga-implementation/AES-Cam-on-PYNQ-Z2-main/AES-Cam-on-PYNQ-Z2-main/AES_SYS/AES_SYS.cache/ip/2023.2/6/8/680f4c3d4d7785e1/AES_SYS_auto_pc_13_sim_netlist.vhdl to c:/code/RFC-8439-fpga-implementation/AES-Cam-on-PYNQ-Z2-main/AES-Cam-on-PYNQ-Z2-main/AES_SYS/AES_SYS.gen/sources_1/bd/AES_SYS/ip/AES_SYS_auto_pc_13/AES_SYS_auto_pc_13_sim_netlist.vhdl.
INFO: [IP_Flow 19-6926] IPCACHE: added file to list for BOM: c:/code/RFC-8439-fpga-implementation/AES-Cam-on-PYNQ-Z2-main/AES-Cam-on-PYNQ-Z2-main/AES_SYS/AES_SYS.gen/sources_1/bd/AES_SYS/ip/AES_SYS_auto_pc_13/AES_SYS_auto_pc_13_sim_netlist.vhdl
INFO: [IP_Flow 19-6928] IPCACHE: copied cached file c:/code/RFC-8439-fpga-implementation/AES-Cam-on-PYNQ-Z2-main/AES-Cam-on-PYNQ-Z2-main/AES_SYS/AES_SYS.cache/ip/2023.2/6/8/680f4c3d4d7785e1/AES_SYS_auto_pc_13_stub.v to c:/code/RFC-8439-fpga-implementation/AES-Cam-on-PYNQ-Z2-main/AES-Cam-on-PYNQ-Z2-main/AES_SYS/AES_SYS.gen/sources_1/bd/AES_SYS/ip/AES_SYS_auto_pc_13/AES_SYS_auto_pc_13_stub.v.
INFO: [IP_Flow 19-6926] IPCACHE: added file to list for BOM: c:/code/RFC-8439-fpga-implementation/AES-Cam-on-PYNQ-Z2-main/AES-Cam-on-PYNQ-Z2-main/AES_SYS/AES_SYS.gen/sources_1/bd/AES_SYS/ip/AES_SYS_auto_pc_13/AES_SYS_auto_pc_13_stub.v
INFO: [IP_Flow 19-6928] IPCACHE: copied cached file c:/code/RFC-8439-fpga-implementation/AES-Cam-on-PYNQ-Z2-main/AES-Cam-on-PYNQ-Z2-main/AES_SYS/AES_SYS.cache/ip/2023.2/6/8/680f4c3d4d7785e1/AES_SYS_auto_pc_13_stub.vhdl to c:/code/RFC-8439-fpga-implementation/AES-Cam-on-PYNQ-Z2-main/AES-Cam-on-PYNQ-Z2-main/AES_SYS/AES_SYS.gen/sources_1/bd/AES_SYS/ip/AES_SYS_auto_pc_13/AES_SYS_auto_pc_13_stub.vhdl.
INFO: [IP_Flow 19-6926] IPCACHE: added file to list for BOM: c:/code/RFC-8439-fpga-implementation/AES-Cam-on-PYNQ-Z2-main/AES-Cam-on-PYNQ-Z2-main/AES_SYS/AES_SYS.gen/sources_1/bd/AES_SYS/ip/AES_SYS_auto_pc_13/AES_SYS_auto_pc_13_stub.vhdl
INFO: [IP_Flow 19-4993] Using cached IP synthesis design for IP AES_SYS_auto_pc_13, cache-ID = 680f4c3d4d7785e1; cache size = 170.562 MB.
catch { config_ip_cache -export [get_ips -all AES_SYS_auto_ds_0] }
INFO: [IP_Flow 19-6924] IPCACHE: Running cache check for IP inst: AES_SYS_auto_ds_0
INFO: [IP_Flow 19-6922] IPCACHE: Exporting cached entry f9503eb3174c7348 to dir: c:/code/RFC-8439-fpga-implementation/AES-Cam-on-PYNQ-Z2-main/AES-Cam-on-PYNQ-Z2-main/AES_SYS/AES_SYS.gen/sources_1/bd/AES_SYS/ip/AES_SYS_auto_ds_0
INFO: [IP_Flow 19-6928] IPCACHE: copied cached file c:/code/RFC-8439-fpga-implementation/AES-Cam-on-PYNQ-Z2-main/AES-Cam-on-PYNQ-Z2-main/AES_SYS/AES_SYS.cache/ip/2023.2/f/9/f9503eb3174c7348/AES_SYS_auto_ds_0.dcp to c:/code/RFC-8439-fpga-implementation/AES-Cam-on-PYNQ-Z2-main/AES-Cam-on-PYNQ-Z2-main/AES_SYS/AES_SYS.gen/sources_1/bd/AES_SYS/ip/AES_SYS_auto_ds_0/AES_SYS_auto_ds_0.dcp.
INFO: [IP_Flow 19-6926] IPCACHE: added file to list for BOM: c:/code/RFC-8439-fpga-implementation/AES-Cam-on-PYNQ-Z2-main/AES-Cam-on-PYNQ-Z2-main/AES_SYS/AES_SYS.gen/sources_1/bd/AES_SYS/ip/AES_SYS_auto_ds_0/AES_SYS_auto_ds_0.dcp
INFO: [IP_Flow 19-6928] IPCACHE: copied cached file c:/code/RFC-8439-fpga-implementation/AES-Cam-on-PYNQ-Z2-main/AES-Cam-on-PYNQ-Z2-main/AES_SYS/AES_SYS.cache/ip/2023.2/f/9/f9503eb3174c7348/AES_SYS_auto_ds_0_sim_netlist.v to c:/code/RFC-8439-fpga-implementation/AES-Cam-on-PYNQ-Z2-main/AES-Cam-on-PYNQ-Z2-main/AES_SYS/AES_SYS.gen/sources_1/bd/AES_SYS/ip/AES_SYS_auto_ds_0/AES_SYS_auto_ds_0_sim_netlist.v.
INFO: [IP_Flow 19-6926] IPCACHE: added file to list for BOM: c:/code/RFC-8439-fpga-implementation/AES-Cam-on-PYNQ-Z2-main/AES-Cam-on-PYNQ-Z2-main/AES_SYS/AES_SYS.gen/sources_1/bd/AES_SYS/ip/AES_SYS_auto_ds_0/AES_SYS_auto_ds_0_sim_netlist.v
INFO: [IP_Flow 19-6928] IPCACHE: copied cached file c:/code/RFC-8439-fpga-implementation/AES-Cam-on-PYNQ-Z2-main/AES-Cam-on-PYNQ-Z2-main/AES_SYS/AES_SYS.cache/ip/2023.2/f/9/f9503eb3174c7348/AES_SYS_auto_ds_0_sim_netlist.vhdl to c:/code/RFC-8439-fpga-implementation/AES-Cam-on-PYNQ-Z2-main/AES-Cam-on-PYNQ-Z2-main/AES_SYS/AES_SYS.gen/sources_1/bd/AES_SYS/ip/AES_SYS_auto_ds_0/AES_SYS_auto_ds_0_sim_netlist.vhdl.
INFO: [IP_Flow 19-6926] IPCACHE: added file to list for BOM: c:/code/RFC-8439-fpga-implementation/AES-Cam-on-PYNQ-Z2-main/AES-Cam-on-PYNQ-Z2-main/AES_SYS/AES_SYS.gen/sources_1/bd/AES_SYS/ip/AES_SYS_auto_ds_0/AES_SYS_auto_ds_0_sim_netlist.vhdl
INFO: [IP_Flow 19-6928] IPCACHE: copied cached file c:/code/RFC-8439-fpga-implementation/AES-Cam-on-PYNQ-Z2-main/AES-Cam-on-PYNQ-Z2-main/AES_SYS/AES_SYS.cache/ip/2023.2/f/9/f9503eb3174c7348/AES_SYS_auto_ds_0_stub.v to c:/code/RFC-8439-fpga-implementation/AES-Cam-on-PYNQ-Z2-main/AES-Cam-on-PYNQ-Z2-main/AES_SYS/AES_SYS.gen/sources_1/bd/AES_SYS/ip/AES_SYS_auto_ds_0/AES_SYS_auto_ds_0_stub.v.
INFO: [IP_Flow 19-6926] IPCACHE: added file to list for BOM: c:/code/RFC-8439-fpga-implementation/AES-Cam-on-PYNQ-Z2-main/AES-Cam-on-PYNQ-Z2-main/AES_SYS/AES_SYS.gen/sources_1/bd/AES_SYS/ip/AES_SYS_auto_ds_0/AES_SYS_auto_ds_0_stub.v
INFO: [IP_Flow 19-6928] IPCACHE: copied cached file c:/code/RFC-8439-fpga-implementation/AES-Cam-on-PYNQ-Z2-main/AES-Cam-on-PYNQ-Z2-main/AES_SYS/AES_SYS.cache/ip/2023.2/f/9/f9503eb3174c7348/AES_SYS_auto_ds_0_stub.vhdl to c:/code/RFC-8439-fpga-implementation/AES-Cam-on-PYNQ-Z2-main/AES-Cam-on-PYNQ-Z2-main/AES_SYS/AES_SYS.gen/sources_1/bd/AES_SYS/ip/AES_SYS_auto_ds_0/AES_SYS_auto_ds_0_stub.vhdl.
INFO: [IP_Flow 19-6926] IPCACHE: added file to list for BOM: c:/code/RFC-8439-fpga-implementation/AES-Cam-on-PYNQ-Z2-main/AES-Cam-on-PYNQ-Z2-main/AES_SYS/AES_SYS.gen/sources_1/bd/AES_SYS/ip/AES_SYS_auto_ds_0/AES_SYS_auto_ds_0_stub.vhdl
INFO: [IP_Flow 19-4993] Using cached IP synthesis design for IP AES_SYS_auto_ds_0, cache-ID = f9503eb3174c7348; cache size = 170.562 MB.
catch { config_ip_cache -export [get_ips -all AES_SYS_auto_ds_1] }
INFO: [IP_Flow 19-6924] IPCACHE: Running cache check for IP inst: AES_SYS_auto_ds_1
INFO: [IP_Flow 19-6922] IPCACHE: Exporting cached entry f9503eb3174c7348 to dir: c:/code/RFC-8439-fpga-implementation/AES-Cam-on-PYNQ-Z2-main/AES-Cam-on-PYNQ-Z2-main/AES_SYS/AES_SYS.gen/sources_1/bd/AES_SYS/ip/AES_SYS_auto_ds_1
INFO: [IP_Flow 19-6928] IPCACHE: copied cached file c:/code/RFC-8439-fpga-implementation/AES-Cam-on-PYNQ-Z2-main/AES-Cam-on-PYNQ-Z2-main/AES_SYS/AES_SYS.cache/ip/2023.2/f/9/f9503eb3174c7348/AES_SYS_auto_ds_0.dcp to c:/code/RFC-8439-fpga-implementation/AES-Cam-on-PYNQ-Z2-main/AES-Cam-on-PYNQ-Z2-main/AES_SYS/AES_SYS.gen/sources_1/bd/AES_SYS/ip/AES_SYS_auto_ds_1/AES_SYS_auto_ds_1.dcp.
INFO: [IP_Flow 19-6926] IPCACHE: added file to list for BOM: c:/code/RFC-8439-fpga-implementation/AES-Cam-on-PYNQ-Z2-main/AES-Cam-on-PYNQ-Z2-main/AES_SYS/AES_SYS.gen/sources_1/bd/AES_SYS/ip/AES_SYS_auto_ds_1/AES_SYS_auto_ds_1.dcp
INFO: [IP_Flow 19-6928] IPCACHE: copied cached file c:/code/RFC-8439-fpga-implementation/AES-Cam-on-PYNQ-Z2-main/AES-Cam-on-PYNQ-Z2-main/AES_SYS/AES_SYS.cache/ip/2023.2/f/9/f9503eb3174c7348/AES_SYS_auto_ds_0_sim_netlist.v to c:/code/RFC-8439-fpga-implementation/AES-Cam-on-PYNQ-Z2-main/AES-Cam-on-PYNQ-Z2-main/AES_SYS/AES_SYS.gen/sources_1/bd/AES_SYS/ip/AES_SYS_auto_ds_1/AES_SYS_auto_ds_1_sim_netlist.v.
INFO: [IP_Flow 19-6926] IPCACHE: added file to list for BOM: c:/code/RFC-8439-fpga-implementation/AES-Cam-on-PYNQ-Z2-main/AES-Cam-on-PYNQ-Z2-main/AES_SYS/AES_SYS.gen/sources_1/bd/AES_SYS/ip/AES_SYS_auto_ds_1/AES_SYS_auto_ds_1_sim_netlist.v
INFO: [IP_Flow 19-6928] IPCACHE: copied cached file c:/code/RFC-8439-fpga-implementation/AES-Cam-on-PYNQ-Z2-main/AES-Cam-on-PYNQ-Z2-main/AES_SYS/AES_SYS.cache/ip/2023.2/f/9/f9503eb3174c7348/AES_SYS_auto_ds_0_sim_netlist.vhdl to c:/code/RFC-8439-fpga-implementation/AES-Cam-on-PYNQ-Z2-main/AES-Cam-on-PYNQ-Z2-main/AES_SYS/AES_SYS.gen/sources_1/bd/AES_SYS/ip/AES_SYS_auto_ds_1/AES_SYS_auto_ds_1_sim_netlist.vhdl.
INFO: [IP_Flow 19-6926] IPCACHE: added file to list for BOM: c:/code/RFC-8439-fpga-implementation/AES-Cam-on-PYNQ-Z2-main/AES-Cam-on-PYNQ-Z2-main/AES_SYS/AES_SYS.gen/sources_1/bd/AES_SYS/ip/AES_SYS_auto_ds_1/AES_SYS_auto_ds_1_sim_netlist.vhdl
INFO: [IP_Flow 19-6928] IPCACHE: copied cached file c:/code/RFC-8439-fpga-implementation/AES-Cam-on-PYNQ-Z2-main/AES-Cam-on-PYNQ-Z2-main/AES_SYS/AES_SYS.cache/ip/2023.2/f/9/f9503eb3174c7348/AES_SYS_auto_ds_0_stub.v to c:/code/RFC-8439-fpga-implementation/AES-Cam-on-PYNQ-Z2-main/AES-Cam-on-PYNQ-Z2-main/AES_SYS/AES_SYS.gen/sources_1/bd/AES_SYS/ip/AES_SYS_auto_ds_1/AES_SYS_auto_ds_1_stub.v.
INFO: [IP_Flow 19-6926] IPCACHE: added file to list for BOM: c:/code/RFC-8439-fpga-implementation/AES-Cam-on-PYNQ-Z2-main/AES-Cam-on-PYNQ-Z2-main/AES_SYS/AES_SYS.gen/sources_1/bd/AES_SYS/ip/AES_SYS_auto_ds_1/AES_SYS_auto_ds_1_stub.v
INFO: [IP_Flow 19-6928] IPCACHE: copied cached file c:/code/RFC-8439-fpga-implementation/AES-Cam-on-PYNQ-Z2-main/AES-Cam-on-PYNQ-Z2-main/AES_SYS/AES_SYS.cache/ip/2023.2/f/9/f9503eb3174c7348/AES_SYS_auto_ds_0_stub.vhdl to c:/code/RFC-8439-fpga-implementation/AES-Cam-on-PYNQ-Z2-main/AES-Cam-on-PYNQ-Z2-main/AES_SYS/AES_SYS.gen/sources_1/bd/AES_SYS/ip/AES_SYS_auto_ds_1/AES_SYS_auto_ds_1_stub.vhdl.
INFO: [IP_Flow 19-6926] IPCACHE: added file to list for BOM: c:/code/RFC-8439-fpga-implementation/AES-Cam-on-PYNQ-Z2-main/AES-Cam-on-PYNQ-Z2-main/AES_SYS/AES_SYS.gen/sources_1/bd/AES_SYS/ip/AES_SYS_auto_ds_1/AES_SYS_auto_ds_1_stub.vhdl
INFO: [IP_Flow 19-4993] Using cached IP synthesis design for IP AES_SYS_auto_ds_1, cache-ID = f9503eb3174c7348; cache size = 170.562 MB.
export_ip_user_files -of_objects [get_files C:/code/RFC-8439-fpga-implementation/AES-Cam-on-PYNQ-Z2-main/AES-Cam-on-PYNQ-Z2-main/AES_SYS/AES_SYS.srcs/sources_1/bd/AES_SYS/AES_SYS.bd] -no_script -sync -force -quiet
create_ip_run [get_files -of_objects [get_fileset sources_1] C:/code/RFC-8439-fpga-implementation/AES-Cam-on-PYNQ-Z2-main/AES-Cam-on-PYNQ-Z2-main/AES_SYS/AES_SYS.srcs/sources_1/bd/AES_SYS/AES_SYS.bd]
export_simulation -of_objects [get_files C:/code/RFC-8439-fpga-implementation/AES-Cam-on-PYNQ-Z2-main/AES-Cam-on-PYNQ-Z2-main/AES_SYS/AES_SYS.srcs/sources_1/bd/AES_SYS/AES_SYS.bd] -directory C:/code/RFC-8439-fpga-implementation/AES-Cam-on-PYNQ-Z2-main/AES-Cam-on-PYNQ-Z2-main/AES_SYS/AES_SYS.ip_user_files/sim_scripts -ip_user_files_dir C:/code/RFC-8439-fpga-implementation/AES-Cam-on-PYNQ-Z2-main/AES-Cam-on-PYNQ-Z2-main/AES_SYS/AES_SYS.ip_user_files -ipstatic_source_dir C:/code/RFC-8439-fpga-implementation/AES-Cam-on-PYNQ-Z2-main/AES-Cam-on-PYNQ-Z2-main/AES_SYS/AES_SYS.ip_user_files/ipstatic -lib_map_path [list {modelsim=C:/code/RFC-8439-fpga-implementation/AES-Cam-on-PYNQ-Z2-main/AES-Cam-on-PYNQ-Z2-main/AES_SYS/AES_SYS.cache/compile_simlib/modelsim} {questa=C:/code/RFC-8439-fpga-implementation/AES-Cam-on-PYNQ-Z2-main/AES-Cam-on-PYNQ-Z2-main/AES_SYS/AES_SYS.cache/compile_simlib/questa} {riviera=C:/code/RFC-8439-fpga-implementation/AES-Cam-on-PYNQ-Z2-main/AES-Cam-on-PYNQ-Z2-main/AES_SYS/AES_SYS.cache/compile_simlib/riviera} {activehdl=C:/code/RFC-8439-fpga-implementation/AES-Cam-on-PYNQ-Z2-main/AES-Cam-on-PYNQ-Z2-main/AES_SYS/AES_SYS.cache/compile_simlib/activehdl}] -use_ip_compiled_libs -force -quiet
disconnect_bd_net /proc_sys_reset_0_peripheral_aresetn [get_bd_pins axi_vdma_0/axi_resetn]
connect_bd_net [get_bd_pins axi_vdma_0/axi_resetn] [get_bd_pins rst_ps7_0_100M/peripheral_aresetn]
generate_target all [get_files  C:/code/RFC-8439-fpga-implementation/AES-Cam-on-PYNQ-Z2-main/AES-Cam-on-PYNQ-Z2-main/AES_SYS/AES_SYS.srcs/sources_1/bd/AES_SYS/AES_SYS.bd]
WARNING: [BD 41-2670] Found an incomplete address path from address space '/processing_system7_0/Data' to master interface '/ps7_0_axi_periph/M10_AXI'. Please either complete or remove this path to resolve.
WARNING: [BD 41-2670] Found an incomplete address path from address space '/processing_system7_0/Data' to master interface '/ps7_0_axi_periph/M07_AXI'. Please either complete or remove this path to resolve.
WARNING: [BD 41-2670] Found an incomplete address path from address space '/processing_system7_0/Data' to master interface '/ps7_0_axi_periph/M12_AXI'. Please either complete or remove this path to resolve.
WARNING: [BD 5-699] No address segments matched 'get_bd_addr_segs -addressables -of_objects /processing_system7_0/FCLK_RESET0_N'
WARNING: [BD 5-699] No address segments matched 'get_bd_addr_segs -addressables -of_objects /processing_system7_0/FCLK_RESET0_N'
WARNING: [BD 5-699] No address segments matched 'get_bd_addr_segs -addressables -of_objects /processing_system7_0/FCLK_RESET0_N'
WARNING: [BD 41-1284] Cannot set parameter FREQ_HZ on port /v_axi4s_vid_out_0/aclken
WARNING: [BD 41-1284] Cannot set parameter PHASE on port /v_axi4s_vid_out_0/aclken
WARNING: [BD 41-1284] Cannot set parameter CLK_DOMAIN on port /v_axi4s_vid_out_0/aclken
WARNING: [BD 41-1284] Cannot set parameter FREQ_HZ on port /v_axi4s_vid_out_0/vid_io_out_ce
WARNING: [BD 41-1284] Cannot set parameter PHASE on port /v_axi4s_vid_out_0/vid_io_out_ce
WARNING: [BD 41-1284] Cannot set parameter CLK_DOMAIN on port /v_axi4s_vid_out_0/vid_io_out_ce
WARNING: [BD 41-1284] Cannot set parameter FREQ_HZ on port /v_tc_0/clken
WARNING: [BD 41-1284] Cannot set parameter PHASE on port /v_tc_0/clken
WARNING: [BD 41-1284] Cannot set parameter CLK_DOMAIN on port /v_tc_0/clken
WARNING: [BD 41-1284] Cannot set parameter FREQ_HZ on port /v_axi4s_vid_out_0/aclken
WARNING: [BD 41-1284] Cannot set parameter PHASE on port /v_axi4s_vid_out_0/aclken
WARNING: [BD 41-1284] Cannot set parameter CLK_DOMAIN on port /v_axi4s_vid_out_0/aclken
WARNING: [BD 41-1284] Cannot set parameter FREQ_HZ on port /v_axi4s_vid_out_0/vid_io_out_ce
WARNING: [BD 41-1284] Cannot set parameter PHASE on port /v_axi4s_vid_out_0/vid_io_out_ce
WARNING: [BD 41-1284] Cannot set parameter CLK_DOMAIN on port /v_axi4s_vid_out_0/vid_io_out_ce
WARNING: [BD 41-1284] Cannot set parameter FREQ_HZ on port /v_tc_0/clken
WARNING: [BD 41-1284] Cannot set parameter PHASE on port /v_tc_0/clken
WARNING: [BD 41-1284] Cannot set parameter CLK_DOMAIN on port /v_tc_0/clken
WARNING: [BD 41-1284] Cannot set parameter FREQ_HZ on port /v_axi4s_vid_out_0/aclken
WARNING: [BD 41-1284] Cannot set parameter PHASE on port /v_axi4s_vid_out_0/aclken
WARNING: [BD 41-1284] Cannot set parameter CLK_DOMAIN on port /v_axi4s_vid_out_0/aclken
WARNING: [BD 41-1284] Cannot set parameter FREQ_HZ on port /v_axi4s_vid_out_0/vid_io_out_ce
WARNING: [BD 41-1284] Cannot set parameter PHASE on port /v_axi4s_vid_out_0/vid_io_out_ce
WARNING: [BD 41-1284] Cannot set parameter CLK_DOMAIN on port /v_axi4s_vid_out_0/vid_io_out_ce
WARNING: [BD 41-1284] Cannot set parameter FREQ_HZ on port /v_tc_0/clken
WARNING: [BD 41-1284] Cannot set parameter PHASE on port /v_tc_0/clken
WARNING: [BD 41-1284] Cannot set parameter CLK_DOMAIN on port /v_tc_0/clken
WARNING: [BD 41-1284] Cannot set parameter FREQ_HZ on port /v_axi4s_vid_out_0/aclken
WARNING: [BD 41-1284] Cannot set parameter PHASE on port /v_axi4s_vid_out_0/aclken
WARNING: [BD 41-1284] Cannot set parameter CLK_DOMAIN on port /v_axi4s_vid_out_0/aclken
WARNING: [BD 41-1284] Cannot set parameter FREQ_HZ on port /v_axi4s_vid_out_0/vid_io_out_ce
WARNING: [BD 41-1284] Cannot set parameter PHASE on port /v_axi4s_vid_out_0/vid_io_out_ce
WARNING: [BD 41-1284] Cannot set parameter CLK_DOMAIN on port /v_axi4s_vid_out_0/vid_io_out_ce
WARNING: [BD 41-1284] Cannot set parameter FREQ_HZ on port /v_tc_0/clken
WARNING: [BD 41-1284] Cannot set parameter PHASE on port /v_tc_0/clken
WARNING: [BD 41-1284] Cannot set parameter CLK_DOMAIN on port /v_tc_0/clken
WARNING: [BD 41-1284] Cannot set parameter FREQ_HZ on port /v_axi4s_vid_out_0/aclken
WARNING: [BD 41-1284] Cannot set parameter PHASE on port /v_axi4s_vid_out_0/aclken
WARNING: [BD 41-1284] Cannot set parameter CLK_DOMAIN on port /v_axi4s_vid_out_0/aclken
WARNING: [BD 41-1284] Cannot set parameter FREQ_HZ on port /v_axi4s_vid_out_0/vid_io_out_ce
WARNING: [BD 41-1284] Cannot set parameter PHASE on port /v_axi4s_vid_out_0/vid_io_out_ce
WARNING: [BD 41-1284] Cannot set parameter CLK_DOMAIN on port /v_axi4s_vid_out_0/vid_io_out_ce
WARNING: [BD 41-1284] Cannot set parameter FREQ_HZ on port /v_tc_0/clken
WARNING: [BD 41-1284] Cannot set parameter PHASE on port /v_tc_0/clken
WARNING: [BD 41-1284] Cannot set parameter CLK_DOMAIN on port /v_tc_0/clken
WARNING: [BD 41-1284] Cannot set parameter FREQ_HZ on port /v_axi4s_vid_out_0/aclken
WARNING: [BD 41-1284] Cannot set parameter PHASE on port /v_axi4s_vid_out_0/aclken
WARNING: [BD 41-1284] Cannot set parameter CLK_DOMAIN on port /v_axi4s_vid_out_0/aclken
WARNING: [BD 41-1284] Cannot set parameter FREQ_HZ on port /v_axi4s_vid_out_0/vid_io_out_ce
WARNING: [BD 41-1284] Cannot set parameter PHASE on port /v_axi4s_vid_out_0/vid_io_out_ce
WARNING: [BD 41-1284] Cannot set parameter CLK_DOMAIN on port /v_axi4s_vid_out_0/vid_io_out_ce
WARNING: [BD 41-1284] Cannot set parameter FREQ_HZ on port /v_tc_0/clken
WARNING: [BD 41-1284] Cannot set parameter PHASE on port /v_tc_0/clken
WARNING: [BD 41-1284] Cannot set parameter CLK_DOMAIN on port /v_tc_0/clken
WARNING: [BD 41-1284] Cannot set parameter FREQ_HZ on port /v_axi4s_vid_out_0/aclken
WARNING: [BD 41-1284] Cannot set parameter PHASE on port /v_axi4s_vid_out_0/aclken
WARNING: [BD 41-1284] Cannot set parameter CLK_DOMAIN on port /v_axi4s_vid_out_0/aclken
WARNING: [BD 41-1284] Cannot set parameter FREQ_HZ on port /v_axi4s_vid_out_0/vid_io_out_ce
WARNING: [BD 41-1284] Cannot set parameter PHASE on port /v_axi4s_vid_out_0/vid_io_out_ce
WARNING: [BD 41-1284] Cannot set parameter CLK_DOMAIN on port /v_axi4s_vid_out_0/vid_io_out_ce
WARNING: [BD 41-1284] Cannot set parameter FREQ_HZ on port /v_tc_0/clken
WARNING: [BD 41-1284] Cannot set parameter PHASE on port /v_tc_0/clken
WARNING: [BD 41-1284] Cannot set parameter CLK_DOMAIN on port /v_tc_0/clken
WARNING: [BD 41-1284] Cannot set parameter FREQ_HZ on port /v_axi4s_vid_out_0/aclken
WARNING: [BD 41-1284] Cannot set parameter PHASE on port /v_axi4s_vid_out_0/aclken
WARNING: [BD 41-1284] Cannot set parameter CLK_DOMAIN on port /v_axi4s_vid_out_0/aclken
WARNING: [BD 41-1284] Cannot set parameter FREQ_HZ on port /v_axi4s_vid_out_0/vid_io_out_ce
WARNING: [BD 41-1284] Cannot set parameter PHASE on port /v_axi4s_vid_out_0/vid_io_out_ce
WARNING: [BD 41-1284] Cannot set parameter CLK_DOMAIN on port /v_axi4s_vid_out_0/vid_io_out_ce
WARNING: [BD 41-1284] Cannot set parameter FREQ_HZ on port /v_tc_0/clken
WARNING: [BD 41-1284] Cannot set parameter PHASE on port /v_tc_0/clken
WARNING: [BD 41-1284] Cannot set parameter CLK_DOMAIN on port /v_tc_0/clken
WARNING: [BD 41-1284] Cannot set parameter FREQ_HZ on port /v_axi4s_vid_out_0/aclken
WARNING: [BD 41-1284] Cannot set parameter PHASE on port /v_axi4s_vid_out_0/aclken
WARNING: [BD 41-1284] Cannot set parameter CLK_DOMAIN on port /v_axi4s_vid_out_0/aclken
WARNING: [BD 41-1284] Cannot set parameter FREQ_HZ on port /v_axi4s_vid_out_0/vid_io_out_ce
WARNING: [BD 41-1284] Cannot set parameter PHASE on port /v_axi4s_vid_out_0/vid_io_out_ce
WARNING: [BD 41-1284] Cannot set parameter CLK_DOMAIN on port /v_axi4s_vid_out_0/vid_io_out_ce
WARNING: [BD 41-1284] Cannot set parameter FREQ_HZ on port /v_tc_0/clken
WARNING: [BD 41-1284] Cannot set parameter PHASE on port /v_tc_0/clken
WARNING: [BD 41-1284] Cannot set parameter CLK_DOMAIN on port /v_tc_0/clken
WARNING: [BD 41-1284] Cannot set parameter FREQ_HZ on port /v_axi4s_vid_out_0/aclken
WARNING: [BD 41-1284] Cannot set parameter PHASE on port /v_axi4s_vid_out_0/aclken
WARNING: [BD 41-1284] Cannot set parameter CLK_DOMAIN on port /v_axi4s_vid_out_0/aclken
WARNING: [BD 41-1284] Cannot set parameter FREQ_HZ on port /v_axi4s_vid_out_0/vid_io_out_ce
WARNING: [BD 41-1284] Cannot set parameter PHASE on port /v_axi4s_vid_out_0/vid_io_out_ce
WARNING: [BD 41-1284] Cannot set parameter CLK_DOMAIN on port /v_axi4s_vid_out_0/vid_io_out_ce
WARNING: [BD 41-1284] Cannot set parameter FREQ_HZ on port /v_tc_0/clken
WARNING: [BD 41-1284] Cannot set parameter PHASE on port /v_tc_0/clken
WARNING: [BD 41-1284] Cannot set parameter CLK_DOMAIN on port /v_tc_0/clken
WARNING: [BD 41-702] Propagation TCL tries to overwrite USER strength parameter PCW_M_AXI_GP0_FREQMHZ(10) on '/processing_system7_0' with propagated value(50). Command ignored
WARNING: [BD 41-702] Propagation TCL tries to overwrite USER strength parameter PCW_S_AXI_HP0_FREQMHZ(10) on '/processing_system7_0' with propagated value(50). Command ignored
WARNING: [BD 41-702] Propagation TCL tries to overwrite USER strength parameter PCW_S_AXI_HP1_FREQMHZ(10) on '/processing_system7_0' with propagated value(50). Command ignored
INFO: [xilinx.com:ip:axi_vdma:6.3-15] /axi_vdma_0 
                    All clocks connected to AXI VDMA are not identical, therefore configuring AXI-VDMA in ASYNC mode.
WARNING: [xilinx.com:ip:axi_vdma:6.3-155] /axi_vdma_0 
                    To get the better performance, ensure AXI Memory Map clock frequency is greater than equal to AXI Streaming clock frequency.
WARNING: [xilinx.com:ip:axi_intc:4.1-13] /axi_intc_0: Interrupt output connection Bus is selected, but the interrupt bus interface is not connected to a matching interface. Please consider selecting Single instead.
INFO: [xilinx.com:ip:clk_wiz:6.0-1] /clk_wiz_0 clk_wiz propagate
INFO: [xilinx.com:ip:clk_wiz:6.0-1] /clk_wiz_0 clk_wiz propagate
Wrote  : <C:\code\RFC-8439-fpga-implementation\AES-Cam-on-PYNQ-Z2-main\AES-Cam-on-PYNQ-Z2-main\AES_SYS\AES_SYS.srcs\sources_1\bd\AES_SYS\AES_SYS.bd> 
Wrote  : <C:/code/RFC-8439-fpga-implementation/AES-Cam-on-PYNQ-Z2-main/AES-Cam-on-PYNQ-Z2-main/AES_SYS/AES_SYS.srcs/sources_1/bd/AES_SYS/ui/bd_9341033d.ui> 
WARNING: [BD 41-2384] Width mismatch when connecting pin: '/axi_mem_intercon/m00_couplers/auto_pc/m_axi_rid'(1) to pin: '/axi_mem_intercon/m00_couplers/M_AXI_rid'(6) - Only lower order bits will be connected.
WARNING: [BD 41-2384] Width mismatch when connecting pin: '/axi_mem_intercon/m00_couplers/auto_pc/m_axi_bid'(1) to pin: '/axi_mem_intercon/m00_couplers/M_AXI_bid'(6) - Only lower order bits will be connected.
WARNING: [BD 41-2384] Width mismatch when connecting pin: '/axi_bram_ctrl_0_bram/addra'(32) to pin: '/axi_bram_ctrl_0/bram_addr_a'(18) - Only lower order bits will be connected.
WARNING: [BD 41-2384] Width mismatch when connecting pin: '/axi_bram_ctrl_0_bram1/addra'(32) to pin: '/axi_bram_ctrl_1/bram_addr_a'(18) - Only lower order bits will be connected.
WARNING: [BD 41-2384] Width mismatch when connecting pin: '/processing_system7_0/S_AXI_HP0_AWID'(6) to pin: '/axi_mem_intercon/M00_AXI_awid'(1) - Only lower order bits will be connected.
WARNING: [BD 41-2384] Width mismatch when connecting pin: '/processing_system7_0/S_AXI_HP0_ARID'(6) to pin: '/axi_mem_intercon/M00_AXI_arid'(1) - Only lower order bits will be connected.
WARNING: [BD 41-2384] Width mismatch when connecting pin: '/processing_system7_0/S_AXI_HP0_WID'(6) to pin: '/axi_mem_intercon/M00_AXI_wid'(1) - Only lower order bits will be connected.
Verilog Output written to : c:/code/RFC-8439-fpga-implementation/AES-Cam-on-PYNQ-Z2-main/AES-Cam-on-PYNQ-Z2-main/AES_SYS/AES_SYS.gen/sources_1/bd/AES_SYS/synth/AES_SYS.v
WARNING: [BD 41-2384] Width mismatch when connecting pin: '/axi_mem_intercon/m00_couplers/auto_pc/m_axi_rid'(1) to pin: '/axi_mem_intercon/m00_couplers/M_AXI_rid'(6) - Only lower order bits will be connected.
WARNING: [BD 41-2384] Width mismatch when connecting pin: '/axi_mem_intercon/m00_couplers/auto_pc/m_axi_bid'(1) to pin: '/axi_mem_intercon/m00_couplers/M_AXI_bid'(6) - Only lower order bits will be connected.
WARNING: [BD 41-2384] Width mismatch when connecting pin: '/axi_bram_ctrl_0_bram/addra'(32) to pin: '/axi_bram_ctrl_0/bram_addr_a'(18) - Only lower order bits will be connected.
WARNING: [BD 41-2384] Width mismatch when connecting pin: '/axi_bram_ctrl_0_bram1/addra'(32) to pin: '/axi_bram_ctrl_1/bram_addr_a'(18) - Only lower order bits will be connected.
WARNING: [BD 41-2384] Width mismatch when connecting pin: '/processing_system7_0/S_AXI_HP0_AWID'(6) to pin: '/axi_mem_intercon/M00_AXI_awid'(1) - Only lower order bits will be connected.
WARNING: [BD 41-2384] Width mismatch when connecting pin: '/processing_system7_0/S_AXI_HP0_ARID'(6) to pin: '/axi_mem_intercon/M00_AXI_arid'(1) - Only lower order bits will be connected.
WARNING: [BD 41-2384] Width mismatch when connecting pin: '/processing_system7_0/S_AXI_HP0_WID'(6) to pin: '/axi_mem_intercon/M00_AXI_wid'(1) - Only lower order bits will be connected.
Verilog Output written to : c:/code/RFC-8439-fpga-implementation/AES-Cam-on-PYNQ-Z2-main/AES-Cam-on-PYNQ-Z2-main/AES_SYS/AES_SYS.gen/sources_1/bd/AES_SYS/sim/AES_SYS.v
Verilog Output written to : c:/code/RFC-8439-fpga-implementation/AES-Cam-on-PYNQ-Z2-main/AES-Cam-on-PYNQ-Z2-main/AES_SYS/AES_SYS.gen/sources_1/bd/AES_SYS/hdl/AES_SYS_wrapper.v
WARNING: [IP_Flow 19-4994] Overwriting existing constraint file 'c:/code/RFC-8439-fpga-implementation/AES-Cam-on-PYNQ-Z2-main/AES-Cam-on-PYNQ-Z2-main/AES_SYS/AES_SYS.gen/sources_1/bd/AES_SYS/ip/AES_SYS_auto_pc_11/AES_SYS_auto_pc_11_ooc.xdc'
INFO: [BD 41-1029] Generation completed for the IP Integrator block ps7_0_axi_periph/s00_couplers/auto_pc .
WARNING: [IP_Flow 19-4994] Overwriting existing constraint file 'c:/code/RFC-8439-fpga-implementation/AES-Cam-on-PYNQ-Z2-main/AES-Cam-on-PYNQ-Z2-main/AES_SYS/AES_SYS.gen/sources_1/bd/AES_SYS/ip/AES_SYS_auto_pc_0/AES_SYS_auto_pc_0_ooc.xdc'
INFO: [BD 41-1029] Generation completed for the IP Integrator block ps7_0_axi_periph/m00_couplers/auto_pc .
WARNING: [IP_Flow 19-4994] Overwriting existing constraint file 'c:/code/RFC-8439-fpga-implementation/AES-Cam-on-PYNQ-Z2-main/AES-Cam-on-PYNQ-Z2-main/AES_SYS/AES_SYS.gen/sources_1/bd/AES_SYS/ip/AES_SYS_auto_pc_1/AES_SYS_auto_pc_1_ooc.xdc'
INFO: [BD 41-1029] Generation completed for the IP Integrator block ps7_0_axi_periph/m01_couplers/auto_pc .
WARNING: [IP_Flow 19-4994] Overwriting existing constraint file 'c:/code/RFC-8439-fpga-implementation/AES-Cam-on-PYNQ-Z2-main/AES-Cam-on-PYNQ-Z2-main/AES_SYS/AES_SYS.gen/sources_1/bd/AES_SYS/ip/AES_SYS_auto_pc_2/AES_SYS_auto_pc_2_ooc.xdc'
INFO: [BD 41-1029] Generation completed for the IP Integrator block ps7_0_axi_periph/m02_couplers/auto_pc .
WARNING: [IP_Flow 19-4994] Overwriting existing constraint file 'c:/code/RFC-8439-fpga-implementation/AES-Cam-on-PYNQ-Z2-main/AES-Cam-on-PYNQ-Z2-main/AES_SYS/AES_SYS.gen/sources_1/bd/AES_SYS/ip/AES_SYS_auto_pc_3/AES_SYS_auto_pc_3_ooc.xdc'
INFO: [BD 41-1029] Generation completed for the IP Integrator block ps7_0_axi_periph/m03_couplers/auto_pc .
WARNING: [IP_Flow 19-4994] Overwriting existing constraint file 'c:/code/RFC-8439-fpga-implementation/AES-Cam-on-PYNQ-Z2-main/AES-Cam-on-PYNQ-Z2-main/AES_SYS/AES_SYS.gen/sources_1/bd/AES_SYS/ip/AES_SYS_auto_pc_4/AES_SYS_auto_pc_4_ooc.xdc'
INFO: [BD 41-1029] Generation completed for the IP Integrator block ps7_0_axi_periph/m04_couplers/auto_pc .
WARNING: [IP_Flow 19-4994] Overwriting existing constraint file 'c:/code/RFC-8439-fpga-implementation/AES-Cam-on-PYNQ-Z2-main/AES-Cam-on-PYNQ-Z2-main/AES_SYS/AES_SYS.gen/sources_1/bd/AES_SYS/ip/AES_SYS_auto_pc_5/AES_SYS_auto_pc_5_ooc.xdc'
INFO: [BD 41-1029] Generation completed for the IP Integrator block ps7_0_axi_periph/m05_couplers/auto_pc .
WARNING: [IP_Flow 19-4994] Overwriting existing constraint file 'c:/code/RFC-8439-fpga-implementation/AES-Cam-on-PYNQ-Z2-main/AES-Cam-on-PYNQ-Z2-main/AES_SYS/AES_SYS.gen/sources_1/bd/AES_SYS/ip/AES_SYS_auto_pc_6/AES_SYS_auto_pc_6_ooc.xdc'
INFO: [BD 41-1029] Generation completed for the IP Integrator block ps7_0_axi_periph/m06_couplers/auto_pc .
WARNING: [IP_Flow 19-4994] Overwriting existing constraint file 'c:/code/RFC-8439-fpga-implementation/AES-Cam-on-PYNQ-Z2-main/AES-Cam-on-PYNQ-Z2-main/AES_SYS/AES_SYS.gen/sources_1/bd/AES_SYS/ip/AES_SYS_auto_pc_7/AES_SYS_auto_pc_7_ooc.xdc'
INFO: [BD 41-1029] Generation completed for the IP Integrator block ps7_0_axi_periph/m08_couplers/auto_pc .
WARNING: [IP_Flow 19-4994] Overwriting existing constraint file 'c:/code/RFC-8439-fpga-implementation/AES-Cam-on-PYNQ-Z2-main/AES-Cam-on-PYNQ-Z2-main/AES_SYS/AES_SYS.gen/sources_1/bd/AES_SYS/ip/AES_SYS_auto_pc_8/AES_SYS_auto_pc_8_ooc.xdc'
INFO: [BD 41-1029] Generation completed for the IP Integrator block ps7_0_axi_periph/m09_couplers/auto_pc .
WARNING: [IP_Flow 19-4994] Overwriting existing constraint file 'c:/code/RFC-8439-fpga-implementation/AES-Cam-on-PYNQ-Z2-main/AES-Cam-on-PYNQ-Z2-main/AES_SYS/AES_SYS.gen/sources_1/bd/AES_SYS/ip/AES_SYS_auto_pc_9/AES_SYS_auto_pc_9_ooc.xdc'
INFO: [BD 41-1029] Generation completed for the IP Integrator block ps7_0_axi_periph/m11_couplers/auto_pc .
WARNING: [IP_Flow 19-4994] Overwriting existing constraint file 'c:/code/RFC-8439-fpga-implementation/AES-Cam-on-PYNQ-Z2-main/AES-Cam-on-PYNQ-Z2-main/AES_SYS/AES_SYS.gen/sources_1/bd/AES_SYS/ip/AES_SYS_auto_pc_10/AES_SYS_auto_pc_10_ooc.xdc'
INFO: [BD 41-1029] Generation completed for the IP Integrator block ps7_0_axi_periph/m13_couplers/auto_pc .
WARNING: [IP_Flow 19-4994] Overwriting existing constraint file 'c:/code/RFC-8439-fpga-implementation/AES-Cam-on-PYNQ-Z2-main/AES-Cam-on-PYNQ-Z2-main/AES_SYS/AES_SYS.gen/sources_1/bd/AES_SYS/ip/AES_SYS_auto_pc_12/AES_SYS_auto_pc_12_ooc.xdc'
INFO: [BD 41-1029] Generation completed for the IP Integrator block axi_mem_intercon/m00_couplers/auto_pc .
WARNING: [IP_Flow 19-4994] Overwriting existing constraint file 'c:/code/RFC-8439-fpga-implementation/AES-Cam-on-PYNQ-Z2-main/AES-Cam-on-PYNQ-Z2-main/AES_SYS/AES_SYS.gen/sources_1/bd/AES_SYS/ip/AES_SYS_auto_us_0/AES_SYS_auto_us_0_ooc.xdc'
INFO: [IP_Flow 19-5611] Unable to find an associated reset port for the interface 'S_AXI'. A default connection has been created.
INFO: [IP_Flow 19-5611] Unable to find an associated reset port for the interface 'M_AXI'. A default connection has been created.
INFO: [BD 41-1029] Generation completed for the IP Integrator block axi_mem_intercon_1/s00_couplers/auto_us .
WARNING: [IP_Flow 19-4994] Overwriting existing constraint file 'c:/code/RFC-8439-fpga-implementation/AES-Cam-on-PYNQ-Z2-main/AES-Cam-on-PYNQ-Z2-main/AES_SYS/AES_SYS.gen/sources_1/bd/AES_SYS/ip/AES_SYS_auto_pc_13/AES_SYS_auto_pc_13_ooc.xdc'
INFO: [BD 41-1029] Generation completed for the IP Integrator block axi_mem_intercon_1/m00_couplers/auto_pc .
WARNING: [IP_Flow 19-4994] Overwriting existing constraint file 'c:/code/RFC-8439-fpga-implementation/AES-Cam-on-PYNQ-Z2-main/AES-Cam-on-PYNQ-Z2-main/AES_SYS/AES_SYS.gen/sources_1/bd/AES_SYS/ip/AES_SYS_auto_ds_0/AES_SYS_auto_ds_0_ooc.xdc'
INFO: [IP_Flow 19-5611] Unable to find an associated reset port for the interface 'S_AXI'. A default connection has been created.
INFO: [IP_Flow 19-5611] Unable to find an associated reset port for the interface 'M_AXI'. A default connection has been created.
INFO: [BD 41-1029] Generation completed for the IP Integrator block axi_mem_intercon_1/m01_couplers/auto_ds .
WARNING: [IP_Flow 19-4994] Overwriting existing constraint file 'c:/code/RFC-8439-fpga-implementation/AES-Cam-on-PYNQ-Z2-main/AES-Cam-on-PYNQ-Z2-main/AES_SYS/AES_SYS.gen/sources_1/bd/AES_SYS/ip/AES_SYS_auto_ds_1/AES_SYS_auto_ds_1_ooc.xdc'
INFO: [IP_Flow 19-5611] Unable to find an associated reset port for the interface 'S_AXI'. A default connection has been created.
INFO: [IP_Flow 19-5611] Unable to find an associated reset port for the interface 'M_AXI'. A default connection has been created.
INFO: [BD 41-1029] Generation completed for the IP Integrator block axi_mem_intercon_1/m02_couplers/auto_ds .
ERROR: unexpected exception when evaluating tcl command
reset_run synth_1
INFO: [Project 1-1161] Replacing file C:/code/RFC-8439-fpga-implementation/AES-Cam-on-PYNQ-Z2-main/AES-Cam-on-PYNQ-Z2-main/AES_SYS/AES_SYS.srcs/utils_1/imports/synth_1/AES_SYS_wrapper.dcp with file C:/code/RFC-8439-fpga-implementation/AES-Cam-on-PYNQ-Z2-main/AES-Cam-on-PYNQ-Z2-main/AES_SYS/AES_SYS.runs/synth_1/AES_SYS_wrapper.dcp
launch_runs impl_1 -to_step write_bitstream -jobs 32
INFO: [BD 41-1662] The design 'AES_SYS.bd' is already validated. Therefore parameter propagation will not be re-run.
WARNING: [BD 41-2384] Width mismatch when connecting pin: '/axi_mem_intercon/m00_couplers/auto_pc/m_axi_rid'(1) to pin: '/axi_mem_intercon/m00_couplers/M_AXI_rid'(6) - Only lower order bits will be connected.
WARNING: [BD 41-2384] Width mismatch when connecting pin: '/axi_mem_intercon/m00_couplers/auto_pc/m_axi_bid'(1) to pin: '/axi_mem_intercon/m00_couplers/M_AXI_bid'(6) - Only lower order bits will be connected.
WARNING: [BD 41-2384] Width mismatch when connecting pin: '/axi_bram_ctrl_0_bram/addra'(32) to pin: '/axi_bram_ctrl_0/bram_addr_a'(18) - Only lower order bits will be connected.
WARNING: [BD 41-2384] Width mismatch when connecting pin: '/axi_bram_ctrl_0_bram1/addra'(32) to pin: '/axi_bram_ctrl_1/bram_addr_a'(18) - Only lower order bits will be connected.
WARNING: [BD 41-2384] Width mismatch when connecting pin: '/processing_system7_0/S_AXI_HP0_AWID'(6) to pin: '/axi_mem_intercon/M00_AXI_awid'(1) - Only lower order bits will be connected.
WARNING: [BD 41-2384] Width mismatch when connecting pin: '/processing_system7_0/S_AXI_HP0_ARID'(6) to pin: '/axi_mem_intercon/M00_AXI_arid'(1) - Only lower order bits will be connected.
WARNING: [BD 41-2384] Width mismatch when connecting pin: '/processing_system7_0/S_AXI_HP0_WID'(6) to pin: '/axi_mem_intercon/M00_AXI_wid'(1) - Only lower order bits will be connected.
Verilog Output written to : c:/code/RFC-8439-fpga-implementation/AES-Cam-on-PYNQ-Z2-main/AES-Cam-on-PYNQ-Z2-main/AES_SYS/AES_SYS.gen/sources_1/bd/AES_SYS/synth/AES_SYS.v
WARNING: [BD 41-2384] Width mismatch when connecting pin: '/axi_mem_intercon/m00_couplers/auto_pc/m_axi_rid'(1) to pin: '/axi_mem_intercon/m00_couplers/M_AXI_rid'(6) - Only lower order bits will be connected.
WARNING: [BD 41-2384] Width mismatch when connecting pin: '/axi_mem_intercon/m00_couplers/auto_pc/m_axi_bid'(1) to pin: '/axi_mem_intercon/m00_couplers/M_AXI_bid'(6) - Only lower order bits will be connected.
WARNING: [BD 41-2384] Width mismatch when connecting pin: '/axi_bram_ctrl_0_bram/addra'(32) to pin: '/axi_bram_ctrl_0/bram_addr_a'(18) - Only lower order bits will be connected.
WARNING: [BD 41-2384] Width mismatch when connecting pin: '/axi_bram_ctrl_0_bram1/addra'(32) to pin: '/axi_bram_ctrl_1/bram_addr_a'(18) - Only lower order bits will be connected.
WARNING: [BD 41-2384] Width mismatch when connecting pin: '/processing_system7_0/S_AXI_HP0_AWID'(6) to pin: '/axi_mem_intercon/M00_AXI_awid'(1) - Only lower order bits will be connected.
WARNING: [BD 41-2384] Width mismatch when connecting pin: '/processing_system7_0/S_AXI_HP0_ARID'(6) to pin: '/axi_mem_intercon/M00_AXI_arid'(1) - Only lower order bits will be connected.
WARNING: [BD 41-2384] Width mismatch when connecting pin: '/processing_system7_0/S_AXI_HP0_WID'(6) to pin: '/axi_mem_intercon/M00_AXI_wid'(1) - Only lower order bits will be connected.
Verilog Output written to : c:/code/RFC-8439-fpga-implementation/AES-Cam-on-PYNQ-Z2-main/AES-Cam-on-PYNQ-Z2-main/AES_SYS/AES_SYS.gen/sources_1/bd/AES_SYS/sim/AES_SYS.v
Verilog Output written to : c:/code/RFC-8439-fpga-implementation/AES-Cam-on-PYNQ-Z2-main/AES-Cam-on-PYNQ-Z2-main/AES_SYS/AES_SYS.gen/sources_1/bd/AES_SYS/hdl/AES_SYS_wrapper.v
Exporting to file c:/code/RFC-8439-fpga-implementation/AES-Cam-on-PYNQ-Z2-main/AES-Cam-on-PYNQ-Z2-main/AES_SYS/AES_SYS.gen/sources_1/bd/AES_SYS/hw_handoff/AES_SYS.hwh
Generated Hardware Definition File c:/code/RFC-8439-fpga-implementation/AES-Cam-on-PYNQ-Z2-main/AES-Cam-on-PYNQ-Z2-main/AES_SYS/AES_SYS.gen/sources_1/bd/AES_SYS/synth/AES_SYS.hwdef
INFO: [IP_Flow 19-6930] IPCACHE: runCacheChecks() number of threads = 8
INFO: [IP_Flow 19-6921] IPCACHE: Adding cache check func to thread queue for IP AES_SYS_auto_ds_0
INFO: [IP_Flow 19-6921] IPCACHE: Adding cache check func to thread queue for IP AES_SYS_auto_ds_1
INFO: [IP_Flow 19-6921] IPCACHE: Adding cache check func to thread queue for IP AES_SYS_auto_pc_0
INFO: [IP_Flow 19-6921] IPCACHE: Adding cache check func to thread queue for IP AES_SYS_auto_pc_1
INFO: [IP_Flow 19-6921] IPCACHE: Adding cache check func to thread queue for IP AES_SYS_auto_pc_10
INFO: [IP_Flow 19-6921] IPCACHE: Adding cache check func to thread queue for IP AES_SYS_auto_pc_11
INFO: [IP_Flow 19-6921] IPCACHE: Adding cache check func to thread queue for IP AES_SYS_auto_pc_12
INFO: [IP_Flow 19-6921] IPCACHE: Adding cache check func to thread queue for IP AES_SYS_auto_pc_13
INFO: [IP_Flow 19-6921] IPCACHE: Adding cache check func to thread queue for IP AES_SYS_auto_pc_2
INFO: [IP_Flow 19-6921] IPCACHE: Adding cache check func to thread queue for IP AES_SYS_auto_pc_3
INFO: [IP_Flow 19-6921] IPCACHE: Adding cache check func to thread queue for IP AES_SYS_auto_pc_4
INFO: [IP_Flow 19-6921] IPCACHE: Adding cache check func to thread queue for IP AES_SYS_auto_pc_5
INFO: [IP_Flow 19-6921] IPCACHE: Adding cache check func to thread queue for IP AES_SYS_auto_pc_6
INFO: [IP_Flow 19-6921] IPCACHE: Adding cache check func to thread queue for IP AES_SYS_auto_pc_7
INFO: [IP_Flow 19-6921] IPCACHE: Adding cache check func to thread queue for IP AES_SYS_auto_pc_8
INFO: [IP_Flow 19-6921] IPCACHE: Adding cache check func to thread queue for IP AES_SYS_auto_pc_9
INFO: [IP_Flow 19-6921] IPCACHE: Adding cache check func to thread queue for IP AES_SYS_auto_us_0
INFO: [IP_Flow 19-8020] IPCACHE: runCacheChecks() calling threadPool finishWork()
INFO: [IP_Flow 19-6924] IPCACHE: Running cache check for IP inst: AES_SYS_auto_ds_0
INFO: [IP_Flow 19-6922] IPCACHE: Exporting cached entry f9503eb3174c7348 to dir: c:/code/RFC-8439-fpga-implementation/AES-Cam-on-PYNQ-Z2-main/AES-Cam-on-PYNQ-Z2-main/AES_SYS/AES_SYS.gen/sources_1/bd/AES_SYS/ip/AES_SYS_auto_ds_0
INFO: [IP_Flow 19-6928] IPCACHE: copied cached file c:/code/RFC-8439-fpga-implementation/AES-Cam-on-PYNQ-Z2-main/AES-Cam-on-PYNQ-Z2-main/AES_SYS/AES_SYS.cache/ip/2023.2/f/9/f9503eb3174c7348/AES_SYS_auto_ds_0.dcp to c:/code/RFC-8439-fpga-implementation/AES-Cam-on-PYNQ-Z2-main/AES-Cam-on-PYNQ-Z2-main/AES_SYS/AES_SYS.gen/sources_1/bd/AES_SYS/ip/AES_SYS_auto_ds_0/AES_SYS_auto_ds_0.dcp.
INFO: [IP_Flow 19-6926] IPCACHE: added file to list for BOM: c:/code/RFC-8439-fpga-implementation/AES-Cam-on-PYNQ-Z2-main/AES-Cam-on-PYNQ-Z2-main/AES_SYS/AES_SYS.gen/sources_1/bd/AES_SYS/ip/AES_SYS_auto_ds_0/AES_SYS_auto_ds_0.dcp
INFO: [IP_Flow 19-6928] IPCACHE: copied cached file c:/code/RFC-8439-fpga-implementation/AES-Cam-on-PYNQ-Z2-main/AES-Cam-on-PYNQ-Z2-main/AES_SYS/AES_SYS.cache/ip/2023.2/f/9/f9503eb3174c7348/AES_SYS_auto_ds_0_sim_netlist.v to c:/code/RFC-8439-fpga-implementation/AES-Cam-on-PYNQ-Z2-main/AES-Cam-on-PYNQ-Z2-main/AES_SYS/AES_SYS.gen/sources_1/bd/AES_SYS/ip/AES_SYS_auto_ds_0/AES_SYS_auto_ds_0_sim_netlist.v.
INFO: [IP_Flow 19-6926] IPCACHE: added file to list for BOM: c:/code/RFC-8439-fpga-implementation/AES-Cam-on-PYNQ-Z2-main/AES-Cam-on-PYNQ-Z2-main/AES_SYS/AES_SYS.gen/sources_1/bd/AES_SYS/ip/AES_SYS_auto_ds_0/AES_SYS_auto_ds_0_sim_netlist.v
INFO: [IP_Flow 19-6928] IPCACHE: copied cached file c:/code/RFC-8439-fpga-implementation/AES-Cam-on-PYNQ-Z2-main/AES-Cam-on-PYNQ-Z2-main/AES_SYS/AES_SYS.cache/ip/2023.2/f/9/f9503eb3174c7348/AES_SYS_auto_ds_0_sim_netlist.vhdl to c:/code/RFC-8439-fpga-implementation/AES-Cam-on-PYNQ-Z2-main/AES-Cam-on-PYNQ-Z2-main/AES_SYS/AES_SYS.gen/sources_1/bd/AES_SYS/ip/AES_SYS_auto_ds_0/AES_SYS_auto_ds_0_sim_netlist.vhdl.
INFO: [IP_Flow 19-6926] IPCACHE: added file to list for BOM: c:/code/RFC-8439-fpga-implementation/AES-Cam-on-PYNQ-Z2-main/AES-Cam-on-PYNQ-Z2-main/AES_SYS/AES_SYS.gen/sources_1/bd/AES_SYS/ip/AES_SYS_auto_ds_0/AES_SYS_auto_ds_0_sim_netlist.vhdl
INFO: [IP_Flow 19-6928] IPCACHE: copied cached file c:/code/RFC-8439-fpga-implementation/AES-Cam-on-PYNQ-Z2-main/AES-Cam-on-PYNQ-Z2-main/AES_SYS/AES_SYS.cache/ip/2023.2/f/9/f9503eb3174c7348/AES_SYS_auto_ds_0_stub.v to c:/code/RFC-8439-fpga-implementation/AES-Cam-on-PYNQ-Z2-main/AES-Cam-on-PYNQ-Z2-main/AES_SYS/AES_SYS.gen/sources_1/bd/AES_SYS/ip/AES_SYS_auto_ds_0/AES_SYS_auto_ds_0_stub.v.
INFO: [IP_Flow 19-6926] IPCACHE: added file to list for BOM: c:/code/RFC-8439-fpga-implementation/AES-Cam-on-PYNQ-Z2-main/AES-Cam-on-PYNQ-Z2-main/AES_SYS/AES_SYS.gen/sources_1/bd/AES_SYS/ip/AES_SYS_auto_ds_0/AES_SYS_auto_ds_0_stub.v
INFO: [IP_Flow 19-6928] IPCACHE: copied cached file c:/code/RFC-8439-fpga-implementation/AES-Cam-on-PYNQ-Z2-main/AES-Cam-on-PYNQ-Z2-main/AES_SYS/AES_SYS.cache/ip/2023.2/f/9/f9503eb3174c7348/AES_SYS_auto_ds_0_stub.vhdl to c:/code/RFC-8439-fpga-implementation/AES-Cam-on-PYNQ-Z2-main/AES-Cam-on-PYNQ-Z2-main/AES_SYS/AES_SYS.gen/sources_1/bd/AES_SYS/ip/AES_SYS_auto_ds_0/AES_SYS_auto_ds_0_stub.vhdl.
INFO: [IP_Flow 19-6926] IPCACHE: added file to list for BOM: c:/code/RFC-8439-fpga-implementation/AES-Cam-on-PYNQ-Z2-main/AES-Cam-on-PYNQ-Z2-main/AES_SYS/AES_SYS.gen/sources_1/bd/AES_SYS/ip/AES_SYS_auto_ds_0/AES_SYS_auto_ds_0_stub.vhdl
INFO: [IP_Flow 19-4993] Using cached IP synthesis design for IP AES_SYS_auto_ds_0, cache-ID = f9503eb3174c7348; cache size = 170.562 MB.
INFO: [IP_Flow 19-6924] IPCACHE: Running cache check for IP inst: AES_SYS_auto_ds_1
INFO: [IP_Flow 19-6922] IPCACHE: Exporting cached entry f9503eb3174c7348 to dir: c:/code/RFC-8439-fpga-implementation/AES-Cam-on-PYNQ-Z2-main/AES-Cam-on-PYNQ-Z2-main/AES_SYS/AES_SYS.gen/sources_1/bd/AES_SYS/ip/AES_SYS_auto_ds_1
INFO: [IP_Flow 19-6928] IPCACHE: copied cached file c:/code/RFC-8439-fpga-implementation/AES-Cam-on-PYNQ-Z2-main/AES-Cam-on-PYNQ-Z2-main/AES_SYS/AES_SYS.cache/ip/2023.2/f/9/f9503eb3174c7348/AES_SYS_auto_ds_0.dcp to c:/code/RFC-8439-fpga-implementation/AES-Cam-on-PYNQ-Z2-main/AES-Cam-on-PYNQ-Z2-main/AES_SYS/AES_SYS.gen/sources_1/bd/AES_SYS/ip/AES_SYS_auto_ds_1/AES_SYS_auto_ds_1.dcp.
INFO: [IP_Flow 19-6926] IPCACHE: added file to list for BOM: c:/code/RFC-8439-fpga-implementation/AES-Cam-on-PYNQ-Z2-main/AES-Cam-on-PYNQ-Z2-main/AES_SYS/AES_SYS.gen/sources_1/bd/AES_SYS/ip/AES_SYS_auto_ds_1/AES_SYS_auto_ds_1.dcp
INFO: [IP_Flow 19-6928] IPCACHE: copied cached file c:/code/RFC-8439-fpga-implementation/AES-Cam-on-PYNQ-Z2-main/AES-Cam-on-PYNQ-Z2-main/AES_SYS/AES_SYS.cache/ip/2023.2/f/9/f9503eb3174c7348/AES_SYS_auto_ds_0_sim_netlist.v to c:/code/RFC-8439-fpga-implementation/AES-Cam-on-PYNQ-Z2-main/AES-Cam-on-PYNQ-Z2-main/AES_SYS/AES_SYS.gen/sources_1/bd/AES_SYS/ip/AES_SYS_auto_ds_1/AES_SYS_auto_ds_1_sim_netlist.v.
INFO: [IP_Flow 19-6926] IPCACHE: added file to list for BOM: c:/code/RFC-8439-fpga-implementation/AES-Cam-on-PYNQ-Z2-main/AES-Cam-on-PYNQ-Z2-main/AES_SYS/AES_SYS.gen/sources_1/bd/AES_SYS/ip/AES_SYS_auto_ds_1/AES_SYS_auto_ds_1_sim_netlist.v
INFO: [IP_Flow 19-6928] IPCACHE: copied cached file c:/code/RFC-8439-fpga-implementation/AES-Cam-on-PYNQ-Z2-main/AES-Cam-on-PYNQ-Z2-main/AES_SYS/AES_SYS.cache/ip/2023.2/f/9/f9503eb3174c7348/AES_SYS_auto_ds_0_sim_netlist.vhdl to c:/code/RFC-8439-fpga-implementation/AES-Cam-on-PYNQ-Z2-main/AES-Cam-on-PYNQ-Z2-main/AES_SYS/AES_SYS.gen/sources_1/bd/AES_SYS/ip/AES_SYS_auto_ds_1/AES_SYS_auto_ds_1_sim_netlist.vhdl.
INFO: [IP_Flow 19-6926] IPCACHE: added file to list for BOM: c:/code/RFC-8439-fpga-implementation/AES-Cam-on-PYNQ-Z2-main/AES-Cam-on-PYNQ-Z2-main/AES_SYS/AES_SYS.gen/sources_1/bd/AES_SYS/ip/AES_SYS_auto_ds_1/AES_SYS_auto_ds_1_sim_netlist.vhdl
INFO: [IP_Flow 19-6928] IPCACHE: copied cached file c:/code/RFC-8439-fpga-implementation/AES-Cam-on-PYNQ-Z2-main/AES-Cam-on-PYNQ-Z2-main/AES_SYS/AES_SYS.cache/ip/2023.2/f/9/f9503eb3174c7348/AES_SYS_auto_ds_0_stub.v to c:/code/RFC-8439-fpga-implementation/AES-Cam-on-PYNQ-Z2-main/AES-Cam-on-PYNQ-Z2-main/AES_SYS/AES_SYS.gen/sources_1/bd/AES_SYS/ip/AES_SYS_auto_ds_1/AES_SYS_auto_ds_1_stub.v.
INFO: [IP_Flow 19-6926] IPCACHE: added file to list for BOM: c:/code/RFC-8439-fpga-implementation/AES-Cam-on-PYNQ-Z2-main/AES-Cam-on-PYNQ-Z2-main/AES_SYS/AES_SYS.gen/sources_1/bd/AES_SYS/ip/AES_SYS_auto_ds_1/AES_SYS_auto_ds_1_stub.v
INFO: [IP_Flow 19-6928] IPCACHE: copied cached file c:/code/RFC-8439-fpga-implementation/AES-Cam-on-PYNQ-Z2-main/AES-Cam-on-PYNQ-Z2-main/AES_SYS/AES_SYS.cache/ip/2023.2/f/9/f9503eb3174c7348/AES_SYS_auto_ds_0_stub.vhdl to c:/code/RFC-8439-fpga-implementation/AES-Cam-on-PYNQ-Z2-main/AES-Cam-on-PYNQ-Z2-main/AES_SYS/AES_SYS.gen/sources_1/bd/AES_SYS/ip/AES_SYS_auto_ds_1/AES_SYS_auto_ds_1_stub.vhdl.
INFO: [IP_Flow 19-6926] IPCACHE: added file to list for BOM: c:/code/RFC-8439-fpga-implementation/AES-Cam-on-PYNQ-Z2-main/AES-Cam-on-PYNQ-Z2-main/AES_SYS/AES_SYS.gen/sources_1/bd/AES_SYS/ip/AES_SYS_auto_ds_1/AES_SYS_auto_ds_1_stub.vhdl
INFO: [IP_Flow 19-4993] Using cached IP synthesis design for IP AES_SYS_auto_ds_1, cache-ID = f9503eb3174c7348; cache size = 170.562 MB.
INFO: [IP_Flow 19-6924] IPCACHE: Running cache check for IP inst: AES_SYS_auto_pc_9
INFO: [IP_Flow 19-6922] IPCACHE: Exporting cached entry 3bc72d579e6ad5e4 to dir: c:/code/RFC-8439-fpga-implementation/AES-Cam-on-PYNQ-Z2-main/AES-Cam-on-PYNQ-Z2-main/AES_SYS/AES_SYS.gen/sources_1/bd/AES_SYS/ip/AES_SYS_auto_pc_9
INFO: [IP_Flow 19-6928] IPCACHE: copied cached file c:/code/RFC-8439-fpga-implementation/AES-Cam-on-PYNQ-Z2-main/AES-Cam-on-PYNQ-Z2-main/AES_SYS/AES_SYS.cache/ip/2023.2/3/b/3bc72d579e6ad5e4/AES_SYS_auto_pc_0.dcp to c:/code/RFC-8439-fpga-implementation/AES-Cam-on-PYNQ-Z2-main/AES-Cam-on-PYNQ-Z2-main/AES_SYS/AES_SYS.gen/sources_1/bd/AES_SYS/ip/AES_SYS_auto_pc_9/AES_SYS_auto_pc_9.dcp.
INFO: [IP_Flow 19-6926] IPCACHE: added file to list for BOM: c:/code/RFC-8439-fpga-implementation/AES-Cam-on-PYNQ-Z2-main/AES-Cam-on-PYNQ-Z2-main/AES_SYS/AES_SYS.gen/sources_1/bd/AES_SYS/ip/AES_SYS_auto_pc_9/AES_SYS_auto_pc_9.dcp
INFO: [IP_Flow 19-6928] IPCACHE: copied cached file c:/code/RFC-8439-fpga-implementation/AES-Cam-on-PYNQ-Z2-main/AES-Cam-on-PYNQ-Z2-main/AES_SYS/AES_SYS.cache/ip/2023.2/3/b/3bc72d579e6ad5e4/AES_SYS_auto_pc_0_sim_netlist.v to c:/code/RFC-8439-fpga-implementation/AES-Cam-on-PYNQ-Z2-main/AES-Cam-on-PYNQ-Z2-main/AES_SYS/AES_SYS.gen/sources_1/bd/AES_SYS/ip/AES_SYS_auto_pc_9/AES_SYS_auto_pc_9_sim_netlist.v.
INFO: [IP_Flow 19-6926] IPCACHE: added file to list for BOM: c:/code/RFC-8439-fpga-implementation/AES-Cam-on-PYNQ-Z2-main/AES-Cam-on-PYNQ-Z2-main/AES_SYS/AES_SYS.gen/sources_1/bd/AES_SYS/ip/AES_SYS_auto_pc_9/AES_SYS_auto_pc_9_sim_netlist.v
INFO: [IP_Flow 19-6928] IPCACHE: copied cached file c:/code/RFC-8439-fpga-implementation/AES-Cam-on-PYNQ-Z2-main/AES-Cam-on-PYNQ-Z2-main/AES_SYS/AES_SYS.cache/ip/2023.2/3/b/3bc72d579e6ad5e4/AES_SYS_auto_pc_0_sim_netlist.vhdl to c:/code/RFC-8439-fpga-implementation/AES-Cam-on-PYNQ-Z2-main/AES-Cam-on-PYNQ-Z2-main/AES_SYS/AES_SYS.gen/sources_1/bd/AES_SYS/ip/AES_SYS_auto_pc_9/AES_SYS_auto_pc_9_sim_netlist.vhdl.
INFO: [IP_Flow 19-6926] IPCACHE: added file to list for BOM: c:/code/RFC-8439-fpga-implementation/AES-Cam-on-PYNQ-Z2-main/AES-Cam-on-PYNQ-Z2-main/AES_SYS/AES_SYS.gen/sources_1/bd/AES_SYS/ip/AES_SYS_auto_pc_9/AES_SYS_auto_pc_9_sim_netlist.vhdl
INFO: [IP_Flow 19-6928] IPCACHE: copied cached file c:/code/RFC-8439-fpga-implementation/AES-Cam-on-PYNQ-Z2-main/AES-Cam-on-PYNQ-Z2-main/AES_SYS/AES_SYS.cache/ip/2023.2/3/b/3bc72d579e6ad5e4/AES_SYS_auto_pc_0_stub.v to c:/code/RFC-8439-fpga-implementation/AES-Cam-on-PYNQ-Z2-main/AES-Cam-on-PYNQ-Z2-main/AES_SYS/AES_SYS.gen/sources_1/bd/AES_SYS/ip/AES_SYS_auto_pc_9/AES_SYS_auto_pc_9_stub.v.
INFO: [IP_Flow 19-6926] IPCACHE: added file to list for BOM: c:/code/RFC-8439-fpga-implementation/AES-Cam-on-PYNQ-Z2-main/AES-Cam-on-PYNQ-Z2-main/AES_SYS/AES_SYS.gen/sources_1/bd/AES_SYS/ip/AES_SYS_auto_pc_9/AES_SYS_auto_pc_9_stub.v
INFO: [IP_Flow 19-6928] IPCACHE: copied cached file c:/code/RFC-8439-fpga-implementation/AES-Cam-on-PYNQ-Z2-main/AES-Cam-on-PYNQ-Z2-main/AES_SYS/AES_SYS.cache/ip/2023.2/3/b/3bc72d579e6ad5e4/AES_SYS_auto_pc_0_stub.vhdl to c:/code/RFC-8439-fpga-implementation/AES-Cam-on-PYNQ-Z2-main/AES-Cam-on-PYNQ-Z2-main/AES_SYS/AES_SYS.gen/sources_1/bd/AES_SYS/ip/AES_SYS_auto_pc_9/AES_SYS_auto_pc_9_stub.vhdl.
INFO: [IP_Flow 19-6926] IPCACHE: added file to list for BOM: c:/code/RFC-8439-fpga-implementation/AES-Cam-on-PYNQ-Z2-main/AES-Cam-on-PYNQ-Z2-main/AES_SYS/AES_SYS.gen/sources_1/bd/AES_SYS/ip/AES_SYS_auto_pc_9/AES_SYS_auto_pc_9_stub.vhdl
INFO: [IP_Flow 19-4993] Using cached IP synthesis design for IP AES_SYS_auto_pc_9, cache-ID = 3bc72d579e6ad5e4; cache size = 170.562 MB.
INFO: [IP_Flow 19-6924] IPCACHE: Running cache check for IP inst: AES_SYS_auto_pc_0
INFO: [IP_Flow 19-6922] IPCACHE: Exporting cached entry 3bc72d579e6ad5e4 to dir: c:/code/RFC-8439-fpga-implementation/AES-Cam-on-PYNQ-Z2-main/AES-Cam-on-PYNQ-Z2-main/AES_SYS/AES_SYS.gen/sources_1/bd/AES_SYS/ip/AES_SYS_auto_pc_0
INFO: [IP_Flow 19-6928] IPCACHE: copied cached file c:/code/RFC-8439-fpga-implementation/AES-Cam-on-PYNQ-Z2-main/AES-Cam-on-PYNQ-Z2-main/AES_SYS/AES_SYS.cache/ip/2023.2/3/b/3bc72d579e6ad5e4/AES_SYS_auto_pc_0.dcp to c:/code/RFC-8439-fpga-implementation/AES-Cam-on-PYNQ-Z2-main/AES-Cam-on-PYNQ-Z2-main/AES_SYS/AES_SYS.gen/sources_1/bd/AES_SYS/ip/AES_SYS_auto_pc_0/AES_SYS_auto_pc_0.dcp.
INFO: [IP_Flow 19-6926] IPCACHE: added file to list for BOM: c:/code/RFC-8439-fpga-implementation/AES-Cam-on-PYNQ-Z2-main/AES-Cam-on-PYNQ-Z2-main/AES_SYS/AES_SYS.gen/sources_1/bd/AES_SYS/ip/AES_SYS_auto_pc_0/AES_SYS_auto_pc_0.dcp
INFO: [IP_Flow 19-6928] IPCACHE: copied cached file c:/code/RFC-8439-fpga-implementation/AES-Cam-on-PYNQ-Z2-main/AES-Cam-on-PYNQ-Z2-main/AES_SYS/AES_SYS.cache/ip/2023.2/3/b/3bc72d579e6ad5e4/AES_SYS_auto_pc_0_sim_netlist.v to c:/code/RFC-8439-fpga-implementation/AES-Cam-on-PYNQ-Z2-main/AES-Cam-on-PYNQ-Z2-main/AES_SYS/AES_SYS.gen/sources_1/bd/AES_SYS/ip/AES_SYS_auto_pc_0/AES_SYS_auto_pc_0_sim_netlist.v.
INFO: [IP_Flow 19-6926] IPCACHE: added file to list for BOM: c:/code/RFC-8439-fpga-implementation/AES-Cam-on-PYNQ-Z2-main/AES-Cam-on-PYNQ-Z2-main/AES_SYS/AES_SYS.gen/sources_1/bd/AES_SYS/ip/AES_SYS_auto_pc_0/AES_SYS_auto_pc_0_sim_netlist.v
INFO: [IP_Flow 19-6928] IPCACHE: copied cached file c:/code/RFC-8439-fpga-implementation/AES-Cam-on-PYNQ-Z2-main/AES-Cam-on-PYNQ-Z2-main/AES_SYS/AES_SYS.cache/ip/2023.2/3/b/3bc72d579e6ad5e4/AES_SYS_auto_pc_0_sim_netlist.vhdl to c:/code/RFC-8439-fpga-implementation/AES-Cam-on-PYNQ-Z2-main/AES-Cam-on-PYNQ-Z2-main/AES_SYS/AES_SYS.gen/sources_1/bd/AES_SYS/ip/AES_SYS_auto_pc_0/AES_SYS_auto_pc_0_sim_netlist.vhdl.
INFO: [IP_Flow 19-6926] IPCACHE: added file to list for BOM: c:/code/RFC-8439-fpga-implementation/AES-Cam-on-PYNQ-Z2-main/AES-Cam-on-PYNQ-Z2-main/AES_SYS/AES_SYS.gen/sources_1/bd/AES_SYS/ip/AES_SYS_auto_pc_0/AES_SYS_auto_pc_0_sim_netlist.vhdl
INFO: [IP_Flow 19-6928] IPCACHE: copied cached file c:/code/RFC-8439-fpga-implementation/AES-Cam-on-PYNQ-Z2-main/AES-Cam-on-PYNQ-Z2-main/AES_SYS/AES_SYS.cache/ip/2023.2/3/b/3bc72d579e6ad5e4/AES_SYS_auto_pc_0_stub.v to c:/code/RFC-8439-fpga-implementation/AES-Cam-on-PYNQ-Z2-main/AES-Cam-on-PYNQ-Z2-main/AES_SYS/AES_SYS.gen/sources_1/bd/AES_SYS/ip/AES_SYS_auto_pc_0/AES_SYS_auto_pc_0_stub.v.
INFO: [IP_Flow 19-6926] IPCACHE: added file to list for BOM: c:/code/RFC-8439-fpga-implementation/AES-Cam-on-PYNQ-Z2-main/AES-Cam-on-PYNQ-Z2-main/AES_SYS/AES_SYS.gen/sources_1/bd/AES_SYS/ip/AES_SYS_auto_pc_0/AES_SYS_auto_pc_0_stub.v
INFO: [IP_Flow 19-6928] IPCACHE: copied cached file c:/code/RFC-8439-fpga-implementation/AES-Cam-on-PYNQ-Z2-main/AES-Cam-on-PYNQ-Z2-main/AES_SYS/AES_SYS.cache/ip/2023.2/3/b/3bc72d579e6ad5e4/AES_SYS_auto_pc_0_stub.vhdl to c:/code/RFC-8439-fpga-implementation/AES-Cam-on-PYNQ-Z2-main/AES-Cam-on-PYNQ-Z2-main/AES_SYS/AES_SYS.gen/sources_1/bd/AES_SYS/ip/AES_SYS_auto_pc_0/AES_SYS_auto_pc_0_stub.vhdl.
INFO: [IP_Flow 19-6926] IPCACHE: added file to list for BOM: c:/code/RFC-8439-fpga-implementation/AES-Cam-on-PYNQ-Z2-main/AES-Cam-on-PYNQ-Z2-main/AES_SYS/AES_SYS.gen/sources_1/bd/AES_SYS/ip/AES_SYS_auto_pc_0/AES_SYS_auto_pc_0_stub.vhdl
INFO: [IP_Flow 19-4993] Using cached IP synthesis design for IP AES_SYS_auto_pc_0, cache-ID = 3bc72d579e6ad5e4; cache size = 170.562 MB.
INFO: [IP_Flow 19-6924] IPCACHE: Running cache check for IP inst: AES_SYS_auto_pc_1
INFO: [IP_Flow 19-6922] IPCACHE: Exporting cached entry 3bc72d579e6ad5e4 to dir: c:/code/RFC-8439-fpga-implementation/AES-Cam-on-PYNQ-Z2-main/AES-Cam-on-PYNQ-Z2-main/AES_SYS/AES_SYS.gen/sources_1/bd/AES_SYS/ip/AES_SYS_auto_pc_1
INFO: [IP_Flow 19-6928] IPCACHE: copied cached file c:/code/RFC-8439-fpga-implementation/AES-Cam-on-PYNQ-Z2-main/AES-Cam-on-PYNQ-Z2-main/AES_SYS/AES_SYS.cache/ip/2023.2/3/b/3bc72d579e6ad5e4/AES_SYS_auto_pc_0.dcp to c:/code/RFC-8439-fpga-implementation/AES-Cam-on-PYNQ-Z2-main/AES-Cam-on-PYNQ-Z2-main/AES_SYS/AES_SYS.gen/sources_1/bd/AES_SYS/ip/AES_SYS_auto_pc_1/AES_SYS_auto_pc_1.dcp.
INFO: [IP_Flow 19-6926] IPCACHE: added file to list for BOM: c:/code/RFC-8439-fpga-implementation/AES-Cam-on-PYNQ-Z2-main/AES-Cam-on-PYNQ-Z2-main/AES_SYS/AES_SYS.gen/sources_1/bd/AES_SYS/ip/AES_SYS_auto_pc_1/AES_SYS_auto_pc_1.dcp
INFO: [IP_Flow 19-6928] IPCACHE: copied cached file c:/code/RFC-8439-fpga-implementation/AES-Cam-on-PYNQ-Z2-main/AES-Cam-on-PYNQ-Z2-main/AES_SYS/AES_SYS.cache/ip/2023.2/3/b/3bc72d579e6ad5e4/AES_SYS_auto_pc_0_sim_netlist.v to c:/code/RFC-8439-fpga-implementation/AES-Cam-on-PYNQ-Z2-main/AES-Cam-on-PYNQ-Z2-main/AES_SYS/AES_SYS.gen/sources_1/bd/AES_SYS/ip/AES_SYS_auto_pc_1/AES_SYS_auto_pc_1_sim_netlist.v.
INFO: [IP_Flow 19-6926] IPCACHE: added file to list for BOM: c:/code/RFC-8439-fpga-implementation/AES-Cam-on-PYNQ-Z2-main/AES-Cam-on-PYNQ-Z2-main/AES_SYS/AES_SYS.gen/sources_1/bd/AES_SYS/ip/AES_SYS_auto_pc_1/AES_SYS_auto_pc_1_sim_netlist.v
INFO: [IP_Flow 19-6928] IPCACHE: copied cached file c:/code/RFC-8439-fpga-implementation/AES-Cam-on-PYNQ-Z2-main/AES-Cam-on-PYNQ-Z2-main/AES_SYS/AES_SYS.cache/ip/2023.2/3/b/3bc72d579e6ad5e4/AES_SYS_auto_pc_0_sim_netlist.vhdl to c:/code/RFC-8439-fpga-implementation/AES-Cam-on-PYNQ-Z2-main/AES-Cam-on-PYNQ-Z2-main/AES_SYS/AES_SYS.gen/sources_1/bd/AES_SYS/ip/AES_SYS_auto_pc_1/AES_SYS_auto_pc_1_sim_netlist.vhdl.
INFO: [IP_Flow 19-6926] IPCACHE: added file to list for BOM: c:/code/RFC-8439-fpga-implementation/AES-Cam-on-PYNQ-Z2-main/AES-Cam-on-PYNQ-Z2-main/AES_SYS/AES_SYS.gen/sources_1/bd/AES_SYS/ip/AES_SYS_auto_pc_1/AES_SYS_auto_pc_1_sim_netlist.vhdl
INFO: [IP_Flow 19-6928] IPCACHE: copied cached file c:/code/RFC-8439-fpga-implementation/AES-Cam-on-PYNQ-Z2-main/AES-Cam-on-PYNQ-Z2-main/AES_SYS/AES_SYS.cache/ip/2023.2/3/b/3bc72d579e6ad5e4/AES_SYS_auto_pc_0_stub.v to c:/code/RFC-8439-fpga-implementation/AES-Cam-on-PYNQ-Z2-main/AES-Cam-on-PYNQ-Z2-main/AES_SYS/AES_SYS.gen/sources_1/bd/AES_SYS/ip/AES_SYS_auto_pc_1/AES_SYS_auto_pc_1_stub.v.
INFO: [IP_Flow 19-6926] IPCACHE: added file to list for BOM: c:/code/RFC-8439-fpga-implementation/AES-Cam-on-PYNQ-Z2-main/AES-Cam-on-PYNQ-Z2-main/AES_SYS/AES_SYS.gen/sources_1/bd/AES_SYS/ip/AES_SYS_auto_pc_1/AES_SYS_auto_pc_1_stub.v
INFO: [IP_Flow 19-6928] IPCACHE: copied cached file c:/code/RFC-8439-fpga-implementation/AES-Cam-on-PYNQ-Z2-main/AES-Cam-on-PYNQ-Z2-main/AES_SYS/AES_SYS.cache/ip/2023.2/3/b/3bc72d579e6ad5e4/AES_SYS_auto_pc_0_stub.vhdl to c:/code/RFC-8439-fpga-implementation/AES-Cam-on-PYNQ-Z2-main/AES-Cam-on-PYNQ-Z2-main/AES_SYS/AES_SYS.gen/sources_1/bd/AES_SYS/ip/AES_SYS_auto_pc_1/AES_SYS_auto_pc_1_stub.vhdl.
INFO: [IP_Flow 19-6926] IPCACHE: added file to list for BOM: c:/code/RFC-8439-fpga-implementation/AES-Cam-on-PYNQ-Z2-main/AES-Cam-on-PYNQ-Z2-main/AES_SYS/AES_SYS.gen/sources_1/bd/AES_SYS/ip/AES_SYS_auto_pc_1/AES_SYS_auto_pc_1_stub.vhdl
INFO: [IP_Flow 19-4993] Using cached IP synthesis design for IP AES_SYS_auto_pc_1, cache-ID = 3bc72d579e6ad5e4; cache size = 170.562 MB.
INFO: [IP_Flow 19-6924] IPCACHE: Running cache check for IP inst: AES_SYS_auto_pc_5
INFO: [IP_Flow 19-6922] IPCACHE: Exporting cached entry 3bc72d579e6ad5e4 to dir: c:/code/RFC-8439-fpga-implementation/AES-Cam-on-PYNQ-Z2-main/AES-Cam-on-PYNQ-Z2-main/AES_SYS/AES_SYS.gen/sources_1/bd/AES_SYS/ip/AES_SYS_auto_pc_5
INFO: [IP_Flow 19-6928] IPCACHE: copied cached file c:/code/RFC-8439-fpga-implementation/AES-Cam-on-PYNQ-Z2-main/AES-Cam-on-PYNQ-Z2-main/AES_SYS/AES_SYS.cache/ip/2023.2/3/b/3bc72d579e6ad5e4/AES_SYS_auto_pc_0.dcp to c:/code/RFC-8439-fpga-implementation/AES-Cam-on-PYNQ-Z2-main/AES-Cam-on-PYNQ-Z2-main/AES_SYS/AES_SYS.gen/sources_1/bd/AES_SYS/ip/AES_SYS_auto_pc_5/AES_SYS_auto_pc_5.dcp.
INFO: [IP_Flow 19-6926] IPCACHE: added file to list for BOM: c:/code/RFC-8439-fpga-implementation/AES-Cam-on-PYNQ-Z2-main/AES-Cam-on-PYNQ-Z2-main/AES_SYS/AES_SYS.gen/sources_1/bd/AES_SYS/ip/AES_SYS_auto_pc_5/AES_SYS_auto_pc_5.dcp
INFO: [IP_Flow 19-6928] IPCACHE: copied cached file c:/code/RFC-8439-fpga-implementation/AES-Cam-on-PYNQ-Z2-main/AES-Cam-on-PYNQ-Z2-main/AES_SYS/AES_SYS.cache/ip/2023.2/3/b/3bc72d579e6ad5e4/AES_SYS_auto_pc_0_sim_netlist.v to c:/code/RFC-8439-fpga-implementation/AES-Cam-on-PYNQ-Z2-main/AES-Cam-on-PYNQ-Z2-main/AES_SYS/AES_SYS.gen/sources_1/bd/AES_SYS/ip/AES_SYS_auto_pc_5/AES_SYS_auto_pc_5_sim_netlist.v.
INFO: [IP_Flow 19-6926] IPCACHE: added file to list for BOM: c:/code/RFC-8439-fpga-implementation/AES-Cam-on-PYNQ-Z2-main/AES-Cam-on-PYNQ-Z2-main/AES_SYS/AES_SYS.gen/sources_1/bd/AES_SYS/ip/AES_SYS_auto_pc_5/AES_SYS_auto_pc_5_sim_netlist.v
INFO: [IP_Flow 19-6928] IPCACHE: copied cached file c:/code/RFC-8439-fpga-implementation/AES-Cam-on-PYNQ-Z2-main/AES-Cam-on-PYNQ-Z2-main/AES_SYS/AES_SYS.cache/ip/2023.2/3/b/3bc72d579e6ad5e4/AES_SYS_auto_pc_0_sim_netlist.vhdl to c:/code/RFC-8439-fpga-implementation/AES-Cam-on-PYNQ-Z2-main/AES-Cam-on-PYNQ-Z2-main/AES_SYS/AES_SYS.gen/sources_1/bd/AES_SYS/ip/AES_SYS_auto_pc_5/AES_SYS_auto_pc_5_sim_netlist.vhdl.
INFO: [IP_Flow 19-6926] IPCACHE: added file to list for BOM: c:/code/RFC-8439-fpga-implementation/AES-Cam-on-PYNQ-Z2-main/AES-Cam-on-PYNQ-Z2-main/AES_SYS/AES_SYS.gen/sources_1/bd/AES_SYS/ip/AES_SYS_auto_pc_5/AES_SYS_auto_pc_5_sim_netlist.vhdl
INFO: [IP_Flow 19-6928] IPCACHE: copied cached file c:/code/RFC-8439-fpga-implementation/AES-Cam-on-PYNQ-Z2-main/AES-Cam-on-PYNQ-Z2-main/AES_SYS/AES_SYS.cache/ip/2023.2/3/b/3bc72d579e6ad5e4/AES_SYS_auto_pc_0_stub.v to c:/code/RFC-8439-fpga-implementation/AES-Cam-on-PYNQ-Z2-main/AES-Cam-on-PYNQ-Z2-main/AES_SYS/AES_SYS.gen/sources_1/bd/AES_SYS/ip/AES_SYS_auto_pc_5/AES_SYS_auto_pc_5_stub.v.
INFO: [IP_Flow 19-6926] IPCACHE: added file to list for BOM: c:/code/RFC-8439-fpga-implementation/AES-Cam-on-PYNQ-Z2-main/AES-Cam-on-PYNQ-Z2-main/AES_SYS/AES_SYS.gen/sources_1/bd/AES_SYS/ip/AES_SYS_auto_pc_5/AES_SYS_auto_pc_5_stub.v
INFO: [IP_Flow 19-6928] IPCACHE: copied cached file c:/code/RFC-8439-fpga-implementation/AES-Cam-on-PYNQ-Z2-main/AES-Cam-on-PYNQ-Z2-main/AES_SYS/AES_SYS.cache/ip/2023.2/3/b/3bc72d579e6ad5e4/AES_SYS_auto_pc_0_stub.vhdl to c:/code/RFC-8439-fpga-implementation/AES-Cam-on-PYNQ-Z2-main/AES-Cam-on-PYNQ-Z2-main/AES_SYS/AES_SYS.gen/sources_1/bd/AES_SYS/ip/AES_SYS_auto_pc_5/AES_SYS_auto_pc_5_stub.vhdl.
INFO: [IP_Flow 19-6926] IPCACHE: added file to list for BOM: c:/code/RFC-8439-fpga-implementation/AES-Cam-on-PYNQ-Z2-main/AES-Cam-on-PYNQ-Z2-main/AES_SYS/AES_SYS.gen/sources_1/bd/AES_SYS/ip/AES_SYS_auto_pc_5/AES_SYS_auto_pc_5_stub.vhdl
INFO: [IP_Flow 19-4993] Using cached IP synthesis design for IP AES_SYS_auto_pc_5, cache-ID = 3bc72d579e6ad5e4; cache size = 170.562 MB.
INFO: [IP_Flow 19-6924] IPCACHE: Running cache check for IP inst: AES_SYS_auto_pc_10
INFO: [IP_Flow 19-6922] IPCACHE: Exporting cached entry 3bc72d579e6ad5e4 to dir: c:/code/RFC-8439-fpga-implementation/AES-Cam-on-PYNQ-Z2-main/AES-Cam-on-PYNQ-Z2-main/AES_SYS/AES_SYS.gen/sources_1/bd/AES_SYS/ip/AES_SYS_auto_pc_10
INFO: [IP_Flow 19-6928] IPCACHE: copied cached file c:/code/RFC-8439-fpga-implementation/AES-Cam-on-PYNQ-Z2-main/AES-Cam-on-PYNQ-Z2-main/AES_SYS/AES_SYS.cache/ip/2023.2/3/b/3bc72d579e6ad5e4/AES_SYS_auto_pc_0.dcp to c:/code/RFC-8439-fpga-implementation/AES-Cam-on-PYNQ-Z2-main/AES-Cam-on-PYNQ-Z2-main/AES_SYS/AES_SYS.gen/sources_1/bd/AES_SYS/ip/AES_SYS_auto_pc_10/AES_SYS_auto_pc_10.dcp.
INFO: [IP_Flow 19-6926] IPCACHE: added file to list for BOM: c:/code/RFC-8439-fpga-implementation/AES-Cam-on-PYNQ-Z2-main/AES-Cam-on-PYNQ-Z2-main/AES_SYS/AES_SYS.gen/sources_1/bd/AES_SYS/ip/AES_SYS_auto_pc_10/AES_SYS_auto_pc_10.dcp
INFO: [IP_Flow 19-6928] IPCACHE: copied cached file c:/code/RFC-8439-fpga-implementation/AES-Cam-on-PYNQ-Z2-main/AES-Cam-on-PYNQ-Z2-main/AES_SYS/AES_SYS.cache/ip/2023.2/3/b/3bc72d579e6ad5e4/AES_SYS_auto_pc_0_sim_netlist.v to c:/code/RFC-8439-fpga-implementation/AES-Cam-on-PYNQ-Z2-main/AES-Cam-on-PYNQ-Z2-main/AES_SYS/AES_SYS.gen/sources_1/bd/AES_SYS/ip/AES_SYS_auto_pc_10/AES_SYS_auto_pc_10_sim_netlist.v.
INFO: [IP_Flow 19-6926] IPCACHE: added file to list for BOM: c:/code/RFC-8439-fpga-implementation/AES-Cam-on-PYNQ-Z2-main/AES-Cam-on-PYNQ-Z2-main/AES_SYS/AES_SYS.gen/sources_1/bd/AES_SYS/ip/AES_SYS_auto_pc_10/AES_SYS_auto_pc_10_sim_netlist.v
INFO: [IP_Flow 19-6928] IPCACHE: copied cached file c:/code/RFC-8439-fpga-implementation/AES-Cam-on-PYNQ-Z2-main/AES-Cam-on-PYNQ-Z2-main/AES_SYS/AES_SYS.cache/ip/2023.2/3/b/3bc72d579e6ad5e4/AES_SYS_auto_pc_0_sim_netlist.vhdl to c:/code/RFC-8439-fpga-implementation/AES-Cam-on-PYNQ-Z2-main/AES-Cam-on-PYNQ-Z2-main/AES_SYS/AES_SYS.gen/sources_1/bd/AES_SYS/ip/AES_SYS_auto_pc_10/AES_SYS_auto_pc_10_sim_netlist.vhdl.
INFO: [IP_Flow 19-6926] IPCACHE: added file to list for BOM: c:/code/RFC-8439-fpga-implementation/AES-Cam-on-PYNQ-Z2-main/AES-Cam-on-PYNQ-Z2-main/AES_SYS/AES_SYS.gen/sources_1/bd/AES_SYS/ip/AES_SYS_auto_pc_10/AES_SYS_auto_pc_10_sim_netlist.vhdl
INFO: [IP_Flow 19-6928] IPCACHE: copied cached file c:/code/RFC-8439-fpga-implementation/AES-Cam-on-PYNQ-Z2-main/AES-Cam-on-PYNQ-Z2-main/AES_SYS/AES_SYS.cache/ip/2023.2/3/b/3bc72d579e6ad5e4/AES_SYS_auto_pc_0_stub.v to c:/code/RFC-8439-fpga-implementation/AES-Cam-on-PYNQ-Z2-main/AES-Cam-on-PYNQ-Z2-main/AES_SYS/AES_SYS.gen/sources_1/bd/AES_SYS/ip/AES_SYS_auto_pc_10/AES_SYS_auto_pc_10_stub.v.
INFO: [IP_Flow 19-6926] IPCACHE: added file to list for BOM: c:/code/RFC-8439-fpga-implementation/AES-Cam-on-PYNQ-Z2-main/AES-Cam-on-PYNQ-Z2-main/AES_SYS/AES_SYS.gen/sources_1/bd/AES_SYS/ip/AES_SYS_auto_pc_10/AES_SYS_auto_pc_10_stub.v
INFO: [IP_Flow 19-6928] IPCACHE: copied cached file c:/code/RFC-8439-fpga-implementation/AES-Cam-on-PYNQ-Z2-main/AES-Cam-on-PYNQ-Z2-main/AES_SYS/AES_SYS.cache/ip/2023.2/3/b/3bc72d579e6ad5e4/AES_SYS_auto_pc_0_stub.vhdl to c:/code/RFC-8439-fpga-implementation/AES-Cam-on-PYNQ-Z2-main/AES-Cam-on-PYNQ-Z2-main/AES_SYS/AES_SYS.gen/sources_1/bd/AES_SYS/ip/AES_SYS_auto_pc_10/AES_SYS_auto_pc_10_stub.vhdl.
INFO: [IP_Flow 19-6926] IPCACHE: added file to list for BOM: c:/code/RFC-8439-fpga-implementation/AES-Cam-on-PYNQ-Z2-main/AES-Cam-on-PYNQ-Z2-main/AES_SYS/AES_SYS.gen/sources_1/bd/AES_SYS/ip/AES_SYS_auto_pc_10/AES_SYS_auto_pc_10_stub.vhdl
INFO: [IP_Flow 19-4993] Using cached IP synthesis design for IP AES_SYS_auto_pc_10, cache-ID = 3bc72d579e6ad5e4; cache size = 170.562 MB.
INFO: [IP_Flow 19-6924] IPCACHE: Running cache check for IP inst: AES_SYS_auto_pc_7
INFO: [IP_Flow 19-6922] IPCACHE: Exporting cached entry 3bc72d579e6ad5e4 to dir: c:/code/RFC-8439-fpga-implementation/AES-Cam-on-PYNQ-Z2-main/AES-Cam-on-PYNQ-Z2-main/AES_SYS/AES_SYS.gen/sources_1/bd/AES_SYS/ip/AES_SYS_auto_pc_7
INFO: [IP_Flow 19-6928] IPCACHE: copied cached file c:/code/RFC-8439-fpga-implementation/AES-Cam-on-PYNQ-Z2-main/AES-Cam-on-PYNQ-Z2-main/AES_SYS/AES_SYS.cache/ip/2023.2/3/b/3bc72d579e6ad5e4/AES_SYS_auto_pc_0.dcp to c:/code/RFC-8439-fpga-implementation/AES-Cam-on-PYNQ-Z2-main/AES-Cam-on-PYNQ-Z2-main/AES_SYS/AES_SYS.gen/sources_1/bd/AES_SYS/ip/AES_SYS_auto_pc_7/AES_SYS_auto_pc_7.dcp.
INFO: [IP_Flow 19-6926] IPCACHE: added file to list for BOM: c:/code/RFC-8439-fpga-implementation/AES-Cam-on-PYNQ-Z2-main/AES-Cam-on-PYNQ-Z2-main/AES_SYS/AES_SYS.gen/sources_1/bd/AES_SYS/ip/AES_SYS_auto_pc_7/AES_SYS_auto_pc_7.dcp
INFO: [IP_Flow 19-6928] IPCACHE: copied cached file c:/code/RFC-8439-fpga-implementation/AES-Cam-on-PYNQ-Z2-main/AES-Cam-on-PYNQ-Z2-main/AES_SYS/AES_SYS.cache/ip/2023.2/3/b/3bc72d579e6ad5e4/AES_SYS_auto_pc_0_sim_netlist.v to c:/code/RFC-8439-fpga-implementation/AES-Cam-on-PYNQ-Z2-main/AES-Cam-on-PYNQ-Z2-main/AES_SYS/AES_SYS.gen/sources_1/bd/AES_SYS/ip/AES_SYS_auto_pc_7/AES_SYS_auto_pc_7_sim_netlist.v.
INFO: [IP_Flow 19-6926] IPCACHE: added file to list for BOM: c:/code/RFC-8439-fpga-implementation/AES-Cam-on-PYNQ-Z2-main/AES-Cam-on-PYNQ-Z2-main/AES_SYS/AES_SYS.gen/sources_1/bd/AES_SYS/ip/AES_SYS_auto_pc_7/AES_SYS_auto_pc_7_sim_netlist.v
INFO: [IP_Flow 19-6928] IPCACHE: copied cached file c:/code/RFC-8439-fpga-implementation/AES-Cam-on-PYNQ-Z2-main/AES-Cam-on-PYNQ-Z2-main/AES_SYS/AES_SYS.cache/ip/2023.2/3/b/3bc72d579e6ad5e4/AES_SYS_auto_pc_0_sim_netlist.vhdl to c:/code/RFC-8439-fpga-implementation/AES-Cam-on-PYNQ-Z2-main/AES-Cam-on-PYNQ-Z2-main/AES_SYS/AES_SYS.gen/sources_1/bd/AES_SYS/ip/AES_SYS_auto_pc_7/AES_SYS_auto_pc_7_sim_netlist.vhdl.
INFO: [IP_Flow 19-6926] IPCACHE: added file to list for BOM: c:/code/RFC-8439-fpga-implementation/AES-Cam-on-PYNQ-Z2-main/AES-Cam-on-PYNQ-Z2-main/AES_SYS/AES_SYS.gen/sources_1/bd/AES_SYS/ip/AES_SYS_auto_pc_7/AES_SYS_auto_pc_7_sim_netlist.vhdl
INFO: [IP_Flow 19-6928] IPCACHE: copied cached file c:/code/RFC-8439-fpga-implementation/AES-Cam-on-PYNQ-Z2-main/AES-Cam-on-PYNQ-Z2-main/AES_SYS/AES_SYS.cache/ip/2023.2/3/b/3bc72d579e6ad5e4/AES_SYS_auto_pc_0_stub.v to c:/code/RFC-8439-fpga-implementation/AES-Cam-on-PYNQ-Z2-main/AES-Cam-on-PYNQ-Z2-main/AES_SYS/AES_SYS.gen/sources_1/bd/AES_SYS/ip/AES_SYS_auto_pc_7/AES_SYS_auto_pc_7_stub.v.
INFO: [IP_Flow 19-6926] IPCACHE: added file to list for BOM: c:/code/RFC-8439-fpga-implementation/AES-Cam-on-PYNQ-Z2-main/AES-Cam-on-PYNQ-Z2-main/AES_SYS/AES_SYS.gen/sources_1/bd/AES_SYS/ip/AES_SYS_auto_pc_7/AES_SYS_auto_pc_7_stub.v
INFO: [IP_Flow 19-6928] IPCACHE: copied cached file c:/code/RFC-8439-fpga-implementation/AES-Cam-on-PYNQ-Z2-main/AES-Cam-on-PYNQ-Z2-main/AES_SYS/AES_SYS.cache/ip/2023.2/3/b/3bc72d579e6ad5e4/AES_SYS_auto_pc_0_stub.vhdl to c:/code/RFC-8439-fpga-implementation/AES-Cam-on-PYNQ-Z2-main/AES-Cam-on-PYNQ-Z2-main/AES_SYS/AES_SYS.gen/sources_1/bd/AES_SYS/ip/AES_SYS_auto_pc_7/AES_SYS_auto_pc_7_stub.vhdl.
INFO: [IP_Flow 19-6926] IPCACHE: added file to list for BOM: c:/code/RFC-8439-fpga-implementation/AES-Cam-on-PYNQ-Z2-main/AES-Cam-on-PYNQ-Z2-main/AES_SYS/AES_SYS.gen/sources_1/bd/AES_SYS/ip/AES_SYS_auto_pc_7/AES_SYS_auto_pc_7_stub.vhdl
INFO: [IP_Flow 19-4993] Using cached IP synthesis design for IP AES_SYS_auto_pc_7, cache-ID = 3bc72d579e6ad5e4; cache size = 170.562 MB.
INFO: [IP_Flow 19-6924] IPCACHE: Running cache check for IP inst: AES_SYS_auto_pc_11
INFO: [IP_Flow 19-6922] IPCACHE: Exporting cached entry e640ebf91d268473 to dir: c:/code/RFC-8439-fpga-implementation/AES-Cam-on-PYNQ-Z2-main/AES-Cam-on-PYNQ-Z2-main/AES_SYS/AES_SYS.gen/sources_1/bd/AES_SYS/ip/AES_SYS_auto_pc_11
INFO: [IP_Flow 19-6928] IPCACHE: copied cached file c:/code/RFC-8439-fpga-implementation/AES-Cam-on-PYNQ-Z2-main/AES-Cam-on-PYNQ-Z2-main/AES_SYS/AES_SYS.cache/ip/2023.2/e/6/e640ebf91d268473/AES_SYS_auto_pc_11.dcp to c:/code/RFC-8439-fpga-implementation/AES-Cam-on-PYNQ-Z2-main/AES-Cam-on-PYNQ-Z2-main/AES_SYS/AES_SYS.gen/sources_1/bd/AES_SYS/ip/AES_SYS_auto_pc_11/AES_SYS_auto_pc_11.dcp.
INFO: [IP_Flow 19-6926] IPCACHE: added file to list for BOM: c:/code/RFC-8439-fpga-implementation/AES-Cam-on-PYNQ-Z2-main/AES-Cam-on-PYNQ-Z2-main/AES_SYS/AES_SYS.gen/sources_1/bd/AES_SYS/ip/AES_SYS_auto_pc_11/AES_SYS_auto_pc_11.dcp
INFO: [IP_Flow 19-6928] IPCACHE: copied cached file c:/code/RFC-8439-fpga-implementation/AES-Cam-on-PYNQ-Z2-main/AES-Cam-on-PYNQ-Z2-main/AES_SYS/AES_SYS.cache/ip/2023.2/e/6/e640ebf91d268473/AES_SYS_auto_pc_11_sim_netlist.v to c:/code/RFC-8439-fpga-implementation/AES-Cam-on-PYNQ-Z2-main/AES-Cam-on-PYNQ-Z2-main/AES_SYS/AES_SYS.gen/sources_1/bd/AES_SYS/ip/AES_SYS_auto_pc_11/AES_SYS_auto_pc_11_sim_netlist.v.
INFO: [IP_Flow 19-6926] IPCACHE: added file to list for BOM: c:/code/RFC-8439-fpga-implementation/AES-Cam-on-PYNQ-Z2-main/AES-Cam-on-PYNQ-Z2-main/AES_SYS/AES_SYS.gen/sources_1/bd/AES_SYS/ip/AES_SYS_auto_pc_11/AES_SYS_auto_pc_11_sim_netlist.v
INFO: [IP_Flow 19-6928] IPCACHE: copied cached file c:/code/RFC-8439-fpga-implementation/AES-Cam-on-PYNQ-Z2-main/AES-Cam-on-PYNQ-Z2-main/AES_SYS/AES_SYS.cache/ip/2023.2/e/6/e640ebf91d268473/AES_SYS_auto_pc_11_sim_netlist.vhdl to c:/code/RFC-8439-fpga-implementation/AES-Cam-on-PYNQ-Z2-main/AES-Cam-on-PYNQ-Z2-main/AES_SYS/AES_SYS.gen/sources_1/bd/AES_SYS/ip/AES_SYS_auto_pc_11/AES_SYS_auto_pc_11_sim_netlist.vhdl.
INFO: [IP_Flow 19-6926] IPCACHE: added file to list for BOM: c:/code/RFC-8439-fpga-implementation/AES-Cam-on-PYNQ-Z2-main/AES-Cam-on-PYNQ-Z2-main/AES_SYS/AES_SYS.gen/sources_1/bd/AES_SYS/ip/AES_SYS_auto_pc_11/AES_SYS_auto_pc_11_sim_netlist.vhdl
INFO: [IP_Flow 19-6928] IPCACHE: copied cached file c:/code/RFC-8439-fpga-implementation/AES-Cam-on-PYNQ-Z2-main/AES-Cam-on-PYNQ-Z2-main/AES_SYS/AES_SYS.cache/ip/2023.2/e/6/e640ebf91d268473/AES_SYS_auto_pc_11_stub.v to c:/code/RFC-8439-fpga-implementation/AES-Cam-on-PYNQ-Z2-main/AES-Cam-on-PYNQ-Z2-main/AES_SYS/AES_SYS.gen/sources_1/bd/AES_SYS/ip/AES_SYS_auto_pc_11/AES_SYS_auto_pc_11_stub.v.
INFO: [IP_Flow 19-6926] IPCACHE: added file to list for BOM: c:/code/RFC-8439-fpga-implementation/AES-Cam-on-PYNQ-Z2-main/AES-Cam-on-PYNQ-Z2-main/AES_SYS/AES_SYS.gen/sources_1/bd/AES_SYS/ip/AES_SYS_auto_pc_11/AES_SYS_auto_pc_11_stub.v
INFO: [IP_Flow 19-6928] IPCACHE: copied cached file c:/code/RFC-8439-fpga-implementation/AES-Cam-on-PYNQ-Z2-main/AES-Cam-on-PYNQ-Z2-main/AES_SYS/AES_SYS.cache/ip/2023.2/e/6/e640ebf91d268473/AES_SYS_auto_pc_11_stub.vhdl to c:/code/RFC-8439-fpga-implementation/AES-Cam-on-PYNQ-Z2-main/AES-Cam-on-PYNQ-Z2-main/AES_SYS/AES_SYS.gen/sources_1/bd/AES_SYS/ip/AES_SYS_auto_pc_11/AES_SYS_auto_pc_11_stub.vhdl.
INFO: [IP_Flow 19-6926] IPCACHE: added file to list for BOM: c:/code/RFC-8439-fpga-implementation/AES-Cam-on-PYNQ-Z2-main/AES-Cam-on-PYNQ-Z2-main/AES_SYS/AES_SYS.gen/sources_1/bd/AES_SYS/ip/AES_SYS_auto_pc_11/AES_SYS_auto_pc_11_stub.vhdl
INFO: [IP_Flow 19-4993] Using cached IP synthesis design for IP AES_SYS_auto_pc_11, cache-ID = e640ebf91d268473; cache size = 170.562 MB.
INFO: [IP_Flow 19-6924] IPCACHE: Running cache check for IP inst: AES_SYS_auto_us_0
INFO: [IP_Flow 19-6922] IPCACHE: Exporting cached entry 96128dd45566b66c to dir: c:/code/RFC-8439-fpga-implementation/AES-Cam-on-PYNQ-Z2-main/AES-Cam-on-PYNQ-Z2-main/AES_SYS/AES_SYS.gen/sources_1/bd/AES_SYS/ip/AES_SYS_auto_us_0
INFO: [IP_Flow 19-6928] IPCACHE: copied cached file c:/code/RFC-8439-fpga-implementation/AES-Cam-on-PYNQ-Z2-main/AES-Cam-on-PYNQ-Z2-main/AES_SYS/AES_SYS.cache/ip/2023.2/9/6/96128dd45566b66c/AES_SYS_auto_us_0.dcp to c:/code/RFC-8439-fpga-implementation/AES-Cam-on-PYNQ-Z2-main/AES-Cam-on-PYNQ-Z2-main/AES_SYS/AES_SYS.gen/sources_1/bd/AES_SYS/ip/AES_SYS_auto_us_0/AES_SYS_auto_us_0.dcp.
INFO: [IP_Flow 19-6926] IPCACHE: added file to list for BOM: c:/code/RFC-8439-fpga-implementation/AES-Cam-on-PYNQ-Z2-main/AES-Cam-on-PYNQ-Z2-main/AES_SYS/AES_SYS.gen/sources_1/bd/AES_SYS/ip/AES_SYS_auto_us_0/AES_SYS_auto_us_0.dcp
INFO: [IP_Flow 19-6928] IPCACHE: copied cached file c:/code/RFC-8439-fpga-implementation/AES-Cam-on-PYNQ-Z2-main/AES-Cam-on-PYNQ-Z2-main/AES_SYS/AES_SYS.cache/ip/2023.2/9/6/96128dd45566b66c/AES_SYS_auto_us_0_sim_netlist.v to c:/code/RFC-8439-fpga-implementation/AES-Cam-on-PYNQ-Z2-main/AES-Cam-on-PYNQ-Z2-main/AES_SYS/AES_SYS.gen/sources_1/bd/AES_SYS/ip/AES_SYS_auto_us_0/AES_SYS_auto_us_0_sim_netlist.v.
INFO: [IP_Flow 19-6926] IPCACHE: added file to list for BOM: c:/code/RFC-8439-fpga-implementation/AES-Cam-on-PYNQ-Z2-main/AES-Cam-on-PYNQ-Z2-main/AES_SYS/AES_SYS.gen/sources_1/bd/AES_SYS/ip/AES_SYS_auto_us_0/AES_SYS_auto_us_0_sim_netlist.v
INFO: [IP_Flow 19-6928] IPCACHE: copied cached file c:/code/RFC-8439-fpga-implementation/AES-Cam-on-PYNQ-Z2-main/AES-Cam-on-PYNQ-Z2-main/AES_SYS/AES_SYS.cache/ip/2023.2/9/6/96128dd45566b66c/AES_SYS_auto_us_0_sim_netlist.vhdl to c:/code/RFC-8439-fpga-implementation/AES-Cam-on-PYNQ-Z2-main/AES-Cam-on-PYNQ-Z2-main/AES_SYS/AES_SYS.gen/sources_1/bd/AES_SYS/ip/AES_SYS_auto_us_0/AES_SYS_auto_us_0_sim_netlist.vhdl.
INFO: [IP_Flow 19-6926] IPCACHE: added file to list for BOM: c:/code/RFC-8439-fpga-implementation/AES-Cam-on-PYNQ-Z2-main/AES-Cam-on-PYNQ-Z2-main/AES_SYS/AES_SYS.gen/sources_1/bd/AES_SYS/ip/AES_SYS_auto_us_0/AES_SYS_auto_us_0_sim_netlist.vhdl
INFO: [IP_Flow 19-6928] IPCACHE: copied cached file c:/code/RFC-8439-fpga-implementation/AES-Cam-on-PYNQ-Z2-main/AES-Cam-on-PYNQ-Z2-main/AES_SYS/AES_SYS.cache/ip/2023.2/9/6/96128dd45566b66c/AES_SYS_auto_us_0_stub.v to c:/code/RFC-8439-fpga-implementation/AES-Cam-on-PYNQ-Z2-main/AES-Cam-on-PYNQ-Z2-main/AES_SYS/AES_SYS.gen/sources_1/bd/AES_SYS/ip/AES_SYS_auto_us_0/AES_SYS_auto_us_0_stub.v.
INFO: [IP_Flow 19-6926] IPCACHE: added file to list for BOM: c:/code/RFC-8439-fpga-implementation/AES-Cam-on-PYNQ-Z2-main/AES-Cam-on-PYNQ-Z2-main/AES_SYS/AES_SYS.gen/sources_1/bd/AES_SYS/ip/AES_SYS_auto_us_0/AES_SYS_auto_us_0_stub.v
INFO: [IP_Flow 19-6928] IPCACHE: copied cached file c:/code/RFC-8439-fpga-implementation/AES-Cam-on-PYNQ-Z2-main/AES-Cam-on-PYNQ-Z2-main/AES_SYS/AES_SYS.cache/ip/2023.2/9/6/96128dd45566b66c/AES_SYS_auto_us_0_stub.vhdl to c:/code/RFC-8439-fpga-implementation/AES-Cam-on-PYNQ-Z2-main/AES-Cam-on-PYNQ-Z2-main/AES_SYS/AES_SYS.gen/sources_1/bd/AES_SYS/ip/AES_SYS_auto_us_0/AES_SYS_auto_us_0_stub.vhdl.
INFO: [IP_Flow 19-6926] IPCACHE: added file to list for BOM: c:/code/RFC-8439-fpga-implementation/AES-Cam-on-PYNQ-Z2-main/AES-Cam-on-PYNQ-Z2-main/AES_SYS/AES_SYS.gen/sources_1/bd/AES_SYS/ip/AES_SYS_auto_us_0/AES_SYS_auto_us_0_stub.vhdl
INFO: [IP_Flow 19-4993] Using cached IP synthesis design for IP AES_SYS_auto_us_0, cache-ID = 96128dd45566b66c; cache size = 170.562 MB.
INFO: [IP_Flow 19-6924] IPCACHE: Running cache check for IP inst: AES_SYS_auto_pc_12
INFO: [IP_Flow 19-6922] IPCACHE: Exporting cached entry 177366daf5914f73 to dir: c:/code/RFC-8439-fpga-implementation/AES-Cam-on-PYNQ-Z2-main/AES-Cam-on-PYNQ-Z2-main/AES_SYS/AES_SYS.gen/sources_1/bd/AES_SYS/ip/AES_SYS_auto_pc_12
INFO: [IP_Flow 19-6928] IPCACHE: copied cached file c:/code/RFC-8439-fpga-implementation/AES-Cam-on-PYNQ-Z2-main/AES-Cam-on-PYNQ-Z2-main/AES_SYS/AES_SYS.cache/ip/2023.2/1/7/177366daf5914f73/AES_SYS_auto_pc_12.dcp to c:/code/RFC-8439-fpga-implementation/AES-Cam-on-PYNQ-Z2-main/AES-Cam-on-PYNQ-Z2-main/AES_SYS/AES_SYS.gen/sources_1/bd/AES_SYS/ip/AES_SYS_auto_pc_12/AES_SYS_auto_pc_12.dcp.
INFO: [IP_Flow 19-6926] IPCACHE: added file to list for BOM: c:/code/RFC-8439-fpga-implementation/AES-Cam-on-PYNQ-Z2-main/AES-Cam-on-PYNQ-Z2-main/AES_SYS/AES_SYS.gen/sources_1/bd/AES_SYS/ip/AES_SYS_auto_pc_12/AES_SYS_auto_pc_12.dcp
INFO: [IP_Flow 19-6928] IPCACHE: copied cached file c:/code/RFC-8439-fpga-implementation/AES-Cam-on-PYNQ-Z2-main/AES-Cam-on-PYNQ-Z2-main/AES_SYS/AES_SYS.cache/ip/2023.2/1/7/177366daf5914f73/AES_SYS_auto_pc_12_sim_netlist.v to c:/code/RFC-8439-fpga-implementation/AES-Cam-on-PYNQ-Z2-main/AES-Cam-on-PYNQ-Z2-main/AES_SYS/AES_SYS.gen/sources_1/bd/AES_SYS/ip/AES_SYS_auto_pc_12/AES_SYS_auto_pc_12_sim_netlist.v.
INFO: [IP_Flow 19-6926] IPCACHE: added file to list for BOM: c:/code/RFC-8439-fpga-implementation/AES-Cam-on-PYNQ-Z2-main/AES-Cam-on-PYNQ-Z2-main/AES_SYS/AES_SYS.gen/sources_1/bd/AES_SYS/ip/AES_SYS_auto_pc_12/AES_SYS_auto_pc_12_sim_netlist.v
INFO: [IP_Flow 19-6928] IPCACHE: copied cached file c:/code/RFC-8439-fpga-implementation/AES-Cam-on-PYNQ-Z2-main/AES-Cam-on-PYNQ-Z2-main/AES_SYS/AES_SYS.cache/ip/2023.2/1/7/177366daf5914f73/AES_SYS_auto_pc_12_sim_netlist.vhdl to c:/code/RFC-8439-fpga-implementation/AES-Cam-on-PYNQ-Z2-main/AES-Cam-on-PYNQ-Z2-main/AES_SYS/AES_SYS.gen/sources_1/bd/AES_SYS/ip/AES_SYS_auto_pc_12/AES_SYS_auto_pc_12_sim_netlist.vhdl.
INFO: [IP_Flow 19-6926] IPCACHE: added file to list for BOM: c:/code/RFC-8439-fpga-implementation/AES-Cam-on-PYNQ-Z2-main/AES-Cam-on-PYNQ-Z2-main/AES_SYS/AES_SYS.gen/sources_1/bd/AES_SYS/ip/AES_SYS_auto_pc_12/AES_SYS_auto_pc_12_sim_netlist.vhdl
INFO: [IP_Flow 19-6928] IPCACHE: copied cached file c:/code/RFC-8439-fpga-implementation/AES-Cam-on-PYNQ-Z2-main/AES-Cam-on-PYNQ-Z2-main/AES_SYS/AES_SYS.cache/ip/2023.2/1/7/177366daf5914f73/AES_SYS_auto_pc_12_stub.v to c:/code/RFC-8439-fpga-implementation/AES-Cam-on-PYNQ-Z2-main/AES-Cam-on-PYNQ-Z2-main/AES_SYS/AES_SYS.gen/sources_1/bd/AES_SYS/ip/AES_SYS_auto_pc_12/AES_SYS_auto_pc_12_stub.v.
INFO: [IP_Flow 19-6926] IPCACHE: added file to list for BOM: c:/code/RFC-8439-fpga-implementation/AES-Cam-on-PYNQ-Z2-main/AES-Cam-on-PYNQ-Z2-main/AES_SYS/AES_SYS.gen/sources_1/bd/AES_SYS/ip/AES_SYS_auto_pc_12/AES_SYS_auto_pc_12_stub.v
INFO: [IP_Flow 19-6928] IPCACHE: copied cached file c:/code/RFC-8439-fpga-implementation/AES-Cam-on-PYNQ-Z2-main/AES-Cam-on-PYNQ-Z2-main/AES_SYS/AES_SYS.cache/ip/2023.2/1/7/177366daf5914f73/AES_SYS_auto_pc_12_stub.vhdl to c:/code/RFC-8439-fpga-implementation/AES-Cam-on-PYNQ-Z2-main/AES-Cam-on-PYNQ-Z2-main/AES_SYS/AES_SYS.gen/sources_1/bd/AES_SYS/ip/AES_SYS_auto_pc_12/AES_SYS_auto_pc_12_stub.vhdl.
INFO: [IP_Flow 19-6926] IPCACHE: added file to list for BOM: c:/code/RFC-8439-fpga-implementation/AES-Cam-on-PYNQ-Z2-main/AES-Cam-on-PYNQ-Z2-main/AES_SYS/AES_SYS.gen/sources_1/bd/AES_SYS/ip/AES_SYS_auto_pc_12/AES_SYS_auto_pc_12_stub.vhdl
INFO: [IP_Flow 19-4993] Using cached IP synthesis design for IP AES_SYS_auto_pc_12, cache-ID = 177366daf5914f73; cache size = 170.562 MB.
INFO: [IP_Flow 19-6924] IPCACHE: Running cache check for IP inst: AES_SYS_auto_pc_13
INFO: [IP_Flow 19-6922] IPCACHE: Exporting cached entry 680f4c3d4d7785e1 to dir: c:/code/RFC-8439-fpga-implementation/AES-Cam-on-PYNQ-Z2-main/AES-Cam-on-PYNQ-Z2-main/AES_SYS/AES_SYS.gen/sources_1/bd/AES_SYS/ip/AES_SYS_auto_pc_13
INFO: [IP_Flow 19-6928] IPCACHE: copied cached file c:/code/RFC-8439-fpga-implementation/AES-Cam-on-PYNQ-Z2-main/AES-Cam-on-PYNQ-Z2-main/AES_SYS/AES_SYS.cache/ip/2023.2/6/8/680f4c3d4d7785e1/AES_SYS_auto_pc_13.dcp to c:/code/RFC-8439-fpga-implementation/AES-Cam-on-PYNQ-Z2-main/AES-Cam-on-PYNQ-Z2-main/AES_SYS/AES_SYS.gen/sources_1/bd/AES_SYS/ip/AES_SYS_auto_pc_13/AES_SYS_auto_pc_13.dcp.
INFO: [IP_Flow 19-6926] IPCACHE: added file to list for BOM: c:/code/RFC-8439-fpga-implementation/AES-Cam-on-PYNQ-Z2-main/AES-Cam-on-PYNQ-Z2-main/AES_SYS/AES_SYS.gen/sources_1/bd/AES_SYS/ip/AES_SYS_auto_pc_13/AES_SYS_auto_pc_13.dcp
INFO: [IP_Flow 19-6928] IPCACHE: copied cached file c:/code/RFC-8439-fpga-implementation/AES-Cam-on-PYNQ-Z2-main/AES-Cam-on-PYNQ-Z2-main/AES_SYS/AES_SYS.cache/ip/2023.2/6/8/680f4c3d4d7785e1/AES_SYS_auto_pc_13_sim_netlist.v to c:/code/RFC-8439-fpga-implementation/AES-Cam-on-PYNQ-Z2-main/AES-Cam-on-PYNQ-Z2-main/AES_SYS/AES_SYS.gen/sources_1/bd/AES_SYS/ip/AES_SYS_auto_pc_13/AES_SYS_auto_pc_13_sim_netlist.v.
INFO: [IP_Flow 19-6926] IPCACHE: added file to list for BOM: c:/code/RFC-8439-fpga-implementation/AES-Cam-on-PYNQ-Z2-main/AES-Cam-on-PYNQ-Z2-main/AES_SYS/AES_SYS.gen/sources_1/bd/AES_SYS/ip/AES_SYS_auto_pc_13/AES_SYS_auto_pc_13_sim_netlist.v
INFO: [IP_Flow 19-6928] IPCACHE: copied cached file c:/code/RFC-8439-fpga-implementation/AES-Cam-on-PYNQ-Z2-main/AES-Cam-on-PYNQ-Z2-main/AES_SYS/AES_SYS.cache/ip/2023.2/6/8/680f4c3d4d7785e1/AES_SYS_auto_pc_13_sim_netlist.vhdl to c:/code/RFC-8439-fpga-implementation/AES-Cam-on-PYNQ-Z2-main/AES-Cam-on-PYNQ-Z2-main/AES_SYS/AES_SYS.gen/sources_1/bd/AES_SYS/ip/AES_SYS_auto_pc_13/AES_SYS_auto_pc_13_sim_netlist.vhdl.
INFO: [IP_Flow 19-6926] IPCACHE: added file to list for BOM: c:/code/RFC-8439-fpga-implementation/AES-Cam-on-PYNQ-Z2-main/AES-Cam-on-PYNQ-Z2-main/AES_SYS/AES_SYS.gen/sources_1/bd/AES_SYS/ip/AES_SYS_auto_pc_13/AES_SYS_auto_pc_13_sim_netlist.vhdl
INFO: [IP_Flow 19-6928] IPCACHE: copied cached file c:/code/RFC-8439-fpga-implementation/AES-Cam-on-PYNQ-Z2-main/AES-Cam-on-PYNQ-Z2-main/AES_SYS/AES_SYS.cache/ip/2023.2/6/8/680f4c3d4d7785e1/AES_SYS_auto_pc_13_stub.v to c:/code/RFC-8439-fpga-implementation/AES-Cam-on-PYNQ-Z2-main/AES-Cam-on-PYNQ-Z2-main/AES_SYS/AES_SYS.gen/sources_1/bd/AES_SYS/ip/AES_SYS_auto_pc_13/AES_SYS_auto_pc_13_stub.v.
INFO: [IP_Flow 19-6926] IPCACHE: added file to list for BOM: c:/code/RFC-8439-fpga-implementation/AES-Cam-on-PYNQ-Z2-main/AES-Cam-on-PYNQ-Z2-main/AES_SYS/AES_SYS.gen/sources_1/bd/AES_SYS/ip/AES_SYS_auto_pc_13/AES_SYS_auto_pc_13_stub.v
INFO: [IP_Flow 19-6928] IPCACHE: copied cached file c:/code/RFC-8439-fpga-implementation/AES-Cam-on-PYNQ-Z2-main/AES-Cam-on-PYNQ-Z2-main/AES_SYS/AES_SYS.cache/ip/2023.2/6/8/680f4c3d4d7785e1/AES_SYS_auto_pc_13_stub.vhdl to c:/code/RFC-8439-fpga-implementation/AES-Cam-on-PYNQ-Z2-main/AES-Cam-on-PYNQ-Z2-main/AES_SYS/AES_SYS.gen/sources_1/bd/AES_SYS/ip/AES_SYS_auto_pc_13/AES_SYS_auto_pc_13_stub.vhdl.
INFO: [IP_Flow 19-6926] IPCACHE: added file to list for BOM: c:/code/RFC-8439-fpga-implementation/AES-Cam-on-PYNQ-Z2-main/AES-Cam-on-PYNQ-Z2-main/AES_SYS/AES_SYS.gen/sources_1/bd/AES_SYS/ip/AES_SYS_auto_pc_13/AES_SYS_auto_pc_13_stub.vhdl
INFO: [IP_Flow 19-4993] Using cached IP synthesis design for IP AES_SYS_auto_pc_13, cache-ID = 680f4c3d4d7785e1; cache size = 170.562 MB.
INFO: [IP_Flow 19-6924] IPCACHE: Running cache check for IP inst: AES_SYS_auto_pc_4
INFO: [IP_Flow 19-6922] IPCACHE: Exporting cached entry 3bc72d579e6ad5e4 to dir: c:/code/RFC-8439-fpga-implementation/AES-Cam-on-PYNQ-Z2-main/AES-Cam-on-PYNQ-Z2-main/AES_SYS/AES_SYS.gen/sources_1/bd/AES_SYS/ip/AES_SYS_auto_pc_4
INFO: [IP_Flow 19-6928] IPCACHE: copied cached file c:/code/RFC-8439-fpga-implementation/AES-Cam-on-PYNQ-Z2-main/AES-Cam-on-PYNQ-Z2-main/AES_SYS/AES_SYS.cache/ip/2023.2/3/b/3bc72d579e6ad5e4/AES_SYS_auto_pc_0.dcp to c:/code/RFC-8439-fpga-implementation/AES-Cam-on-PYNQ-Z2-main/AES-Cam-on-PYNQ-Z2-main/AES_SYS/AES_SYS.gen/sources_1/bd/AES_SYS/ip/AES_SYS_auto_pc_4/AES_SYS_auto_pc_4.dcp.
INFO: [IP_Flow 19-6926] IPCACHE: added file to list for BOM: c:/code/RFC-8439-fpga-implementation/AES-Cam-on-PYNQ-Z2-main/AES-Cam-on-PYNQ-Z2-main/AES_SYS/AES_SYS.gen/sources_1/bd/AES_SYS/ip/AES_SYS_auto_pc_4/AES_SYS_auto_pc_4.dcp
INFO: [IP_Flow 19-6928] IPCACHE: copied cached file c:/code/RFC-8439-fpga-implementation/AES-Cam-on-PYNQ-Z2-main/AES-Cam-on-PYNQ-Z2-main/AES_SYS/AES_SYS.cache/ip/2023.2/3/b/3bc72d579e6ad5e4/AES_SYS_auto_pc_0_sim_netlist.v to c:/code/RFC-8439-fpga-implementation/AES-Cam-on-PYNQ-Z2-main/AES-Cam-on-PYNQ-Z2-main/AES_SYS/AES_SYS.gen/sources_1/bd/AES_SYS/ip/AES_SYS_auto_pc_4/AES_SYS_auto_pc_4_sim_netlist.v.
INFO: [IP_Flow 19-6926] IPCACHE: added file to list for BOM: c:/code/RFC-8439-fpga-implementation/AES-Cam-on-PYNQ-Z2-main/AES-Cam-on-PYNQ-Z2-main/AES_SYS/AES_SYS.gen/sources_1/bd/AES_SYS/ip/AES_SYS_auto_pc_4/AES_SYS_auto_pc_4_sim_netlist.v
INFO: [IP_Flow 19-6928] IPCACHE: copied cached file c:/code/RFC-8439-fpga-implementation/AES-Cam-on-PYNQ-Z2-main/AES-Cam-on-PYNQ-Z2-main/AES_SYS/AES_SYS.cache/ip/2023.2/3/b/3bc72d579e6ad5e4/AES_SYS_auto_pc_0_sim_netlist.vhdl to c:/code/RFC-8439-fpga-implementation/AES-Cam-on-PYNQ-Z2-main/AES-Cam-on-PYNQ-Z2-main/AES_SYS/AES_SYS.gen/sources_1/bd/AES_SYS/ip/AES_SYS_auto_pc_4/AES_SYS_auto_pc_4_sim_netlist.vhdl.
INFO: [IP_Flow 19-6926] IPCACHE: added file to list for BOM: c:/code/RFC-8439-fpga-implementation/AES-Cam-on-PYNQ-Z2-main/AES-Cam-on-PYNQ-Z2-main/AES_SYS/AES_SYS.gen/sources_1/bd/AES_SYS/ip/AES_SYS_auto_pc_4/AES_SYS_auto_pc_4_sim_netlist.vhdl
INFO: [IP_Flow 19-6928] IPCACHE: copied cached file c:/code/RFC-8439-fpga-implementation/AES-Cam-on-PYNQ-Z2-main/AES-Cam-on-PYNQ-Z2-main/AES_SYS/AES_SYS.cache/ip/2023.2/3/b/3bc72d579e6ad5e4/AES_SYS_auto_pc_0_stub.v to c:/code/RFC-8439-fpga-implementation/AES-Cam-on-PYNQ-Z2-main/AES-Cam-on-PYNQ-Z2-main/AES_SYS/AES_SYS.gen/sources_1/bd/AES_SYS/ip/AES_SYS_auto_pc_4/AES_SYS_auto_pc_4_stub.v.
INFO: [IP_Flow 19-6926] IPCACHE: added file to list for BOM: c:/code/RFC-8439-fpga-implementation/AES-Cam-on-PYNQ-Z2-main/AES-Cam-on-PYNQ-Z2-main/AES_SYS/AES_SYS.gen/sources_1/bd/AES_SYS/ip/AES_SYS_auto_pc_4/AES_SYS_auto_pc_4_stub.v
INFO: [IP_Flow 19-6928] IPCACHE: copied cached file c:/code/RFC-8439-fpga-implementation/AES-Cam-on-PYNQ-Z2-main/AES-Cam-on-PYNQ-Z2-main/AES_SYS/AES_SYS.cache/ip/2023.2/3/b/3bc72d579e6ad5e4/AES_SYS_auto_pc_0_stub.vhdl to c:/code/RFC-8439-fpga-implementation/AES-Cam-on-PYNQ-Z2-main/AES-Cam-on-PYNQ-Z2-main/AES_SYS/AES_SYS.gen/sources_1/bd/AES_SYS/ip/AES_SYS_auto_pc_4/AES_SYS_auto_pc_4_stub.vhdl.
INFO: [IP_Flow 19-6926] IPCACHE: added file to list for BOM: c:/code/RFC-8439-fpga-implementation/AES-Cam-on-PYNQ-Z2-main/AES-Cam-on-PYNQ-Z2-main/AES_SYS/AES_SYS.gen/sources_1/bd/AES_SYS/ip/AES_SYS_auto_pc_4/AES_SYS_auto_pc_4_stub.vhdl
INFO: [IP_Flow 19-4993] Using cached IP synthesis design for IP AES_SYS_auto_pc_4, cache-ID = 3bc72d579e6ad5e4; cache size = 170.562 MB.
INFO: [IP_Flow 19-6924] IPCACHE: Running cache check for IP inst: AES_SYS_auto_pc_2
INFO: [IP_Flow 19-6922] IPCACHE: Exporting cached entry 3bc72d579e6ad5e4 to dir: c:/code/RFC-8439-fpga-implementation/AES-Cam-on-PYNQ-Z2-main/AES-Cam-on-PYNQ-Z2-main/AES_SYS/AES_SYS.gen/sources_1/bd/AES_SYS/ip/AES_SYS_auto_pc_2
INFO: [IP_Flow 19-6928] IPCACHE: copied cached file c:/code/RFC-8439-fpga-implementation/AES-Cam-on-PYNQ-Z2-main/AES-Cam-on-PYNQ-Z2-main/AES_SYS/AES_SYS.cache/ip/2023.2/3/b/3bc72d579e6ad5e4/AES_SYS_auto_pc_0.dcp to c:/code/RFC-8439-fpga-implementation/AES-Cam-on-PYNQ-Z2-main/AES-Cam-on-PYNQ-Z2-main/AES_SYS/AES_SYS.gen/sources_1/bd/AES_SYS/ip/AES_SYS_auto_pc_2/AES_SYS_auto_pc_2.dcp.
INFO: [IP_Flow 19-6926] IPCACHE: added file to list for BOM: c:/code/RFC-8439-fpga-implementation/AES-Cam-on-PYNQ-Z2-main/AES-Cam-on-PYNQ-Z2-main/AES_SYS/AES_SYS.gen/sources_1/bd/AES_SYS/ip/AES_SYS_auto_pc_2/AES_SYS_auto_pc_2.dcp
INFO: [IP_Flow 19-6928] IPCACHE: copied cached file c:/code/RFC-8439-fpga-implementation/AES-Cam-on-PYNQ-Z2-main/AES-Cam-on-PYNQ-Z2-main/AES_SYS/AES_SYS.cache/ip/2023.2/3/b/3bc72d579e6ad5e4/AES_SYS_auto_pc_0_sim_netlist.v to c:/code/RFC-8439-fpga-implementation/AES-Cam-on-PYNQ-Z2-main/AES-Cam-on-PYNQ-Z2-main/AES_SYS/AES_SYS.gen/sources_1/bd/AES_SYS/ip/AES_SYS_auto_pc_2/AES_SYS_auto_pc_2_sim_netlist.v.
INFO: [IP_Flow 19-6926] IPCACHE: added file to list for BOM: c:/code/RFC-8439-fpga-implementation/AES-Cam-on-PYNQ-Z2-main/AES-Cam-on-PYNQ-Z2-main/AES_SYS/AES_SYS.gen/sources_1/bd/AES_SYS/ip/AES_SYS_auto_pc_2/AES_SYS_auto_pc_2_sim_netlist.v
INFO: [IP_Flow 19-6928] IPCACHE: copied cached file c:/code/RFC-8439-fpga-implementation/AES-Cam-on-PYNQ-Z2-main/AES-Cam-on-PYNQ-Z2-main/AES_SYS/AES_SYS.cache/ip/2023.2/3/b/3bc72d579e6ad5e4/AES_SYS_auto_pc_0_sim_netlist.vhdl to c:/code/RFC-8439-fpga-implementation/AES-Cam-on-PYNQ-Z2-main/AES-Cam-on-PYNQ-Z2-main/AES_SYS/AES_SYS.gen/sources_1/bd/AES_SYS/ip/AES_SYS_auto_pc_2/AES_SYS_auto_pc_2_sim_netlist.vhdl.
INFO: [IP_Flow 19-6926] IPCACHE: added file to list for BOM: c:/code/RFC-8439-fpga-implementation/AES-Cam-on-PYNQ-Z2-main/AES-Cam-on-PYNQ-Z2-main/AES_SYS/AES_SYS.gen/sources_1/bd/AES_SYS/ip/AES_SYS_auto_pc_2/AES_SYS_auto_pc_2_sim_netlist.vhdl
INFO: [IP_Flow 19-6928] IPCACHE: copied cached file c:/code/RFC-8439-fpga-implementation/AES-Cam-on-PYNQ-Z2-main/AES-Cam-on-PYNQ-Z2-main/AES_SYS/AES_SYS.cache/ip/2023.2/3/b/3bc72d579e6ad5e4/AES_SYS_auto_pc_0_stub.v to c:/code/RFC-8439-fpga-implementation/AES-Cam-on-PYNQ-Z2-main/AES-Cam-on-PYNQ-Z2-main/AES_SYS/AES_SYS.gen/sources_1/bd/AES_SYS/ip/AES_SYS_auto_pc_2/AES_SYS_auto_pc_2_stub.v.
INFO: [IP_Flow 19-6926] IPCACHE: added file to list for BOM: c:/code/RFC-8439-fpga-implementation/AES-Cam-on-PYNQ-Z2-main/AES-Cam-on-PYNQ-Z2-main/AES_SYS/AES_SYS.gen/sources_1/bd/AES_SYS/ip/AES_SYS_auto_pc_2/AES_SYS_auto_pc_2_stub.v
INFO: [IP_Flow 19-6928] IPCACHE: copied cached file c:/code/RFC-8439-fpga-implementation/AES-Cam-on-PYNQ-Z2-main/AES-Cam-on-PYNQ-Z2-main/AES_SYS/AES_SYS.cache/ip/2023.2/3/b/3bc72d579e6ad5e4/AES_SYS_auto_pc_0_stub.vhdl to c:/code/RFC-8439-fpga-implementation/AES-Cam-on-PYNQ-Z2-main/AES-Cam-on-PYNQ-Z2-main/AES_SYS/AES_SYS.gen/sources_1/bd/AES_SYS/ip/AES_SYS_auto_pc_2/AES_SYS_auto_pc_2_stub.vhdl.
INFO: [IP_Flow 19-6926] IPCACHE: added file to list for BOM: c:/code/RFC-8439-fpga-implementation/AES-Cam-on-PYNQ-Z2-main/AES-Cam-on-PYNQ-Z2-main/AES_SYS/AES_SYS.gen/sources_1/bd/AES_SYS/ip/AES_SYS_auto_pc_2/AES_SYS_auto_pc_2_stub.vhdl
INFO: [IP_Flow 19-4993] Using cached IP synthesis design for IP AES_SYS_auto_pc_2, cache-ID = 3bc72d579e6ad5e4; cache size = 170.562 MB.
INFO: [IP_Flow 19-6924] IPCACHE: Running cache check for IP inst: AES_SYS_auto_pc_8
INFO: [IP_Flow 19-6922] IPCACHE: Exporting cached entry 3bc72d579e6ad5e4 to dir: c:/code/RFC-8439-fpga-implementation/AES-Cam-on-PYNQ-Z2-main/AES-Cam-on-PYNQ-Z2-main/AES_SYS/AES_SYS.gen/sources_1/bd/AES_SYS/ip/AES_SYS_auto_pc_8
INFO: [IP_Flow 19-6928] IPCACHE: copied cached file c:/code/RFC-8439-fpga-implementation/AES-Cam-on-PYNQ-Z2-main/AES-Cam-on-PYNQ-Z2-main/AES_SYS/AES_SYS.cache/ip/2023.2/3/b/3bc72d579e6ad5e4/AES_SYS_auto_pc_0.dcp to c:/code/RFC-8439-fpga-implementation/AES-Cam-on-PYNQ-Z2-main/AES-Cam-on-PYNQ-Z2-main/AES_SYS/AES_SYS.gen/sources_1/bd/AES_SYS/ip/AES_SYS_auto_pc_8/AES_SYS_auto_pc_8.dcp.
INFO: [IP_Flow 19-6926] IPCACHE: added file to list for BOM: c:/code/RFC-8439-fpga-implementation/AES-Cam-on-PYNQ-Z2-main/AES-Cam-on-PYNQ-Z2-main/AES_SYS/AES_SYS.gen/sources_1/bd/AES_SYS/ip/AES_SYS_auto_pc_8/AES_SYS_auto_pc_8.dcp
INFO: [IP_Flow 19-6928] IPCACHE: copied cached file c:/code/RFC-8439-fpga-implementation/AES-Cam-on-PYNQ-Z2-main/AES-Cam-on-PYNQ-Z2-main/AES_SYS/AES_SYS.cache/ip/2023.2/3/b/3bc72d579e6ad5e4/AES_SYS_auto_pc_0_sim_netlist.v to c:/code/RFC-8439-fpga-implementation/AES-Cam-on-PYNQ-Z2-main/AES-Cam-on-PYNQ-Z2-main/AES_SYS/AES_SYS.gen/sources_1/bd/AES_SYS/ip/AES_SYS_auto_pc_8/AES_SYS_auto_pc_8_sim_netlist.v.
INFO: [IP_Flow 19-6926] IPCACHE: added file to list for BOM: c:/code/RFC-8439-fpga-implementation/AES-Cam-on-PYNQ-Z2-main/AES-Cam-on-PYNQ-Z2-main/AES_SYS/AES_SYS.gen/sources_1/bd/AES_SYS/ip/AES_SYS_auto_pc_8/AES_SYS_auto_pc_8_sim_netlist.v
INFO: [IP_Flow 19-6928] IPCACHE: copied cached file c:/code/RFC-8439-fpga-implementation/AES-Cam-on-PYNQ-Z2-main/AES-Cam-on-PYNQ-Z2-main/AES_SYS/AES_SYS.cache/ip/2023.2/3/b/3bc72d579e6ad5e4/AES_SYS_auto_pc_0_sim_netlist.vhdl to c:/code/RFC-8439-fpga-implementation/AES-Cam-on-PYNQ-Z2-main/AES-Cam-on-PYNQ-Z2-main/AES_SYS/AES_SYS.gen/sources_1/bd/AES_SYS/ip/AES_SYS_auto_pc_8/AES_SYS_auto_pc_8_sim_netlist.vhdl.
INFO: [IP_Flow 19-6926] IPCACHE: added file to list for BOM: c:/code/RFC-8439-fpga-implementation/AES-Cam-on-PYNQ-Z2-main/AES-Cam-on-PYNQ-Z2-main/AES_SYS/AES_SYS.gen/sources_1/bd/AES_SYS/ip/AES_SYS_auto_pc_8/AES_SYS_auto_pc_8_sim_netlist.vhdl
INFO: [IP_Flow 19-6928] IPCACHE: copied cached file c:/code/RFC-8439-fpga-implementation/AES-Cam-on-PYNQ-Z2-main/AES-Cam-on-PYNQ-Z2-main/AES_SYS/AES_SYS.cache/ip/2023.2/3/b/3bc72d579e6ad5e4/AES_SYS_auto_pc_0_stub.v to c:/code/RFC-8439-fpga-implementation/AES-Cam-on-PYNQ-Z2-main/AES-Cam-on-PYNQ-Z2-main/AES_SYS/AES_SYS.gen/sources_1/bd/AES_SYS/ip/AES_SYS_auto_pc_8/AES_SYS_auto_pc_8_stub.v.
INFO: [IP_Flow 19-6926] IPCACHE: added file to list for BOM: c:/code/RFC-8439-fpga-implementation/AES-Cam-on-PYNQ-Z2-main/AES-Cam-on-PYNQ-Z2-main/AES_SYS/AES_SYS.gen/sources_1/bd/AES_SYS/ip/AES_SYS_auto_pc_8/AES_SYS_auto_pc_8_stub.v
INFO: [IP_Flow 19-6928] IPCACHE: copied cached file c:/code/RFC-8439-fpga-implementation/AES-Cam-on-PYNQ-Z2-main/AES-Cam-on-PYNQ-Z2-main/AES_SYS/AES_SYS.cache/ip/2023.2/3/b/3bc72d579e6ad5e4/AES_SYS_auto_pc_0_stub.vhdl to c:/code/RFC-8439-fpga-implementation/AES-Cam-on-PYNQ-Z2-main/AES-Cam-on-PYNQ-Z2-main/AES_SYS/AES_SYS.gen/sources_1/bd/AES_SYS/ip/AES_SYS_auto_pc_8/AES_SYS_auto_pc_8_stub.vhdl.
INFO: [IP_Flow 19-6926] IPCACHE: added file to list for BOM: c:/code/RFC-8439-fpga-implementation/AES-Cam-on-PYNQ-Z2-main/AES-Cam-on-PYNQ-Z2-main/AES_SYS/AES_SYS.gen/sources_1/bd/AES_SYS/ip/AES_SYS_auto_pc_8/AES_SYS_auto_pc_8_stub.vhdl
INFO: [IP_Flow 19-4993] Using cached IP synthesis design for IP AES_SYS_auto_pc_8, cache-ID = 3bc72d579e6ad5e4; cache size = 170.562 MB.
INFO: [IP_Flow 19-6924] IPCACHE: Running cache check for IP inst: AES_SYS_auto_pc_3
INFO: [IP_Flow 19-6922] IPCACHE: Exporting cached entry 3bc72d579e6ad5e4 to dir: c:/code/RFC-8439-fpga-implementation/AES-Cam-on-PYNQ-Z2-main/AES-Cam-on-PYNQ-Z2-main/AES_SYS/AES_SYS.gen/sources_1/bd/AES_SYS/ip/AES_SYS_auto_pc_3
INFO: [IP_Flow 19-6928] IPCACHE: copied cached file c:/code/RFC-8439-fpga-implementation/AES-Cam-on-PYNQ-Z2-main/AES-Cam-on-PYNQ-Z2-main/AES_SYS/AES_SYS.cache/ip/2023.2/3/b/3bc72d579e6ad5e4/AES_SYS_auto_pc_0.dcp to c:/code/RFC-8439-fpga-implementation/AES-Cam-on-PYNQ-Z2-main/AES-Cam-on-PYNQ-Z2-main/AES_SYS/AES_SYS.gen/sources_1/bd/AES_SYS/ip/AES_SYS_auto_pc_3/AES_SYS_auto_pc_3.dcp.
INFO: [IP_Flow 19-6926] IPCACHE: added file to list for BOM: c:/code/RFC-8439-fpga-implementation/AES-Cam-on-PYNQ-Z2-main/AES-Cam-on-PYNQ-Z2-main/AES_SYS/AES_SYS.gen/sources_1/bd/AES_SYS/ip/AES_SYS_auto_pc_3/AES_SYS_auto_pc_3.dcp
INFO: [IP_Flow 19-6928] IPCACHE: copied cached file c:/code/RFC-8439-fpga-implementation/AES-Cam-on-PYNQ-Z2-main/AES-Cam-on-PYNQ-Z2-main/AES_SYS/AES_SYS.cache/ip/2023.2/3/b/3bc72d579e6ad5e4/AES_SYS_auto_pc_0_sim_netlist.v to c:/code/RFC-8439-fpga-implementation/AES-Cam-on-PYNQ-Z2-main/AES-Cam-on-PYNQ-Z2-main/AES_SYS/AES_SYS.gen/sources_1/bd/AES_SYS/ip/AES_SYS_auto_pc_3/AES_SYS_auto_pc_3_sim_netlist.v.
INFO: [IP_Flow 19-6926] IPCACHE: added file to list for BOM: c:/code/RFC-8439-fpga-implementation/AES-Cam-on-PYNQ-Z2-main/AES-Cam-on-PYNQ-Z2-main/AES_SYS/AES_SYS.gen/sources_1/bd/AES_SYS/ip/AES_SYS_auto_pc_3/AES_SYS_auto_pc_3_sim_netlist.v
INFO: [IP_Flow 19-6928] IPCACHE: copied cached file c:/code/RFC-8439-fpga-implementation/AES-Cam-on-PYNQ-Z2-main/AES-Cam-on-PYNQ-Z2-main/AES_SYS/AES_SYS.cache/ip/2023.2/3/b/3bc72d579e6ad5e4/AES_SYS_auto_pc_0_sim_netlist.vhdl to c:/code/RFC-8439-fpga-implementation/AES-Cam-on-PYNQ-Z2-main/AES-Cam-on-PYNQ-Z2-main/AES_SYS/AES_SYS.gen/sources_1/bd/AES_SYS/ip/AES_SYS_auto_pc_3/AES_SYS_auto_pc_3_sim_netlist.vhdl.
INFO: [IP_Flow 19-6926] IPCACHE: added file to list for BOM: c:/code/RFC-8439-fpga-implementation/AES-Cam-on-PYNQ-Z2-main/AES-Cam-on-PYNQ-Z2-main/AES_SYS/AES_SYS.gen/sources_1/bd/AES_SYS/ip/AES_SYS_auto_pc_3/AES_SYS_auto_pc_3_sim_netlist.vhdl
INFO: [IP_Flow 19-6928] IPCACHE: copied cached file c:/code/RFC-8439-fpga-implementation/AES-Cam-on-PYNQ-Z2-main/AES-Cam-on-PYNQ-Z2-main/AES_SYS/AES_SYS.cache/ip/2023.2/3/b/3bc72d579e6ad5e4/AES_SYS_auto_pc_0_stub.v to c:/code/RFC-8439-fpga-implementation/AES-Cam-on-PYNQ-Z2-main/AES-Cam-on-PYNQ-Z2-main/AES_SYS/AES_SYS.gen/sources_1/bd/AES_SYS/ip/AES_SYS_auto_pc_3/AES_SYS_auto_pc_3_stub.v.
INFO: [IP_Flow 19-6926] IPCACHE: added file to list for BOM: c:/code/RFC-8439-fpga-implementation/AES-Cam-on-PYNQ-Z2-main/AES-Cam-on-PYNQ-Z2-main/AES_SYS/AES_SYS.gen/sources_1/bd/AES_SYS/ip/AES_SYS_auto_pc_3/AES_SYS_auto_pc_3_stub.v
INFO: [IP_Flow 19-6928] IPCACHE: copied cached file c:/code/RFC-8439-fpga-implementation/AES-Cam-on-PYNQ-Z2-main/AES-Cam-on-PYNQ-Z2-main/AES_SYS/AES_SYS.cache/ip/2023.2/3/b/3bc72d579e6ad5e4/AES_SYS_auto_pc_0_stub.vhdl to c:/code/RFC-8439-fpga-implementation/AES-Cam-on-PYNQ-Z2-main/AES-Cam-on-PYNQ-Z2-main/AES_SYS/AES_SYS.gen/sources_1/bd/AES_SYS/ip/AES_SYS_auto_pc_3/AES_SYS_auto_pc_3_stub.vhdl.
INFO: [IP_Flow 19-6926] IPCACHE: added file to list for BOM: c:/code/RFC-8439-fpga-implementation/AES-Cam-on-PYNQ-Z2-main/AES-Cam-on-PYNQ-Z2-main/AES_SYS/AES_SYS.gen/sources_1/bd/AES_SYS/ip/AES_SYS_auto_pc_3/AES_SYS_auto_pc_3_stub.vhdl
INFO: [IP_Flow 19-4993] Using cached IP synthesis design for IP AES_SYS_auto_pc_3, cache-ID = 3bc72d579e6ad5e4; cache size = 170.562 MB.
INFO: [IP_Flow 19-6924] IPCACHE: Running cache check for IP inst: AES_SYS_auto_pc_6
INFO: [IP_Flow 19-6922] IPCACHE: Exporting cached entry 3bc72d579e6ad5e4 to dir: c:/code/RFC-8439-fpga-implementation/AES-Cam-on-PYNQ-Z2-main/AES-Cam-on-PYNQ-Z2-main/AES_SYS/AES_SYS.gen/sources_1/bd/AES_SYS/ip/AES_SYS_auto_pc_6
INFO: [IP_Flow 19-6928] IPCACHE: copied cached file c:/code/RFC-8439-fpga-implementation/AES-Cam-on-PYNQ-Z2-main/AES-Cam-on-PYNQ-Z2-main/AES_SYS/AES_SYS.cache/ip/2023.2/3/b/3bc72d579e6ad5e4/AES_SYS_auto_pc_0.dcp to c:/code/RFC-8439-fpga-implementation/AES-Cam-on-PYNQ-Z2-main/AES-Cam-on-PYNQ-Z2-main/AES_SYS/AES_SYS.gen/sources_1/bd/AES_SYS/ip/AES_SYS_auto_pc_6/AES_SYS_auto_pc_6.dcp.
INFO: [IP_Flow 19-6926] IPCACHE: added file to list for BOM: c:/code/RFC-8439-fpga-implementation/AES-Cam-on-PYNQ-Z2-main/AES-Cam-on-PYNQ-Z2-main/AES_SYS/AES_SYS.gen/sources_1/bd/AES_SYS/ip/AES_SYS_auto_pc_6/AES_SYS_auto_pc_6.dcp
INFO: [IP_Flow 19-6928] IPCACHE: copied cached file c:/code/RFC-8439-fpga-implementation/AES-Cam-on-PYNQ-Z2-main/AES-Cam-on-PYNQ-Z2-main/AES_SYS/AES_SYS.cache/ip/2023.2/3/b/3bc72d579e6ad5e4/AES_SYS_auto_pc_0_sim_netlist.v to c:/code/RFC-8439-fpga-implementation/AES-Cam-on-PYNQ-Z2-main/AES-Cam-on-PYNQ-Z2-main/AES_SYS/AES_SYS.gen/sources_1/bd/AES_SYS/ip/AES_SYS_auto_pc_6/AES_SYS_auto_pc_6_sim_netlist.v.
INFO: [IP_Flow 19-6926] IPCACHE: added file to list for BOM: c:/code/RFC-8439-fpga-implementation/AES-Cam-on-PYNQ-Z2-main/AES-Cam-on-PYNQ-Z2-main/AES_SYS/AES_SYS.gen/sources_1/bd/AES_SYS/ip/AES_SYS_auto_pc_6/AES_SYS_auto_pc_6_sim_netlist.v
INFO: [IP_Flow 19-6928] IPCACHE: copied cached file c:/code/RFC-8439-fpga-implementation/AES-Cam-on-PYNQ-Z2-main/AES-Cam-on-PYNQ-Z2-main/AES_SYS/AES_SYS.cache/ip/2023.2/3/b/3bc72d579e6ad5e4/AES_SYS_auto_pc_0_sim_netlist.vhdl to c:/code/RFC-8439-fpga-implementation/AES-Cam-on-PYNQ-Z2-main/AES-Cam-on-PYNQ-Z2-main/AES_SYS/AES_SYS.gen/sources_1/bd/AES_SYS/ip/AES_SYS_auto_pc_6/AES_SYS_auto_pc_6_sim_netlist.vhdl.
INFO: [IP_Flow 19-6926] IPCACHE: added file to list for BOM: c:/code/RFC-8439-fpga-implementation/AES-Cam-on-PYNQ-Z2-main/AES-Cam-on-PYNQ-Z2-main/AES_SYS/AES_SYS.gen/sources_1/bd/AES_SYS/ip/AES_SYS_auto_pc_6/AES_SYS_auto_pc_6_sim_netlist.vhdl
INFO: [IP_Flow 19-6928] IPCACHE: copied cached file c:/code/RFC-8439-fpga-implementation/AES-Cam-on-PYNQ-Z2-main/AES-Cam-on-PYNQ-Z2-main/AES_SYS/AES_SYS.cache/ip/2023.2/3/b/3bc72d579e6ad5e4/AES_SYS_auto_pc_0_stub.v to c:/code/RFC-8439-fpga-implementation/AES-Cam-on-PYNQ-Z2-main/AES-Cam-on-PYNQ-Z2-main/AES_SYS/AES_SYS.gen/sources_1/bd/AES_SYS/ip/AES_SYS_auto_pc_6/AES_SYS_auto_pc_6_stub.v.
INFO: [IP_Flow 19-6926] IPCACHE: added file to list for BOM: c:/code/RFC-8439-fpga-implementation/AES-Cam-on-PYNQ-Z2-main/AES-Cam-on-PYNQ-Z2-main/AES_SYS/AES_SYS.gen/sources_1/bd/AES_SYS/ip/AES_SYS_auto_pc_6/AES_SYS_auto_pc_6_stub.v
INFO: [IP_Flow 19-6928] IPCACHE: copied cached file c:/code/RFC-8439-fpga-implementation/AES-Cam-on-PYNQ-Z2-main/AES-Cam-on-PYNQ-Z2-main/AES_SYS/AES_SYS.cache/ip/2023.2/3/b/3bc72d579e6ad5e4/AES_SYS_auto_pc_0_stub.vhdl to c:/code/RFC-8439-fpga-implementation/AES-Cam-on-PYNQ-Z2-main/AES-Cam-on-PYNQ-Z2-main/AES_SYS/AES_SYS.gen/sources_1/bd/AES_SYS/ip/AES_SYS_auto_pc_6/AES_SYS_auto_pc_6_stub.vhdl.
INFO: [IP_Flow 19-6926] IPCACHE: added file to list for BOM: c:/code/RFC-8439-fpga-implementation/AES-Cam-on-PYNQ-Z2-main/AES-Cam-on-PYNQ-Z2-main/AES_SYS/AES_SYS.gen/sources_1/bd/AES_SYS/ip/AES_SYS_auto_pc_6/AES_SYS_auto_pc_6_stub.vhdl
INFO: [IP_Flow 19-4993] Using cached IP synthesis design for IP AES_SYS_auto_pc_6, cache-ID = 3bc72d579e6ad5e4; cache size = 170.562 MB.
[Wed May 27 03:04:34 2026] Launched synth_1...
Run output will be captured here: C:/code/RFC-8439-fpga-implementation/AES-Cam-on-PYNQ-Z2-main/AES-Cam-on-PYNQ-Z2-main/AES_SYS/AES_SYS.runs/synth_1/runme.log
[Wed May 27 03:04:34 2026] Launched impl_1...
Run output will be captured here: C:/code/RFC-8439-fpga-implementation/AES-Cam-on-PYNQ-Z2-main/AES-Cam-on-PYNQ-Z2-main/AES_SYS/AES_SYS.runs/impl_1/runme.log
launch_runs: Time (s): cpu = 00:00:07 ; elapsed = 00:00:09 . Memory (MB): peak = 4177.195 ; gain = 0.000
delete_bd_objs [get_bd_nets v_axi4s_vid_out_0_vtg_ce]
connect_bd_net [get_bd_pins v_tc_0/gen_clken] [get_bd_pins xlconstant_0/dout]
generate_target all [get_files  C:/code/RFC-8439-fpga-implementation/AES-Cam-on-PYNQ-Z2-main/AES-Cam-on-PYNQ-Z2-main/AES_SYS/AES_SYS.srcs/sources_1/bd/AES_SYS/AES_SYS.bd]
WARNING: [BD 41-2670] Found an incomplete address path from address space '/processing_system7_0/Data' to master interface '/ps7_0_axi_periph/M07_AXI'. Please either complete or remove this path to resolve.
WARNING: [BD 41-2670] Found an incomplete address path from address space '/processing_system7_0/Data' to master interface '/ps7_0_axi_periph/M10_AXI'. Please either complete or remove this path to resolve.
WARNING: [BD 41-2670] Found an incomplete address path from address space '/processing_system7_0/Data' to master interface '/ps7_0_axi_periph/M12_AXI'. Please either complete or remove this path to resolve.
WARNING: [BD 5-699] No address segments matched 'get_bd_addr_segs -addressables -of_objects /processing_system7_0/FCLK_RESET0_N'
WARNING: [BD 5-699] No address segments matched 'get_bd_addr_segs -addressables -of_objects /processing_system7_0/FCLK_RESET0_N'
WARNING: [BD 5-699] No address segments matched 'get_bd_addr_segs -addressables -of_objects /processing_system7_0/FCLK_RESET0_N'
WARNING: [BD 41-1284] Cannot set parameter FREQ_HZ on port /v_axi4s_vid_out_0/aclken
WARNING: [BD 41-1284] Cannot set parameter PHASE on port /v_axi4s_vid_out_0/aclken
WARNING: [BD 41-1284] Cannot set parameter CLK_DOMAIN on port /v_axi4s_vid_out_0/aclken
WARNING: [BD 41-1284] Cannot set parameter FREQ_HZ on port /v_axi4s_vid_out_0/vid_io_out_ce
WARNING: [BD 41-1284] Cannot set parameter PHASE on port /v_axi4s_vid_out_0/vid_io_out_ce
WARNING: [BD 41-1284] Cannot set parameter CLK_DOMAIN on port /v_axi4s_vid_out_0/vid_io_out_ce
WARNING: [BD 41-1284] Cannot set parameter FREQ_HZ on port /v_tc_0/clken
WARNING: [BD 41-1284] Cannot set parameter PHASE on port /v_tc_0/clken
WARNING: [BD 41-1284] Cannot set parameter CLK_DOMAIN on port /v_tc_0/clken
WARNING: [BD 41-1284] Cannot set parameter FREQ_HZ on port /v_axi4s_vid_out_0/aclken
WARNING: [BD 41-1284] Cannot set parameter PHASE on port /v_axi4s_vid_out_0/aclken
WARNING: [BD 41-1284] Cannot set parameter CLK_DOMAIN on port /v_axi4s_vid_out_0/aclken
WARNING: [BD 41-1284] Cannot set parameter FREQ_HZ on port /v_axi4s_vid_out_0/vid_io_out_ce
WARNING: [BD 41-1284] Cannot set parameter PHASE on port /v_axi4s_vid_out_0/vid_io_out_ce
WARNING: [BD 41-1284] Cannot set parameter CLK_DOMAIN on port /v_axi4s_vid_out_0/vid_io_out_ce
WARNING: [BD 41-1284] Cannot set parameter FREQ_HZ on port /v_tc_0/clken
WARNING: [BD 41-1284] Cannot set parameter PHASE on port /v_tc_0/clken
WARNING: [BD 41-1284] Cannot set parameter CLK_DOMAIN on port /v_tc_0/clken
WARNING: [BD 41-1284] Cannot set parameter FREQ_HZ on port /v_axi4s_vid_out_0/aclken
WARNING: [BD 41-1284] Cannot set parameter PHASE on port /v_axi4s_vid_out_0/aclken
WARNING: [BD 41-1284] Cannot set parameter CLK_DOMAIN on port /v_axi4s_vid_out_0/aclken
WARNING: [BD 41-1284] Cannot set parameter FREQ_HZ on port /v_axi4s_vid_out_0/vid_io_out_ce
WARNING: [BD 41-1284] Cannot set parameter PHASE on port /v_axi4s_vid_out_0/vid_io_out_ce
WARNING: [BD 41-1284] Cannot set parameter CLK_DOMAIN on port /v_axi4s_vid_out_0/vid_io_out_ce
WARNING: [BD 41-1284] Cannot set parameter FREQ_HZ on port /v_tc_0/clken
WARNING: [BD 41-1284] Cannot set parameter PHASE on port /v_tc_0/clken
WARNING: [BD 41-1284] Cannot set parameter CLK_DOMAIN on port /v_tc_0/clken
WARNING: [BD 41-1284] Cannot set parameter FREQ_HZ on port /v_axi4s_vid_out_0/aclken
WARNING: [BD 41-1284] Cannot set parameter PHASE on port /v_axi4s_vid_out_0/aclken
WARNING: [BD 41-1284] Cannot set parameter CLK_DOMAIN on port /v_axi4s_vid_out_0/aclken
WARNING: [BD 41-1284] Cannot set parameter FREQ_HZ on port /v_axi4s_vid_out_0/vid_io_out_ce
WARNING: [BD 41-1284] Cannot set parameter PHASE on port /v_axi4s_vid_out_0/vid_io_out_ce
WARNING: [BD 41-1284] Cannot set parameter CLK_DOMAIN on port /v_axi4s_vid_out_0/vid_io_out_ce
WARNING: [BD 41-1284] Cannot set parameter FREQ_HZ on port /v_tc_0/clken
WARNING: [BD 41-1284] Cannot set parameter PHASE on port /v_tc_0/clken
WARNING: [BD 41-1284] Cannot set parameter CLK_DOMAIN on port /v_tc_0/clken
WARNING: [BD 41-1284] Cannot set parameter FREQ_HZ on port /v_axi4s_vid_out_0/aclken
WARNING: [BD 41-1284] Cannot set parameter PHASE on port /v_axi4s_vid_out_0/aclken
WARNING: [BD 41-1284] Cannot set parameter CLK_DOMAIN on port /v_axi4s_vid_out_0/aclken
WARNING: [BD 41-1284] Cannot set parameter FREQ_HZ on port /v_axi4s_vid_out_0/vid_io_out_ce
WARNING: [BD 41-1284] Cannot set parameter PHASE on port /v_axi4s_vid_out_0/vid_io_out_ce
WARNING: [BD 41-1284] Cannot set parameter CLK_DOMAIN on port /v_axi4s_vid_out_0/vid_io_out_ce
WARNING: [BD 41-1284] Cannot set parameter FREQ_HZ on port /v_tc_0/clken
WARNING: [BD 41-1284] Cannot set parameter PHASE on port /v_tc_0/clken
WARNING: [BD 41-1284] Cannot set parameter CLK_DOMAIN on port /v_tc_0/clken
WARNING: [BD 41-1284] Cannot set parameter FREQ_HZ on port /v_axi4s_vid_out_0/aclken
WARNING: [BD 41-1284] Cannot set parameter PHASE on port /v_axi4s_vid_out_0/aclken
WARNING: [BD 41-1284] Cannot set parameter CLK_DOMAIN on port /v_axi4s_vid_out_0/aclken
WARNING: [BD 41-1284] Cannot set parameter FREQ_HZ on port /v_axi4s_vid_out_0/vid_io_out_ce
WARNING: [BD 41-1284] Cannot set parameter PHASE on port /v_axi4s_vid_out_0/vid_io_out_ce
WARNING: [BD 41-1284] Cannot set parameter CLK_DOMAIN on port /v_axi4s_vid_out_0/vid_io_out_ce
WARNING: [BD 41-1284] Cannot set parameter FREQ_HZ on port /v_tc_0/clken
WARNING: [BD 41-1284] Cannot set parameter PHASE on port /v_tc_0/clken
WARNING: [BD 41-1284] Cannot set parameter CLK_DOMAIN on port /v_tc_0/clken
WARNING: [BD 41-1284] Cannot set parameter FREQ_HZ on port /v_axi4s_vid_out_0/aclken
WARNING: [BD 41-1284] Cannot set parameter PHASE on port /v_axi4s_vid_out_0/aclken
WARNING: [BD 41-1284] Cannot set parameter CLK_DOMAIN on port /v_axi4s_vid_out_0/aclken
WARNING: [BD 41-1284] Cannot set parameter FREQ_HZ on port /v_axi4s_vid_out_0/vid_io_out_ce
WARNING: [BD 41-1284] Cannot set parameter PHASE on port /v_axi4s_vid_out_0/vid_io_out_ce
WARNING: [BD 41-1284] Cannot set parameter CLK_DOMAIN on port /v_axi4s_vid_out_0/vid_io_out_ce
WARNING: [BD 41-1284] Cannot set parameter FREQ_HZ on port /v_tc_0/clken
WARNING: [BD 41-1284] Cannot set parameter PHASE on port /v_tc_0/clken
WARNING: [BD 41-1284] Cannot set parameter CLK_DOMAIN on port /v_tc_0/clken
WARNING: [BD 41-1284] Cannot set parameter FREQ_HZ on port /v_axi4s_vid_out_0/aclken
WARNING: [BD 41-1284] Cannot set parameter PHASE on port /v_axi4s_vid_out_0/aclken
WARNING: [BD 41-1284] Cannot set parameter CLK_DOMAIN on port /v_axi4s_vid_out_0/aclken
WARNING: [BD 41-1284] Cannot set parameter FREQ_HZ on port /v_axi4s_vid_out_0/vid_io_out_ce
WARNING: [BD 41-1284] Cannot set parameter PHASE on port /v_axi4s_vid_out_0/vid_io_out_ce
WARNING: [BD 41-1284] Cannot set parameter CLK_DOMAIN on port /v_axi4s_vid_out_0/vid_io_out_ce
WARNING: [BD 41-1284] Cannot set parameter FREQ_HZ on port /v_tc_0/clken
WARNING: [BD 41-1284] Cannot set parameter PHASE on port /v_tc_0/clken
WARNING: [BD 41-1284] Cannot set parameter CLK_DOMAIN on port /v_tc_0/clken
WARNING: [BD 41-1284] Cannot set parameter FREQ_HZ on port /v_axi4s_vid_out_0/aclken
WARNING: [BD 41-1284] Cannot set parameter PHASE on port /v_axi4s_vid_out_0/aclken
WARNING: [BD 41-1284] Cannot set parameter CLK_DOMAIN on port /v_axi4s_vid_out_0/aclken
WARNING: [BD 41-1284] Cannot set parameter FREQ_HZ on port /v_axi4s_vid_out_0/vid_io_out_ce
WARNING: [BD 41-1284] Cannot set parameter PHASE on port /v_axi4s_vid_out_0/vid_io_out_ce
WARNING: [BD 41-1284] Cannot set parameter CLK_DOMAIN on port /v_axi4s_vid_out_0/vid_io_out_ce
WARNING: [BD 41-1284] Cannot set parameter FREQ_HZ on port /v_tc_0/clken
WARNING: [BD 41-1284] Cannot set parameter PHASE on port /v_tc_0/clken
WARNING: [BD 41-1284] Cannot set parameter CLK_DOMAIN on port /v_tc_0/clken
WARNING: [BD 41-1284] Cannot set parameter FREQ_HZ on port /v_axi4s_vid_out_0/aclken
WARNING: [BD 41-1284] Cannot set parameter PHASE on port /v_axi4s_vid_out_0/aclken
WARNING: [BD 41-1284] Cannot set parameter CLK_DOMAIN on port /v_axi4s_vid_out_0/aclken
WARNING: [BD 41-1284] Cannot set parameter FREQ_HZ on port /v_axi4s_vid_out_0/vid_io_out_ce
WARNING: [BD 41-1284] Cannot set parameter PHASE on port /v_axi4s_vid_out_0/vid_io_out_ce
WARNING: [BD 41-1284] Cannot set parameter CLK_DOMAIN on port /v_axi4s_vid_out_0/vid_io_out_ce
WARNING: [BD 41-1284] Cannot set parameter FREQ_HZ on port /v_tc_0/clken
WARNING: [BD 41-1284] Cannot set parameter PHASE on port /v_tc_0/clken
WARNING: [BD 41-1284] Cannot set parameter CLK_DOMAIN on port /v_tc_0/clken
WARNING: [BD 41-702] Propagation TCL tries to overwrite USER strength parameter PCW_M_AXI_GP0_FREQMHZ(10) on '/processing_system7_0' with propagated value(50). Command ignored
WARNING: [BD 41-702] Propagation TCL tries to overwrite USER strength parameter PCW_S_AXI_HP0_FREQMHZ(10) on '/processing_system7_0' with propagated value(50). Command ignored
WARNING: [BD 41-702] Propagation TCL tries to overwrite USER strength parameter PCW_S_AXI_HP1_FREQMHZ(10) on '/processing_system7_0' with propagated value(50). Command ignored
INFO: [xilinx.com:ip:axi_vdma:6.3-15] /axi_vdma_0 
                    All clocks connected to AXI VDMA are not identical, therefore configuring AXI-VDMA in ASYNC mode.
WARNING: [xilinx.com:ip:axi_vdma:6.3-155] /axi_vdma_0 
                    To get the better performance, ensure AXI Memory Map clock frequency is greater than equal to AXI Streaming clock frequency.
WARNING: [xilinx.com:ip:axi_intc:4.1-13] /axi_intc_0: Interrupt output connection Bus is selected, but the interrupt bus interface is not connected to a matching interface. Please consider selecting Single instead.
INFO: [xilinx.com:ip:clk_wiz:6.0-1] /clk_wiz_0 clk_wiz propagate
INFO: [xilinx.com:ip:clk_wiz:6.0-1] /clk_wiz_0 clk_wiz propagate
Wrote  : <C:\code\RFC-8439-fpga-implementation\AES-Cam-on-PYNQ-Z2-main\AES-Cam-on-PYNQ-Z2-main\AES_SYS\AES_SYS.srcs\sources_1\bd\AES_SYS\AES_SYS.bd> 
Wrote  : <C:/code/RFC-8439-fpga-implementation/AES-Cam-on-PYNQ-Z2-main/AES-Cam-on-PYNQ-Z2-main/AES_SYS/AES_SYS.srcs/sources_1/bd/AES_SYS/ui/bd_9341033d.ui> 
WARNING: [BD 41-2384] Width mismatch when connecting pin: '/axi_mem_intercon/m00_couplers/auto_pc/m_axi_rid'(1) to pin: '/axi_mem_intercon/m00_couplers/M_AXI_rid'(6) - Only lower order bits will be connected.
WARNING: [BD 41-2384] Width mismatch when connecting pin: '/axi_mem_intercon/m00_couplers/auto_pc/m_axi_bid'(1) to pin: '/axi_mem_intercon/m00_couplers/M_AXI_bid'(6) - Only lower order bits will be connected.
WARNING: [BD 41-2384] Width mismatch when connecting pin: '/axi_bram_ctrl_0_bram/addra'(32) to pin: '/axi_bram_ctrl_0/bram_addr_a'(18) - Only lower order bits will be connected.
WARNING: [BD 41-2384] Width mismatch when connecting pin: '/axi_bram_ctrl_0_bram1/addra'(32) to pin: '/axi_bram_ctrl_1/bram_addr_a'(18) - Only lower order bits will be connected.
WARNING: [BD 41-2384] Width mismatch when connecting pin: '/processing_system7_0/S_AXI_HP0_AWID'(6) to pin: '/axi_mem_intercon/M00_AXI_awid'(1) - Only lower order bits will be connected.
WARNING: [BD 41-2384] Width mismatch when connecting pin: '/processing_system7_0/S_AXI_HP0_ARID'(6) to pin: '/axi_mem_intercon/M00_AXI_arid'(1) - Only lower order bits will be connected.
WARNING: [BD 41-2384] Width mismatch when connecting pin: '/processing_system7_0/S_AXI_HP0_WID'(6) to pin: '/axi_mem_intercon/M00_AXI_wid'(1) - Only lower order bits will be connected.
Verilog Output written to : c:/code/RFC-8439-fpga-implementation/AES-Cam-on-PYNQ-Z2-main/AES-Cam-on-PYNQ-Z2-main/AES_SYS/AES_SYS.gen/sources_1/bd/AES_SYS/synth/AES_SYS.v
WARNING: [BD 41-2384] Width mismatch when connecting pin: '/axi_mem_intercon/m00_couplers/auto_pc/m_axi_rid'(1) to pin: '/axi_mem_intercon/m00_couplers/M_AXI_rid'(6) - Only lower order bits will be connected.
WARNING: [BD 41-2384] Width mismatch when connecting pin: '/axi_mem_intercon/m00_couplers/auto_pc/m_axi_bid'(1) to pin: '/axi_mem_intercon/m00_couplers/M_AXI_bid'(6) - Only lower order bits will be connected.
WARNING: [BD 41-2384] Width mismatch when connecting pin: '/axi_bram_ctrl_0_bram/addra'(32) to pin: '/axi_bram_ctrl_0/bram_addr_a'(18) - Only lower order bits will be connected.
WARNING: [BD 41-2384] Width mismatch when connecting pin: '/axi_bram_ctrl_0_bram1/addra'(32) to pin: '/axi_bram_ctrl_1/bram_addr_a'(18) - Only lower order bits will be connected.
WARNING: [BD 41-2384] Width mismatch when connecting pin: '/processing_system7_0/S_AXI_HP0_AWID'(6) to pin: '/axi_mem_intercon/M00_AXI_awid'(1) - Only lower order bits will be connected.
WARNING: [BD 41-2384] Width mismatch when connecting pin: '/processing_system7_0/S_AXI_HP0_ARID'(6) to pin: '/axi_mem_intercon/M00_AXI_arid'(1) - Only lower order bits will be connected.
WARNING: [BD 41-2384] Width mismatch when connecting pin: '/processing_system7_0/S_AXI_HP0_WID'(6) to pin: '/axi_mem_intercon/M00_AXI_wid'(1) - Only lower order bits will be connected.
Verilog Output written to : c:/code/RFC-8439-fpga-implementation/AES-Cam-on-PYNQ-Z2-main/AES-Cam-on-PYNQ-Z2-main/AES_SYS/AES_SYS.gen/sources_1/bd/AES_SYS/sim/AES_SYS.v
Verilog Output written to : c:/code/RFC-8439-fpga-implementation/AES-Cam-on-PYNQ-Z2-main/AES-Cam-on-PYNQ-Z2-main/AES_SYS/AES_SYS.gen/sources_1/bd/AES_SYS/hdl/AES_SYS_wrapper.v
WARNING: [IP_Flow 19-4994] Overwriting existing constraint file 'c:/code/RFC-8439-fpga-implementation/AES-Cam-on-PYNQ-Z2-main/AES-Cam-on-PYNQ-Z2-main/AES_SYS/AES_SYS.gen/sources_1/bd/AES_SYS/ip/AES_SYS_auto_pc_11/AES_SYS_auto_pc_11_ooc.xdc'
INFO: [BD 41-1029] Generation completed for the IP Integrator block ps7_0_axi_periph/s00_couplers/auto_pc .
WARNING: [IP_Flow 19-4994] Overwriting existing constraint file 'c:/code/RFC-8439-fpga-implementation/AES-Cam-on-PYNQ-Z2-main/AES-Cam-on-PYNQ-Z2-main/AES_SYS/AES_SYS.gen/sources_1/bd/AES_SYS/ip/AES_SYS_auto_pc_0/AES_SYS_auto_pc_0_ooc.xdc'
INFO: [BD 41-1029] Generation completed for the IP Integrator block ps7_0_axi_periph/m00_couplers/auto_pc .
WARNING: [IP_Flow 19-4994] Overwriting existing constraint file 'c:/code/RFC-8439-fpga-implementation/AES-Cam-on-PYNQ-Z2-main/AES-Cam-on-PYNQ-Z2-main/AES_SYS/AES_SYS.gen/sources_1/bd/AES_SYS/ip/AES_SYS_auto_pc_1/AES_SYS_auto_pc_1_ooc.xdc'
INFO: [BD 41-1029] Generation completed for the IP Integrator block ps7_0_axi_periph/m01_couplers/auto_pc .
WARNING: [IP_Flow 19-4994] Overwriting existing constraint file 'c:/code/RFC-8439-fpga-implementation/AES-Cam-on-PYNQ-Z2-main/AES-Cam-on-PYNQ-Z2-main/AES_SYS/AES_SYS.gen/sources_1/bd/AES_SYS/ip/AES_SYS_auto_pc_2/AES_SYS_auto_pc_2_ooc.xdc'
INFO: [BD 41-1029] Generation completed for the IP Integrator block ps7_0_axi_periph/m02_couplers/auto_pc .
WARNING: [IP_Flow 19-4994] Overwriting existing constraint file 'c:/code/RFC-8439-fpga-implementation/AES-Cam-on-PYNQ-Z2-main/AES-Cam-on-PYNQ-Z2-main/AES_SYS/AES_SYS.gen/sources_1/bd/AES_SYS/ip/AES_SYS_auto_pc_3/AES_SYS_auto_pc_3_ooc.xdc'
INFO: [BD 41-1029] Generation completed for the IP Integrator block ps7_0_axi_periph/m03_couplers/auto_pc .
WARNING: [IP_Flow 19-4994] Overwriting existing constraint file 'c:/code/RFC-8439-fpga-implementation/AES-Cam-on-PYNQ-Z2-main/AES-Cam-on-PYNQ-Z2-main/AES_SYS/AES_SYS.gen/sources_1/bd/AES_SYS/ip/AES_SYS_auto_pc_4/AES_SYS_auto_pc_4_ooc.xdc'
INFO: [BD 41-1029] Generation completed for the IP Integrator block ps7_0_axi_periph/m04_couplers/auto_pc .
WARNING: [IP_Flow 19-4994] Overwriting existing constraint file 'c:/code/RFC-8439-fpga-implementation/AES-Cam-on-PYNQ-Z2-main/AES-Cam-on-PYNQ-Z2-main/AES_SYS/AES_SYS.gen/sources_1/bd/AES_SYS/ip/AES_SYS_auto_pc_5/AES_SYS_auto_pc_5_ooc.xdc'
INFO: [BD 41-1029] Generation completed for the IP Integrator block ps7_0_axi_periph/m05_couplers/auto_pc .
WARNING: [IP_Flow 19-4994] Overwriting existing constraint file 'c:/code/RFC-8439-fpga-implementation/AES-Cam-on-PYNQ-Z2-main/AES-Cam-on-PYNQ-Z2-main/AES_SYS/AES_SYS.gen/sources_1/bd/AES_SYS/ip/AES_SYS_auto_pc_6/AES_SYS_auto_pc_6_ooc.xdc'
INFO: [BD 41-1029] Generation completed for the IP Integrator block ps7_0_axi_periph/m06_couplers/auto_pc .
WARNING: [IP_Flow 19-4994] Overwriting existing constraint file 'c:/code/RFC-8439-fpga-implementation/AES-Cam-on-PYNQ-Z2-main/AES-Cam-on-PYNQ-Z2-main/AES_SYS/AES_SYS.gen/sources_1/bd/AES_SYS/ip/AES_SYS_auto_pc_7/AES_SYS_auto_pc_7_ooc.xdc'
INFO: [BD 41-1029] Generation completed for the IP Integrator block ps7_0_axi_periph/m08_couplers/auto_pc .
WARNING: [IP_Flow 19-4994] Overwriting existing constraint file 'c:/code/RFC-8439-fpga-implementation/AES-Cam-on-PYNQ-Z2-main/AES-Cam-on-PYNQ-Z2-main/AES_SYS/AES_SYS.gen/sources_1/bd/AES_SYS/ip/AES_SYS_auto_pc_8/AES_SYS_auto_pc_8_ooc.xdc'
INFO: [BD 41-1029] Generation completed for the IP Integrator block ps7_0_axi_periph/m09_couplers/auto_pc .
WARNING: [IP_Flow 19-4994] Overwriting existing constraint file 'c:/code/RFC-8439-fpga-implementation/AES-Cam-on-PYNQ-Z2-main/AES-Cam-on-PYNQ-Z2-main/AES_SYS/AES_SYS.gen/sources_1/bd/AES_SYS/ip/AES_SYS_auto_pc_9/AES_SYS_auto_pc_9_ooc.xdc'
INFO: [BD 41-1029] Generation completed for the IP Integrator block ps7_0_axi_periph/m11_couplers/auto_pc .
WARNING: [IP_Flow 19-4994] Overwriting existing constraint file 'c:/code/RFC-8439-fpga-implementation/AES-Cam-on-PYNQ-Z2-main/AES-Cam-on-PYNQ-Z2-main/AES_SYS/AES_SYS.gen/sources_1/bd/AES_SYS/ip/AES_SYS_auto_pc_10/AES_SYS_auto_pc_10_ooc.xdc'
INFO: [BD 41-1029] Generation completed for the IP Integrator block ps7_0_axi_periph/m13_couplers/auto_pc .
WARNING: [IP_Flow 19-4994] Overwriting existing constraint file 'c:/code/RFC-8439-fpga-implementation/AES-Cam-on-PYNQ-Z2-main/AES-Cam-on-PYNQ-Z2-main/AES_SYS/AES_SYS.gen/sources_1/bd/AES_SYS/ip/AES_SYS_auto_pc_12/AES_SYS_auto_pc_12_ooc.xdc'
INFO: [BD 41-1029] Generation completed for the IP Integrator block axi_mem_intercon/m00_couplers/auto_pc .
WARNING: [IP_Flow 19-4994] Overwriting existing constraint file 'c:/code/RFC-8439-fpga-implementation/AES-Cam-on-PYNQ-Z2-main/AES-Cam-on-PYNQ-Z2-main/AES_SYS/AES_SYS.gen/sources_1/bd/AES_SYS/ip/AES_SYS_auto_us_0/AES_SYS_auto_us_0_ooc.xdc'
INFO: [IP_Flow 19-5611] Unable to find an associated reset port for the interface 'S_AXI'. A default connection has been created.
INFO: [IP_Flow 19-5611] Unable to find an associated reset port for the interface 'M_AXI'. A default connection has been created.
INFO: [BD 41-1029] Generation completed for the IP Integrator block axi_mem_intercon_1/s00_couplers/auto_us .
WARNING: [IP_Flow 19-4994] Overwriting existing constraint file 'c:/code/RFC-8439-fpga-implementation/AES-Cam-on-PYNQ-Z2-main/AES-Cam-on-PYNQ-Z2-main/AES_SYS/AES_SYS.gen/sources_1/bd/AES_SYS/ip/AES_SYS_auto_pc_13/AES_SYS_auto_pc_13_ooc.xdc'
INFO: [BD 41-1029] Generation completed for the IP Integrator block axi_mem_intercon_1/m00_couplers/auto_pc .
WARNING: [IP_Flow 19-4994] Overwriting existing constraint file 'c:/code/RFC-8439-fpga-implementation/AES-Cam-on-PYNQ-Z2-main/AES-Cam-on-PYNQ-Z2-main/AES_SYS/AES_SYS.gen/sources_1/bd/AES_SYS/ip/AES_SYS_auto_ds_0/AES_SYS_auto_ds_0_ooc.xdc'
INFO: [IP_Flow 19-5611] Unable to find an associated reset port for the interface 'S_AXI'. A default connection has been created.
INFO: [IP_Flow 19-5611] Unable to find an associated reset port for the interface 'M_AXI'. A default connection has been created.
INFO: [BD 41-1029] Generation completed for the IP Integrator block axi_mem_intercon_1/m01_couplers/auto_ds .
WARNING: [IP_Flow 19-4994] Overwriting existing constraint file 'c:/code/RFC-8439-fpga-implementation/AES-Cam-on-PYNQ-Z2-main/AES-Cam-on-PYNQ-Z2-main/AES_SYS/AES_SYS.gen/sources_1/bd/AES_SYS/ip/AES_SYS_auto_ds_1/AES_SYS_auto_ds_1_ooc.xdc'
INFO: [IP_Flow 19-5611] Unable to find an associated reset port for the interface 'S_AXI'. A default connection has been created.
INFO: [IP_Flow 19-5611] Unable to find an associated reset port for the interface 'M_AXI'. A default connection has been created.
INFO: [BD 41-1029] Generation completed for the IP Integrator block axi_mem_intercon_1/m02_couplers/auto_ds .
Exporting to file c:/code/RFC-8439-fpga-implementation/AES-Cam-on-PYNQ-Z2-main/AES-Cam-on-PYNQ-Z2-main/AES_SYS/AES_SYS.gen/sources_1/bd/AES_SYS/hw_handoff/AES_SYS.hwh
Generated Hardware Definition File c:/code/RFC-8439-fpga-implementation/AES-Cam-on-PYNQ-Z2-main/AES-Cam-on-PYNQ-Z2-main/AES_SYS/AES_SYS.gen/sources_1/bd/AES_SYS/synth/AES_SYS.hwdef
generate_target: Time (s): cpu = 00:00:37 ; elapsed = 00:00:38 . Memory (MB): peak = 4193.605 ; gain = 16.410
catch { config_ip_cache -export [get_ips -all AES_SYS_auto_pc_11] }
INFO: [IP_Flow 19-6924] IPCACHE: Running cache check for IP inst: AES_SYS_auto_pc_11
INFO: [IP_Flow 19-6922] IPCACHE: Exporting cached entry e640ebf91d268473 to dir: c:/code/RFC-8439-fpga-implementation/AES-Cam-on-PYNQ-Z2-main/AES-Cam-on-PYNQ-Z2-main/AES_SYS/AES_SYS.gen/sources_1/bd/AES_SYS/ip/AES_SYS_auto_pc_11
INFO: [IP_Flow 19-6928] IPCACHE: copied cached file c:/code/RFC-8439-fpga-implementation/AES-Cam-on-PYNQ-Z2-main/AES-Cam-on-PYNQ-Z2-main/AES_SYS/AES_SYS.cache/ip/2023.2/e/6/e640ebf91d268473/AES_SYS_auto_pc_11.dcp to c:/code/RFC-8439-fpga-implementation/AES-Cam-on-PYNQ-Z2-main/AES-Cam-on-PYNQ-Z2-main/AES_SYS/AES_SYS.gen/sources_1/bd/AES_SYS/ip/AES_SYS_auto_pc_11/AES_SYS_auto_pc_11.dcp.
INFO: [IP_Flow 19-6926] IPCACHE: added file to list for BOM: c:/code/RFC-8439-fpga-implementation/AES-Cam-on-PYNQ-Z2-main/AES-Cam-on-PYNQ-Z2-main/AES_SYS/AES_SYS.gen/sources_1/bd/AES_SYS/ip/AES_SYS_auto_pc_11/AES_SYS_auto_pc_11.dcp
INFO: [IP_Flow 19-6928] IPCACHE: copied cached file c:/code/RFC-8439-fpga-implementation/AES-Cam-on-PYNQ-Z2-main/AES-Cam-on-PYNQ-Z2-main/AES_SYS/AES_SYS.cache/ip/2023.2/e/6/e640ebf91d268473/AES_SYS_auto_pc_11_sim_netlist.v to c:/code/RFC-8439-fpga-implementation/AES-Cam-on-PYNQ-Z2-main/AES-Cam-on-PYNQ-Z2-main/AES_SYS/AES_SYS.gen/sources_1/bd/AES_SYS/ip/AES_SYS_auto_pc_11/AES_SYS_auto_pc_11_sim_netlist.v.
INFO: [IP_Flow 19-6926] IPCACHE: added file to list for BOM: c:/code/RFC-8439-fpga-implementation/AES-Cam-on-PYNQ-Z2-main/AES-Cam-on-PYNQ-Z2-main/AES_SYS/AES_SYS.gen/sources_1/bd/AES_SYS/ip/AES_SYS_auto_pc_11/AES_SYS_auto_pc_11_sim_netlist.v
INFO: [IP_Flow 19-6928] IPCACHE: copied cached file c:/code/RFC-8439-fpga-implementation/AES-Cam-on-PYNQ-Z2-main/AES-Cam-on-PYNQ-Z2-main/AES_SYS/AES_SYS.cache/ip/2023.2/e/6/e640ebf91d268473/AES_SYS_auto_pc_11_sim_netlist.vhdl to c:/code/RFC-8439-fpga-implementation/AES-Cam-on-PYNQ-Z2-main/AES-Cam-on-PYNQ-Z2-main/AES_SYS/AES_SYS.gen/sources_1/bd/AES_SYS/ip/AES_SYS_auto_pc_11/AES_SYS_auto_pc_11_sim_netlist.vhdl.
INFO: [IP_Flow 19-6926] IPCACHE: added file to list for BOM: c:/code/RFC-8439-fpga-implementation/AES-Cam-on-PYNQ-Z2-main/AES-Cam-on-PYNQ-Z2-main/AES_SYS/AES_SYS.gen/sources_1/bd/AES_SYS/ip/AES_SYS_auto_pc_11/AES_SYS_auto_pc_11_sim_netlist.vhdl
INFO: [IP_Flow 19-6928] IPCACHE: copied cached file c:/code/RFC-8439-fpga-implementation/AES-Cam-on-PYNQ-Z2-main/AES-Cam-on-PYNQ-Z2-main/AES_SYS/AES_SYS.cache/ip/2023.2/e/6/e640ebf91d268473/AES_SYS_auto_pc_11_stub.v to c:/code/RFC-8439-fpga-implementation/AES-Cam-on-PYNQ-Z2-main/AES-Cam-on-PYNQ-Z2-main/AES_SYS/AES_SYS.gen/sources_1/bd/AES_SYS/ip/AES_SYS_auto_pc_11/AES_SYS_auto_pc_11_stub.v.
INFO: [IP_Flow 19-6926] IPCACHE: added file to list for BOM: c:/code/RFC-8439-fpga-implementation/AES-Cam-on-PYNQ-Z2-main/AES-Cam-on-PYNQ-Z2-main/AES_SYS/AES_SYS.gen/sources_1/bd/AES_SYS/ip/AES_SYS_auto_pc_11/AES_SYS_auto_pc_11_stub.v
INFO: [IP_Flow 19-6928] IPCACHE: copied cached file c:/code/RFC-8439-fpga-implementation/AES-Cam-on-PYNQ-Z2-main/AES-Cam-on-PYNQ-Z2-main/AES_SYS/AES_SYS.cache/ip/2023.2/e/6/e640ebf91d268473/AES_SYS_auto_pc_11_stub.vhdl to c:/code/RFC-8439-fpga-implementation/AES-Cam-on-PYNQ-Z2-main/AES-Cam-on-PYNQ-Z2-main/AES_SYS/AES_SYS.gen/sources_1/bd/AES_SYS/ip/AES_SYS_auto_pc_11/AES_SYS_auto_pc_11_stub.vhdl.
INFO: [IP_Flow 19-6926] IPCACHE: added file to list for BOM: c:/code/RFC-8439-fpga-implementation/AES-Cam-on-PYNQ-Z2-main/AES-Cam-on-PYNQ-Z2-main/AES_SYS/AES_SYS.gen/sources_1/bd/AES_SYS/ip/AES_SYS_auto_pc_11/AES_SYS_auto_pc_11_stub.vhdl
INFO: [IP_Flow 19-4993] Using cached IP synthesis design for IP AES_SYS_auto_pc_11, cache-ID = e640ebf91d268473; cache size = 170.562 MB.
catch { config_ip_cache -export [get_ips -all AES_SYS_auto_pc_0] }
INFO: [IP_Flow 19-6924] IPCACHE: Running cache check for IP inst: AES_SYS_auto_pc_0
INFO: [IP_Flow 19-6922] IPCACHE: Exporting cached entry 3bc72d579e6ad5e4 to dir: c:/code/RFC-8439-fpga-implementation/AES-Cam-on-PYNQ-Z2-main/AES-Cam-on-PYNQ-Z2-main/AES_SYS/AES_SYS.gen/sources_1/bd/AES_SYS/ip/AES_SYS_auto_pc_0
INFO: [IP_Flow 19-6928] IPCACHE: copied cached file c:/code/RFC-8439-fpga-implementation/AES-Cam-on-PYNQ-Z2-main/AES-Cam-on-PYNQ-Z2-main/AES_SYS/AES_SYS.cache/ip/2023.2/3/b/3bc72d579e6ad5e4/AES_SYS_auto_pc_0.dcp to c:/code/RFC-8439-fpga-implementation/AES-Cam-on-PYNQ-Z2-main/AES-Cam-on-PYNQ-Z2-main/AES_SYS/AES_SYS.gen/sources_1/bd/AES_SYS/ip/AES_SYS_auto_pc_0/AES_SYS_auto_pc_0.dcp.
INFO: [IP_Flow 19-6926] IPCACHE: added file to list for BOM: c:/code/RFC-8439-fpga-implementation/AES-Cam-on-PYNQ-Z2-main/AES-Cam-on-PYNQ-Z2-main/AES_SYS/AES_SYS.gen/sources_1/bd/AES_SYS/ip/AES_SYS_auto_pc_0/AES_SYS_auto_pc_0.dcp
INFO: [IP_Flow 19-6928] IPCACHE: copied cached file c:/code/RFC-8439-fpga-implementation/AES-Cam-on-PYNQ-Z2-main/AES-Cam-on-PYNQ-Z2-main/AES_SYS/AES_SYS.cache/ip/2023.2/3/b/3bc72d579e6ad5e4/AES_SYS_auto_pc_0_sim_netlist.v to c:/code/RFC-8439-fpga-implementation/AES-Cam-on-PYNQ-Z2-main/AES-Cam-on-PYNQ-Z2-main/AES_SYS/AES_SYS.gen/sources_1/bd/AES_SYS/ip/AES_SYS_auto_pc_0/AES_SYS_auto_pc_0_sim_netlist.v.
INFO: [IP_Flow 19-6926] IPCACHE: added file to list for BOM: c:/code/RFC-8439-fpga-implementation/AES-Cam-on-PYNQ-Z2-main/AES-Cam-on-PYNQ-Z2-main/AES_SYS/AES_SYS.gen/sources_1/bd/AES_SYS/ip/AES_SYS_auto_pc_0/AES_SYS_auto_pc_0_sim_netlist.v
INFO: [IP_Flow 19-6928] IPCACHE: copied cached file c:/code/RFC-8439-fpga-implementation/AES-Cam-on-PYNQ-Z2-main/AES-Cam-on-PYNQ-Z2-main/AES_SYS/AES_SYS.cache/ip/2023.2/3/b/3bc72d579e6ad5e4/AES_SYS_auto_pc_0_sim_netlist.vhdl to c:/code/RFC-8439-fpga-implementation/AES-Cam-on-PYNQ-Z2-main/AES-Cam-on-PYNQ-Z2-main/AES_SYS/AES_SYS.gen/sources_1/bd/AES_SYS/ip/AES_SYS_auto_pc_0/AES_SYS_auto_pc_0_sim_netlist.vhdl.
INFO: [IP_Flow 19-6926] IPCACHE: added file to list for BOM: c:/code/RFC-8439-fpga-implementation/AES-Cam-on-PYNQ-Z2-main/AES-Cam-on-PYNQ-Z2-main/AES_SYS/AES_SYS.gen/sources_1/bd/AES_SYS/ip/AES_SYS_auto_pc_0/AES_SYS_auto_pc_0_sim_netlist.vhdl
INFO: [IP_Flow 19-6928] IPCACHE: copied cached file c:/code/RFC-8439-fpga-implementation/AES-Cam-on-PYNQ-Z2-main/AES-Cam-on-PYNQ-Z2-main/AES_SYS/AES_SYS.cache/ip/2023.2/3/b/3bc72d579e6ad5e4/AES_SYS_auto_pc_0_stub.v to c:/code/RFC-8439-fpga-implementation/AES-Cam-on-PYNQ-Z2-main/AES-Cam-on-PYNQ-Z2-main/AES_SYS/AES_SYS.gen/sources_1/bd/AES_SYS/ip/AES_SYS_auto_pc_0/AES_SYS_auto_pc_0_stub.v.
INFO: [IP_Flow 19-6926] IPCACHE: added file to list for BOM: c:/code/RFC-8439-fpga-implementation/AES-Cam-on-PYNQ-Z2-main/AES-Cam-on-PYNQ-Z2-main/AES_SYS/AES_SYS.gen/sources_1/bd/AES_SYS/ip/AES_SYS_auto_pc_0/AES_SYS_auto_pc_0_stub.v
INFO: [IP_Flow 19-6928] IPCACHE: copied cached file c:/code/RFC-8439-fpga-implementation/AES-Cam-on-PYNQ-Z2-main/AES-Cam-on-PYNQ-Z2-main/AES_SYS/AES_SYS.cache/ip/2023.2/3/b/3bc72d579e6ad5e4/AES_SYS_auto_pc_0_stub.vhdl to c:/code/RFC-8439-fpga-implementation/AES-Cam-on-PYNQ-Z2-main/AES-Cam-on-PYNQ-Z2-main/AES_SYS/AES_SYS.gen/sources_1/bd/AES_SYS/ip/AES_SYS_auto_pc_0/AES_SYS_auto_pc_0_stub.vhdl.
INFO: [IP_Flow 19-6926] IPCACHE: added file to list for BOM: c:/code/RFC-8439-fpga-implementation/AES-Cam-on-PYNQ-Z2-main/AES-Cam-on-PYNQ-Z2-main/AES_SYS/AES_SYS.gen/sources_1/bd/AES_SYS/ip/AES_SYS_auto_pc_0/AES_SYS_auto_pc_0_stub.vhdl
INFO: [IP_Flow 19-4993] Using cached IP synthesis design for IP AES_SYS_auto_pc_0, cache-ID = 3bc72d579e6ad5e4; cache size = 170.562 MB.
catch { config_ip_cache -export [get_ips -all AES_SYS_auto_pc_1] }
INFO: [IP_Flow 19-6924] IPCACHE: Running cache check for IP inst: AES_SYS_auto_pc_1
INFO: [IP_Flow 19-6922] IPCACHE: Exporting cached entry 3bc72d579e6ad5e4 to dir: c:/code/RFC-8439-fpga-implementation/AES-Cam-on-PYNQ-Z2-main/AES-Cam-on-PYNQ-Z2-main/AES_SYS/AES_SYS.gen/sources_1/bd/AES_SYS/ip/AES_SYS_auto_pc_1
INFO: [IP_Flow 19-6928] IPCACHE: copied cached file c:/code/RFC-8439-fpga-implementation/AES-Cam-on-PYNQ-Z2-main/AES-Cam-on-PYNQ-Z2-main/AES_SYS/AES_SYS.cache/ip/2023.2/3/b/3bc72d579e6ad5e4/AES_SYS_auto_pc_0.dcp to c:/code/RFC-8439-fpga-implementation/AES-Cam-on-PYNQ-Z2-main/AES-Cam-on-PYNQ-Z2-main/AES_SYS/AES_SYS.gen/sources_1/bd/AES_SYS/ip/AES_SYS_auto_pc_1/AES_SYS_auto_pc_1.dcp.
INFO: [IP_Flow 19-6926] IPCACHE: added file to list for BOM: c:/code/RFC-8439-fpga-implementation/AES-Cam-on-PYNQ-Z2-main/AES-Cam-on-PYNQ-Z2-main/AES_SYS/AES_SYS.gen/sources_1/bd/AES_SYS/ip/AES_SYS_auto_pc_1/AES_SYS_auto_pc_1.dcp
INFO: [IP_Flow 19-6928] IPCACHE: copied cached file c:/code/RFC-8439-fpga-implementation/AES-Cam-on-PYNQ-Z2-main/AES-Cam-on-PYNQ-Z2-main/AES_SYS/AES_SYS.cache/ip/2023.2/3/b/3bc72d579e6ad5e4/AES_SYS_auto_pc_0_sim_netlist.v to c:/code/RFC-8439-fpga-implementation/AES-Cam-on-PYNQ-Z2-main/AES-Cam-on-PYNQ-Z2-main/AES_SYS/AES_SYS.gen/sources_1/bd/AES_SYS/ip/AES_SYS_auto_pc_1/AES_SYS_auto_pc_1_sim_netlist.v.
INFO: [IP_Flow 19-6926] IPCACHE: added file to list for BOM: c:/code/RFC-8439-fpga-implementation/AES-Cam-on-PYNQ-Z2-main/AES-Cam-on-PYNQ-Z2-main/AES_SYS/AES_SYS.gen/sources_1/bd/AES_SYS/ip/AES_SYS_auto_pc_1/AES_SYS_auto_pc_1_sim_netlist.v
INFO: [IP_Flow 19-6928] IPCACHE: copied cached file c:/code/RFC-8439-fpga-implementation/AES-Cam-on-PYNQ-Z2-main/AES-Cam-on-PYNQ-Z2-main/AES_SYS/AES_SYS.cache/ip/2023.2/3/b/3bc72d579e6ad5e4/AES_SYS_auto_pc_0_sim_netlist.vhdl to c:/code/RFC-8439-fpga-implementation/AES-Cam-on-PYNQ-Z2-main/AES-Cam-on-PYNQ-Z2-main/AES_SYS/AES_SYS.gen/sources_1/bd/AES_SYS/ip/AES_SYS_auto_pc_1/AES_SYS_auto_pc_1_sim_netlist.vhdl.
INFO: [IP_Flow 19-6926] IPCACHE: added file to list for BOM: c:/code/RFC-8439-fpga-implementation/AES-Cam-on-PYNQ-Z2-main/AES-Cam-on-PYNQ-Z2-main/AES_SYS/AES_SYS.gen/sources_1/bd/AES_SYS/ip/AES_SYS_auto_pc_1/AES_SYS_auto_pc_1_sim_netlist.vhdl
INFO: [IP_Flow 19-6928] IPCACHE: copied cached file c:/code/RFC-8439-fpga-implementation/AES-Cam-on-PYNQ-Z2-main/AES-Cam-on-PYNQ-Z2-main/AES_SYS/AES_SYS.cache/ip/2023.2/3/b/3bc72d579e6ad5e4/AES_SYS_auto_pc_0_stub.v to c:/code/RFC-8439-fpga-implementation/AES-Cam-on-PYNQ-Z2-main/AES-Cam-on-PYNQ-Z2-main/AES_SYS/AES_SYS.gen/sources_1/bd/AES_SYS/ip/AES_SYS_auto_pc_1/AES_SYS_auto_pc_1_stub.v.
INFO: [IP_Flow 19-6926] IPCACHE: added file to list for BOM: c:/code/RFC-8439-fpga-implementation/AES-Cam-on-PYNQ-Z2-main/AES-Cam-on-PYNQ-Z2-main/AES_SYS/AES_SYS.gen/sources_1/bd/AES_SYS/ip/AES_SYS_auto_pc_1/AES_SYS_auto_pc_1_stub.v
INFO: [IP_Flow 19-6928] IPCACHE: copied cached file c:/code/RFC-8439-fpga-implementation/AES-Cam-on-PYNQ-Z2-main/AES-Cam-on-PYNQ-Z2-main/AES_SYS/AES_SYS.cache/ip/2023.2/3/b/3bc72d579e6ad5e4/AES_SYS_auto_pc_0_stub.vhdl to c:/code/RFC-8439-fpga-implementation/AES-Cam-on-PYNQ-Z2-main/AES-Cam-on-PYNQ-Z2-main/AES_SYS/AES_SYS.gen/sources_1/bd/AES_SYS/ip/AES_SYS_auto_pc_1/AES_SYS_auto_pc_1_stub.vhdl.
INFO: [IP_Flow 19-6926] IPCACHE: added file to list for BOM: c:/code/RFC-8439-fpga-implementation/AES-Cam-on-PYNQ-Z2-main/AES-Cam-on-PYNQ-Z2-main/AES_SYS/AES_SYS.gen/sources_1/bd/AES_SYS/ip/AES_SYS_auto_pc_1/AES_SYS_auto_pc_1_stub.vhdl
INFO: [IP_Flow 19-4993] Using cached IP synthesis design for IP AES_SYS_auto_pc_1, cache-ID = 3bc72d579e6ad5e4; cache size = 170.562 MB.
catch { config_ip_cache -export [get_ips -all AES_SYS_auto_pc_2] }
INFO: [IP_Flow 19-6924] IPCACHE: Running cache check for IP inst: AES_SYS_auto_pc_2
INFO: [IP_Flow 19-6922] IPCACHE: Exporting cached entry 3bc72d579e6ad5e4 to dir: c:/code/RFC-8439-fpga-implementation/AES-Cam-on-PYNQ-Z2-main/AES-Cam-on-PYNQ-Z2-main/AES_SYS/AES_SYS.gen/sources_1/bd/AES_SYS/ip/AES_SYS_auto_pc_2
INFO: [IP_Flow 19-6928] IPCACHE: copied cached file c:/code/RFC-8439-fpga-implementation/AES-Cam-on-PYNQ-Z2-main/AES-Cam-on-PYNQ-Z2-main/AES_SYS/AES_SYS.cache/ip/2023.2/3/b/3bc72d579e6ad5e4/AES_SYS_auto_pc_0.dcp to c:/code/RFC-8439-fpga-implementation/AES-Cam-on-PYNQ-Z2-main/AES-Cam-on-PYNQ-Z2-main/AES_SYS/AES_SYS.gen/sources_1/bd/AES_SYS/ip/AES_SYS_auto_pc_2/AES_SYS_auto_pc_2.dcp.
INFO: [IP_Flow 19-6926] IPCACHE: added file to list for BOM: c:/code/RFC-8439-fpga-implementation/AES-Cam-on-PYNQ-Z2-main/AES-Cam-on-PYNQ-Z2-main/AES_SYS/AES_SYS.gen/sources_1/bd/AES_SYS/ip/AES_SYS_auto_pc_2/AES_SYS_auto_pc_2.dcp
INFO: [IP_Flow 19-6928] IPCACHE: copied cached file c:/code/RFC-8439-fpga-implementation/AES-Cam-on-PYNQ-Z2-main/AES-Cam-on-PYNQ-Z2-main/AES_SYS/AES_SYS.cache/ip/2023.2/3/b/3bc72d579e6ad5e4/AES_SYS_auto_pc_0_sim_netlist.v to c:/code/RFC-8439-fpga-implementation/AES-Cam-on-PYNQ-Z2-main/AES-Cam-on-PYNQ-Z2-main/AES_SYS/AES_SYS.gen/sources_1/bd/AES_SYS/ip/AES_SYS_auto_pc_2/AES_SYS_auto_pc_2_sim_netlist.v.
INFO: [IP_Flow 19-6926] IPCACHE: added file to list for BOM: c:/code/RFC-8439-fpga-implementation/AES-Cam-on-PYNQ-Z2-main/AES-Cam-on-PYNQ-Z2-main/AES_SYS/AES_SYS.gen/sources_1/bd/AES_SYS/ip/AES_SYS_auto_pc_2/AES_SYS_auto_pc_2_sim_netlist.v
INFO: [IP_Flow 19-6928] IPCACHE: copied cached file c:/code/RFC-8439-fpga-implementation/AES-Cam-on-PYNQ-Z2-main/AES-Cam-on-PYNQ-Z2-main/AES_SYS/AES_SYS.cache/ip/2023.2/3/b/3bc72d579e6ad5e4/AES_SYS_auto_pc_0_sim_netlist.vhdl to c:/code/RFC-8439-fpga-implementation/AES-Cam-on-PYNQ-Z2-main/AES-Cam-on-PYNQ-Z2-main/AES_SYS/AES_SYS.gen/sources_1/bd/AES_SYS/ip/AES_SYS_auto_pc_2/AES_SYS_auto_pc_2_sim_netlist.vhdl.
INFO: [IP_Flow 19-6926] IPCACHE: added file to list for BOM: c:/code/RFC-8439-fpga-implementation/AES-Cam-on-PYNQ-Z2-main/AES-Cam-on-PYNQ-Z2-main/AES_SYS/AES_SYS.gen/sources_1/bd/AES_SYS/ip/AES_SYS_auto_pc_2/AES_SYS_auto_pc_2_sim_netlist.vhdl
INFO: [IP_Flow 19-6928] IPCACHE: copied cached file c:/code/RFC-8439-fpga-implementation/AES-Cam-on-PYNQ-Z2-main/AES-Cam-on-PYNQ-Z2-main/AES_SYS/AES_SYS.cache/ip/2023.2/3/b/3bc72d579e6ad5e4/AES_SYS_auto_pc_0_stub.v to c:/code/RFC-8439-fpga-implementation/AES-Cam-on-PYNQ-Z2-main/AES-Cam-on-PYNQ-Z2-main/AES_SYS/AES_SYS.gen/sources_1/bd/AES_SYS/ip/AES_SYS_auto_pc_2/AES_SYS_auto_pc_2_stub.v.
INFO: [IP_Flow 19-6926] IPCACHE: added file to list for BOM: c:/code/RFC-8439-fpga-implementation/AES-Cam-on-PYNQ-Z2-main/AES-Cam-on-PYNQ-Z2-main/AES_SYS/AES_SYS.gen/sources_1/bd/AES_SYS/ip/AES_SYS_auto_pc_2/AES_SYS_auto_pc_2_stub.v
INFO: [IP_Flow 19-6928] IPCACHE: copied cached file c:/code/RFC-8439-fpga-implementation/AES-Cam-on-PYNQ-Z2-main/AES-Cam-on-PYNQ-Z2-main/AES_SYS/AES_SYS.cache/ip/2023.2/3/b/3bc72d579e6ad5e4/AES_SYS_auto_pc_0_stub.vhdl to c:/code/RFC-8439-fpga-implementation/AES-Cam-on-PYNQ-Z2-main/AES-Cam-on-PYNQ-Z2-main/AES_SYS/AES_SYS.gen/sources_1/bd/AES_SYS/ip/AES_SYS_auto_pc_2/AES_SYS_auto_pc_2_stub.vhdl.
INFO: [IP_Flow 19-6926] IPCACHE: added file to list for BOM: c:/code/RFC-8439-fpga-implementation/AES-Cam-on-PYNQ-Z2-main/AES-Cam-on-PYNQ-Z2-main/AES_SYS/AES_SYS.gen/sources_1/bd/AES_SYS/ip/AES_SYS_auto_pc_2/AES_SYS_auto_pc_2_stub.vhdl
INFO: [IP_Flow 19-4993] Using cached IP synthesis design for IP AES_SYS_auto_pc_2, cache-ID = 3bc72d579e6ad5e4; cache size = 170.562 MB.
catch { config_ip_cache -export [get_ips -all AES_SYS_auto_pc_3] }
INFO: [IP_Flow 19-6924] IPCACHE: Running cache check for IP inst: AES_SYS_auto_pc_3
INFO: [IP_Flow 19-6922] IPCACHE: Exporting cached entry 3bc72d579e6ad5e4 to dir: c:/code/RFC-8439-fpga-implementation/AES-Cam-on-PYNQ-Z2-main/AES-Cam-on-PYNQ-Z2-main/AES_SYS/AES_SYS.gen/sources_1/bd/AES_SYS/ip/AES_SYS_auto_pc_3
INFO: [IP_Flow 19-6928] IPCACHE: copied cached file c:/code/RFC-8439-fpga-implementation/AES-Cam-on-PYNQ-Z2-main/AES-Cam-on-PYNQ-Z2-main/AES_SYS/AES_SYS.cache/ip/2023.2/3/b/3bc72d579e6ad5e4/AES_SYS_auto_pc_0.dcp to c:/code/RFC-8439-fpga-implementation/AES-Cam-on-PYNQ-Z2-main/AES-Cam-on-PYNQ-Z2-main/AES_SYS/AES_SYS.gen/sources_1/bd/AES_SYS/ip/AES_SYS_auto_pc_3/AES_SYS_auto_pc_3.dcp.
INFO: [IP_Flow 19-6926] IPCACHE: added file to list for BOM: c:/code/RFC-8439-fpga-implementation/AES-Cam-on-PYNQ-Z2-main/AES-Cam-on-PYNQ-Z2-main/AES_SYS/AES_SYS.gen/sources_1/bd/AES_SYS/ip/AES_SYS_auto_pc_3/AES_SYS_auto_pc_3.dcp
INFO: [IP_Flow 19-6928] IPCACHE: copied cached file c:/code/RFC-8439-fpga-implementation/AES-Cam-on-PYNQ-Z2-main/AES-Cam-on-PYNQ-Z2-main/AES_SYS/AES_SYS.cache/ip/2023.2/3/b/3bc72d579e6ad5e4/AES_SYS_auto_pc_0_sim_netlist.v to c:/code/RFC-8439-fpga-implementation/AES-Cam-on-PYNQ-Z2-main/AES-Cam-on-PYNQ-Z2-main/AES_SYS/AES_SYS.gen/sources_1/bd/AES_SYS/ip/AES_SYS_auto_pc_3/AES_SYS_auto_pc_3_sim_netlist.v.
INFO: [IP_Flow 19-6926] IPCACHE: added file to list for BOM: c:/code/RFC-8439-fpga-implementation/AES-Cam-on-PYNQ-Z2-main/AES-Cam-on-PYNQ-Z2-main/AES_SYS/AES_SYS.gen/sources_1/bd/AES_SYS/ip/AES_SYS_auto_pc_3/AES_SYS_auto_pc_3_sim_netlist.v
INFO: [IP_Flow 19-6928] IPCACHE: copied cached file c:/code/RFC-8439-fpga-implementation/AES-Cam-on-PYNQ-Z2-main/AES-Cam-on-PYNQ-Z2-main/AES_SYS/AES_SYS.cache/ip/2023.2/3/b/3bc72d579e6ad5e4/AES_SYS_auto_pc_0_sim_netlist.vhdl to c:/code/RFC-8439-fpga-implementation/AES-Cam-on-PYNQ-Z2-main/AES-Cam-on-PYNQ-Z2-main/AES_SYS/AES_SYS.gen/sources_1/bd/AES_SYS/ip/AES_SYS_auto_pc_3/AES_SYS_auto_pc_3_sim_netlist.vhdl.
INFO: [IP_Flow 19-6926] IPCACHE: added file to list for BOM: c:/code/RFC-8439-fpga-implementation/AES-Cam-on-PYNQ-Z2-main/AES-Cam-on-PYNQ-Z2-main/AES_SYS/AES_SYS.gen/sources_1/bd/AES_SYS/ip/AES_SYS_auto_pc_3/AES_SYS_auto_pc_3_sim_netlist.vhdl
INFO: [IP_Flow 19-6928] IPCACHE: copied cached file c:/code/RFC-8439-fpga-implementation/AES-Cam-on-PYNQ-Z2-main/AES-Cam-on-PYNQ-Z2-main/AES_SYS/AES_SYS.cache/ip/2023.2/3/b/3bc72d579e6ad5e4/AES_SYS_auto_pc_0_stub.v to c:/code/RFC-8439-fpga-implementation/AES-Cam-on-PYNQ-Z2-main/AES-Cam-on-PYNQ-Z2-main/AES_SYS/AES_SYS.gen/sources_1/bd/AES_SYS/ip/AES_SYS_auto_pc_3/AES_SYS_auto_pc_3_stub.v.
INFO: [IP_Flow 19-6926] IPCACHE: added file to list for BOM: c:/code/RFC-8439-fpga-implementation/AES-Cam-on-PYNQ-Z2-main/AES-Cam-on-PYNQ-Z2-main/AES_SYS/AES_SYS.gen/sources_1/bd/AES_SYS/ip/AES_SYS_auto_pc_3/AES_SYS_auto_pc_3_stub.v
INFO: [IP_Flow 19-6928] IPCACHE: copied cached file c:/code/RFC-8439-fpga-implementation/AES-Cam-on-PYNQ-Z2-main/AES-Cam-on-PYNQ-Z2-main/AES_SYS/AES_SYS.cache/ip/2023.2/3/b/3bc72d579e6ad5e4/AES_SYS_auto_pc_0_stub.vhdl to c:/code/RFC-8439-fpga-implementation/AES-Cam-on-PYNQ-Z2-main/AES-Cam-on-PYNQ-Z2-main/AES_SYS/AES_SYS.gen/sources_1/bd/AES_SYS/ip/AES_SYS_auto_pc_3/AES_SYS_auto_pc_3_stub.vhdl.
INFO: [IP_Flow 19-6926] IPCACHE: added file to list for BOM: c:/code/RFC-8439-fpga-implementation/AES-Cam-on-PYNQ-Z2-main/AES-Cam-on-PYNQ-Z2-main/AES_SYS/AES_SYS.gen/sources_1/bd/AES_SYS/ip/AES_SYS_auto_pc_3/AES_SYS_auto_pc_3_stub.vhdl
INFO: [IP_Flow 19-4993] Using cached IP synthesis design for IP AES_SYS_auto_pc_3, cache-ID = 3bc72d579e6ad5e4; cache size = 170.562 MB.
catch { config_ip_cache -export [get_ips -all AES_SYS_auto_pc_4] }
INFO: [IP_Flow 19-6924] IPCACHE: Running cache check for IP inst: AES_SYS_auto_pc_4
INFO: [IP_Flow 19-6922] IPCACHE: Exporting cached entry 3bc72d579e6ad5e4 to dir: c:/code/RFC-8439-fpga-implementation/AES-Cam-on-PYNQ-Z2-main/AES-Cam-on-PYNQ-Z2-main/AES_SYS/AES_SYS.gen/sources_1/bd/AES_SYS/ip/AES_SYS_auto_pc_4
INFO: [IP_Flow 19-6928] IPCACHE: copied cached file c:/code/RFC-8439-fpga-implementation/AES-Cam-on-PYNQ-Z2-main/AES-Cam-on-PYNQ-Z2-main/AES_SYS/AES_SYS.cache/ip/2023.2/3/b/3bc72d579e6ad5e4/AES_SYS_auto_pc_0.dcp to c:/code/RFC-8439-fpga-implementation/AES-Cam-on-PYNQ-Z2-main/AES-Cam-on-PYNQ-Z2-main/AES_SYS/AES_SYS.gen/sources_1/bd/AES_SYS/ip/AES_SYS_auto_pc_4/AES_SYS_auto_pc_4.dcp.
INFO: [IP_Flow 19-6926] IPCACHE: added file to list for BOM: c:/code/RFC-8439-fpga-implementation/AES-Cam-on-PYNQ-Z2-main/AES-Cam-on-PYNQ-Z2-main/AES_SYS/AES_SYS.gen/sources_1/bd/AES_SYS/ip/AES_SYS_auto_pc_4/AES_SYS_auto_pc_4.dcp
INFO: [IP_Flow 19-6928] IPCACHE: copied cached file c:/code/RFC-8439-fpga-implementation/AES-Cam-on-PYNQ-Z2-main/AES-Cam-on-PYNQ-Z2-main/AES_SYS/AES_SYS.cache/ip/2023.2/3/b/3bc72d579e6ad5e4/AES_SYS_auto_pc_0_sim_netlist.v to c:/code/RFC-8439-fpga-implementation/AES-Cam-on-PYNQ-Z2-main/AES-Cam-on-PYNQ-Z2-main/AES_SYS/AES_SYS.gen/sources_1/bd/AES_SYS/ip/AES_SYS_auto_pc_4/AES_SYS_auto_pc_4_sim_netlist.v.
INFO: [IP_Flow 19-6926] IPCACHE: added file to list for BOM: c:/code/RFC-8439-fpga-implementation/AES-Cam-on-PYNQ-Z2-main/AES-Cam-on-PYNQ-Z2-main/AES_SYS/AES_SYS.gen/sources_1/bd/AES_SYS/ip/AES_SYS_auto_pc_4/AES_SYS_auto_pc_4_sim_netlist.v
INFO: [IP_Flow 19-6928] IPCACHE: copied cached file c:/code/RFC-8439-fpga-implementation/AES-Cam-on-PYNQ-Z2-main/AES-Cam-on-PYNQ-Z2-main/AES_SYS/AES_SYS.cache/ip/2023.2/3/b/3bc72d579e6ad5e4/AES_SYS_auto_pc_0_sim_netlist.vhdl to c:/code/RFC-8439-fpga-implementation/AES-Cam-on-PYNQ-Z2-main/AES-Cam-on-PYNQ-Z2-main/AES_SYS/AES_SYS.gen/sources_1/bd/AES_SYS/ip/AES_SYS_auto_pc_4/AES_SYS_auto_pc_4_sim_netlist.vhdl.
INFO: [IP_Flow 19-6926] IPCACHE: added file to list for BOM: c:/code/RFC-8439-fpga-implementation/AES-Cam-on-PYNQ-Z2-main/AES-Cam-on-PYNQ-Z2-main/AES_SYS/AES_SYS.gen/sources_1/bd/AES_SYS/ip/AES_SYS_auto_pc_4/AES_SYS_auto_pc_4_sim_netlist.vhdl
INFO: [IP_Flow 19-6928] IPCACHE: copied cached file c:/code/RFC-8439-fpga-implementation/AES-Cam-on-PYNQ-Z2-main/AES-Cam-on-PYNQ-Z2-main/AES_SYS/AES_SYS.cache/ip/2023.2/3/b/3bc72d579e6ad5e4/AES_SYS_auto_pc_0_stub.v to c:/code/RFC-8439-fpga-implementation/AES-Cam-on-PYNQ-Z2-main/AES-Cam-on-PYNQ-Z2-main/AES_SYS/AES_SYS.gen/sources_1/bd/AES_SYS/ip/AES_SYS_auto_pc_4/AES_SYS_auto_pc_4_stub.v.
INFO: [IP_Flow 19-6926] IPCACHE: added file to list for BOM: c:/code/RFC-8439-fpga-implementation/AES-Cam-on-PYNQ-Z2-main/AES-Cam-on-PYNQ-Z2-main/AES_SYS/AES_SYS.gen/sources_1/bd/AES_SYS/ip/AES_SYS_auto_pc_4/AES_SYS_auto_pc_4_stub.v
INFO: [IP_Flow 19-6928] IPCACHE: copied cached file c:/code/RFC-8439-fpga-implementation/AES-Cam-on-PYNQ-Z2-main/AES-Cam-on-PYNQ-Z2-main/AES_SYS/AES_SYS.cache/ip/2023.2/3/b/3bc72d579e6ad5e4/AES_SYS_auto_pc_0_stub.vhdl to c:/code/RFC-8439-fpga-implementation/AES-Cam-on-PYNQ-Z2-main/AES-Cam-on-PYNQ-Z2-main/AES_SYS/AES_SYS.gen/sources_1/bd/AES_SYS/ip/AES_SYS_auto_pc_4/AES_SYS_auto_pc_4_stub.vhdl.
INFO: [IP_Flow 19-6926] IPCACHE: added file to list for BOM: c:/code/RFC-8439-fpga-implementation/AES-Cam-on-PYNQ-Z2-main/AES-Cam-on-PYNQ-Z2-main/AES_SYS/AES_SYS.gen/sources_1/bd/AES_SYS/ip/AES_SYS_auto_pc_4/AES_SYS_auto_pc_4_stub.vhdl
INFO: [IP_Flow 19-4993] Using cached IP synthesis design for IP AES_SYS_auto_pc_4, cache-ID = 3bc72d579e6ad5e4; cache size = 170.562 MB.
catch { config_ip_cache -export [get_ips -all AES_SYS_auto_pc_5] }
INFO: [IP_Flow 19-6924] IPCACHE: Running cache check for IP inst: AES_SYS_auto_pc_5
INFO: [IP_Flow 19-6922] IPCACHE: Exporting cached entry 3bc72d579e6ad5e4 to dir: c:/code/RFC-8439-fpga-implementation/AES-Cam-on-PYNQ-Z2-main/AES-Cam-on-PYNQ-Z2-main/AES_SYS/AES_SYS.gen/sources_1/bd/AES_SYS/ip/AES_SYS_auto_pc_5
INFO: [IP_Flow 19-6928] IPCACHE: copied cached file c:/code/RFC-8439-fpga-implementation/AES-Cam-on-PYNQ-Z2-main/AES-Cam-on-PYNQ-Z2-main/AES_SYS/AES_SYS.cache/ip/2023.2/3/b/3bc72d579e6ad5e4/AES_SYS_auto_pc_0.dcp to c:/code/RFC-8439-fpga-implementation/AES-Cam-on-PYNQ-Z2-main/AES-Cam-on-PYNQ-Z2-main/AES_SYS/AES_SYS.gen/sources_1/bd/AES_SYS/ip/AES_SYS_auto_pc_5/AES_SYS_auto_pc_5.dcp.
INFO: [IP_Flow 19-6926] IPCACHE: added file to list for BOM: c:/code/RFC-8439-fpga-implementation/AES-Cam-on-PYNQ-Z2-main/AES-Cam-on-PYNQ-Z2-main/AES_SYS/AES_SYS.gen/sources_1/bd/AES_SYS/ip/AES_SYS_auto_pc_5/AES_SYS_auto_pc_5.dcp
INFO: [IP_Flow 19-6928] IPCACHE: copied cached file c:/code/RFC-8439-fpga-implementation/AES-Cam-on-PYNQ-Z2-main/AES-Cam-on-PYNQ-Z2-main/AES_SYS/AES_SYS.cache/ip/2023.2/3/b/3bc72d579e6ad5e4/AES_SYS_auto_pc_0_sim_netlist.v to c:/code/RFC-8439-fpga-implementation/AES-Cam-on-PYNQ-Z2-main/AES-Cam-on-PYNQ-Z2-main/AES_SYS/AES_SYS.gen/sources_1/bd/AES_SYS/ip/AES_SYS_auto_pc_5/AES_SYS_auto_pc_5_sim_netlist.v.
INFO: [IP_Flow 19-6926] IPCACHE: added file to list for BOM: c:/code/RFC-8439-fpga-implementation/AES-Cam-on-PYNQ-Z2-main/AES-Cam-on-PYNQ-Z2-main/AES_SYS/AES_SYS.gen/sources_1/bd/AES_SYS/ip/AES_SYS_auto_pc_5/AES_SYS_auto_pc_5_sim_netlist.v
INFO: [IP_Flow 19-6928] IPCACHE: copied cached file c:/code/RFC-8439-fpga-implementation/AES-Cam-on-PYNQ-Z2-main/AES-Cam-on-PYNQ-Z2-main/AES_SYS/AES_SYS.cache/ip/2023.2/3/b/3bc72d579e6ad5e4/AES_SYS_auto_pc_0_sim_netlist.vhdl to c:/code/RFC-8439-fpga-implementation/AES-Cam-on-PYNQ-Z2-main/AES-Cam-on-PYNQ-Z2-main/AES_SYS/AES_SYS.gen/sources_1/bd/AES_SYS/ip/AES_SYS_auto_pc_5/AES_SYS_auto_pc_5_sim_netlist.vhdl.
INFO: [IP_Flow 19-6926] IPCACHE: added file to list for BOM: c:/code/RFC-8439-fpga-implementation/AES-Cam-on-PYNQ-Z2-main/AES-Cam-on-PYNQ-Z2-main/AES_SYS/AES_SYS.gen/sources_1/bd/AES_SYS/ip/AES_SYS_auto_pc_5/AES_SYS_auto_pc_5_sim_netlist.vhdl
INFO: [IP_Flow 19-6928] IPCACHE: copied cached file c:/code/RFC-8439-fpga-implementation/AES-Cam-on-PYNQ-Z2-main/AES-Cam-on-PYNQ-Z2-main/AES_SYS/AES_SYS.cache/ip/2023.2/3/b/3bc72d579e6ad5e4/AES_SYS_auto_pc_0_stub.v to c:/code/RFC-8439-fpga-implementation/AES-Cam-on-PYNQ-Z2-main/AES-Cam-on-PYNQ-Z2-main/AES_SYS/AES_SYS.gen/sources_1/bd/AES_SYS/ip/AES_SYS_auto_pc_5/AES_SYS_auto_pc_5_stub.v.
INFO: [IP_Flow 19-6926] IPCACHE: added file to list for BOM: c:/code/RFC-8439-fpga-implementation/AES-Cam-on-PYNQ-Z2-main/AES-Cam-on-PYNQ-Z2-main/AES_SYS/AES_SYS.gen/sources_1/bd/AES_SYS/ip/AES_SYS_auto_pc_5/AES_SYS_auto_pc_5_stub.v
INFO: [IP_Flow 19-6928] IPCACHE: copied cached file c:/code/RFC-8439-fpga-implementation/AES-Cam-on-PYNQ-Z2-main/AES-Cam-on-PYNQ-Z2-main/AES_SYS/AES_SYS.cache/ip/2023.2/3/b/3bc72d579e6ad5e4/AES_SYS_auto_pc_0_stub.vhdl to c:/code/RFC-8439-fpga-implementation/AES-Cam-on-PYNQ-Z2-main/AES-Cam-on-PYNQ-Z2-main/AES_SYS/AES_SYS.gen/sources_1/bd/AES_SYS/ip/AES_SYS_auto_pc_5/AES_SYS_auto_pc_5_stub.vhdl.
INFO: [IP_Flow 19-6926] IPCACHE: added file to list for BOM: c:/code/RFC-8439-fpga-implementation/AES-Cam-on-PYNQ-Z2-main/AES-Cam-on-PYNQ-Z2-main/AES_SYS/AES_SYS.gen/sources_1/bd/AES_SYS/ip/AES_SYS_auto_pc_5/AES_SYS_auto_pc_5_stub.vhdl
INFO: [IP_Flow 19-4993] Using cached IP synthesis design for IP AES_SYS_auto_pc_5, cache-ID = 3bc72d579e6ad5e4; cache size = 170.562 MB.
catch { config_ip_cache -export [get_ips -all AES_SYS_auto_pc_6] }
INFO: [IP_Flow 19-6924] IPCACHE: Running cache check for IP inst: AES_SYS_auto_pc_6
INFO: [IP_Flow 19-6922] IPCACHE: Exporting cached entry 3bc72d579e6ad5e4 to dir: c:/code/RFC-8439-fpga-implementation/AES-Cam-on-PYNQ-Z2-main/AES-Cam-on-PYNQ-Z2-main/AES_SYS/AES_SYS.gen/sources_1/bd/AES_SYS/ip/AES_SYS_auto_pc_6
INFO: [IP_Flow 19-6928] IPCACHE: copied cached file c:/code/RFC-8439-fpga-implementation/AES-Cam-on-PYNQ-Z2-main/AES-Cam-on-PYNQ-Z2-main/AES_SYS/AES_SYS.cache/ip/2023.2/3/b/3bc72d579e6ad5e4/AES_SYS_auto_pc_0.dcp to c:/code/RFC-8439-fpga-implementation/AES-Cam-on-PYNQ-Z2-main/AES-Cam-on-PYNQ-Z2-main/AES_SYS/AES_SYS.gen/sources_1/bd/AES_SYS/ip/AES_SYS_auto_pc_6/AES_SYS_auto_pc_6.dcp.
INFO: [IP_Flow 19-6926] IPCACHE: added file to list for BOM: c:/code/RFC-8439-fpga-implementation/AES-Cam-on-PYNQ-Z2-main/AES-Cam-on-PYNQ-Z2-main/AES_SYS/AES_SYS.gen/sources_1/bd/AES_SYS/ip/AES_SYS_auto_pc_6/AES_SYS_auto_pc_6.dcp
INFO: [IP_Flow 19-6928] IPCACHE: copied cached file c:/code/RFC-8439-fpga-implementation/AES-Cam-on-PYNQ-Z2-main/AES-Cam-on-PYNQ-Z2-main/AES_SYS/AES_SYS.cache/ip/2023.2/3/b/3bc72d579e6ad5e4/AES_SYS_auto_pc_0_sim_netlist.v to c:/code/RFC-8439-fpga-implementation/AES-Cam-on-PYNQ-Z2-main/AES-Cam-on-PYNQ-Z2-main/AES_SYS/AES_SYS.gen/sources_1/bd/AES_SYS/ip/AES_SYS_auto_pc_6/AES_SYS_auto_pc_6_sim_netlist.v.
INFO: [IP_Flow 19-6926] IPCACHE: added file to list for BOM: c:/code/RFC-8439-fpga-implementation/AES-Cam-on-PYNQ-Z2-main/AES-Cam-on-PYNQ-Z2-main/AES_SYS/AES_SYS.gen/sources_1/bd/AES_SYS/ip/AES_SYS_auto_pc_6/AES_SYS_auto_pc_6_sim_netlist.v
INFO: [IP_Flow 19-6928] IPCACHE: copied cached file c:/code/RFC-8439-fpga-implementation/AES-Cam-on-PYNQ-Z2-main/AES-Cam-on-PYNQ-Z2-main/AES_SYS/AES_SYS.cache/ip/2023.2/3/b/3bc72d579e6ad5e4/AES_SYS_auto_pc_0_sim_netlist.vhdl to c:/code/RFC-8439-fpga-implementation/AES-Cam-on-PYNQ-Z2-main/AES-Cam-on-PYNQ-Z2-main/AES_SYS/AES_SYS.gen/sources_1/bd/AES_SYS/ip/AES_SYS_auto_pc_6/AES_SYS_auto_pc_6_sim_netlist.vhdl.
INFO: [IP_Flow 19-6926] IPCACHE: added file to list for BOM: c:/code/RFC-8439-fpga-implementation/AES-Cam-on-PYNQ-Z2-main/AES-Cam-on-PYNQ-Z2-main/AES_SYS/AES_SYS.gen/sources_1/bd/AES_SYS/ip/AES_SYS_auto_pc_6/AES_SYS_auto_pc_6_sim_netlist.vhdl
INFO: [IP_Flow 19-6928] IPCACHE: copied cached file c:/code/RFC-8439-fpga-implementation/AES-Cam-on-PYNQ-Z2-main/AES-Cam-on-PYNQ-Z2-main/AES_SYS/AES_SYS.cache/ip/2023.2/3/b/3bc72d579e6ad5e4/AES_SYS_auto_pc_0_stub.v to c:/code/RFC-8439-fpga-implementation/AES-Cam-on-PYNQ-Z2-main/AES-Cam-on-PYNQ-Z2-main/AES_SYS/AES_SYS.gen/sources_1/bd/AES_SYS/ip/AES_SYS_auto_pc_6/AES_SYS_auto_pc_6_stub.v.
INFO: [IP_Flow 19-6926] IPCACHE: added file to list for BOM: c:/code/RFC-8439-fpga-implementation/AES-Cam-on-PYNQ-Z2-main/AES-Cam-on-PYNQ-Z2-main/AES_SYS/AES_SYS.gen/sources_1/bd/AES_SYS/ip/AES_SYS_auto_pc_6/AES_SYS_auto_pc_6_stub.v
INFO: [IP_Flow 19-6928] IPCACHE: copied cached file c:/code/RFC-8439-fpga-implementation/AES-Cam-on-PYNQ-Z2-main/AES-Cam-on-PYNQ-Z2-main/AES_SYS/AES_SYS.cache/ip/2023.2/3/b/3bc72d579e6ad5e4/AES_SYS_auto_pc_0_stub.vhdl to c:/code/RFC-8439-fpga-implementation/AES-Cam-on-PYNQ-Z2-main/AES-Cam-on-PYNQ-Z2-main/AES_SYS/AES_SYS.gen/sources_1/bd/AES_SYS/ip/AES_SYS_auto_pc_6/AES_SYS_auto_pc_6_stub.vhdl.
INFO: [IP_Flow 19-6926] IPCACHE: added file to list for BOM: c:/code/RFC-8439-fpga-implementation/AES-Cam-on-PYNQ-Z2-main/AES-Cam-on-PYNQ-Z2-main/AES_SYS/AES_SYS.gen/sources_1/bd/AES_SYS/ip/AES_SYS_auto_pc_6/AES_SYS_auto_pc_6_stub.vhdl
INFO: [IP_Flow 19-4993] Using cached IP synthesis design for IP AES_SYS_auto_pc_6, cache-ID = 3bc72d579e6ad5e4; cache size = 170.562 MB.
catch { config_ip_cache -export [get_ips -all AES_SYS_auto_pc_7] }
INFO: [IP_Flow 19-6924] IPCACHE: Running cache check for IP inst: AES_SYS_auto_pc_7
INFO: [IP_Flow 19-6922] IPCACHE: Exporting cached entry 3bc72d579e6ad5e4 to dir: c:/code/RFC-8439-fpga-implementation/AES-Cam-on-PYNQ-Z2-main/AES-Cam-on-PYNQ-Z2-main/AES_SYS/AES_SYS.gen/sources_1/bd/AES_SYS/ip/AES_SYS_auto_pc_7
INFO: [IP_Flow 19-6928] IPCACHE: copied cached file c:/code/RFC-8439-fpga-implementation/AES-Cam-on-PYNQ-Z2-main/AES-Cam-on-PYNQ-Z2-main/AES_SYS/AES_SYS.cache/ip/2023.2/3/b/3bc72d579e6ad5e4/AES_SYS_auto_pc_0.dcp to c:/code/RFC-8439-fpga-implementation/AES-Cam-on-PYNQ-Z2-main/AES-Cam-on-PYNQ-Z2-main/AES_SYS/AES_SYS.gen/sources_1/bd/AES_SYS/ip/AES_SYS_auto_pc_7/AES_SYS_auto_pc_7.dcp.
INFO: [IP_Flow 19-6926] IPCACHE: added file to list for BOM: c:/code/RFC-8439-fpga-implementation/AES-Cam-on-PYNQ-Z2-main/AES-Cam-on-PYNQ-Z2-main/AES_SYS/AES_SYS.gen/sources_1/bd/AES_SYS/ip/AES_SYS_auto_pc_7/AES_SYS_auto_pc_7.dcp
INFO: [IP_Flow 19-6928] IPCACHE: copied cached file c:/code/RFC-8439-fpga-implementation/AES-Cam-on-PYNQ-Z2-main/AES-Cam-on-PYNQ-Z2-main/AES_SYS/AES_SYS.cache/ip/2023.2/3/b/3bc72d579e6ad5e4/AES_SYS_auto_pc_0_sim_netlist.v to c:/code/RFC-8439-fpga-implementation/AES-Cam-on-PYNQ-Z2-main/AES-Cam-on-PYNQ-Z2-main/AES_SYS/AES_SYS.gen/sources_1/bd/AES_SYS/ip/AES_SYS_auto_pc_7/AES_SYS_auto_pc_7_sim_netlist.v.
INFO: [IP_Flow 19-6926] IPCACHE: added file to list for BOM: c:/code/RFC-8439-fpga-implementation/AES-Cam-on-PYNQ-Z2-main/AES-Cam-on-PYNQ-Z2-main/AES_SYS/AES_SYS.gen/sources_1/bd/AES_SYS/ip/AES_SYS_auto_pc_7/AES_SYS_auto_pc_7_sim_netlist.v
INFO: [IP_Flow 19-6928] IPCACHE: copied cached file c:/code/RFC-8439-fpga-implementation/AES-Cam-on-PYNQ-Z2-main/AES-Cam-on-PYNQ-Z2-main/AES_SYS/AES_SYS.cache/ip/2023.2/3/b/3bc72d579e6ad5e4/AES_SYS_auto_pc_0_sim_netlist.vhdl to c:/code/RFC-8439-fpga-implementation/AES-Cam-on-PYNQ-Z2-main/AES-Cam-on-PYNQ-Z2-main/AES_SYS/AES_SYS.gen/sources_1/bd/AES_SYS/ip/AES_SYS_auto_pc_7/AES_SYS_auto_pc_7_sim_netlist.vhdl.
INFO: [IP_Flow 19-6926] IPCACHE: added file to list for BOM: c:/code/RFC-8439-fpga-implementation/AES-Cam-on-PYNQ-Z2-main/AES-Cam-on-PYNQ-Z2-main/AES_SYS/AES_SYS.gen/sources_1/bd/AES_SYS/ip/AES_SYS_auto_pc_7/AES_SYS_auto_pc_7_sim_netlist.vhdl
INFO: [IP_Flow 19-6928] IPCACHE: copied cached file c:/code/RFC-8439-fpga-implementation/AES-Cam-on-PYNQ-Z2-main/AES-Cam-on-PYNQ-Z2-main/AES_SYS/AES_SYS.cache/ip/2023.2/3/b/3bc72d579e6ad5e4/AES_SYS_auto_pc_0_stub.v to c:/code/RFC-8439-fpga-implementation/AES-Cam-on-PYNQ-Z2-main/AES-Cam-on-PYNQ-Z2-main/AES_SYS/AES_SYS.gen/sources_1/bd/AES_SYS/ip/AES_SYS_auto_pc_7/AES_SYS_auto_pc_7_stub.v.
INFO: [IP_Flow 19-6926] IPCACHE: added file to list for BOM: c:/code/RFC-8439-fpga-implementation/AES-Cam-on-PYNQ-Z2-main/AES-Cam-on-PYNQ-Z2-main/AES_SYS/AES_SYS.gen/sources_1/bd/AES_SYS/ip/AES_SYS_auto_pc_7/AES_SYS_auto_pc_7_stub.v
INFO: [IP_Flow 19-6928] IPCACHE: copied cached file c:/code/RFC-8439-fpga-implementation/AES-Cam-on-PYNQ-Z2-main/AES-Cam-on-PYNQ-Z2-main/AES_SYS/AES_SYS.cache/ip/2023.2/3/b/3bc72d579e6ad5e4/AES_SYS_auto_pc_0_stub.vhdl to c:/code/RFC-8439-fpga-implementation/AES-Cam-on-PYNQ-Z2-main/AES-Cam-on-PYNQ-Z2-main/AES_SYS/AES_SYS.gen/sources_1/bd/AES_SYS/ip/AES_SYS_auto_pc_7/AES_SYS_auto_pc_7_stub.vhdl.
INFO: [IP_Flow 19-6926] IPCACHE: added file to list for BOM: c:/code/RFC-8439-fpga-implementation/AES-Cam-on-PYNQ-Z2-main/AES-Cam-on-PYNQ-Z2-main/AES_SYS/AES_SYS.gen/sources_1/bd/AES_SYS/ip/AES_SYS_auto_pc_7/AES_SYS_auto_pc_7_stub.vhdl
INFO: [IP_Flow 19-4993] Using cached IP synthesis design for IP AES_SYS_auto_pc_7, cache-ID = 3bc72d579e6ad5e4; cache size = 170.562 MB.
catch { config_ip_cache -export [get_ips -all AES_SYS_auto_pc_8] }
INFO: [IP_Flow 19-6924] IPCACHE: Running cache check for IP inst: AES_SYS_auto_pc_8
INFO: [IP_Flow 19-6922] IPCACHE: Exporting cached entry 3bc72d579e6ad5e4 to dir: c:/code/RFC-8439-fpga-implementation/AES-Cam-on-PYNQ-Z2-main/AES-Cam-on-PYNQ-Z2-main/AES_SYS/AES_SYS.gen/sources_1/bd/AES_SYS/ip/AES_SYS_auto_pc_8
INFO: [IP_Flow 19-6928] IPCACHE: copied cached file c:/code/RFC-8439-fpga-implementation/AES-Cam-on-PYNQ-Z2-main/AES-Cam-on-PYNQ-Z2-main/AES_SYS/AES_SYS.cache/ip/2023.2/3/b/3bc72d579e6ad5e4/AES_SYS_auto_pc_0.dcp to c:/code/RFC-8439-fpga-implementation/AES-Cam-on-PYNQ-Z2-main/AES-Cam-on-PYNQ-Z2-main/AES_SYS/AES_SYS.gen/sources_1/bd/AES_SYS/ip/AES_SYS_auto_pc_8/AES_SYS_auto_pc_8.dcp.
INFO: [IP_Flow 19-6926] IPCACHE: added file to list for BOM: c:/code/RFC-8439-fpga-implementation/AES-Cam-on-PYNQ-Z2-main/AES-Cam-on-PYNQ-Z2-main/AES_SYS/AES_SYS.gen/sources_1/bd/AES_SYS/ip/AES_SYS_auto_pc_8/AES_SYS_auto_pc_8.dcp
INFO: [IP_Flow 19-6928] IPCACHE: copied cached file c:/code/RFC-8439-fpga-implementation/AES-Cam-on-PYNQ-Z2-main/AES-Cam-on-PYNQ-Z2-main/AES_SYS/AES_SYS.cache/ip/2023.2/3/b/3bc72d579e6ad5e4/AES_SYS_auto_pc_0_sim_netlist.v to c:/code/RFC-8439-fpga-implementation/AES-Cam-on-PYNQ-Z2-main/AES-Cam-on-PYNQ-Z2-main/AES_SYS/AES_SYS.gen/sources_1/bd/AES_SYS/ip/AES_SYS_auto_pc_8/AES_SYS_auto_pc_8_sim_netlist.v.
INFO: [IP_Flow 19-6926] IPCACHE: added file to list for BOM: c:/code/RFC-8439-fpga-implementation/AES-Cam-on-PYNQ-Z2-main/AES-Cam-on-PYNQ-Z2-main/AES_SYS/AES_SYS.gen/sources_1/bd/AES_SYS/ip/AES_SYS_auto_pc_8/AES_SYS_auto_pc_8_sim_netlist.v
INFO: [IP_Flow 19-6928] IPCACHE: copied cached file c:/code/RFC-8439-fpga-implementation/AES-Cam-on-PYNQ-Z2-main/AES-Cam-on-PYNQ-Z2-main/AES_SYS/AES_SYS.cache/ip/2023.2/3/b/3bc72d579e6ad5e4/AES_SYS_auto_pc_0_sim_netlist.vhdl to c:/code/RFC-8439-fpga-implementation/AES-Cam-on-PYNQ-Z2-main/AES-Cam-on-PYNQ-Z2-main/AES_SYS/AES_SYS.gen/sources_1/bd/AES_SYS/ip/AES_SYS_auto_pc_8/AES_SYS_auto_pc_8_sim_netlist.vhdl.
INFO: [IP_Flow 19-6926] IPCACHE: added file to list for BOM: c:/code/RFC-8439-fpga-implementation/AES-Cam-on-PYNQ-Z2-main/AES-Cam-on-PYNQ-Z2-main/AES_SYS/AES_SYS.gen/sources_1/bd/AES_SYS/ip/AES_SYS_auto_pc_8/AES_SYS_auto_pc_8_sim_netlist.vhdl
INFO: [IP_Flow 19-6928] IPCACHE: copied cached file c:/code/RFC-8439-fpga-implementation/AES-Cam-on-PYNQ-Z2-main/AES-Cam-on-PYNQ-Z2-main/AES_SYS/AES_SYS.cache/ip/2023.2/3/b/3bc72d579e6ad5e4/AES_SYS_auto_pc_0_stub.v to c:/code/RFC-8439-fpga-implementation/AES-Cam-on-PYNQ-Z2-main/AES-Cam-on-PYNQ-Z2-main/AES_SYS/AES_SYS.gen/sources_1/bd/AES_SYS/ip/AES_SYS_auto_pc_8/AES_SYS_auto_pc_8_stub.v.
INFO: [IP_Flow 19-6926] IPCACHE: added file to list for BOM: c:/code/RFC-8439-fpga-implementation/AES-Cam-on-PYNQ-Z2-main/AES-Cam-on-PYNQ-Z2-main/AES_SYS/AES_SYS.gen/sources_1/bd/AES_SYS/ip/AES_SYS_auto_pc_8/AES_SYS_auto_pc_8_stub.v
INFO: [IP_Flow 19-6928] IPCACHE: copied cached file c:/code/RFC-8439-fpga-implementation/AES-Cam-on-PYNQ-Z2-main/AES-Cam-on-PYNQ-Z2-main/AES_SYS/AES_SYS.cache/ip/2023.2/3/b/3bc72d579e6ad5e4/AES_SYS_auto_pc_0_stub.vhdl to c:/code/RFC-8439-fpga-implementation/AES-Cam-on-PYNQ-Z2-main/AES-Cam-on-PYNQ-Z2-main/AES_SYS/AES_SYS.gen/sources_1/bd/AES_SYS/ip/AES_SYS_auto_pc_8/AES_SYS_auto_pc_8_stub.vhdl.
INFO: [IP_Flow 19-6926] IPCACHE: added file to list for BOM: c:/code/RFC-8439-fpga-implementation/AES-Cam-on-PYNQ-Z2-main/AES-Cam-on-PYNQ-Z2-main/AES_SYS/AES_SYS.gen/sources_1/bd/AES_SYS/ip/AES_SYS_auto_pc_8/AES_SYS_auto_pc_8_stub.vhdl
INFO: [IP_Flow 19-4993] Using cached IP synthesis design for IP AES_SYS_auto_pc_8, cache-ID = 3bc72d579e6ad5e4; cache size = 170.562 MB.
catch { config_ip_cache -export [get_ips -all AES_SYS_auto_pc_9] }
INFO: [IP_Flow 19-6924] IPCACHE: Running cache check for IP inst: AES_SYS_auto_pc_9
INFO: [IP_Flow 19-6922] IPCACHE: Exporting cached entry 3bc72d579e6ad5e4 to dir: c:/code/RFC-8439-fpga-implementation/AES-Cam-on-PYNQ-Z2-main/AES-Cam-on-PYNQ-Z2-main/AES_SYS/AES_SYS.gen/sources_1/bd/AES_SYS/ip/AES_SYS_auto_pc_9
INFO: [IP_Flow 19-6928] IPCACHE: copied cached file c:/code/RFC-8439-fpga-implementation/AES-Cam-on-PYNQ-Z2-main/AES-Cam-on-PYNQ-Z2-main/AES_SYS/AES_SYS.cache/ip/2023.2/3/b/3bc72d579e6ad5e4/AES_SYS_auto_pc_0.dcp to c:/code/RFC-8439-fpga-implementation/AES-Cam-on-PYNQ-Z2-main/AES-Cam-on-PYNQ-Z2-main/AES_SYS/AES_SYS.gen/sources_1/bd/AES_SYS/ip/AES_SYS_auto_pc_9/AES_SYS_auto_pc_9.dcp.
INFO: [IP_Flow 19-6926] IPCACHE: added file to list for BOM: c:/code/RFC-8439-fpga-implementation/AES-Cam-on-PYNQ-Z2-main/AES-Cam-on-PYNQ-Z2-main/AES_SYS/AES_SYS.gen/sources_1/bd/AES_SYS/ip/AES_SYS_auto_pc_9/AES_SYS_auto_pc_9.dcp
INFO: [IP_Flow 19-6928] IPCACHE: copied cached file c:/code/RFC-8439-fpga-implementation/AES-Cam-on-PYNQ-Z2-main/AES-Cam-on-PYNQ-Z2-main/AES_SYS/AES_SYS.cache/ip/2023.2/3/b/3bc72d579e6ad5e4/AES_SYS_auto_pc_0_sim_netlist.v to c:/code/RFC-8439-fpga-implementation/AES-Cam-on-PYNQ-Z2-main/AES-Cam-on-PYNQ-Z2-main/AES_SYS/AES_SYS.gen/sources_1/bd/AES_SYS/ip/AES_SYS_auto_pc_9/AES_SYS_auto_pc_9_sim_netlist.v.
INFO: [IP_Flow 19-6926] IPCACHE: added file to list for BOM: c:/code/RFC-8439-fpga-implementation/AES-Cam-on-PYNQ-Z2-main/AES-Cam-on-PYNQ-Z2-main/AES_SYS/AES_SYS.gen/sources_1/bd/AES_SYS/ip/AES_SYS_auto_pc_9/AES_SYS_auto_pc_9_sim_netlist.v
INFO: [IP_Flow 19-6928] IPCACHE: copied cached file c:/code/RFC-8439-fpga-implementation/AES-Cam-on-PYNQ-Z2-main/AES-Cam-on-PYNQ-Z2-main/AES_SYS/AES_SYS.cache/ip/2023.2/3/b/3bc72d579e6ad5e4/AES_SYS_auto_pc_0_sim_netlist.vhdl to c:/code/RFC-8439-fpga-implementation/AES-Cam-on-PYNQ-Z2-main/AES-Cam-on-PYNQ-Z2-main/AES_SYS/AES_SYS.gen/sources_1/bd/AES_SYS/ip/AES_SYS_auto_pc_9/AES_SYS_auto_pc_9_sim_netlist.vhdl.
INFO: [IP_Flow 19-6926] IPCACHE: added file to list for BOM: c:/code/RFC-8439-fpga-implementation/AES-Cam-on-PYNQ-Z2-main/AES-Cam-on-PYNQ-Z2-main/AES_SYS/AES_SYS.gen/sources_1/bd/AES_SYS/ip/AES_SYS_auto_pc_9/AES_SYS_auto_pc_9_sim_netlist.vhdl
INFO: [IP_Flow 19-6928] IPCACHE: copied cached file c:/code/RFC-8439-fpga-implementation/AES-Cam-on-PYNQ-Z2-main/AES-Cam-on-PYNQ-Z2-main/AES_SYS/AES_SYS.cache/ip/2023.2/3/b/3bc72d579e6ad5e4/AES_SYS_auto_pc_0_stub.v to c:/code/RFC-8439-fpga-implementation/AES-Cam-on-PYNQ-Z2-main/AES-Cam-on-PYNQ-Z2-main/AES_SYS/AES_SYS.gen/sources_1/bd/AES_SYS/ip/AES_SYS_auto_pc_9/AES_SYS_auto_pc_9_stub.v.
INFO: [IP_Flow 19-6926] IPCACHE: added file to list for BOM: c:/code/RFC-8439-fpga-implementation/AES-Cam-on-PYNQ-Z2-main/AES-Cam-on-PYNQ-Z2-main/AES_SYS/AES_SYS.gen/sources_1/bd/AES_SYS/ip/AES_SYS_auto_pc_9/AES_SYS_auto_pc_9_stub.v
INFO: [IP_Flow 19-6928] IPCACHE: copied cached file c:/code/RFC-8439-fpga-implementation/AES-Cam-on-PYNQ-Z2-main/AES-Cam-on-PYNQ-Z2-main/AES_SYS/AES_SYS.cache/ip/2023.2/3/b/3bc72d579e6ad5e4/AES_SYS_auto_pc_0_stub.vhdl to c:/code/RFC-8439-fpga-implementation/AES-Cam-on-PYNQ-Z2-main/AES-Cam-on-PYNQ-Z2-main/AES_SYS/AES_SYS.gen/sources_1/bd/AES_SYS/ip/AES_SYS_auto_pc_9/AES_SYS_auto_pc_9_stub.vhdl.
INFO: [IP_Flow 19-6926] IPCACHE: added file to list for BOM: c:/code/RFC-8439-fpga-implementation/AES-Cam-on-PYNQ-Z2-main/AES-Cam-on-PYNQ-Z2-main/AES_SYS/AES_SYS.gen/sources_1/bd/AES_SYS/ip/AES_SYS_auto_pc_9/AES_SYS_auto_pc_9_stub.vhdl
INFO: [IP_Flow 19-4993] Using cached IP synthesis design for IP AES_SYS_auto_pc_9, cache-ID = 3bc72d579e6ad5e4; cache size = 170.562 MB.
catch { config_ip_cache -export [get_ips -all AES_SYS_auto_pc_10] }
INFO: [IP_Flow 19-6924] IPCACHE: Running cache check for IP inst: AES_SYS_auto_pc_10
INFO: [IP_Flow 19-6922] IPCACHE: Exporting cached entry 3bc72d579e6ad5e4 to dir: c:/code/RFC-8439-fpga-implementation/AES-Cam-on-PYNQ-Z2-main/AES-Cam-on-PYNQ-Z2-main/AES_SYS/AES_SYS.gen/sources_1/bd/AES_SYS/ip/AES_SYS_auto_pc_10
INFO: [IP_Flow 19-6928] IPCACHE: copied cached file c:/code/RFC-8439-fpga-implementation/AES-Cam-on-PYNQ-Z2-main/AES-Cam-on-PYNQ-Z2-main/AES_SYS/AES_SYS.cache/ip/2023.2/3/b/3bc72d579e6ad5e4/AES_SYS_auto_pc_0.dcp to c:/code/RFC-8439-fpga-implementation/AES-Cam-on-PYNQ-Z2-main/AES-Cam-on-PYNQ-Z2-main/AES_SYS/AES_SYS.gen/sources_1/bd/AES_SYS/ip/AES_SYS_auto_pc_10/AES_SYS_auto_pc_10.dcp.
INFO: [IP_Flow 19-6926] IPCACHE: added file to list for BOM: c:/code/RFC-8439-fpga-implementation/AES-Cam-on-PYNQ-Z2-main/AES-Cam-on-PYNQ-Z2-main/AES_SYS/AES_SYS.gen/sources_1/bd/AES_SYS/ip/AES_SYS_auto_pc_10/AES_SYS_auto_pc_10.dcp
INFO: [IP_Flow 19-6928] IPCACHE: copied cached file c:/code/RFC-8439-fpga-implementation/AES-Cam-on-PYNQ-Z2-main/AES-Cam-on-PYNQ-Z2-main/AES_SYS/AES_SYS.cache/ip/2023.2/3/b/3bc72d579e6ad5e4/AES_SYS_auto_pc_0_sim_netlist.v to c:/code/RFC-8439-fpga-implementation/AES-Cam-on-PYNQ-Z2-main/AES-Cam-on-PYNQ-Z2-main/AES_SYS/AES_SYS.gen/sources_1/bd/AES_SYS/ip/AES_SYS_auto_pc_10/AES_SYS_auto_pc_10_sim_netlist.v.
INFO: [IP_Flow 19-6926] IPCACHE: added file to list for BOM: c:/code/RFC-8439-fpga-implementation/AES-Cam-on-PYNQ-Z2-main/AES-Cam-on-PYNQ-Z2-main/AES_SYS/AES_SYS.gen/sources_1/bd/AES_SYS/ip/AES_SYS_auto_pc_10/AES_SYS_auto_pc_10_sim_netlist.v
INFO: [IP_Flow 19-6928] IPCACHE: copied cached file c:/code/RFC-8439-fpga-implementation/AES-Cam-on-PYNQ-Z2-main/AES-Cam-on-PYNQ-Z2-main/AES_SYS/AES_SYS.cache/ip/2023.2/3/b/3bc72d579e6ad5e4/AES_SYS_auto_pc_0_sim_netlist.vhdl to c:/code/RFC-8439-fpga-implementation/AES-Cam-on-PYNQ-Z2-main/AES-Cam-on-PYNQ-Z2-main/AES_SYS/AES_SYS.gen/sources_1/bd/AES_SYS/ip/AES_SYS_auto_pc_10/AES_SYS_auto_pc_10_sim_netlist.vhdl.
INFO: [IP_Flow 19-6926] IPCACHE: added file to list for BOM: c:/code/RFC-8439-fpga-implementation/AES-Cam-on-PYNQ-Z2-main/AES-Cam-on-PYNQ-Z2-main/AES_SYS/AES_SYS.gen/sources_1/bd/AES_SYS/ip/AES_SYS_auto_pc_10/AES_SYS_auto_pc_10_sim_netlist.vhdl
INFO: [IP_Flow 19-6928] IPCACHE: copied cached file c:/code/RFC-8439-fpga-implementation/AES-Cam-on-PYNQ-Z2-main/AES-Cam-on-PYNQ-Z2-main/AES_SYS/AES_SYS.cache/ip/2023.2/3/b/3bc72d579e6ad5e4/AES_SYS_auto_pc_0_stub.v to c:/code/RFC-8439-fpga-implementation/AES-Cam-on-PYNQ-Z2-main/AES-Cam-on-PYNQ-Z2-main/AES_SYS/AES_SYS.gen/sources_1/bd/AES_SYS/ip/AES_SYS_auto_pc_10/AES_SYS_auto_pc_10_stub.v.
INFO: [IP_Flow 19-6926] IPCACHE: added file to list for BOM: c:/code/RFC-8439-fpga-implementation/AES-Cam-on-PYNQ-Z2-main/AES-Cam-on-PYNQ-Z2-main/AES_SYS/AES_SYS.gen/sources_1/bd/AES_SYS/ip/AES_SYS_auto_pc_10/AES_SYS_auto_pc_10_stub.v
INFO: [IP_Flow 19-6928] IPCACHE: copied cached file c:/code/RFC-8439-fpga-implementation/AES-Cam-on-PYNQ-Z2-main/AES-Cam-on-PYNQ-Z2-main/AES_SYS/AES_SYS.cache/ip/2023.2/3/b/3bc72d579e6ad5e4/AES_SYS_auto_pc_0_stub.vhdl to c:/code/RFC-8439-fpga-implementation/AES-Cam-on-PYNQ-Z2-main/AES-Cam-on-PYNQ-Z2-main/AES_SYS/AES_SYS.gen/sources_1/bd/AES_SYS/ip/AES_SYS_auto_pc_10/AES_SYS_auto_pc_10_stub.vhdl.
INFO: [IP_Flow 19-6926] IPCACHE: added file to list for BOM: c:/code/RFC-8439-fpga-implementation/AES-Cam-on-PYNQ-Z2-main/AES-Cam-on-PYNQ-Z2-main/AES_SYS/AES_SYS.gen/sources_1/bd/AES_SYS/ip/AES_SYS_auto_pc_10/AES_SYS_auto_pc_10_stub.vhdl
INFO: [IP_Flow 19-4993] Using cached IP synthesis design for IP AES_SYS_auto_pc_10, cache-ID = 3bc72d579e6ad5e4; cache size = 170.562 MB.
catch { config_ip_cache -export [get_ips -all AES_SYS_auto_pc_12] }
INFO: [IP_Flow 19-6924] IPCACHE: Running cache check for IP inst: AES_SYS_auto_pc_12
INFO: [IP_Flow 19-6922] IPCACHE: Exporting cached entry 177366daf5914f73 to dir: c:/code/RFC-8439-fpga-implementation/AES-Cam-on-PYNQ-Z2-main/AES-Cam-on-PYNQ-Z2-main/AES_SYS/AES_SYS.gen/sources_1/bd/AES_SYS/ip/AES_SYS_auto_pc_12
INFO: [IP_Flow 19-6928] IPCACHE: copied cached file c:/code/RFC-8439-fpga-implementation/AES-Cam-on-PYNQ-Z2-main/AES-Cam-on-PYNQ-Z2-main/AES_SYS/AES_SYS.cache/ip/2023.2/1/7/177366daf5914f73/AES_SYS_auto_pc_12.dcp to c:/code/RFC-8439-fpga-implementation/AES-Cam-on-PYNQ-Z2-main/AES-Cam-on-PYNQ-Z2-main/AES_SYS/AES_SYS.gen/sources_1/bd/AES_SYS/ip/AES_SYS_auto_pc_12/AES_SYS_auto_pc_12.dcp.
INFO: [IP_Flow 19-6926] IPCACHE: added file to list for BOM: c:/code/RFC-8439-fpga-implementation/AES-Cam-on-PYNQ-Z2-main/AES-Cam-on-PYNQ-Z2-main/AES_SYS/AES_SYS.gen/sources_1/bd/AES_SYS/ip/AES_SYS_auto_pc_12/AES_SYS_auto_pc_12.dcp
INFO: [IP_Flow 19-6928] IPCACHE: copied cached file c:/code/RFC-8439-fpga-implementation/AES-Cam-on-PYNQ-Z2-main/AES-Cam-on-PYNQ-Z2-main/AES_SYS/AES_SYS.cache/ip/2023.2/1/7/177366daf5914f73/AES_SYS_auto_pc_12_sim_netlist.v to c:/code/RFC-8439-fpga-implementation/AES-Cam-on-PYNQ-Z2-main/AES-Cam-on-PYNQ-Z2-main/AES_SYS/AES_SYS.gen/sources_1/bd/AES_SYS/ip/AES_SYS_auto_pc_12/AES_SYS_auto_pc_12_sim_netlist.v.
INFO: [IP_Flow 19-6926] IPCACHE: added file to list for BOM: c:/code/RFC-8439-fpga-implementation/AES-Cam-on-PYNQ-Z2-main/AES-Cam-on-PYNQ-Z2-main/AES_SYS/AES_SYS.gen/sources_1/bd/AES_SYS/ip/AES_SYS_auto_pc_12/AES_SYS_auto_pc_12_sim_netlist.v
INFO: [IP_Flow 19-6928] IPCACHE: copied cached file c:/code/RFC-8439-fpga-implementation/AES-Cam-on-PYNQ-Z2-main/AES-Cam-on-PYNQ-Z2-main/AES_SYS/AES_SYS.cache/ip/2023.2/1/7/177366daf5914f73/AES_SYS_auto_pc_12_sim_netlist.vhdl to c:/code/RFC-8439-fpga-implementation/AES-Cam-on-PYNQ-Z2-main/AES-Cam-on-PYNQ-Z2-main/AES_SYS/AES_SYS.gen/sources_1/bd/AES_SYS/ip/AES_SYS_auto_pc_12/AES_SYS_auto_pc_12_sim_netlist.vhdl.
INFO: [IP_Flow 19-6926] IPCACHE: added file to list for BOM: c:/code/RFC-8439-fpga-implementation/AES-Cam-on-PYNQ-Z2-main/AES-Cam-on-PYNQ-Z2-main/AES_SYS/AES_SYS.gen/sources_1/bd/AES_SYS/ip/AES_SYS_auto_pc_12/AES_SYS_auto_pc_12_sim_netlist.vhdl
INFO: [IP_Flow 19-6928] IPCACHE: copied cached file c:/code/RFC-8439-fpga-implementation/AES-Cam-on-PYNQ-Z2-main/AES-Cam-on-PYNQ-Z2-main/AES_SYS/AES_SYS.cache/ip/2023.2/1/7/177366daf5914f73/AES_SYS_auto_pc_12_stub.v to c:/code/RFC-8439-fpga-implementation/AES-Cam-on-PYNQ-Z2-main/AES-Cam-on-PYNQ-Z2-main/AES_SYS/AES_SYS.gen/sources_1/bd/AES_SYS/ip/AES_SYS_auto_pc_12/AES_SYS_auto_pc_12_stub.v.
INFO: [IP_Flow 19-6926] IPCACHE: added file to list for BOM: c:/code/RFC-8439-fpga-implementation/AES-Cam-on-PYNQ-Z2-main/AES-Cam-on-PYNQ-Z2-main/AES_SYS/AES_SYS.gen/sources_1/bd/AES_SYS/ip/AES_SYS_auto_pc_12/AES_SYS_auto_pc_12_stub.v
INFO: [IP_Flow 19-6928] IPCACHE: copied cached file c:/code/RFC-8439-fpga-implementation/AES-Cam-on-PYNQ-Z2-main/AES-Cam-on-PYNQ-Z2-main/AES_SYS/AES_SYS.cache/ip/2023.2/1/7/177366daf5914f73/AES_SYS_auto_pc_12_stub.vhdl to c:/code/RFC-8439-fpga-implementation/AES-Cam-on-PYNQ-Z2-main/AES-Cam-on-PYNQ-Z2-main/AES_SYS/AES_SYS.gen/sources_1/bd/AES_SYS/ip/AES_SYS_auto_pc_12/AES_SYS_auto_pc_12_stub.vhdl.
INFO: [IP_Flow 19-6926] IPCACHE: added file to list for BOM: c:/code/RFC-8439-fpga-implementation/AES-Cam-on-PYNQ-Z2-main/AES-Cam-on-PYNQ-Z2-main/AES_SYS/AES_SYS.gen/sources_1/bd/AES_SYS/ip/AES_SYS_auto_pc_12/AES_SYS_auto_pc_12_stub.vhdl
INFO: [IP_Flow 19-4993] Using cached IP synthesis design for IP AES_SYS_auto_pc_12, cache-ID = 177366daf5914f73; cache size = 170.562 MB.
catch { config_ip_cache -export [get_ips -all AES_SYS_auto_us_0] }
INFO: [IP_Flow 19-6924] IPCACHE: Running cache check for IP inst: AES_SYS_auto_us_0
INFO: [IP_Flow 19-6922] IPCACHE: Exporting cached entry 96128dd45566b66c to dir: c:/code/RFC-8439-fpga-implementation/AES-Cam-on-PYNQ-Z2-main/AES-Cam-on-PYNQ-Z2-main/AES_SYS/AES_SYS.gen/sources_1/bd/AES_SYS/ip/AES_SYS_auto_us_0
INFO: [IP_Flow 19-6928] IPCACHE: copied cached file c:/code/RFC-8439-fpga-implementation/AES-Cam-on-PYNQ-Z2-main/AES-Cam-on-PYNQ-Z2-main/AES_SYS/AES_SYS.cache/ip/2023.2/9/6/96128dd45566b66c/AES_SYS_auto_us_0.dcp to c:/code/RFC-8439-fpga-implementation/AES-Cam-on-PYNQ-Z2-main/AES-Cam-on-PYNQ-Z2-main/AES_SYS/AES_SYS.gen/sources_1/bd/AES_SYS/ip/AES_SYS_auto_us_0/AES_SYS_auto_us_0.dcp.
INFO: [IP_Flow 19-6926] IPCACHE: added file to list for BOM: c:/code/RFC-8439-fpga-implementation/AES-Cam-on-PYNQ-Z2-main/AES-Cam-on-PYNQ-Z2-main/AES_SYS/AES_SYS.gen/sources_1/bd/AES_SYS/ip/AES_SYS_auto_us_0/AES_SYS_auto_us_0.dcp
INFO: [IP_Flow 19-6928] IPCACHE: copied cached file c:/code/RFC-8439-fpga-implementation/AES-Cam-on-PYNQ-Z2-main/AES-Cam-on-PYNQ-Z2-main/AES_SYS/AES_SYS.cache/ip/2023.2/9/6/96128dd45566b66c/AES_SYS_auto_us_0_sim_netlist.v to c:/code/RFC-8439-fpga-implementation/AES-Cam-on-PYNQ-Z2-main/AES-Cam-on-PYNQ-Z2-main/AES_SYS/AES_SYS.gen/sources_1/bd/AES_SYS/ip/AES_SYS_auto_us_0/AES_SYS_auto_us_0_sim_netlist.v.
INFO: [IP_Flow 19-6926] IPCACHE: added file to list for BOM: c:/code/RFC-8439-fpga-implementation/AES-Cam-on-PYNQ-Z2-main/AES-Cam-on-PYNQ-Z2-main/AES_SYS/AES_SYS.gen/sources_1/bd/AES_SYS/ip/AES_SYS_auto_us_0/AES_SYS_auto_us_0_sim_netlist.v
INFO: [IP_Flow 19-6928] IPCACHE: copied cached file c:/code/RFC-8439-fpga-implementation/AES-Cam-on-PYNQ-Z2-main/AES-Cam-on-PYNQ-Z2-main/AES_SYS/AES_SYS.cache/ip/2023.2/9/6/96128dd45566b66c/AES_SYS_auto_us_0_sim_netlist.vhdl to c:/code/RFC-8439-fpga-implementation/AES-Cam-on-PYNQ-Z2-main/AES-Cam-on-PYNQ-Z2-main/AES_SYS/AES_SYS.gen/sources_1/bd/AES_SYS/ip/AES_SYS_auto_us_0/AES_SYS_auto_us_0_sim_netlist.vhdl.
INFO: [IP_Flow 19-6926] IPCACHE: added file to list for BOM: c:/code/RFC-8439-fpga-implementation/AES-Cam-on-PYNQ-Z2-main/AES-Cam-on-PYNQ-Z2-main/AES_SYS/AES_SYS.gen/sources_1/bd/AES_SYS/ip/AES_SYS_auto_us_0/AES_SYS_auto_us_0_sim_netlist.vhdl
INFO: [IP_Flow 19-6928] IPCACHE: copied cached file c:/code/RFC-8439-fpga-implementation/AES-Cam-on-PYNQ-Z2-main/AES-Cam-on-PYNQ-Z2-main/AES_SYS/AES_SYS.cache/ip/2023.2/9/6/96128dd45566b66c/AES_SYS_auto_us_0_stub.v to c:/code/RFC-8439-fpga-implementation/AES-Cam-on-PYNQ-Z2-main/AES-Cam-on-PYNQ-Z2-main/AES_SYS/AES_SYS.gen/sources_1/bd/AES_SYS/ip/AES_SYS_auto_us_0/AES_SYS_auto_us_0_stub.v.
INFO: [IP_Flow 19-6926] IPCACHE: added file to list for BOM: c:/code/RFC-8439-fpga-implementation/AES-Cam-on-PYNQ-Z2-main/AES-Cam-on-PYNQ-Z2-main/AES_SYS/AES_SYS.gen/sources_1/bd/AES_SYS/ip/AES_SYS_auto_us_0/AES_SYS_auto_us_0_stub.v
INFO: [IP_Flow 19-6928] IPCACHE: copied cached file c:/code/RFC-8439-fpga-implementation/AES-Cam-on-PYNQ-Z2-main/AES-Cam-on-PYNQ-Z2-main/AES_SYS/AES_SYS.cache/ip/2023.2/9/6/96128dd45566b66c/AES_SYS_auto_us_0_stub.vhdl to c:/code/RFC-8439-fpga-implementation/AES-Cam-on-PYNQ-Z2-main/AES-Cam-on-PYNQ-Z2-main/AES_SYS/AES_SYS.gen/sources_1/bd/AES_SYS/ip/AES_SYS_auto_us_0/AES_SYS_auto_us_0_stub.vhdl.
INFO: [IP_Flow 19-6926] IPCACHE: added file to list for BOM: c:/code/RFC-8439-fpga-implementation/AES-Cam-on-PYNQ-Z2-main/AES-Cam-on-PYNQ-Z2-main/AES_SYS/AES_SYS.gen/sources_1/bd/AES_SYS/ip/AES_SYS_auto_us_0/AES_SYS_auto_us_0_stub.vhdl
INFO: [IP_Flow 19-4993] Using cached IP synthesis design for IP AES_SYS_auto_us_0, cache-ID = 96128dd45566b66c; cache size = 170.562 MB.
catch { config_ip_cache -export [get_ips -all AES_SYS_auto_pc_13] }
INFO: [IP_Flow 19-6924] IPCACHE: Running cache check for IP inst: AES_SYS_auto_pc_13
INFO: [IP_Flow 19-6922] IPCACHE: Exporting cached entry 680f4c3d4d7785e1 to dir: c:/code/RFC-8439-fpga-implementation/AES-Cam-on-PYNQ-Z2-main/AES-Cam-on-PYNQ-Z2-main/AES_SYS/AES_SYS.gen/sources_1/bd/AES_SYS/ip/AES_SYS_auto_pc_13
INFO: [IP_Flow 19-6928] IPCACHE: copied cached file c:/code/RFC-8439-fpga-implementation/AES-Cam-on-PYNQ-Z2-main/AES-Cam-on-PYNQ-Z2-main/AES_SYS/AES_SYS.cache/ip/2023.2/6/8/680f4c3d4d7785e1/AES_SYS_auto_pc_13.dcp to c:/code/RFC-8439-fpga-implementation/AES-Cam-on-PYNQ-Z2-main/AES-Cam-on-PYNQ-Z2-main/AES_SYS/AES_SYS.gen/sources_1/bd/AES_SYS/ip/AES_SYS_auto_pc_13/AES_SYS_auto_pc_13.dcp.
INFO: [IP_Flow 19-6926] IPCACHE: added file to list for BOM: c:/code/RFC-8439-fpga-implementation/AES-Cam-on-PYNQ-Z2-main/AES-Cam-on-PYNQ-Z2-main/AES_SYS/AES_SYS.gen/sources_1/bd/AES_SYS/ip/AES_SYS_auto_pc_13/AES_SYS_auto_pc_13.dcp
INFO: [IP_Flow 19-6928] IPCACHE: copied cached file c:/code/RFC-8439-fpga-implementation/AES-Cam-on-PYNQ-Z2-main/AES-Cam-on-PYNQ-Z2-main/AES_SYS/AES_SYS.cache/ip/2023.2/6/8/680f4c3d4d7785e1/AES_SYS_auto_pc_13_sim_netlist.v to c:/code/RFC-8439-fpga-implementation/AES-Cam-on-PYNQ-Z2-main/AES-Cam-on-PYNQ-Z2-main/AES_SYS/AES_SYS.gen/sources_1/bd/AES_SYS/ip/AES_SYS_auto_pc_13/AES_SYS_auto_pc_13_sim_netlist.v.
INFO: [IP_Flow 19-6926] IPCACHE: added file to list for BOM: c:/code/RFC-8439-fpga-implementation/AES-Cam-on-PYNQ-Z2-main/AES-Cam-on-PYNQ-Z2-main/AES_SYS/AES_SYS.gen/sources_1/bd/AES_SYS/ip/AES_SYS_auto_pc_13/AES_SYS_auto_pc_13_sim_netlist.v
INFO: [IP_Flow 19-6928] IPCACHE: copied cached file c:/code/RFC-8439-fpga-implementation/AES-Cam-on-PYNQ-Z2-main/AES-Cam-on-PYNQ-Z2-main/AES_SYS/AES_SYS.cache/ip/2023.2/6/8/680f4c3d4d7785e1/AES_SYS_auto_pc_13_sim_netlist.vhdl to c:/code/RFC-8439-fpga-implementation/AES-Cam-on-PYNQ-Z2-main/AES-Cam-on-PYNQ-Z2-main/AES_SYS/AES_SYS.gen/sources_1/bd/AES_SYS/ip/AES_SYS_auto_pc_13/AES_SYS_auto_pc_13_sim_netlist.vhdl.
INFO: [IP_Flow 19-6926] IPCACHE: added file to list for BOM: c:/code/RFC-8439-fpga-implementation/AES-Cam-on-PYNQ-Z2-main/AES-Cam-on-PYNQ-Z2-main/AES_SYS/AES_SYS.gen/sources_1/bd/AES_SYS/ip/AES_SYS_auto_pc_13/AES_SYS_auto_pc_13_sim_netlist.vhdl
INFO: [IP_Flow 19-6928] IPCACHE: copied cached file c:/code/RFC-8439-fpga-implementation/AES-Cam-on-PYNQ-Z2-main/AES-Cam-on-PYNQ-Z2-main/AES_SYS/AES_SYS.cache/ip/2023.2/6/8/680f4c3d4d7785e1/AES_SYS_auto_pc_13_stub.v to c:/code/RFC-8439-fpga-implementation/AES-Cam-on-PYNQ-Z2-main/AES-Cam-on-PYNQ-Z2-main/AES_SYS/AES_SYS.gen/sources_1/bd/AES_SYS/ip/AES_SYS_auto_pc_13/AES_SYS_auto_pc_13_stub.v.
INFO: [IP_Flow 19-6926] IPCACHE: added file to list for BOM: c:/code/RFC-8439-fpga-implementation/AES-Cam-on-PYNQ-Z2-main/AES-Cam-on-PYNQ-Z2-main/AES_SYS/AES_SYS.gen/sources_1/bd/AES_SYS/ip/AES_SYS_auto_pc_13/AES_SYS_auto_pc_13_stub.v
INFO: [IP_Flow 19-6928] IPCACHE: copied cached file c:/code/RFC-8439-fpga-implementation/AES-Cam-on-PYNQ-Z2-main/AES-Cam-on-PYNQ-Z2-main/AES_SYS/AES_SYS.cache/ip/2023.2/6/8/680f4c3d4d7785e1/AES_SYS_auto_pc_13_stub.vhdl to c:/code/RFC-8439-fpga-implementation/AES-Cam-on-PYNQ-Z2-main/AES-Cam-on-PYNQ-Z2-main/AES_SYS/AES_SYS.gen/sources_1/bd/AES_SYS/ip/AES_SYS_auto_pc_13/AES_SYS_auto_pc_13_stub.vhdl.
INFO: [IP_Flow 19-6926] IPCACHE: added file to list for BOM: c:/code/RFC-8439-fpga-implementation/AES-Cam-on-PYNQ-Z2-main/AES-Cam-on-PYNQ-Z2-main/AES_SYS/AES_SYS.gen/sources_1/bd/AES_SYS/ip/AES_SYS_auto_pc_13/AES_SYS_auto_pc_13_stub.vhdl
INFO: [IP_Flow 19-4993] Using cached IP synthesis design for IP AES_SYS_auto_pc_13, cache-ID = 680f4c3d4d7785e1; cache size = 170.562 MB.
catch { config_ip_cache -export [get_ips -all AES_SYS_auto_ds_0] }
INFO: [IP_Flow 19-6924] IPCACHE: Running cache check for IP inst: AES_SYS_auto_ds_0
INFO: [IP_Flow 19-6922] IPCACHE: Exporting cached entry f9503eb3174c7348 to dir: c:/code/RFC-8439-fpga-implementation/AES-Cam-on-PYNQ-Z2-main/AES-Cam-on-PYNQ-Z2-main/AES_SYS/AES_SYS.gen/sources_1/bd/AES_SYS/ip/AES_SYS_auto_ds_0
INFO: [IP_Flow 19-6928] IPCACHE: copied cached file c:/code/RFC-8439-fpga-implementation/AES-Cam-on-PYNQ-Z2-main/AES-Cam-on-PYNQ-Z2-main/AES_SYS/AES_SYS.cache/ip/2023.2/f/9/f9503eb3174c7348/AES_SYS_auto_ds_0.dcp to c:/code/RFC-8439-fpga-implementation/AES-Cam-on-PYNQ-Z2-main/AES-Cam-on-PYNQ-Z2-main/AES_SYS/AES_SYS.gen/sources_1/bd/AES_SYS/ip/AES_SYS_auto_ds_0/AES_SYS_auto_ds_0.dcp.
INFO: [IP_Flow 19-6926] IPCACHE: added file to list for BOM: c:/code/RFC-8439-fpga-implementation/AES-Cam-on-PYNQ-Z2-main/AES-Cam-on-PYNQ-Z2-main/AES_SYS/AES_SYS.gen/sources_1/bd/AES_SYS/ip/AES_SYS_auto_ds_0/AES_SYS_auto_ds_0.dcp
INFO: [IP_Flow 19-6928] IPCACHE: copied cached file c:/code/RFC-8439-fpga-implementation/AES-Cam-on-PYNQ-Z2-main/AES-Cam-on-PYNQ-Z2-main/AES_SYS/AES_SYS.cache/ip/2023.2/f/9/f9503eb3174c7348/AES_SYS_auto_ds_0_sim_netlist.v to c:/code/RFC-8439-fpga-implementation/AES-Cam-on-PYNQ-Z2-main/AES-Cam-on-PYNQ-Z2-main/AES_SYS/AES_SYS.gen/sources_1/bd/AES_SYS/ip/AES_SYS_auto_ds_0/AES_SYS_auto_ds_0_sim_netlist.v.
INFO: [IP_Flow 19-6926] IPCACHE: added file to list for BOM: c:/code/RFC-8439-fpga-implementation/AES-Cam-on-PYNQ-Z2-main/AES-Cam-on-PYNQ-Z2-main/AES_SYS/AES_SYS.gen/sources_1/bd/AES_SYS/ip/AES_SYS_auto_ds_0/AES_SYS_auto_ds_0_sim_netlist.v
INFO: [IP_Flow 19-6928] IPCACHE: copied cached file c:/code/RFC-8439-fpga-implementation/AES-Cam-on-PYNQ-Z2-main/AES-Cam-on-PYNQ-Z2-main/AES_SYS/AES_SYS.cache/ip/2023.2/f/9/f9503eb3174c7348/AES_SYS_auto_ds_0_sim_netlist.vhdl to c:/code/RFC-8439-fpga-implementation/AES-Cam-on-PYNQ-Z2-main/AES-Cam-on-PYNQ-Z2-main/AES_SYS/AES_SYS.gen/sources_1/bd/AES_SYS/ip/AES_SYS_auto_ds_0/AES_SYS_auto_ds_0_sim_netlist.vhdl.
INFO: [IP_Flow 19-6926] IPCACHE: added file to list for BOM: c:/code/RFC-8439-fpga-implementation/AES-Cam-on-PYNQ-Z2-main/AES-Cam-on-PYNQ-Z2-main/AES_SYS/AES_SYS.gen/sources_1/bd/AES_SYS/ip/AES_SYS_auto_ds_0/AES_SYS_auto_ds_0_sim_netlist.vhdl
INFO: [IP_Flow 19-6928] IPCACHE: copied cached file c:/code/RFC-8439-fpga-implementation/AES-Cam-on-PYNQ-Z2-main/AES-Cam-on-PYNQ-Z2-main/AES_SYS/AES_SYS.cache/ip/2023.2/f/9/f9503eb3174c7348/AES_SYS_auto_ds_0_stub.v to c:/code/RFC-8439-fpga-implementation/AES-Cam-on-PYNQ-Z2-main/AES-Cam-on-PYNQ-Z2-main/AES_SYS/AES_SYS.gen/sources_1/bd/AES_SYS/ip/AES_SYS_auto_ds_0/AES_SYS_auto_ds_0_stub.v.
INFO: [IP_Flow 19-6926] IPCACHE: added file to list for BOM: c:/code/RFC-8439-fpga-implementation/AES-Cam-on-PYNQ-Z2-main/AES-Cam-on-PYNQ-Z2-main/AES_SYS/AES_SYS.gen/sources_1/bd/AES_SYS/ip/AES_SYS_auto_ds_0/AES_SYS_auto_ds_0_stub.v
INFO: [IP_Flow 19-6928] IPCACHE: copied cached file c:/code/RFC-8439-fpga-implementation/AES-Cam-on-PYNQ-Z2-main/AES-Cam-on-PYNQ-Z2-main/AES_SYS/AES_SYS.cache/ip/2023.2/f/9/f9503eb3174c7348/AES_SYS_auto_ds_0_stub.vhdl to c:/code/RFC-8439-fpga-implementation/AES-Cam-on-PYNQ-Z2-main/AES-Cam-on-PYNQ-Z2-main/AES_SYS/AES_SYS.gen/sources_1/bd/AES_SYS/ip/AES_SYS_auto_ds_0/AES_SYS_auto_ds_0_stub.vhdl.
INFO: [IP_Flow 19-6926] IPCACHE: added file to list for BOM: c:/code/RFC-8439-fpga-implementation/AES-Cam-on-PYNQ-Z2-main/AES-Cam-on-PYNQ-Z2-main/AES_SYS/AES_SYS.gen/sources_1/bd/AES_SYS/ip/AES_SYS_auto_ds_0/AES_SYS_auto_ds_0_stub.vhdl
INFO: [IP_Flow 19-4993] Using cached IP synthesis design for IP AES_SYS_auto_ds_0, cache-ID = f9503eb3174c7348; cache size = 170.562 MB.
catch { config_ip_cache -export [get_ips -all AES_SYS_auto_ds_1] }
INFO: [IP_Flow 19-6924] IPCACHE: Running cache check for IP inst: AES_SYS_auto_ds_1
INFO: [IP_Flow 19-6922] IPCACHE: Exporting cached entry f9503eb3174c7348 to dir: c:/code/RFC-8439-fpga-implementation/AES-Cam-on-PYNQ-Z2-main/AES-Cam-on-PYNQ-Z2-main/AES_SYS/AES_SYS.gen/sources_1/bd/AES_SYS/ip/AES_SYS_auto_ds_1
INFO: [IP_Flow 19-6928] IPCACHE: copied cached file c:/code/RFC-8439-fpga-implementation/AES-Cam-on-PYNQ-Z2-main/AES-Cam-on-PYNQ-Z2-main/AES_SYS/AES_SYS.cache/ip/2023.2/f/9/f9503eb3174c7348/AES_SYS_auto_ds_0.dcp to c:/code/RFC-8439-fpga-implementation/AES-Cam-on-PYNQ-Z2-main/AES-Cam-on-PYNQ-Z2-main/AES_SYS/AES_SYS.gen/sources_1/bd/AES_SYS/ip/AES_SYS_auto_ds_1/AES_SYS_auto_ds_1.dcp.
INFO: [IP_Flow 19-6926] IPCACHE: added file to list for BOM: c:/code/RFC-8439-fpga-implementation/AES-Cam-on-PYNQ-Z2-main/AES-Cam-on-PYNQ-Z2-main/AES_SYS/AES_SYS.gen/sources_1/bd/AES_SYS/ip/AES_SYS_auto_ds_1/AES_SYS_auto_ds_1.dcp
INFO: [IP_Flow 19-6928] IPCACHE: copied cached file c:/code/RFC-8439-fpga-implementation/AES-Cam-on-PYNQ-Z2-main/AES-Cam-on-PYNQ-Z2-main/AES_SYS/AES_SYS.cache/ip/2023.2/f/9/f9503eb3174c7348/AES_SYS_auto_ds_0_sim_netlist.v to c:/code/RFC-8439-fpga-implementation/AES-Cam-on-PYNQ-Z2-main/AES-Cam-on-PYNQ-Z2-main/AES_SYS/AES_SYS.gen/sources_1/bd/AES_SYS/ip/AES_SYS_auto_ds_1/AES_SYS_auto_ds_1_sim_netlist.v.
INFO: [IP_Flow 19-6926] IPCACHE: added file to list for BOM: c:/code/RFC-8439-fpga-implementation/AES-Cam-on-PYNQ-Z2-main/AES-Cam-on-PYNQ-Z2-main/AES_SYS/AES_SYS.gen/sources_1/bd/AES_SYS/ip/AES_SYS_auto_ds_1/AES_SYS_auto_ds_1_sim_netlist.v
INFO: [IP_Flow 19-6928] IPCACHE: copied cached file c:/code/RFC-8439-fpga-implementation/AES-Cam-on-PYNQ-Z2-main/AES-Cam-on-PYNQ-Z2-main/AES_SYS/AES_SYS.cache/ip/2023.2/f/9/f9503eb3174c7348/AES_SYS_auto_ds_0_sim_netlist.vhdl to c:/code/RFC-8439-fpga-implementation/AES-Cam-on-PYNQ-Z2-main/AES-Cam-on-PYNQ-Z2-main/AES_SYS/AES_SYS.gen/sources_1/bd/AES_SYS/ip/AES_SYS_auto_ds_1/AES_SYS_auto_ds_1_sim_netlist.vhdl.
INFO: [IP_Flow 19-6926] IPCACHE: added file to list for BOM: c:/code/RFC-8439-fpga-implementation/AES-Cam-on-PYNQ-Z2-main/AES-Cam-on-PYNQ-Z2-main/AES_SYS/AES_SYS.gen/sources_1/bd/AES_SYS/ip/AES_SYS_auto_ds_1/AES_SYS_auto_ds_1_sim_netlist.vhdl
INFO: [IP_Flow 19-6928] IPCACHE: copied cached file c:/code/RFC-8439-fpga-implementation/AES-Cam-on-PYNQ-Z2-main/AES-Cam-on-PYNQ-Z2-main/AES_SYS/AES_SYS.cache/ip/2023.2/f/9/f9503eb3174c7348/AES_SYS_auto_ds_0_stub.v to c:/code/RFC-8439-fpga-implementation/AES-Cam-on-PYNQ-Z2-main/AES-Cam-on-PYNQ-Z2-main/AES_SYS/AES_SYS.gen/sources_1/bd/AES_SYS/ip/AES_SYS_auto_ds_1/AES_SYS_auto_ds_1_stub.v.
INFO: [IP_Flow 19-6926] IPCACHE: added file to list for BOM: c:/code/RFC-8439-fpga-implementation/AES-Cam-on-PYNQ-Z2-main/AES-Cam-on-PYNQ-Z2-main/AES_SYS/AES_SYS.gen/sources_1/bd/AES_SYS/ip/AES_SYS_auto_ds_1/AES_SYS_auto_ds_1_stub.v
INFO: [IP_Flow 19-6928] IPCACHE: copied cached file c:/code/RFC-8439-fpga-implementation/AES-Cam-on-PYNQ-Z2-main/AES-Cam-on-PYNQ-Z2-main/AES_SYS/AES_SYS.cache/ip/2023.2/f/9/f9503eb3174c7348/AES_SYS_auto_ds_0_stub.vhdl to c:/code/RFC-8439-fpga-implementation/AES-Cam-on-PYNQ-Z2-main/AES-Cam-on-PYNQ-Z2-main/AES_SYS/AES_SYS.gen/sources_1/bd/AES_SYS/ip/AES_SYS_auto_ds_1/AES_SYS_auto_ds_1_stub.vhdl.
INFO: [IP_Flow 19-6926] IPCACHE: added file to list for BOM: c:/code/RFC-8439-fpga-implementation/AES-Cam-on-PYNQ-Z2-main/AES-Cam-on-PYNQ-Z2-main/AES_SYS/AES_SYS.gen/sources_1/bd/AES_SYS/ip/AES_SYS_auto_ds_1/AES_SYS_auto_ds_1_stub.vhdl
INFO: [IP_Flow 19-4993] Using cached IP synthesis design for IP AES_SYS_auto_ds_1, cache-ID = f9503eb3174c7348; cache size = 170.562 MB.
export_ip_user_files -of_objects [get_files C:/code/RFC-8439-fpga-implementation/AES-Cam-on-PYNQ-Z2-main/AES-Cam-on-PYNQ-Z2-main/AES_SYS/AES_SYS.srcs/sources_1/bd/AES_SYS/AES_SYS.bd] -no_script -sync -force -quiet
create_ip_run [get_files -of_objects [get_fileset sources_1] C:/code/RFC-8439-fpga-implementation/AES-Cam-on-PYNQ-Z2-main/AES-Cam-on-PYNQ-Z2-main/AES_SYS/AES_SYS.srcs/sources_1/bd/AES_SYS/AES_SYS.bd]
export_simulation -of_objects [get_files C:/code/RFC-8439-fpga-implementation/AES-Cam-on-PYNQ-Z2-main/AES-Cam-on-PYNQ-Z2-main/AES_SYS/AES_SYS.srcs/sources_1/bd/AES_SYS/AES_SYS.bd] -directory C:/code/RFC-8439-fpga-implementation/AES-Cam-on-PYNQ-Z2-main/AES-Cam-on-PYNQ-Z2-main/AES_SYS/AES_SYS.ip_user_files/sim_scripts -ip_user_files_dir C:/code/RFC-8439-fpga-implementation/AES-Cam-on-PYNQ-Z2-main/AES-Cam-on-PYNQ-Z2-main/AES_SYS/AES_SYS.ip_user_files -ipstatic_source_dir C:/code/RFC-8439-fpga-implementation/AES-Cam-on-PYNQ-Z2-main/AES-Cam-on-PYNQ-Z2-main/AES_SYS/AES_SYS.ip_user_files/ipstatic -lib_map_path [list {modelsim=C:/code/RFC-8439-fpga-implementation/AES-Cam-on-PYNQ-Z2-main/AES-Cam-on-PYNQ-Z2-main/AES_SYS/AES_SYS.cache/compile_simlib/modelsim} {questa=C:/code/RFC-8439-fpga-implementation/AES-Cam-on-PYNQ-Z2-main/AES-Cam-on-PYNQ-Z2-main/AES_SYS/AES_SYS.cache/compile_simlib/questa} {riviera=C:/code/RFC-8439-fpga-implementation/AES-Cam-on-PYNQ-Z2-main/AES-Cam-on-PYNQ-Z2-main/AES_SYS/AES_SYS.cache/compile_simlib/riviera} {activehdl=C:/code/RFC-8439-fpga-implementation/AES-Cam-on-PYNQ-Z2-main/AES-Cam-on-PYNQ-Z2-main/AES_SYS/AES_SYS.cache/compile_simlib/activehdl}] -use_ip_compiled_libs -force -quiet
create_ip_run [get_files -of_objects [get_fileset sources_1] C:/code/RFC-8439-fpga-implementation/AES-Cam-on-PYNQ-Z2-main/AES-Cam-on-PYNQ-Z2-main/AES_SYS/AES_SYS.srcs/sources_1/bd/AES_SYS/AES_SYS.bd]
refresh_design
Netlist sorting complete. Time (s): cpu = 00:00:00 ; elapsed = 00:00:00.536 . Memory (MB): peak = 4300.438 ; gain = 0.000
INFO: [Netlist 29-17] Analyzing 1635 Unisim elements for replacement
INFO: [Netlist 29-28] Unisim Transformation completed in 0 CPU seconds
INFO: [Project 1-479] Netlist was created with Vivado 2023.2
INFO: [Project 1-570] Preparing netlist for logic optimization
WARNING: [Constraints 18-550] Could not create 'IBUF_LOW_PWR' constraint because net 'AES_SYS_i/clk_wiz_0/clk_in1' is not directly connected to top level port. 'IBUF_LOW_PWR' is ignored for synthesis but preserved for implementation.
Read ShapeDB Complete: Time (s): cpu = 00:00:00 ; elapsed = 00:00:00.089 . Memory (MB): peak = 4300.438 ; gain = 0.000
INFO: [Timing 38-478] Restoring timing data from binary archive.
INFO: [Timing 38-479] Binary timing data restore complete.
INFO: [Project 1-856] Restoring constraints from binary archive.
INFO: [Project 1-853] Binary constraint restore complete.
INFO: [Designutils 20-5722] Start Reading Physical Databases.
Reading placement.
Read Netlist Cache: Time (s): cpu = 00:00:00 ; elapsed = 00:00:00.038 . Memory (MB): peak = 4300.438 ; gain = 0.000
Reading placer database...
Read Device Cache: Time (s): cpu = 00:00:00 ; elapsed = 00:00:00.016 . Memory (MB): peak = 4300.438 ; gain = 0.000
Read PlaceDB: Time (s): cpu = 00:00:01 ; elapsed = 00:00:01 . Memory (MB): peak = 4300.438 ; gain = 0.000
Read PulsedLatchDB: Time (s): cpu = 00:00:00 ; elapsed = 00:00:00.001 . Memory (MB): peak = 4300.438 ; gain = 0.000
Reading routing.
Read RouteStorage: Time (s): cpu = 00:00:00 ; elapsed = 00:00:00.520 . Memory (MB): peak = 4300.438 ; gain = 0.000
Read Physdb Files: Time (s): cpu = 00:00:01 ; elapsed = 00:00:02 . Memory (MB): peak = 4300.438 ; gain = 0.000
Restored from archive | CPU: 1.000000 secs | Memory: 0.000000 MB |
Finished XDEF File Restore: Time (s): cpu = 00:00:01 ; elapsed = 00:00:02 . Memory (MB): peak = 4300.438 ; gain = 0.000
refresh_design: Time (s): cpu = 00:00:12 ; elapsed = 00:00:09 . Memory (MB): peak = 4955.043 ; gain = 728.305
open_report: Time (s): cpu = 00:00:13 ; elapsed = 00:00:07 . Memory (MB): peak = 5029.742 ; gain = 68.180
reset_run synth_1
INFO: [Project 1-1161] Replacing file C:/code/RFC-8439-fpga-implementation/AES-Cam-on-PYNQ-Z2-main/AES-Cam-on-PYNQ-Z2-main/AES_SYS/AES_SYS.srcs/utils_1/imports/synth_1/AES_SYS_wrapper.dcp with file C:/code/RFC-8439-fpga-implementation/AES-Cam-on-PYNQ-Z2-main/AES-Cam-on-PYNQ-Z2-main/AES_SYS/AES_SYS.runs/synth_1/AES_SYS_wrapper.dcp
launch_runs impl_1 -to_step write_bitstream -jobs 32
[Wed May 27 03:21:47 2026] Launched synth_1...
Run output will be captured here: C:/code/RFC-8439-fpga-implementation/AES-Cam-on-PYNQ-Z2-main/AES-Cam-on-PYNQ-Z2-main/AES_SYS/AES_SYS.runs/synth_1/runme.log
[Wed May 27 03:21:47 2026] Launched impl_1...
Run output will be captured here: C:/code/RFC-8439-fpga-implementation/AES-Cam-on-PYNQ-Z2-main/AES-Cam-on-PYNQ-Z2-main/AES_SYS/AES_SYS.runs/impl_1/runme.log
close_design
open_bd_design {C:/code/RFC-8439-fpga-implementation/AES-Cam-on-PYNQ-Z2-main/AES-Cam-on-PYNQ-Z2-main/AES_SYS/AES_SYS.srcs/sources_1/bd/AES_SYS/AES_SYS.bd}
disconnect_bd_net /xlconstant_0_dout [get_bd_pins v_tc_0/gen_clken]
connect_bd_net [get_bd_pins v_axi4s_vid_out_0/vtg_ce] [get_bd_pins v_tc_0/gen_clken]
save_bd_design
Wrote  : <C:\code\RFC-8439-fpga-implementation\AES-Cam-on-PYNQ-Z2-main\AES-Cam-on-PYNQ-Z2-main\AES_SYS\AES_SYS.srcs\sources_1\bd\AES_SYS\AES_SYS.bd> 
Wrote  : <C:/code/RFC-8439-fpga-implementation/AES-Cam-on-PYNQ-Z2-main/AES-Cam-on-PYNQ-Z2-main/AES_SYS/AES_SYS.srcs/sources_1/bd/AES_SYS/ui/bd_9341033d.ui> 
reset_run impl_1 -prev_step 
launch_runs impl_1 -to_step write_bitstream -jobs 32
WARNING: [BD 41-2670] Found an incomplete address path from address space '/processing_system7_0/Data' to master interface '/ps7_0_axi_periph/M10_AXI'. Please either complete or remove this path to resolve.
WARNING: [BD 41-2670] Found an incomplete address path from address space '/processing_system7_0/Data' to master interface '/ps7_0_axi_periph/M07_AXI'. Please either complete or remove this path to resolve.
WARNING: [BD 41-2670] Found an incomplete address path from address space '/processing_system7_0/Data' to master interface '/ps7_0_axi_periph/M12_AXI'. Please either complete or remove this path to resolve.
INFO: [Common 17-365] Interrupt caught but 'launch_runs' cannot be canceled. Please wait for command to finish.
WARNING: [BD 5-699] No address segments matched 'get_bd_addr_segs -addressables -of_objects /processing_system7_0/FCLK_RESET0_N'
WARNING: [BD 5-699] No address segments matched 'get_bd_addr_segs -addressables -of_objects /processing_system7_0/FCLK_RESET0_N'
WARNING: [BD 5-699] No address segments matched 'get_bd_addr_segs -addressables -of_objects /processing_system7_0/FCLK_RESET0_N'
WARNING: [BD 41-1284] Cannot set parameter FREQ_HZ on port /v_axi4s_vid_out_0/aclken
WARNING: [BD 41-1284] Cannot set parameter PHASE on port /v_axi4s_vid_out_0/aclken
WARNING: [BD 41-1284] Cannot set parameter CLK_DOMAIN on port /v_axi4s_vid_out_0/aclken
WARNING: [BD 41-1284] Cannot set parameter FREQ_HZ on port /v_axi4s_vid_out_0/vid_io_out_ce
WARNING: [BD 41-1284] Cannot set parameter PHASE on port /v_axi4s_vid_out_0/vid_io_out_ce
WARNING: [BD 41-1284] Cannot set parameter CLK_DOMAIN on port /v_axi4s_vid_out_0/vid_io_out_ce
WARNING: [BD 41-1284] Cannot set parameter FREQ_HZ on port /v_tc_0/clken
WARNING: [BD 41-1284] Cannot set parameter PHASE on port /v_tc_0/clken
WARNING: [BD 41-1284] Cannot set parameter CLK_DOMAIN on port /v_tc_0/clken
WARNING: [BD 41-1284] Cannot set parameter FREQ_HZ on port /v_axi4s_vid_out_0/aclken
WARNING: [BD 41-1284] Cannot set parameter PHASE on port /v_axi4s_vid_out_0/aclken
WARNING: [BD 41-1284] Cannot set parameter CLK_DOMAIN on port /v_axi4s_vid_out_0/aclken
WARNING: [BD 41-1284] Cannot set parameter FREQ_HZ on port /v_axi4s_vid_out_0/vid_io_out_ce
WARNING: [BD 41-1284] Cannot set parameter PHASE on port /v_axi4s_vid_out_0/vid_io_out_ce
WARNING: [BD 41-1284] Cannot set parameter CLK_DOMAIN on port /v_axi4s_vid_out_0/vid_io_out_ce
WARNING: [BD 41-1284] Cannot set parameter FREQ_HZ on port /v_tc_0/clken
WARNING: [BD 41-1284] Cannot set parameter PHASE on port /v_tc_0/clken
WARNING: [BD 41-1284] Cannot set parameter CLK_DOMAIN on port /v_tc_0/clken
WARNING: [BD 41-1284] Cannot set parameter FREQ_HZ on port /v_axi4s_vid_out_0/aclken
WARNING: [BD 41-1284] Cannot set parameter PHASE on port /v_axi4s_vid_out_0/aclken
WARNING: [BD 41-1284] Cannot set parameter CLK_DOMAIN on port /v_axi4s_vid_out_0/aclken
WARNING: [BD 41-1284] Cannot set parameter FREQ_HZ on port /v_axi4s_vid_out_0/vid_io_out_ce
WARNING: [BD 41-1284] Cannot set parameter PHASE on port /v_axi4s_vid_out_0/vid_io_out_ce
WARNING: [BD 41-1284] Cannot set parameter CLK_DOMAIN on port /v_axi4s_vid_out_0/vid_io_out_ce
WARNING: [BD 41-1284] Cannot set parameter FREQ_HZ on port /v_tc_0/clken
WARNING: [BD 41-1284] Cannot set parameter PHASE on port /v_tc_0/clken
WARNING: [BD 41-1284] Cannot set parameter CLK_DOMAIN on port /v_tc_0/clken
WARNING: [BD 41-1284] Cannot set parameter FREQ_HZ on port /v_axi4s_vid_out_0/aclken
WARNING: [BD 41-1284] Cannot set parameter PHASE on port /v_axi4s_vid_out_0/aclken
WARNING: [BD 41-1284] Cannot set parameter CLK_DOMAIN on port /v_axi4s_vid_out_0/aclken
WARNING: [BD 41-1284] Cannot set parameter FREQ_HZ on port /v_axi4s_vid_out_0/vid_io_out_ce
WARNING: [BD 41-1284] Cannot set parameter PHASE on port /v_axi4s_vid_out_0/vid_io_out_ce
WARNING: [BD 41-1284] Cannot set parameter CLK_DOMAIN on port /v_axi4s_vid_out_0/vid_io_out_ce
WARNING: [BD 41-1284] Cannot set parameter FREQ_HZ on port /v_tc_0/clken
WARNING: [BD 41-1284] Cannot set parameter PHASE on port /v_tc_0/clken
WARNING: [BD 41-1284] Cannot set parameter CLK_DOMAIN on port /v_tc_0/clken
WARNING: [BD 41-1284] Cannot set parameter FREQ_HZ on port /v_axi4s_vid_out_0/aclken
WARNING: [BD 41-1284] Cannot set parameter PHASE on port /v_axi4s_vid_out_0/aclken
WARNING: [BD 41-1284] Cannot set parameter CLK_DOMAIN on port /v_axi4s_vid_out_0/aclken
WARNING: [BD 41-1284] Cannot set parameter FREQ_HZ on port /v_axi4s_vid_out_0/vid_io_out_ce
WARNING: [BD 41-1284] Cannot set parameter PHASE on port /v_axi4s_vid_out_0/vid_io_out_ce
WARNING: [BD 41-1284] Cannot set parameter CLK_DOMAIN on port /v_axi4s_vid_out_0/vid_io_out_ce
WARNING: [BD 41-1284] Cannot set parameter FREQ_HZ on port /v_tc_0/clken
WARNING: [BD 41-1284] Cannot set parameter PHASE on port /v_tc_0/clken
WARNING: [BD 41-1284] Cannot set parameter CLK_DOMAIN on port /v_tc_0/clken
WARNING: [BD 41-1284] Cannot set parameter FREQ_HZ on port /v_axi4s_vid_out_0/aclken
WARNING: [BD 41-1284] Cannot set parameter PHASE on port /v_axi4s_vid_out_0/aclken
WARNING: [BD 41-1284] Cannot set parameter CLK_DOMAIN on port /v_axi4s_vid_out_0/aclken
WARNING: [BD 41-1284] Cannot set parameter FREQ_HZ on port /v_axi4s_vid_out_0/vid_io_out_ce
WARNING: [BD 41-1284] Cannot set parameter PHASE on port /v_axi4s_vid_out_0/vid_io_out_ce
WARNING: [BD 41-1284] Cannot set parameter CLK_DOMAIN on port /v_axi4s_vid_out_0/vid_io_out_ce
WARNING: [BD 41-1284] Cannot set parameter FREQ_HZ on port /v_tc_0/clken
WARNING: [BD 41-1284] Cannot set parameter PHASE on port /v_tc_0/clken
WARNING: [BD 41-1284] Cannot set parameter CLK_DOMAIN on port /v_tc_0/clken
WARNING: [BD 41-1284] Cannot set parameter FREQ_HZ on port /v_axi4s_vid_out_0/aclken
WARNING: [BD 41-1284] Cannot set parameter PHASE on port /v_axi4s_vid_out_0/aclken
WARNING: [BD 41-1284] Cannot set parameter CLK_DOMAIN on port /v_axi4s_vid_out_0/aclken
WARNING: [BD 41-1284] Cannot set parameter FREQ_HZ on port /v_axi4s_vid_out_0/vid_io_out_ce
WARNING: [BD 41-1284] Cannot set parameter PHASE on port /v_axi4s_vid_out_0/vid_io_out_ce
WARNING: [BD 41-1284] Cannot set parameter CLK_DOMAIN on port /v_axi4s_vid_out_0/vid_io_out_ce
WARNING: [BD 41-1284] Cannot set parameter FREQ_HZ on port /v_tc_0/clken
WARNING: [BD 41-1284] Cannot set parameter PHASE on port /v_tc_0/clken
WARNING: [BD 41-1284] Cannot set parameter CLK_DOMAIN on port /v_tc_0/clken
WARNING: [BD 41-1284] Cannot set parameter FREQ_HZ on port /v_axi4s_vid_out_0/aclken
WARNING: [BD 41-1284] Cannot set parameter PHASE on port /v_axi4s_vid_out_0/aclken
WARNING: [BD 41-1284] Cannot set parameter CLK_DOMAIN on port /v_axi4s_vid_out_0/aclken
WARNING: [BD 41-1284] Cannot set parameter FREQ_HZ on port /v_axi4s_vid_out_0/vid_io_out_ce
WARNING: [BD 41-1284] Cannot set parameter PHASE on port /v_axi4s_vid_out_0/vid_io_out_ce
WARNING: [BD 41-1284] Cannot set parameter CLK_DOMAIN on port /v_axi4s_vid_out_0/vid_io_out_ce
WARNING: [BD 41-1284] Cannot set parameter FREQ_HZ on port /v_tc_0/clken
WARNING: [BD 41-1284] Cannot set parameter PHASE on port /v_tc_0/clken
WARNING: [BD 41-1284] Cannot set parameter CLK_DOMAIN on port /v_tc_0/clken
WARNING: [BD 41-1284] Cannot set parameter FREQ_HZ on port /v_axi4s_vid_out_0/aclken
WARNING: [BD 41-1284] Cannot set parameter PHASE on port /v_axi4s_vid_out_0/aclken
WARNING: [BD 41-1284] Cannot set parameter CLK_DOMAIN on port /v_axi4s_vid_out_0/aclken
WARNING: [BD 41-1284] Cannot set parameter FREQ_HZ on port /v_axi4s_vid_out_0/vid_io_out_ce
WARNING: [BD 41-1284] Cannot set parameter PHASE on port /v_axi4s_vid_out_0/vid_io_out_ce
WARNING: [BD 41-1284] Cannot set parameter CLK_DOMAIN on port /v_axi4s_vid_out_0/vid_io_out_ce
WARNING: [BD 41-1284] Cannot set parameter FREQ_HZ on port /v_tc_0/clken
WARNING: [BD 41-1284] Cannot set parameter PHASE on port /v_tc_0/clken
WARNING: [BD 41-1284] Cannot set parameter CLK_DOMAIN on port /v_tc_0/clken
WARNING: [BD 41-1284] Cannot set parameter FREQ_HZ on port /v_axi4s_vid_out_0/aclken
WARNING: [BD 41-1284] Cannot set parameter PHASE on port /v_axi4s_vid_out_0/aclken
WARNING: [BD 41-1284] Cannot set parameter CLK_DOMAIN on port /v_axi4s_vid_out_0/aclken
WARNING: [BD 41-1284] Cannot set parameter FREQ_HZ on port /v_axi4s_vid_out_0/vid_io_out_ce
WARNING: [BD 41-1284] Cannot set parameter PHASE on port /v_axi4s_vid_out_0/vid_io_out_ce
WARNING: [BD 41-1284] Cannot set parameter CLK_DOMAIN on port /v_axi4s_vid_out_0/vid_io_out_ce
WARNING: [BD 41-1284] Cannot set parameter FREQ_HZ on port /v_tc_0/clken
WARNING: [BD 41-1284] Cannot set parameter PHASE on port /v_tc_0/clken
WARNING: [BD 41-1284] Cannot set parameter CLK_DOMAIN on port /v_tc_0/clken
WARNING: [BD 41-702] Propagation TCL tries to overwrite USER strength parameter PCW_M_AXI_GP0_FREQMHZ(10) on '/processing_system7_0' with propagated value(50). Command ignored
WARNING: [BD 41-702] Propagation TCL tries to overwrite USER strength parameter PCW_S_AXI_HP0_FREQMHZ(10) on '/processing_system7_0' with propagated value(50). Command ignored
WARNING: [BD 41-702] Propagation TCL tries to overwrite USER strength parameter PCW_S_AXI_HP1_FREQMHZ(10) on '/processing_system7_0' with propagated value(50). Command ignored
INFO: [xilinx.com:ip:axi_vdma:6.3-15] /axi_vdma_0 
                    All clocks connected to AXI VDMA are not identical, therefore configuring AXI-VDMA in ASYNC mode.
WARNING: [xilinx.com:ip:axi_vdma:6.3-155] /axi_vdma_0 
                    To get the better performance, ensure AXI Memory Map clock frequency is greater than equal to AXI Streaming clock frequency.
WARNING: [xilinx.com:ip:axi_intc:4.1-13] /axi_intc_0: Interrupt output connection Bus is selected, but the interrupt bus interface is not connected to a matching interface. Please consider selecting Single instead.
INFO: [xilinx.com:ip:clk_wiz:6.0-1] /clk_wiz_0 clk_wiz propagate
INFO: [xilinx.com:ip:clk_wiz:6.0-1] /clk_wiz_0 clk_wiz propagate
Wrote  : <C:\code\RFC-8439-fpga-implementation\AES-Cam-on-PYNQ-Z2-main\AES-Cam-on-PYNQ-Z2-main\AES_SYS\AES_SYS.srcs\sources_1\bd\AES_SYS\AES_SYS.bd> 
WARNING: [BD 41-2384] Width mismatch when connecting pin: '/axi_mem_intercon/m00_couplers/auto_pc/m_axi_rid'(1) to pin: '/axi_mem_intercon/m00_couplers/M_AXI_rid'(6) - Only lower order bits will be connected.
WARNING: [BD 41-2384] Width mismatch when connecting pin: '/axi_mem_intercon/m00_couplers/auto_pc/m_axi_bid'(1) to pin: '/axi_mem_intercon/m00_couplers/M_AXI_bid'(6) - Only lower order bits will be connected.
WARNING: [BD 41-2384] Width mismatch when connecting pin: '/axi_bram_ctrl_0_bram/addra'(32) to pin: '/axi_bram_ctrl_0/bram_addr_a'(18) - Only lower order bits will be connected.
WARNING: [BD 41-2384] Width mismatch when connecting pin: '/axi_bram_ctrl_0_bram1/addra'(32) to pin: '/axi_bram_ctrl_1/bram_addr_a'(18) - Only lower order bits will be connected.
WARNING: [BD 41-2384] Width mismatch when connecting pin: '/processing_system7_0/S_AXI_HP0_AWID'(6) to pin: '/axi_mem_intercon/M00_AXI_awid'(1) - Only lower order bits will be connected.
WARNING: [BD 41-2384] Width mismatch when connecting pin: '/processing_system7_0/S_AXI_HP0_ARID'(6) to pin: '/axi_mem_intercon/M00_AXI_arid'(1) - Only lower order bits will be connected.
WARNING: [BD 41-2384] Width mismatch when connecting pin: '/processing_system7_0/S_AXI_HP0_WID'(6) to pin: '/axi_mem_intercon/M00_AXI_wid'(1) - Only lower order bits will be connected.
Verilog Output written to : c:/code/RFC-8439-fpga-implementation/AES-Cam-on-PYNQ-Z2-main/AES-Cam-on-PYNQ-Z2-main/AES_SYS/AES_SYS.gen/sources_1/bd/AES_SYS/synth/AES_SYS.v
WARNING: [BD 41-2384] Width mismatch when connecting pin: '/axi_mem_intercon/m00_couplers/auto_pc/m_axi_rid'(1) to pin: '/axi_mem_intercon/m00_couplers/M_AXI_rid'(6) - Only lower order bits will be connected.
WARNING: [BD 41-2384] Width mismatch when connecting pin: '/axi_mem_intercon/m00_couplers/auto_pc/m_axi_bid'(1) to pin: '/axi_mem_intercon/m00_couplers/M_AXI_bid'(6) - Only lower order bits will be connected.
WARNING: [BD 41-2384] Width mismatch when connecting pin: '/axi_bram_ctrl_0_bram/addra'(32) to pin: '/axi_bram_ctrl_0/bram_addr_a'(18) - Only lower order bits will be connected.
WARNING: [BD 41-2384] Width mismatch when connecting pin: '/axi_bram_ctrl_0_bram1/addra'(32) to pin: '/axi_bram_ctrl_1/bram_addr_a'(18) - Only lower order bits will be connected.
WARNING: [BD 41-2384] Width mismatch when connecting pin: '/processing_system7_0/S_AXI_HP0_AWID'(6) to pin: '/axi_mem_intercon/M00_AXI_awid'(1) - Only lower order bits will be connected.
WARNING: [BD 41-2384] Width mismatch when connecting pin: '/processing_system7_0/S_AXI_HP0_ARID'(6) to pin: '/axi_mem_intercon/M00_AXI_arid'(1) - Only lower order bits will be connected.
WARNING: [BD 41-2384] Width mismatch when connecting pin: '/processing_system7_0/S_AXI_HP0_WID'(6) to pin: '/axi_mem_intercon/M00_AXI_wid'(1) - Only lower order bits will be connected.
Verilog Output written to : c:/code/RFC-8439-fpga-implementation/AES-Cam-on-PYNQ-Z2-main/AES-Cam-on-PYNQ-Z2-main/AES_SYS/AES_SYS.gen/sources_1/bd/AES_SYS/sim/AES_SYS.v
Verilog Output written to : c:/code/RFC-8439-fpga-implementation/AES-Cam-on-PYNQ-Z2-main/AES-Cam-on-PYNQ-Z2-main/AES_SYS/AES_SYS.gen/sources_1/bd/AES_SYS/hdl/AES_SYS_wrapper.v
INFO: [BD 41-1171] User-interrupt detected : Generation halted successfully for IP Integrator design C:/code/RFC-8439-fpga-implementation/AES-Cam-on-PYNQ-Z2-main/AES-Cam-on-PYNQ-Z2-main/AES_SYS/AES_SYS.srcs/sources_1/bd/AES_SYS/AES_SYS.bd
INFO: [Common 17-681] Processing pending cancel.
generate_target all [get_files  C:/code/RFC-8439-fpga-implementation/AES-Cam-on-PYNQ-Z2-main/AES-Cam-on-PYNQ-Z2-main/AES_SYS/AES_SYS.srcs/sources_1/bd/AES_SYS/AES_SYS.bd]
INFO: [BD 41-1662] The design 'AES_SYS.bd' is already validated. Therefore parameter propagation will not be re-run.
WARNING: [BD 41-2384] Width mismatch when connecting pin: '/axi_mem_intercon/m00_couplers/auto_pc/m_axi_rid'(1) to pin: '/axi_mem_intercon/m00_couplers/M_AXI_rid'(6) - Only lower order bits will be connected.
WARNING: [BD 41-2384] Width mismatch when connecting pin: '/axi_mem_intercon/m00_couplers/auto_pc/m_axi_bid'(1) to pin: '/axi_mem_intercon/m00_couplers/M_AXI_bid'(6) - Only lower order bits will be connected.
WARNING: [BD 41-2384] Width mismatch when connecting pin: '/axi_bram_ctrl_0_bram/addra'(32) to pin: '/axi_bram_ctrl_0/bram_addr_a'(18) - Only lower order bits will be connected.
WARNING: [BD 41-2384] Width mismatch when connecting pin: '/axi_bram_ctrl_0_bram1/addra'(32) to pin: '/axi_bram_ctrl_1/bram_addr_a'(18) - Only lower order bits will be connected.
WARNING: [BD 41-2384] Width mismatch when connecting pin: '/processing_system7_0/S_AXI_HP0_AWID'(6) to pin: '/axi_mem_intercon/M00_AXI_awid'(1) - Only lower order bits will be connected.
WARNING: [BD 41-2384] Width mismatch when connecting pin: '/processing_system7_0/S_AXI_HP0_ARID'(6) to pin: '/axi_mem_intercon/M00_AXI_arid'(1) - Only lower order bits will be connected.
WARNING: [BD 41-2384] Width mismatch when connecting pin: '/processing_system7_0/S_AXI_HP0_WID'(6) to pin: '/axi_mem_intercon/M00_AXI_wid'(1) - Only lower order bits will be connected.
Verilog Output written to : c:/code/RFC-8439-fpga-implementation/AES-Cam-on-PYNQ-Z2-main/AES-Cam-on-PYNQ-Z2-main/AES_SYS/AES_SYS.gen/sources_1/bd/AES_SYS/synth/AES_SYS.v
WARNING: [BD 41-2384] Width mismatch when connecting pin: '/axi_mem_intercon/m00_couplers/auto_pc/m_axi_rid'(1) to pin: '/axi_mem_intercon/m00_couplers/M_AXI_rid'(6) - Only lower order bits will be connected.
WARNING: [BD 41-2384] Width mismatch when connecting pin: '/axi_mem_intercon/m00_couplers/auto_pc/m_axi_bid'(1) to pin: '/axi_mem_intercon/m00_couplers/M_AXI_bid'(6) - Only lower order bits will be connected.
WARNING: [BD 41-2384] Width mismatch when connecting pin: '/axi_bram_ctrl_0_bram/addra'(32) to pin: '/axi_bram_ctrl_0/bram_addr_a'(18) - Only lower order bits will be connected.
WARNING: [BD 41-2384] Width mismatch when connecting pin: '/axi_bram_ctrl_0_bram1/addra'(32) to pin: '/axi_bram_ctrl_1/bram_addr_a'(18) - Only lower order bits will be connected.
WARNING: [BD 41-2384] Width mismatch when connecting pin: '/processing_system7_0/S_AXI_HP0_AWID'(6) to pin: '/axi_mem_intercon/M00_AXI_awid'(1) - Only lower order bits will be connected.
WARNING: [BD 41-2384] Width mismatch when connecting pin: '/processing_system7_0/S_AXI_HP0_ARID'(6) to pin: '/axi_mem_intercon/M00_AXI_arid'(1) - Only lower order bits will be connected.
WARNING: [BD 41-2384] Width mismatch when connecting pin: '/processing_system7_0/S_AXI_HP0_WID'(6) to pin: '/axi_mem_intercon/M00_AXI_wid'(1) - Only lower order bits will be connected.
Verilog Output written to : c:/code/RFC-8439-fpga-implementation/AES-Cam-on-PYNQ-Z2-main/AES-Cam-on-PYNQ-Z2-main/AES_SYS/AES_SYS.gen/sources_1/bd/AES_SYS/sim/AES_SYS.v
Verilog Output written to : c:/code/RFC-8439-fpga-implementation/AES-Cam-on-PYNQ-Z2-main/AES-Cam-on-PYNQ-Z2-main/AES_SYS/AES_SYS.gen/sources_1/bd/AES_SYS/hdl/AES_SYS_wrapper.v
WARNING: [IP_Flow 19-4994] Overwriting existing constraint file 'c:/code/RFC-8439-fpga-implementation/AES-Cam-on-PYNQ-Z2-main/AES-Cam-on-PYNQ-Z2-main/AES_SYS/AES_SYS.gen/sources_1/bd/AES_SYS/ip/AES_SYS_auto_pc_11/AES_SYS_auto_pc_11_ooc.xdc'
INFO: [BD 41-1029] Generation completed for the IP Integrator block ps7_0_axi_periph/s00_couplers/auto_pc .
WARNING: [IP_Flow 19-4994] Overwriting existing constraint file 'c:/code/RFC-8439-fpga-implementation/AES-Cam-on-PYNQ-Z2-main/AES-Cam-on-PYNQ-Z2-main/AES_SYS/AES_SYS.gen/sources_1/bd/AES_SYS/ip/AES_SYS_auto_pc_0/AES_SYS_auto_pc_0_ooc.xdc'
INFO: [BD 41-1029] Generation completed for the IP Integrator block ps7_0_axi_periph/m00_couplers/auto_pc .
WARNING: [IP_Flow 19-4994] Overwriting existing constraint file 'c:/code/RFC-8439-fpga-implementation/AES-Cam-on-PYNQ-Z2-main/AES-Cam-on-PYNQ-Z2-main/AES_SYS/AES_SYS.gen/sources_1/bd/AES_SYS/ip/AES_SYS_auto_pc_1/AES_SYS_auto_pc_1_ooc.xdc'
INFO: [BD 41-1029] Generation completed for the IP Integrator block ps7_0_axi_periph/m01_couplers/auto_pc .
WARNING: [IP_Flow 19-4994] Overwriting existing constraint file 'c:/code/RFC-8439-fpga-implementation/AES-Cam-on-PYNQ-Z2-main/AES-Cam-on-PYNQ-Z2-main/AES_SYS/AES_SYS.gen/sources_1/bd/AES_SYS/ip/AES_SYS_auto_pc_2/AES_SYS_auto_pc_2_ooc.xdc'
INFO: [BD 41-1029] Generation completed for the IP Integrator block ps7_0_axi_periph/m02_couplers/auto_pc .
WARNING: [IP_Flow 19-4994] Overwriting existing constraint file 'c:/code/RFC-8439-fpga-implementation/AES-Cam-on-PYNQ-Z2-main/AES-Cam-on-PYNQ-Z2-main/AES_SYS/AES_SYS.gen/sources_1/bd/AES_SYS/ip/AES_SYS_auto_pc_3/AES_SYS_auto_pc_3_ooc.xdc'
INFO: [BD 41-1029] Generation completed for the IP Integrator block ps7_0_axi_periph/m03_couplers/auto_pc .
WARNING: [IP_Flow 19-4994] Overwriting existing constraint file 'c:/code/RFC-8439-fpga-implementation/AES-Cam-on-PYNQ-Z2-main/AES-Cam-on-PYNQ-Z2-main/AES_SYS/AES_SYS.gen/sources_1/bd/AES_SYS/ip/AES_SYS_auto_pc_4/AES_SYS_auto_pc_4_ooc.xdc'
INFO: [BD 41-1029] Generation completed for the IP Integrator block ps7_0_axi_periph/m04_couplers/auto_pc .
WARNING: [IP_Flow 19-4994] Overwriting existing constraint file 'c:/code/RFC-8439-fpga-implementation/AES-Cam-on-PYNQ-Z2-main/AES-Cam-on-PYNQ-Z2-main/AES_SYS/AES_SYS.gen/sources_1/bd/AES_SYS/ip/AES_SYS_auto_pc_5/AES_SYS_auto_pc_5_ooc.xdc'
INFO: [BD 41-1029] Generation completed for the IP Integrator block ps7_0_axi_periph/m05_couplers/auto_pc .
WARNING: [IP_Flow 19-4994] Overwriting existing constraint file 'c:/code/RFC-8439-fpga-implementation/AES-Cam-on-PYNQ-Z2-main/AES-Cam-on-PYNQ-Z2-main/AES_SYS/AES_SYS.gen/sources_1/bd/AES_SYS/ip/AES_SYS_auto_pc_6/AES_SYS_auto_pc_6_ooc.xdc'
INFO: [BD 41-1029] Generation completed for the IP Integrator block ps7_0_axi_periph/m06_couplers/auto_pc .
WARNING: [IP_Flow 19-4994] Overwriting existing constraint file 'c:/code/RFC-8439-fpga-implementation/AES-Cam-on-PYNQ-Z2-main/AES-Cam-on-PYNQ-Z2-main/AES_SYS/AES_SYS.gen/sources_1/bd/AES_SYS/ip/AES_SYS_auto_pc_7/AES_SYS_auto_pc_7_ooc.xdc'
INFO: [BD 41-1029] Generation completed for the IP Integrator block ps7_0_axi_periph/m08_couplers/auto_pc .
WARNING: [IP_Flow 19-4994] Overwriting existing constraint file 'c:/code/RFC-8439-fpga-implementation/AES-Cam-on-PYNQ-Z2-main/AES-Cam-on-PYNQ-Z2-main/AES_SYS/AES_SYS.gen/sources_1/bd/AES_SYS/ip/AES_SYS_auto_pc_8/AES_SYS_auto_pc_8_ooc.xdc'
INFO: [BD 41-1029] Generation completed for the IP Integrator block ps7_0_axi_periph/m09_couplers/auto_pc .
WARNING: [IP_Flow 19-4994] Overwriting existing constraint file 'c:/code/RFC-8439-fpga-implementation/AES-Cam-on-PYNQ-Z2-main/AES-Cam-on-PYNQ-Z2-main/AES_SYS/AES_SYS.gen/sources_1/bd/AES_SYS/ip/AES_SYS_auto_pc_9/AES_SYS_auto_pc_9_ooc.xdc'
INFO: [BD 41-1029] Generation completed for the IP Integrator block ps7_0_axi_periph/m11_couplers/auto_pc .
WARNING: [IP_Flow 19-4994] Overwriting existing constraint file 'c:/code/RFC-8439-fpga-implementation/AES-Cam-on-PYNQ-Z2-main/AES-Cam-on-PYNQ-Z2-main/AES_SYS/AES_SYS.gen/sources_1/bd/AES_SYS/ip/AES_SYS_auto_pc_10/AES_SYS_auto_pc_10_ooc.xdc'
INFO: [BD 41-1029] Generation completed for the IP Integrator block ps7_0_axi_periph/m13_couplers/auto_pc .
WARNING: [IP_Flow 19-4994] Overwriting existing constraint file 'c:/code/RFC-8439-fpga-implementation/AES-Cam-on-PYNQ-Z2-main/AES-Cam-on-PYNQ-Z2-main/AES_SYS/AES_SYS.gen/sources_1/bd/AES_SYS/ip/AES_SYS_auto_pc_12/AES_SYS_auto_pc_12_ooc.xdc'
INFO: [BD 41-1029] Generation completed for the IP Integrator block axi_mem_intercon/m00_couplers/auto_pc .
WARNING: [IP_Flow 19-4994] Overwriting existing constraint file 'c:/code/RFC-8439-fpga-implementation/AES-Cam-on-PYNQ-Z2-main/AES-Cam-on-PYNQ-Z2-main/AES_SYS/AES_SYS.gen/sources_1/bd/AES_SYS/ip/AES_SYS_auto_us_0/AES_SYS_auto_us_0_ooc.xdc'
INFO: [IP_Flow 19-5611] Unable to find an associated reset port for the interface 'S_AXI'. A default connection has been created.
INFO: [IP_Flow 19-5611] Unable to find an associated reset port for the interface 'M_AXI'. A default connection has been created.
INFO: [BD 41-1029] Generation completed for the IP Integrator block axi_mem_intercon_1/s00_couplers/auto_us .
WARNING: [IP_Flow 19-4994] Overwriting existing constraint file 'c:/code/RFC-8439-fpga-implementation/AES-Cam-on-PYNQ-Z2-main/AES-Cam-on-PYNQ-Z2-main/AES_SYS/AES_SYS.gen/sources_1/bd/AES_SYS/ip/AES_SYS_auto_pc_13/AES_SYS_auto_pc_13_ooc.xdc'
INFO: [BD 41-1029] Generation completed for the IP Integrator block axi_mem_intercon_1/m00_couplers/auto_pc .
WARNING: [IP_Flow 19-4994] Overwriting existing constraint file 'c:/code/RFC-8439-fpga-implementation/AES-Cam-on-PYNQ-Z2-main/AES-Cam-on-PYNQ-Z2-main/AES_SYS/AES_SYS.gen/sources_1/bd/AES_SYS/ip/AES_SYS_auto_ds_0/AES_SYS_auto_ds_0_ooc.xdc'
INFO: [IP_Flow 19-5611] Unable to find an associated reset port for the interface 'S_AXI'. A default connection has been created.
INFO: [IP_Flow 19-5611] Unable to find an associated reset port for the interface 'M_AXI'. A default connection has been created.
INFO: [BD 41-1029] Generation completed for the IP Integrator block axi_mem_intercon_1/m01_couplers/auto_ds .
WARNING: [IP_Flow 19-4994] Overwriting existing constraint file 'c:/code/RFC-8439-fpga-implementation/AES-Cam-on-PYNQ-Z2-main/AES-Cam-on-PYNQ-Z2-main/AES_SYS/AES_SYS.gen/sources_1/bd/AES_SYS/ip/AES_SYS_auto_ds_1/AES_SYS_auto_ds_1_ooc.xdc'
INFO: [IP_Flow 19-5611] Unable to find an associated reset port for the interface 'S_AXI'. A default connection has been created.
INFO: [IP_Flow 19-5611] Unable to find an associated reset port for the interface 'M_AXI'. A default connection has been created.
INFO: [BD 41-1029] Generation completed for the IP Integrator block axi_mem_intercon_1/m02_couplers/auto_ds .
Exporting to file c:/code/RFC-8439-fpga-implementation/AES-Cam-on-PYNQ-Z2-main/AES-Cam-on-PYNQ-Z2-main/AES_SYS/AES_SYS.gen/sources_1/bd/AES_SYS/hw_handoff/AES_SYS.hwh
Generated Hardware Definition File c:/code/RFC-8439-fpga-implementation/AES-Cam-on-PYNQ-Z2-main/AES-Cam-on-PYNQ-Z2-main/AES_SYS/AES_SYS.gen/sources_1/bd/AES_SYS/synth/AES_SYS.hwdef
catch { config_ip_cache -export [get_ips -all AES_SYS_axi_vdma_0_0] }
INFO: [IP_Flow 19-6924] IPCACHE: Running cache check for IP inst: AES_SYS_axi_vdma_0_0
INFO: [IP_Flow 19-6922] IPCACHE: Exporting cached entry 3b00fd1d5e697a5a to dir: c:/code/RFC-8439-fpga-implementation/AES-Cam-on-PYNQ-Z2-main/AES-Cam-on-PYNQ-Z2-main/AES_SYS/AES_SYS.gen/sources_1/bd/AES_SYS/ip/AES_SYS_axi_vdma_0_0
INFO: [IP_Flow 19-6928] IPCACHE: copied cached file c:/code/RFC-8439-fpga-implementation/AES-Cam-on-PYNQ-Z2-main/AES-Cam-on-PYNQ-Z2-main/AES_SYS/AES_SYS.cache/ip/2023.2/3/b/3b00fd1d5e697a5a/AES_SYS_axi_vdma_0_0.dcp to c:/code/RFC-8439-fpga-implementation/AES-Cam-on-PYNQ-Z2-main/AES-Cam-on-PYNQ-Z2-main/AES_SYS/AES_SYS.gen/sources_1/bd/AES_SYS/ip/AES_SYS_axi_vdma_0_0/AES_SYS_axi_vdma_0_0.dcp.
INFO: [IP_Flow 19-6926] IPCACHE: added file to list for BOM: c:/code/RFC-8439-fpga-implementation/AES-Cam-on-PYNQ-Z2-main/AES-Cam-on-PYNQ-Z2-main/AES_SYS/AES_SYS.gen/sources_1/bd/AES_SYS/ip/AES_SYS_axi_vdma_0_0/AES_SYS_axi_vdma_0_0.dcp
INFO: [IP_Flow 19-6928] IPCACHE: copied cached file c:/code/RFC-8439-fpga-implementation/AES-Cam-on-PYNQ-Z2-main/AES-Cam-on-PYNQ-Z2-main/AES_SYS/AES_SYS.cache/ip/2023.2/3/b/3b00fd1d5e697a5a/AES_SYS_axi_vdma_0_0_sim_netlist.v to c:/code/RFC-8439-fpga-implementation/AES-Cam-on-PYNQ-Z2-main/AES-Cam-on-PYNQ-Z2-main/AES_SYS/AES_SYS.gen/sources_1/bd/AES_SYS/ip/AES_SYS_axi_vdma_0_0/AES_SYS_axi_vdma_0_0_sim_netlist.v.
INFO: [IP_Flow 19-6926] IPCACHE: added file to list for BOM: c:/code/RFC-8439-fpga-implementation/AES-Cam-on-PYNQ-Z2-main/AES-Cam-on-PYNQ-Z2-main/AES_SYS/AES_SYS.gen/sources_1/bd/AES_SYS/ip/AES_SYS_axi_vdma_0_0/AES_SYS_axi_vdma_0_0_sim_netlist.v
INFO: [IP_Flow 19-6928] IPCACHE: copied cached file c:/code/RFC-8439-fpga-implementation/AES-Cam-on-PYNQ-Z2-main/AES-Cam-on-PYNQ-Z2-main/AES_SYS/AES_SYS.cache/ip/2023.2/3/b/3b00fd1d5e697a5a/AES_SYS_axi_vdma_0_0_sim_netlist.vhdl to c:/code/RFC-8439-fpga-implementation/AES-Cam-on-PYNQ-Z2-main/AES-Cam-on-PYNQ-Z2-main/AES_SYS/AES_SYS.gen/sources_1/bd/AES_SYS/ip/AES_SYS_axi_vdma_0_0/AES_SYS_axi_vdma_0_0_sim_netlist.vhdl.
INFO: [IP_Flow 19-6926] IPCACHE: added file to list for BOM: c:/code/RFC-8439-fpga-implementation/AES-Cam-on-PYNQ-Z2-main/AES-Cam-on-PYNQ-Z2-main/AES_SYS/AES_SYS.gen/sources_1/bd/AES_SYS/ip/AES_SYS_axi_vdma_0_0/AES_SYS_axi_vdma_0_0_sim_netlist.vhdl
INFO: [IP_Flow 19-6928] IPCACHE: copied cached file c:/code/RFC-8439-fpga-implementation/AES-Cam-on-PYNQ-Z2-main/AES-Cam-on-PYNQ-Z2-main/AES_SYS/AES_SYS.cache/ip/2023.2/3/b/3b00fd1d5e697a5a/AES_SYS_axi_vdma_0_0_stub.v to c:/code/RFC-8439-fpga-implementation/AES-Cam-on-PYNQ-Z2-main/AES-Cam-on-PYNQ-Z2-main/AES_SYS/AES_SYS.gen/sources_1/bd/AES_SYS/ip/AES_SYS_axi_vdma_0_0/AES_SYS_axi_vdma_0_0_stub.v.
INFO: [IP_Flow 19-6926] IPCACHE: added file to list for BOM: c:/code/RFC-8439-fpga-implementation/AES-Cam-on-PYNQ-Z2-main/AES-Cam-on-PYNQ-Z2-main/AES_SYS/AES_SYS.gen/sources_1/bd/AES_SYS/ip/AES_SYS_axi_vdma_0_0/AES_SYS_axi_vdma_0_0_stub.v
INFO: [IP_Flow 19-6928] IPCACHE: copied cached file c:/code/RFC-8439-fpga-implementation/AES-Cam-on-PYNQ-Z2-main/AES-Cam-on-PYNQ-Z2-main/AES_SYS/AES_SYS.cache/ip/2023.2/3/b/3b00fd1d5e697a5a/AES_SYS_axi_vdma_0_0_stub.vhdl to c:/code/RFC-8439-fpga-implementation/AES-Cam-on-PYNQ-Z2-main/AES-Cam-on-PYNQ-Z2-main/AES_SYS/AES_SYS.gen/sources_1/bd/AES_SYS/ip/AES_SYS_axi_vdma_0_0/AES_SYS_axi_vdma_0_0_stub.vhdl.
INFO: [IP_Flow 19-6926] IPCACHE: added file to list for BOM: c:/code/RFC-8439-fpga-implementation/AES-Cam-on-PYNQ-Z2-main/AES-Cam-on-PYNQ-Z2-main/AES_SYS/AES_SYS.gen/sources_1/bd/AES_SYS/ip/AES_SYS_axi_vdma_0_0/AES_SYS_axi_vdma_0_0_stub.vhdl
INFO: [IP_Flow 19-4993] Using cached IP synthesis design for IP AES_SYS_axi_vdma_0_0, cache-ID = 3b00fd1d5e697a5a; cache size = 170.562 MB.
catch { [ delete_ip_run [get_ips -all AES_SYS_axi_vdma_0_0] ] }
catch { config_ip_cache -export [get_ips -all AES_SYS_v_tc_0_0] }
INFO: [IP_Flow 19-6924] IPCACHE: Running cache check for IP inst: AES_SYS_v_tc_0_0
INFO: [IP_Flow 19-6922] IPCACHE: Exporting cached entry a6d85c86a6066d86 to dir: c:/code/RFC-8439-fpga-implementation/AES-Cam-on-PYNQ-Z2-main/AES-Cam-on-PYNQ-Z2-main/AES_SYS/AES_SYS.gen/sources_1/bd/AES_SYS/ip/AES_SYS_v_tc_0_0
INFO: [IP_Flow 19-6928] IPCACHE: copied cached file c:/code/RFC-8439-fpga-implementation/AES-Cam-on-PYNQ-Z2-main/AES-Cam-on-PYNQ-Z2-main/AES_SYS/AES_SYS.cache/ip/2023.2/a/6/a6d85c86a6066d86/AES_SYS_v_tc_0_0.dcp to c:/code/RFC-8439-fpga-implementation/AES-Cam-on-PYNQ-Z2-main/AES-Cam-on-PYNQ-Z2-main/AES_SYS/AES_SYS.gen/sources_1/bd/AES_SYS/ip/AES_SYS_v_tc_0_0/AES_SYS_v_tc_0_0.dcp.
INFO: [IP_Flow 19-6926] IPCACHE: added file to list for BOM: c:/code/RFC-8439-fpga-implementation/AES-Cam-on-PYNQ-Z2-main/AES-Cam-on-PYNQ-Z2-main/AES_SYS/AES_SYS.gen/sources_1/bd/AES_SYS/ip/AES_SYS_v_tc_0_0/AES_SYS_v_tc_0_0.dcp
INFO: [IP_Flow 19-6928] IPCACHE: copied cached file c:/code/RFC-8439-fpga-implementation/AES-Cam-on-PYNQ-Z2-main/AES-Cam-on-PYNQ-Z2-main/AES_SYS/AES_SYS.cache/ip/2023.2/a/6/a6d85c86a6066d86/AES_SYS_v_tc_0_0_sim_netlist.v to c:/code/RFC-8439-fpga-implementation/AES-Cam-on-PYNQ-Z2-main/AES-Cam-on-PYNQ-Z2-main/AES_SYS/AES_SYS.gen/sources_1/bd/AES_SYS/ip/AES_SYS_v_tc_0_0/AES_SYS_v_tc_0_0_sim_netlist.v.
INFO: [IP_Flow 19-6926] IPCACHE: added file to list for BOM: c:/code/RFC-8439-fpga-implementation/AES-Cam-on-PYNQ-Z2-main/AES-Cam-on-PYNQ-Z2-main/AES_SYS/AES_SYS.gen/sources_1/bd/AES_SYS/ip/AES_SYS_v_tc_0_0/AES_SYS_v_tc_0_0_sim_netlist.v
INFO: [IP_Flow 19-6928] IPCACHE: copied cached file c:/code/RFC-8439-fpga-implementation/AES-Cam-on-PYNQ-Z2-main/AES-Cam-on-PYNQ-Z2-main/AES_SYS/AES_SYS.cache/ip/2023.2/a/6/a6d85c86a6066d86/AES_SYS_v_tc_0_0_sim_netlist.vhdl to c:/code/RFC-8439-fpga-implementation/AES-Cam-on-PYNQ-Z2-main/AES-Cam-on-PYNQ-Z2-main/AES_SYS/AES_SYS.gen/sources_1/bd/AES_SYS/ip/AES_SYS_v_tc_0_0/AES_SYS_v_tc_0_0_sim_netlist.vhdl.
INFO: [IP_Flow 19-6926] IPCACHE: added file to list for BOM: c:/code/RFC-8439-fpga-implementation/AES-Cam-on-PYNQ-Z2-main/AES-Cam-on-PYNQ-Z2-main/AES_SYS/AES_SYS.gen/sources_1/bd/AES_SYS/ip/AES_SYS_v_tc_0_0/AES_SYS_v_tc_0_0_sim_netlist.vhdl
INFO: [IP_Flow 19-6928] IPCACHE: copied cached file c:/code/RFC-8439-fpga-implementation/AES-Cam-on-PYNQ-Z2-main/AES-Cam-on-PYNQ-Z2-main/AES_SYS/AES_SYS.cache/ip/2023.2/a/6/a6d85c86a6066d86/AES_SYS_v_tc_0_0_stub.v to c:/code/RFC-8439-fpga-implementation/AES-Cam-on-PYNQ-Z2-main/AES-Cam-on-PYNQ-Z2-main/AES_SYS/AES_SYS.gen/sources_1/bd/AES_SYS/ip/AES_SYS_v_tc_0_0/AES_SYS_v_tc_0_0_stub.v.
INFO: [IP_Flow 19-6926] IPCACHE: added file to list for BOM: c:/code/RFC-8439-fpga-implementation/AES-Cam-on-PYNQ-Z2-main/AES-Cam-on-PYNQ-Z2-main/AES_SYS/AES_SYS.gen/sources_1/bd/AES_SYS/ip/AES_SYS_v_tc_0_0/AES_SYS_v_tc_0_0_stub.v
INFO: [IP_Flow 19-6928] IPCACHE: copied cached file c:/code/RFC-8439-fpga-implementation/AES-Cam-on-PYNQ-Z2-main/AES-Cam-on-PYNQ-Z2-main/AES_SYS/AES_SYS.cache/ip/2023.2/a/6/a6d85c86a6066d86/AES_SYS_v_tc_0_0_stub.vhdl to c:/code/RFC-8439-fpga-implementation/AES-Cam-on-PYNQ-Z2-main/AES-Cam-on-PYNQ-Z2-main/AES_SYS/AES_SYS.gen/sources_1/bd/AES_SYS/ip/AES_SYS_v_tc_0_0/AES_SYS_v_tc_0_0_stub.vhdl.
INFO: [IP_Flow 19-6926] IPCACHE: added file to list for BOM: c:/code/RFC-8439-fpga-implementation/AES-Cam-on-PYNQ-Z2-main/AES-Cam-on-PYNQ-Z2-main/AES_SYS/AES_SYS.gen/sources_1/bd/AES_SYS/ip/AES_SYS_v_tc_0_0/AES_SYS_v_tc_0_0_stub.vhdl
INFO: [IP_Flow 19-4993] Using cached IP synthesis design for IP AES_SYS_v_tc_0_0, cache-ID = a6d85c86a6066d86; cache size = 170.562 MB.
catch { [ delete_ip_run [get_ips -all AES_SYS_v_tc_0_0] ] }
catch { config_ip_cache -export [get_ips -all AES_SYS_v_axi4s_vid_out_0_0] }
INFO: [IP_Flow 19-6924] IPCACHE: Running cache check for IP inst: AES_SYS_v_axi4s_vid_out_0_0
INFO: [IP_Flow 19-6922] IPCACHE: Exporting cached entry 56389baf2527cf07 to dir: c:/code/RFC-8439-fpga-implementation/AES-Cam-on-PYNQ-Z2-main/AES-Cam-on-PYNQ-Z2-main/AES_SYS/AES_SYS.gen/sources_1/bd/AES_SYS/ip/AES_SYS_v_axi4s_vid_out_0_0
INFO: [IP_Flow 19-6928] IPCACHE: copied cached file c:/code/RFC-8439-fpga-implementation/AES-Cam-on-PYNQ-Z2-main/AES-Cam-on-PYNQ-Z2-main/AES_SYS/AES_SYS.cache/ip/2023.2/5/6/56389baf2527cf07/AES_SYS_v_axi4s_vid_out_0_0.dcp to c:/code/RFC-8439-fpga-implementation/AES-Cam-on-PYNQ-Z2-main/AES-Cam-on-PYNQ-Z2-main/AES_SYS/AES_SYS.gen/sources_1/bd/AES_SYS/ip/AES_SYS_v_axi4s_vid_out_0_0/AES_SYS_v_axi4s_vid_out_0_0.dcp.
INFO: [IP_Flow 19-6926] IPCACHE: added file to list for BOM: c:/code/RFC-8439-fpga-implementation/AES-Cam-on-PYNQ-Z2-main/AES-Cam-on-PYNQ-Z2-main/AES_SYS/AES_SYS.gen/sources_1/bd/AES_SYS/ip/AES_SYS_v_axi4s_vid_out_0_0/AES_SYS_v_axi4s_vid_out_0_0.dcp
INFO: [IP_Flow 19-6928] IPCACHE: copied cached file c:/code/RFC-8439-fpga-implementation/AES-Cam-on-PYNQ-Z2-main/AES-Cam-on-PYNQ-Z2-main/AES_SYS/AES_SYS.cache/ip/2023.2/5/6/56389baf2527cf07/AES_SYS_v_axi4s_vid_out_0_0_sim_netlist.v to c:/code/RFC-8439-fpga-implementation/AES-Cam-on-PYNQ-Z2-main/AES-Cam-on-PYNQ-Z2-main/AES_SYS/AES_SYS.gen/sources_1/bd/AES_SYS/ip/AES_SYS_v_axi4s_vid_out_0_0/AES_SYS_v_axi4s_vid_out_0_0_sim_netlist.v.
INFO: [IP_Flow 19-6926] IPCACHE: added file to list for BOM: c:/code/RFC-8439-fpga-implementation/AES-Cam-on-PYNQ-Z2-main/AES-Cam-on-PYNQ-Z2-main/AES_SYS/AES_SYS.gen/sources_1/bd/AES_SYS/ip/AES_SYS_v_axi4s_vid_out_0_0/AES_SYS_v_axi4s_vid_out_0_0_sim_netlist.v
INFO: [IP_Flow 19-6928] IPCACHE: copied cached file c:/code/RFC-8439-fpga-implementation/AES-Cam-on-PYNQ-Z2-main/AES-Cam-on-PYNQ-Z2-main/AES_SYS/AES_SYS.cache/ip/2023.2/5/6/56389baf2527cf07/AES_SYS_v_axi4s_vid_out_0_0_sim_netlist.vhdl to c:/code/RFC-8439-fpga-implementation/AES-Cam-on-PYNQ-Z2-main/AES-Cam-on-PYNQ-Z2-main/AES_SYS/AES_SYS.gen/sources_1/bd/AES_SYS/ip/AES_SYS_v_axi4s_vid_out_0_0/AES_SYS_v_axi4s_vid_out_0_0_sim_netlist.vhdl.
INFO: [IP_Flow 19-6926] IPCACHE: added file to list for BOM: c:/code/RFC-8439-fpga-implementation/AES-Cam-on-PYNQ-Z2-main/AES-Cam-on-PYNQ-Z2-main/AES_SYS/AES_SYS.gen/sources_1/bd/AES_SYS/ip/AES_SYS_v_axi4s_vid_out_0_0/AES_SYS_v_axi4s_vid_out_0_0_sim_netlist.vhdl
INFO: [IP_Flow 19-6928] IPCACHE: copied cached file c:/code/RFC-8439-fpga-implementation/AES-Cam-on-PYNQ-Z2-main/AES-Cam-on-PYNQ-Z2-main/AES_SYS/AES_SYS.cache/ip/2023.2/5/6/56389baf2527cf07/AES_SYS_v_axi4s_vid_out_0_0_stub.v to c:/code/RFC-8439-fpga-implementation/AES-Cam-on-PYNQ-Z2-main/AES-Cam-on-PYNQ-Z2-main/AES_SYS/AES_SYS.gen/sources_1/bd/AES_SYS/ip/AES_SYS_v_axi4s_vid_out_0_0/AES_SYS_v_axi4s_vid_out_0_0_stub.v.
INFO: [IP_Flow 19-6926] IPCACHE: added file to list for BOM: c:/code/RFC-8439-fpga-implementation/AES-Cam-on-PYNQ-Z2-main/AES-Cam-on-PYNQ-Z2-main/AES_SYS/AES_SYS.gen/sources_1/bd/AES_SYS/ip/AES_SYS_v_axi4s_vid_out_0_0/AES_SYS_v_axi4s_vid_out_0_0_stub.v
INFO: [IP_Flow 19-6928] IPCACHE: copied cached file c:/code/RFC-8439-fpga-implementation/AES-Cam-on-PYNQ-Z2-main/AES-Cam-on-PYNQ-Z2-main/AES_SYS/AES_SYS.cache/ip/2023.2/5/6/56389baf2527cf07/AES_SYS_v_axi4s_vid_out_0_0_stub.vhdl to c:/code/RFC-8439-fpga-implementation/AES-Cam-on-PYNQ-Z2-main/AES-Cam-on-PYNQ-Z2-main/AES_SYS/AES_SYS.gen/sources_1/bd/AES_SYS/ip/AES_SYS_v_axi4s_vid_out_0_0/AES_SYS_v_axi4s_vid_out_0_0_stub.vhdl.
INFO: [IP_Flow 19-6926] IPCACHE: added file to list for BOM: c:/code/RFC-8439-fpga-implementation/AES-Cam-on-PYNQ-Z2-main/AES-Cam-on-PYNQ-Z2-main/AES_SYS/AES_SYS.gen/sources_1/bd/AES_SYS/ip/AES_SYS_v_axi4s_vid_out_0_0/AES_SYS_v_axi4s_vid_out_0_0_stub.vhdl
INFO: [IP_Flow 19-4993] Using cached IP synthesis design for IP AES_SYS_v_axi4s_vid_out_0_0, cache-ID = 56389baf2527cf07; cache size = 170.562 MB.
catch { [ delete_ip_run [get_ips -all AES_SYS_v_axi4s_vid_out_0_0] ] }
catch { config_ip_cache -export [get_ips -all AES_SYS_rgb2dvi_0_0] }
INFO: [IP_Flow 19-6924] IPCACHE: Running cache check for IP inst: AES_SYS_rgb2dvi_0_0
catch { config_ip_cache -export [get_ips -all AES_SYS_clk_wiz_0_0] }
INFO: [IP_Flow 19-6924] IPCACHE: Running cache check for IP inst: AES_SYS_clk_wiz_0_0
INFO: [IP_Flow 19-6922] IPCACHE: Exporting cached entry 7e4fec02c211af78 to dir: c:/code/RFC-8439-fpga-implementation/AES-Cam-on-PYNQ-Z2-main/AES-Cam-on-PYNQ-Z2-main/AES_SYS/AES_SYS.gen/sources_1/bd/AES_SYS/ip/AES_SYS_clk_wiz_0_0
INFO: [IP_Flow 19-6928] IPCACHE: copied cached file c:/code/RFC-8439-fpga-implementation/AES-Cam-on-PYNQ-Z2-main/AES-Cam-on-PYNQ-Z2-main/AES_SYS/AES_SYS.cache/ip/2023.2/7/e/7e4fec02c211af78/AES_SYS_clk_wiz_0_0.dcp to c:/code/RFC-8439-fpga-implementation/AES-Cam-on-PYNQ-Z2-main/AES-Cam-on-PYNQ-Z2-main/AES_SYS/AES_SYS.gen/sources_1/bd/AES_SYS/ip/AES_SYS_clk_wiz_0_0/AES_SYS_clk_wiz_0_0.dcp.
INFO: [IP_Flow 19-6926] IPCACHE: added file to list for BOM: c:/code/RFC-8439-fpga-implementation/AES-Cam-on-PYNQ-Z2-main/AES-Cam-on-PYNQ-Z2-main/AES_SYS/AES_SYS.gen/sources_1/bd/AES_SYS/ip/AES_SYS_clk_wiz_0_0/AES_SYS_clk_wiz_0_0.dcp
INFO: [IP_Flow 19-6928] IPCACHE: copied cached file c:/code/RFC-8439-fpga-implementation/AES-Cam-on-PYNQ-Z2-main/AES-Cam-on-PYNQ-Z2-main/AES_SYS/AES_SYS.cache/ip/2023.2/7/e/7e4fec02c211af78/AES_SYS_clk_wiz_0_0_sim_netlist.v to c:/code/RFC-8439-fpga-implementation/AES-Cam-on-PYNQ-Z2-main/AES-Cam-on-PYNQ-Z2-main/AES_SYS/AES_SYS.gen/sources_1/bd/AES_SYS/ip/AES_SYS_clk_wiz_0_0/AES_SYS_clk_wiz_0_0_sim_netlist.v.
INFO: [IP_Flow 19-6926] IPCACHE: added file to list for BOM: c:/code/RFC-8439-fpga-implementation/AES-Cam-on-PYNQ-Z2-main/AES-Cam-on-PYNQ-Z2-main/AES_SYS/AES_SYS.gen/sources_1/bd/AES_SYS/ip/AES_SYS_clk_wiz_0_0/AES_SYS_clk_wiz_0_0_sim_netlist.v
INFO: [IP_Flow 19-6928] IPCACHE: copied cached file c:/code/RFC-8439-fpga-implementation/AES-Cam-on-PYNQ-Z2-main/AES-Cam-on-PYNQ-Z2-main/AES_SYS/AES_SYS.cache/ip/2023.2/7/e/7e4fec02c211af78/AES_SYS_clk_wiz_0_0_sim_netlist.vhdl to c:/code/RFC-8439-fpga-implementation/AES-Cam-on-PYNQ-Z2-main/AES-Cam-on-PYNQ-Z2-main/AES_SYS/AES_SYS.gen/sources_1/bd/AES_SYS/ip/AES_SYS_clk_wiz_0_0/AES_SYS_clk_wiz_0_0_sim_netlist.vhdl.
INFO: [IP_Flow 19-6926] IPCACHE: added file to list for BOM: c:/code/RFC-8439-fpga-implementation/AES-Cam-on-PYNQ-Z2-main/AES-Cam-on-PYNQ-Z2-main/AES_SYS/AES_SYS.gen/sources_1/bd/AES_SYS/ip/AES_SYS_clk_wiz_0_0/AES_SYS_clk_wiz_0_0_sim_netlist.vhdl
INFO: [IP_Flow 19-6928] IPCACHE: copied cached file c:/code/RFC-8439-fpga-implementation/AES-Cam-on-PYNQ-Z2-main/AES-Cam-on-PYNQ-Z2-main/AES_SYS/AES_SYS.cache/ip/2023.2/7/e/7e4fec02c211af78/AES_SYS_clk_wiz_0_0_stub.v to c:/code/RFC-8439-fpga-implementation/AES-Cam-on-PYNQ-Z2-main/AES-Cam-on-PYNQ-Z2-main/AES_SYS/AES_SYS.gen/sources_1/bd/AES_SYS/ip/AES_SYS_clk_wiz_0_0/AES_SYS_clk_wiz_0_0_stub.v.
INFO: [IP_Flow 19-6926] IPCACHE: added file to list for BOM: c:/code/RFC-8439-fpga-implementation/AES-Cam-on-PYNQ-Z2-main/AES-Cam-on-PYNQ-Z2-main/AES_SYS/AES_SYS.gen/sources_1/bd/AES_SYS/ip/AES_SYS_clk_wiz_0_0/AES_SYS_clk_wiz_0_0_stub.v
INFO: [IP_Flow 19-6928] IPCACHE: copied cached file c:/code/RFC-8439-fpga-implementation/AES-Cam-on-PYNQ-Z2-main/AES-Cam-on-PYNQ-Z2-main/AES_SYS/AES_SYS.cache/ip/2023.2/7/e/7e4fec02c211af78/AES_SYS_clk_wiz_0_0_stub.vhdl to c:/code/RFC-8439-fpga-implementation/AES-Cam-on-PYNQ-Z2-main/AES-Cam-on-PYNQ-Z2-main/AES_SYS/AES_SYS.gen/sources_1/bd/AES_SYS/ip/AES_SYS_clk_wiz_0_0/AES_SYS_clk_wiz_0_0_stub.vhdl.
INFO: [IP_Flow 19-6926] IPCACHE: added file to list for BOM: c:/code/RFC-8439-fpga-implementation/AES-Cam-on-PYNQ-Z2-main/AES-Cam-on-PYNQ-Z2-main/AES_SYS/AES_SYS.gen/sources_1/bd/AES_SYS/ip/AES_SYS_clk_wiz_0_0/AES_SYS_clk_wiz_0_0_stub.vhdl
INFO: [IP_Flow 19-4993] Using cached IP synthesis design for IP AES_SYS_clk_wiz_0_0, cache-ID = 7e4fec02c211af78; cache size = 170.562 MB.
catch { [ delete_ip_run [get_ips -all AES_SYS_clk_wiz_0_0] ] }
catch { config_ip_cache -export [get_ips -all AES_SYS_axi_intc_0_0] }
INFO: [IP_Flow 19-6924] IPCACHE: Running cache check for IP inst: AES_SYS_axi_intc_0_0
INFO: [IP_Flow 19-6922] IPCACHE: Exporting cached entry 365a8f431bead7a2 to dir: c:/code/RFC-8439-fpga-implementation/AES-Cam-on-PYNQ-Z2-main/AES-Cam-on-PYNQ-Z2-main/AES_SYS/AES_SYS.gen/sources_1/bd/AES_SYS/ip/AES_SYS_axi_intc_0_0
INFO: [IP_Flow 19-6928] IPCACHE: copied cached file c:/code/RFC-8439-fpga-implementation/AES-Cam-on-PYNQ-Z2-main/AES-Cam-on-PYNQ-Z2-main/AES_SYS/AES_SYS.cache/ip/2023.2/3/6/365a8f431bead7a2/AES_SYS_axi_intc_0_0.dcp to c:/code/RFC-8439-fpga-implementation/AES-Cam-on-PYNQ-Z2-main/AES-Cam-on-PYNQ-Z2-main/AES_SYS/AES_SYS.gen/sources_1/bd/AES_SYS/ip/AES_SYS_axi_intc_0_0/AES_SYS_axi_intc_0_0.dcp.
INFO: [IP_Flow 19-6926] IPCACHE: added file to list for BOM: c:/code/RFC-8439-fpga-implementation/AES-Cam-on-PYNQ-Z2-main/AES-Cam-on-PYNQ-Z2-main/AES_SYS/AES_SYS.gen/sources_1/bd/AES_SYS/ip/AES_SYS_axi_intc_0_0/AES_SYS_axi_intc_0_0.dcp
INFO: [IP_Flow 19-6928] IPCACHE: copied cached file c:/code/RFC-8439-fpga-implementation/AES-Cam-on-PYNQ-Z2-main/AES-Cam-on-PYNQ-Z2-main/AES_SYS/AES_SYS.cache/ip/2023.2/3/6/365a8f431bead7a2/AES_SYS_axi_intc_0_0_sim_netlist.v to c:/code/RFC-8439-fpga-implementation/AES-Cam-on-PYNQ-Z2-main/AES-Cam-on-PYNQ-Z2-main/AES_SYS/AES_SYS.gen/sources_1/bd/AES_SYS/ip/AES_SYS_axi_intc_0_0/AES_SYS_axi_intc_0_0_sim_netlist.v.
INFO: [IP_Flow 19-6926] IPCACHE: added file to list for BOM: c:/code/RFC-8439-fpga-implementation/AES-Cam-on-PYNQ-Z2-main/AES-Cam-on-PYNQ-Z2-main/AES_SYS/AES_SYS.gen/sources_1/bd/AES_SYS/ip/AES_SYS_axi_intc_0_0/AES_SYS_axi_intc_0_0_sim_netlist.v
INFO: [IP_Flow 19-6928] IPCACHE: copied cached file c:/code/RFC-8439-fpga-implementation/AES-Cam-on-PYNQ-Z2-main/AES-Cam-on-PYNQ-Z2-main/AES_SYS/AES_SYS.cache/ip/2023.2/3/6/365a8f431bead7a2/AES_SYS_axi_intc_0_0_sim_netlist.vhdl to c:/code/RFC-8439-fpga-implementation/AES-Cam-on-PYNQ-Z2-main/AES-Cam-on-PYNQ-Z2-main/AES_SYS/AES_SYS.gen/sources_1/bd/AES_SYS/ip/AES_SYS_axi_intc_0_0/AES_SYS_axi_intc_0_0_sim_netlist.vhdl.
INFO: [IP_Flow 19-6926] IPCACHE: added file to list for BOM: c:/code/RFC-8439-fpga-implementation/AES-Cam-on-PYNQ-Z2-main/AES-Cam-on-PYNQ-Z2-main/AES_SYS/AES_SYS.gen/sources_1/bd/AES_SYS/ip/AES_SYS_axi_intc_0_0/AES_SYS_axi_intc_0_0_sim_netlist.vhdl
INFO: [IP_Flow 19-6928] IPCACHE: copied cached file c:/code/RFC-8439-fpga-implementation/AES-Cam-on-PYNQ-Z2-main/AES-Cam-on-PYNQ-Z2-main/AES_SYS/AES_SYS.cache/ip/2023.2/3/6/365a8f431bead7a2/AES_SYS_axi_intc_0_0_stub.v to c:/code/RFC-8439-fpga-implementation/AES-Cam-on-PYNQ-Z2-main/AES-Cam-on-PYNQ-Z2-main/AES_SYS/AES_SYS.gen/sources_1/bd/AES_SYS/ip/AES_SYS_axi_intc_0_0/AES_SYS_axi_intc_0_0_stub.v.
INFO: [IP_Flow 19-6926] IPCACHE: added file to list for BOM: c:/code/RFC-8439-fpga-implementation/AES-Cam-on-PYNQ-Z2-main/AES-Cam-on-PYNQ-Z2-main/AES_SYS/AES_SYS.gen/sources_1/bd/AES_SYS/ip/AES_SYS_axi_intc_0_0/AES_SYS_axi_intc_0_0_stub.v
INFO: [IP_Flow 19-6928] IPCACHE: copied cached file c:/code/RFC-8439-fpga-implementation/AES-Cam-on-PYNQ-Z2-main/AES-Cam-on-PYNQ-Z2-main/AES_SYS/AES_SYS.cache/ip/2023.2/3/6/365a8f431bead7a2/AES_SYS_axi_intc_0_0_stub.vhdl to c:/code/RFC-8439-fpga-implementation/AES-Cam-on-PYNQ-Z2-main/AES-Cam-on-PYNQ-Z2-main/AES_SYS/AES_SYS.gen/sources_1/bd/AES_SYS/ip/AES_SYS_axi_intc_0_0/AES_SYS_axi_intc_0_0_stub.vhdl.
INFO: [IP_Flow 19-6926] IPCACHE: added file to list for BOM: c:/code/RFC-8439-fpga-implementation/AES-Cam-on-PYNQ-Z2-main/AES-Cam-on-PYNQ-Z2-main/AES_SYS/AES_SYS.gen/sources_1/bd/AES_SYS/ip/AES_SYS_axi_intc_0_0/AES_SYS_axi_intc_0_0_stub.vhdl
INFO: [IP_Flow 19-4993] Using cached IP synthesis design for IP AES_SYS_axi_intc_0_0, cache-ID = 365a8f431bead7a2; cache size = 170.562 MB.
catch { [ delete_ip_run [get_ips -all AES_SYS_axi_intc_0_0] ] }
catch { config_ip_cache -export [get_ips -all AES_SYS_xbar_0] }
INFO: [IP_Flow 19-6924] IPCACHE: Running cache check for IP inst: AES_SYS_xbar_0
INFO: [IP_Flow 19-6922] IPCACHE: Exporting cached entry 61901ab1b25ea8cf to dir: c:/code/RFC-8439-fpga-implementation/AES-Cam-on-PYNQ-Z2-main/AES-Cam-on-PYNQ-Z2-main/AES_SYS/AES_SYS.gen/sources_1/bd/AES_SYS/ip/AES_SYS_xbar_0
INFO: [IP_Flow 19-6928] IPCACHE: copied cached file c:/code/RFC-8439-fpga-implementation/AES-Cam-on-PYNQ-Z2-main/AES-Cam-on-PYNQ-Z2-main/AES_SYS/AES_SYS.cache/ip/2023.2/6/1/61901ab1b25ea8cf/AES_SYS_xbar_0.dcp to c:/code/RFC-8439-fpga-implementation/AES-Cam-on-PYNQ-Z2-main/AES-Cam-on-PYNQ-Z2-main/AES_SYS/AES_SYS.gen/sources_1/bd/AES_SYS/ip/AES_SYS_xbar_0/AES_SYS_xbar_0.dcp.
INFO: [IP_Flow 19-6926] IPCACHE: added file to list for BOM: c:/code/RFC-8439-fpga-implementation/AES-Cam-on-PYNQ-Z2-main/AES-Cam-on-PYNQ-Z2-main/AES_SYS/AES_SYS.gen/sources_1/bd/AES_SYS/ip/AES_SYS_xbar_0/AES_SYS_xbar_0.dcp
INFO: [IP_Flow 19-6928] IPCACHE: copied cached file c:/code/RFC-8439-fpga-implementation/AES-Cam-on-PYNQ-Z2-main/AES-Cam-on-PYNQ-Z2-main/AES_SYS/AES_SYS.cache/ip/2023.2/6/1/61901ab1b25ea8cf/AES_SYS_xbar_0_sim_netlist.v to c:/code/RFC-8439-fpga-implementation/AES-Cam-on-PYNQ-Z2-main/AES-Cam-on-PYNQ-Z2-main/AES_SYS/AES_SYS.gen/sources_1/bd/AES_SYS/ip/AES_SYS_xbar_0/AES_SYS_xbar_0_sim_netlist.v.
INFO: [IP_Flow 19-6926] IPCACHE: added file to list for BOM: c:/code/RFC-8439-fpga-implementation/AES-Cam-on-PYNQ-Z2-main/AES-Cam-on-PYNQ-Z2-main/AES_SYS/AES_SYS.gen/sources_1/bd/AES_SYS/ip/AES_SYS_xbar_0/AES_SYS_xbar_0_sim_netlist.v
INFO: [IP_Flow 19-6928] IPCACHE: copied cached file c:/code/RFC-8439-fpga-implementation/AES-Cam-on-PYNQ-Z2-main/AES-Cam-on-PYNQ-Z2-main/AES_SYS/AES_SYS.cache/ip/2023.2/6/1/61901ab1b25ea8cf/AES_SYS_xbar_0_sim_netlist.vhdl to c:/code/RFC-8439-fpga-implementation/AES-Cam-on-PYNQ-Z2-main/AES-Cam-on-PYNQ-Z2-main/AES_SYS/AES_SYS.gen/sources_1/bd/AES_SYS/ip/AES_SYS_xbar_0/AES_SYS_xbar_0_sim_netlist.vhdl.
INFO: [IP_Flow 19-6926] IPCACHE: added file to list for BOM: c:/code/RFC-8439-fpga-implementation/AES-Cam-on-PYNQ-Z2-main/AES-Cam-on-PYNQ-Z2-main/AES_SYS/AES_SYS.gen/sources_1/bd/AES_SYS/ip/AES_SYS_xbar_0/AES_SYS_xbar_0_sim_netlist.vhdl
INFO: [IP_Flow 19-6928] IPCACHE: copied cached file c:/code/RFC-8439-fpga-implementation/AES-Cam-on-PYNQ-Z2-main/AES-Cam-on-PYNQ-Z2-main/AES_SYS/AES_SYS.cache/ip/2023.2/6/1/61901ab1b25ea8cf/AES_SYS_xbar_0_stub.v to c:/code/RFC-8439-fpga-implementation/AES-Cam-on-PYNQ-Z2-main/AES-Cam-on-PYNQ-Z2-main/AES_SYS/AES_SYS.gen/sources_1/bd/AES_SYS/ip/AES_SYS_xbar_0/AES_SYS_xbar_0_stub.v.
INFO: [IP_Flow 19-6926] IPCACHE: added file to list for BOM: c:/code/RFC-8439-fpga-implementation/AES-Cam-on-PYNQ-Z2-main/AES-Cam-on-PYNQ-Z2-main/AES_SYS/AES_SYS.gen/sources_1/bd/AES_SYS/ip/AES_SYS_xbar_0/AES_SYS_xbar_0_stub.v
INFO: [IP_Flow 19-6928] IPCACHE: copied cached file c:/code/RFC-8439-fpga-implementation/AES-Cam-on-PYNQ-Z2-main/AES-Cam-on-PYNQ-Z2-main/AES_SYS/AES_SYS.cache/ip/2023.2/6/1/61901ab1b25ea8cf/AES_SYS_xbar_0_stub.vhdl to c:/code/RFC-8439-fpga-implementation/AES-Cam-on-PYNQ-Z2-main/AES-Cam-on-PYNQ-Z2-main/AES_SYS/AES_SYS.gen/sources_1/bd/AES_SYS/ip/AES_SYS_xbar_0/AES_SYS_xbar_0_stub.vhdl.
INFO: [IP_Flow 19-6926] IPCACHE: added file to list for BOM: c:/code/RFC-8439-fpga-implementation/AES-Cam-on-PYNQ-Z2-main/AES-Cam-on-PYNQ-Z2-main/AES_SYS/AES_SYS.gen/sources_1/bd/AES_SYS/ip/AES_SYS_xbar_0/AES_SYS_xbar_0_stub.vhdl
INFO: [IP_Flow 19-4993] Using cached IP synthesis design for IP AES_SYS_xbar_0, cache-ID = 61901ab1b25ea8cf; cache size = 170.562 MB.
catch { [ delete_ip_run [get_ips -all AES_SYS_xbar_0] ] }
catch { config_ip_cache -export [get_ips -all AES_SYS_rst_ps7_0_100M_0] }
INFO: [IP_Flow 19-6924] IPCACHE: Running cache check for IP inst: AES_SYS_rst_ps7_0_100M_0
INFO: [IP_Flow 19-6922] IPCACHE: Exporting cached entry 28c5271c320dd50a to dir: c:/code/RFC-8439-fpga-implementation/AES-Cam-on-PYNQ-Z2-main/AES-Cam-on-PYNQ-Z2-main/AES_SYS/AES_SYS.gen/sources_1/bd/AES_SYS/ip/AES_SYS_rst_ps7_0_100M_0
INFO: [IP_Flow 19-6928] IPCACHE: copied cached file c:/code/RFC-8439-fpga-implementation/AES-Cam-on-PYNQ-Z2-main/AES-Cam-on-PYNQ-Z2-main/AES_SYS/AES_SYS.cache/ip/2023.2/2/8/28c5271c320dd50a/AES_SYS_rst_ps7_0_100M_0.dcp to c:/code/RFC-8439-fpga-implementation/AES-Cam-on-PYNQ-Z2-main/AES-Cam-on-PYNQ-Z2-main/AES_SYS/AES_SYS.gen/sources_1/bd/AES_SYS/ip/AES_SYS_rst_ps7_0_100M_0/AES_SYS_rst_ps7_0_100M_0.dcp.
INFO: [IP_Flow 19-6926] IPCACHE: added file to list for BOM: c:/code/RFC-8439-fpga-implementation/AES-Cam-on-PYNQ-Z2-main/AES-Cam-on-PYNQ-Z2-main/AES_SYS/AES_SYS.gen/sources_1/bd/AES_SYS/ip/AES_SYS_rst_ps7_0_100M_0/AES_SYS_rst_ps7_0_100M_0.dcp
INFO: [IP_Flow 19-6928] IPCACHE: copied cached file c:/code/RFC-8439-fpga-implementation/AES-Cam-on-PYNQ-Z2-main/AES-Cam-on-PYNQ-Z2-main/AES_SYS/AES_SYS.cache/ip/2023.2/2/8/28c5271c320dd50a/AES_SYS_rst_ps7_0_100M_0_sim_netlist.v to c:/code/RFC-8439-fpga-implementation/AES-Cam-on-PYNQ-Z2-main/AES-Cam-on-PYNQ-Z2-main/AES_SYS/AES_SYS.gen/sources_1/bd/AES_SYS/ip/AES_SYS_rst_ps7_0_100M_0/AES_SYS_rst_ps7_0_100M_0_sim_netlist.v.
INFO: [IP_Flow 19-6926] IPCACHE: added file to list for BOM: c:/code/RFC-8439-fpga-implementation/AES-Cam-on-PYNQ-Z2-main/AES-Cam-on-PYNQ-Z2-main/AES_SYS/AES_SYS.gen/sources_1/bd/AES_SYS/ip/AES_SYS_rst_ps7_0_100M_0/AES_SYS_rst_ps7_0_100M_0_sim_netlist.v
INFO: [IP_Flow 19-6928] IPCACHE: copied cached file c:/code/RFC-8439-fpga-implementation/AES-Cam-on-PYNQ-Z2-main/AES-Cam-on-PYNQ-Z2-main/AES_SYS/AES_SYS.cache/ip/2023.2/2/8/28c5271c320dd50a/AES_SYS_rst_ps7_0_100M_0_sim_netlist.vhdl to c:/code/RFC-8439-fpga-implementation/AES-Cam-on-PYNQ-Z2-main/AES-Cam-on-PYNQ-Z2-main/AES_SYS/AES_SYS.gen/sources_1/bd/AES_SYS/ip/AES_SYS_rst_ps7_0_100M_0/AES_SYS_rst_ps7_0_100M_0_sim_netlist.vhdl.
INFO: [IP_Flow 19-6926] IPCACHE: added file to list for BOM: c:/code/RFC-8439-fpga-implementation/AES-Cam-on-PYNQ-Z2-main/AES-Cam-on-PYNQ-Z2-main/AES_SYS/AES_SYS.gen/sources_1/bd/AES_SYS/ip/AES_SYS_rst_ps7_0_100M_0/AES_SYS_rst_ps7_0_100M_0_sim_netlist.vhdl
INFO: [IP_Flow 19-6928] IPCACHE: copied cached file c:/code/RFC-8439-fpga-implementation/AES-Cam-on-PYNQ-Z2-main/AES-Cam-on-PYNQ-Z2-main/AES_SYS/AES_SYS.cache/ip/2023.2/2/8/28c5271c320dd50a/AES_SYS_rst_ps7_0_100M_0_stub.v to c:/code/RFC-8439-fpga-implementation/AES-Cam-on-PYNQ-Z2-main/AES-Cam-on-PYNQ-Z2-main/AES_SYS/AES_SYS.gen/sources_1/bd/AES_SYS/ip/AES_SYS_rst_ps7_0_100M_0/AES_SYS_rst_ps7_0_100M_0_stub.v.
INFO: [IP_Flow 19-6926] IPCACHE: added file to list for BOM: c:/code/RFC-8439-fpga-implementation/AES-Cam-on-PYNQ-Z2-main/AES-Cam-on-PYNQ-Z2-main/AES_SYS/AES_SYS.gen/sources_1/bd/AES_SYS/ip/AES_SYS_rst_ps7_0_100M_0/AES_SYS_rst_ps7_0_100M_0_stub.v
INFO: [IP_Flow 19-6928] IPCACHE: copied cached file c:/code/RFC-8439-fpga-implementation/AES-Cam-on-PYNQ-Z2-main/AES-Cam-on-PYNQ-Z2-main/AES_SYS/AES_SYS.cache/ip/2023.2/2/8/28c5271c320dd50a/AES_SYS_rst_ps7_0_100M_0_stub.vhdl to c:/code/RFC-8439-fpga-implementation/AES-Cam-on-PYNQ-Z2-main/AES-Cam-on-PYNQ-Z2-main/AES_SYS/AES_SYS.gen/sources_1/bd/AES_SYS/ip/AES_SYS_rst_ps7_0_100M_0/AES_SYS_rst_ps7_0_100M_0_stub.vhdl.
INFO: [IP_Flow 19-6926] IPCACHE: added file to list for BOM: c:/code/RFC-8439-fpga-implementation/AES-Cam-on-PYNQ-Z2-main/AES-Cam-on-PYNQ-Z2-main/AES_SYS/AES_SYS.gen/sources_1/bd/AES_SYS/ip/AES_SYS_rst_ps7_0_100M_0/AES_SYS_rst_ps7_0_100M_0_stub.vhdl
INFO: [IP_Flow 19-4993] Using cached IP synthesis design for IP AES_SYS_rst_ps7_0_100M_0, cache-ID = 28c5271c320dd50a; cache size = 170.562 MB.
catch { [ delete_ip_run [get_ips -all AES_SYS_rst_ps7_0_100M_0] ] }
catch { config_ip_cache -export [get_ips -all AES_SYS_xbar_1] }
INFO: [IP_Flow 19-6924] IPCACHE: Running cache check for IP inst: AES_SYS_xbar_1
INFO: [IP_Flow 19-6922] IPCACHE: Exporting cached entry eb256fcf2d045e6d to dir: c:/code/RFC-8439-fpga-implementation/AES-Cam-on-PYNQ-Z2-main/AES-Cam-on-PYNQ-Z2-main/AES_SYS/AES_SYS.gen/sources_1/bd/AES_SYS/ip/AES_SYS_xbar_1
INFO: [IP_Flow 19-6928] IPCACHE: copied cached file c:/code/RFC-8439-fpga-implementation/AES-Cam-on-PYNQ-Z2-main/AES-Cam-on-PYNQ-Z2-main/AES_SYS/AES_SYS.cache/ip/2023.2/e/b/eb256fcf2d045e6d/AES_SYS_xbar_1.dcp to c:/code/RFC-8439-fpga-implementation/AES-Cam-on-PYNQ-Z2-main/AES-Cam-on-PYNQ-Z2-main/AES_SYS/AES_SYS.gen/sources_1/bd/AES_SYS/ip/AES_SYS_xbar_1/AES_SYS_xbar_1.dcp.
INFO: [IP_Flow 19-6926] IPCACHE: added file to list for BOM: c:/code/RFC-8439-fpga-implementation/AES-Cam-on-PYNQ-Z2-main/AES-Cam-on-PYNQ-Z2-main/AES_SYS/AES_SYS.gen/sources_1/bd/AES_SYS/ip/AES_SYS_xbar_1/AES_SYS_xbar_1.dcp
INFO: [IP_Flow 19-6928] IPCACHE: copied cached file c:/code/RFC-8439-fpga-implementation/AES-Cam-on-PYNQ-Z2-main/AES-Cam-on-PYNQ-Z2-main/AES_SYS/AES_SYS.cache/ip/2023.2/e/b/eb256fcf2d045e6d/AES_SYS_xbar_1_sim_netlist.v to c:/code/RFC-8439-fpga-implementation/AES-Cam-on-PYNQ-Z2-main/AES-Cam-on-PYNQ-Z2-main/AES_SYS/AES_SYS.gen/sources_1/bd/AES_SYS/ip/AES_SYS_xbar_1/AES_SYS_xbar_1_sim_netlist.v.
INFO: [IP_Flow 19-6926] IPCACHE: added file to list for BOM: c:/code/RFC-8439-fpga-implementation/AES-Cam-on-PYNQ-Z2-main/AES-Cam-on-PYNQ-Z2-main/AES_SYS/AES_SYS.gen/sources_1/bd/AES_SYS/ip/AES_SYS_xbar_1/AES_SYS_xbar_1_sim_netlist.v
INFO: [IP_Flow 19-6928] IPCACHE: copied cached file c:/code/RFC-8439-fpga-implementation/AES-Cam-on-PYNQ-Z2-main/AES-Cam-on-PYNQ-Z2-main/AES_SYS/AES_SYS.cache/ip/2023.2/e/b/eb256fcf2d045e6d/AES_SYS_xbar_1_sim_netlist.vhdl to c:/code/RFC-8439-fpga-implementation/AES-Cam-on-PYNQ-Z2-main/AES-Cam-on-PYNQ-Z2-main/AES_SYS/AES_SYS.gen/sources_1/bd/AES_SYS/ip/AES_SYS_xbar_1/AES_SYS_xbar_1_sim_netlist.vhdl.
INFO: [IP_Flow 19-6926] IPCACHE: added file to list for BOM: c:/code/RFC-8439-fpga-implementation/AES-Cam-on-PYNQ-Z2-main/AES-Cam-on-PYNQ-Z2-main/AES_SYS/AES_SYS.gen/sources_1/bd/AES_SYS/ip/AES_SYS_xbar_1/AES_SYS_xbar_1_sim_netlist.vhdl
INFO: [IP_Flow 19-6928] IPCACHE: copied cached file c:/code/RFC-8439-fpga-implementation/AES-Cam-on-PYNQ-Z2-main/AES-Cam-on-PYNQ-Z2-main/AES_SYS/AES_SYS.cache/ip/2023.2/e/b/eb256fcf2d045e6d/AES_SYS_xbar_1_stub.v to c:/code/RFC-8439-fpga-implementation/AES-Cam-on-PYNQ-Z2-main/AES-Cam-on-PYNQ-Z2-main/AES_SYS/AES_SYS.gen/sources_1/bd/AES_SYS/ip/AES_SYS_xbar_1/AES_SYS_xbar_1_stub.v.
INFO: [IP_Flow 19-6926] IPCACHE: added file to list for BOM: c:/code/RFC-8439-fpga-implementation/AES-Cam-on-PYNQ-Z2-main/AES-Cam-on-PYNQ-Z2-main/AES_SYS/AES_SYS.gen/sources_1/bd/AES_SYS/ip/AES_SYS_xbar_1/AES_SYS_xbar_1_stub.v
INFO: [IP_Flow 19-6928] IPCACHE: copied cached file c:/code/RFC-8439-fpga-implementation/AES-Cam-on-PYNQ-Z2-main/AES-Cam-on-PYNQ-Z2-main/AES_SYS/AES_SYS.cache/ip/2023.2/e/b/eb256fcf2d045e6d/AES_SYS_xbar_1_stub.vhdl to c:/code/RFC-8439-fpga-implementation/AES-Cam-on-PYNQ-Z2-main/AES-Cam-on-PYNQ-Z2-main/AES_SYS/AES_SYS.gen/sources_1/bd/AES_SYS/ip/AES_SYS_xbar_1/AES_SYS_xbar_1_stub.vhdl.
INFO: [IP_Flow 19-6926] IPCACHE: added file to list for BOM: c:/code/RFC-8439-fpga-implementation/AES-Cam-on-PYNQ-Z2-main/AES-Cam-on-PYNQ-Z2-main/AES_SYS/AES_SYS.gen/sources_1/bd/AES_SYS/ip/AES_SYS_xbar_1/AES_SYS_xbar_1_stub.vhdl
INFO: [IP_Flow 19-4993] Using cached IP synthesis design for IP AES_SYS_xbar_1, cache-ID = eb256fcf2d045e6d; cache size = 170.562 MB.
catch { [ delete_ip_run [get_ips -all AES_SYS_xbar_1] ] }
catch { config_ip_cache -export [get_ips -all AES_SYS_axi_gpio_0_0] }
INFO: [IP_Flow 19-6924] IPCACHE: Running cache check for IP inst: AES_SYS_axi_gpio_0_0
catch { config_ip_cache -export [get_ips -all AES_SYS_axi_cdma_0_0] }
INFO: [IP_Flow 19-6924] IPCACHE: Running cache check for IP inst: AES_SYS_axi_cdma_0_0
INFO: [IP_Flow 19-6922] IPCACHE: Exporting cached entry 452fe64509ced060 to dir: c:/code/RFC-8439-fpga-implementation/AES-Cam-on-PYNQ-Z2-main/AES-Cam-on-PYNQ-Z2-main/AES_SYS/AES_SYS.gen/sources_1/bd/AES_SYS/ip/AES_SYS_axi_cdma_0_0
INFO: [IP_Flow 19-6928] IPCACHE: copied cached file c:/code/RFC-8439-fpga-implementation/AES-Cam-on-PYNQ-Z2-main/AES-Cam-on-PYNQ-Z2-main/AES_SYS/AES_SYS.cache/ip/2023.2/4/5/452fe64509ced060/AES_SYS_axi_cdma_0_0.dcp to c:/code/RFC-8439-fpga-implementation/AES-Cam-on-PYNQ-Z2-main/AES-Cam-on-PYNQ-Z2-main/AES_SYS/AES_SYS.gen/sources_1/bd/AES_SYS/ip/AES_SYS_axi_cdma_0_0/AES_SYS_axi_cdma_0_0.dcp.
INFO: [IP_Flow 19-6926] IPCACHE: added file to list for BOM: c:/code/RFC-8439-fpga-implementation/AES-Cam-on-PYNQ-Z2-main/AES-Cam-on-PYNQ-Z2-main/AES_SYS/AES_SYS.gen/sources_1/bd/AES_SYS/ip/AES_SYS_axi_cdma_0_0/AES_SYS_axi_cdma_0_0.dcp
INFO: [IP_Flow 19-6928] IPCACHE: copied cached file c:/code/RFC-8439-fpga-implementation/AES-Cam-on-PYNQ-Z2-main/AES-Cam-on-PYNQ-Z2-main/AES_SYS/AES_SYS.cache/ip/2023.2/4/5/452fe64509ced060/AES_SYS_axi_cdma_0_0_sim_netlist.v to c:/code/RFC-8439-fpga-implementation/AES-Cam-on-PYNQ-Z2-main/AES-Cam-on-PYNQ-Z2-main/AES_SYS/AES_SYS.gen/sources_1/bd/AES_SYS/ip/AES_SYS_axi_cdma_0_0/AES_SYS_axi_cdma_0_0_sim_netlist.v.
INFO: [IP_Flow 19-6926] IPCACHE: added file to list for BOM: c:/code/RFC-8439-fpga-implementation/AES-Cam-on-PYNQ-Z2-main/AES-Cam-on-PYNQ-Z2-main/AES_SYS/AES_SYS.gen/sources_1/bd/AES_SYS/ip/AES_SYS_axi_cdma_0_0/AES_SYS_axi_cdma_0_0_sim_netlist.v
INFO: [IP_Flow 19-6928] IPCACHE: copied cached file c:/code/RFC-8439-fpga-implementation/AES-Cam-on-PYNQ-Z2-main/AES-Cam-on-PYNQ-Z2-main/AES_SYS/AES_SYS.cache/ip/2023.2/4/5/452fe64509ced060/AES_SYS_axi_cdma_0_0_sim_netlist.vhdl to c:/code/RFC-8439-fpga-implementation/AES-Cam-on-PYNQ-Z2-main/AES-Cam-on-PYNQ-Z2-main/AES_SYS/AES_SYS.gen/sources_1/bd/AES_SYS/ip/AES_SYS_axi_cdma_0_0/AES_SYS_axi_cdma_0_0_sim_netlist.vhdl.
INFO: [IP_Flow 19-6926] IPCACHE: added file to list for BOM: c:/code/RFC-8439-fpga-implementation/AES-Cam-on-PYNQ-Z2-main/AES-Cam-on-PYNQ-Z2-main/AES_SYS/AES_SYS.gen/sources_1/bd/AES_SYS/ip/AES_SYS_axi_cdma_0_0/AES_SYS_axi_cdma_0_0_sim_netlist.vhdl
INFO: [IP_Flow 19-6928] IPCACHE: copied cached file c:/code/RFC-8439-fpga-implementation/AES-Cam-on-PYNQ-Z2-main/AES-Cam-on-PYNQ-Z2-main/AES_SYS/AES_SYS.cache/ip/2023.2/4/5/452fe64509ced060/AES_SYS_axi_cdma_0_0_stub.v to c:/code/RFC-8439-fpga-implementation/AES-Cam-on-PYNQ-Z2-main/AES-Cam-on-PYNQ-Z2-main/AES_SYS/AES_SYS.gen/sources_1/bd/AES_SYS/ip/AES_SYS_axi_cdma_0_0/AES_SYS_axi_cdma_0_0_stub.v.
INFO: [IP_Flow 19-6926] IPCACHE: added file to list for BOM: c:/code/RFC-8439-fpga-implementation/AES-Cam-on-PYNQ-Z2-main/AES-Cam-on-PYNQ-Z2-main/AES_SYS/AES_SYS.gen/sources_1/bd/AES_SYS/ip/AES_SYS_axi_cdma_0_0/AES_SYS_axi_cdma_0_0_stub.v
INFO: [IP_Flow 19-6928] IPCACHE: copied cached file c:/code/RFC-8439-fpga-implementation/AES-Cam-on-PYNQ-Z2-main/AES-Cam-on-PYNQ-Z2-main/AES_SYS/AES_SYS.cache/ip/2023.2/4/5/452fe64509ced060/AES_SYS_axi_cdma_0_0_stub.vhdl to c:/code/RFC-8439-fpga-implementation/AES-Cam-on-PYNQ-Z2-main/AES-Cam-on-PYNQ-Z2-main/AES_SYS/AES_SYS.gen/sources_1/bd/AES_SYS/ip/AES_SYS_axi_cdma_0_0/AES_SYS_axi_cdma_0_0_stub.vhdl.
INFO: [IP_Flow 19-6926] IPCACHE: added file to list for BOM: c:/code/RFC-8439-fpga-implementation/AES-Cam-on-PYNQ-Z2-main/AES-Cam-on-PYNQ-Z2-main/AES_SYS/AES_SYS.gen/sources_1/bd/AES_SYS/ip/AES_SYS_axi_cdma_0_0/AES_SYS_axi_cdma_0_0_stub.vhdl
INFO: [IP_Flow 19-4993] Using cached IP synthesis design for IP AES_SYS_axi_cdma_0_0, cache-ID = 452fe64509ced060; cache size = 170.562 MB.
catch { [ delete_ip_run [get_ips -all AES_SYS_axi_cdma_0_0] ] }
catch { config_ip_cache -export [get_ips -all AES_SYS_xbar_2] }
INFO: [IP_Flow 19-6924] IPCACHE: Running cache check for IP inst: AES_SYS_xbar_2
INFO: [IP_Flow 19-6922] IPCACHE: Exporting cached entry 9b7240f88eab916a to dir: c:/code/RFC-8439-fpga-implementation/AES-Cam-on-PYNQ-Z2-main/AES-Cam-on-PYNQ-Z2-main/AES_SYS/AES_SYS.gen/sources_1/bd/AES_SYS/ip/AES_SYS_xbar_2
INFO: [IP_Flow 19-6928] IPCACHE: copied cached file c:/code/RFC-8439-fpga-implementation/AES-Cam-on-PYNQ-Z2-main/AES-Cam-on-PYNQ-Z2-main/AES_SYS/AES_SYS.cache/ip/2023.2/9/b/9b7240f88eab916a/AES_SYS_xbar_2.dcp to c:/code/RFC-8439-fpga-implementation/AES-Cam-on-PYNQ-Z2-main/AES-Cam-on-PYNQ-Z2-main/AES_SYS/AES_SYS.gen/sources_1/bd/AES_SYS/ip/AES_SYS_xbar_2/AES_SYS_xbar_2.dcp.
INFO: [IP_Flow 19-6926] IPCACHE: added file to list for BOM: c:/code/RFC-8439-fpga-implementation/AES-Cam-on-PYNQ-Z2-main/AES-Cam-on-PYNQ-Z2-main/AES_SYS/AES_SYS.gen/sources_1/bd/AES_SYS/ip/AES_SYS_xbar_2/AES_SYS_xbar_2.dcp
INFO: [IP_Flow 19-6928] IPCACHE: copied cached file c:/code/RFC-8439-fpga-implementation/AES-Cam-on-PYNQ-Z2-main/AES-Cam-on-PYNQ-Z2-main/AES_SYS/AES_SYS.cache/ip/2023.2/9/b/9b7240f88eab916a/AES_SYS_xbar_2_sim_netlist.v to c:/code/RFC-8439-fpga-implementation/AES-Cam-on-PYNQ-Z2-main/AES-Cam-on-PYNQ-Z2-main/AES_SYS/AES_SYS.gen/sources_1/bd/AES_SYS/ip/AES_SYS_xbar_2/AES_SYS_xbar_2_sim_netlist.v.
INFO: [IP_Flow 19-6926] IPCACHE: added file to list for BOM: c:/code/RFC-8439-fpga-implementation/AES-Cam-on-PYNQ-Z2-main/AES-Cam-on-PYNQ-Z2-main/AES_SYS/AES_SYS.gen/sources_1/bd/AES_SYS/ip/AES_SYS_xbar_2/AES_SYS_xbar_2_sim_netlist.v
INFO: [IP_Flow 19-6928] IPCACHE: copied cached file c:/code/RFC-8439-fpga-implementation/AES-Cam-on-PYNQ-Z2-main/AES-Cam-on-PYNQ-Z2-main/AES_SYS/AES_SYS.cache/ip/2023.2/9/b/9b7240f88eab916a/AES_SYS_xbar_2_sim_netlist.vhdl to c:/code/RFC-8439-fpga-implementation/AES-Cam-on-PYNQ-Z2-main/AES-Cam-on-PYNQ-Z2-main/AES_SYS/AES_SYS.gen/sources_1/bd/AES_SYS/ip/AES_SYS_xbar_2/AES_SYS_xbar_2_sim_netlist.vhdl.
INFO: [IP_Flow 19-6926] IPCACHE: added file to list for BOM: c:/code/RFC-8439-fpga-implementation/AES-Cam-on-PYNQ-Z2-main/AES-Cam-on-PYNQ-Z2-main/AES_SYS/AES_SYS.gen/sources_1/bd/AES_SYS/ip/AES_SYS_xbar_2/AES_SYS_xbar_2_sim_netlist.vhdl
INFO: [IP_Flow 19-6928] IPCACHE: copied cached file c:/code/RFC-8439-fpga-implementation/AES-Cam-on-PYNQ-Z2-main/AES-Cam-on-PYNQ-Z2-main/AES_SYS/AES_SYS.cache/ip/2023.2/9/b/9b7240f88eab916a/AES_SYS_xbar_2_stub.v to c:/code/RFC-8439-fpga-implementation/AES-Cam-on-PYNQ-Z2-main/AES-Cam-on-PYNQ-Z2-main/AES_SYS/AES_SYS.gen/sources_1/bd/AES_SYS/ip/AES_SYS_xbar_2/AES_SYS_xbar_2_stub.v.
INFO: [IP_Flow 19-6926] IPCACHE: added file to list for BOM: c:/code/RFC-8439-fpga-implementation/AES-Cam-on-PYNQ-Z2-main/AES-Cam-on-PYNQ-Z2-main/AES_SYS/AES_SYS.gen/sources_1/bd/AES_SYS/ip/AES_SYS_xbar_2/AES_SYS_xbar_2_stub.v
INFO: [IP_Flow 19-6928] IPCACHE: copied cached file c:/code/RFC-8439-fpga-implementation/AES-Cam-on-PYNQ-Z2-main/AES-Cam-on-PYNQ-Z2-main/AES_SYS/AES_SYS.cache/ip/2023.2/9/b/9b7240f88eab916a/AES_SYS_xbar_2_stub.vhdl to c:/code/RFC-8439-fpga-implementation/AES-Cam-on-PYNQ-Z2-main/AES-Cam-on-PYNQ-Z2-main/AES_SYS/AES_SYS.gen/sources_1/bd/AES_SYS/ip/AES_SYS_xbar_2/AES_SYS_xbar_2_stub.vhdl.
INFO: [IP_Flow 19-6926] IPCACHE: added file to list for BOM: c:/code/RFC-8439-fpga-implementation/AES-Cam-on-PYNQ-Z2-main/AES-Cam-on-PYNQ-Z2-main/AES_SYS/AES_SYS.gen/sources_1/bd/AES_SYS/ip/AES_SYS_xbar_2/AES_SYS_xbar_2_stub.vhdl
INFO: [IP_Flow 19-4993] Using cached IP synthesis design for IP AES_SYS_xbar_2, cache-ID = 9b7240f88eab916a; cache size = 170.562 MB.
catch { [ delete_ip_run [get_ips -all AES_SYS_xbar_2] ] }
catch { config_ip_cache -export [get_ips -all AES_SYS_axi_bram_ctrl_0_0] }
INFO: [IP_Flow 19-6924] IPCACHE: Running cache check for IP inst: AES_SYS_axi_bram_ctrl_0_0
INFO: [IP_Flow 19-6922] IPCACHE: Exporting cached entry c6df86304d86a10b to dir: c:/code/RFC-8439-fpga-implementation/AES-Cam-on-PYNQ-Z2-main/AES-Cam-on-PYNQ-Z2-main/AES_SYS/AES_SYS.gen/sources_1/bd/AES_SYS/ip/AES_SYS_axi_bram_ctrl_0_0
INFO: [IP_Flow 19-6928] IPCACHE: copied cached file c:/code/RFC-8439-fpga-implementation/AES-Cam-on-PYNQ-Z2-main/AES-Cam-on-PYNQ-Z2-main/AES_SYS/AES_SYS.cache/ip/2023.2/c/6/c6df86304d86a10b/AES_SYS_axi_bram_ctrl_0_0.dcp to c:/code/RFC-8439-fpga-implementation/AES-Cam-on-PYNQ-Z2-main/AES-Cam-on-PYNQ-Z2-main/AES_SYS/AES_SYS.gen/sources_1/bd/AES_SYS/ip/AES_SYS_axi_bram_ctrl_0_0/AES_SYS_axi_bram_ctrl_0_0.dcp.
INFO: [IP_Flow 19-6926] IPCACHE: added file to list for BOM: c:/code/RFC-8439-fpga-implementation/AES-Cam-on-PYNQ-Z2-main/AES-Cam-on-PYNQ-Z2-main/AES_SYS/AES_SYS.gen/sources_1/bd/AES_SYS/ip/AES_SYS_axi_bram_ctrl_0_0/AES_SYS_axi_bram_ctrl_0_0.dcp
INFO: [IP_Flow 19-6928] IPCACHE: copied cached file c:/code/RFC-8439-fpga-implementation/AES-Cam-on-PYNQ-Z2-main/AES-Cam-on-PYNQ-Z2-main/AES_SYS/AES_SYS.cache/ip/2023.2/c/6/c6df86304d86a10b/AES_SYS_axi_bram_ctrl_0_0_sim_netlist.v to c:/code/RFC-8439-fpga-implementation/AES-Cam-on-PYNQ-Z2-main/AES-Cam-on-PYNQ-Z2-main/AES_SYS/AES_SYS.gen/sources_1/bd/AES_SYS/ip/AES_SYS_axi_bram_ctrl_0_0/AES_SYS_axi_bram_ctrl_0_0_sim_netlist.v.
INFO: [IP_Flow 19-6926] IPCACHE: added file to list for BOM: c:/code/RFC-8439-fpga-implementation/AES-Cam-on-PYNQ-Z2-main/AES-Cam-on-PYNQ-Z2-main/AES_SYS/AES_SYS.gen/sources_1/bd/AES_SYS/ip/AES_SYS_axi_bram_ctrl_0_0/AES_SYS_axi_bram_ctrl_0_0_sim_netlist.v
INFO: [IP_Flow 19-6928] IPCACHE: copied cached file c:/code/RFC-8439-fpga-implementation/AES-Cam-on-PYNQ-Z2-main/AES-Cam-on-PYNQ-Z2-main/AES_SYS/AES_SYS.cache/ip/2023.2/c/6/c6df86304d86a10b/AES_SYS_axi_bram_ctrl_0_0_sim_netlist.vhdl to c:/code/RFC-8439-fpga-implementation/AES-Cam-on-PYNQ-Z2-main/AES-Cam-on-PYNQ-Z2-main/AES_SYS/AES_SYS.gen/sources_1/bd/AES_SYS/ip/AES_SYS_axi_bram_ctrl_0_0/AES_SYS_axi_bram_ctrl_0_0_sim_netlist.vhdl.
INFO: [IP_Flow 19-6926] IPCACHE: added file to list for BOM: c:/code/RFC-8439-fpga-implementation/AES-Cam-on-PYNQ-Z2-main/AES-Cam-on-PYNQ-Z2-main/AES_SYS/AES_SYS.gen/sources_1/bd/AES_SYS/ip/AES_SYS_axi_bram_ctrl_0_0/AES_SYS_axi_bram_ctrl_0_0_sim_netlist.vhdl
INFO: [IP_Flow 19-6928] IPCACHE: copied cached file c:/code/RFC-8439-fpga-implementation/AES-Cam-on-PYNQ-Z2-main/AES-Cam-on-PYNQ-Z2-main/AES_SYS/AES_SYS.cache/ip/2023.2/c/6/c6df86304d86a10b/AES_SYS_axi_bram_ctrl_0_0_stub.v to c:/code/RFC-8439-fpga-implementation/AES-Cam-on-PYNQ-Z2-main/AES-Cam-on-PYNQ-Z2-main/AES_SYS/AES_SYS.gen/sources_1/bd/AES_SYS/ip/AES_SYS_axi_bram_ctrl_0_0/AES_SYS_axi_bram_ctrl_0_0_stub.v.
INFO: [IP_Flow 19-6926] IPCACHE: added file to list for BOM: c:/code/RFC-8439-fpga-implementation/AES-Cam-on-PYNQ-Z2-main/AES-Cam-on-PYNQ-Z2-main/AES_SYS/AES_SYS.gen/sources_1/bd/AES_SYS/ip/AES_SYS_axi_bram_ctrl_0_0/AES_SYS_axi_bram_ctrl_0_0_stub.v
INFO: [IP_Flow 19-6928] IPCACHE: copied cached file c:/code/RFC-8439-fpga-implementation/AES-Cam-on-PYNQ-Z2-main/AES-Cam-on-PYNQ-Z2-main/AES_SYS/AES_SYS.cache/ip/2023.2/c/6/c6df86304d86a10b/AES_SYS_axi_bram_ctrl_0_0_stub.vhdl to c:/code/RFC-8439-fpga-implementation/AES-Cam-on-PYNQ-Z2-main/AES-Cam-on-PYNQ-Z2-main/AES_SYS/AES_SYS.gen/sources_1/bd/AES_SYS/ip/AES_SYS_axi_bram_ctrl_0_0/AES_SYS_axi_bram_ctrl_0_0_stub.vhdl.
INFO: [IP_Flow 19-6926] IPCACHE: added file to list for BOM: c:/code/RFC-8439-fpga-implementation/AES-Cam-on-PYNQ-Z2-main/AES-Cam-on-PYNQ-Z2-main/AES_SYS/AES_SYS.gen/sources_1/bd/AES_SYS/ip/AES_SYS_axi_bram_ctrl_0_0/AES_SYS_axi_bram_ctrl_0_0_stub.vhdl
INFO: [IP_Flow 19-4993] Using cached IP synthesis design for IP AES_SYS_axi_bram_ctrl_0_0, cache-ID = c6df86304d86a10b; cache size = 170.563 MB.
catch { [ delete_ip_run [get_ips -all AES_SYS_axi_bram_ctrl_0_0] ] }
catch { config_ip_cache -export [get_ips -all AES_SYS_axi_bram_ctrl_0_bram_0] }
INFO: [IP_Flow 19-6924] IPCACHE: Running cache check for IP inst: AES_SYS_axi_bram_ctrl_0_bram_0
INFO: [IP_Flow 19-6922] IPCACHE: Exporting cached entry b536a3cdb20ed9e6 to dir: c:/code/RFC-8439-fpga-implementation/AES-Cam-on-PYNQ-Z2-main/AES-Cam-on-PYNQ-Z2-main/AES_SYS/AES_SYS.gen/sources_1/bd/AES_SYS/ip/AES_SYS_axi_bram_ctrl_0_bram_0
INFO: [IP_Flow 19-6928] IPCACHE: copied cached file c:/code/RFC-8439-fpga-implementation/AES-Cam-on-PYNQ-Z2-main/AES-Cam-on-PYNQ-Z2-main/AES_SYS/AES_SYS.cache/ip/2023.2/b/5/b536a3cdb20ed9e6/AES_SYS_axi_bram_ctrl_0_bram_0.dcp to c:/code/RFC-8439-fpga-implementation/AES-Cam-on-PYNQ-Z2-main/AES-Cam-on-PYNQ-Z2-main/AES_SYS/AES_SYS.gen/sources_1/bd/AES_SYS/ip/AES_SYS_axi_bram_ctrl_0_bram_0/AES_SYS_axi_bram_ctrl_0_bram_0.dcp.
INFO: [IP_Flow 19-6926] IPCACHE: added file to list for BOM: c:/code/RFC-8439-fpga-implementation/AES-Cam-on-PYNQ-Z2-main/AES-Cam-on-PYNQ-Z2-main/AES_SYS/AES_SYS.gen/sources_1/bd/AES_SYS/ip/AES_SYS_axi_bram_ctrl_0_bram_0/AES_SYS_axi_bram_ctrl_0_bram_0.dcp
INFO: [IP_Flow 19-6928] IPCACHE: copied cached file c:/code/RFC-8439-fpga-implementation/AES-Cam-on-PYNQ-Z2-main/AES-Cam-on-PYNQ-Z2-main/AES_SYS/AES_SYS.cache/ip/2023.2/b/5/b536a3cdb20ed9e6/AES_SYS_axi_bram_ctrl_0_bram_0_sim_netlist.v to c:/code/RFC-8439-fpga-implementation/AES-Cam-on-PYNQ-Z2-main/AES-Cam-on-PYNQ-Z2-main/AES_SYS/AES_SYS.gen/sources_1/bd/AES_SYS/ip/AES_SYS_axi_bram_ctrl_0_bram_0/AES_SYS_axi_bram_ctrl_0_bram_0_sim_netlist.v.
INFO: [IP_Flow 19-6926] IPCACHE: added file to list for BOM: c:/code/RFC-8439-fpga-implementation/AES-Cam-on-PYNQ-Z2-main/AES-Cam-on-PYNQ-Z2-main/AES_SYS/AES_SYS.gen/sources_1/bd/AES_SYS/ip/AES_SYS_axi_bram_ctrl_0_bram_0/AES_SYS_axi_bram_ctrl_0_bram_0_sim_netlist.v
INFO: [IP_Flow 19-6928] IPCACHE: copied cached file c:/code/RFC-8439-fpga-implementation/AES-Cam-on-PYNQ-Z2-main/AES-Cam-on-PYNQ-Z2-main/AES_SYS/AES_SYS.cache/ip/2023.2/b/5/b536a3cdb20ed9e6/AES_SYS_axi_bram_ctrl_0_bram_0_sim_netlist.vhdl to c:/code/RFC-8439-fpga-implementation/AES-Cam-on-PYNQ-Z2-main/AES-Cam-on-PYNQ-Z2-main/AES_SYS/AES_SYS.gen/sources_1/bd/AES_SYS/ip/AES_SYS_axi_bram_ctrl_0_bram_0/AES_SYS_axi_bram_ctrl_0_bram_0_sim_netlist.vhdl.
INFO: [IP_Flow 19-6926] IPCACHE: added file to list for BOM: c:/code/RFC-8439-fpga-implementation/AES-Cam-on-PYNQ-Z2-main/AES-Cam-on-PYNQ-Z2-main/AES_SYS/AES_SYS.gen/sources_1/bd/AES_SYS/ip/AES_SYS_axi_bram_ctrl_0_bram_0/AES_SYS_axi_bram_ctrl_0_bram_0_sim_netlist.vhdl
INFO: [IP_Flow 19-6928] IPCACHE: copied cached file c:/code/RFC-8439-fpga-implementation/AES-Cam-on-PYNQ-Z2-main/AES-Cam-on-PYNQ-Z2-main/AES_SYS/AES_SYS.cache/ip/2023.2/b/5/b536a3cdb20ed9e6/AES_SYS_axi_bram_ctrl_0_bram_0_stub.v to c:/code/RFC-8439-fpga-implementation/AES-Cam-on-PYNQ-Z2-main/AES-Cam-on-PYNQ-Z2-main/AES_SYS/AES_SYS.gen/sources_1/bd/AES_SYS/ip/AES_SYS_axi_bram_ctrl_0_bram_0/AES_SYS_axi_bram_ctrl_0_bram_0_stub.v.
INFO: [IP_Flow 19-6926] IPCACHE: added file to list for BOM: c:/code/RFC-8439-fpga-implementation/AES-Cam-on-PYNQ-Z2-main/AES-Cam-on-PYNQ-Z2-main/AES_SYS/AES_SYS.gen/sources_1/bd/AES_SYS/ip/AES_SYS_axi_bram_ctrl_0_bram_0/AES_SYS_axi_bram_ctrl_0_bram_0_stub.v
INFO: [IP_Flow 19-6928] IPCACHE: copied cached file c:/code/RFC-8439-fpga-implementation/AES-Cam-on-PYNQ-Z2-main/AES-Cam-on-PYNQ-Z2-main/AES_SYS/AES_SYS.cache/ip/2023.2/b/5/b536a3cdb20ed9e6/AES_SYS_axi_bram_ctrl_0_bram_0_stub.vhdl to c:/code/RFC-8439-fpga-implementation/AES-Cam-on-PYNQ-Z2-main/AES-Cam-on-PYNQ-Z2-main/AES_SYS/AES_SYS.gen/sources_1/bd/AES_SYS/ip/AES_SYS_axi_bram_ctrl_0_bram_0/AES_SYS_axi_bram_ctrl_0_bram_0_stub.vhdl.
INFO: [IP_Flow 19-6926] IPCACHE: added file to list for BOM: c:/code/RFC-8439-fpga-implementation/AES-Cam-on-PYNQ-Z2-main/AES-Cam-on-PYNQ-Z2-main/AES_SYS/AES_SYS.gen/sources_1/bd/AES_SYS/ip/AES_SYS_axi_bram_ctrl_0_bram_0/AES_SYS_axi_bram_ctrl_0_bram_0_stub.vhdl
INFO: [IP_Flow 19-4993] Using cached IP synthesis design for IP AES_SYS_axi_bram_ctrl_0_bram_0, cache-ID = b536a3cdb20ed9e6; cache size = 170.563 MB.
catch { config_ip_cache -export [get_ips -all AES_SYS_axi_gpio_5_0] }
INFO: [IP_Flow 19-6924] IPCACHE: Running cache check for IP inst: AES_SYS_axi_gpio_5_0
catch { config_ip_cache -export [get_ips -all AES_SYS_axi_gpio_6_0] }
INFO: [IP_Flow 19-6924] IPCACHE: Running cache check for IP inst: AES_SYS_axi_gpio_6_0
catch { config_ip_cache -export [get_ips -all AES_SYS_axi_gpio_8_0] }
INFO: [IP_Flow 19-6924] IPCACHE: Running cache check for IP inst: AES_SYS_axi_gpio_8_0
catch { config_ip_cache -export [get_ips -all AES_SYS_axi_gpio_10_0] }
INFO: [IP_Flow 19-6924] IPCACHE: Running cache check for IP inst: AES_SYS_axi_gpio_10_0
catch { config_ip_cache -export [get_ips -all AES_SYS_RFC8439_0_0] }
INFO: [IP_Flow 19-6924] IPCACHE: Running cache check for IP inst: AES_SYS_RFC8439_0_0
INFO: [IP_Flow 19-6922] IPCACHE: Exporting cached entry ac2f8bee0f3a0a89 to dir: c:/code/RFC-8439-fpga-implementation/AES-Cam-on-PYNQ-Z2-main/AES-Cam-on-PYNQ-Z2-main/AES_SYS/AES_SYS.gen/sources_1/bd/AES_SYS/ip/AES_SYS_RFC8439_0_0
INFO: [IP_Flow 19-6928] IPCACHE: copied cached file c:/code/RFC-8439-fpga-implementation/AES-Cam-on-PYNQ-Z2-main/AES-Cam-on-PYNQ-Z2-main/AES_SYS/AES_SYS.cache/ip/2023.2/a/c/ac2f8bee0f3a0a89/AES_SYS_RFC8439_0_0.dcp to c:/code/RFC-8439-fpga-implementation/AES-Cam-on-PYNQ-Z2-main/AES-Cam-on-PYNQ-Z2-main/AES_SYS/AES_SYS.gen/sources_1/bd/AES_SYS/ip/AES_SYS_RFC8439_0_0/AES_SYS_RFC8439_0_0.dcp.
INFO: [IP_Flow 19-6926] IPCACHE: added file to list for BOM: c:/code/RFC-8439-fpga-implementation/AES-Cam-on-PYNQ-Z2-main/AES-Cam-on-PYNQ-Z2-main/AES_SYS/AES_SYS.gen/sources_1/bd/AES_SYS/ip/AES_SYS_RFC8439_0_0/AES_SYS_RFC8439_0_0.dcp
INFO: [IP_Flow 19-6928] IPCACHE: copied cached file c:/code/RFC-8439-fpga-implementation/AES-Cam-on-PYNQ-Z2-main/AES-Cam-on-PYNQ-Z2-main/AES_SYS/AES_SYS.cache/ip/2023.2/a/c/ac2f8bee0f3a0a89/AES_SYS_RFC8439_0_0_sim_netlist.v to c:/code/RFC-8439-fpga-implementation/AES-Cam-on-PYNQ-Z2-main/AES-Cam-on-PYNQ-Z2-main/AES_SYS/AES_SYS.gen/sources_1/bd/AES_SYS/ip/AES_SYS_RFC8439_0_0/AES_SYS_RFC8439_0_0_sim_netlist.v.
INFO: [IP_Flow 19-6926] IPCACHE: added file to list for BOM: c:/code/RFC-8439-fpga-implementation/AES-Cam-on-PYNQ-Z2-main/AES-Cam-on-PYNQ-Z2-main/AES_SYS/AES_SYS.gen/sources_1/bd/AES_SYS/ip/AES_SYS_RFC8439_0_0/AES_SYS_RFC8439_0_0_sim_netlist.v
INFO: [IP_Flow 19-6928] IPCACHE: copied cached file c:/code/RFC-8439-fpga-implementation/AES-Cam-on-PYNQ-Z2-main/AES-Cam-on-PYNQ-Z2-main/AES_SYS/AES_SYS.cache/ip/2023.2/a/c/ac2f8bee0f3a0a89/AES_SYS_RFC8439_0_0_sim_netlist.vhdl to c:/code/RFC-8439-fpga-implementation/AES-Cam-on-PYNQ-Z2-main/AES-Cam-on-PYNQ-Z2-main/AES_SYS/AES_SYS.gen/sources_1/bd/AES_SYS/ip/AES_SYS_RFC8439_0_0/AES_SYS_RFC8439_0_0_sim_netlist.vhdl.
INFO: [IP_Flow 19-6926] IPCACHE: added file to list for BOM: c:/code/RFC-8439-fpga-implementation/AES-Cam-on-PYNQ-Z2-main/AES-Cam-on-PYNQ-Z2-main/AES_SYS/AES_SYS.gen/sources_1/bd/AES_SYS/ip/AES_SYS_RFC8439_0_0/AES_SYS_RFC8439_0_0_sim_netlist.vhdl
INFO: [IP_Flow 19-6928] IPCACHE: copied cached file c:/code/RFC-8439-fpga-implementation/AES-Cam-on-PYNQ-Z2-main/AES-Cam-on-PYNQ-Z2-main/AES_SYS/AES_SYS.cache/ip/2023.2/a/c/ac2f8bee0f3a0a89/AES_SYS_RFC8439_0_0_stub.v to c:/code/RFC-8439-fpga-implementation/AES-Cam-on-PYNQ-Z2-main/AES-Cam-on-PYNQ-Z2-main/AES_SYS/AES_SYS.gen/sources_1/bd/AES_SYS/ip/AES_SYS_RFC8439_0_0/AES_SYS_RFC8439_0_0_stub.v.
INFO: [IP_Flow 19-6926] IPCACHE: added file to list for BOM: c:/code/RFC-8439-fpga-implementation/AES-Cam-on-PYNQ-Z2-main/AES-Cam-on-PYNQ-Z2-main/AES_SYS/AES_SYS.gen/sources_1/bd/AES_SYS/ip/AES_SYS_RFC8439_0_0/AES_SYS_RFC8439_0_0_stub.v
INFO: [IP_Flow 19-6928] IPCACHE: copied cached file c:/code/RFC-8439-fpga-implementation/AES-Cam-on-PYNQ-Z2-main/AES-Cam-on-PYNQ-Z2-main/AES_SYS/AES_SYS.cache/ip/2023.2/a/c/ac2f8bee0f3a0a89/AES_SYS_RFC8439_0_0_stub.vhdl to c:/code/RFC-8439-fpga-implementation/AES-Cam-on-PYNQ-Z2-main/AES-Cam-on-PYNQ-Z2-main/AES_SYS/AES_SYS.gen/sources_1/bd/AES_SYS/ip/AES_SYS_RFC8439_0_0/AES_SYS_RFC8439_0_0_stub.vhdl.
INFO: [IP_Flow 19-6926] IPCACHE: added file to list for BOM: c:/code/RFC-8439-fpga-implementation/AES-Cam-on-PYNQ-Z2-main/AES-Cam-on-PYNQ-Z2-main/AES_SYS/AES_SYS.gen/sources_1/bd/AES_SYS/ip/AES_SYS_RFC8439_0_0/AES_SYS_RFC8439_0_0_stub.vhdl
INFO: [IP_Flow 19-4993] Using cached IP synthesis design for IP AES_SYS_RFC8439_0_0, cache-ID = ac2f8bee0f3a0a89; cache size = 170.563 MB.
catch { [ delete_ip_run [get_ips -all AES_SYS_RFC8439_0_0] ] }
catch { config_ip_cache -export [get_ips -all AES_SYS_axi_gpio_1_1] }
INFO: [IP_Flow 19-6924] IPCACHE: Running cache check for IP inst: AES_SYS_axi_gpio_1_1
catch { config_ip_cache -export [get_ips -all AES_SYS_axi_gpio_2_1] }
INFO: [IP_Flow 19-6924] IPCACHE: Running cache check for IP inst: AES_SYS_axi_gpio_2_1
catch { config_ip_cache -export [get_ips -all AES_SYS_axi_gpio_3_1] }
INFO: [IP_Flow 19-6924] IPCACHE: Running cache check for IP inst: AES_SYS_axi_gpio_3_1
catch { config_ip_cache -export [get_ips -all AES_SYS_axi_bram_ctrl_0_bram_2] }
INFO: [IP_Flow 19-6924] IPCACHE: Running cache check for IP inst: AES_SYS_axi_bram_ctrl_0_bram_2
INFO: [IP_Flow 19-6922] IPCACHE: Exporting cached entry b536a3cdb20ed9e6 to dir: c:/code/RFC-8439-fpga-implementation/AES-Cam-on-PYNQ-Z2-main/AES-Cam-on-PYNQ-Z2-main/AES_SYS/AES_SYS.gen/sources_1/bd/AES_SYS/ip/AES_SYS_axi_bram_ctrl_0_bram_2
INFO: [IP_Flow 19-6928] IPCACHE: copied cached file c:/code/RFC-8439-fpga-implementation/AES-Cam-on-PYNQ-Z2-main/AES-Cam-on-PYNQ-Z2-main/AES_SYS/AES_SYS.cache/ip/2023.2/b/5/b536a3cdb20ed9e6/AES_SYS_axi_bram_ctrl_0_bram_0.dcp to c:/code/RFC-8439-fpga-implementation/AES-Cam-on-PYNQ-Z2-main/AES-Cam-on-PYNQ-Z2-main/AES_SYS/AES_SYS.gen/sources_1/bd/AES_SYS/ip/AES_SYS_axi_bram_ctrl_0_bram_2/AES_SYS_axi_bram_ctrl_0_bram_2.dcp.
INFO: [IP_Flow 19-6926] IPCACHE: added file to list for BOM: c:/code/RFC-8439-fpga-implementation/AES-Cam-on-PYNQ-Z2-main/AES-Cam-on-PYNQ-Z2-main/AES_SYS/AES_SYS.gen/sources_1/bd/AES_SYS/ip/AES_SYS_axi_bram_ctrl_0_bram_2/AES_SYS_axi_bram_ctrl_0_bram_2.dcp
INFO: [IP_Flow 19-6928] IPCACHE: copied cached file c:/code/RFC-8439-fpga-implementation/AES-Cam-on-PYNQ-Z2-main/AES-Cam-on-PYNQ-Z2-main/AES_SYS/AES_SYS.cache/ip/2023.2/b/5/b536a3cdb20ed9e6/AES_SYS_axi_bram_ctrl_0_bram_0_sim_netlist.v to c:/code/RFC-8439-fpga-implementation/AES-Cam-on-PYNQ-Z2-main/AES-Cam-on-PYNQ-Z2-main/AES_SYS/AES_SYS.gen/sources_1/bd/AES_SYS/ip/AES_SYS_axi_bram_ctrl_0_bram_2/AES_SYS_axi_bram_ctrl_0_bram_2_sim_netlist.v.
INFO: [IP_Flow 19-6926] IPCACHE: added file to list for BOM: c:/code/RFC-8439-fpga-implementation/AES-Cam-on-PYNQ-Z2-main/AES-Cam-on-PYNQ-Z2-main/AES_SYS/AES_SYS.gen/sources_1/bd/AES_SYS/ip/AES_SYS_axi_bram_ctrl_0_bram_2/AES_SYS_axi_bram_ctrl_0_bram_2_sim_netlist.v
INFO: [IP_Flow 19-6928] IPCACHE: copied cached file c:/code/RFC-8439-fpga-implementation/AES-Cam-on-PYNQ-Z2-main/AES-Cam-on-PYNQ-Z2-main/AES_SYS/AES_SYS.cache/ip/2023.2/b/5/b536a3cdb20ed9e6/AES_SYS_axi_bram_ctrl_0_bram_0_sim_netlist.vhdl to c:/code/RFC-8439-fpga-implementation/AES-Cam-on-PYNQ-Z2-main/AES-Cam-on-PYNQ-Z2-main/AES_SYS/AES_SYS.gen/sources_1/bd/AES_SYS/ip/AES_SYS_axi_bram_ctrl_0_bram_2/AES_SYS_axi_bram_ctrl_0_bram_2_sim_netlist.vhdl.
INFO: [IP_Flow 19-6926] IPCACHE: added file to list for BOM: c:/code/RFC-8439-fpga-implementation/AES-Cam-on-PYNQ-Z2-main/AES-Cam-on-PYNQ-Z2-main/AES_SYS/AES_SYS.gen/sources_1/bd/AES_SYS/ip/AES_SYS_axi_bram_ctrl_0_bram_2/AES_SYS_axi_bram_ctrl_0_bram_2_sim_netlist.vhdl
INFO: [IP_Flow 19-6928] IPCACHE: copied cached file c:/code/RFC-8439-fpga-implementation/AES-Cam-on-PYNQ-Z2-main/AES-Cam-on-PYNQ-Z2-main/AES_SYS/AES_SYS.cache/ip/2023.2/b/5/b536a3cdb20ed9e6/AES_SYS_axi_bram_ctrl_0_bram_0_stub.v to c:/code/RFC-8439-fpga-implementation/AES-Cam-on-PYNQ-Z2-main/AES-Cam-on-PYNQ-Z2-main/AES_SYS/AES_SYS.gen/sources_1/bd/AES_SYS/ip/AES_SYS_axi_bram_ctrl_0_bram_2/AES_SYS_axi_bram_ctrl_0_bram_2_stub.v.
INFO: [IP_Flow 19-6926] IPCACHE: added file to list for BOM: c:/code/RFC-8439-fpga-implementation/AES-Cam-on-PYNQ-Z2-main/AES-Cam-on-PYNQ-Z2-main/AES_SYS/AES_SYS.gen/sources_1/bd/AES_SYS/ip/AES_SYS_axi_bram_ctrl_0_bram_2/AES_SYS_axi_bram_ctrl_0_bram_2_stub.v
INFO: [IP_Flow 19-6928] IPCACHE: copied cached file c:/code/RFC-8439-fpga-implementation/AES-Cam-on-PYNQ-Z2-main/AES-Cam-on-PYNQ-Z2-main/AES_SYS/AES_SYS.cache/ip/2023.2/b/5/b536a3cdb20ed9e6/AES_SYS_axi_bram_ctrl_0_bram_0_stub.vhdl to c:/code/RFC-8439-fpga-implementation/AES-Cam-on-PYNQ-Z2-main/AES-Cam-on-PYNQ-Z2-main/AES_SYS/AES_SYS.gen/sources_1/bd/AES_SYS/ip/AES_SYS_axi_bram_ctrl_0_bram_2/AES_SYS_axi_bram_ctrl_0_bram_2_stub.vhdl.
INFO: [IP_Flow 19-6926] IPCACHE: added file to list for BOM: c:/code/RFC-8439-fpga-implementation/AES-Cam-on-PYNQ-Z2-main/AES-Cam-on-PYNQ-Z2-main/AES_SYS/AES_SYS.gen/sources_1/bd/AES_SYS/ip/AES_SYS_axi_bram_ctrl_0_bram_2/AES_SYS_axi_bram_ctrl_0_bram_2_stub.vhdl
INFO: [IP_Flow 19-4993] Using cached IP synthesis design for IP AES_SYS_axi_bram_ctrl_0_bram_2, cache-ID = b536a3cdb20ed9e6; cache size = 170.563 MB.
catch { config_ip_cache -export [get_ips -all AES_SYS_axi_bram_ctrl_0_2] }
INFO: [IP_Flow 19-6924] IPCACHE: Running cache check for IP inst: AES_SYS_axi_bram_ctrl_0_2
INFO: [IP_Flow 19-6922] IPCACHE: Exporting cached entry c6df86304d86a10b to dir: c:/code/RFC-8439-fpga-implementation/AES-Cam-on-PYNQ-Z2-main/AES-Cam-on-PYNQ-Z2-main/AES_SYS/AES_SYS.gen/sources_1/bd/AES_SYS/ip/AES_SYS_axi_bram_ctrl_0_2
INFO: [IP_Flow 19-6928] IPCACHE: copied cached file c:/code/RFC-8439-fpga-implementation/AES-Cam-on-PYNQ-Z2-main/AES-Cam-on-PYNQ-Z2-main/AES_SYS/AES_SYS.cache/ip/2023.2/c/6/c6df86304d86a10b/AES_SYS_axi_bram_ctrl_0_0.dcp to c:/code/RFC-8439-fpga-implementation/AES-Cam-on-PYNQ-Z2-main/AES-Cam-on-PYNQ-Z2-main/AES_SYS/AES_SYS.gen/sources_1/bd/AES_SYS/ip/AES_SYS_axi_bram_ctrl_0_2/AES_SYS_axi_bram_ctrl_0_2.dcp.
INFO: [IP_Flow 19-6926] IPCACHE: added file to list for BOM: c:/code/RFC-8439-fpga-implementation/AES-Cam-on-PYNQ-Z2-main/AES-Cam-on-PYNQ-Z2-main/AES_SYS/AES_SYS.gen/sources_1/bd/AES_SYS/ip/AES_SYS_axi_bram_ctrl_0_2/AES_SYS_axi_bram_ctrl_0_2.dcp
INFO: [IP_Flow 19-6928] IPCACHE: copied cached file c:/code/RFC-8439-fpga-implementation/AES-Cam-on-PYNQ-Z2-main/AES-Cam-on-PYNQ-Z2-main/AES_SYS/AES_SYS.cache/ip/2023.2/c/6/c6df86304d86a10b/AES_SYS_axi_bram_ctrl_0_0_sim_netlist.v to c:/code/RFC-8439-fpga-implementation/AES-Cam-on-PYNQ-Z2-main/AES-Cam-on-PYNQ-Z2-main/AES_SYS/AES_SYS.gen/sources_1/bd/AES_SYS/ip/AES_SYS_axi_bram_ctrl_0_2/AES_SYS_axi_bram_ctrl_0_2_sim_netlist.v.
INFO: [IP_Flow 19-6926] IPCACHE: added file to list for BOM: c:/code/RFC-8439-fpga-implementation/AES-Cam-on-PYNQ-Z2-main/AES-Cam-on-PYNQ-Z2-main/AES_SYS/AES_SYS.gen/sources_1/bd/AES_SYS/ip/AES_SYS_axi_bram_ctrl_0_2/AES_SYS_axi_bram_ctrl_0_2_sim_netlist.v
INFO: [IP_Flow 19-6928] IPCACHE: copied cached file c:/code/RFC-8439-fpga-implementation/AES-Cam-on-PYNQ-Z2-main/AES-Cam-on-PYNQ-Z2-main/AES_SYS/AES_SYS.cache/ip/2023.2/c/6/c6df86304d86a10b/AES_SYS_axi_bram_ctrl_0_0_sim_netlist.vhdl to c:/code/RFC-8439-fpga-implementation/AES-Cam-on-PYNQ-Z2-main/AES-Cam-on-PYNQ-Z2-main/AES_SYS/AES_SYS.gen/sources_1/bd/AES_SYS/ip/AES_SYS_axi_bram_ctrl_0_2/AES_SYS_axi_bram_ctrl_0_2_sim_netlist.vhdl.
INFO: [IP_Flow 19-6926] IPCACHE: added file to list for BOM: c:/code/RFC-8439-fpga-implementation/AES-Cam-on-PYNQ-Z2-main/AES-Cam-on-PYNQ-Z2-main/AES_SYS/AES_SYS.gen/sources_1/bd/AES_SYS/ip/AES_SYS_axi_bram_ctrl_0_2/AES_SYS_axi_bram_ctrl_0_2_sim_netlist.vhdl
INFO: [IP_Flow 19-6928] IPCACHE: copied cached file c:/code/RFC-8439-fpga-implementation/AES-Cam-on-PYNQ-Z2-main/AES-Cam-on-PYNQ-Z2-main/AES_SYS/AES_SYS.cache/ip/2023.2/c/6/c6df86304d86a10b/AES_SYS_axi_bram_ctrl_0_0_stub.v to c:/code/RFC-8439-fpga-implementation/AES-Cam-on-PYNQ-Z2-main/AES-Cam-on-PYNQ-Z2-main/AES_SYS/AES_SYS.gen/sources_1/bd/AES_SYS/ip/AES_SYS_axi_bram_ctrl_0_2/AES_SYS_axi_bram_ctrl_0_2_stub.v.
INFO: [IP_Flow 19-6926] IPCACHE: added file to list for BOM: c:/code/RFC-8439-fpga-implementation/AES-Cam-on-PYNQ-Z2-main/AES-Cam-on-PYNQ-Z2-main/AES_SYS/AES_SYS.gen/sources_1/bd/AES_SYS/ip/AES_SYS_axi_bram_ctrl_0_2/AES_SYS_axi_bram_ctrl_0_2_stub.v
INFO: [IP_Flow 19-6928] IPCACHE: copied cached file c:/code/RFC-8439-fpga-implementation/AES-Cam-on-PYNQ-Z2-main/AES-Cam-on-PYNQ-Z2-main/AES_SYS/AES_SYS.cache/ip/2023.2/c/6/c6df86304d86a10b/AES_SYS_axi_bram_ctrl_0_0_stub.vhdl to c:/code/RFC-8439-fpga-implementation/AES-Cam-on-PYNQ-Z2-main/AES-Cam-on-PYNQ-Z2-main/AES_SYS/AES_SYS.gen/sources_1/bd/AES_SYS/ip/AES_SYS_axi_bram_ctrl_0_2/AES_SYS_axi_bram_ctrl_0_2_stub.vhdl.
INFO: [IP_Flow 19-6926] IPCACHE: added file to list for BOM: c:/code/RFC-8439-fpga-implementation/AES-Cam-on-PYNQ-Z2-main/AES-Cam-on-PYNQ-Z2-main/AES_SYS/AES_SYS.gen/sources_1/bd/AES_SYS/ip/AES_SYS_axi_bram_ctrl_0_2/AES_SYS_axi_bram_ctrl_0_2_stub.vhdl
INFO: [IP_Flow 19-4993] Using cached IP synthesis design for IP AES_SYS_axi_bram_ctrl_0_2, cache-ID = c6df86304d86a10b; cache size = 170.563 MB.
catch { [ delete_ip_run [get_ips -all AES_SYS_axi_bram_ctrl_0_2] ] }
catch { config_ip_cache -export [get_ips -all AES_SYS_proc_sys_reset_0_0] }
INFO: [IP_Flow 19-6924] IPCACHE: Running cache check for IP inst: AES_SYS_proc_sys_reset_0_0
INFO: [IP_Flow 19-6922] IPCACHE: Exporting cached entry 193020f7025f56c2 to dir: c:/code/RFC-8439-fpga-implementation/AES-Cam-on-PYNQ-Z2-main/AES-Cam-on-PYNQ-Z2-main/AES_SYS/AES_SYS.gen/sources_1/bd/AES_SYS/ip/AES_SYS_proc_sys_reset_0_0
INFO: [IP_Flow 19-6928] IPCACHE: copied cached file c:/code/RFC-8439-fpga-implementation/AES-Cam-on-PYNQ-Z2-main/AES-Cam-on-PYNQ-Z2-main/AES_SYS/AES_SYS.cache/ip/2023.2/1/9/193020f7025f56c2/AES_SYS_proc_sys_reset_0_0.dcp to c:/code/RFC-8439-fpga-implementation/AES-Cam-on-PYNQ-Z2-main/AES-Cam-on-PYNQ-Z2-main/AES_SYS/AES_SYS.gen/sources_1/bd/AES_SYS/ip/AES_SYS_proc_sys_reset_0_0/AES_SYS_proc_sys_reset_0_0.dcp.
INFO: [IP_Flow 19-6926] IPCACHE: added file to list for BOM: c:/code/RFC-8439-fpga-implementation/AES-Cam-on-PYNQ-Z2-main/AES-Cam-on-PYNQ-Z2-main/AES_SYS/AES_SYS.gen/sources_1/bd/AES_SYS/ip/AES_SYS_proc_sys_reset_0_0/AES_SYS_proc_sys_reset_0_0.dcp
INFO: [IP_Flow 19-6928] IPCACHE: copied cached file c:/code/RFC-8439-fpga-implementation/AES-Cam-on-PYNQ-Z2-main/AES-Cam-on-PYNQ-Z2-main/AES_SYS/AES_SYS.cache/ip/2023.2/1/9/193020f7025f56c2/AES_SYS_proc_sys_reset_0_0_sim_netlist.v to c:/code/RFC-8439-fpga-implementation/AES-Cam-on-PYNQ-Z2-main/AES-Cam-on-PYNQ-Z2-main/AES_SYS/AES_SYS.gen/sources_1/bd/AES_SYS/ip/AES_SYS_proc_sys_reset_0_0/AES_SYS_proc_sys_reset_0_0_sim_netlist.v.
INFO: [IP_Flow 19-6926] IPCACHE: added file to list for BOM: c:/code/RFC-8439-fpga-implementation/AES-Cam-on-PYNQ-Z2-main/AES-Cam-on-PYNQ-Z2-main/AES_SYS/AES_SYS.gen/sources_1/bd/AES_SYS/ip/AES_SYS_proc_sys_reset_0_0/AES_SYS_proc_sys_reset_0_0_sim_netlist.v
INFO: [IP_Flow 19-6928] IPCACHE: copied cached file c:/code/RFC-8439-fpga-implementation/AES-Cam-on-PYNQ-Z2-main/AES-Cam-on-PYNQ-Z2-main/AES_SYS/AES_SYS.cache/ip/2023.2/1/9/193020f7025f56c2/AES_SYS_proc_sys_reset_0_0_sim_netlist.vhdl to c:/code/RFC-8439-fpga-implementation/AES-Cam-on-PYNQ-Z2-main/AES-Cam-on-PYNQ-Z2-main/AES_SYS/AES_SYS.gen/sources_1/bd/AES_SYS/ip/AES_SYS_proc_sys_reset_0_0/AES_SYS_proc_sys_reset_0_0_sim_netlist.vhdl.
INFO: [IP_Flow 19-6926] IPCACHE: added file to list for BOM: c:/code/RFC-8439-fpga-implementation/AES-Cam-on-PYNQ-Z2-main/AES-Cam-on-PYNQ-Z2-main/AES_SYS/AES_SYS.gen/sources_1/bd/AES_SYS/ip/AES_SYS_proc_sys_reset_0_0/AES_SYS_proc_sys_reset_0_0_sim_netlist.vhdl
INFO: [IP_Flow 19-6928] IPCACHE: copied cached file c:/code/RFC-8439-fpga-implementation/AES-Cam-on-PYNQ-Z2-main/AES-Cam-on-PYNQ-Z2-main/AES_SYS/AES_SYS.cache/ip/2023.2/1/9/193020f7025f56c2/AES_SYS_proc_sys_reset_0_0_stub.v to c:/code/RFC-8439-fpga-implementation/AES-Cam-on-PYNQ-Z2-main/AES-Cam-on-PYNQ-Z2-main/AES_SYS/AES_SYS.gen/sources_1/bd/AES_SYS/ip/AES_SYS_proc_sys_reset_0_0/AES_SYS_proc_sys_reset_0_0_stub.v.
INFO: [IP_Flow 19-6926] IPCACHE: added file to list for BOM: c:/code/RFC-8439-fpga-implementation/AES-Cam-on-PYNQ-Z2-main/AES-Cam-on-PYNQ-Z2-main/AES_SYS/AES_SYS.gen/sources_1/bd/AES_SYS/ip/AES_SYS_proc_sys_reset_0_0/AES_SYS_proc_sys_reset_0_0_stub.v
INFO: [IP_Flow 19-6928] IPCACHE: copied cached file c:/code/RFC-8439-fpga-implementation/AES-Cam-on-PYNQ-Z2-main/AES-Cam-on-PYNQ-Z2-main/AES_SYS/AES_SYS.cache/ip/2023.2/1/9/193020f7025f56c2/AES_SYS_proc_sys_reset_0_0_stub.vhdl to c:/code/RFC-8439-fpga-implementation/AES-Cam-on-PYNQ-Z2-main/AES-Cam-on-PYNQ-Z2-main/AES_SYS/AES_SYS.gen/sources_1/bd/AES_SYS/ip/AES_SYS_proc_sys_reset_0_0/AES_SYS_proc_sys_reset_0_0_stub.vhdl.
INFO: [IP_Flow 19-6926] IPCACHE: added file to list for BOM: c:/code/RFC-8439-fpga-implementation/AES-Cam-on-PYNQ-Z2-main/AES-Cam-on-PYNQ-Z2-main/AES_SYS/AES_SYS.gen/sources_1/bd/AES_SYS/ip/AES_SYS_proc_sys_reset_0_0/AES_SYS_proc_sys_reset_0_0_stub.vhdl
INFO: [IP_Flow 19-4993] Using cached IP synthesis design for IP AES_SYS_proc_sys_reset_0_0, cache-ID = 193020f7025f56c2; cache size = 170.563 MB.
catch { [ delete_ip_run [get_ips -all AES_SYS_proc_sys_reset_0_0] ] }
catch { config_ip_cache -export [get_ips -all AES_SYS_auto_pc_11] }
INFO: [IP_Flow 19-6924] IPCACHE: Running cache check for IP inst: AES_SYS_auto_pc_11
INFO: [IP_Flow 19-6922] IPCACHE: Exporting cached entry e640ebf91d268473 to dir: c:/code/RFC-8439-fpga-implementation/AES-Cam-on-PYNQ-Z2-main/AES-Cam-on-PYNQ-Z2-main/AES_SYS/AES_SYS.gen/sources_1/bd/AES_SYS/ip/AES_SYS_auto_pc_11
INFO: [IP_Flow 19-6928] IPCACHE: copied cached file c:/code/RFC-8439-fpga-implementation/AES-Cam-on-PYNQ-Z2-main/AES-Cam-on-PYNQ-Z2-main/AES_SYS/AES_SYS.cache/ip/2023.2/e/6/e640ebf91d268473/AES_SYS_auto_pc_11.dcp to c:/code/RFC-8439-fpga-implementation/AES-Cam-on-PYNQ-Z2-main/AES-Cam-on-PYNQ-Z2-main/AES_SYS/AES_SYS.gen/sources_1/bd/AES_SYS/ip/AES_SYS_auto_pc_11/AES_SYS_auto_pc_11.dcp.
INFO: [IP_Flow 19-6926] IPCACHE: added file to list for BOM: c:/code/RFC-8439-fpga-implementation/AES-Cam-on-PYNQ-Z2-main/AES-Cam-on-PYNQ-Z2-main/AES_SYS/AES_SYS.gen/sources_1/bd/AES_SYS/ip/AES_SYS_auto_pc_11/AES_SYS_auto_pc_11.dcp
INFO: [IP_Flow 19-6928] IPCACHE: copied cached file c:/code/RFC-8439-fpga-implementation/AES-Cam-on-PYNQ-Z2-main/AES-Cam-on-PYNQ-Z2-main/AES_SYS/AES_SYS.cache/ip/2023.2/e/6/e640ebf91d268473/AES_SYS_auto_pc_11_sim_netlist.v to c:/code/RFC-8439-fpga-implementation/AES-Cam-on-PYNQ-Z2-main/AES-Cam-on-PYNQ-Z2-main/AES_SYS/AES_SYS.gen/sources_1/bd/AES_SYS/ip/AES_SYS_auto_pc_11/AES_SYS_auto_pc_11_sim_netlist.v.
INFO: [IP_Flow 19-6926] IPCACHE: added file to list for BOM: c:/code/RFC-8439-fpga-implementation/AES-Cam-on-PYNQ-Z2-main/AES-Cam-on-PYNQ-Z2-main/AES_SYS/AES_SYS.gen/sources_1/bd/AES_SYS/ip/AES_SYS_auto_pc_11/AES_SYS_auto_pc_11_sim_netlist.v
INFO: [IP_Flow 19-6928] IPCACHE: copied cached file c:/code/RFC-8439-fpga-implementation/AES-Cam-on-PYNQ-Z2-main/AES-Cam-on-PYNQ-Z2-main/AES_SYS/AES_SYS.cache/ip/2023.2/e/6/e640ebf91d268473/AES_SYS_auto_pc_11_sim_netlist.vhdl to c:/code/RFC-8439-fpga-implementation/AES-Cam-on-PYNQ-Z2-main/AES-Cam-on-PYNQ-Z2-main/AES_SYS/AES_SYS.gen/sources_1/bd/AES_SYS/ip/AES_SYS_auto_pc_11/AES_SYS_auto_pc_11_sim_netlist.vhdl.
INFO: [IP_Flow 19-6926] IPCACHE: added file to list for BOM: c:/code/RFC-8439-fpga-implementation/AES-Cam-on-PYNQ-Z2-main/AES-Cam-on-PYNQ-Z2-main/AES_SYS/AES_SYS.gen/sources_1/bd/AES_SYS/ip/AES_SYS_auto_pc_11/AES_SYS_auto_pc_11_sim_netlist.vhdl
INFO: [IP_Flow 19-6928] IPCACHE: copied cached file c:/code/RFC-8439-fpga-implementation/AES-Cam-on-PYNQ-Z2-main/AES-Cam-on-PYNQ-Z2-main/AES_SYS/AES_SYS.cache/ip/2023.2/e/6/e640ebf91d268473/AES_SYS_auto_pc_11_stub.v to c:/code/RFC-8439-fpga-implementation/AES-Cam-on-PYNQ-Z2-main/AES-Cam-on-PYNQ-Z2-main/AES_SYS/AES_SYS.gen/sources_1/bd/AES_SYS/ip/AES_SYS_auto_pc_11/AES_SYS_auto_pc_11_stub.v.
INFO: [IP_Flow 19-6926] IPCACHE: added file to list for BOM: c:/code/RFC-8439-fpga-implementation/AES-Cam-on-PYNQ-Z2-main/AES-Cam-on-PYNQ-Z2-main/AES_SYS/AES_SYS.gen/sources_1/bd/AES_SYS/ip/AES_SYS_auto_pc_11/AES_SYS_auto_pc_11_stub.v
INFO: [IP_Flow 19-6928] IPCACHE: copied cached file c:/code/RFC-8439-fpga-implementation/AES-Cam-on-PYNQ-Z2-main/AES-Cam-on-PYNQ-Z2-main/AES_SYS/AES_SYS.cache/ip/2023.2/e/6/e640ebf91d268473/AES_SYS_auto_pc_11_stub.vhdl to c:/code/RFC-8439-fpga-implementation/AES-Cam-on-PYNQ-Z2-main/AES-Cam-on-PYNQ-Z2-main/AES_SYS/AES_SYS.gen/sources_1/bd/AES_SYS/ip/AES_SYS_auto_pc_11/AES_SYS_auto_pc_11_stub.vhdl.
INFO: [IP_Flow 19-6926] IPCACHE: added file to list for BOM: c:/code/RFC-8439-fpga-implementation/AES-Cam-on-PYNQ-Z2-main/AES-Cam-on-PYNQ-Z2-main/AES_SYS/AES_SYS.gen/sources_1/bd/AES_SYS/ip/AES_SYS_auto_pc_11/AES_SYS_auto_pc_11_stub.vhdl
INFO: [IP_Flow 19-4993] Using cached IP synthesis design for IP AES_SYS_auto_pc_11, cache-ID = e640ebf91d268473; cache size = 170.563 MB.
catch { config_ip_cache -export [get_ips -all AES_SYS_auto_pc_0] }
INFO: [IP_Flow 19-6924] IPCACHE: Running cache check for IP inst: AES_SYS_auto_pc_0
INFO: [IP_Flow 19-6922] IPCACHE: Exporting cached entry 3bc72d579e6ad5e4 to dir: c:/code/RFC-8439-fpga-implementation/AES-Cam-on-PYNQ-Z2-main/AES-Cam-on-PYNQ-Z2-main/AES_SYS/AES_SYS.gen/sources_1/bd/AES_SYS/ip/AES_SYS_auto_pc_0
INFO: [IP_Flow 19-6928] IPCACHE: copied cached file c:/code/RFC-8439-fpga-implementation/AES-Cam-on-PYNQ-Z2-main/AES-Cam-on-PYNQ-Z2-main/AES_SYS/AES_SYS.cache/ip/2023.2/3/b/3bc72d579e6ad5e4/AES_SYS_auto_pc_0.dcp to c:/code/RFC-8439-fpga-implementation/AES-Cam-on-PYNQ-Z2-main/AES-Cam-on-PYNQ-Z2-main/AES_SYS/AES_SYS.gen/sources_1/bd/AES_SYS/ip/AES_SYS_auto_pc_0/AES_SYS_auto_pc_0.dcp.
INFO: [IP_Flow 19-6926] IPCACHE: added file to list for BOM: c:/code/RFC-8439-fpga-implementation/AES-Cam-on-PYNQ-Z2-main/AES-Cam-on-PYNQ-Z2-main/AES_SYS/AES_SYS.gen/sources_1/bd/AES_SYS/ip/AES_SYS_auto_pc_0/AES_SYS_auto_pc_0.dcp
INFO: [IP_Flow 19-6928] IPCACHE: copied cached file c:/code/RFC-8439-fpga-implementation/AES-Cam-on-PYNQ-Z2-main/AES-Cam-on-PYNQ-Z2-main/AES_SYS/AES_SYS.cache/ip/2023.2/3/b/3bc72d579e6ad5e4/AES_SYS_auto_pc_0_sim_netlist.v to c:/code/RFC-8439-fpga-implementation/AES-Cam-on-PYNQ-Z2-main/AES-Cam-on-PYNQ-Z2-main/AES_SYS/AES_SYS.gen/sources_1/bd/AES_SYS/ip/AES_SYS_auto_pc_0/AES_SYS_auto_pc_0_sim_netlist.v.
INFO: [IP_Flow 19-6926] IPCACHE: added file to list for BOM: c:/code/RFC-8439-fpga-implementation/AES-Cam-on-PYNQ-Z2-main/AES-Cam-on-PYNQ-Z2-main/AES_SYS/AES_SYS.gen/sources_1/bd/AES_SYS/ip/AES_SYS_auto_pc_0/AES_SYS_auto_pc_0_sim_netlist.v
INFO: [IP_Flow 19-6928] IPCACHE: copied cached file c:/code/RFC-8439-fpga-implementation/AES-Cam-on-PYNQ-Z2-main/AES-Cam-on-PYNQ-Z2-main/AES_SYS/AES_SYS.cache/ip/2023.2/3/b/3bc72d579e6ad5e4/AES_SYS_auto_pc_0_sim_netlist.vhdl to c:/code/RFC-8439-fpga-implementation/AES-Cam-on-PYNQ-Z2-main/AES-Cam-on-PYNQ-Z2-main/AES_SYS/AES_SYS.gen/sources_1/bd/AES_SYS/ip/AES_SYS_auto_pc_0/AES_SYS_auto_pc_0_sim_netlist.vhdl.
INFO: [IP_Flow 19-6926] IPCACHE: added file to list for BOM: c:/code/RFC-8439-fpga-implementation/AES-Cam-on-PYNQ-Z2-main/AES-Cam-on-PYNQ-Z2-main/AES_SYS/AES_SYS.gen/sources_1/bd/AES_SYS/ip/AES_SYS_auto_pc_0/AES_SYS_auto_pc_0_sim_netlist.vhdl
INFO: [IP_Flow 19-6928] IPCACHE: copied cached file c:/code/RFC-8439-fpga-implementation/AES-Cam-on-PYNQ-Z2-main/AES-Cam-on-PYNQ-Z2-main/AES_SYS/AES_SYS.cache/ip/2023.2/3/b/3bc72d579e6ad5e4/AES_SYS_auto_pc_0_stub.v to c:/code/RFC-8439-fpga-implementation/AES-Cam-on-PYNQ-Z2-main/AES-Cam-on-PYNQ-Z2-main/AES_SYS/AES_SYS.gen/sources_1/bd/AES_SYS/ip/AES_SYS_auto_pc_0/AES_SYS_auto_pc_0_stub.v.
INFO: [IP_Flow 19-6926] IPCACHE: added file to list for BOM: c:/code/RFC-8439-fpga-implementation/AES-Cam-on-PYNQ-Z2-main/AES-Cam-on-PYNQ-Z2-main/AES_SYS/AES_SYS.gen/sources_1/bd/AES_SYS/ip/AES_SYS_auto_pc_0/AES_SYS_auto_pc_0_stub.v
INFO: [IP_Flow 19-6928] IPCACHE: copied cached file c:/code/RFC-8439-fpga-implementation/AES-Cam-on-PYNQ-Z2-main/AES-Cam-on-PYNQ-Z2-main/AES_SYS/AES_SYS.cache/ip/2023.2/3/b/3bc72d579e6ad5e4/AES_SYS_auto_pc_0_stub.vhdl to c:/code/RFC-8439-fpga-implementation/AES-Cam-on-PYNQ-Z2-main/AES-Cam-on-PYNQ-Z2-main/AES_SYS/AES_SYS.gen/sources_1/bd/AES_SYS/ip/AES_SYS_auto_pc_0/AES_SYS_auto_pc_0_stub.vhdl.
INFO: [IP_Flow 19-6926] IPCACHE: added file to list for BOM: c:/code/RFC-8439-fpga-implementation/AES-Cam-on-PYNQ-Z2-main/AES-Cam-on-PYNQ-Z2-main/AES_SYS/AES_SYS.gen/sources_1/bd/AES_SYS/ip/AES_SYS_auto_pc_0/AES_SYS_auto_pc_0_stub.vhdl
INFO: [IP_Flow 19-4993] Using cached IP synthesis design for IP AES_SYS_auto_pc_0, cache-ID = 3bc72d579e6ad5e4; cache size = 170.563 MB.
catch { config_ip_cache -export [get_ips -all AES_SYS_auto_pc_1] }
INFO: [IP_Flow 19-6924] IPCACHE: Running cache check for IP inst: AES_SYS_auto_pc_1
INFO: [IP_Flow 19-6922] IPCACHE: Exporting cached entry 3bc72d579e6ad5e4 to dir: c:/code/RFC-8439-fpga-implementation/AES-Cam-on-PYNQ-Z2-main/AES-Cam-on-PYNQ-Z2-main/AES_SYS/AES_SYS.gen/sources_1/bd/AES_SYS/ip/AES_SYS_auto_pc_1
INFO: [IP_Flow 19-6928] IPCACHE: copied cached file c:/code/RFC-8439-fpga-implementation/AES-Cam-on-PYNQ-Z2-main/AES-Cam-on-PYNQ-Z2-main/AES_SYS/AES_SYS.cache/ip/2023.2/3/b/3bc72d579e6ad5e4/AES_SYS_auto_pc_0.dcp to c:/code/RFC-8439-fpga-implementation/AES-Cam-on-PYNQ-Z2-main/AES-Cam-on-PYNQ-Z2-main/AES_SYS/AES_SYS.gen/sources_1/bd/AES_SYS/ip/AES_SYS_auto_pc_1/AES_SYS_auto_pc_1.dcp.
INFO: [IP_Flow 19-6926] IPCACHE: added file to list for BOM: c:/code/RFC-8439-fpga-implementation/AES-Cam-on-PYNQ-Z2-main/AES-Cam-on-PYNQ-Z2-main/AES_SYS/AES_SYS.gen/sources_1/bd/AES_SYS/ip/AES_SYS_auto_pc_1/AES_SYS_auto_pc_1.dcp
INFO: [IP_Flow 19-6928] IPCACHE: copied cached file c:/code/RFC-8439-fpga-implementation/AES-Cam-on-PYNQ-Z2-main/AES-Cam-on-PYNQ-Z2-main/AES_SYS/AES_SYS.cache/ip/2023.2/3/b/3bc72d579e6ad5e4/AES_SYS_auto_pc_0_sim_netlist.v to c:/code/RFC-8439-fpga-implementation/AES-Cam-on-PYNQ-Z2-main/AES-Cam-on-PYNQ-Z2-main/AES_SYS/AES_SYS.gen/sources_1/bd/AES_SYS/ip/AES_SYS_auto_pc_1/AES_SYS_auto_pc_1_sim_netlist.v.
INFO: [IP_Flow 19-6926] IPCACHE: added file to list for BOM: c:/code/RFC-8439-fpga-implementation/AES-Cam-on-PYNQ-Z2-main/AES-Cam-on-PYNQ-Z2-main/AES_SYS/AES_SYS.gen/sources_1/bd/AES_SYS/ip/AES_SYS_auto_pc_1/AES_SYS_auto_pc_1_sim_netlist.v
INFO: [IP_Flow 19-6928] IPCACHE: copied cached file c:/code/RFC-8439-fpga-implementation/AES-Cam-on-PYNQ-Z2-main/AES-Cam-on-PYNQ-Z2-main/AES_SYS/AES_SYS.cache/ip/2023.2/3/b/3bc72d579e6ad5e4/AES_SYS_auto_pc_0_sim_netlist.vhdl to c:/code/RFC-8439-fpga-implementation/AES-Cam-on-PYNQ-Z2-main/AES-Cam-on-PYNQ-Z2-main/AES_SYS/AES_SYS.gen/sources_1/bd/AES_SYS/ip/AES_SYS_auto_pc_1/AES_SYS_auto_pc_1_sim_netlist.vhdl.
INFO: [IP_Flow 19-6926] IPCACHE: added file to list for BOM: c:/code/RFC-8439-fpga-implementation/AES-Cam-on-PYNQ-Z2-main/AES-Cam-on-PYNQ-Z2-main/AES_SYS/AES_SYS.gen/sources_1/bd/AES_SYS/ip/AES_SYS_auto_pc_1/AES_SYS_auto_pc_1_sim_netlist.vhdl
INFO: [IP_Flow 19-6928] IPCACHE: copied cached file c:/code/RFC-8439-fpga-implementation/AES-Cam-on-PYNQ-Z2-main/AES-Cam-on-PYNQ-Z2-main/AES_SYS/AES_SYS.cache/ip/2023.2/3/b/3bc72d579e6ad5e4/AES_SYS_auto_pc_0_stub.v to c:/code/RFC-8439-fpga-implementation/AES-Cam-on-PYNQ-Z2-main/AES-Cam-on-PYNQ-Z2-main/AES_SYS/AES_SYS.gen/sources_1/bd/AES_SYS/ip/AES_SYS_auto_pc_1/AES_SYS_auto_pc_1_stub.v.
INFO: [IP_Flow 19-6926] IPCACHE: added file to list for BOM: c:/code/RFC-8439-fpga-implementation/AES-Cam-on-PYNQ-Z2-main/AES-Cam-on-PYNQ-Z2-main/AES_SYS/AES_SYS.gen/sources_1/bd/AES_SYS/ip/AES_SYS_auto_pc_1/AES_SYS_auto_pc_1_stub.v
INFO: [IP_Flow 19-6928] IPCACHE: copied cached file c:/code/RFC-8439-fpga-implementation/AES-Cam-on-PYNQ-Z2-main/AES-Cam-on-PYNQ-Z2-main/AES_SYS/AES_SYS.cache/ip/2023.2/3/b/3bc72d579e6ad5e4/AES_SYS_auto_pc_0_stub.vhdl to c:/code/RFC-8439-fpga-implementation/AES-Cam-on-PYNQ-Z2-main/AES-Cam-on-PYNQ-Z2-main/AES_SYS/AES_SYS.gen/sources_1/bd/AES_SYS/ip/AES_SYS_auto_pc_1/AES_SYS_auto_pc_1_stub.vhdl.
INFO: [IP_Flow 19-6926] IPCACHE: added file to list for BOM: c:/code/RFC-8439-fpga-implementation/AES-Cam-on-PYNQ-Z2-main/AES-Cam-on-PYNQ-Z2-main/AES_SYS/AES_SYS.gen/sources_1/bd/AES_SYS/ip/AES_SYS_auto_pc_1/AES_SYS_auto_pc_1_stub.vhdl
INFO: [IP_Flow 19-4993] Using cached IP synthesis design for IP AES_SYS_auto_pc_1, cache-ID = 3bc72d579e6ad5e4; cache size = 170.563 MB.
catch { config_ip_cache -export [get_ips -all AES_SYS_auto_pc_2] }
INFO: [IP_Flow 19-6924] IPCACHE: Running cache check for IP inst: AES_SYS_auto_pc_2
INFO: [IP_Flow 19-6922] IPCACHE: Exporting cached entry 3bc72d579e6ad5e4 to dir: c:/code/RFC-8439-fpga-implementation/AES-Cam-on-PYNQ-Z2-main/AES-Cam-on-PYNQ-Z2-main/AES_SYS/AES_SYS.gen/sources_1/bd/AES_SYS/ip/AES_SYS_auto_pc_2
INFO: [IP_Flow 19-6928] IPCACHE: copied cached file c:/code/RFC-8439-fpga-implementation/AES-Cam-on-PYNQ-Z2-main/AES-Cam-on-PYNQ-Z2-main/AES_SYS/AES_SYS.cache/ip/2023.2/3/b/3bc72d579e6ad5e4/AES_SYS_auto_pc_0.dcp to c:/code/RFC-8439-fpga-implementation/AES-Cam-on-PYNQ-Z2-main/AES-Cam-on-PYNQ-Z2-main/AES_SYS/AES_SYS.gen/sources_1/bd/AES_SYS/ip/AES_SYS_auto_pc_2/AES_SYS_auto_pc_2.dcp.
INFO: [IP_Flow 19-6926] IPCACHE: added file to list for BOM: c:/code/RFC-8439-fpga-implementation/AES-Cam-on-PYNQ-Z2-main/AES-Cam-on-PYNQ-Z2-main/AES_SYS/AES_SYS.gen/sources_1/bd/AES_SYS/ip/AES_SYS_auto_pc_2/AES_SYS_auto_pc_2.dcp
INFO: [IP_Flow 19-6928] IPCACHE: copied cached file c:/code/RFC-8439-fpga-implementation/AES-Cam-on-PYNQ-Z2-main/AES-Cam-on-PYNQ-Z2-main/AES_SYS/AES_SYS.cache/ip/2023.2/3/b/3bc72d579e6ad5e4/AES_SYS_auto_pc_0_sim_netlist.v to c:/code/RFC-8439-fpga-implementation/AES-Cam-on-PYNQ-Z2-main/AES-Cam-on-PYNQ-Z2-main/AES_SYS/AES_SYS.gen/sources_1/bd/AES_SYS/ip/AES_SYS_auto_pc_2/AES_SYS_auto_pc_2_sim_netlist.v.
INFO: [IP_Flow 19-6926] IPCACHE: added file to list for BOM: c:/code/RFC-8439-fpga-implementation/AES-Cam-on-PYNQ-Z2-main/AES-Cam-on-PYNQ-Z2-main/AES_SYS/AES_SYS.gen/sources_1/bd/AES_SYS/ip/AES_SYS_auto_pc_2/AES_SYS_auto_pc_2_sim_netlist.v
INFO: [IP_Flow 19-6928] IPCACHE: copied cached file c:/code/RFC-8439-fpga-implementation/AES-Cam-on-PYNQ-Z2-main/AES-Cam-on-PYNQ-Z2-main/AES_SYS/AES_SYS.cache/ip/2023.2/3/b/3bc72d579e6ad5e4/AES_SYS_auto_pc_0_sim_netlist.vhdl to c:/code/RFC-8439-fpga-implementation/AES-Cam-on-PYNQ-Z2-main/AES-Cam-on-PYNQ-Z2-main/AES_SYS/AES_SYS.gen/sources_1/bd/AES_SYS/ip/AES_SYS_auto_pc_2/AES_SYS_auto_pc_2_sim_netlist.vhdl.
INFO: [IP_Flow 19-6926] IPCACHE: added file to list for BOM: c:/code/RFC-8439-fpga-implementation/AES-Cam-on-PYNQ-Z2-main/AES-Cam-on-PYNQ-Z2-main/AES_SYS/AES_SYS.gen/sources_1/bd/AES_SYS/ip/AES_SYS_auto_pc_2/AES_SYS_auto_pc_2_sim_netlist.vhdl
INFO: [IP_Flow 19-6928] IPCACHE: copied cached file c:/code/RFC-8439-fpga-implementation/AES-Cam-on-PYNQ-Z2-main/AES-Cam-on-PYNQ-Z2-main/AES_SYS/AES_SYS.cache/ip/2023.2/3/b/3bc72d579e6ad5e4/AES_SYS_auto_pc_0_stub.v to c:/code/RFC-8439-fpga-implementation/AES-Cam-on-PYNQ-Z2-main/AES-Cam-on-PYNQ-Z2-main/AES_SYS/AES_SYS.gen/sources_1/bd/AES_SYS/ip/AES_SYS_auto_pc_2/AES_SYS_auto_pc_2_stub.v.
INFO: [IP_Flow 19-6926] IPCACHE: added file to list for BOM: c:/code/RFC-8439-fpga-implementation/AES-Cam-on-PYNQ-Z2-main/AES-Cam-on-PYNQ-Z2-main/AES_SYS/AES_SYS.gen/sources_1/bd/AES_SYS/ip/AES_SYS_auto_pc_2/AES_SYS_auto_pc_2_stub.v
INFO: [IP_Flow 19-6928] IPCACHE: copied cached file c:/code/RFC-8439-fpga-implementation/AES-Cam-on-PYNQ-Z2-main/AES-Cam-on-PYNQ-Z2-main/AES_SYS/AES_SYS.cache/ip/2023.2/3/b/3bc72d579e6ad5e4/AES_SYS_auto_pc_0_stub.vhdl to c:/code/RFC-8439-fpga-implementation/AES-Cam-on-PYNQ-Z2-main/AES-Cam-on-PYNQ-Z2-main/AES_SYS/AES_SYS.gen/sources_1/bd/AES_SYS/ip/AES_SYS_auto_pc_2/AES_SYS_auto_pc_2_stub.vhdl.
INFO: [Common 17-14] Message 'IP_Flow 19-6928' appears 100 times and further instances of the messages will be disabled. Use the Tcl command set_msg_config to change the current settings.
INFO: [IP_Flow 19-6926] IPCACHE: added file to list for BOM: c:/code/RFC-8439-fpga-implementation/AES-Cam-on-PYNQ-Z2-main/AES-Cam-on-PYNQ-Z2-main/AES_SYS/AES_SYS.gen/sources_1/bd/AES_SYS/ip/AES_SYS_auto_pc_2/AES_SYS_auto_pc_2_stub.vhdl
INFO: [Common 17-14] Message 'IP_Flow 19-6926' appears 100 times and further instances of the messages will be disabled. Use the Tcl command set_msg_config to change the current settings.
INFO: [IP_Flow 19-4993] Using cached IP synthesis design for IP AES_SYS_auto_pc_2, cache-ID = 3bc72d579e6ad5e4; cache size = 170.563 MB.
catch { config_ip_cache -export [get_ips -all AES_SYS_auto_pc_3] }
INFO: [IP_Flow 19-6924] IPCACHE: Running cache check for IP inst: AES_SYS_auto_pc_3
INFO: [IP_Flow 19-6922] IPCACHE: Exporting cached entry 3bc72d579e6ad5e4 to dir: c:/code/RFC-8439-fpga-implementation/AES-Cam-on-PYNQ-Z2-main/AES-Cam-on-PYNQ-Z2-main/AES_SYS/AES_SYS.gen/sources_1/bd/AES_SYS/ip/AES_SYS_auto_pc_3
INFO: [IP_Flow 19-4993] Using cached IP synthesis design for IP AES_SYS_auto_pc_3, cache-ID = 3bc72d579e6ad5e4; cache size = 170.563 MB.
catch { config_ip_cache -export [get_ips -all AES_SYS_auto_pc_4] }
INFO: [IP_Flow 19-6924] IPCACHE: Running cache check for IP inst: AES_SYS_auto_pc_4
INFO: [IP_Flow 19-6922] IPCACHE: Exporting cached entry 3bc72d579e6ad5e4 to dir: c:/code/RFC-8439-fpga-implementation/AES-Cam-on-PYNQ-Z2-main/AES-Cam-on-PYNQ-Z2-main/AES_SYS/AES_SYS.gen/sources_1/bd/AES_SYS/ip/AES_SYS_auto_pc_4
INFO: [IP_Flow 19-4993] Using cached IP synthesis design for IP AES_SYS_auto_pc_4, cache-ID = 3bc72d579e6ad5e4; cache size = 170.563 MB.
catch { config_ip_cache -export [get_ips -all AES_SYS_auto_pc_5] }
INFO: [IP_Flow 19-6924] IPCACHE: Running cache check for IP inst: AES_SYS_auto_pc_5
INFO: [IP_Flow 19-6922] IPCACHE: Exporting cached entry 3bc72d579e6ad5e4 to dir: c:/code/RFC-8439-fpga-implementation/AES-Cam-on-PYNQ-Z2-main/AES-Cam-on-PYNQ-Z2-main/AES_SYS/AES_SYS.gen/sources_1/bd/AES_SYS/ip/AES_SYS_auto_pc_5
INFO: [IP_Flow 19-4993] Using cached IP synthesis design for IP AES_SYS_auto_pc_5, cache-ID = 3bc72d579e6ad5e4; cache size = 170.563 MB.
catch { config_ip_cache -export [get_ips -all AES_SYS_auto_pc_6] }
INFO: [IP_Flow 19-6924] IPCACHE: Running cache check for IP inst: AES_SYS_auto_pc_6
INFO: [IP_Flow 19-6922] IPCACHE: Exporting cached entry 3bc72d579e6ad5e4 to dir: c:/code/RFC-8439-fpga-implementation/AES-Cam-on-PYNQ-Z2-main/AES-Cam-on-PYNQ-Z2-main/AES_SYS/AES_SYS.gen/sources_1/bd/AES_SYS/ip/AES_SYS_auto_pc_6
INFO: [IP_Flow 19-4993] Using cached IP synthesis design for IP AES_SYS_auto_pc_6, cache-ID = 3bc72d579e6ad5e4; cache size = 170.563 MB.
catch { config_ip_cache -export [get_ips -all AES_SYS_auto_pc_7] }
INFO: [IP_Flow 19-6924] IPCACHE: Running cache check for IP inst: AES_SYS_auto_pc_7
INFO: [IP_Flow 19-6922] IPCACHE: Exporting cached entry 3bc72d579e6ad5e4 to dir: c:/code/RFC-8439-fpga-implementation/AES-Cam-on-PYNQ-Z2-main/AES-Cam-on-PYNQ-Z2-main/AES_SYS/AES_SYS.gen/sources_1/bd/AES_SYS/ip/AES_SYS_auto_pc_7
INFO: [IP_Flow 19-4993] Using cached IP synthesis design for IP AES_SYS_auto_pc_7, cache-ID = 3bc72d579e6ad5e4; cache size = 170.563 MB.
catch { config_ip_cache -export [get_ips -all AES_SYS_auto_pc_8] }
INFO: [IP_Flow 19-6924] IPCACHE: Running cache check for IP inst: AES_SYS_auto_pc_8
INFO: [IP_Flow 19-6922] IPCACHE: Exporting cached entry 3bc72d579e6ad5e4 to dir: c:/code/RFC-8439-fpga-implementation/AES-Cam-on-PYNQ-Z2-main/AES-Cam-on-PYNQ-Z2-main/AES_SYS/AES_SYS.gen/sources_1/bd/AES_SYS/ip/AES_SYS_auto_pc_8
INFO: [IP_Flow 19-4993] Using cached IP synthesis design for IP AES_SYS_auto_pc_8, cache-ID = 3bc72d579e6ad5e4; cache size = 170.563 MB.
catch { config_ip_cache -export [get_ips -all AES_SYS_auto_pc_9] }
INFO: [IP_Flow 19-6924] IPCACHE: Running cache check for IP inst: AES_SYS_auto_pc_9
INFO: [IP_Flow 19-6922] IPCACHE: Exporting cached entry 3bc72d579e6ad5e4 to dir: c:/code/RFC-8439-fpga-implementation/AES-Cam-on-PYNQ-Z2-main/AES-Cam-on-PYNQ-Z2-main/AES_SYS/AES_SYS.gen/sources_1/bd/AES_SYS/ip/AES_SYS_auto_pc_9
INFO: [IP_Flow 19-4993] Using cached IP synthesis design for IP AES_SYS_auto_pc_9, cache-ID = 3bc72d579e6ad5e4; cache size = 170.563 MB.
catch { config_ip_cache -export [get_ips -all AES_SYS_auto_pc_10] }
INFO: [IP_Flow 19-6924] IPCACHE: Running cache check for IP inst: AES_SYS_auto_pc_10
INFO: [IP_Flow 19-6922] IPCACHE: Exporting cached entry 3bc72d579e6ad5e4 to dir: c:/code/RFC-8439-fpga-implementation/AES-Cam-on-PYNQ-Z2-main/AES-Cam-on-PYNQ-Z2-main/AES_SYS/AES_SYS.gen/sources_1/bd/AES_SYS/ip/AES_SYS_auto_pc_10
INFO: [IP_Flow 19-4993] Using cached IP synthesis design for IP AES_SYS_auto_pc_10, cache-ID = 3bc72d579e6ad5e4; cache size = 170.563 MB.
catch { config_ip_cache -export [get_ips -all AES_SYS_auto_pc_12] }
INFO: [IP_Flow 19-6924] IPCACHE: Running cache check for IP inst: AES_SYS_auto_pc_12
INFO: [IP_Flow 19-6922] IPCACHE: Exporting cached entry 177366daf5914f73 to dir: c:/code/RFC-8439-fpga-implementation/AES-Cam-on-PYNQ-Z2-main/AES-Cam-on-PYNQ-Z2-main/AES_SYS/AES_SYS.gen/sources_1/bd/AES_SYS/ip/AES_SYS_auto_pc_12
INFO: [IP_Flow 19-4993] Using cached IP synthesis design for IP AES_SYS_auto_pc_12, cache-ID = 177366daf5914f73; cache size = 170.563 MB.
catch { config_ip_cache -export [get_ips -all AES_SYS_auto_us_0] }
INFO: [IP_Flow 19-6924] IPCACHE: Running cache check for IP inst: AES_SYS_auto_us_0
INFO: [IP_Flow 19-6922] IPCACHE: Exporting cached entry 96128dd45566b66c to dir: c:/code/RFC-8439-fpga-implementation/AES-Cam-on-PYNQ-Z2-main/AES-Cam-on-PYNQ-Z2-main/AES_SYS/AES_SYS.gen/sources_1/bd/AES_SYS/ip/AES_SYS_auto_us_0
INFO: [IP_Flow 19-4993] Using cached IP synthesis design for IP AES_SYS_auto_us_0, cache-ID = 96128dd45566b66c; cache size = 170.563 MB.
catch { config_ip_cache -export [get_ips -all AES_SYS_auto_pc_13] }
INFO: [IP_Flow 19-6924] IPCACHE: Running cache check for IP inst: AES_SYS_auto_pc_13
INFO: [IP_Flow 19-6922] IPCACHE: Exporting cached entry 680f4c3d4d7785e1 to dir: c:/code/RFC-8439-fpga-implementation/AES-Cam-on-PYNQ-Z2-main/AES-Cam-on-PYNQ-Z2-main/AES_SYS/AES_SYS.gen/sources_1/bd/AES_SYS/ip/AES_SYS_auto_pc_13
INFO: [IP_Flow 19-4993] Using cached IP synthesis design for IP AES_SYS_auto_pc_13, cache-ID = 680f4c3d4d7785e1; cache size = 170.563 MB.
catch { config_ip_cache -export [get_ips -all AES_SYS_auto_ds_0] }
INFO: [IP_Flow 19-6924] IPCACHE: Running cache check for IP inst: AES_SYS_auto_ds_0
INFO: [IP_Flow 19-6922] IPCACHE: Exporting cached entry f9503eb3174c7348 to dir: c:/code/RFC-8439-fpga-implementation/AES-Cam-on-PYNQ-Z2-main/AES-Cam-on-PYNQ-Z2-main/AES_SYS/AES_SYS.gen/sources_1/bd/AES_SYS/ip/AES_SYS_auto_ds_0
INFO: [IP_Flow 19-4993] Using cached IP synthesis design for IP AES_SYS_auto_ds_0, cache-ID = f9503eb3174c7348; cache size = 170.563 MB.
catch { config_ip_cache -export [get_ips -all AES_SYS_auto_ds_1] }
INFO: [IP_Flow 19-6924] IPCACHE: Running cache check for IP inst: AES_SYS_auto_ds_1
INFO: [IP_Flow 19-6922] IPCACHE: Exporting cached entry f9503eb3174c7348 to dir: c:/code/RFC-8439-fpga-implementation/AES-Cam-on-PYNQ-Z2-main/AES-Cam-on-PYNQ-Z2-main/AES_SYS/AES_SYS.gen/sources_1/bd/AES_SYS/ip/AES_SYS_auto_ds_1
INFO: [IP_Flow 19-4993] Using cached IP synthesis design for IP AES_SYS_auto_ds_1, cache-ID = f9503eb3174c7348; cache size = 170.563 MB.
export_ip_user_files -of_objects [get_files C:/code/RFC-8439-fpga-implementation/AES-Cam-on-PYNQ-Z2-main/AES-Cam-on-PYNQ-Z2-main/AES_SYS/AES_SYS.srcs/sources_1/bd/AES_SYS/AES_SYS.bd] -no_script -sync -force -quiet
create_ip_run [get_files -of_objects [get_fileset sources_1] C:/code/RFC-8439-fpga-implementation/AES-Cam-on-PYNQ-Z2-main/AES-Cam-on-PYNQ-Z2-main/AES_SYS/AES_SYS.srcs/sources_1/bd/AES_SYS/AES_SYS.bd]
launch_runs AES_SYS_axi_gpio_0_0_synth_1 AES_SYS_axi_gpio_10_0_synth_1 AES_SYS_axi_gpio_1_1_synth_1 AES_SYS_axi_gpio_2_1_synth_1 AES_SYS_axi_gpio_3_1_synth_1 AES_SYS_axi_gpio_5_0_synth_1 AES_SYS_axi_gpio_6_0_synth_1 AES_SYS_axi_gpio_8_0_synth_1 AES_SYS_processing_system7_0_0_synth_1 AES_SYS_rgb2dvi_0_0_synth_1 -jobs 32
INFO: [IP_Flow 19-6924] IPCACHE: Running cache check for IP inst: AES_SYS_axi_gpio_0_0
INFO: [IP_Flow 19-6924] IPCACHE: Running cache check for IP inst: AES_SYS_axi_gpio_10_0
INFO: [IP_Flow 19-6924] IPCACHE: Running cache check for IP inst: AES_SYS_axi_gpio_1_1
INFO: [IP_Flow 19-6924] IPCACHE: Running cache check for IP inst: AES_SYS_axi_gpio_2_1
INFO: [IP_Flow 19-6924] IPCACHE: Running cache check for IP inst: AES_SYS_axi_gpio_3_1
INFO: [IP_Flow 19-6924] IPCACHE: Running cache check for IP inst: AES_SYS_axi_gpio_5_0
INFO: [IP_Flow 19-6924] IPCACHE: Running cache check for IP inst: AES_SYS_axi_gpio_6_0
INFO: [IP_Flow 19-6924] IPCACHE: Running cache check for IP inst: AES_SYS_axi_gpio_8_0
INFO: [IP_Flow 19-6924] IPCACHE: Running cache check for IP inst: AES_SYS_rgb2dvi_0_0
[Wed May 27 03:37:33 2026] Launched AES_SYS_axi_gpio_0_0_synth_1, AES_SYS_axi_gpio_10_0_synth_1, AES_SYS_axi_gpio_1_1_synth_1, AES_SYS_axi_gpio_2_1_synth_1, AES_SYS_axi_gpio_3_1_synth_1, AES_SYS_axi_gpio_5_0_synth_1, AES_SYS_axi_gpio_6_0_synth_1, AES_SYS_axi_gpio_8_0_synth_1, AES_SYS_processing_system7_0_0_synth_1, AES_SYS_rgb2dvi_0_0_synth_1...
Run output will be captured here:
AES_SYS_axi_gpio_0_0_synth_1: C:/code/RFC-8439-fpga-implementation/AES-Cam-on-PYNQ-Z2-main/AES-Cam-on-PYNQ-Z2-main/AES_SYS/AES_SYS.runs/AES_SYS_axi_gpio_0_0_synth_1/runme.log
AES_SYS_axi_gpio_10_0_synth_1: C:/code/RFC-8439-fpga-implementation/AES-Cam-on-PYNQ-Z2-main/AES-Cam-on-PYNQ-Z2-main/AES_SYS/AES_SYS.runs/AES_SYS_axi_gpio_10_0_synth_1/runme.log
AES_SYS_axi_gpio_1_1_synth_1: C:/code/RFC-8439-fpga-implementation/AES-Cam-on-PYNQ-Z2-main/AES-Cam-on-PYNQ-Z2-main/AES_SYS/AES_SYS.runs/AES_SYS_axi_gpio_1_1_synth_1/runme.log
AES_SYS_axi_gpio_2_1_synth_1: C:/code/RFC-8439-fpga-implementation/AES-Cam-on-PYNQ-Z2-main/AES-Cam-on-PYNQ-Z2-main/AES_SYS/AES_SYS.runs/AES_SYS_axi_gpio_2_1_synth_1/runme.log
AES_SYS_axi_gpio_3_1_synth_1: C:/code/RFC-8439-fpga-implementation/AES-Cam-on-PYNQ-Z2-main/AES-Cam-on-PYNQ-Z2-main/AES_SYS/AES_SYS.runs/AES_SYS_axi_gpio_3_1_synth_1/runme.log
AES_SYS_axi_gpio_5_0_synth_1: C:/code/RFC-8439-fpga-implementation/AES-Cam-on-PYNQ-Z2-main/AES-Cam-on-PYNQ-Z2-main/AES_SYS/AES_SYS.runs/AES_SYS_axi_gpio_5_0_synth_1/runme.log
AES_SYS_axi_gpio_6_0_synth_1: C:/code/RFC-8439-fpga-implementation/AES-Cam-on-PYNQ-Z2-main/AES-Cam-on-PYNQ-Z2-main/AES_SYS/AES_SYS.runs/AES_SYS_axi_gpio_6_0_synth_1/runme.log
AES_SYS_axi_gpio_8_0_synth_1: C:/code/RFC-8439-fpga-implementation/AES-Cam-on-PYNQ-Z2-main/AES-Cam-on-PYNQ-Z2-main/AES_SYS/AES_SYS.runs/AES_SYS_axi_gpio_8_0_synth_1/runme.log
AES_SYS_processing_system7_0_0_synth_1: C:/code/RFC-8439-fpga-implementation/AES-Cam-on-PYNQ-Z2-main/AES-Cam-on-PYNQ-Z2-main/AES_SYS/AES_SYS.runs/AES_SYS_processing_system7_0_0_synth_1/runme.log
AES_SYS_rgb2dvi_0_0_synth_1: C:/code/RFC-8439-fpga-implementation/AES-Cam-on-PYNQ-Z2-main/AES-Cam-on-PYNQ-Z2-main/AES_SYS/AES_SYS.runs/AES_SYS_rgb2dvi_0_0_synth_1/runme.log
export_simulation -of_objects [get_files C:/code/RFC-8439-fpga-implementation/AES-Cam-on-PYNQ-Z2-main/AES-Cam-on-PYNQ-Z2-main/AES_SYS/AES_SYS.srcs/sources_1/bd/AES_SYS/AES_SYS.bd] -directory C:/code/RFC-8439-fpga-implementation/AES-Cam-on-PYNQ-Z2-main/AES-Cam-on-PYNQ-Z2-main/AES_SYS/AES_SYS.ip_user_files/sim_scripts -ip_user_files_dir C:/code/RFC-8439-fpga-implementation/AES-Cam-on-PYNQ-Z2-main/AES-Cam-on-PYNQ-Z2-main/AES_SYS/AES_SYS.ip_user_files -ipstatic_source_dir C:/code/RFC-8439-fpga-implementation/AES-Cam-on-PYNQ-Z2-main/AES-Cam-on-PYNQ-Z2-main/AES_SYS/AES_SYS.ip_user_files/ipstatic -lib_map_path [list {modelsim=C:/code/RFC-8439-fpga-implementation/AES-Cam-on-PYNQ-Z2-main/AES-Cam-on-PYNQ-Z2-main/AES_SYS/AES_SYS.cache/compile_simlib/modelsim} {questa=C:/code/RFC-8439-fpga-implementation/AES-Cam-on-PYNQ-Z2-main/AES-Cam-on-PYNQ-Z2-main/AES_SYS/AES_SYS.cache/compile_simlib/questa} {riviera=C:/code/RFC-8439-fpga-implementation/AES-Cam-on-PYNQ-Z2-main/AES-Cam-on-PYNQ-Z2-main/AES_SYS/AES_SYS.cache/compile_simlib/riviera} {activehdl=C:/code/RFC-8439-fpga-implementation/AES-Cam-on-PYNQ-Z2-main/AES-Cam-on-PYNQ-Z2-main/AES_SYS/AES_SYS.cache/compile_simlib/activehdl}] -use_ip_compiled_libs -force -quiet
reset_run synth_1
INFO: [Project 1-1161] Replacing file C:/code/RFC-8439-fpga-implementation/AES-Cam-on-PYNQ-Z2-main/AES-Cam-on-PYNQ-Z2-main/AES_SYS/AES_SYS.srcs/utils_1/imports/synth_1/AES_SYS_wrapper.dcp with file C:/code/RFC-8439-fpga-implementation/AES-Cam-on-PYNQ-Z2-main/AES-Cam-on-PYNQ-Z2-main/AES_SYS/AES_SYS.runs/synth_1/AES_SYS_wrapper.dcp
WARNING: [Vivado 12-1017] Problems encountered:
1. Failed to delete one or more files in run directory C:/code/RFC-8439-fpga-implementation/AES-Cam-on-PYNQ-Z2-main/AES-Cam-on-PYNQ-Z2-main/AES_SYS/AES_SYS.runs/synth_1

launch_runs impl_1 -to_step write_bitstream -jobs 32
INFO: [IP_Flow 19-6930] IPCACHE: runCacheChecks() number of threads = 8
INFO: [IP_Flow 19-6921] IPCACHE: Adding cache check func to thread queue for IP AES_SYS_axi_gpio_0_0
INFO: [IP_Flow 19-6921] IPCACHE: Adding cache check func to thread queue for IP AES_SYS_axi_gpio_10_0
INFO: [IP_Flow 19-6921] IPCACHE: Adding cache check func to thread queue for IP AES_SYS_axi_gpio_1_1
INFO: [IP_Flow 19-6921] IPCACHE: Adding cache check func to thread queue for IP AES_SYS_axi_gpio_2_1
INFO: [IP_Flow 19-6921] IPCACHE: Adding cache check func to thread queue for IP AES_SYS_axi_gpio_3_1
INFO: [IP_Flow 19-6921] IPCACHE: Adding cache check func to thread queue for IP AES_SYS_axi_gpio_5_0
INFO: [IP_Flow 19-6921] IPCACHE: Adding cache check func to thread queue for IP AES_SYS_axi_gpio_6_0
INFO: [IP_Flow 19-6921] IPCACHE: Adding cache check func to thread queue for IP AES_SYS_axi_gpio_8_0
INFO: [IP_Flow 19-6921] IPCACHE: Adding cache check func to thread queue for IP AES_SYS_rgb2dvi_0_0
INFO: [IP_Flow 19-8020] IPCACHE: runCacheChecks() calling threadPool finishWork()
INFO: [IP_Flow 19-6924] IPCACHE: Running cache check for IP inst: AES_SYS_axi_gpio_0_0
INFO: [IP_Flow 19-6924] IPCACHE: Running cache check for IP inst: AES_SYS_axi_gpio_10_0
INFO: [IP_Flow 19-6924] IPCACHE: Running cache check for IP inst: AES_SYS_axi_gpio_1_1
INFO: [IP_Flow 19-6924] IPCACHE: Running cache check for IP inst: AES_SYS_axi_gpio_2_1
INFO: [IP_Flow 19-6924] IPCACHE: Running cache check for IP inst: AES_SYS_axi_gpio_3_1
INFO: [IP_Flow 19-6924] IPCACHE: Running cache check for IP inst: AES_SYS_axi_gpio_5_0
INFO: [IP_Flow 19-6924] IPCACHE: Running cache check for IP inst: AES_SYS_axi_gpio_6_0
INFO: [IP_Flow 19-6924] IPCACHE: Running cache check for IP inst: AES_SYS_axi_gpio_8_0
INFO: [IP_Flow 19-6924] IPCACHE: Running cache check for IP inst: AES_SYS_rgb2dvi_0_0
[Wed May 27 03:38:15 2026] Launched AES_SYS_rgb2dvi_0_0_synth_1, AES_SYS_processing_system7_0_0_synth_1, AES_SYS_axi_gpio_0_0_synth_1, AES_SYS_axi_gpio_8_0_synth_1, AES_SYS_axi_gpio_5_0_synth_1, AES_SYS_axi_gpio_6_0_synth_1, AES_SYS_axi_gpio_10_0_synth_1, AES_SYS_axi_gpio_1_1_synth_1, AES_SYS_axi_gpio_2_1_synth_1, AES_SYS_axi_gpio_3_1_synth_1, synth_1...
Run output will be captured here:
AES_SYS_rgb2dvi_0_0_synth_1: C:/code/RFC-8439-fpga-implementation/AES-Cam-on-PYNQ-Z2-main/AES-Cam-on-PYNQ-Z2-main/AES_SYS/AES_SYS.runs/AES_SYS_rgb2dvi_0_0_synth_1/runme.log
AES_SYS_processing_system7_0_0_synth_1: C:/code/RFC-8439-fpga-implementation/AES-Cam-on-PYNQ-Z2-main/AES-Cam-on-PYNQ-Z2-main/AES_SYS/AES_SYS.runs/AES_SYS_processing_system7_0_0_synth_1/runme.log
AES_SYS_axi_gpio_0_0_synth_1: C:/code/RFC-8439-fpga-implementation/AES-Cam-on-PYNQ-Z2-main/AES-Cam-on-PYNQ-Z2-main/AES_SYS/AES_SYS.runs/AES_SYS_axi_gpio_0_0_synth_1/runme.log
AES_SYS_axi_gpio_8_0_synth_1: C:/code/RFC-8439-fpga-implementation/AES-Cam-on-PYNQ-Z2-main/AES-Cam-on-PYNQ-Z2-main/AES_SYS/AES_SYS.runs/AES_SYS_axi_gpio_8_0_synth_1/runme.log
AES_SYS_axi_gpio_5_0_synth_1: C:/code/RFC-8439-fpga-implementation/AES-Cam-on-PYNQ-Z2-main/AES-Cam-on-PYNQ-Z2-main/AES_SYS/AES_SYS.runs/AES_SYS_axi_gpio_5_0_synth_1/runme.log
AES_SYS_axi_gpio_6_0_synth_1: C:/code/RFC-8439-fpga-implementation/AES-Cam-on-PYNQ-Z2-main/AES-Cam-on-PYNQ-Z2-main/AES_SYS/AES_SYS.runs/AES_SYS_axi_gpio_6_0_synth_1/runme.log
AES_SYS_axi_gpio_10_0_synth_1: C:/code/RFC-8439-fpga-implementation/AES-Cam-on-PYNQ-Z2-main/AES-Cam-on-PYNQ-Z2-main/AES_SYS/AES_SYS.runs/AES_SYS_axi_gpio_10_0_synth_1/runme.log
AES_SYS_axi_gpio_1_1_synth_1: C:/code/RFC-8439-fpga-implementation/AES-Cam-on-PYNQ-Z2-main/AES-Cam-on-PYNQ-Z2-main/AES_SYS/AES_SYS.runs/AES_SYS_axi_gpio_1_1_synth_1/runme.log
AES_SYS_axi_gpio_2_1_synth_1: C:/code/RFC-8439-fpga-implementation/AES-Cam-on-PYNQ-Z2-main/AES-Cam-on-PYNQ-Z2-main/AES_SYS/AES_SYS.runs/AES_SYS_axi_gpio_2_1_synth_1/runme.log
AES_SYS_axi_gpio_3_1_synth_1: C:/code/RFC-8439-fpga-implementation/AES-Cam-on-PYNQ-Z2-main/AES-Cam-on-PYNQ-Z2-main/AES_SYS/AES_SYS.runs/AES_SYS_axi_gpio_3_1_synth_1/runme.log
synth_1: C:/code/RFC-8439-fpga-implementation/AES-Cam-on-PYNQ-Z2-main/AES-Cam-on-PYNQ-Z2-main/AES_SYS/AES_SYS.runs/synth_1/runme.log
[Wed May 27 03:38:15 2026] Launched impl_1...
Run output will be captured here: C:/code/RFC-8439-fpga-implementation/AES-Cam-on-PYNQ-Z2-main/AES-Cam-on-PYNQ-Z2-main/AES_SYS/AES_SYS.runs/impl_1/runme.log
launch_runs: Time (s): cpu = 00:00:02 ; elapsed = 00:00:08 . Memory (MB): peak = 5097.148 ; gain = 0.000
startgroup
set_property CONFIG.C_HAS_ASYNC_CLK {1} [get_bd_cells v_axi4s_vid_out_0]
endgroup
startgroup
set_property CONFIG.C_HAS_ASYNC_CLK {0} [get_bd_cells v_axi4s_vid_out_0]
endgroup
startgroup
set_property CONFIG.C_HAS_ASYNC_CLK {1} [get_bd_cells v_axi4s_vid_out_0]
endgroup
disconnect_bd_net /clk_wiz_0_clk_out1 [get_bd_pins v_axi4s_vid_out_0/aclk]
connect_bd_net [get_bd_pins clk_wiz_0/clk_out1] [get_bd_pins v_axi4s_vid_out_0/vid_io_out_clk]
connect_bd_net [get_bd_pins v_axi4s_vid_out_0/aclk] [get_bd_pins processing_system7_0/FCLK_CLK0]
generate_target all [get_files  C:/code/RFC-8439-fpga-implementation/AES-Cam-on-PYNQ-Z2-main/AES-Cam-on-PYNQ-Z2-main/AES_SYS/AES_SYS.srcs/sources_1/bd/AES_SYS/AES_SYS.bd]
WARNING: [BD 41-2670] Found an incomplete address path from address space '/processing_system7_0/Data' to master interface '/ps7_0_axi_periph/M07_AXI'. Please either complete or remove this path to resolve.
WARNING: [BD 41-2670] Found an incomplete address path from address space '/processing_system7_0/Data' to master interface '/ps7_0_axi_periph/M10_AXI'. Please either complete or remove this path to resolve.
WARNING: [BD 41-2670] Found an incomplete address path from address space '/processing_system7_0/Data' to master interface '/ps7_0_axi_periph/M12_AXI'. Please either complete or remove this path to resolve.
WARNING: [BD 5-699] No address segments matched 'get_bd_addr_segs -addressables -of_objects /processing_system7_0/FCLK_RESET0_N'
WARNING: [BD 5-699] No address segments matched 'get_bd_addr_segs -addressables -of_objects /processing_system7_0/FCLK_RESET0_N'
WARNING: [BD 5-699] No address segments matched 'get_bd_addr_segs -addressables -of_objects /processing_system7_0/FCLK_RESET0_N'
WARNING: [BD 41-1284] Cannot set parameter FREQ_HZ on port /v_axi4s_vid_out_0/aclken
WARNING: [BD 41-1284] Cannot set parameter PHASE on port /v_axi4s_vid_out_0/aclken
WARNING: [BD 41-1284] Cannot set parameter CLK_DOMAIN on port /v_axi4s_vid_out_0/aclken
WARNING: [BD 41-1284] Cannot set parameter FREQ_HZ on port /v_axi4s_vid_out_0/vid_io_out_ce
WARNING: [BD 41-1284] Cannot set parameter PHASE on port /v_axi4s_vid_out_0/vid_io_out_ce
WARNING: [BD 41-1284] Cannot set parameter CLK_DOMAIN on port /v_axi4s_vid_out_0/vid_io_out_ce
WARNING: [BD 41-1284] Cannot set parameter FREQ_HZ on port /v_tc_0/clken
WARNING: [BD 41-1284] Cannot set parameter PHASE on port /v_tc_0/clken
WARNING: [BD 41-1284] Cannot set parameter CLK_DOMAIN on port /v_tc_0/clken
WARNING: [BD 41-1284] Cannot set parameter FREQ_HZ on port /v_axi4s_vid_out_0/aclken
WARNING: [BD 41-1284] Cannot set parameter PHASE on port /v_axi4s_vid_out_0/aclken
WARNING: [BD 41-1284] Cannot set parameter CLK_DOMAIN on port /v_axi4s_vid_out_0/aclken
WARNING: [BD 41-1284] Cannot set parameter FREQ_HZ on port /v_axi4s_vid_out_0/vid_io_out_ce
WARNING: [BD 41-1284] Cannot set parameter PHASE on port /v_axi4s_vid_out_0/vid_io_out_ce
WARNING: [BD 41-1284] Cannot set parameter CLK_DOMAIN on port /v_axi4s_vid_out_0/vid_io_out_ce
WARNING: [BD 41-1284] Cannot set parameter FREQ_HZ on port /v_tc_0/clken
WARNING: [BD 41-1284] Cannot set parameter PHASE on port /v_tc_0/clken
WARNING: [BD 41-1284] Cannot set parameter CLK_DOMAIN on port /v_tc_0/clken
WARNING: [BD 41-1284] Cannot set parameter FREQ_HZ on port /v_axi4s_vid_out_0/aclken
WARNING: [BD 41-1284] Cannot set parameter PHASE on port /v_axi4s_vid_out_0/aclken
WARNING: [BD 41-1284] Cannot set parameter CLK_DOMAIN on port /v_axi4s_vid_out_0/aclken
WARNING: [BD 41-1284] Cannot set parameter FREQ_HZ on port /v_axi4s_vid_out_0/vid_io_out_ce
WARNING: [BD 41-1284] Cannot set parameter PHASE on port /v_axi4s_vid_out_0/vid_io_out_ce
WARNING: [BD 41-1284] Cannot set parameter CLK_DOMAIN on port /v_axi4s_vid_out_0/vid_io_out_ce
WARNING: [BD 41-1284] Cannot set parameter FREQ_HZ on port /v_tc_0/clken
WARNING: [BD 41-1284] Cannot set parameter PHASE on port /v_tc_0/clken
WARNING: [BD 41-1284] Cannot set parameter CLK_DOMAIN on port /v_tc_0/clken
WARNING: [BD 41-1284] Cannot set parameter FREQ_HZ on port /v_axi4s_vid_out_0/aclken
WARNING: [BD 41-1284] Cannot set parameter PHASE on port /v_axi4s_vid_out_0/aclken
WARNING: [BD 41-1284] Cannot set parameter CLK_DOMAIN on port /v_axi4s_vid_out_0/aclken
WARNING: [BD 41-1284] Cannot set parameter FREQ_HZ on port /v_axi4s_vid_out_0/vid_io_out_ce
WARNING: [BD 41-1284] Cannot set parameter PHASE on port /v_axi4s_vid_out_0/vid_io_out_ce
WARNING: [BD 41-1284] Cannot set parameter CLK_DOMAIN on port /v_axi4s_vid_out_0/vid_io_out_ce
WARNING: [BD 41-1284] Cannot set parameter FREQ_HZ on port /v_tc_0/clken
WARNING: [BD 41-1284] Cannot set parameter PHASE on port /v_tc_0/clken
WARNING: [BD 41-1284] Cannot set parameter CLK_DOMAIN on port /v_tc_0/clken
WARNING: [BD 41-1284] Cannot set parameter FREQ_HZ on port /v_axi4s_vid_out_0/aclken
WARNING: [BD 41-1284] Cannot set parameter PHASE on port /v_axi4s_vid_out_0/aclken
WARNING: [BD 41-1284] Cannot set parameter CLK_DOMAIN on port /v_axi4s_vid_out_0/aclken
WARNING: [BD 41-1284] Cannot set parameter FREQ_HZ on port /v_axi4s_vid_out_0/vid_io_out_ce
WARNING: [BD 41-1284] Cannot set parameter PHASE on port /v_axi4s_vid_out_0/vid_io_out_ce
WARNING: [BD 41-1284] Cannot set parameter CLK_DOMAIN on port /v_axi4s_vid_out_0/vid_io_out_ce
WARNING: [BD 41-1284] Cannot set parameter FREQ_HZ on port /v_tc_0/clken
WARNING: [BD 41-1284] Cannot set parameter PHASE on port /v_tc_0/clken
WARNING: [BD 41-1284] Cannot set parameter CLK_DOMAIN on port /v_tc_0/clken
WARNING: [BD 41-1284] Cannot set parameter FREQ_HZ on port /v_axi4s_vid_out_0/aclken
WARNING: [BD 41-1284] Cannot set parameter PHASE on port /v_axi4s_vid_out_0/aclken
WARNING: [BD 41-1284] Cannot set parameter CLK_DOMAIN on port /v_axi4s_vid_out_0/aclken
WARNING: [BD 41-1284] Cannot set parameter FREQ_HZ on port /v_axi4s_vid_out_0/vid_io_out_ce
WARNING: [BD 41-1284] Cannot set parameter PHASE on port /v_axi4s_vid_out_0/vid_io_out_ce
WARNING: [BD 41-1284] Cannot set parameter CLK_DOMAIN on port /v_axi4s_vid_out_0/vid_io_out_ce
WARNING: [BD 41-1284] Cannot set parameter FREQ_HZ on port /v_tc_0/clken
WARNING: [BD 41-1284] Cannot set parameter PHASE on port /v_tc_0/clken
WARNING: [BD 41-1284] Cannot set parameter CLK_DOMAIN on port /v_tc_0/clken
WARNING: [BD 41-1284] Cannot set parameter FREQ_HZ on port /v_axi4s_vid_out_0/aclken
WARNING: [BD 41-1284] Cannot set parameter PHASE on port /v_axi4s_vid_out_0/aclken
WARNING: [BD 41-1284] Cannot set parameter CLK_DOMAIN on port /v_axi4s_vid_out_0/aclken
WARNING: [BD 41-1284] Cannot set parameter FREQ_HZ on port /v_axi4s_vid_out_0/vid_io_out_ce
WARNING: [BD 41-1284] Cannot set parameter PHASE on port /v_axi4s_vid_out_0/vid_io_out_ce
WARNING: [BD 41-1284] Cannot set parameter CLK_DOMAIN on port /v_axi4s_vid_out_0/vid_io_out_ce
WARNING: [BD 41-1284] Cannot set parameter FREQ_HZ on port /v_tc_0/clken
WARNING: [BD 41-1284] Cannot set parameter PHASE on port /v_tc_0/clken
WARNING: [BD 41-1284] Cannot set parameter CLK_DOMAIN on port /v_tc_0/clken
WARNING: [BD 41-1284] Cannot set parameter FREQ_HZ on port /v_axi4s_vid_out_0/aclken
WARNING: [BD 41-1284] Cannot set parameter PHASE on port /v_axi4s_vid_out_0/aclken
WARNING: [BD 41-1284] Cannot set parameter CLK_DOMAIN on port /v_axi4s_vid_out_0/aclken
WARNING: [BD 41-1284] Cannot set parameter FREQ_HZ on port /v_axi4s_vid_out_0/vid_io_out_ce
WARNING: [BD 41-1284] Cannot set parameter PHASE on port /v_axi4s_vid_out_0/vid_io_out_ce
WARNING: [BD 41-1284] Cannot set parameter CLK_DOMAIN on port /v_axi4s_vid_out_0/vid_io_out_ce
WARNING: [BD 41-1284] Cannot set parameter FREQ_HZ on port /v_tc_0/clken
WARNING: [BD 41-1284] Cannot set parameter PHASE on port /v_tc_0/clken
WARNING: [BD 41-1284] Cannot set parameter CLK_DOMAIN on port /v_tc_0/clken
WARNING: [BD 41-1284] Cannot set parameter FREQ_HZ on port /v_axi4s_vid_out_0/aclken
WARNING: [BD 41-1284] Cannot set parameter PHASE on port /v_axi4s_vid_out_0/aclken
WARNING: [BD 41-1284] Cannot set parameter CLK_DOMAIN on port /v_axi4s_vid_out_0/aclken
WARNING: [BD 41-1284] Cannot set parameter FREQ_HZ on port /v_axi4s_vid_out_0/vid_io_out_ce
WARNING: [BD 41-1284] Cannot set parameter PHASE on port /v_axi4s_vid_out_0/vid_io_out_ce
WARNING: [BD 41-1284] Cannot set parameter CLK_DOMAIN on port /v_axi4s_vid_out_0/vid_io_out_ce
WARNING: [BD 41-1284] Cannot set parameter FREQ_HZ on port /v_tc_0/clken
WARNING: [BD 41-1284] Cannot set parameter PHASE on port /v_tc_0/clken
WARNING: [BD 41-1284] Cannot set parameter CLK_DOMAIN on port /v_tc_0/clken
WARNING: [BD 41-1284] Cannot set parameter FREQ_HZ on port /v_axi4s_vid_out_0/aclken
WARNING: [BD 41-1284] Cannot set parameter PHASE on port /v_axi4s_vid_out_0/aclken
WARNING: [BD 41-1284] Cannot set parameter CLK_DOMAIN on port /v_axi4s_vid_out_0/aclken
WARNING: [BD 41-1284] Cannot set parameter FREQ_HZ on port /v_axi4s_vid_out_0/vid_io_out_ce
WARNING: [BD 41-1284] Cannot set parameter PHASE on port /v_axi4s_vid_out_0/vid_io_out_ce
WARNING: [BD 41-1284] Cannot set parameter CLK_DOMAIN on port /v_axi4s_vid_out_0/vid_io_out_ce
WARNING: [BD 41-1284] Cannot set parameter FREQ_HZ on port /v_tc_0/clken
WARNING: [BD 41-1284] Cannot set parameter PHASE on port /v_tc_0/clken
WARNING: [BD 41-1284] Cannot set parameter CLK_DOMAIN on port /v_tc_0/clken
WARNING: [BD 41-702] Propagation TCL tries to overwrite USER strength parameter PCW_M_AXI_GP0_FREQMHZ(10) on '/processing_system7_0' with propagated value(50). Command ignored
WARNING: [BD 41-702] Propagation TCL tries to overwrite USER strength parameter PCW_S_AXI_HP0_FREQMHZ(10) on '/processing_system7_0' with propagated value(50). Command ignored
WARNING: [BD 41-702] Propagation TCL tries to overwrite USER strength parameter PCW_S_AXI_HP1_FREQMHZ(10) on '/processing_system7_0' with propagated value(50). Command ignored
INFO: [xilinx.com:ip:axi_vdma:6.3-15] /axi_vdma_0 
                    All clocks connected to AXI VDMA are not identical, therefore configuring AXI-VDMA in ASYNC mode.
WARNING: [xilinx.com:ip:axi_vdma:6.3-155] /axi_vdma_0 
                    To get the better performance, ensure AXI Memory Map clock frequency is greater than equal to AXI Streaming clock frequency.
WARNING: [xilinx.com:ip:axi_intc:4.1-13] /axi_intc_0: Interrupt output connection Bus is selected, but the interrupt bus interface is not connected to a matching interface. Please consider selecting Single instead.
INFO: [xilinx.com:ip:clk_wiz:6.0-1] /clk_wiz_0 clk_wiz propagate
INFO: [xilinx.com:ip:clk_wiz:6.0-1] /clk_wiz_0 clk_wiz propagate
ERROR: [BD 41-237] Bus Interface property FREQ_HZ does not match between /v_axi4s_vid_out_0/video_in(50000000) and /axi_vdma_0/M_AXIS_MM2S(74250000)
ERROR: [BD 41-237] Bus Interface property CLK_DOMAIN does not match between /v_axi4s_vid_out_0/video_in(AES_SYS_processing_system7_0_0_FCLK_CLK0) and /axi_vdma_0/M_AXIS_MM2S(/clk_wiz_0_clk_out1)
ERROR: [BD 41-1031] Hdl Generation failed for the IP Integrator design C:/code/RFC-8439-fpga-implementation/AES-Cam-on-PYNQ-Z2-main/AES-Cam-on-PYNQ-Z2-main/AES_SYS/AES_SYS.srcs/sources_1/bd/AES_SYS/AES_SYS.bd 
generate_target: Time (s): cpu = 00:00:27 ; elapsed = 00:00:29 . Memory (MB): peak = 5097.148 ; gain = 0.000
ERROR: [Common 17-39] 'generate_target' failed due to earlier errors.
startgroup
set_property CONFIG.C_HAS_ASYNC_CLK {0} [get_bd_cells v_axi4s_vid_out_0]
WARNING: [BD 41-1684] Pin /v_axi4s_vid_out_0/vid_io_out_clk is now disabled. All connections to this pin have been removed. 
endgroup
disconnect_bd_net /processing_system7_0_FCLK_CLK0 [get_bd_pins v_axi4s_vid_out_0/aclk]
connect_bd_net [get_bd_pins clk_wiz_0/clk_out1] [get_bd_pins v_axi4s_vid_out_0/aclk]
startgroup
create_bd_cell -type ip -vlnv xilinx.com:ip:axi_gpio:2.0 axi_gpio_4
endgroup
set_property location {5 1696 1881} [get_bd_cells axi_gpio_4]
set_property CONFIG.C_ALL_INPUTS {1} [get_bd_cells axi_gpio_4]
connect_bd_net [get_bd_pins v_axi4s_vid_out_0/status] [get_bd_pins axi_gpio_4/gpio_io_i]
WARNING: [BD 41-1306] The connection to interface pin </axi_gpio_4/gpio_io_i> is being overridden by the user with net <v_axi4s_vid_out_0_status>. This pin will not be connected as a part of interface connection <GPIO>.
WARNING: [IP_Flow 19-240] Unknown architecture 'versal' detected.
WARNING: [IP_Flow 19-240] Unknown architecture 'versal' detected.
WARNING: [IP_Flow 19-240] Unknown architecture 'versal' detected.
WARNING: [IP_Flow 19-240] Unknown architecture 'versal' detected.
WARNING: [IP_Flow 19-240] Unknown architecture 'versal' detected.
WARNING: [IP_Flow 19-240] Unknown architecture 'versal' detected.
WARNING: [IP_Flow 19-240] Unknown architecture 'versal' detected.
WARNING: [IP_Flow 19-240] Unknown architecture 'versal' detected.
WARNING: [IP_Flow 19-240] Unknown architecture 'versal' detected.
WARNING: [IP_Flow 19-240] Unknown architecture 'versal' detected.
WARNING: [IP_Flow 19-240] Unknown architecture 'versal' detected.
WARNING: [IP_Flow 19-240] Unknown architecture 'versal' detected.
WARNING: [IP_Flow 19-240] Unknown architecture 'versal' detected.
WARNING: [IP_Flow 19-240] Unknown architecture 'versal' detected.
WARNING: [IP_Flow 19-240] Unknown architecture 'versal' detected.
WARNING: [IP_Flow 19-240] Unknown architecture 'versal' detected.
WARNING: [IP_Flow 19-240] Unknown architecture 'versal' detected.
WARNING: [IP_Flow 19-240] Unknown architecture 'versal' detected.
WARNING: [IP_Flow 19-240] Unknown architecture 'versal' detected.
WARNING: [IP_Flow 19-240] Unknown architecture 'versal' detected.
WARNING: [IP_Flow 19-240] Unknown architecture 'versal' detected.
WARNING: [IP_Flow 19-240] Unknown architecture 'versal' detected.
WARNING: [IP_Flow 19-240] Unknown architecture 'versal' detected.
WARNING: [IP_Flow 19-240] Unknown architecture 'versal' detected.
WARNING: [IP_Flow 19-240] Unknown architecture 'versal' detected.
WARNING: [IP_Flow 19-240] Unknown architecture 'versal' detected.
WARNING: [IP_Flow 19-240] Unknown architecture 'versal' detected.
WARNING: [IP_Flow 19-240] Unknown architecture 'versal' detected.
WARNING: [IP_Flow 19-240] Unknown architecture 'versal' detected.
WARNING: [IP_Flow 19-240] Unknown architecture 'versal' detected.
WARNING: [IP_Flow 19-240] Unknown architecture 'versal' detected.
WARNING: [IP_Flow 19-240] Unknown architecture 'versal' detected.
WARNING: [IP_Flow 19-240] Unknown architecture 'versal' detected.
WARNING: [IP_Flow 19-240] Unknown architecture 'versal' detected.
WARNING: [IP_Flow 19-240] Unknown architecture 'versal' detected.
WARNING: [IP_Flow 19-240] Unknown architecture 'versal' detected.
WARNING: [IP_Flow 19-240] Unknown architecture 'versal' detected.
WARNING: [IP_Flow 19-240] Unknown architecture 'versal' detected.
WARNING: [IP_Flow 19-240] Unknown architecture 'versal' detected.
WARNING: [IP_Flow 19-240] Unknown architecture 'versal' detected.
WARNING: [IP_Flow 19-240] Unknown architecture 'versal' detected.
WARNING: [IP_Flow 19-240] Unknown architecture 'versal' detected.
WARNING: [IP_Flow 19-240] Unknown architecture 'versal' detected.
WARNING: [IP_Flow 19-240] Unknown architecture 'versal' detected.
WARNING: [IP_Flow 19-240] Unknown architecture 'versal' detected.
WARNING: [IP_Flow 19-240] Unknown architecture 'versal' detected.
WARNING: [IP_Flow 19-240] Unknown architecture 'versal' detected.
WARNING: [IP_Flow 19-240] Unknown architecture 'versal' detected.
WARNING: [IP_Flow 19-240] Unknown architecture 'versal' detected.
WARNING: [IP_Flow 19-240] Unknown architecture 'versal' detected.
WARNING: [IP_Flow 19-240] Unknown architecture 'versal' detected.
WARNING: [IP_Flow 19-240] Unknown architecture 'versal' detected.
WARNING: [IP_Flow 19-240] Unknown architecture 'versal' detected.
WARNING: [IP_Flow 19-240] Unknown architecture 'versal' detected.
WARNING: [IP_Flow 19-240] Unknown architecture 'versal' detected.
WARNING: [IP_Flow 19-240] Unknown architecture 'versal' detected.
WARNING: [IP_Flow 19-240] Unknown architecture 'versal' detected.
WARNING: [IP_Flow 19-240] Unknown architecture 'versal' detected.
WARNING: [IP_Flow 19-240] Unknown architecture 'versal' detected.
WARNING: [IP_Flow 19-240] Unknown architecture 'versal' detected.
WARNING: [IP_Flow 19-240] Unknown architecture 'versal' detected.
WARNING: [IP_Flow 19-240] Unknown architecture 'versal' detected.
WARNING: [IP_Flow 19-240] Unknown architecture 'versal' detected.
WARNING: [IP_Flow 19-240] Unknown architecture 'versal' detected.
WARNING: [IP_Flow 19-240] Unknown architecture 'versal' detected.
WARNING: [IP_Flow 19-240] Unknown architecture 'versal' detected.
WARNING: [IP_Flow 19-240] Unknown architecture 'versal' detected.
WARNING: [IP_Flow 19-240] Unknown architecture 'versal' detected.
WARNING: [IP_Flow 19-240] Unknown architecture 'versal' detected.
WARNING: [IP_Flow 19-240] Unknown architecture 'versal' detected.
WARNING: [IP_Flow 19-240] Unknown architecture 'versal' detected.
WARNING: [IP_Flow 19-240] Unknown architecture 'versal' detected.
WARNING: [IP_Flow 19-240] Unknown architecture 'versal' detected.
WARNING: [IP_Flow 19-240] Unknown architecture 'versal' detected.
WARNING: [IP_Flow 19-240] Unknown architecture 'versal' detected.
WARNING: [IP_Flow 19-240] Unknown architecture 'versal' detected.
WARNING: [IP_Flow 19-240] Unknown architecture 'versal' detected.
WARNING: [IP_Flow 19-240] Unknown architecture 'versal' detected.
WARNING: [IP_Flow 19-240] Unknown architecture 'versal' detected.
WARNING: [IP_Flow 19-240] Unknown architecture 'versal' detected.
WARNING: [IP_Flow 19-240] Unknown architecture 'versal' detected.
apply_bd_automation -rule xilinx.com:bd_rule:axi4 -config { Clk_master {/processing_system7_0/FCLK_CLK0 (50 MHz)} Clk_slave {Auto} Clk_xbar {/processing_system7_0/FCLK_CLK0 (50 MHz)} Master {/processing_system7_0/M_AXI_GP0} Slave {/axi_gpio_4/S_AXI} ddr_seg {Auto} intc_ip {/ps7_0_axi_periph} master_apm {0}}  [get_bd_intf_pins axi_gpio_4/S_AXI]
Slave segment '/axi_gpio_4/S_AXI/Reg' is being assigned into address space '/processing_system7_0/Data' at <0x4124_0000 [ 64K ]>.
validate_bd_design
WARNING: [BD 41-2670] Found an incomplete address path from address space '/processing_system7_0/Data' to master interface '/ps7_0_axi_periph/M12_AXI'. Please either complete or remove this path to resolve.
WARNING: [BD 41-2670] Found an incomplete address path from address space '/processing_system7_0/Data' to master interface '/ps7_0_axi_periph/M10_AXI'. Please either complete or remove this path to resolve.
WARNING: [BD 5-699] No address segments matched 'get_bd_addr_segs -addressables -of_objects /processing_system7_0/FCLK_RESET0_N'
WARNING: [BD 41-1284] Cannot set parameter FREQ_HZ on port /v_axi4s_vid_out_0/aclken
WARNING: [BD 41-1284] Cannot set parameter PHASE on port /v_axi4s_vid_out_0/aclken
WARNING: [BD 41-1284] Cannot set parameter CLK_DOMAIN on port /v_axi4s_vid_out_0/aclken
WARNING: [BD 41-1284] Cannot set parameter FREQ_HZ on port /v_axi4s_vid_out_0/vid_io_out_ce
WARNING: [BD 41-1284] Cannot set parameter PHASE on port /v_axi4s_vid_out_0/vid_io_out_ce
WARNING: [BD 41-1284] Cannot set parameter CLK_DOMAIN on port /v_axi4s_vid_out_0/vid_io_out_ce
WARNING: [BD 41-1284] Cannot set parameter FREQ_HZ on port /v_tc_0/clken
WARNING: [BD 41-1284] Cannot set parameter PHASE on port /v_tc_0/clken
WARNING: [BD 41-1284] Cannot set parameter CLK_DOMAIN on port /v_tc_0/clken
WARNING: [BD 41-702] Propagation TCL tries to overwrite USER strength parameter PCW_M_AXI_GP0_FREQMHZ(10) on '/processing_system7_0' with propagated value(50). Command ignored
WARNING: [BD 41-702] Propagation TCL tries to overwrite USER strength parameter PCW_S_AXI_HP0_FREQMHZ(10) on '/processing_system7_0' with propagated value(50). Command ignored
WARNING: [BD 41-702] Propagation TCL tries to overwrite USER strength parameter PCW_S_AXI_HP1_FREQMHZ(10) on '/processing_system7_0' with propagated value(50). Command ignored
INFO: [xilinx.com:ip:axi_vdma:6.3-15] /axi_vdma_0 
                    All clocks connected to AXI VDMA are not identical, therefore configuring AXI-VDMA in ASYNC mode.
WARNING: [xilinx.com:ip:axi_vdma:6.3-155] /axi_vdma_0 
                    To get the better performance, ensure AXI Memory Map clock frequency is greater than equal to AXI Streaming clock frequency.
WARNING: [xilinx.com:ip:axi_intc:4.1-13] /axi_intc_0: Interrupt output connection Bus is selected, but the interrupt bus interface is not connected to a matching interface. Please consider selecting Single instead.
INFO: [xilinx.com:ip:clk_wiz:6.0-1] /clk_wiz_0 clk_wiz propagate
generate_target all [get_files  C:/code/RFC-8439-fpga-implementation/AES-Cam-on-PYNQ-Z2-main/AES-Cam-on-PYNQ-Z2-main/AES_SYS/AES_SYS.srcs/sources_1/bd/AES_SYS/AES_SYS.bd]
INFO: [BD 41-1662] The design 'AES_SYS.bd' is already validated. Therefore parameter propagation will not be re-run.
Wrote  : <C:\code\RFC-8439-fpga-implementation\AES-Cam-on-PYNQ-Z2-main\AES-Cam-on-PYNQ-Z2-main\AES_SYS\AES_SYS.srcs\sources_1\bd\AES_SYS\AES_SYS.bd> 
Wrote  : <C:/code/RFC-8439-fpga-implementation/AES-Cam-on-PYNQ-Z2-main/AES-Cam-on-PYNQ-Z2-main/AES_SYS/AES_SYS.srcs/sources_1/bd/AES_SYS/ui/bd_9341033d.ui> 
WARNING: [BD 41-2384] Width mismatch when connecting pin: '/axi_mem_intercon/m00_couplers/auto_pc/m_axi_rid'(1) to pin: '/axi_mem_intercon/m00_couplers/M_AXI_rid'(6) - Only lower order bits will be connected.
WARNING: [BD 41-2384] Width mismatch when connecting pin: '/axi_mem_intercon/m00_couplers/auto_pc/m_axi_bid'(1) to pin: '/axi_mem_intercon/m00_couplers/M_AXI_bid'(6) - Only lower order bits will be connected.
WARNING: [BD 41-2384] Width mismatch when connecting pin: '/axi_bram_ctrl_0_bram/addra'(32) to pin: '/axi_bram_ctrl_0/bram_addr_a'(18) - Only lower order bits will be connected.
WARNING: [BD 41-2384] Width mismatch when connecting pin: '/axi_bram_ctrl_0_bram1/addra'(32) to pin: '/axi_bram_ctrl_1/bram_addr_a'(18) - Only lower order bits will be connected.
WARNING: [BD 41-2384] Width mismatch when connecting pin: '/processing_system7_0/S_AXI_HP0_AWID'(6) to pin: '/axi_mem_intercon/M00_AXI_awid'(1) - Only lower order bits will be connected.
WARNING: [BD 41-2384] Width mismatch when connecting pin: '/processing_system7_0/S_AXI_HP0_ARID'(6) to pin: '/axi_mem_intercon/M00_AXI_arid'(1) - Only lower order bits will be connected.
WARNING: [BD 41-2384] Width mismatch when connecting pin: '/processing_system7_0/S_AXI_HP0_WID'(6) to pin: '/axi_mem_intercon/M00_AXI_wid'(1) - Only lower order bits will be connected.
Verilog Output written to : c:/code/RFC-8439-fpga-implementation/AES-Cam-on-PYNQ-Z2-main/AES-Cam-on-PYNQ-Z2-main/AES_SYS/AES_SYS.gen/sources_1/bd/AES_SYS/synth/AES_SYS.v
WARNING: [BD 41-2384] Width mismatch when connecting pin: '/axi_mem_intercon/m00_couplers/auto_pc/m_axi_rid'(1) to pin: '/axi_mem_intercon/m00_couplers/M_AXI_rid'(6) - Only lower order bits will be connected.
WARNING: [BD 41-2384] Width mismatch when connecting pin: '/axi_mem_intercon/m00_couplers/auto_pc/m_axi_bid'(1) to pin: '/axi_mem_intercon/m00_couplers/M_AXI_bid'(6) - Only lower order bits will be connected.
WARNING: [BD 41-2384] Width mismatch when connecting pin: '/axi_bram_ctrl_0_bram/addra'(32) to pin: '/axi_bram_ctrl_0/bram_addr_a'(18) - Only lower order bits will be connected.
WARNING: [BD 41-2384] Width mismatch when connecting pin: '/axi_bram_ctrl_0_bram1/addra'(32) to pin: '/axi_bram_ctrl_1/bram_addr_a'(18) - Only lower order bits will be connected.
WARNING: [BD 41-2384] Width mismatch when connecting pin: '/processing_system7_0/S_AXI_HP0_AWID'(6) to pin: '/axi_mem_intercon/M00_AXI_awid'(1) - Only lower order bits will be connected.
WARNING: [BD 41-2384] Width mismatch when connecting pin: '/processing_system7_0/S_AXI_HP0_ARID'(6) to pin: '/axi_mem_intercon/M00_AXI_arid'(1) - Only lower order bits will be connected.
WARNING: [BD 41-2384] Width mismatch when connecting pin: '/processing_system7_0/S_AXI_HP0_WID'(6) to pin: '/axi_mem_intercon/M00_AXI_wid'(1) - Only lower order bits will be connected.
Verilog Output written to : c:/code/RFC-8439-fpga-implementation/AES-Cam-on-PYNQ-Z2-main/AES-Cam-on-PYNQ-Z2-main/AES_SYS/AES_SYS.gen/sources_1/bd/AES_SYS/sim/AES_SYS.v
Verilog Output written to : c:/code/RFC-8439-fpga-implementation/AES-Cam-on-PYNQ-Z2-main/AES-Cam-on-PYNQ-Z2-main/AES_SYS/AES_SYS.gen/sources_1/bd/AES_SYS/hdl/AES_SYS_wrapper.v
INFO: [BD 41-1029] Generation completed for the IP Integrator block ps7_0_axi_periph/xbar .
WARNING: [IP_Flow 19-4994] Overwriting existing constraint file 'c:/code/RFC-8439-fpga-implementation/AES-Cam-on-PYNQ-Z2-main/AES-Cam-on-PYNQ-Z2-main/AES_SYS/AES_SYS.gen/sources_1/bd/AES_SYS/ip/AES_SYS_auto_pc_12/AES_SYS_auto_pc_12_ooc.xdc'
INFO: [BD 41-1029] Generation completed for the IP Integrator block ps7_0_axi_periph/s00_couplers/auto_pc .
WARNING: [IP_Flow 19-4994] Overwriting existing constraint file 'c:/code/RFC-8439-fpga-implementation/AES-Cam-on-PYNQ-Z2-main/AES-Cam-on-PYNQ-Z2-main/AES_SYS/AES_SYS.gen/sources_1/bd/AES_SYS/ip/AES_SYS_auto_pc_0/AES_SYS_auto_pc_0_ooc.xdc'
INFO: [BD 41-1029] Generation completed for the IP Integrator block ps7_0_axi_periph/m00_couplers/auto_pc .
WARNING: [IP_Flow 19-4994] Overwriting existing constraint file 'c:/code/RFC-8439-fpga-implementation/AES-Cam-on-PYNQ-Z2-main/AES-Cam-on-PYNQ-Z2-main/AES_SYS/AES_SYS.gen/sources_1/bd/AES_SYS/ip/AES_SYS_auto_pc_1/AES_SYS_auto_pc_1_ooc.xdc'
INFO: [BD 41-1029] Generation completed for the IP Integrator block ps7_0_axi_periph/m01_couplers/auto_pc .
WARNING: [IP_Flow 19-4994] Overwriting existing constraint file 'c:/code/RFC-8439-fpga-implementation/AES-Cam-on-PYNQ-Z2-main/AES-Cam-on-PYNQ-Z2-main/AES_SYS/AES_SYS.gen/sources_1/bd/AES_SYS/ip/AES_SYS_auto_pc_2/AES_SYS_auto_pc_2_ooc.xdc'
INFO: [BD 41-1029] Generation completed for the IP Integrator block ps7_0_axi_periph/m02_couplers/auto_pc .
WARNING: [IP_Flow 19-4994] Overwriting existing constraint file 'c:/code/RFC-8439-fpga-implementation/AES-Cam-on-PYNQ-Z2-main/AES-Cam-on-PYNQ-Z2-main/AES_SYS/AES_SYS.gen/sources_1/bd/AES_SYS/ip/AES_SYS_auto_pc_3/AES_SYS_auto_pc_3_ooc.xdc'
INFO: [BD 41-1029] Generation completed for the IP Integrator block ps7_0_axi_periph/m03_couplers/auto_pc .
WARNING: [IP_Flow 19-4994] Overwriting existing constraint file 'c:/code/RFC-8439-fpga-implementation/AES-Cam-on-PYNQ-Z2-main/AES-Cam-on-PYNQ-Z2-main/AES_SYS/AES_SYS.gen/sources_1/bd/AES_SYS/ip/AES_SYS_auto_pc_4/AES_SYS_auto_pc_4_ooc.xdc'
INFO: [BD 41-1029] Generation completed for the IP Integrator block ps7_0_axi_periph/m04_couplers/auto_pc .
WARNING: [IP_Flow 19-4994] Overwriting existing constraint file 'c:/code/RFC-8439-fpga-implementation/AES-Cam-on-PYNQ-Z2-main/AES-Cam-on-PYNQ-Z2-main/AES_SYS/AES_SYS.gen/sources_1/bd/AES_SYS/ip/AES_SYS_auto_pc_5/AES_SYS_auto_pc_5_ooc.xdc'
INFO: [BD 41-1029] Generation completed for the IP Integrator block ps7_0_axi_periph/m05_couplers/auto_pc .
WARNING: [IP_Flow 19-4994] Overwriting existing constraint file 'c:/code/RFC-8439-fpga-implementation/AES-Cam-on-PYNQ-Z2-main/AES-Cam-on-PYNQ-Z2-main/AES_SYS/AES_SYS.gen/sources_1/bd/AES_SYS/ip/AES_SYS_auto_pc_6/AES_SYS_auto_pc_6_ooc.xdc'
INFO: [BD 41-1029] Generation completed for the IP Integrator block ps7_0_axi_periph/m06_couplers/auto_pc .
WARNING: [IP_Flow 19-4994] Overwriting existing constraint file 'c:/code/RFC-8439-fpga-implementation/AES-Cam-on-PYNQ-Z2-main/AES-Cam-on-PYNQ-Z2-main/AES_SYS/AES_SYS.gen/sources_1/bd/AES_SYS/ip/AES_SYS_auto_pc_7/AES_SYS_auto_pc_7_ooc.xdc'
INFO: [BD 41-1029] Generation completed for the IP Integrator block ps7_0_axi_periph/m07_couplers/auto_pc .
WARNING: [IP_Flow 19-4994] Overwriting existing constraint file 'c:/code/RFC-8439-fpga-implementation/AES-Cam-on-PYNQ-Z2-main/AES-Cam-on-PYNQ-Z2-main/AES_SYS/AES_SYS.gen/sources_1/bd/AES_SYS/ip/AES_SYS_auto_pc_8/AES_SYS_auto_pc_8_ooc.xdc'
INFO: [BD 41-1029] Generation completed for the IP Integrator block ps7_0_axi_periph/m08_couplers/auto_pc .
WARNING: [IP_Flow 19-4994] Overwriting existing constraint file 'c:/code/RFC-8439-fpga-implementation/AES-Cam-on-PYNQ-Z2-main/AES-Cam-on-PYNQ-Z2-main/AES_SYS/AES_SYS.gen/sources_1/bd/AES_SYS/ip/AES_SYS_auto_pc_9/AES_SYS_auto_pc_9_ooc.xdc'
INFO: [BD 41-1029] Generation completed for the IP Integrator block ps7_0_axi_periph/m09_couplers/auto_pc .
WARNING: [IP_Flow 19-4994] Overwriting existing constraint file 'c:/code/RFC-8439-fpga-implementation/AES-Cam-on-PYNQ-Z2-main/AES-Cam-on-PYNQ-Z2-main/AES_SYS/AES_SYS.gen/sources_1/bd/AES_SYS/ip/AES_SYS_auto_pc_10/AES_SYS_auto_pc_10_ooc.xdc'
INFO: [BD 41-1029] Generation completed for the IP Integrator block ps7_0_axi_periph/m11_couplers/auto_pc .
WARNING: [IP_Flow 19-4994] Overwriting existing constraint file 'c:/code/RFC-8439-fpga-implementation/AES-Cam-on-PYNQ-Z2-main/AES-Cam-on-PYNQ-Z2-main/AES_SYS/AES_SYS.gen/sources_1/bd/AES_SYS/ip/AES_SYS_auto_pc_11/AES_SYS_auto_pc_11_ooc.xdc'
INFO: [BD 41-1029] Generation completed for the IP Integrator block ps7_0_axi_periph/m13_couplers/auto_pc .
WARNING: [IP_Flow 19-4994] Overwriting existing constraint file 'c:/code/RFC-8439-fpga-implementation/AES-Cam-on-PYNQ-Z2-main/AES-Cam-on-PYNQ-Z2-main/AES_SYS/AES_SYS.gen/sources_1/bd/AES_SYS/ip/AES_SYS_auto_pc_13/AES_SYS_auto_pc_13_ooc.xdc'
INFO: [BD 41-1029] Generation completed for the IP Integrator block axi_mem_intercon/m00_couplers/auto_pc .
WARNING: [IP_Flow 19-4994] Overwriting existing constraint file 'c:/code/RFC-8439-fpga-implementation/AES-Cam-on-PYNQ-Z2-main/AES-Cam-on-PYNQ-Z2-main/AES_SYS/AES_SYS.gen/sources_1/bd/AES_SYS/ip/AES_SYS_auto_us_0/AES_SYS_auto_us_0_ooc.xdc'
INFO: [IP_Flow 19-5611] Unable to find an associated reset port for the interface 'S_AXI'. A default connection has been created.
INFO: [IP_Flow 19-5611] Unable to find an associated reset port for the interface 'M_AXI'. A default connection has been created.
INFO: [BD 41-1029] Generation completed for the IP Integrator block axi_mem_intercon_1/s00_couplers/auto_us .
WARNING: [IP_Flow 19-4994] Overwriting existing constraint file 'c:/code/RFC-8439-fpga-implementation/AES-Cam-on-PYNQ-Z2-main/AES-Cam-on-PYNQ-Z2-main/AES_SYS/AES_SYS.gen/sources_1/bd/AES_SYS/ip/AES_SYS_auto_pc_14/AES_SYS_auto_pc_14_ooc.xdc'
INFO: [BD 41-1029] Generation completed for the IP Integrator block axi_mem_intercon_1/m00_couplers/auto_pc .
WARNING: [IP_Flow 19-4994] Overwriting existing constraint file 'c:/code/RFC-8439-fpga-implementation/AES-Cam-on-PYNQ-Z2-main/AES-Cam-on-PYNQ-Z2-main/AES_SYS/AES_SYS.gen/sources_1/bd/AES_SYS/ip/AES_SYS_auto_ds_0/AES_SYS_auto_ds_0_ooc.xdc'
INFO: [IP_Flow 19-5611] Unable to find an associated reset port for the interface 'S_AXI'. A default connection has been created.
INFO: [IP_Flow 19-5611] Unable to find an associated reset port for the interface 'M_AXI'. A default connection has been created.
INFO: [BD 41-1029] Generation completed for the IP Integrator block axi_mem_intercon_1/m01_couplers/auto_ds .
WARNING: [IP_Flow 19-4994] Overwriting existing constraint file 'c:/code/RFC-8439-fpga-implementation/AES-Cam-on-PYNQ-Z2-main/AES-Cam-on-PYNQ-Z2-main/AES_SYS/AES_SYS.gen/sources_1/bd/AES_SYS/ip/AES_SYS_auto_ds_1/AES_SYS_auto_ds_1_ooc.xdc'
INFO: [IP_Flow 19-5611] Unable to find an associated reset port for the interface 'S_AXI'. A default connection has been created.
INFO: [IP_Flow 19-5611] Unable to find an associated reset port for the interface 'M_AXI'. A default connection has been created.
INFO: [BD 41-1029] Generation completed for the IP Integrator block axi_mem_intercon_1/m02_couplers/auto_ds .
INFO: [BD 41-1029] Generation completed for the IP Integrator block axi_gpio_4 .
Exporting to file c:/code/RFC-8439-fpga-implementation/AES-Cam-on-PYNQ-Z2-main/AES-Cam-on-PYNQ-Z2-main/AES_SYS/AES_SYS.gen/sources_1/bd/AES_SYS/hw_handoff/AES_SYS.hwh
Generated Hardware Definition File c:/code/RFC-8439-fpga-implementation/AES-Cam-on-PYNQ-Z2-main/AES-Cam-on-PYNQ-Z2-main/AES_SYS/AES_SYS.gen/sources_1/bd/AES_SYS/synth/AES_SYS.hwdef
generate_target: Time (s): cpu = 00:00:07 ; elapsed = 00:00:08 . Memory (MB): peak = 5097.148 ; gain = 0.000
catch { config_ip_cache -export [get_ips -all AES_SYS_xbar_0] }
INFO: [IP_Flow 19-6924] IPCACHE: Running cache check for IP inst: AES_SYS_xbar_0
catch { config_ip_cache -export [get_ips -all AES_SYS_auto_pc_12] }
INFO: [IP_Flow 19-6924] IPCACHE: Running cache check for IP inst: AES_SYS_auto_pc_12
INFO: [IP_Flow 19-6922] IPCACHE: Exporting cached entry e640ebf91d268473 to dir: c:/code/RFC-8439-fpga-implementation/AES-Cam-on-PYNQ-Z2-main/AES-Cam-on-PYNQ-Z2-main/AES_SYS/AES_SYS.gen/sources_1/bd/AES_SYS/ip/AES_SYS_auto_pc_12
INFO: [IP_Flow 19-6928] IPCACHE: copied cached file c:/code/RFC-8439-fpga-implementation/AES-Cam-on-PYNQ-Z2-main/AES-Cam-on-PYNQ-Z2-main/AES_SYS/AES_SYS.cache/ip/2023.2/e/6/e640ebf91d268473/AES_SYS_auto_pc_11.dcp to c:/code/RFC-8439-fpga-implementation/AES-Cam-on-PYNQ-Z2-main/AES-Cam-on-PYNQ-Z2-main/AES_SYS/AES_SYS.gen/sources_1/bd/AES_SYS/ip/AES_SYS_auto_pc_12/AES_SYS_auto_pc_12.dcp.
INFO: [IP_Flow 19-6926] IPCACHE: added file to list for BOM: c:/code/RFC-8439-fpga-implementation/AES-Cam-on-PYNQ-Z2-main/AES-Cam-on-PYNQ-Z2-main/AES_SYS/AES_SYS.gen/sources_1/bd/AES_SYS/ip/AES_SYS_auto_pc_12/AES_SYS_auto_pc_12.dcp
INFO: [IP_Flow 19-6928] IPCACHE: copied cached file c:/code/RFC-8439-fpga-implementation/AES-Cam-on-PYNQ-Z2-main/AES-Cam-on-PYNQ-Z2-main/AES_SYS/AES_SYS.cache/ip/2023.2/e/6/e640ebf91d268473/AES_SYS_auto_pc_11_sim_netlist.v to c:/code/RFC-8439-fpga-implementation/AES-Cam-on-PYNQ-Z2-main/AES-Cam-on-PYNQ-Z2-main/AES_SYS/AES_SYS.gen/sources_1/bd/AES_SYS/ip/AES_SYS_auto_pc_12/AES_SYS_auto_pc_12_sim_netlist.v.
INFO: [IP_Flow 19-6926] IPCACHE: added file to list for BOM: c:/code/RFC-8439-fpga-implementation/AES-Cam-on-PYNQ-Z2-main/AES-Cam-on-PYNQ-Z2-main/AES_SYS/AES_SYS.gen/sources_1/bd/AES_SYS/ip/AES_SYS_auto_pc_12/AES_SYS_auto_pc_12_sim_netlist.v
INFO: [IP_Flow 19-6928] IPCACHE: copied cached file c:/code/RFC-8439-fpga-implementation/AES-Cam-on-PYNQ-Z2-main/AES-Cam-on-PYNQ-Z2-main/AES_SYS/AES_SYS.cache/ip/2023.2/e/6/e640ebf91d268473/AES_SYS_auto_pc_11_sim_netlist.vhdl to c:/code/RFC-8439-fpga-implementation/AES-Cam-on-PYNQ-Z2-main/AES-Cam-on-PYNQ-Z2-main/AES_SYS/AES_SYS.gen/sources_1/bd/AES_SYS/ip/AES_SYS_auto_pc_12/AES_SYS_auto_pc_12_sim_netlist.vhdl.
INFO: [IP_Flow 19-6926] IPCACHE: added file to list for BOM: c:/code/RFC-8439-fpga-implementation/AES-Cam-on-PYNQ-Z2-main/AES-Cam-on-PYNQ-Z2-main/AES_SYS/AES_SYS.gen/sources_1/bd/AES_SYS/ip/AES_SYS_auto_pc_12/AES_SYS_auto_pc_12_sim_netlist.vhdl
INFO: [IP_Flow 19-6928] IPCACHE: copied cached file c:/code/RFC-8439-fpga-implementation/AES-Cam-on-PYNQ-Z2-main/AES-Cam-on-PYNQ-Z2-main/AES_SYS/AES_SYS.cache/ip/2023.2/e/6/e640ebf91d268473/AES_SYS_auto_pc_11_stub.v to c:/code/RFC-8439-fpga-implementation/AES-Cam-on-PYNQ-Z2-main/AES-Cam-on-PYNQ-Z2-main/AES_SYS/AES_SYS.gen/sources_1/bd/AES_SYS/ip/AES_SYS_auto_pc_12/AES_SYS_auto_pc_12_stub.v.
INFO: [IP_Flow 19-6926] IPCACHE: added file to list for BOM: c:/code/RFC-8439-fpga-implementation/AES-Cam-on-PYNQ-Z2-main/AES-Cam-on-PYNQ-Z2-main/AES_SYS/AES_SYS.gen/sources_1/bd/AES_SYS/ip/AES_SYS_auto_pc_12/AES_SYS_auto_pc_12_stub.v
INFO: [IP_Flow 19-6928] IPCACHE: copied cached file c:/code/RFC-8439-fpga-implementation/AES-Cam-on-PYNQ-Z2-main/AES-Cam-on-PYNQ-Z2-main/AES_SYS/AES_SYS.cache/ip/2023.2/e/6/e640ebf91d268473/AES_SYS_auto_pc_11_stub.vhdl to c:/code/RFC-8439-fpga-implementation/AES-Cam-on-PYNQ-Z2-main/AES-Cam-on-PYNQ-Z2-main/AES_SYS/AES_SYS.gen/sources_1/bd/AES_SYS/ip/AES_SYS_auto_pc_12/AES_SYS_auto_pc_12_stub.vhdl.
INFO: [IP_Flow 19-6926] IPCACHE: added file to list for BOM: c:/code/RFC-8439-fpga-implementation/AES-Cam-on-PYNQ-Z2-main/AES-Cam-on-PYNQ-Z2-main/AES_SYS/AES_SYS.gen/sources_1/bd/AES_SYS/ip/AES_SYS_auto_pc_12/AES_SYS_auto_pc_12_stub.vhdl
INFO: [IP_Flow 19-4993] Using cached IP synthesis design for IP AES_SYS_auto_pc_12, cache-ID = e640ebf91d268473; cache size = 171.807 MB.
catch { config_ip_cache -export [get_ips -all AES_SYS_auto_pc_0] }
INFO: [IP_Flow 19-6924] IPCACHE: Running cache check for IP inst: AES_SYS_auto_pc_0
INFO: [IP_Flow 19-6922] IPCACHE: Exporting cached entry 3bc72d579e6ad5e4 to dir: c:/code/RFC-8439-fpga-implementation/AES-Cam-on-PYNQ-Z2-main/AES-Cam-on-PYNQ-Z2-main/AES_SYS/AES_SYS.gen/sources_1/bd/AES_SYS/ip/AES_SYS_auto_pc_0
INFO: [IP_Flow 19-6928] IPCACHE: copied cached file c:/code/RFC-8439-fpga-implementation/AES-Cam-on-PYNQ-Z2-main/AES-Cam-on-PYNQ-Z2-main/AES_SYS/AES_SYS.cache/ip/2023.2/3/b/3bc72d579e6ad5e4/AES_SYS_auto_pc_0.dcp to c:/code/RFC-8439-fpga-implementation/AES-Cam-on-PYNQ-Z2-main/AES-Cam-on-PYNQ-Z2-main/AES_SYS/AES_SYS.gen/sources_1/bd/AES_SYS/ip/AES_SYS_auto_pc_0/AES_SYS_auto_pc_0.dcp.
INFO: [IP_Flow 19-6926] IPCACHE: added file to list for BOM: c:/code/RFC-8439-fpga-implementation/AES-Cam-on-PYNQ-Z2-main/AES-Cam-on-PYNQ-Z2-main/AES_SYS/AES_SYS.gen/sources_1/bd/AES_SYS/ip/AES_SYS_auto_pc_0/AES_SYS_auto_pc_0.dcp
INFO: [IP_Flow 19-6928] IPCACHE: copied cached file c:/code/RFC-8439-fpga-implementation/AES-Cam-on-PYNQ-Z2-main/AES-Cam-on-PYNQ-Z2-main/AES_SYS/AES_SYS.cache/ip/2023.2/3/b/3bc72d579e6ad5e4/AES_SYS_auto_pc_0_sim_netlist.v to c:/code/RFC-8439-fpga-implementation/AES-Cam-on-PYNQ-Z2-main/AES-Cam-on-PYNQ-Z2-main/AES_SYS/AES_SYS.gen/sources_1/bd/AES_SYS/ip/AES_SYS_auto_pc_0/AES_SYS_auto_pc_0_sim_netlist.v.
INFO: [IP_Flow 19-6926] IPCACHE: added file to list for BOM: c:/code/RFC-8439-fpga-implementation/AES-Cam-on-PYNQ-Z2-main/AES-Cam-on-PYNQ-Z2-main/AES_SYS/AES_SYS.gen/sources_1/bd/AES_SYS/ip/AES_SYS_auto_pc_0/AES_SYS_auto_pc_0_sim_netlist.v
INFO: [IP_Flow 19-6928] IPCACHE: copied cached file c:/code/RFC-8439-fpga-implementation/AES-Cam-on-PYNQ-Z2-main/AES-Cam-on-PYNQ-Z2-main/AES_SYS/AES_SYS.cache/ip/2023.2/3/b/3bc72d579e6ad5e4/AES_SYS_auto_pc_0_sim_netlist.vhdl to c:/code/RFC-8439-fpga-implementation/AES-Cam-on-PYNQ-Z2-main/AES-Cam-on-PYNQ-Z2-main/AES_SYS/AES_SYS.gen/sources_1/bd/AES_SYS/ip/AES_SYS_auto_pc_0/AES_SYS_auto_pc_0_sim_netlist.vhdl.
INFO: [IP_Flow 19-6926] IPCACHE: added file to list for BOM: c:/code/RFC-8439-fpga-implementation/AES-Cam-on-PYNQ-Z2-main/AES-Cam-on-PYNQ-Z2-main/AES_SYS/AES_SYS.gen/sources_1/bd/AES_SYS/ip/AES_SYS_auto_pc_0/AES_SYS_auto_pc_0_sim_netlist.vhdl
INFO: [IP_Flow 19-6928] IPCACHE: copied cached file c:/code/RFC-8439-fpga-implementation/AES-Cam-on-PYNQ-Z2-main/AES-Cam-on-PYNQ-Z2-main/AES_SYS/AES_SYS.cache/ip/2023.2/3/b/3bc72d579e6ad5e4/AES_SYS_auto_pc_0_stub.v to c:/code/RFC-8439-fpga-implementation/AES-Cam-on-PYNQ-Z2-main/AES-Cam-on-PYNQ-Z2-main/AES_SYS/AES_SYS.gen/sources_1/bd/AES_SYS/ip/AES_SYS_auto_pc_0/AES_SYS_auto_pc_0_stub.v.
INFO: [IP_Flow 19-6926] IPCACHE: added file to list for BOM: c:/code/RFC-8439-fpga-implementation/AES-Cam-on-PYNQ-Z2-main/AES-Cam-on-PYNQ-Z2-main/AES_SYS/AES_SYS.gen/sources_1/bd/AES_SYS/ip/AES_SYS_auto_pc_0/AES_SYS_auto_pc_0_stub.v
INFO: [IP_Flow 19-6928] IPCACHE: copied cached file c:/code/RFC-8439-fpga-implementation/AES-Cam-on-PYNQ-Z2-main/AES-Cam-on-PYNQ-Z2-main/AES_SYS/AES_SYS.cache/ip/2023.2/3/b/3bc72d579e6ad5e4/AES_SYS_auto_pc_0_stub.vhdl to c:/code/RFC-8439-fpga-implementation/AES-Cam-on-PYNQ-Z2-main/AES-Cam-on-PYNQ-Z2-main/AES_SYS/AES_SYS.gen/sources_1/bd/AES_SYS/ip/AES_SYS_auto_pc_0/AES_SYS_auto_pc_0_stub.vhdl.
INFO: [IP_Flow 19-6926] IPCACHE: added file to list for BOM: c:/code/RFC-8439-fpga-implementation/AES-Cam-on-PYNQ-Z2-main/AES-Cam-on-PYNQ-Z2-main/AES_SYS/AES_SYS.gen/sources_1/bd/AES_SYS/ip/AES_SYS_auto_pc_0/AES_SYS_auto_pc_0_stub.vhdl
INFO: [IP_Flow 19-4993] Using cached IP synthesis design for IP AES_SYS_auto_pc_0, cache-ID = 3bc72d579e6ad5e4; cache size = 171.807 MB.
catch { config_ip_cache -export [get_ips -all AES_SYS_auto_pc_1] }
INFO: [IP_Flow 19-6924] IPCACHE: Running cache check for IP inst: AES_SYS_auto_pc_1
INFO: [IP_Flow 19-6922] IPCACHE: Exporting cached entry 3bc72d579e6ad5e4 to dir: c:/code/RFC-8439-fpga-implementation/AES-Cam-on-PYNQ-Z2-main/AES-Cam-on-PYNQ-Z2-main/AES_SYS/AES_SYS.gen/sources_1/bd/AES_SYS/ip/AES_SYS_auto_pc_1
INFO: [IP_Flow 19-6928] IPCACHE: copied cached file c:/code/RFC-8439-fpga-implementation/AES-Cam-on-PYNQ-Z2-main/AES-Cam-on-PYNQ-Z2-main/AES_SYS/AES_SYS.cache/ip/2023.2/3/b/3bc72d579e6ad5e4/AES_SYS_auto_pc_0.dcp to c:/code/RFC-8439-fpga-implementation/AES-Cam-on-PYNQ-Z2-main/AES-Cam-on-PYNQ-Z2-main/AES_SYS/AES_SYS.gen/sources_1/bd/AES_SYS/ip/AES_SYS_auto_pc_1/AES_SYS_auto_pc_1.dcp.
INFO: [IP_Flow 19-6926] IPCACHE: added file to list for BOM: c:/code/RFC-8439-fpga-implementation/AES-Cam-on-PYNQ-Z2-main/AES-Cam-on-PYNQ-Z2-main/AES_SYS/AES_SYS.gen/sources_1/bd/AES_SYS/ip/AES_SYS_auto_pc_1/AES_SYS_auto_pc_1.dcp
INFO: [IP_Flow 19-6928] IPCACHE: copied cached file c:/code/RFC-8439-fpga-implementation/AES-Cam-on-PYNQ-Z2-main/AES-Cam-on-PYNQ-Z2-main/AES_SYS/AES_SYS.cache/ip/2023.2/3/b/3bc72d579e6ad5e4/AES_SYS_auto_pc_0_sim_netlist.v to c:/code/RFC-8439-fpga-implementation/AES-Cam-on-PYNQ-Z2-main/AES-Cam-on-PYNQ-Z2-main/AES_SYS/AES_SYS.gen/sources_1/bd/AES_SYS/ip/AES_SYS_auto_pc_1/AES_SYS_auto_pc_1_sim_netlist.v.
INFO: [IP_Flow 19-6926] IPCACHE: added file to list for BOM: c:/code/RFC-8439-fpga-implementation/AES-Cam-on-PYNQ-Z2-main/AES-Cam-on-PYNQ-Z2-main/AES_SYS/AES_SYS.gen/sources_1/bd/AES_SYS/ip/AES_SYS_auto_pc_1/AES_SYS_auto_pc_1_sim_netlist.v
INFO: [IP_Flow 19-6928] IPCACHE: copied cached file c:/code/RFC-8439-fpga-implementation/AES-Cam-on-PYNQ-Z2-main/AES-Cam-on-PYNQ-Z2-main/AES_SYS/AES_SYS.cache/ip/2023.2/3/b/3bc72d579e6ad5e4/AES_SYS_auto_pc_0_sim_netlist.vhdl to c:/code/RFC-8439-fpga-implementation/AES-Cam-on-PYNQ-Z2-main/AES-Cam-on-PYNQ-Z2-main/AES_SYS/AES_SYS.gen/sources_1/bd/AES_SYS/ip/AES_SYS_auto_pc_1/AES_SYS_auto_pc_1_sim_netlist.vhdl.
INFO: [IP_Flow 19-6926] IPCACHE: added file to list for BOM: c:/code/RFC-8439-fpga-implementation/AES-Cam-on-PYNQ-Z2-main/AES-Cam-on-PYNQ-Z2-main/AES_SYS/AES_SYS.gen/sources_1/bd/AES_SYS/ip/AES_SYS_auto_pc_1/AES_SYS_auto_pc_1_sim_netlist.vhdl
INFO: [IP_Flow 19-6928] IPCACHE: copied cached file c:/code/RFC-8439-fpga-implementation/AES-Cam-on-PYNQ-Z2-main/AES-Cam-on-PYNQ-Z2-main/AES_SYS/AES_SYS.cache/ip/2023.2/3/b/3bc72d579e6ad5e4/AES_SYS_auto_pc_0_stub.v to c:/code/RFC-8439-fpga-implementation/AES-Cam-on-PYNQ-Z2-main/AES-Cam-on-PYNQ-Z2-main/AES_SYS/AES_SYS.gen/sources_1/bd/AES_SYS/ip/AES_SYS_auto_pc_1/AES_SYS_auto_pc_1_stub.v.
INFO: [IP_Flow 19-6926] IPCACHE: added file to list for BOM: c:/code/RFC-8439-fpga-implementation/AES-Cam-on-PYNQ-Z2-main/AES-Cam-on-PYNQ-Z2-main/AES_SYS/AES_SYS.gen/sources_1/bd/AES_SYS/ip/AES_SYS_auto_pc_1/AES_SYS_auto_pc_1_stub.v
INFO: [IP_Flow 19-6928] IPCACHE: copied cached file c:/code/RFC-8439-fpga-implementation/AES-Cam-on-PYNQ-Z2-main/AES-Cam-on-PYNQ-Z2-main/AES_SYS/AES_SYS.cache/ip/2023.2/3/b/3bc72d579e6ad5e4/AES_SYS_auto_pc_0_stub.vhdl to c:/code/RFC-8439-fpga-implementation/AES-Cam-on-PYNQ-Z2-main/AES-Cam-on-PYNQ-Z2-main/AES_SYS/AES_SYS.gen/sources_1/bd/AES_SYS/ip/AES_SYS_auto_pc_1/AES_SYS_auto_pc_1_stub.vhdl.
INFO: [IP_Flow 19-6926] IPCACHE: added file to list for BOM: c:/code/RFC-8439-fpga-implementation/AES-Cam-on-PYNQ-Z2-main/AES-Cam-on-PYNQ-Z2-main/AES_SYS/AES_SYS.gen/sources_1/bd/AES_SYS/ip/AES_SYS_auto_pc_1/AES_SYS_auto_pc_1_stub.vhdl
INFO: [IP_Flow 19-4993] Using cached IP synthesis design for IP AES_SYS_auto_pc_1, cache-ID = 3bc72d579e6ad5e4; cache size = 171.807 MB.
catch { config_ip_cache -export [get_ips -all AES_SYS_auto_pc_2] }
INFO: [IP_Flow 19-6924] IPCACHE: Running cache check for IP inst: AES_SYS_auto_pc_2
INFO: [IP_Flow 19-6922] IPCACHE: Exporting cached entry 3bc72d579e6ad5e4 to dir: c:/code/RFC-8439-fpga-implementation/AES-Cam-on-PYNQ-Z2-main/AES-Cam-on-PYNQ-Z2-main/AES_SYS/AES_SYS.gen/sources_1/bd/AES_SYS/ip/AES_SYS_auto_pc_2
INFO: [IP_Flow 19-6928] IPCACHE: copied cached file c:/code/RFC-8439-fpga-implementation/AES-Cam-on-PYNQ-Z2-main/AES-Cam-on-PYNQ-Z2-main/AES_SYS/AES_SYS.cache/ip/2023.2/3/b/3bc72d579e6ad5e4/AES_SYS_auto_pc_0.dcp to c:/code/RFC-8439-fpga-implementation/AES-Cam-on-PYNQ-Z2-main/AES-Cam-on-PYNQ-Z2-main/AES_SYS/AES_SYS.gen/sources_1/bd/AES_SYS/ip/AES_SYS_auto_pc_2/AES_SYS_auto_pc_2.dcp.
INFO: [IP_Flow 19-6926] IPCACHE: added file to list for BOM: c:/code/RFC-8439-fpga-implementation/AES-Cam-on-PYNQ-Z2-main/AES-Cam-on-PYNQ-Z2-main/AES_SYS/AES_SYS.gen/sources_1/bd/AES_SYS/ip/AES_SYS_auto_pc_2/AES_SYS_auto_pc_2.dcp
INFO: [IP_Flow 19-6928] IPCACHE: copied cached file c:/code/RFC-8439-fpga-implementation/AES-Cam-on-PYNQ-Z2-main/AES-Cam-on-PYNQ-Z2-main/AES_SYS/AES_SYS.cache/ip/2023.2/3/b/3bc72d579e6ad5e4/AES_SYS_auto_pc_0_sim_netlist.v to c:/code/RFC-8439-fpga-implementation/AES-Cam-on-PYNQ-Z2-main/AES-Cam-on-PYNQ-Z2-main/AES_SYS/AES_SYS.gen/sources_1/bd/AES_SYS/ip/AES_SYS_auto_pc_2/AES_SYS_auto_pc_2_sim_netlist.v.
INFO: [IP_Flow 19-6926] IPCACHE: added file to list for BOM: c:/code/RFC-8439-fpga-implementation/AES-Cam-on-PYNQ-Z2-main/AES-Cam-on-PYNQ-Z2-main/AES_SYS/AES_SYS.gen/sources_1/bd/AES_SYS/ip/AES_SYS_auto_pc_2/AES_SYS_auto_pc_2_sim_netlist.v
INFO: [IP_Flow 19-6928] IPCACHE: copied cached file c:/code/RFC-8439-fpga-implementation/AES-Cam-on-PYNQ-Z2-main/AES-Cam-on-PYNQ-Z2-main/AES_SYS/AES_SYS.cache/ip/2023.2/3/b/3bc72d579e6ad5e4/AES_SYS_auto_pc_0_sim_netlist.vhdl to c:/code/RFC-8439-fpga-implementation/AES-Cam-on-PYNQ-Z2-main/AES-Cam-on-PYNQ-Z2-main/AES_SYS/AES_SYS.gen/sources_1/bd/AES_SYS/ip/AES_SYS_auto_pc_2/AES_SYS_auto_pc_2_sim_netlist.vhdl.
INFO: [IP_Flow 19-6926] IPCACHE: added file to list for BOM: c:/code/RFC-8439-fpga-implementation/AES-Cam-on-PYNQ-Z2-main/AES-Cam-on-PYNQ-Z2-main/AES_SYS/AES_SYS.gen/sources_1/bd/AES_SYS/ip/AES_SYS_auto_pc_2/AES_SYS_auto_pc_2_sim_netlist.vhdl
INFO: [IP_Flow 19-6928] IPCACHE: copied cached file c:/code/RFC-8439-fpga-implementation/AES-Cam-on-PYNQ-Z2-main/AES-Cam-on-PYNQ-Z2-main/AES_SYS/AES_SYS.cache/ip/2023.2/3/b/3bc72d579e6ad5e4/AES_SYS_auto_pc_0_stub.v to c:/code/RFC-8439-fpga-implementation/AES-Cam-on-PYNQ-Z2-main/AES-Cam-on-PYNQ-Z2-main/AES_SYS/AES_SYS.gen/sources_1/bd/AES_SYS/ip/AES_SYS_auto_pc_2/AES_SYS_auto_pc_2_stub.v.
INFO: [IP_Flow 19-6926] IPCACHE: added file to list for BOM: c:/code/RFC-8439-fpga-implementation/AES-Cam-on-PYNQ-Z2-main/AES-Cam-on-PYNQ-Z2-main/AES_SYS/AES_SYS.gen/sources_1/bd/AES_SYS/ip/AES_SYS_auto_pc_2/AES_SYS_auto_pc_2_stub.v
INFO: [IP_Flow 19-6928] IPCACHE: copied cached file c:/code/RFC-8439-fpga-implementation/AES-Cam-on-PYNQ-Z2-main/AES-Cam-on-PYNQ-Z2-main/AES_SYS/AES_SYS.cache/ip/2023.2/3/b/3bc72d579e6ad5e4/AES_SYS_auto_pc_0_stub.vhdl to c:/code/RFC-8439-fpga-implementation/AES-Cam-on-PYNQ-Z2-main/AES-Cam-on-PYNQ-Z2-main/AES_SYS/AES_SYS.gen/sources_1/bd/AES_SYS/ip/AES_SYS_auto_pc_2/AES_SYS_auto_pc_2_stub.vhdl.
INFO: [IP_Flow 19-6926] IPCACHE: added file to list for BOM: c:/code/RFC-8439-fpga-implementation/AES-Cam-on-PYNQ-Z2-main/AES-Cam-on-PYNQ-Z2-main/AES_SYS/AES_SYS.gen/sources_1/bd/AES_SYS/ip/AES_SYS_auto_pc_2/AES_SYS_auto_pc_2_stub.vhdl
INFO: [IP_Flow 19-4993] Using cached IP synthesis design for IP AES_SYS_auto_pc_2, cache-ID = 3bc72d579e6ad5e4; cache size = 171.807 MB.
catch { config_ip_cache -export [get_ips -all AES_SYS_auto_pc_3] }
INFO: [IP_Flow 19-6924] IPCACHE: Running cache check for IP inst: AES_SYS_auto_pc_3
INFO: [IP_Flow 19-6922] IPCACHE: Exporting cached entry 3bc72d579e6ad5e4 to dir: c:/code/RFC-8439-fpga-implementation/AES-Cam-on-PYNQ-Z2-main/AES-Cam-on-PYNQ-Z2-main/AES_SYS/AES_SYS.gen/sources_1/bd/AES_SYS/ip/AES_SYS_auto_pc_3
INFO: [IP_Flow 19-6928] IPCACHE: copied cached file c:/code/RFC-8439-fpga-implementation/AES-Cam-on-PYNQ-Z2-main/AES-Cam-on-PYNQ-Z2-main/AES_SYS/AES_SYS.cache/ip/2023.2/3/b/3bc72d579e6ad5e4/AES_SYS_auto_pc_0.dcp to c:/code/RFC-8439-fpga-implementation/AES-Cam-on-PYNQ-Z2-main/AES-Cam-on-PYNQ-Z2-main/AES_SYS/AES_SYS.gen/sources_1/bd/AES_SYS/ip/AES_SYS_auto_pc_3/AES_SYS_auto_pc_3.dcp.
INFO: [IP_Flow 19-6926] IPCACHE: added file to list for BOM: c:/code/RFC-8439-fpga-implementation/AES-Cam-on-PYNQ-Z2-main/AES-Cam-on-PYNQ-Z2-main/AES_SYS/AES_SYS.gen/sources_1/bd/AES_SYS/ip/AES_SYS_auto_pc_3/AES_SYS_auto_pc_3.dcp
INFO: [IP_Flow 19-6928] IPCACHE: copied cached file c:/code/RFC-8439-fpga-implementation/AES-Cam-on-PYNQ-Z2-main/AES-Cam-on-PYNQ-Z2-main/AES_SYS/AES_SYS.cache/ip/2023.2/3/b/3bc72d579e6ad5e4/AES_SYS_auto_pc_0_sim_netlist.v to c:/code/RFC-8439-fpga-implementation/AES-Cam-on-PYNQ-Z2-main/AES-Cam-on-PYNQ-Z2-main/AES_SYS/AES_SYS.gen/sources_1/bd/AES_SYS/ip/AES_SYS_auto_pc_3/AES_SYS_auto_pc_3_sim_netlist.v.
INFO: [IP_Flow 19-6926] IPCACHE: added file to list for BOM: c:/code/RFC-8439-fpga-implementation/AES-Cam-on-PYNQ-Z2-main/AES-Cam-on-PYNQ-Z2-main/AES_SYS/AES_SYS.gen/sources_1/bd/AES_SYS/ip/AES_SYS_auto_pc_3/AES_SYS_auto_pc_3_sim_netlist.v
INFO: [IP_Flow 19-6928] IPCACHE: copied cached file c:/code/RFC-8439-fpga-implementation/AES-Cam-on-PYNQ-Z2-main/AES-Cam-on-PYNQ-Z2-main/AES_SYS/AES_SYS.cache/ip/2023.2/3/b/3bc72d579e6ad5e4/AES_SYS_auto_pc_0_sim_netlist.vhdl to c:/code/RFC-8439-fpga-implementation/AES-Cam-on-PYNQ-Z2-main/AES-Cam-on-PYNQ-Z2-main/AES_SYS/AES_SYS.gen/sources_1/bd/AES_SYS/ip/AES_SYS_auto_pc_3/AES_SYS_auto_pc_3_sim_netlist.vhdl.
INFO: [IP_Flow 19-6926] IPCACHE: added file to list for BOM: c:/code/RFC-8439-fpga-implementation/AES-Cam-on-PYNQ-Z2-main/AES-Cam-on-PYNQ-Z2-main/AES_SYS/AES_SYS.gen/sources_1/bd/AES_SYS/ip/AES_SYS_auto_pc_3/AES_SYS_auto_pc_3_sim_netlist.vhdl
INFO: [IP_Flow 19-6928] IPCACHE: copied cached file c:/code/RFC-8439-fpga-implementation/AES-Cam-on-PYNQ-Z2-main/AES-Cam-on-PYNQ-Z2-main/AES_SYS/AES_SYS.cache/ip/2023.2/3/b/3bc72d579e6ad5e4/AES_SYS_auto_pc_0_stub.v to c:/code/RFC-8439-fpga-implementation/AES-Cam-on-PYNQ-Z2-main/AES-Cam-on-PYNQ-Z2-main/AES_SYS/AES_SYS.gen/sources_1/bd/AES_SYS/ip/AES_SYS_auto_pc_3/AES_SYS_auto_pc_3_stub.v.
INFO: [IP_Flow 19-6926] IPCACHE: added file to list for BOM: c:/code/RFC-8439-fpga-implementation/AES-Cam-on-PYNQ-Z2-main/AES-Cam-on-PYNQ-Z2-main/AES_SYS/AES_SYS.gen/sources_1/bd/AES_SYS/ip/AES_SYS_auto_pc_3/AES_SYS_auto_pc_3_stub.v
INFO: [IP_Flow 19-6928] IPCACHE: copied cached file c:/code/RFC-8439-fpga-implementation/AES-Cam-on-PYNQ-Z2-main/AES-Cam-on-PYNQ-Z2-main/AES_SYS/AES_SYS.cache/ip/2023.2/3/b/3bc72d579e6ad5e4/AES_SYS_auto_pc_0_stub.vhdl to c:/code/RFC-8439-fpga-implementation/AES-Cam-on-PYNQ-Z2-main/AES-Cam-on-PYNQ-Z2-main/AES_SYS/AES_SYS.gen/sources_1/bd/AES_SYS/ip/AES_SYS_auto_pc_3/AES_SYS_auto_pc_3_stub.vhdl.
INFO: [IP_Flow 19-6926] IPCACHE: added file to list for BOM: c:/code/RFC-8439-fpga-implementation/AES-Cam-on-PYNQ-Z2-main/AES-Cam-on-PYNQ-Z2-main/AES_SYS/AES_SYS.gen/sources_1/bd/AES_SYS/ip/AES_SYS_auto_pc_3/AES_SYS_auto_pc_3_stub.vhdl
INFO: [IP_Flow 19-4993] Using cached IP synthesis design for IP AES_SYS_auto_pc_3, cache-ID = 3bc72d579e6ad5e4; cache size = 171.807 MB.
catch { config_ip_cache -export [get_ips -all AES_SYS_auto_pc_4] }
INFO: [IP_Flow 19-6924] IPCACHE: Running cache check for IP inst: AES_SYS_auto_pc_4
INFO: [IP_Flow 19-6922] IPCACHE: Exporting cached entry 3bc72d579e6ad5e4 to dir: c:/code/RFC-8439-fpga-implementation/AES-Cam-on-PYNQ-Z2-main/AES-Cam-on-PYNQ-Z2-main/AES_SYS/AES_SYS.gen/sources_1/bd/AES_SYS/ip/AES_SYS_auto_pc_4
INFO: [IP_Flow 19-6928] IPCACHE: copied cached file c:/code/RFC-8439-fpga-implementation/AES-Cam-on-PYNQ-Z2-main/AES-Cam-on-PYNQ-Z2-main/AES_SYS/AES_SYS.cache/ip/2023.2/3/b/3bc72d579e6ad5e4/AES_SYS_auto_pc_0.dcp to c:/code/RFC-8439-fpga-implementation/AES-Cam-on-PYNQ-Z2-main/AES-Cam-on-PYNQ-Z2-main/AES_SYS/AES_SYS.gen/sources_1/bd/AES_SYS/ip/AES_SYS_auto_pc_4/AES_SYS_auto_pc_4.dcp.
INFO: [IP_Flow 19-6926] IPCACHE: added file to list for BOM: c:/code/RFC-8439-fpga-implementation/AES-Cam-on-PYNQ-Z2-main/AES-Cam-on-PYNQ-Z2-main/AES_SYS/AES_SYS.gen/sources_1/bd/AES_SYS/ip/AES_SYS_auto_pc_4/AES_SYS_auto_pc_4.dcp
INFO: [IP_Flow 19-6928] IPCACHE: copied cached file c:/code/RFC-8439-fpga-implementation/AES-Cam-on-PYNQ-Z2-main/AES-Cam-on-PYNQ-Z2-main/AES_SYS/AES_SYS.cache/ip/2023.2/3/b/3bc72d579e6ad5e4/AES_SYS_auto_pc_0_sim_netlist.v to c:/code/RFC-8439-fpga-implementation/AES-Cam-on-PYNQ-Z2-main/AES-Cam-on-PYNQ-Z2-main/AES_SYS/AES_SYS.gen/sources_1/bd/AES_SYS/ip/AES_SYS_auto_pc_4/AES_SYS_auto_pc_4_sim_netlist.v.
INFO: [IP_Flow 19-6926] IPCACHE: added file to list for BOM: c:/code/RFC-8439-fpga-implementation/AES-Cam-on-PYNQ-Z2-main/AES-Cam-on-PYNQ-Z2-main/AES_SYS/AES_SYS.gen/sources_1/bd/AES_SYS/ip/AES_SYS_auto_pc_4/AES_SYS_auto_pc_4_sim_netlist.v
INFO: [IP_Flow 19-6928] IPCACHE: copied cached file c:/code/RFC-8439-fpga-implementation/AES-Cam-on-PYNQ-Z2-main/AES-Cam-on-PYNQ-Z2-main/AES_SYS/AES_SYS.cache/ip/2023.2/3/b/3bc72d579e6ad5e4/AES_SYS_auto_pc_0_sim_netlist.vhdl to c:/code/RFC-8439-fpga-implementation/AES-Cam-on-PYNQ-Z2-main/AES-Cam-on-PYNQ-Z2-main/AES_SYS/AES_SYS.gen/sources_1/bd/AES_SYS/ip/AES_SYS_auto_pc_4/AES_SYS_auto_pc_4_sim_netlist.vhdl.
INFO: [IP_Flow 19-6926] IPCACHE: added file to list for BOM: c:/code/RFC-8439-fpga-implementation/AES-Cam-on-PYNQ-Z2-main/AES-Cam-on-PYNQ-Z2-main/AES_SYS/AES_SYS.gen/sources_1/bd/AES_SYS/ip/AES_SYS_auto_pc_4/AES_SYS_auto_pc_4_sim_netlist.vhdl
INFO: [IP_Flow 19-6928] IPCACHE: copied cached file c:/code/RFC-8439-fpga-implementation/AES-Cam-on-PYNQ-Z2-main/AES-Cam-on-PYNQ-Z2-main/AES_SYS/AES_SYS.cache/ip/2023.2/3/b/3bc72d579e6ad5e4/AES_SYS_auto_pc_0_stub.v to c:/code/RFC-8439-fpga-implementation/AES-Cam-on-PYNQ-Z2-main/AES-Cam-on-PYNQ-Z2-main/AES_SYS/AES_SYS.gen/sources_1/bd/AES_SYS/ip/AES_SYS_auto_pc_4/AES_SYS_auto_pc_4_stub.v.
INFO: [IP_Flow 19-6926] IPCACHE: added file to list for BOM: c:/code/RFC-8439-fpga-implementation/AES-Cam-on-PYNQ-Z2-main/AES-Cam-on-PYNQ-Z2-main/AES_SYS/AES_SYS.gen/sources_1/bd/AES_SYS/ip/AES_SYS_auto_pc_4/AES_SYS_auto_pc_4_stub.v
INFO: [IP_Flow 19-6928] IPCACHE: copied cached file c:/code/RFC-8439-fpga-implementation/AES-Cam-on-PYNQ-Z2-main/AES-Cam-on-PYNQ-Z2-main/AES_SYS/AES_SYS.cache/ip/2023.2/3/b/3bc72d579e6ad5e4/AES_SYS_auto_pc_0_stub.vhdl to c:/code/RFC-8439-fpga-implementation/AES-Cam-on-PYNQ-Z2-main/AES-Cam-on-PYNQ-Z2-main/AES_SYS/AES_SYS.gen/sources_1/bd/AES_SYS/ip/AES_SYS_auto_pc_4/AES_SYS_auto_pc_4_stub.vhdl.
INFO: [IP_Flow 19-6926] IPCACHE: added file to list for BOM: c:/code/RFC-8439-fpga-implementation/AES-Cam-on-PYNQ-Z2-main/AES-Cam-on-PYNQ-Z2-main/AES_SYS/AES_SYS.gen/sources_1/bd/AES_SYS/ip/AES_SYS_auto_pc_4/AES_SYS_auto_pc_4_stub.vhdl
INFO: [IP_Flow 19-4993] Using cached IP synthesis design for IP AES_SYS_auto_pc_4, cache-ID = 3bc72d579e6ad5e4; cache size = 171.807 MB.
catch { config_ip_cache -export [get_ips -all AES_SYS_auto_pc_5] }
INFO: [IP_Flow 19-6924] IPCACHE: Running cache check for IP inst: AES_SYS_auto_pc_5
INFO: [IP_Flow 19-6922] IPCACHE: Exporting cached entry 3bc72d579e6ad5e4 to dir: c:/code/RFC-8439-fpga-implementation/AES-Cam-on-PYNQ-Z2-main/AES-Cam-on-PYNQ-Z2-main/AES_SYS/AES_SYS.gen/sources_1/bd/AES_SYS/ip/AES_SYS_auto_pc_5
INFO: [IP_Flow 19-6928] IPCACHE: copied cached file c:/code/RFC-8439-fpga-implementation/AES-Cam-on-PYNQ-Z2-main/AES-Cam-on-PYNQ-Z2-main/AES_SYS/AES_SYS.cache/ip/2023.2/3/b/3bc72d579e6ad5e4/AES_SYS_auto_pc_0.dcp to c:/code/RFC-8439-fpga-implementation/AES-Cam-on-PYNQ-Z2-main/AES-Cam-on-PYNQ-Z2-main/AES_SYS/AES_SYS.gen/sources_1/bd/AES_SYS/ip/AES_SYS_auto_pc_5/AES_SYS_auto_pc_5.dcp.
INFO: [IP_Flow 19-6926] IPCACHE: added file to list for BOM: c:/code/RFC-8439-fpga-implementation/AES-Cam-on-PYNQ-Z2-main/AES-Cam-on-PYNQ-Z2-main/AES_SYS/AES_SYS.gen/sources_1/bd/AES_SYS/ip/AES_SYS_auto_pc_5/AES_SYS_auto_pc_5.dcp
INFO: [IP_Flow 19-6928] IPCACHE: copied cached file c:/code/RFC-8439-fpga-implementation/AES-Cam-on-PYNQ-Z2-main/AES-Cam-on-PYNQ-Z2-main/AES_SYS/AES_SYS.cache/ip/2023.2/3/b/3bc72d579e6ad5e4/AES_SYS_auto_pc_0_sim_netlist.v to c:/code/RFC-8439-fpga-implementation/AES-Cam-on-PYNQ-Z2-main/AES-Cam-on-PYNQ-Z2-main/AES_SYS/AES_SYS.gen/sources_1/bd/AES_SYS/ip/AES_SYS_auto_pc_5/AES_SYS_auto_pc_5_sim_netlist.v.
INFO: [IP_Flow 19-6926] IPCACHE: added file to list for BOM: c:/code/RFC-8439-fpga-implementation/AES-Cam-on-PYNQ-Z2-main/AES-Cam-on-PYNQ-Z2-main/AES_SYS/AES_SYS.gen/sources_1/bd/AES_SYS/ip/AES_SYS_auto_pc_5/AES_SYS_auto_pc_5_sim_netlist.v
INFO: [IP_Flow 19-6928] IPCACHE: copied cached file c:/code/RFC-8439-fpga-implementation/AES-Cam-on-PYNQ-Z2-main/AES-Cam-on-PYNQ-Z2-main/AES_SYS/AES_SYS.cache/ip/2023.2/3/b/3bc72d579e6ad5e4/AES_SYS_auto_pc_0_sim_netlist.vhdl to c:/code/RFC-8439-fpga-implementation/AES-Cam-on-PYNQ-Z2-main/AES-Cam-on-PYNQ-Z2-main/AES_SYS/AES_SYS.gen/sources_1/bd/AES_SYS/ip/AES_SYS_auto_pc_5/AES_SYS_auto_pc_5_sim_netlist.vhdl.
INFO: [IP_Flow 19-6926] IPCACHE: added file to list for BOM: c:/code/RFC-8439-fpga-implementation/AES-Cam-on-PYNQ-Z2-main/AES-Cam-on-PYNQ-Z2-main/AES_SYS/AES_SYS.gen/sources_1/bd/AES_SYS/ip/AES_SYS_auto_pc_5/AES_SYS_auto_pc_5_sim_netlist.vhdl
INFO: [IP_Flow 19-6928] IPCACHE: copied cached file c:/code/RFC-8439-fpga-implementation/AES-Cam-on-PYNQ-Z2-main/AES-Cam-on-PYNQ-Z2-main/AES_SYS/AES_SYS.cache/ip/2023.2/3/b/3bc72d579e6ad5e4/AES_SYS_auto_pc_0_stub.v to c:/code/RFC-8439-fpga-implementation/AES-Cam-on-PYNQ-Z2-main/AES-Cam-on-PYNQ-Z2-main/AES_SYS/AES_SYS.gen/sources_1/bd/AES_SYS/ip/AES_SYS_auto_pc_5/AES_SYS_auto_pc_5_stub.v.
INFO: [IP_Flow 19-6926] IPCACHE: added file to list for BOM: c:/code/RFC-8439-fpga-implementation/AES-Cam-on-PYNQ-Z2-main/AES-Cam-on-PYNQ-Z2-main/AES_SYS/AES_SYS.gen/sources_1/bd/AES_SYS/ip/AES_SYS_auto_pc_5/AES_SYS_auto_pc_5_stub.v
INFO: [IP_Flow 19-6928] IPCACHE: copied cached file c:/code/RFC-8439-fpga-implementation/AES-Cam-on-PYNQ-Z2-main/AES-Cam-on-PYNQ-Z2-main/AES_SYS/AES_SYS.cache/ip/2023.2/3/b/3bc72d579e6ad5e4/AES_SYS_auto_pc_0_stub.vhdl to c:/code/RFC-8439-fpga-implementation/AES-Cam-on-PYNQ-Z2-main/AES-Cam-on-PYNQ-Z2-main/AES_SYS/AES_SYS.gen/sources_1/bd/AES_SYS/ip/AES_SYS_auto_pc_5/AES_SYS_auto_pc_5_stub.vhdl.
INFO: [IP_Flow 19-6926] IPCACHE: added file to list for BOM: c:/code/RFC-8439-fpga-implementation/AES-Cam-on-PYNQ-Z2-main/AES-Cam-on-PYNQ-Z2-main/AES_SYS/AES_SYS.gen/sources_1/bd/AES_SYS/ip/AES_SYS_auto_pc_5/AES_SYS_auto_pc_5_stub.vhdl
INFO: [IP_Flow 19-4993] Using cached IP synthesis design for IP AES_SYS_auto_pc_5, cache-ID = 3bc72d579e6ad5e4; cache size = 171.807 MB.
catch { config_ip_cache -export [get_ips -all AES_SYS_auto_pc_6] }
INFO: [IP_Flow 19-6924] IPCACHE: Running cache check for IP inst: AES_SYS_auto_pc_6
INFO: [IP_Flow 19-6922] IPCACHE: Exporting cached entry 3bc72d579e6ad5e4 to dir: c:/code/RFC-8439-fpga-implementation/AES-Cam-on-PYNQ-Z2-main/AES-Cam-on-PYNQ-Z2-main/AES_SYS/AES_SYS.gen/sources_1/bd/AES_SYS/ip/AES_SYS_auto_pc_6
INFO: [IP_Flow 19-6928] IPCACHE: copied cached file c:/code/RFC-8439-fpga-implementation/AES-Cam-on-PYNQ-Z2-main/AES-Cam-on-PYNQ-Z2-main/AES_SYS/AES_SYS.cache/ip/2023.2/3/b/3bc72d579e6ad5e4/AES_SYS_auto_pc_0.dcp to c:/code/RFC-8439-fpga-implementation/AES-Cam-on-PYNQ-Z2-main/AES-Cam-on-PYNQ-Z2-main/AES_SYS/AES_SYS.gen/sources_1/bd/AES_SYS/ip/AES_SYS_auto_pc_6/AES_SYS_auto_pc_6.dcp.
INFO: [IP_Flow 19-6926] IPCACHE: added file to list for BOM: c:/code/RFC-8439-fpga-implementation/AES-Cam-on-PYNQ-Z2-main/AES-Cam-on-PYNQ-Z2-main/AES_SYS/AES_SYS.gen/sources_1/bd/AES_SYS/ip/AES_SYS_auto_pc_6/AES_SYS_auto_pc_6.dcp
INFO: [IP_Flow 19-6928] IPCACHE: copied cached file c:/code/RFC-8439-fpga-implementation/AES-Cam-on-PYNQ-Z2-main/AES-Cam-on-PYNQ-Z2-main/AES_SYS/AES_SYS.cache/ip/2023.2/3/b/3bc72d579e6ad5e4/AES_SYS_auto_pc_0_sim_netlist.v to c:/code/RFC-8439-fpga-implementation/AES-Cam-on-PYNQ-Z2-main/AES-Cam-on-PYNQ-Z2-main/AES_SYS/AES_SYS.gen/sources_1/bd/AES_SYS/ip/AES_SYS_auto_pc_6/AES_SYS_auto_pc_6_sim_netlist.v.
INFO: [IP_Flow 19-6926] IPCACHE: added file to list for BOM: c:/code/RFC-8439-fpga-implementation/AES-Cam-on-PYNQ-Z2-main/AES-Cam-on-PYNQ-Z2-main/AES_SYS/AES_SYS.gen/sources_1/bd/AES_SYS/ip/AES_SYS_auto_pc_6/AES_SYS_auto_pc_6_sim_netlist.v
INFO: [IP_Flow 19-6928] IPCACHE: copied cached file c:/code/RFC-8439-fpga-implementation/AES-Cam-on-PYNQ-Z2-main/AES-Cam-on-PYNQ-Z2-main/AES_SYS/AES_SYS.cache/ip/2023.2/3/b/3bc72d579e6ad5e4/AES_SYS_auto_pc_0_sim_netlist.vhdl to c:/code/RFC-8439-fpga-implementation/AES-Cam-on-PYNQ-Z2-main/AES-Cam-on-PYNQ-Z2-main/AES_SYS/AES_SYS.gen/sources_1/bd/AES_SYS/ip/AES_SYS_auto_pc_6/AES_SYS_auto_pc_6_sim_netlist.vhdl.
INFO: [IP_Flow 19-6926] IPCACHE: added file to list for BOM: c:/code/RFC-8439-fpga-implementation/AES-Cam-on-PYNQ-Z2-main/AES-Cam-on-PYNQ-Z2-main/AES_SYS/AES_SYS.gen/sources_1/bd/AES_SYS/ip/AES_SYS_auto_pc_6/AES_SYS_auto_pc_6_sim_netlist.vhdl
INFO: [IP_Flow 19-6928] IPCACHE: copied cached file c:/code/RFC-8439-fpga-implementation/AES-Cam-on-PYNQ-Z2-main/AES-Cam-on-PYNQ-Z2-main/AES_SYS/AES_SYS.cache/ip/2023.2/3/b/3bc72d579e6ad5e4/AES_SYS_auto_pc_0_stub.v to c:/code/RFC-8439-fpga-implementation/AES-Cam-on-PYNQ-Z2-main/AES-Cam-on-PYNQ-Z2-main/AES_SYS/AES_SYS.gen/sources_1/bd/AES_SYS/ip/AES_SYS_auto_pc_6/AES_SYS_auto_pc_6_stub.v.
INFO: [IP_Flow 19-6926] IPCACHE: added file to list for BOM: c:/code/RFC-8439-fpga-implementation/AES-Cam-on-PYNQ-Z2-main/AES-Cam-on-PYNQ-Z2-main/AES_SYS/AES_SYS.gen/sources_1/bd/AES_SYS/ip/AES_SYS_auto_pc_6/AES_SYS_auto_pc_6_stub.v
INFO: [IP_Flow 19-6928] IPCACHE: copied cached file c:/code/RFC-8439-fpga-implementation/AES-Cam-on-PYNQ-Z2-main/AES-Cam-on-PYNQ-Z2-main/AES_SYS/AES_SYS.cache/ip/2023.2/3/b/3bc72d579e6ad5e4/AES_SYS_auto_pc_0_stub.vhdl to c:/code/RFC-8439-fpga-implementation/AES-Cam-on-PYNQ-Z2-main/AES-Cam-on-PYNQ-Z2-main/AES_SYS/AES_SYS.gen/sources_1/bd/AES_SYS/ip/AES_SYS_auto_pc_6/AES_SYS_auto_pc_6_stub.vhdl.
INFO: [IP_Flow 19-6926] IPCACHE: added file to list for BOM: c:/code/RFC-8439-fpga-implementation/AES-Cam-on-PYNQ-Z2-main/AES-Cam-on-PYNQ-Z2-main/AES_SYS/AES_SYS.gen/sources_1/bd/AES_SYS/ip/AES_SYS_auto_pc_6/AES_SYS_auto_pc_6_stub.vhdl
INFO: [IP_Flow 19-4993] Using cached IP synthesis design for IP AES_SYS_auto_pc_6, cache-ID = 3bc72d579e6ad5e4; cache size = 171.807 MB.
catch { config_ip_cache -export [get_ips -all AES_SYS_auto_pc_7] }
INFO: [IP_Flow 19-6924] IPCACHE: Running cache check for IP inst: AES_SYS_auto_pc_7
INFO: [IP_Flow 19-6922] IPCACHE: Exporting cached entry 3bc72d579e6ad5e4 to dir: c:/code/RFC-8439-fpga-implementation/AES-Cam-on-PYNQ-Z2-main/AES-Cam-on-PYNQ-Z2-main/AES_SYS/AES_SYS.gen/sources_1/bd/AES_SYS/ip/AES_SYS_auto_pc_7
INFO: [IP_Flow 19-6928] IPCACHE: copied cached file c:/code/RFC-8439-fpga-implementation/AES-Cam-on-PYNQ-Z2-main/AES-Cam-on-PYNQ-Z2-main/AES_SYS/AES_SYS.cache/ip/2023.2/3/b/3bc72d579e6ad5e4/AES_SYS_auto_pc_0.dcp to c:/code/RFC-8439-fpga-implementation/AES-Cam-on-PYNQ-Z2-main/AES-Cam-on-PYNQ-Z2-main/AES_SYS/AES_SYS.gen/sources_1/bd/AES_SYS/ip/AES_SYS_auto_pc_7/AES_SYS_auto_pc_7.dcp.
INFO: [IP_Flow 19-6926] IPCACHE: added file to list for BOM: c:/code/RFC-8439-fpga-implementation/AES-Cam-on-PYNQ-Z2-main/AES-Cam-on-PYNQ-Z2-main/AES_SYS/AES_SYS.gen/sources_1/bd/AES_SYS/ip/AES_SYS_auto_pc_7/AES_SYS_auto_pc_7.dcp
INFO: [IP_Flow 19-6928] IPCACHE: copied cached file c:/code/RFC-8439-fpga-implementation/AES-Cam-on-PYNQ-Z2-main/AES-Cam-on-PYNQ-Z2-main/AES_SYS/AES_SYS.cache/ip/2023.2/3/b/3bc72d579e6ad5e4/AES_SYS_auto_pc_0_sim_netlist.v to c:/code/RFC-8439-fpga-implementation/AES-Cam-on-PYNQ-Z2-main/AES-Cam-on-PYNQ-Z2-main/AES_SYS/AES_SYS.gen/sources_1/bd/AES_SYS/ip/AES_SYS_auto_pc_7/AES_SYS_auto_pc_7_sim_netlist.v.
INFO: [IP_Flow 19-6926] IPCACHE: added file to list for BOM: c:/code/RFC-8439-fpga-implementation/AES-Cam-on-PYNQ-Z2-main/AES-Cam-on-PYNQ-Z2-main/AES_SYS/AES_SYS.gen/sources_1/bd/AES_SYS/ip/AES_SYS_auto_pc_7/AES_SYS_auto_pc_7_sim_netlist.v
INFO: [IP_Flow 19-6928] IPCACHE: copied cached file c:/code/RFC-8439-fpga-implementation/AES-Cam-on-PYNQ-Z2-main/AES-Cam-on-PYNQ-Z2-main/AES_SYS/AES_SYS.cache/ip/2023.2/3/b/3bc72d579e6ad5e4/AES_SYS_auto_pc_0_sim_netlist.vhdl to c:/code/RFC-8439-fpga-implementation/AES-Cam-on-PYNQ-Z2-main/AES-Cam-on-PYNQ-Z2-main/AES_SYS/AES_SYS.gen/sources_1/bd/AES_SYS/ip/AES_SYS_auto_pc_7/AES_SYS_auto_pc_7_sim_netlist.vhdl.
INFO: [IP_Flow 19-6926] IPCACHE: added file to list for BOM: c:/code/RFC-8439-fpga-implementation/AES-Cam-on-PYNQ-Z2-main/AES-Cam-on-PYNQ-Z2-main/AES_SYS/AES_SYS.gen/sources_1/bd/AES_SYS/ip/AES_SYS_auto_pc_7/AES_SYS_auto_pc_7_sim_netlist.vhdl
INFO: [IP_Flow 19-6928] IPCACHE: copied cached file c:/code/RFC-8439-fpga-implementation/AES-Cam-on-PYNQ-Z2-main/AES-Cam-on-PYNQ-Z2-main/AES_SYS/AES_SYS.cache/ip/2023.2/3/b/3bc72d579e6ad5e4/AES_SYS_auto_pc_0_stub.v to c:/code/RFC-8439-fpga-implementation/AES-Cam-on-PYNQ-Z2-main/AES-Cam-on-PYNQ-Z2-main/AES_SYS/AES_SYS.gen/sources_1/bd/AES_SYS/ip/AES_SYS_auto_pc_7/AES_SYS_auto_pc_7_stub.v.
INFO: [IP_Flow 19-6926] IPCACHE: added file to list for BOM: c:/code/RFC-8439-fpga-implementation/AES-Cam-on-PYNQ-Z2-main/AES-Cam-on-PYNQ-Z2-main/AES_SYS/AES_SYS.gen/sources_1/bd/AES_SYS/ip/AES_SYS_auto_pc_7/AES_SYS_auto_pc_7_stub.v
INFO: [IP_Flow 19-6928] IPCACHE: copied cached file c:/code/RFC-8439-fpga-implementation/AES-Cam-on-PYNQ-Z2-main/AES-Cam-on-PYNQ-Z2-main/AES_SYS/AES_SYS.cache/ip/2023.2/3/b/3bc72d579e6ad5e4/AES_SYS_auto_pc_0_stub.vhdl to c:/code/RFC-8439-fpga-implementation/AES-Cam-on-PYNQ-Z2-main/AES-Cam-on-PYNQ-Z2-main/AES_SYS/AES_SYS.gen/sources_1/bd/AES_SYS/ip/AES_SYS_auto_pc_7/AES_SYS_auto_pc_7_stub.vhdl.
INFO: [IP_Flow 19-6926] IPCACHE: added file to list for BOM: c:/code/RFC-8439-fpga-implementation/AES-Cam-on-PYNQ-Z2-main/AES-Cam-on-PYNQ-Z2-main/AES_SYS/AES_SYS.gen/sources_1/bd/AES_SYS/ip/AES_SYS_auto_pc_7/AES_SYS_auto_pc_7_stub.vhdl
INFO: [IP_Flow 19-4993] Using cached IP synthesis design for IP AES_SYS_auto_pc_7, cache-ID = 3bc72d579e6ad5e4; cache size = 171.807 MB.
catch { config_ip_cache -export [get_ips -all AES_SYS_auto_pc_8] }
INFO: [IP_Flow 19-6924] IPCACHE: Running cache check for IP inst: AES_SYS_auto_pc_8
INFO: [IP_Flow 19-6922] IPCACHE: Exporting cached entry 3bc72d579e6ad5e4 to dir: c:/code/RFC-8439-fpga-implementation/AES-Cam-on-PYNQ-Z2-main/AES-Cam-on-PYNQ-Z2-main/AES_SYS/AES_SYS.gen/sources_1/bd/AES_SYS/ip/AES_SYS_auto_pc_8
INFO: [IP_Flow 19-6928] IPCACHE: copied cached file c:/code/RFC-8439-fpga-implementation/AES-Cam-on-PYNQ-Z2-main/AES-Cam-on-PYNQ-Z2-main/AES_SYS/AES_SYS.cache/ip/2023.2/3/b/3bc72d579e6ad5e4/AES_SYS_auto_pc_0.dcp to c:/code/RFC-8439-fpga-implementation/AES-Cam-on-PYNQ-Z2-main/AES-Cam-on-PYNQ-Z2-main/AES_SYS/AES_SYS.gen/sources_1/bd/AES_SYS/ip/AES_SYS_auto_pc_8/AES_SYS_auto_pc_8.dcp.
INFO: [IP_Flow 19-6926] IPCACHE: added file to list for BOM: c:/code/RFC-8439-fpga-implementation/AES-Cam-on-PYNQ-Z2-main/AES-Cam-on-PYNQ-Z2-main/AES_SYS/AES_SYS.gen/sources_1/bd/AES_SYS/ip/AES_SYS_auto_pc_8/AES_SYS_auto_pc_8.dcp
INFO: [IP_Flow 19-6928] IPCACHE: copied cached file c:/code/RFC-8439-fpga-implementation/AES-Cam-on-PYNQ-Z2-main/AES-Cam-on-PYNQ-Z2-main/AES_SYS/AES_SYS.cache/ip/2023.2/3/b/3bc72d579e6ad5e4/AES_SYS_auto_pc_0_sim_netlist.v to c:/code/RFC-8439-fpga-implementation/AES-Cam-on-PYNQ-Z2-main/AES-Cam-on-PYNQ-Z2-main/AES_SYS/AES_SYS.gen/sources_1/bd/AES_SYS/ip/AES_SYS_auto_pc_8/AES_SYS_auto_pc_8_sim_netlist.v.
INFO: [IP_Flow 19-6926] IPCACHE: added file to list for BOM: c:/code/RFC-8439-fpga-implementation/AES-Cam-on-PYNQ-Z2-main/AES-Cam-on-PYNQ-Z2-main/AES_SYS/AES_SYS.gen/sources_1/bd/AES_SYS/ip/AES_SYS_auto_pc_8/AES_SYS_auto_pc_8_sim_netlist.v
INFO: [IP_Flow 19-6928] IPCACHE: copied cached file c:/code/RFC-8439-fpga-implementation/AES-Cam-on-PYNQ-Z2-main/AES-Cam-on-PYNQ-Z2-main/AES_SYS/AES_SYS.cache/ip/2023.2/3/b/3bc72d579e6ad5e4/AES_SYS_auto_pc_0_sim_netlist.vhdl to c:/code/RFC-8439-fpga-implementation/AES-Cam-on-PYNQ-Z2-main/AES-Cam-on-PYNQ-Z2-main/AES_SYS/AES_SYS.gen/sources_1/bd/AES_SYS/ip/AES_SYS_auto_pc_8/AES_SYS_auto_pc_8_sim_netlist.vhdl.
INFO: [IP_Flow 19-6926] IPCACHE: added file to list for BOM: c:/code/RFC-8439-fpga-implementation/AES-Cam-on-PYNQ-Z2-main/AES-Cam-on-PYNQ-Z2-main/AES_SYS/AES_SYS.gen/sources_1/bd/AES_SYS/ip/AES_SYS_auto_pc_8/AES_SYS_auto_pc_8_sim_netlist.vhdl
INFO: [IP_Flow 19-6928] IPCACHE: copied cached file c:/code/RFC-8439-fpga-implementation/AES-Cam-on-PYNQ-Z2-main/AES-Cam-on-PYNQ-Z2-main/AES_SYS/AES_SYS.cache/ip/2023.2/3/b/3bc72d579e6ad5e4/AES_SYS_auto_pc_0_stub.v to c:/code/RFC-8439-fpga-implementation/AES-Cam-on-PYNQ-Z2-main/AES-Cam-on-PYNQ-Z2-main/AES_SYS/AES_SYS.gen/sources_1/bd/AES_SYS/ip/AES_SYS_auto_pc_8/AES_SYS_auto_pc_8_stub.v.
INFO: [IP_Flow 19-6926] IPCACHE: added file to list for BOM: c:/code/RFC-8439-fpga-implementation/AES-Cam-on-PYNQ-Z2-main/AES-Cam-on-PYNQ-Z2-main/AES_SYS/AES_SYS.gen/sources_1/bd/AES_SYS/ip/AES_SYS_auto_pc_8/AES_SYS_auto_pc_8_stub.v
INFO: [IP_Flow 19-6928] IPCACHE: copied cached file c:/code/RFC-8439-fpga-implementation/AES-Cam-on-PYNQ-Z2-main/AES-Cam-on-PYNQ-Z2-main/AES_SYS/AES_SYS.cache/ip/2023.2/3/b/3bc72d579e6ad5e4/AES_SYS_auto_pc_0_stub.vhdl to c:/code/RFC-8439-fpga-implementation/AES-Cam-on-PYNQ-Z2-main/AES-Cam-on-PYNQ-Z2-main/AES_SYS/AES_SYS.gen/sources_1/bd/AES_SYS/ip/AES_SYS_auto_pc_8/AES_SYS_auto_pc_8_stub.vhdl.
INFO: [IP_Flow 19-6926] IPCACHE: added file to list for BOM: c:/code/RFC-8439-fpga-implementation/AES-Cam-on-PYNQ-Z2-main/AES-Cam-on-PYNQ-Z2-main/AES_SYS/AES_SYS.gen/sources_1/bd/AES_SYS/ip/AES_SYS_auto_pc_8/AES_SYS_auto_pc_8_stub.vhdl
INFO: [IP_Flow 19-4993] Using cached IP synthesis design for IP AES_SYS_auto_pc_8, cache-ID = 3bc72d579e6ad5e4; cache size = 171.807 MB.
catch { config_ip_cache -export [get_ips -all AES_SYS_auto_pc_9] }
INFO: [IP_Flow 19-6924] IPCACHE: Running cache check for IP inst: AES_SYS_auto_pc_9
INFO: [IP_Flow 19-6922] IPCACHE: Exporting cached entry 3bc72d579e6ad5e4 to dir: c:/code/RFC-8439-fpga-implementation/AES-Cam-on-PYNQ-Z2-main/AES-Cam-on-PYNQ-Z2-main/AES_SYS/AES_SYS.gen/sources_1/bd/AES_SYS/ip/AES_SYS_auto_pc_9
INFO: [IP_Flow 19-6928] IPCACHE: copied cached file c:/code/RFC-8439-fpga-implementation/AES-Cam-on-PYNQ-Z2-main/AES-Cam-on-PYNQ-Z2-main/AES_SYS/AES_SYS.cache/ip/2023.2/3/b/3bc72d579e6ad5e4/AES_SYS_auto_pc_0.dcp to c:/code/RFC-8439-fpga-implementation/AES-Cam-on-PYNQ-Z2-main/AES-Cam-on-PYNQ-Z2-main/AES_SYS/AES_SYS.gen/sources_1/bd/AES_SYS/ip/AES_SYS_auto_pc_9/AES_SYS_auto_pc_9.dcp.
INFO: [IP_Flow 19-6926] IPCACHE: added file to list for BOM: c:/code/RFC-8439-fpga-implementation/AES-Cam-on-PYNQ-Z2-main/AES-Cam-on-PYNQ-Z2-main/AES_SYS/AES_SYS.gen/sources_1/bd/AES_SYS/ip/AES_SYS_auto_pc_9/AES_SYS_auto_pc_9.dcp
INFO: [IP_Flow 19-6928] IPCACHE: copied cached file c:/code/RFC-8439-fpga-implementation/AES-Cam-on-PYNQ-Z2-main/AES-Cam-on-PYNQ-Z2-main/AES_SYS/AES_SYS.cache/ip/2023.2/3/b/3bc72d579e6ad5e4/AES_SYS_auto_pc_0_sim_netlist.v to c:/code/RFC-8439-fpga-implementation/AES-Cam-on-PYNQ-Z2-main/AES-Cam-on-PYNQ-Z2-main/AES_SYS/AES_SYS.gen/sources_1/bd/AES_SYS/ip/AES_SYS_auto_pc_9/AES_SYS_auto_pc_9_sim_netlist.v.
INFO: [IP_Flow 19-6926] IPCACHE: added file to list for BOM: c:/code/RFC-8439-fpga-implementation/AES-Cam-on-PYNQ-Z2-main/AES-Cam-on-PYNQ-Z2-main/AES_SYS/AES_SYS.gen/sources_1/bd/AES_SYS/ip/AES_SYS_auto_pc_9/AES_SYS_auto_pc_9_sim_netlist.v
INFO: [IP_Flow 19-6928] IPCACHE: copied cached file c:/code/RFC-8439-fpga-implementation/AES-Cam-on-PYNQ-Z2-main/AES-Cam-on-PYNQ-Z2-main/AES_SYS/AES_SYS.cache/ip/2023.2/3/b/3bc72d579e6ad5e4/AES_SYS_auto_pc_0_sim_netlist.vhdl to c:/code/RFC-8439-fpga-implementation/AES-Cam-on-PYNQ-Z2-main/AES-Cam-on-PYNQ-Z2-main/AES_SYS/AES_SYS.gen/sources_1/bd/AES_SYS/ip/AES_SYS_auto_pc_9/AES_SYS_auto_pc_9_sim_netlist.vhdl.
INFO: [IP_Flow 19-6926] IPCACHE: added file to list for BOM: c:/code/RFC-8439-fpga-implementation/AES-Cam-on-PYNQ-Z2-main/AES-Cam-on-PYNQ-Z2-main/AES_SYS/AES_SYS.gen/sources_1/bd/AES_SYS/ip/AES_SYS_auto_pc_9/AES_SYS_auto_pc_9_sim_netlist.vhdl
INFO: [IP_Flow 19-6928] IPCACHE: copied cached file c:/code/RFC-8439-fpga-implementation/AES-Cam-on-PYNQ-Z2-main/AES-Cam-on-PYNQ-Z2-main/AES_SYS/AES_SYS.cache/ip/2023.2/3/b/3bc72d579e6ad5e4/AES_SYS_auto_pc_0_stub.v to c:/code/RFC-8439-fpga-implementation/AES-Cam-on-PYNQ-Z2-main/AES-Cam-on-PYNQ-Z2-main/AES_SYS/AES_SYS.gen/sources_1/bd/AES_SYS/ip/AES_SYS_auto_pc_9/AES_SYS_auto_pc_9_stub.v.
INFO: [IP_Flow 19-6926] IPCACHE: added file to list for BOM: c:/code/RFC-8439-fpga-implementation/AES-Cam-on-PYNQ-Z2-main/AES-Cam-on-PYNQ-Z2-main/AES_SYS/AES_SYS.gen/sources_1/bd/AES_SYS/ip/AES_SYS_auto_pc_9/AES_SYS_auto_pc_9_stub.v
INFO: [IP_Flow 19-6928] IPCACHE: copied cached file c:/code/RFC-8439-fpga-implementation/AES-Cam-on-PYNQ-Z2-main/AES-Cam-on-PYNQ-Z2-main/AES_SYS/AES_SYS.cache/ip/2023.2/3/b/3bc72d579e6ad5e4/AES_SYS_auto_pc_0_stub.vhdl to c:/code/RFC-8439-fpga-implementation/AES-Cam-on-PYNQ-Z2-main/AES-Cam-on-PYNQ-Z2-main/AES_SYS/AES_SYS.gen/sources_1/bd/AES_SYS/ip/AES_SYS_auto_pc_9/AES_SYS_auto_pc_9_stub.vhdl.
INFO: [IP_Flow 19-6926] IPCACHE: added file to list for BOM: c:/code/RFC-8439-fpga-implementation/AES-Cam-on-PYNQ-Z2-main/AES-Cam-on-PYNQ-Z2-main/AES_SYS/AES_SYS.gen/sources_1/bd/AES_SYS/ip/AES_SYS_auto_pc_9/AES_SYS_auto_pc_9_stub.vhdl
INFO: [IP_Flow 19-4993] Using cached IP synthesis design for IP AES_SYS_auto_pc_9, cache-ID = 3bc72d579e6ad5e4; cache size = 171.807 MB.
catch { config_ip_cache -export [get_ips -all AES_SYS_auto_pc_10] }
INFO: [IP_Flow 19-6924] IPCACHE: Running cache check for IP inst: AES_SYS_auto_pc_10
INFO: [IP_Flow 19-6922] IPCACHE: Exporting cached entry 3bc72d579e6ad5e4 to dir: c:/code/RFC-8439-fpga-implementation/AES-Cam-on-PYNQ-Z2-main/AES-Cam-on-PYNQ-Z2-main/AES_SYS/AES_SYS.gen/sources_1/bd/AES_SYS/ip/AES_SYS_auto_pc_10
INFO: [IP_Flow 19-6928] IPCACHE: copied cached file c:/code/RFC-8439-fpga-implementation/AES-Cam-on-PYNQ-Z2-main/AES-Cam-on-PYNQ-Z2-main/AES_SYS/AES_SYS.cache/ip/2023.2/3/b/3bc72d579e6ad5e4/AES_SYS_auto_pc_0.dcp to c:/code/RFC-8439-fpga-implementation/AES-Cam-on-PYNQ-Z2-main/AES-Cam-on-PYNQ-Z2-main/AES_SYS/AES_SYS.gen/sources_1/bd/AES_SYS/ip/AES_SYS_auto_pc_10/AES_SYS_auto_pc_10.dcp.
INFO: [IP_Flow 19-6926] IPCACHE: added file to list for BOM: c:/code/RFC-8439-fpga-implementation/AES-Cam-on-PYNQ-Z2-main/AES-Cam-on-PYNQ-Z2-main/AES_SYS/AES_SYS.gen/sources_1/bd/AES_SYS/ip/AES_SYS_auto_pc_10/AES_SYS_auto_pc_10.dcp
INFO: [IP_Flow 19-6928] IPCACHE: copied cached file c:/code/RFC-8439-fpga-implementation/AES-Cam-on-PYNQ-Z2-main/AES-Cam-on-PYNQ-Z2-main/AES_SYS/AES_SYS.cache/ip/2023.2/3/b/3bc72d579e6ad5e4/AES_SYS_auto_pc_0_sim_netlist.v to c:/code/RFC-8439-fpga-implementation/AES-Cam-on-PYNQ-Z2-main/AES-Cam-on-PYNQ-Z2-main/AES_SYS/AES_SYS.gen/sources_1/bd/AES_SYS/ip/AES_SYS_auto_pc_10/AES_SYS_auto_pc_10_sim_netlist.v.
INFO: [IP_Flow 19-6926] IPCACHE: added file to list for BOM: c:/code/RFC-8439-fpga-implementation/AES-Cam-on-PYNQ-Z2-main/AES-Cam-on-PYNQ-Z2-main/AES_SYS/AES_SYS.gen/sources_1/bd/AES_SYS/ip/AES_SYS_auto_pc_10/AES_SYS_auto_pc_10_sim_netlist.v
INFO: [IP_Flow 19-6928] IPCACHE: copied cached file c:/code/RFC-8439-fpga-implementation/AES-Cam-on-PYNQ-Z2-main/AES-Cam-on-PYNQ-Z2-main/AES_SYS/AES_SYS.cache/ip/2023.2/3/b/3bc72d579e6ad5e4/AES_SYS_auto_pc_0_sim_netlist.vhdl to c:/code/RFC-8439-fpga-implementation/AES-Cam-on-PYNQ-Z2-main/AES-Cam-on-PYNQ-Z2-main/AES_SYS/AES_SYS.gen/sources_1/bd/AES_SYS/ip/AES_SYS_auto_pc_10/AES_SYS_auto_pc_10_sim_netlist.vhdl.
INFO: [IP_Flow 19-6926] IPCACHE: added file to list for BOM: c:/code/RFC-8439-fpga-implementation/AES-Cam-on-PYNQ-Z2-main/AES-Cam-on-PYNQ-Z2-main/AES_SYS/AES_SYS.gen/sources_1/bd/AES_SYS/ip/AES_SYS_auto_pc_10/AES_SYS_auto_pc_10_sim_netlist.vhdl
INFO: [IP_Flow 19-6928] IPCACHE: copied cached file c:/code/RFC-8439-fpga-implementation/AES-Cam-on-PYNQ-Z2-main/AES-Cam-on-PYNQ-Z2-main/AES_SYS/AES_SYS.cache/ip/2023.2/3/b/3bc72d579e6ad5e4/AES_SYS_auto_pc_0_stub.v to c:/code/RFC-8439-fpga-implementation/AES-Cam-on-PYNQ-Z2-main/AES-Cam-on-PYNQ-Z2-main/AES_SYS/AES_SYS.gen/sources_1/bd/AES_SYS/ip/AES_SYS_auto_pc_10/AES_SYS_auto_pc_10_stub.v.
INFO: [IP_Flow 19-6926] IPCACHE: added file to list for BOM: c:/code/RFC-8439-fpga-implementation/AES-Cam-on-PYNQ-Z2-main/AES-Cam-on-PYNQ-Z2-main/AES_SYS/AES_SYS.gen/sources_1/bd/AES_SYS/ip/AES_SYS_auto_pc_10/AES_SYS_auto_pc_10_stub.v
INFO: [IP_Flow 19-6928] IPCACHE: copied cached file c:/code/RFC-8439-fpga-implementation/AES-Cam-on-PYNQ-Z2-main/AES-Cam-on-PYNQ-Z2-main/AES_SYS/AES_SYS.cache/ip/2023.2/3/b/3bc72d579e6ad5e4/AES_SYS_auto_pc_0_stub.vhdl to c:/code/RFC-8439-fpga-implementation/AES-Cam-on-PYNQ-Z2-main/AES-Cam-on-PYNQ-Z2-main/AES_SYS/AES_SYS.gen/sources_1/bd/AES_SYS/ip/AES_SYS_auto_pc_10/AES_SYS_auto_pc_10_stub.vhdl.
INFO: [IP_Flow 19-6926] IPCACHE: added file to list for BOM: c:/code/RFC-8439-fpga-implementation/AES-Cam-on-PYNQ-Z2-main/AES-Cam-on-PYNQ-Z2-main/AES_SYS/AES_SYS.gen/sources_1/bd/AES_SYS/ip/AES_SYS_auto_pc_10/AES_SYS_auto_pc_10_stub.vhdl
INFO: [IP_Flow 19-4993] Using cached IP synthesis design for IP AES_SYS_auto_pc_10, cache-ID = 3bc72d579e6ad5e4; cache size = 171.807 MB.
catch { config_ip_cache -export [get_ips -all AES_SYS_auto_pc_11] }
INFO: [IP_Flow 19-6924] IPCACHE: Running cache check for IP inst: AES_SYS_auto_pc_11
INFO: [IP_Flow 19-6922] IPCACHE: Exporting cached entry 3bc72d579e6ad5e4 to dir: c:/code/RFC-8439-fpga-implementation/AES-Cam-on-PYNQ-Z2-main/AES-Cam-on-PYNQ-Z2-main/AES_SYS/AES_SYS.gen/sources_1/bd/AES_SYS/ip/AES_SYS_auto_pc_11
INFO: [IP_Flow 19-6928] IPCACHE: copied cached file c:/code/RFC-8439-fpga-implementation/AES-Cam-on-PYNQ-Z2-main/AES-Cam-on-PYNQ-Z2-main/AES_SYS/AES_SYS.cache/ip/2023.2/3/b/3bc72d579e6ad5e4/AES_SYS_auto_pc_0.dcp to c:/code/RFC-8439-fpga-implementation/AES-Cam-on-PYNQ-Z2-main/AES-Cam-on-PYNQ-Z2-main/AES_SYS/AES_SYS.gen/sources_1/bd/AES_SYS/ip/AES_SYS_auto_pc_11/AES_SYS_auto_pc_11.dcp.
INFO: [IP_Flow 19-6926] IPCACHE: added file to list for BOM: c:/code/RFC-8439-fpga-implementation/AES-Cam-on-PYNQ-Z2-main/AES-Cam-on-PYNQ-Z2-main/AES_SYS/AES_SYS.gen/sources_1/bd/AES_SYS/ip/AES_SYS_auto_pc_11/AES_SYS_auto_pc_11.dcp
INFO: [IP_Flow 19-6928] IPCACHE: copied cached file c:/code/RFC-8439-fpga-implementation/AES-Cam-on-PYNQ-Z2-main/AES-Cam-on-PYNQ-Z2-main/AES_SYS/AES_SYS.cache/ip/2023.2/3/b/3bc72d579e6ad5e4/AES_SYS_auto_pc_0_sim_netlist.v to c:/code/RFC-8439-fpga-implementation/AES-Cam-on-PYNQ-Z2-main/AES-Cam-on-PYNQ-Z2-main/AES_SYS/AES_SYS.gen/sources_1/bd/AES_SYS/ip/AES_SYS_auto_pc_11/AES_SYS_auto_pc_11_sim_netlist.v.
INFO: [IP_Flow 19-6926] IPCACHE: added file to list for BOM: c:/code/RFC-8439-fpga-implementation/AES-Cam-on-PYNQ-Z2-main/AES-Cam-on-PYNQ-Z2-main/AES_SYS/AES_SYS.gen/sources_1/bd/AES_SYS/ip/AES_SYS_auto_pc_11/AES_SYS_auto_pc_11_sim_netlist.v
INFO: [IP_Flow 19-6928] IPCACHE: copied cached file c:/code/RFC-8439-fpga-implementation/AES-Cam-on-PYNQ-Z2-main/AES-Cam-on-PYNQ-Z2-main/AES_SYS/AES_SYS.cache/ip/2023.2/3/b/3bc72d579e6ad5e4/AES_SYS_auto_pc_0_sim_netlist.vhdl to c:/code/RFC-8439-fpga-implementation/AES-Cam-on-PYNQ-Z2-main/AES-Cam-on-PYNQ-Z2-main/AES_SYS/AES_SYS.gen/sources_1/bd/AES_SYS/ip/AES_SYS_auto_pc_11/AES_SYS_auto_pc_11_sim_netlist.vhdl.
INFO: [IP_Flow 19-6926] IPCACHE: added file to list for BOM: c:/code/RFC-8439-fpga-implementation/AES-Cam-on-PYNQ-Z2-main/AES-Cam-on-PYNQ-Z2-main/AES_SYS/AES_SYS.gen/sources_1/bd/AES_SYS/ip/AES_SYS_auto_pc_11/AES_SYS_auto_pc_11_sim_netlist.vhdl
INFO: [IP_Flow 19-6928] IPCACHE: copied cached file c:/code/RFC-8439-fpga-implementation/AES-Cam-on-PYNQ-Z2-main/AES-Cam-on-PYNQ-Z2-main/AES_SYS/AES_SYS.cache/ip/2023.2/3/b/3bc72d579e6ad5e4/AES_SYS_auto_pc_0_stub.v to c:/code/RFC-8439-fpga-implementation/AES-Cam-on-PYNQ-Z2-main/AES-Cam-on-PYNQ-Z2-main/AES_SYS/AES_SYS.gen/sources_1/bd/AES_SYS/ip/AES_SYS_auto_pc_11/AES_SYS_auto_pc_11_stub.v.
INFO: [IP_Flow 19-6926] IPCACHE: added file to list for BOM: c:/code/RFC-8439-fpga-implementation/AES-Cam-on-PYNQ-Z2-main/AES-Cam-on-PYNQ-Z2-main/AES_SYS/AES_SYS.gen/sources_1/bd/AES_SYS/ip/AES_SYS_auto_pc_11/AES_SYS_auto_pc_11_stub.v
INFO: [IP_Flow 19-6928] IPCACHE: copied cached file c:/code/RFC-8439-fpga-implementation/AES-Cam-on-PYNQ-Z2-main/AES-Cam-on-PYNQ-Z2-main/AES_SYS/AES_SYS.cache/ip/2023.2/3/b/3bc72d579e6ad5e4/AES_SYS_auto_pc_0_stub.vhdl to c:/code/RFC-8439-fpga-implementation/AES-Cam-on-PYNQ-Z2-main/AES-Cam-on-PYNQ-Z2-main/AES_SYS/AES_SYS.gen/sources_1/bd/AES_SYS/ip/AES_SYS_auto_pc_11/AES_SYS_auto_pc_11_stub.vhdl.
INFO: [IP_Flow 19-6926] IPCACHE: added file to list for BOM: c:/code/RFC-8439-fpga-implementation/AES-Cam-on-PYNQ-Z2-main/AES-Cam-on-PYNQ-Z2-main/AES_SYS/AES_SYS.gen/sources_1/bd/AES_SYS/ip/AES_SYS_auto_pc_11/AES_SYS_auto_pc_11_stub.vhdl
INFO: [IP_Flow 19-4993] Using cached IP synthesis design for IP AES_SYS_auto_pc_11, cache-ID = 3bc72d579e6ad5e4; cache size = 171.807 MB.
catch { config_ip_cache -export [get_ips -all AES_SYS_auto_pc_13] }
INFO: [IP_Flow 19-6924] IPCACHE: Running cache check for IP inst: AES_SYS_auto_pc_13
INFO: [IP_Flow 19-6922] IPCACHE: Exporting cached entry 177366daf5914f73 to dir: c:/code/RFC-8439-fpga-implementation/AES-Cam-on-PYNQ-Z2-main/AES-Cam-on-PYNQ-Z2-main/AES_SYS/AES_SYS.gen/sources_1/bd/AES_SYS/ip/AES_SYS_auto_pc_13
INFO: [IP_Flow 19-6928] IPCACHE: copied cached file c:/code/RFC-8439-fpga-implementation/AES-Cam-on-PYNQ-Z2-main/AES-Cam-on-PYNQ-Z2-main/AES_SYS/AES_SYS.cache/ip/2023.2/1/7/177366daf5914f73/AES_SYS_auto_pc_12.dcp to c:/code/RFC-8439-fpga-implementation/AES-Cam-on-PYNQ-Z2-main/AES-Cam-on-PYNQ-Z2-main/AES_SYS/AES_SYS.gen/sources_1/bd/AES_SYS/ip/AES_SYS_auto_pc_13/AES_SYS_auto_pc_13.dcp.
INFO: [IP_Flow 19-6926] IPCACHE: added file to list for BOM: c:/code/RFC-8439-fpga-implementation/AES-Cam-on-PYNQ-Z2-main/AES-Cam-on-PYNQ-Z2-main/AES_SYS/AES_SYS.gen/sources_1/bd/AES_SYS/ip/AES_SYS_auto_pc_13/AES_SYS_auto_pc_13.dcp
INFO: [IP_Flow 19-6928] IPCACHE: copied cached file c:/code/RFC-8439-fpga-implementation/AES-Cam-on-PYNQ-Z2-main/AES-Cam-on-PYNQ-Z2-main/AES_SYS/AES_SYS.cache/ip/2023.2/1/7/177366daf5914f73/AES_SYS_auto_pc_12_sim_netlist.v to c:/code/RFC-8439-fpga-implementation/AES-Cam-on-PYNQ-Z2-main/AES-Cam-on-PYNQ-Z2-main/AES_SYS/AES_SYS.gen/sources_1/bd/AES_SYS/ip/AES_SYS_auto_pc_13/AES_SYS_auto_pc_13_sim_netlist.v.
INFO: [IP_Flow 19-6926] IPCACHE: added file to list for BOM: c:/code/RFC-8439-fpga-implementation/AES-Cam-on-PYNQ-Z2-main/AES-Cam-on-PYNQ-Z2-main/AES_SYS/AES_SYS.gen/sources_1/bd/AES_SYS/ip/AES_SYS_auto_pc_13/AES_SYS_auto_pc_13_sim_netlist.v
INFO: [IP_Flow 19-6928] IPCACHE: copied cached file c:/code/RFC-8439-fpga-implementation/AES-Cam-on-PYNQ-Z2-main/AES-Cam-on-PYNQ-Z2-main/AES_SYS/AES_SYS.cache/ip/2023.2/1/7/177366daf5914f73/AES_SYS_auto_pc_12_sim_netlist.vhdl to c:/code/RFC-8439-fpga-implementation/AES-Cam-on-PYNQ-Z2-main/AES-Cam-on-PYNQ-Z2-main/AES_SYS/AES_SYS.gen/sources_1/bd/AES_SYS/ip/AES_SYS_auto_pc_13/AES_SYS_auto_pc_13_sim_netlist.vhdl.
INFO: [IP_Flow 19-6926] IPCACHE: added file to list for BOM: c:/code/RFC-8439-fpga-implementation/AES-Cam-on-PYNQ-Z2-main/AES-Cam-on-PYNQ-Z2-main/AES_SYS/AES_SYS.gen/sources_1/bd/AES_SYS/ip/AES_SYS_auto_pc_13/AES_SYS_auto_pc_13_sim_netlist.vhdl
INFO: [IP_Flow 19-6928] IPCACHE: copied cached file c:/code/RFC-8439-fpga-implementation/AES-Cam-on-PYNQ-Z2-main/AES-Cam-on-PYNQ-Z2-main/AES_SYS/AES_SYS.cache/ip/2023.2/1/7/177366daf5914f73/AES_SYS_auto_pc_12_stub.v to c:/code/RFC-8439-fpga-implementation/AES-Cam-on-PYNQ-Z2-main/AES-Cam-on-PYNQ-Z2-main/AES_SYS/AES_SYS.gen/sources_1/bd/AES_SYS/ip/AES_SYS_auto_pc_13/AES_SYS_auto_pc_13_stub.v.
INFO: [IP_Flow 19-6926] IPCACHE: added file to list for BOM: c:/code/RFC-8439-fpga-implementation/AES-Cam-on-PYNQ-Z2-main/AES-Cam-on-PYNQ-Z2-main/AES_SYS/AES_SYS.gen/sources_1/bd/AES_SYS/ip/AES_SYS_auto_pc_13/AES_SYS_auto_pc_13_stub.v
INFO: [IP_Flow 19-6928] IPCACHE: copied cached file c:/code/RFC-8439-fpga-implementation/AES-Cam-on-PYNQ-Z2-main/AES-Cam-on-PYNQ-Z2-main/AES_SYS/AES_SYS.cache/ip/2023.2/1/7/177366daf5914f73/AES_SYS_auto_pc_12_stub.vhdl to c:/code/RFC-8439-fpga-implementation/AES-Cam-on-PYNQ-Z2-main/AES-Cam-on-PYNQ-Z2-main/AES_SYS/AES_SYS.gen/sources_1/bd/AES_SYS/ip/AES_SYS_auto_pc_13/AES_SYS_auto_pc_13_stub.vhdl.
INFO: [IP_Flow 19-6926] IPCACHE: added file to list for BOM: c:/code/RFC-8439-fpga-implementation/AES-Cam-on-PYNQ-Z2-main/AES-Cam-on-PYNQ-Z2-main/AES_SYS/AES_SYS.gen/sources_1/bd/AES_SYS/ip/AES_SYS_auto_pc_13/AES_SYS_auto_pc_13_stub.vhdl
INFO: [IP_Flow 19-4993] Using cached IP synthesis design for IP AES_SYS_auto_pc_13, cache-ID = 177366daf5914f73; cache size = 171.807 MB.
catch { config_ip_cache -export [get_ips -all AES_SYS_auto_us_0] }
INFO: [IP_Flow 19-6924] IPCACHE: Running cache check for IP inst: AES_SYS_auto_us_0
INFO: [IP_Flow 19-6922] IPCACHE: Exporting cached entry 96128dd45566b66c to dir: c:/code/RFC-8439-fpga-implementation/AES-Cam-on-PYNQ-Z2-main/AES-Cam-on-PYNQ-Z2-main/AES_SYS/AES_SYS.gen/sources_1/bd/AES_SYS/ip/AES_SYS_auto_us_0
INFO: [IP_Flow 19-6928] IPCACHE: copied cached file c:/code/RFC-8439-fpga-implementation/AES-Cam-on-PYNQ-Z2-main/AES-Cam-on-PYNQ-Z2-main/AES_SYS/AES_SYS.cache/ip/2023.2/9/6/96128dd45566b66c/AES_SYS_auto_us_0.dcp to c:/code/RFC-8439-fpga-implementation/AES-Cam-on-PYNQ-Z2-main/AES-Cam-on-PYNQ-Z2-main/AES_SYS/AES_SYS.gen/sources_1/bd/AES_SYS/ip/AES_SYS_auto_us_0/AES_SYS_auto_us_0.dcp.
INFO: [IP_Flow 19-6926] IPCACHE: added file to list for BOM: c:/code/RFC-8439-fpga-implementation/AES-Cam-on-PYNQ-Z2-main/AES-Cam-on-PYNQ-Z2-main/AES_SYS/AES_SYS.gen/sources_1/bd/AES_SYS/ip/AES_SYS_auto_us_0/AES_SYS_auto_us_0.dcp
INFO: [IP_Flow 19-6928] IPCACHE: copied cached file c:/code/RFC-8439-fpga-implementation/AES-Cam-on-PYNQ-Z2-main/AES-Cam-on-PYNQ-Z2-main/AES_SYS/AES_SYS.cache/ip/2023.2/9/6/96128dd45566b66c/AES_SYS_auto_us_0_sim_netlist.v to c:/code/RFC-8439-fpga-implementation/AES-Cam-on-PYNQ-Z2-main/AES-Cam-on-PYNQ-Z2-main/AES_SYS/AES_SYS.gen/sources_1/bd/AES_SYS/ip/AES_SYS_auto_us_0/AES_SYS_auto_us_0_sim_netlist.v.
INFO: [IP_Flow 19-6926] IPCACHE: added file to list for BOM: c:/code/RFC-8439-fpga-implementation/AES-Cam-on-PYNQ-Z2-main/AES-Cam-on-PYNQ-Z2-main/AES_SYS/AES_SYS.gen/sources_1/bd/AES_SYS/ip/AES_SYS_auto_us_0/AES_SYS_auto_us_0_sim_netlist.v
INFO: [IP_Flow 19-6928] IPCACHE: copied cached file c:/code/RFC-8439-fpga-implementation/AES-Cam-on-PYNQ-Z2-main/AES-Cam-on-PYNQ-Z2-main/AES_SYS/AES_SYS.cache/ip/2023.2/9/6/96128dd45566b66c/AES_SYS_auto_us_0_sim_netlist.vhdl to c:/code/RFC-8439-fpga-implementation/AES-Cam-on-PYNQ-Z2-main/AES-Cam-on-PYNQ-Z2-main/AES_SYS/AES_SYS.gen/sources_1/bd/AES_SYS/ip/AES_SYS_auto_us_0/AES_SYS_auto_us_0_sim_netlist.vhdl.
INFO: [IP_Flow 19-6926] IPCACHE: added file to list for BOM: c:/code/RFC-8439-fpga-implementation/AES-Cam-on-PYNQ-Z2-main/AES-Cam-on-PYNQ-Z2-main/AES_SYS/AES_SYS.gen/sources_1/bd/AES_SYS/ip/AES_SYS_auto_us_0/AES_SYS_auto_us_0_sim_netlist.vhdl
INFO: [IP_Flow 19-6928] IPCACHE: copied cached file c:/code/RFC-8439-fpga-implementation/AES-Cam-on-PYNQ-Z2-main/AES-Cam-on-PYNQ-Z2-main/AES_SYS/AES_SYS.cache/ip/2023.2/9/6/96128dd45566b66c/AES_SYS_auto_us_0_stub.v to c:/code/RFC-8439-fpga-implementation/AES-Cam-on-PYNQ-Z2-main/AES-Cam-on-PYNQ-Z2-main/AES_SYS/AES_SYS.gen/sources_1/bd/AES_SYS/ip/AES_SYS_auto_us_0/AES_SYS_auto_us_0_stub.v.
INFO: [IP_Flow 19-6926] IPCACHE: added file to list for BOM: c:/code/RFC-8439-fpga-implementation/AES-Cam-on-PYNQ-Z2-main/AES-Cam-on-PYNQ-Z2-main/AES_SYS/AES_SYS.gen/sources_1/bd/AES_SYS/ip/AES_SYS_auto_us_0/AES_SYS_auto_us_0_stub.v
INFO: [IP_Flow 19-6928] IPCACHE: copied cached file c:/code/RFC-8439-fpga-implementation/AES-Cam-on-PYNQ-Z2-main/AES-Cam-on-PYNQ-Z2-main/AES_SYS/AES_SYS.cache/ip/2023.2/9/6/96128dd45566b66c/AES_SYS_auto_us_0_stub.vhdl to c:/code/RFC-8439-fpga-implementation/AES-Cam-on-PYNQ-Z2-main/AES-Cam-on-PYNQ-Z2-main/AES_SYS/AES_SYS.gen/sources_1/bd/AES_SYS/ip/AES_SYS_auto_us_0/AES_SYS_auto_us_0_stub.vhdl.
INFO: [IP_Flow 19-6926] IPCACHE: added file to list for BOM: c:/code/RFC-8439-fpga-implementation/AES-Cam-on-PYNQ-Z2-main/AES-Cam-on-PYNQ-Z2-main/AES_SYS/AES_SYS.gen/sources_1/bd/AES_SYS/ip/AES_SYS_auto_us_0/AES_SYS_auto_us_0_stub.vhdl
INFO: [IP_Flow 19-4993] Using cached IP synthesis design for IP AES_SYS_auto_us_0, cache-ID = 96128dd45566b66c; cache size = 171.807 MB.
catch { config_ip_cache -export [get_ips -all AES_SYS_auto_pc_14] }
INFO: [IP_Flow 19-6924] IPCACHE: Running cache check for IP inst: AES_SYS_auto_pc_14
INFO: [IP_Flow 19-6922] IPCACHE: Exporting cached entry 680f4c3d4d7785e1 to dir: c:/code/RFC-8439-fpga-implementation/AES-Cam-on-PYNQ-Z2-main/AES-Cam-on-PYNQ-Z2-main/AES_SYS/AES_SYS.gen/sources_1/bd/AES_SYS/ip/AES_SYS_auto_pc_14
INFO: [IP_Flow 19-6928] IPCACHE: copied cached file c:/code/RFC-8439-fpga-implementation/AES-Cam-on-PYNQ-Z2-main/AES-Cam-on-PYNQ-Z2-main/AES_SYS/AES_SYS.cache/ip/2023.2/6/8/680f4c3d4d7785e1/AES_SYS_auto_pc_13.dcp to c:/code/RFC-8439-fpga-implementation/AES-Cam-on-PYNQ-Z2-main/AES-Cam-on-PYNQ-Z2-main/AES_SYS/AES_SYS.gen/sources_1/bd/AES_SYS/ip/AES_SYS_auto_pc_14/AES_SYS_auto_pc_14.dcp.
INFO: [IP_Flow 19-6926] IPCACHE: added file to list for BOM: c:/code/RFC-8439-fpga-implementation/AES-Cam-on-PYNQ-Z2-main/AES-Cam-on-PYNQ-Z2-main/AES_SYS/AES_SYS.gen/sources_1/bd/AES_SYS/ip/AES_SYS_auto_pc_14/AES_SYS_auto_pc_14.dcp
INFO: [IP_Flow 19-6928] IPCACHE: copied cached file c:/code/RFC-8439-fpga-implementation/AES-Cam-on-PYNQ-Z2-main/AES-Cam-on-PYNQ-Z2-main/AES_SYS/AES_SYS.cache/ip/2023.2/6/8/680f4c3d4d7785e1/AES_SYS_auto_pc_13_sim_netlist.v to c:/code/RFC-8439-fpga-implementation/AES-Cam-on-PYNQ-Z2-main/AES-Cam-on-PYNQ-Z2-main/AES_SYS/AES_SYS.gen/sources_1/bd/AES_SYS/ip/AES_SYS_auto_pc_14/AES_SYS_auto_pc_14_sim_netlist.v.
INFO: [IP_Flow 19-6926] IPCACHE: added file to list for BOM: c:/code/RFC-8439-fpga-implementation/AES-Cam-on-PYNQ-Z2-main/AES-Cam-on-PYNQ-Z2-main/AES_SYS/AES_SYS.gen/sources_1/bd/AES_SYS/ip/AES_SYS_auto_pc_14/AES_SYS_auto_pc_14_sim_netlist.v
INFO: [IP_Flow 19-6928] IPCACHE: copied cached file c:/code/RFC-8439-fpga-implementation/AES-Cam-on-PYNQ-Z2-main/AES-Cam-on-PYNQ-Z2-main/AES_SYS/AES_SYS.cache/ip/2023.2/6/8/680f4c3d4d7785e1/AES_SYS_auto_pc_13_sim_netlist.vhdl to c:/code/RFC-8439-fpga-implementation/AES-Cam-on-PYNQ-Z2-main/AES-Cam-on-PYNQ-Z2-main/AES_SYS/AES_SYS.gen/sources_1/bd/AES_SYS/ip/AES_SYS_auto_pc_14/AES_SYS_auto_pc_14_sim_netlist.vhdl.
INFO: [IP_Flow 19-6926] IPCACHE: added file to list for BOM: c:/code/RFC-8439-fpga-implementation/AES-Cam-on-PYNQ-Z2-main/AES-Cam-on-PYNQ-Z2-main/AES_SYS/AES_SYS.gen/sources_1/bd/AES_SYS/ip/AES_SYS_auto_pc_14/AES_SYS_auto_pc_14_sim_netlist.vhdl
INFO: [IP_Flow 19-6928] IPCACHE: copied cached file c:/code/RFC-8439-fpga-implementation/AES-Cam-on-PYNQ-Z2-main/AES-Cam-on-PYNQ-Z2-main/AES_SYS/AES_SYS.cache/ip/2023.2/6/8/680f4c3d4d7785e1/AES_SYS_auto_pc_13_stub.v to c:/code/RFC-8439-fpga-implementation/AES-Cam-on-PYNQ-Z2-main/AES-Cam-on-PYNQ-Z2-main/AES_SYS/AES_SYS.gen/sources_1/bd/AES_SYS/ip/AES_SYS_auto_pc_14/AES_SYS_auto_pc_14_stub.v.
INFO: [IP_Flow 19-6926] IPCACHE: added file to list for BOM: c:/code/RFC-8439-fpga-implementation/AES-Cam-on-PYNQ-Z2-main/AES-Cam-on-PYNQ-Z2-main/AES_SYS/AES_SYS.gen/sources_1/bd/AES_SYS/ip/AES_SYS_auto_pc_14/AES_SYS_auto_pc_14_stub.v
INFO: [IP_Flow 19-6928] IPCACHE: copied cached file c:/code/RFC-8439-fpga-implementation/AES-Cam-on-PYNQ-Z2-main/AES-Cam-on-PYNQ-Z2-main/AES_SYS/AES_SYS.cache/ip/2023.2/6/8/680f4c3d4d7785e1/AES_SYS_auto_pc_13_stub.vhdl to c:/code/RFC-8439-fpga-implementation/AES-Cam-on-PYNQ-Z2-main/AES-Cam-on-PYNQ-Z2-main/AES_SYS/AES_SYS.gen/sources_1/bd/AES_SYS/ip/AES_SYS_auto_pc_14/AES_SYS_auto_pc_14_stub.vhdl.
INFO: [IP_Flow 19-6926] IPCACHE: added file to list for BOM: c:/code/RFC-8439-fpga-implementation/AES-Cam-on-PYNQ-Z2-main/AES-Cam-on-PYNQ-Z2-main/AES_SYS/AES_SYS.gen/sources_1/bd/AES_SYS/ip/AES_SYS_auto_pc_14/AES_SYS_auto_pc_14_stub.vhdl
INFO: [IP_Flow 19-4993] Using cached IP synthesis design for IP AES_SYS_auto_pc_14, cache-ID = 680f4c3d4d7785e1; cache size = 171.807 MB.
catch { config_ip_cache -export [get_ips -all AES_SYS_auto_ds_0] }
INFO: [IP_Flow 19-6924] IPCACHE: Running cache check for IP inst: AES_SYS_auto_ds_0
INFO: [IP_Flow 19-6922] IPCACHE: Exporting cached entry f9503eb3174c7348 to dir: c:/code/RFC-8439-fpga-implementation/AES-Cam-on-PYNQ-Z2-main/AES-Cam-on-PYNQ-Z2-main/AES_SYS/AES_SYS.gen/sources_1/bd/AES_SYS/ip/AES_SYS_auto_ds_0
INFO: [IP_Flow 19-6928] IPCACHE: copied cached file c:/code/RFC-8439-fpga-implementation/AES-Cam-on-PYNQ-Z2-main/AES-Cam-on-PYNQ-Z2-main/AES_SYS/AES_SYS.cache/ip/2023.2/f/9/f9503eb3174c7348/AES_SYS_auto_ds_0.dcp to c:/code/RFC-8439-fpga-implementation/AES-Cam-on-PYNQ-Z2-main/AES-Cam-on-PYNQ-Z2-main/AES_SYS/AES_SYS.gen/sources_1/bd/AES_SYS/ip/AES_SYS_auto_ds_0/AES_SYS_auto_ds_0.dcp.
INFO: [IP_Flow 19-6926] IPCACHE: added file to list for BOM: c:/code/RFC-8439-fpga-implementation/AES-Cam-on-PYNQ-Z2-main/AES-Cam-on-PYNQ-Z2-main/AES_SYS/AES_SYS.gen/sources_1/bd/AES_SYS/ip/AES_SYS_auto_ds_0/AES_SYS_auto_ds_0.dcp
INFO: [IP_Flow 19-6928] IPCACHE: copied cached file c:/code/RFC-8439-fpga-implementation/AES-Cam-on-PYNQ-Z2-main/AES-Cam-on-PYNQ-Z2-main/AES_SYS/AES_SYS.cache/ip/2023.2/f/9/f9503eb3174c7348/AES_SYS_auto_ds_0_sim_netlist.v to c:/code/RFC-8439-fpga-implementation/AES-Cam-on-PYNQ-Z2-main/AES-Cam-on-PYNQ-Z2-main/AES_SYS/AES_SYS.gen/sources_1/bd/AES_SYS/ip/AES_SYS_auto_ds_0/AES_SYS_auto_ds_0_sim_netlist.v.
INFO: [IP_Flow 19-6926] IPCACHE: added file to list for BOM: c:/code/RFC-8439-fpga-implementation/AES-Cam-on-PYNQ-Z2-main/AES-Cam-on-PYNQ-Z2-main/AES_SYS/AES_SYS.gen/sources_1/bd/AES_SYS/ip/AES_SYS_auto_ds_0/AES_SYS_auto_ds_0_sim_netlist.v
INFO: [IP_Flow 19-6928] IPCACHE: copied cached file c:/code/RFC-8439-fpga-implementation/AES-Cam-on-PYNQ-Z2-main/AES-Cam-on-PYNQ-Z2-main/AES_SYS/AES_SYS.cache/ip/2023.2/f/9/f9503eb3174c7348/AES_SYS_auto_ds_0_sim_netlist.vhdl to c:/code/RFC-8439-fpga-implementation/AES-Cam-on-PYNQ-Z2-main/AES-Cam-on-PYNQ-Z2-main/AES_SYS/AES_SYS.gen/sources_1/bd/AES_SYS/ip/AES_SYS_auto_ds_0/AES_SYS_auto_ds_0_sim_netlist.vhdl.
INFO: [IP_Flow 19-6926] IPCACHE: added file to list for BOM: c:/code/RFC-8439-fpga-implementation/AES-Cam-on-PYNQ-Z2-main/AES-Cam-on-PYNQ-Z2-main/AES_SYS/AES_SYS.gen/sources_1/bd/AES_SYS/ip/AES_SYS_auto_ds_0/AES_SYS_auto_ds_0_sim_netlist.vhdl
INFO: [IP_Flow 19-6928] IPCACHE: copied cached file c:/code/RFC-8439-fpga-implementation/AES-Cam-on-PYNQ-Z2-main/AES-Cam-on-PYNQ-Z2-main/AES_SYS/AES_SYS.cache/ip/2023.2/f/9/f9503eb3174c7348/AES_SYS_auto_ds_0_stub.v to c:/code/RFC-8439-fpga-implementation/AES-Cam-on-PYNQ-Z2-main/AES-Cam-on-PYNQ-Z2-main/AES_SYS/AES_SYS.gen/sources_1/bd/AES_SYS/ip/AES_SYS_auto_ds_0/AES_SYS_auto_ds_0_stub.v.
INFO: [IP_Flow 19-6926] IPCACHE: added file to list for BOM: c:/code/RFC-8439-fpga-implementation/AES-Cam-on-PYNQ-Z2-main/AES-Cam-on-PYNQ-Z2-main/AES_SYS/AES_SYS.gen/sources_1/bd/AES_SYS/ip/AES_SYS_auto_ds_0/AES_SYS_auto_ds_0_stub.v
INFO: [IP_Flow 19-6928] IPCACHE: copied cached file c:/code/RFC-8439-fpga-implementation/AES-Cam-on-PYNQ-Z2-main/AES-Cam-on-PYNQ-Z2-main/AES_SYS/AES_SYS.cache/ip/2023.2/f/9/f9503eb3174c7348/AES_SYS_auto_ds_0_stub.vhdl to c:/code/RFC-8439-fpga-implementation/AES-Cam-on-PYNQ-Z2-main/AES-Cam-on-PYNQ-Z2-main/AES_SYS/AES_SYS.gen/sources_1/bd/AES_SYS/ip/AES_SYS_auto_ds_0/AES_SYS_auto_ds_0_stub.vhdl.
INFO: [IP_Flow 19-6926] IPCACHE: added file to list for BOM: c:/code/RFC-8439-fpga-implementation/AES-Cam-on-PYNQ-Z2-main/AES-Cam-on-PYNQ-Z2-main/AES_SYS/AES_SYS.gen/sources_1/bd/AES_SYS/ip/AES_SYS_auto_ds_0/AES_SYS_auto_ds_0_stub.vhdl
INFO: [IP_Flow 19-4993] Using cached IP synthesis design for IP AES_SYS_auto_ds_0, cache-ID = f9503eb3174c7348; cache size = 171.807 MB.
catch { config_ip_cache -export [get_ips -all AES_SYS_auto_ds_1] }
INFO: [IP_Flow 19-6924] IPCACHE: Running cache check for IP inst: AES_SYS_auto_ds_1
INFO: [IP_Flow 19-6922] IPCACHE: Exporting cached entry f9503eb3174c7348 to dir: c:/code/RFC-8439-fpga-implementation/AES-Cam-on-PYNQ-Z2-main/AES-Cam-on-PYNQ-Z2-main/AES_SYS/AES_SYS.gen/sources_1/bd/AES_SYS/ip/AES_SYS_auto_ds_1
INFO: [IP_Flow 19-6928] IPCACHE: copied cached file c:/code/RFC-8439-fpga-implementation/AES-Cam-on-PYNQ-Z2-main/AES-Cam-on-PYNQ-Z2-main/AES_SYS/AES_SYS.cache/ip/2023.2/f/9/f9503eb3174c7348/AES_SYS_auto_ds_0.dcp to c:/code/RFC-8439-fpga-implementation/AES-Cam-on-PYNQ-Z2-main/AES-Cam-on-PYNQ-Z2-main/AES_SYS/AES_SYS.gen/sources_1/bd/AES_SYS/ip/AES_SYS_auto_ds_1/AES_SYS_auto_ds_1.dcp.
INFO: [IP_Flow 19-6926] IPCACHE: added file to list for BOM: c:/code/RFC-8439-fpga-implementation/AES-Cam-on-PYNQ-Z2-main/AES-Cam-on-PYNQ-Z2-main/AES_SYS/AES_SYS.gen/sources_1/bd/AES_SYS/ip/AES_SYS_auto_ds_1/AES_SYS_auto_ds_1.dcp
INFO: [IP_Flow 19-6928] IPCACHE: copied cached file c:/code/RFC-8439-fpga-implementation/AES-Cam-on-PYNQ-Z2-main/AES-Cam-on-PYNQ-Z2-main/AES_SYS/AES_SYS.cache/ip/2023.2/f/9/f9503eb3174c7348/AES_SYS_auto_ds_0_sim_netlist.v to c:/code/RFC-8439-fpga-implementation/AES-Cam-on-PYNQ-Z2-main/AES-Cam-on-PYNQ-Z2-main/AES_SYS/AES_SYS.gen/sources_1/bd/AES_SYS/ip/AES_SYS_auto_ds_1/AES_SYS_auto_ds_1_sim_netlist.v.
INFO: [IP_Flow 19-6926] IPCACHE: added file to list for BOM: c:/code/RFC-8439-fpga-implementation/AES-Cam-on-PYNQ-Z2-main/AES-Cam-on-PYNQ-Z2-main/AES_SYS/AES_SYS.gen/sources_1/bd/AES_SYS/ip/AES_SYS_auto_ds_1/AES_SYS_auto_ds_1_sim_netlist.v
INFO: [IP_Flow 19-6928] IPCACHE: copied cached file c:/code/RFC-8439-fpga-implementation/AES-Cam-on-PYNQ-Z2-main/AES-Cam-on-PYNQ-Z2-main/AES_SYS/AES_SYS.cache/ip/2023.2/f/9/f9503eb3174c7348/AES_SYS_auto_ds_0_sim_netlist.vhdl to c:/code/RFC-8439-fpga-implementation/AES-Cam-on-PYNQ-Z2-main/AES-Cam-on-PYNQ-Z2-main/AES_SYS/AES_SYS.gen/sources_1/bd/AES_SYS/ip/AES_SYS_auto_ds_1/AES_SYS_auto_ds_1_sim_netlist.vhdl.
INFO: [IP_Flow 19-6926] IPCACHE: added file to list for BOM: c:/code/RFC-8439-fpga-implementation/AES-Cam-on-PYNQ-Z2-main/AES-Cam-on-PYNQ-Z2-main/AES_SYS/AES_SYS.gen/sources_1/bd/AES_SYS/ip/AES_SYS_auto_ds_1/AES_SYS_auto_ds_1_sim_netlist.vhdl
INFO: [IP_Flow 19-6928] IPCACHE: copied cached file c:/code/RFC-8439-fpga-implementation/AES-Cam-on-PYNQ-Z2-main/AES-Cam-on-PYNQ-Z2-main/AES_SYS/AES_SYS.cache/ip/2023.2/f/9/f9503eb3174c7348/AES_SYS_auto_ds_0_stub.v to c:/code/RFC-8439-fpga-implementation/AES-Cam-on-PYNQ-Z2-main/AES-Cam-on-PYNQ-Z2-main/AES_SYS/AES_SYS.gen/sources_1/bd/AES_SYS/ip/AES_SYS_auto_ds_1/AES_SYS_auto_ds_1_stub.v.
INFO: [IP_Flow 19-6926] IPCACHE: added file to list for BOM: c:/code/RFC-8439-fpga-implementation/AES-Cam-on-PYNQ-Z2-main/AES-Cam-on-PYNQ-Z2-main/AES_SYS/AES_SYS.gen/sources_1/bd/AES_SYS/ip/AES_SYS_auto_ds_1/AES_SYS_auto_ds_1_stub.v
INFO: [IP_Flow 19-6928] IPCACHE: copied cached file c:/code/RFC-8439-fpga-implementation/AES-Cam-on-PYNQ-Z2-main/AES-Cam-on-PYNQ-Z2-main/AES_SYS/AES_SYS.cache/ip/2023.2/f/9/f9503eb3174c7348/AES_SYS_auto_ds_0_stub.vhdl to c:/code/RFC-8439-fpga-implementation/AES-Cam-on-PYNQ-Z2-main/AES-Cam-on-PYNQ-Z2-main/AES_SYS/AES_SYS.gen/sources_1/bd/AES_SYS/ip/AES_SYS_auto_ds_1/AES_SYS_auto_ds_1_stub.vhdl.
INFO: [IP_Flow 19-6926] IPCACHE: added file to list for BOM: c:/code/RFC-8439-fpga-implementation/AES-Cam-on-PYNQ-Z2-main/AES-Cam-on-PYNQ-Z2-main/AES_SYS/AES_SYS.gen/sources_1/bd/AES_SYS/ip/AES_SYS_auto_ds_1/AES_SYS_auto_ds_1_stub.vhdl
INFO: [IP_Flow 19-4993] Using cached IP synthesis design for IP AES_SYS_auto_ds_1, cache-ID = f9503eb3174c7348; cache size = 171.807 MB.
catch { config_ip_cache -export [get_ips -all AES_SYS_axi_gpio_4_0] }
INFO: [IP_Flow 19-6924] IPCACHE: Running cache check for IP inst: AES_SYS_axi_gpio_4_0
export_ip_user_files -of_objects [get_files C:/code/RFC-8439-fpga-implementation/AES-Cam-on-PYNQ-Z2-main/AES-Cam-on-PYNQ-Z2-main/AES_SYS/AES_SYS.srcs/sources_1/bd/AES_SYS/AES_SYS.bd] -no_script -sync -force -quiet
create_ip_run [get_files -of_objects [get_fileset sources_1] C:/code/RFC-8439-fpga-implementation/AES-Cam-on-PYNQ-Z2-main/AES-Cam-on-PYNQ-Z2-main/AES_SYS/AES_SYS.srcs/sources_1/bd/AES_SYS/AES_SYS.bd]
launch_runs AES_SYS_axi_gpio_4_0_synth_1 AES_SYS_xbar_0_synth_1 -jobs 32
INFO: [IP_Flow 19-6924] IPCACHE: Running cache check for IP inst: AES_SYS_axi_gpio_4_0
INFO: [IP_Flow 19-6924] IPCACHE: Running cache check for IP inst: AES_SYS_xbar_0
[Wed May 27 04:38:57 2026] Launched AES_SYS_axi_gpio_4_0_synth_1, AES_SYS_xbar_0_synth_1...
Run output will be captured here:
AES_SYS_axi_gpio_4_0_synth_1: C:/code/RFC-8439-fpga-implementation/AES-Cam-on-PYNQ-Z2-main/AES-Cam-on-PYNQ-Z2-main/AES_SYS/AES_SYS.runs/AES_SYS_axi_gpio_4_0_synth_1/runme.log
AES_SYS_xbar_0_synth_1: C:/code/RFC-8439-fpga-implementation/AES-Cam-on-PYNQ-Z2-main/AES-Cam-on-PYNQ-Z2-main/AES_SYS/AES_SYS.runs/AES_SYS_xbar_0_synth_1/runme.log
export_simulation -of_objects [get_files C:/code/RFC-8439-fpga-implementation/AES-Cam-on-PYNQ-Z2-main/AES-Cam-on-PYNQ-Z2-main/AES_SYS/AES_SYS.srcs/sources_1/bd/AES_SYS/AES_SYS.bd] -directory C:/code/RFC-8439-fpga-implementation/AES-Cam-on-PYNQ-Z2-main/AES-Cam-on-PYNQ-Z2-main/AES_SYS/AES_SYS.ip_user_files/sim_scripts -ip_user_files_dir C:/code/RFC-8439-fpga-implementation/AES-Cam-on-PYNQ-Z2-main/AES-Cam-on-PYNQ-Z2-main/AES_SYS/AES_SYS.ip_user_files -ipstatic_source_dir C:/code/RFC-8439-fpga-implementation/AES-Cam-on-PYNQ-Z2-main/AES-Cam-on-PYNQ-Z2-main/AES_SYS/AES_SYS.ip_user_files/ipstatic -lib_map_path [list {modelsim=C:/code/RFC-8439-fpga-implementation/AES-Cam-on-PYNQ-Z2-main/AES-Cam-on-PYNQ-Z2-main/AES_SYS/AES_SYS.cache/compile_simlib/modelsim} {questa=C:/code/RFC-8439-fpga-implementation/AES-Cam-on-PYNQ-Z2-main/AES-Cam-on-PYNQ-Z2-main/AES_SYS/AES_SYS.cache/compile_simlib/questa} {riviera=C:/code/RFC-8439-fpga-implementation/AES-Cam-on-PYNQ-Z2-main/AES-Cam-on-PYNQ-Z2-main/AES_SYS/AES_SYS.cache/compile_simlib/riviera} {activehdl=C:/code/RFC-8439-fpga-implementation/AES-Cam-on-PYNQ-Z2-main/AES-Cam-on-PYNQ-Z2-main/AES_SYS/AES_SYS.cache/compile_simlib/activehdl}] -use_ip_compiled_libs -force -quiet
reset_run synth_1
INFO: [Project 1-1161] Replacing file C:/code/RFC-8439-fpga-implementation/AES-Cam-on-PYNQ-Z2-main/AES-Cam-on-PYNQ-Z2-main/AES_SYS/AES_SYS.srcs/utils_1/imports/synth_1/AES_SYS_wrapper.dcp with file C:/code/RFC-8439-fpga-implementation/AES-Cam-on-PYNQ-Z2-main/AES-Cam-on-PYNQ-Z2-main/AES_SYS/AES_SYS.runs/synth_1/AES_SYS_wrapper.dcp
WARNING: [Vivado 12-1017] Problems encountered:
1. Failed to delete one or more files in run directory C:/code/RFC-8439-fpga-implementation/AES-Cam-on-PYNQ-Z2-main/AES-Cam-on-PYNQ-Z2-main/AES_SYS/AES_SYS.runs/synth_1

launch_runs impl_1 -to_step write_bitstream -jobs 32
INFO: [IP_Flow 19-6930] IPCACHE: runCacheChecks() number of threads = 8
INFO: [IP_Flow 19-6921] IPCACHE: Adding cache check func to thread queue for IP AES_SYS_axi_gpio_4_0
INFO: [IP_Flow 19-6921] IPCACHE: Adding cache check func to thread queue for IP AES_SYS_xbar_0
INFO: [IP_Flow 19-8020] IPCACHE: runCacheChecks() calling threadPool finishWork()
INFO: [IP_Flow 19-6924] IPCACHE: Running cache check for IP inst: AES_SYS_axi_gpio_4_0
INFO: [IP_Flow 19-6924] IPCACHE: Running cache check for IP inst: AES_SYS_xbar_0
[Wed May 27 04:39:37 2026] Launched AES_SYS_xbar_0_synth_1, AES_SYS_axi_gpio_4_0_synth_1, synth_1...
Run output will be captured here:
AES_SYS_xbar_0_synth_1: C:/code/RFC-8439-fpga-implementation/AES-Cam-on-PYNQ-Z2-main/AES-Cam-on-PYNQ-Z2-main/AES_SYS/AES_SYS.runs/AES_SYS_xbar_0_synth_1/runme.log
AES_SYS_axi_gpio_4_0_synth_1: C:/code/RFC-8439-fpga-implementation/AES-Cam-on-PYNQ-Z2-main/AES-Cam-on-PYNQ-Z2-main/AES_SYS/AES_SYS.runs/AES_SYS_axi_gpio_4_0_synth_1/runme.log
synth_1: C:/code/RFC-8439-fpga-implementation/AES-Cam-on-PYNQ-Z2-main/AES-Cam-on-PYNQ-Z2-main/AES_SYS/AES_SYS.runs/synth_1/runme.log
[Wed May 27 04:39:37 2026] Launched impl_1...
Run output will be captured here: C:/code/RFC-8439-fpga-implementation/AES-Cam-on-PYNQ-Z2-main/AES-Cam-on-PYNQ-Z2-main/AES_SYS/AES_SYS.runs/impl_1/runme.log
launch_runs impl_1 -to_step write_bitstream -jobs 32
ERROR: [Vivado 12-1088] Step 'route_design' needs to be reset before launching.
The step can be reset using the Tcl command 'reset_run'. See argument '-prev_step' and '-from_step' for more info.
reset_run impl_1
launch_runs impl_1 -jobs 32
[Wed May 27 04:47:12 2026] Launched impl_1...
Run output will be captured here: C:/code/RFC-8439-fpga-implementation/AES-Cam-on-PYNQ-Z2-main/AES-Cam-on-PYNQ-Z2-main/AES_SYS/AES_SYS.runs/impl_1/runme.log
launch_runs impl_1 -to_step write_bitstream -jobs 32
[Wed May 27 04:51:06 2026] Launched impl_1...
Run output will be captured here: C:/code/RFC-8439-fpga-implementation/AES-Cam-on-PYNQ-Z2-main/AES-Cam-on-PYNQ-Z2-main/AES_SYS/AES_SYS.runs/impl_1/runme.log
delete_bd_objs [get_bd_nets xlconstant_1_dout] [get_bd_cells proc_sys_reset_0]
delete_bd_objs [get_bd_cells xlconstant_1]
delete_bd_objs [get_bd_nets proc_sys_reset_0_peripheral_aresetn]
connect_bd_net [get_bd_pins xlconstant_0/dout] [get_bd_pins v_tc_0/resetn]
connect_bd_net [get_bd_pins xlconstant_0/dout] [get_bd_pins rgb2dvi_0/aRst_n]
undo
INFO: [Common 17-17] undo 'connect_bd_net [get_bd_pins xlconstant_0/dout] [get_bd_pins rgb2dvi_0/aRst_n]'
undo
INFO: [Common 17-17] undo 'connect_bd_net [get_bd_pins xlconstant_0/dout] [get_bd_pins v_tc_0/resetn]'
undo
INFO: [Common 17-17] undo 'delete_bd_objs [get_bd_nets proc_sys_reset_0_peripheral_aresetn]'
connect_bd_net [get_bd_pins xlconstant_0/dout] [get_bd_pins v_axi4s_vid_out_0/aresetn]
save_bd_design
Wrote  : <C:\code\RFC-8439-fpga-implementation\AES-Cam-on-PYNQ-Z2-main\AES-Cam-on-PYNQ-Z2-main\AES_SYS\AES_SYS.srcs\sources_1\bd\AES_SYS\AES_SYS.bd> 
Wrote  : <C:/code/RFC-8439-fpga-implementation/AES-Cam-on-PYNQ-Z2-main/AES-Cam-on-PYNQ-Z2-main/AES_SYS/AES_SYS.srcs/sources_1/bd/AES_SYS/ui/bd_9341033d.ui> 
reset_run synth_1
INFO: [Project 1-1161] Replacing file C:/code/RFC-8439-fpga-implementation/AES-Cam-on-PYNQ-Z2-main/AES-Cam-on-PYNQ-Z2-main/AES_SYS/AES_SYS.srcs/utils_1/imports/synth_1/AES_SYS_wrapper.dcp with file C:/code/RFC-8439-fpga-implementation/AES-Cam-on-PYNQ-Z2-main/AES-Cam-on-PYNQ-Z2-main/AES_SYS/AES_SYS.runs/synth_1/AES_SYS_wrapper.dcp
launch_runs impl_1 -to_step write_bitstream -jobs 32
WARNING: [BD 41-2670] Found an incomplete address path from address space '/processing_system7_0/Data' to master interface '/ps7_0_axi_periph/M12_AXI'. Please either complete or remove this path to resolve.
WARNING: [BD 41-2670] Found an incomplete address path from address space '/processing_system7_0/Data' to master interface '/ps7_0_axi_periph/M10_AXI'. Please either complete or remove this path to resolve.
WARNING: [BD 5-699] No address segments matched 'get_bd_addr_segs -addressables -of_objects /processing_system7_0/FCLK_RESET0_N'
WARNING: [BD 5-699] No address segments matched 'get_bd_addr_segs -addressables -of_objects /processing_system7_0/FCLK_RESET0_N'
WARNING: [BD 41-1284] Cannot set parameter FREQ_HZ on port /v_axi4s_vid_out_0/aclken
WARNING: [BD 41-1284] Cannot set parameter PHASE on port /v_axi4s_vid_out_0/aclken
WARNING: [BD 41-1284] Cannot set parameter CLK_DOMAIN on port /v_axi4s_vid_out_0/aclken
WARNING: [BD 41-1284] Cannot set parameter FREQ_HZ on port /v_axi4s_vid_out_0/vid_io_out_ce
WARNING: [BD 41-1284] Cannot set parameter PHASE on port /v_axi4s_vid_out_0/vid_io_out_ce
WARNING: [BD 41-1284] Cannot set parameter CLK_DOMAIN on port /v_axi4s_vid_out_0/vid_io_out_ce
WARNING: [BD 41-1284] Cannot set parameter FREQ_HZ on port /v_tc_0/clken
WARNING: [BD 41-1284] Cannot set parameter PHASE on port /v_tc_0/clken
WARNING: [BD 41-1284] Cannot set parameter CLK_DOMAIN on port /v_tc_0/clken
WARNING: [BD 41-1284] Cannot set parameter FREQ_HZ on port /v_axi4s_vid_out_0/aresetn
WARNING: [BD 41-1284] Cannot set parameter PHASE on port /v_axi4s_vid_out_0/aresetn
WARNING: [BD 41-1284] Cannot set parameter CLK_DOMAIN on port /v_axi4s_vid_out_0/aresetn
WARNING: [BD 41-1284] Cannot set parameter FREQ_HZ on port /v_tc_0/resetn
WARNING: [BD 41-1284] Cannot set parameter PHASE on port /v_tc_0/resetn
WARNING: [BD 41-1284] Cannot set parameter CLK_DOMAIN on port /v_tc_0/resetn
WARNING: [BD 41-1284] Cannot set parameter FREQ_HZ on port /rgb2dvi_0/aRst_n
WARNING: [BD 41-1284] Cannot set parameter PHASE on port /rgb2dvi_0/aRst_n
WARNING: [BD 41-1284] Cannot set parameter CLK_DOMAIN on port /rgb2dvi_0/aRst_n
WARNING: [BD 41-1284] Cannot set parameter FREQ_HZ on port /v_axi4s_vid_out_0/aclken
WARNING: [BD 41-1284] Cannot set parameter PHASE on port /v_axi4s_vid_out_0/aclken
WARNING: [BD 41-1284] Cannot set parameter CLK_DOMAIN on port /v_axi4s_vid_out_0/aclken
WARNING: [BD 41-1284] Cannot set parameter FREQ_HZ on port /v_axi4s_vid_out_0/vid_io_out_ce
WARNING: [BD 41-1284] Cannot set parameter PHASE on port /v_axi4s_vid_out_0/vid_io_out_ce
WARNING: [BD 41-1284] Cannot set parameter CLK_DOMAIN on port /v_axi4s_vid_out_0/vid_io_out_ce
WARNING: [BD 41-1284] Cannot set parameter FREQ_HZ on port /v_tc_0/clken
WARNING: [BD 41-1284] Cannot set parameter PHASE on port /v_tc_0/clken
WARNING: [BD 41-1284] Cannot set parameter CLK_DOMAIN on port /v_tc_0/clken
WARNING: [BD 41-1284] Cannot set parameter FREQ_HZ on port /v_axi4s_vid_out_0/aresetn
WARNING: [BD 41-1284] Cannot set parameter PHASE on port /v_axi4s_vid_out_0/aresetn
WARNING: [BD 41-1284] Cannot set parameter CLK_DOMAIN on port /v_axi4s_vid_out_0/aresetn
WARNING: [BD 41-1284] Cannot set parameter FREQ_HZ on port /v_tc_0/resetn
WARNING: [BD 41-1284] Cannot set parameter PHASE on port /v_tc_0/resetn
WARNING: [BD 41-1284] Cannot set parameter CLK_DOMAIN on port /v_tc_0/resetn
WARNING: [BD 41-1284] Cannot set parameter FREQ_HZ on port /rgb2dvi_0/aRst_n
WARNING: [BD 41-1284] Cannot set parameter PHASE on port /rgb2dvi_0/aRst_n
WARNING: [BD 41-1284] Cannot set parameter CLK_DOMAIN on port /rgb2dvi_0/aRst_n
WARNING: [BD 41-1284] Cannot set parameter FREQ_HZ on port /v_axi4s_vid_out_0/aclken
WARNING: [BD 41-1284] Cannot set parameter PHASE on port /v_axi4s_vid_out_0/aclken
WARNING: [BD 41-1284] Cannot set parameter CLK_DOMAIN on port /v_axi4s_vid_out_0/aclken
WARNING: [BD 41-1284] Cannot set parameter FREQ_HZ on port /v_axi4s_vid_out_0/vid_io_out_ce
WARNING: [BD 41-1284] Cannot set parameter PHASE on port /v_axi4s_vid_out_0/vid_io_out_ce
WARNING: [BD 41-1284] Cannot set parameter CLK_DOMAIN on port /v_axi4s_vid_out_0/vid_io_out_ce
WARNING: [BD 41-1284] Cannot set parameter FREQ_HZ on port /v_tc_0/clken
WARNING: [BD 41-1284] Cannot set parameter PHASE on port /v_tc_0/clken
WARNING: [BD 41-1284] Cannot set parameter CLK_DOMAIN on port /v_tc_0/clken
WARNING: [BD 41-1284] Cannot set parameter FREQ_HZ on port /v_axi4s_vid_out_0/aresetn
WARNING: [BD 41-1284] Cannot set parameter PHASE on port /v_axi4s_vid_out_0/aresetn
WARNING: [BD 41-1284] Cannot set parameter CLK_DOMAIN on port /v_axi4s_vid_out_0/aresetn
WARNING: [BD 41-1284] Cannot set parameter FREQ_HZ on port /v_tc_0/resetn
WARNING: [BD 41-1284] Cannot set parameter PHASE on port /v_tc_0/resetn
WARNING: [BD 41-1284] Cannot set parameter CLK_DOMAIN on port /v_tc_0/resetn
WARNING: [BD 41-1284] Cannot set parameter FREQ_HZ on port /rgb2dvi_0/aRst_n
WARNING: [BD 41-1284] Cannot set parameter PHASE on port /rgb2dvi_0/aRst_n
WARNING: [BD 41-1284] Cannot set parameter CLK_DOMAIN on port /rgb2dvi_0/aRst_n
WARNING: [BD 41-1284] Cannot set parameter FREQ_HZ on port /v_axi4s_vid_out_0/aclken
WARNING: [BD 41-1284] Cannot set parameter PHASE on port /v_axi4s_vid_out_0/aclken
WARNING: [BD 41-1284] Cannot set parameter CLK_DOMAIN on port /v_axi4s_vid_out_0/aclken
WARNING: [BD 41-1284] Cannot set parameter FREQ_HZ on port /v_axi4s_vid_out_0/vid_io_out_ce
WARNING: [BD 41-1284] Cannot set parameter PHASE on port /v_axi4s_vid_out_0/vid_io_out_ce
WARNING: [BD 41-1284] Cannot set parameter CLK_DOMAIN on port /v_axi4s_vid_out_0/vid_io_out_ce
WARNING: [BD 41-1284] Cannot set parameter FREQ_HZ on port /v_tc_0/clken
WARNING: [BD 41-1284] Cannot set parameter PHASE on port /v_tc_0/clken
WARNING: [BD 41-1284] Cannot set parameter CLK_DOMAIN on port /v_tc_0/clken
WARNING: [BD 41-1284] Cannot set parameter FREQ_HZ on port /v_axi4s_vid_out_0/aresetn
WARNING: [BD 41-1284] Cannot set parameter PHASE on port /v_axi4s_vid_out_0/aresetn
WARNING: [BD 41-1284] Cannot set parameter CLK_DOMAIN on port /v_axi4s_vid_out_0/aresetn
WARNING: [BD 41-1284] Cannot set parameter FREQ_HZ on port /v_tc_0/resetn
WARNING: [BD 41-1284] Cannot set parameter PHASE on port /v_tc_0/resetn
WARNING: [BD 41-1284] Cannot set parameter CLK_DOMAIN on port /v_tc_0/resetn
WARNING: [BD 41-1284] Cannot set parameter FREQ_HZ on port /rgb2dvi_0/aRst_n
WARNING: [BD 41-1284] Cannot set parameter PHASE on port /rgb2dvi_0/aRst_n
WARNING: [BD 41-1284] Cannot set parameter CLK_DOMAIN on port /rgb2dvi_0/aRst_n
WARNING: [BD 41-1284] Cannot set parameter FREQ_HZ on port /v_axi4s_vid_out_0/aclken
WARNING: [BD 41-1284] Cannot set parameter PHASE on port /v_axi4s_vid_out_0/aclken
WARNING: [BD 41-1284] Cannot set parameter CLK_DOMAIN on port /v_axi4s_vid_out_0/aclken
WARNING: [BD 41-1284] Cannot set parameter FREQ_HZ on port /v_axi4s_vid_out_0/vid_io_out_ce
WARNING: [BD 41-1284] Cannot set parameter PHASE on port /v_axi4s_vid_out_0/vid_io_out_ce
WARNING: [BD 41-1284] Cannot set parameter CLK_DOMAIN on port /v_axi4s_vid_out_0/vid_io_out_ce
WARNING: [BD 41-1284] Cannot set parameter FREQ_HZ on port /v_tc_0/clken
WARNING: [BD 41-1284] Cannot set parameter PHASE on port /v_tc_0/clken
WARNING: [BD 41-1284] Cannot set parameter CLK_DOMAIN on port /v_tc_0/clken
WARNING: [BD 41-1284] Cannot set parameter FREQ_HZ on port /v_axi4s_vid_out_0/aresetn
WARNING: [BD 41-1284] Cannot set parameter PHASE on port /v_axi4s_vid_out_0/aresetn
WARNING: [BD 41-1284] Cannot set parameter CLK_DOMAIN on port /v_axi4s_vid_out_0/aresetn
WARNING: [BD 41-1284] Cannot set parameter FREQ_HZ on port /v_tc_0/resetn
WARNING: [BD 41-1284] Cannot set parameter PHASE on port /v_tc_0/resetn
WARNING: [BD 41-1284] Cannot set parameter CLK_DOMAIN on port /v_tc_0/resetn
WARNING: [BD 41-1284] Cannot set parameter FREQ_HZ on port /rgb2dvi_0/aRst_n
WARNING: [BD 41-1284] Cannot set parameter PHASE on port /rgb2dvi_0/aRst_n
WARNING: [BD 41-1284] Cannot set parameter CLK_DOMAIN on port /rgb2dvi_0/aRst_n
WARNING: [BD 41-1284] Cannot set parameter FREQ_HZ on port /v_axi4s_vid_out_0/aclken
WARNING: [BD 41-1284] Cannot set parameter PHASE on port /v_axi4s_vid_out_0/aclken
WARNING: [BD 41-1284] Cannot set parameter CLK_DOMAIN on port /v_axi4s_vid_out_0/aclken
WARNING: [BD 41-1284] Cannot set parameter FREQ_HZ on port /v_axi4s_vid_out_0/vid_io_out_ce
WARNING: [BD 41-1284] Cannot set parameter PHASE on port /v_axi4s_vid_out_0/vid_io_out_ce
WARNING: [BD 41-1284] Cannot set parameter CLK_DOMAIN on port /v_axi4s_vid_out_0/vid_io_out_ce
WARNING: [BD 41-1284] Cannot set parameter FREQ_HZ on port /v_tc_0/clken
WARNING: [BD 41-1284] Cannot set parameter PHASE on port /v_tc_0/clken
WARNING: [BD 41-1284] Cannot set parameter CLK_DOMAIN on port /v_tc_0/clken
WARNING: [BD 41-1284] Cannot set parameter FREQ_HZ on port /v_axi4s_vid_out_0/aresetn
INFO: [Common 17-14] Message 'BD 41-1284' appears 100 times and further instances of the messages will be disabled. Use the Tcl command set_msg_config to change the current settings.
WARNING: [BD 41-702] Propagation TCL tries to overwrite USER strength parameter PCW_M_AXI_GP0_FREQMHZ(10) on '/processing_system7_0' with propagated value(50). Command ignored
WARNING: [BD 41-702] Propagation TCL tries to overwrite USER strength parameter PCW_S_AXI_HP0_FREQMHZ(10) on '/processing_system7_0' with propagated value(50). Command ignored
WARNING: [BD 41-702] Propagation TCL tries to overwrite USER strength parameter PCW_S_AXI_HP1_FREQMHZ(10) on '/processing_system7_0' with propagated value(50). Command ignored
INFO: [xilinx.com:ip:axi_vdma:6.3-15] /axi_vdma_0 
                    All clocks connected to AXI VDMA are not identical, therefore configuring AXI-VDMA in ASYNC mode.
WARNING: [xilinx.com:ip:axi_vdma:6.3-155] /axi_vdma_0 
                    To get the better performance, ensure AXI Memory Map clock frequency is greater than equal to AXI Streaming clock frequency.
WARNING: [xilinx.com:ip:axi_intc:4.1-13] /axi_intc_0: Interrupt output connection Bus is selected, but the interrupt bus interface is not connected to a matching interface. Please consider selecting Single instead.
INFO: [xilinx.com:ip:clk_wiz:6.0-1] /clk_wiz_0 clk_wiz propagate
INFO: [xilinx.com:ip:clk_wiz:6.0-1] /clk_wiz_0 clk_wiz propagate
Wrote  : <C:\code\RFC-8439-fpga-implementation\AES-Cam-on-PYNQ-Z2-main\AES-Cam-on-PYNQ-Z2-main\AES_SYS\AES_SYS.srcs\sources_1\bd\AES_SYS\AES_SYS.bd> 
WARNING: [BD 41-2384] Width mismatch when connecting pin: '/axi_mem_intercon/m00_couplers/auto_pc/m_axi_rid'(1) to pin: '/axi_mem_intercon/m00_couplers/M_AXI_rid'(6) - Only lower order bits will be connected.
WARNING: [BD 41-2384] Width mismatch when connecting pin: '/axi_mem_intercon/m00_couplers/auto_pc/m_axi_bid'(1) to pin: '/axi_mem_intercon/m00_couplers/M_AXI_bid'(6) - Only lower order bits will be connected.
WARNING: [BD 41-2384] Width mismatch when connecting pin: '/axi_bram_ctrl_0_bram/addra'(32) to pin: '/axi_bram_ctrl_0/bram_addr_a'(18) - Only lower order bits will be connected.
WARNING: [BD 41-2384] Width mismatch when connecting pin: '/axi_bram_ctrl_0_bram1/addra'(32) to pin: '/axi_bram_ctrl_1/bram_addr_a'(18) - Only lower order bits will be connected.
WARNING: [BD 41-2384] Width mismatch when connecting pin: '/processing_system7_0/S_AXI_HP0_AWID'(6) to pin: '/axi_mem_intercon/M00_AXI_awid'(1) - Only lower order bits will be connected.
WARNING: [BD 41-2384] Width mismatch when connecting pin: '/processing_system7_0/S_AXI_HP0_ARID'(6) to pin: '/axi_mem_intercon/M00_AXI_arid'(1) - Only lower order bits will be connected.
WARNING: [BD 41-2384] Width mismatch when connecting pin: '/processing_system7_0/S_AXI_HP0_WID'(6) to pin: '/axi_mem_intercon/M00_AXI_wid'(1) - Only lower order bits will be connected.
Verilog Output written to : c:/code/RFC-8439-fpga-implementation/AES-Cam-on-PYNQ-Z2-main/AES-Cam-on-PYNQ-Z2-main/AES_SYS/AES_SYS.gen/sources_1/bd/AES_SYS/synth/AES_SYS.v
WARNING: [BD 41-2384] Width mismatch when connecting pin: '/axi_mem_intercon/m00_couplers/auto_pc/m_axi_rid'(1) to pin: '/axi_mem_intercon/m00_couplers/M_AXI_rid'(6) - Only lower order bits will be connected.
WARNING: [BD 41-2384] Width mismatch when connecting pin: '/axi_mem_intercon/m00_couplers/auto_pc/m_axi_bid'(1) to pin: '/axi_mem_intercon/m00_couplers/M_AXI_bid'(6) - Only lower order bits will be connected.
WARNING: [BD 41-2384] Width mismatch when connecting pin: '/axi_bram_ctrl_0_bram/addra'(32) to pin: '/axi_bram_ctrl_0/bram_addr_a'(18) - Only lower order bits will be connected.
WARNING: [BD 41-2384] Width mismatch when connecting pin: '/axi_bram_ctrl_0_bram1/addra'(32) to pin: '/axi_bram_ctrl_1/bram_addr_a'(18) - Only lower order bits will be connected.
WARNING: [BD 41-2384] Width mismatch when connecting pin: '/processing_system7_0/S_AXI_HP0_AWID'(6) to pin: '/axi_mem_intercon/M00_AXI_awid'(1) - Only lower order bits will be connected.
WARNING: [BD 41-2384] Width mismatch when connecting pin: '/processing_system7_0/S_AXI_HP0_ARID'(6) to pin: '/axi_mem_intercon/M00_AXI_arid'(1) - Only lower order bits will be connected.
WARNING: [BD 41-2384] Width mismatch when connecting pin: '/processing_system7_0/S_AXI_HP0_WID'(6) to pin: '/axi_mem_intercon/M00_AXI_wid'(1) - Only lower order bits will be connected.
Verilog Output written to : c:/code/RFC-8439-fpga-implementation/AES-Cam-on-PYNQ-Z2-main/AES-Cam-on-PYNQ-Z2-main/AES_SYS/AES_SYS.gen/sources_1/bd/AES_SYS/sim/AES_SYS.v
Verilog Output written to : c:/code/RFC-8439-fpga-implementation/AES-Cam-on-PYNQ-Z2-main/AES-Cam-on-PYNQ-Z2-main/AES_SYS/AES_SYS.gen/sources_1/bd/AES_SYS/hdl/AES_SYS_wrapper.v
WARNING: [IP_Flow 19-4994] Overwriting existing constraint file 'c:/code/RFC-8439-fpga-implementation/AES-Cam-on-PYNQ-Z2-main/AES-Cam-on-PYNQ-Z2-main/AES_SYS/AES_SYS.gen/sources_1/bd/AES_SYS/ip/AES_SYS_auto_pc_12/AES_SYS_auto_pc_12_ooc.xdc'
INFO: [BD 41-1029] Generation completed for the IP Integrator block ps7_0_axi_periph/s00_couplers/auto_pc .
WARNING: [IP_Flow 19-4994] Overwriting existing constraint file 'c:/code/RFC-8439-fpga-implementation/AES-Cam-on-PYNQ-Z2-main/AES-Cam-on-PYNQ-Z2-main/AES_SYS/AES_SYS.gen/sources_1/bd/AES_SYS/ip/AES_SYS_auto_pc_0/AES_SYS_auto_pc_0_ooc.xdc'
INFO: [BD 41-1029] Generation completed for the IP Integrator block ps7_0_axi_periph/m00_couplers/auto_pc .
WARNING: [IP_Flow 19-4994] Overwriting existing constraint file 'c:/code/RFC-8439-fpga-implementation/AES-Cam-on-PYNQ-Z2-main/AES-Cam-on-PYNQ-Z2-main/AES_SYS/AES_SYS.gen/sources_1/bd/AES_SYS/ip/AES_SYS_auto_pc_1/AES_SYS_auto_pc_1_ooc.xdc'
INFO: [BD 41-1029] Generation completed for the IP Integrator block ps7_0_axi_periph/m01_couplers/auto_pc .
WARNING: [IP_Flow 19-4994] Overwriting existing constraint file 'c:/code/RFC-8439-fpga-implementation/AES-Cam-on-PYNQ-Z2-main/AES-Cam-on-PYNQ-Z2-main/AES_SYS/AES_SYS.gen/sources_1/bd/AES_SYS/ip/AES_SYS_auto_pc_2/AES_SYS_auto_pc_2_ooc.xdc'
INFO: [BD 41-1029] Generation completed for the IP Integrator block ps7_0_axi_periph/m02_couplers/auto_pc .
WARNING: [IP_Flow 19-4994] Overwriting existing constraint file 'c:/code/RFC-8439-fpga-implementation/AES-Cam-on-PYNQ-Z2-main/AES-Cam-on-PYNQ-Z2-main/AES_SYS/AES_SYS.gen/sources_1/bd/AES_SYS/ip/AES_SYS_auto_pc_3/AES_SYS_auto_pc_3_ooc.xdc'
INFO: [BD 41-1029] Generation completed for the IP Integrator block ps7_0_axi_periph/m03_couplers/auto_pc .
WARNING: [IP_Flow 19-4994] Overwriting existing constraint file 'c:/code/RFC-8439-fpga-implementation/AES-Cam-on-PYNQ-Z2-main/AES-Cam-on-PYNQ-Z2-main/AES_SYS/AES_SYS.gen/sources_1/bd/AES_SYS/ip/AES_SYS_auto_pc_4/AES_SYS_auto_pc_4_ooc.xdc'
INFO: [BD 41-1029] Generation completed for the IP Integrator block ps7_0_axi_periph/m04_couplers/auto_pc .
WARNING: [IP_Flow 19-4994] Overwriting existing constraint file 'c:/code/RFC-8439-fpga-implementation/AES-Cam-on-PYNQ-Z2-main/AES-Cam-on-PYNQ-Z2-main/AES_SYS/AES_SYS.gen/sources_1/bd/AES_SYS/ip/AES_SYS_auto_pc_5/AES_SYS_auto_pc_5_ooc.xdc'
INFO: [BD 41-1029] Generation completed for the IP Integrator block ps7_0_axi_periph/m05_couplers/auto_pc .
WARNING: [IP_Flow 19-4994] Overwriting existing constraint file 'c:/code/RFC-8439-fpga-implementation/AES-Cam-on-PYNQ-Z2-main/AES-Cam-on-PYNQ-Z2-main/AES_SYS/AES_SYS.gen/sources_1/bd/AES_SYS/ip/AES_SYS_auto_pc_6/AES_SYS_auto_pc_6_ooc.xdc'
INFO: [BD 41-1029] Generation completed for the IP Integrator block ps7_0_axi_periph/m06_couplers/auto_pc .
WARNING: [IP_Flow 19-4994] Overwriting existing constraint file 'c:/code/RFC-8439-fpga-implementation/AES-Cam-on-PYNQ-Z2-main/AES-Cam-on-PYNQ-Z2-main/AES_SYS/AES_SYS.gen/sources_1/bd/AES_SYS/ip/AES_SYS_auto_pc_7/AES_SYS_auto_pc_7_ooc.xdc'
INFO: [BD 41-1029] Generation completed for the IP Integrator block ps7_0_axi_periph/m07_couplers/auto_pc .
WARNING: [IP_Flow 19-4994] Overwriting existing constraint file 'c:/code/RFC-8439-fpga-implementation/AES-Cam-on-PYNQ-Z2-main/AES-Cam-on-PYNQ-Z2-main/AES_SYS/AES_SYS.gen/sources_1/bd/AES_SYS/ip/AES_SYS_auto_pc_8/AES_SYS_auto_pc_8_ooc.xdc'
INFO: [BD 41-1029] Generation completed for the IP Integrator block ps7_0_axi_periph/m08_couplers/auto_pc .
WARNING: [IP_Flow 19-4994] Overwriting existing constraint file 'c:/code/RFC-8439-fpga-implementation/AES-Cam-on-PYNQ-Z2-main/AES-Cam-on-PYNQ-Z2-main/AES_SYS/AES_SYS.gen/sources_1/bd/AES_SYS/ip/AES_SYS_auto_pc_9/AES_SYS_auto_pc_9_ooc.xdc'
INFO: [BD 41-1029] Generation completed for the IP Integrator block ps7_0_axi_periph/m09_couplers/auto_pc .
WARNING: [IP_Flow 19-4994] Overwriting existing constraint file 'c:/code/RFC-8439-fpga-implementation/AES-Cam-on-PYNQ-Z2-main/AES-Cam-on-PYNQ-Z2-main/AES_SYS/AES_SYS.gen/sources_1/bd/AES_SYS/ip/AES_SYS_auto_pc_10/AES_SYS_auto_pc_10_ooc.xdc'
INFO: [BD 41-1029] Generation completed for the IP Integrator block ps7_0_axi_periph/m11_couplers/auto_pc .
WARNING: [IP_Flow 19-4994] Overwriting existing constraint file 'c:/code/RFC-8439-fpga-implementation/AES-Cam-on-PYNQ-Z2-main/AES-Cam-on-PYNQ-Z2-main/AES_SYS/AES_SYS.gen/sources_1/bd/AES_SYS/ip/AES_SYS_auto_pc_11/AES_SYS_auto_pc_11_ooc.xdc'
INFO: [BD 41-1029] Generation completed for the IP Integrator block ps7_0_axi_periph/m13_couplers/auto_pc .
WARNING: [IP_Flow 19-4994] Overwriting existing constraint file 'c:/code/RFC-8439-fpga-implementation/AES-Cam-on-PYNQ-Z2-main/AES-Cam-on-PYNQ-Z2-main/AES_SYS/AES_SYS.gen/sources_1/bd/AES_SYS/ip/AES_SYS_auto_pc_13/AES_SYS_auto_pc_13_ooc.xdc'
INFO: [BD 41-1029] Generation completed for the IP Integrator block axi_mem_intercon/m00_couplers/auto_pc .
WARNING: [IP_Flow 19-4994] Overwriting existing constraint file 'c:/code/RFC-8439-fpga-implementation/AES-Cam-on-PYNQ-Z2-main/AES-Cam-on-PYNQ-Z2-main/AES_SYS/AES_SYS.gen/sources_1/bd/AES_SYS/ip/AES_SYS_auto_us_0/AES_SYS_auto_us_0_ooc.xdc'
INFO: [IP_Flow 19-5611] Unable to find an associated reset port for the interface 'S_AXI'. A default connection has been created.
INFO: [IP_Flow 19-5611] Unable to find an associated reset port for the interface 'M_AXI'. A default connection has been created.
INFO: [BD 41-1029] Generation completed for the IP Integrator block axi_mem_intercon_1/s00_couplers/auto_us .
WARNING: [IP_Flow 19-4994] Overwriting existing constraint file 'c:/code/RFC-8439-fpga-implementation/AES-Cam-on-PYNQ-Z2-main/AES-Cam-on-PYNQ-Z2-main/AES_SYS/AES_SYS.gen/sources_1/bd/AES_SYS/ip/AES_SYS_auto_pc_14/AES_SYS_auto_pc_14_ooc.xdc'
INFO: [BD 41-1029] Generation completed for the IP Integrator block axi_mem_intercon_1/m00_couplers/auto_pc .
WARNING: [IP_Flow 19-4994] Overwriting existing constraint file 'c:/code/RFC-8439-fpga-implementation/AES-Cam-on-PYNQ-Z2-main/AES-Cam-on-PYNQ-Z2-main/AES_SYS/AES_SYS.gen/sources_1/bd/AES_SYS/ip/AES_SYS_auto_ds_0/AES_SYS_auto_ds_0_ooc.xdc'
INFO: [IP_Flow 19-5611] Unable to find an associated reset port for the interface 'S_AXI'. A default connection has been created.
INFO: [IP_Flow 19-5611] Unable to find an associated reset port for the interface 'M_AXI'. A default connection has been created.
INFO: [BD 41-1029] Generation completed for the IP Integrator block axi_mem_intercon_1/m01_couplers/auto_ds .
WARNING: [IP_Flow 19-4994] Overwriting existing constraint file 'c:/code/RFC-8439-fpga-implementation/AES-Cam-on-PYNQ-Z2-main/AES-Cam-on-PYNQ-Z2-main/AES_SYS/AES_SYS.gen/sources_1/bd/AES_SYS/ip/AES_SYS_auto_ds_1/AES_SYS_auto_ds_1_ooc.xdc'
INFO: [IP_Flow 19-5611] Unable to find an associated reset port for the interface 'S_AXI'. A default connection has been created.
INFO: [IP_Flow 19-5611] Unable to find an associated reset port for the interface 'M_AXI'. A default connection has been created.
INFO: [BD 41-1029] Generation completed for the IP Integrator block axi_mem_intercon_1/m02_couplers/auto_ds .
Exporting to file c:/code/RFC-8439-fpga-implementation/AES-Cam-on-PYNQ-Z2-main/AES-Cam-on-PYNQ-Z2-main/AES_SYS/AES_SYS.gen/sources_1/bd/AES_SYS/hw_handoff/AES_SYS.hwh
Generated Hardware Definition File c:/code/RFC-8439-fpga-implementation/AES-Cam-on-PYNQ-Z2-main/AES-Cam-on-PYNQ-Z2-main/AES_SYS/AES_SYS.gen/sources_1/bd/AES_SYS/synth/AES_SYS.hwdef
INFO: [IP_Flow 19-6930] IPCACHE: runCacheChecks() number of threads = 8
INFO: [IP_Flow 19-6921] IPCACHE: Adding cache check func to thread queue for IP AES_SYS_auto_ds_0
INFO: [IP_Flow 19-6921] IPCACHE: Adding cache check func to thread queue for IP AES_SYS_auto_ds_1
INFO: [IP_Flow 19-6921] IPCACHE: Adding cache check func to thread queue for IP AES_SYS_auto_pc_0
INFO: [IP_Flow 19-6921] IPCACHE: Adding cache check func to thread queue for IP AES_SYS_auto_pc_1
INFO: [IP_Flow 19-6921] IPCACHE: Adding cache check func to thread queue for IP AES_SYS_auto_pc_10
INFO: [IP_Flow 19-6921] IPCACHE: Adding cache check func to thread queue for IP AES_SYS_auto_pc_11
INFO: [IP_Flow 19-6921] IPCACHE: Adding cache check func to thread queue for IP AES_SYS_auto_pc_12
INFO: [IP_Flow 19-6921] IPCACHE: Adding cache check func to thread queue for IP AES_SYS_auto_pc_13
INFO: [IP_Flow 19-6921] IPCACHE: Adding cache check func to thread queue for IP AES_SYS_auto_pc_14
INFO: [IP_Flow 19-6921] IPCACHE: Adding cache check func to thread queue for IP AES_SYS_auto_pc_2
INFO: [IP_Flow 19-6921] IPCACHE: Adding cache check func to thread queue for IP AES_SYS_auto_pc_3
INFO: [IP_Flow 19-6921] IPCACHE: Adding cache check func to thread queue for IP AES_SYS_auto_pc_4
INFO: [IP_Flow 19-6921] IPCACHE: Adding cache check func to thread queue for IP AES_SYS_auto_pc_5
INFO: [IP_Flow 19-6921] IPCACHE: Adding cache check func to thread queue for IP AES_SYS_auto_pc_6
INFO: [IP_Flow 19-6921] IPCACHE: Adding cache check func to thread queue for IP AES_SYS_auto_pc_7
INFO: [IP_Flow 19-6921] IPCACHE: Adding cache check func to thread queue for IP AES_SYS_auto_pc_8
INFO: [IP_Flow 19-6921] IPCACHE: Adding cache check func to thread queue for IP AES_SYS_auto_pc_9
INFO: [IP_Flow 19-6921] IPCACHE: Adding cache check func to thread queue for IP AES_SYS_auto_us_0
INFO: [IP_Flow 19-8020] IPCACHE: runCacheChecks() calling threadPool finishWork()
INFO: [IP_Flow 19-6924] IPCACHE: Running cache check for IP inst: AES_SYS_auto_ds_0
INFO: [IP_Flow 19-6922] IPCACHE: Exporting cached entry f9503eb3174c7348 to dir: c:/code/RFC-8439-fpga-implementation/AES-Cam-on-PYNQ-Z2-main/AES-Cam-on-PYNQ-Z2-main/AES_SYS/AES_SYS.gen/sources_1/bd/AES_SYS/ip/AES_SYS_auto_ds_0
INFO: [IP_Flow 19-6928] IPCACHE: copied cached file c:/code/RFC-8439-fpga-implementation/AES-Cam-on-PYNQ-Z2-main/AES-Cam-on-PYNQ-Z2-main/AES_SYS/AES_SYS.cache/ip/2023.2/f/9/f9503eb3174c7348/AES_SYS_auto_ds_0.dcp to c:/code/RFC-8439-fpga-implementation/AES-Cam-on-PYNQ-Z2-main/AES-Cam-on-PYNQ-Z2-main/AES_SYS/AES_SYS.gen/sources_1/bd/AES_SYS/ip/AES_SYS_auto_ds_0/AES_SYS_auto_ds_0.dcp.
INFO: [IP_Flow 19-6926] IPCACHE: added file to list for BOM: c:/code/RFC-8439-fpga-implementation/AES-Cam-on-PYNQ-Z2-main/AES-Cam-on-PYNQ-Z2-main/AES_SYS/AES_SYS.gen/sources_1/bd/AES_SYS/ip/AES_SYS_auto_ds_0/AES_SYS_auto_ds_0.dcp
INFO: [IP_Flow 19-6928] IPCACHE: copied cached file c:/code/RFC-8439-fpga-implementation/AES-Cam-on-PYNQ-Z2-main/AES-Cam-on-PYNQ-Z2-main/AES_SYS/AES_SYS.cache/ip/2023.2/f/9/f9503eb3174c7348/AES_SYS_auto_ds_0_sim_netlist.v to c:/code/RFC-8439-fpga-implementation/AES-Cam-on-PYNQ-Z2-main/AES-Cam-on-PYNQ-Z2-main/AES_SYS/AES_SYS.gen/sources_1/bd/AES_SYS/ip/AES_SYS_auto_ds_0/AES_SYS_auto_ds_0_sim_netlist.v.
INFO: [IP_Flow 19-6926] IPCACHE: added file to list for BOM: c:/code/RFC-8439-fpga-implementation/AES-Cam-on-PYNQ-Z2-main/AES-Cam-on-PYNQ-Z2-main/AES_SYS/AES_SYS.gen/sources_1/bd/AES_SYS/ip/AES_SYS_auto_ds_0/AES_SYS_auto_ds_0_sim_netlist.v
INFO: [IP_Flow 19-6928] IPCACHE: copied cached file c:/code/RFC-8439-fpga-implementation/AES-Cam-on-PYNQ-Z2-main/AES-Cam-on-PYNQ-Z2-main/AES_SYS/AES_SYS.cache/ip/2023.2/f/9/f9503eb3174c7348/AES_SYS_auto_ds_0_sim_netlist.vhdl to c:/code/RFC-8439-fpga-implementation/AES-Cam-on-PYNQ-Z2-main/AES-Cam-on-PYNQ-Z2-main/AES_SYS/AES_SYS.gen/sources_1/bd/AES_SYS/ip/AES_SYS_auto_ds_0/AES_SYS_auto_ds_0_sim_netlist.vhdl.
INFO: [IP_Flow 19-6926] IPCACHE: added file to list for BOM: c:/code/RFC-8439-fpga-implementation/AES-Cam-on-PYNQ-Z2-main/AES-Cam-on-PYNQ-Z2-main/AES_SYS/AES_SYS.gen/sources_1/bd/AES_SYS/ip/AES_SYS_auto_ds_0/AES_SYS_auto_ds_0_sim_netlist.vhdl
INFO: [IP_Flow 19-6928] IPCACHE: copied cached file c:/code/RFC-8439-fpga-implementation/AES-Cam-on-PYNQ-Z2-main/AES-Cam-on-PYNQ-Z2-main/AES_SYS/AES_SYS.cache/ip/2023.2/f/9/f9503eb3174c7348/AES_SYS_auto_ds_0_stub.v to c:/code/RFC-8439-fpga-implementation/AES-Cam-on-PYNQ-Z2-main/AES-Cam-on-PYNQ-Z2-main/AES_SYS/AES_SYS.gen/sources_1/bd/AES_SYS/ip/AES_SYS_auto_ds_0/AES_SYS_auto_ds_0_stub.v.
INFO: [IP_Flow 19-6926] IPCACHE: added file to list for BOM: c:/code/RFC-8439-fpga-implementation/AES-Cam-on-PYNQ-Z2-main/AES-Cam-on-PYNQ-Z2-main/AES_SYS/AES_SYS.gen/sources_1/bd/AES_SYS/ip/AES_SYS_auto_ds_0/AES_SYS_auto_ds_0_stub.v
INFO: [IP_Flow 19-6928] IPCACHE: copied cached file c:/code/RFC-8439-fpga-implementation/AES-Cam-on-PYNQ-Z2-main/AES-Cam-on-PYNQ-Z2-main/AES_SYS/AES_SYS.cache/ip/2023.2/f/9/f9503eb3174c7348/AES_SYS_auto_ds_0_stub.vhdl to c:/code/RFC-8439-fpga-implementation/AES-Cam-on-PYNQ-Z2-main/AES-Cam-on-PYNQ-Z2-main/AES_SYS/AES_SYS.gen/sources_1/bd/AES_SYS/ip/AES_SYS_auto_ds_0/AES_SYS_auto_ds_0_stub.vhdl.
INFO: [IP_Flow 19-6926] IPCACHE: added file to list for BOM: c:/code/RFC-8439-fpga-implementation/AES-Cam-on-PYNQ-Z2-main/AES-Cam-on-PYNQ-Z2-main/AES_SYS/AES_SYS.gen/sources_1/bd/AES_SYS/ip/AES_SYS_auto_ds_0/AES_SYS_auto_ds_0_stub.vhdl
INFO: [IP_Flow 19-4993] Using cached IP synthesis design for IP AES_SYS_auto_ds_0, cache-ID = f9503eb3174c7348; cache size = 173.665 MB.
INFO: [IP_Flow 19-6924] IPCACHE: Running cache check for IP inst: AES_SYS_auto_pc_6
INFO: [IP_Flow 19-6922] IPCACHE: Exporting cached entry 3bc72d579e6ad5e4 to dir: c:/code/RFC-8439-fpga-implementation/AES-Cam-on-PYNQ-Z2-main/AES-Cam-on-PYNQ-Z2-main/AES_SYS/AES_SYS.gen/sources_1/bd/AES_SYS/ip/AES_SYS_auto_pc_6
INFO: [IP_Flow 19-6928] IPCACHE: copied cached file c:/code/RFC-8439-fpga-implementation/AES-Cam-on-PYNQ-Z2-main/AES-Cam-on-PYNQ-Z2-main/AES_SYS/AES_SYS.cache/ip/2023.2/3/b/3bc72d579e6ad5e4/AES_SYS_auto_pc_0.dcp to c:/code/RFC-8439-fpga-implementation/AES-Cam-on-PYNQ-Z2-main/AES-Cam-on-PYNQ-Z2-main/AES_SYS/AES_SYS.gen/sources_1/bd/AES_SYS/ip/AES_SYS_auto_pc_6/AES_SYS_auto_pc_6.dcp.
INFO: [IP_Flow 19-6926] IPCACHE: added file to list for BOM: c:/code/RFC-8439-fpga-implementation/AES-Cam-on-PYNQ-Z2-main/AES-Cam-on-PYNQ-Z2-main/AES_SYS/AES_SYS.gen/sources_1/bd/AES_SYS/ip/AES_SYS_auto_pc_6/AES_SYS_auto_pc_6.dcp
INFO: [IP_Flow 19-6928] IPCACHE: copied cached file c:/code/RFC-8439-fpga-implementation/AES-Cam-on-PYNQ-Z2-main/AES-Cam-on-PYNQ-Z2-main/AES_SYS/AES_SYS.cache/ip/2023.2/3/b/3bc72d579e6ad5e4/AES_SYS_auto_pc_0_sim_netlist.v to c:/code/RFC-8439-fpga-implementation/AES-Cam-on-PYNQ-Z2-main/AES-Cam-on-PYNQ-Z2-main/AES_SYS/AES_SYS.gen/sources_1/bd/AES_SYS/ip/AES_SYS_auto_pc_6/AES_SYS_auto_pc_6_sim_netlist.v.
INFO: [IP_Flow 19-6926] IPCACHE: added file to list for BOM: c:/code/RFC-8439-fpga-implementation/AES-Cam-on-PYNQ-Z2-main/AES-Cam-on-PYNQ-Z2-main/AES_SYS/AES_SYS.gen/sources_1/bd/AES_SYS/ip/AES_SYS_auto_pc_6/AES_SYS_auto_pc_6_sim_netlist.v
INFO: [IP_Flow 19-6928] IPCACHE: copied cached file c:/code/RFC-8439-fpga-implementation/AES-Cam-on-PYNQ-Z2-main/AES-Cam-on-PYNQ-Z2-main/AES_SYS/AES_SYS.cache/ip/2023.2/3/b/3bc72d579e6ad5e4/AES_SYS_auto_pc_0_sim_netlist.vhdl to c:/code/RFC-8439-fpga-implementation/AES-Cam-on-PYNQ-Z2-main/AES-Cam-on-PYNQ-Z2-main/AES_SYS/AES_SYS.gen/sources_1/bd/AES_SYS/ip/AES_SYS_auto_pc_6/AES_SYS_auto_pc_6_sim_netlist.vhdl.
INFO: [IP_Flow 19-6926] IPCACHE: added file to list for BOM: c:/code/RFC-8439-fpga-implementation/AES-Cam-on-PYNQ-Z2-main/AES-Cam-on-PYNQ-Z2-main/AES_SYS/AES_SYS.gen/sources_1/bd/AES_SYS/ip/AES_SYS_auto_pc_6/AES_SYS_auto_pc_6_sim_netlist.vhdl
INFO: [IP_Flow 19-6928] IPCACHE: copied cached file c:/code/RFC-8439-fpga-implementation/AES-Cam-on-PYNQ-Z2-main/AES-Cam-on-PYNQ-Z2-main/AES_SYS/AES_SYS.cache/ip/2023.2/3/b/3bc72d579e6ad5e4/AES_SYS_auto_pc_0_stub.v to c:/code/RFC-8439-fpga-implementation/AES-Cam-on-PYNQ-Z2-main/AES-Cam-on-PYNQ-Z2-main/AES_SYS/AES_SYS.gen/sources_1/bd/AES_SYS/ip/AES_SYS_auto_pc_6/AES_SYS_auto_pc_6_stub.v.
INFO: [IP_Flow 19-6926] IPCACHE: added file to list for BOM: c:/code/RFC-8439-fpga-implementation/AES-Cam-on-PYNQ-Z2-main/AES-Cam-on-PYNQ-Z2-main/AES_SYS/AES_SYS.gen/sources_1/bd/AES_SYS/ip/AES_SYS_auto_pc_6/AES_SYS_auto_pc_6_stub.v
INFO: [IP_Flow 19-6928] IPCACHE: copied cached file c:/code/RFC-8439-fpga-implementation/AES-Cam-on-PYNQ-Z2-main/AES-Cam-on-PYNQ-Z2-main/AES_SYS/AES_SYS.cache/ip/2023.2/3/b/3bc72d579e6ad5e4/AES_SYS_auto_pc_0_stub.vhdl to c:/code/RFC-8439-fpga-implementation/AES-Cam-on-PYNQ-Z2-main/AES-Cam-on-PYNQ-Z2-main/AES_SYS/AES_SYS.gen/sources_1/bd/AES_SYS/ip/AES_SYS_auto_pc_6/AES_SYS_auto_pc_6_stub.vhdl.
INFO: [IP_Flow 19-6926] IPCACHE: added file to list for BOM: c:/code/RFC-8439-fpga-implementation/AES-Cam-on-PYNQ-Z2-main/AES-Cam-on-PYNQ-Z2-main/AES_SYS/AES_SYS.gen/sources_1/bd/AES_SYS/ip/AES_SYS_auto_pc_6/AES_SYS_auto_pc_6_stub.vhdl
INFO: [IP_Flow 19-4993] Using cached IP synthesis design for IP AES_SYS_auto_pc_6, cache-ID = 3bc72d579e6ad5e4; cache size = 173.665 MB.
INFO: [IP_Flow 19-6924] IPCACHE: Running cache check for IP inst: AES_SYS_auto_ds_1
INFO: [IP_Flow 19-6922] IPCACHE: Exporting cached entry f9503eb3174c7348 to dir: c:/code/RFC-8439-fpga-implementation/AES-Cam-on-PYNQ-Z2-main/AES-Cam-on-PYNQ-Z2-main/AES_SYS/AES_SYS.gen/sources_1/bd/AES_SYS/ip/AES_SYS_auto_ds_1
INFO: [IP_Flow 19-6928] IPCACHE: copied cached file c:/code/RFC-8439-fpga-implementation/AES-Cam-on-PYNQ-Z2-main/AES-Cam-on-PYNQ-Z2-main/AES_SYS/AES_SYS.cache/ip/2023.2/f/9/f9503eb3174c7348/AES_SYS_auto_ds_0.dcp to c:/code/RFC-8439-fpga-implementation/AES-Cam-on-PYNQ-Z2-main/AES-Cam-on-PYNQ-Z2-main/AES_SYS/AES_SYS.gen/sources_1/bd/AES_SYS/ip/AES_SYS_auto_ds_1/AES_SYS_auto_ds_1.dcp.
INFO: [IP_Flow 19-6926] IPCACHE: added file to list for BOM: c:/code/RFC-8439-fpga-implementation/AES-Cam-on-PYNQ-Z2-main/AES-Cam-on-PYNQ-Z2-main/AES_SYS/AES_SYS.gen/sources_1/bd/AES_SYS/ip/AES_SYS_auto_ds_1/AES_SYS_auto_ds_1.dcp
INFO: [IP_Flow 19-6928] IPCACHE: copied cached file c:/code/RFC-8439-fpga-implementation/AES-Cam-on-PYNQ-Z2-main/AES-Cam-on-PYNQ-Z2-main/AES_SYS/AES_SYS.cache/ip/2023.2/f/9/f9503eb3174c7348/AES_SYS_auto_ds_0_sim_netlist.v to c:/code/RFC-8439-fpga-implementation/AES-Cam-on-PYNQ-Z2-main/AES-Cam-on-PYNQ-Z2-main/AES_SYS/AES_SYS.gen/sources_1/bd/AES_SYS/ip/AES_SYS_auto_ds_1/AES_SYS_auto_ds_1_sim_netlist.v.
INFO: [IP_Flow 19-6926] IPCACHE: added file to list for BOM: c:/code/RFC-8439-fpga-implementation/AES-Cam-on-PYNQ-Z2-main/AES-Cam-on-PYNQ-Z2-main/AES_SYS/AES_SYS.gen/sources_1/bd/AES_SYS/ip/AES_SYS_auto_ds_1/AES_SYS_auto_ds_1_sim_netlist.v
INFO: [IP_Flow 19-6928] IPCACHE: copied cached file c:/code/RFC-8439-fpga-implementation/AES-Cam-on-PYNQ-Z2-main/AES-Cam-on-PYNQ-Z2-main/AES_SYS/AES_SYS.cache/ip/2023.2/f/9/f9503eb3174c7348/AES_SYS_auto_ds_0_sim_netlist.vhdl to c:/code/RFC-8439-fpga-implementation/AES-Cam-on-PYNQ-Z2-main/AES-Cam-on-PYNQ-Z2-main/AES_SYS/AES_SYS.gen/sources_1/bd/AES_SYS/ip/AES_SYS_auto_ds_1/AES_SYS_auto_ds_1_sim_netlist.vhdl.
INFO: [IP_Flow 19-6926] IPCACHE: added file to list for BOM: c:/code/RFC-8439-fpga-implementation/AES-Cam-on-PYNQ-Z2-main/AES-Cam-on-PYNQ-Z2-main/AES_SYS/AES_SYS.gen/sources_1/bd/AES_SYS/ip/AES_SYS_auto_ds_1/AES_SYS_auto_ds_1_sim_netlist.vhdl
INFO: [IP_Flow 19-6928] IPCACHE: copied cached file c:/code/RFC-8439-fpga-implementation/AES-Cam-on-PYNQ-Z2-main/AES-Cam-on-PYNQ-Z2-main/AES_SYS/AES_SYS.cache/ip/2023.2/f/9/f9503eb3174c7348/AES_SYS_auto_ds_0_stub.v to c:/code/RFC-8439-fpga-implementation/AES-Cam-on-PYNQ-Z2-main/AES-Cam-on-PYNQ-Z2-main/AES_SYS/AES_SYS.gen/sources_1/bd/AES_SYS/ip/AES_SYS_auto_ds_1/AES_SYS_auto_ds_1_stub.v.
INFO: [IP_Flow 19-6926] IPCACHE: added file to list for BOM: c:/code/RFC-8439-fpga-implementation/AES-Cam-on-PYNQ-Z2-main/AES-Cam-on-PYNQ-Z2-main/AES_SYS/AES_SYS.gen/sources_1/bd/AES_SYS/ip/AES_SYS_auto_ds_1/AES_SYS_auto_ds_1_stub.v
INFO: [IP_Flow 19-6928] IPCACHE: copied cached file c:/code/RFC-8439-fpga-implementation/AES-Cam-on-PYNQ-Z2-main/AES-Cam-on-PYNQ-Z2-main/AES_SYS/AES_SYS.cache/ip/2023.2/f/9/f9503eb3174c7348/AES_SYS_auto_ds_0_stub.vhdl to c:/code/RFC-8439-fpga-implementation/AES-Cam-on-PYNQ-Z2-main/AES-Cam-on-PYNQ-Z2-main/AES_SYS/AES_SYS.gen/sources_1/bd/AES_SYS/ip/AES_SYS_auto_ds_1/AES_SYS_auto_ds_1_stub.vhdl.
INFO: [IP_Flow 19-6926] IPCACHE: added file to list for BOM: c:/code/RFC-8439-fpga-implementation/AES-Cam-on-PYNQ-Z2-main/AES-Cam-on-PYNQ-Z2-main/AES_SYS/AES_SYS.gen/sources_1/bd/AES_SYS/ip/AES_SYS_auto_ds_1/AES_SYS_auto_ds_1_stub.vhdl
INFO: [IP_Flow 19-4993] Using cached IP synthesis design for IP AES_SYS_auto_ds_1, cache-ID = f9503eb3174c7348; cache size = 173.665 MB.
INFO: [IP_Flow 19-6924] IPCACHE: Running cache check for IP inst: AES_SYS_auto_pc_0
INFO: [IP_Flow 19-6922] IPCACHE: Exporting cached entry 3bc72d579e6ad5e4 to dir: c:/code/RFC-8439-fpga-implementation/AES-Cam-on-PYNQ-Z2-main/AES-Cam-on-PYNQ-Z2-main/AES_SYS/AES_SYS.gen/sources_1/bd/AES_SYS/ip/AES_SYS_auto_pc_0
INFO: [IP_Flow 19-6928] IPCACHE: copied cached file c:/code/RFC-8439-fpga-implementation/AES-Cam-on-PYNQ-Z2-main/AES-Cam-on-PYNQ-Z2-main/AES_SYS/AES_SYS.cache/ip/2023.2/3/b/3bc72d579e6ad5e4/AES_SYS_auto_pc_0.dcp to c:/code/RFC-8439-fpga-implementation/AES-Cam-on-PYNQ-Z2-main/AES-Cam-on-PYNQ-Z2-main/AES_SYS/AES_SYS.gen/sources_1/bd/AES_SYS/ip/AES_SYS_auto_pc_0/AES_SYS_auto_pc_0.dcp.
INFO: [IP_Flow 19-6926] IPCACHE: added file to list for BOM: c:/code/RFC-8439-fpga-implementation/AES-Cam-on-PYNQ-Z2-main/AES-Cam-on-PYNQ-Z2-main/AES_SYS/AES_SYS.gen/sources_1/bd/AES_SYS/ip/AES_SYS_auto_pc_0/AES_SYS_auto_pc_0.dcp
INFO: [IP_Flow 19-6928] IPCACHE: copied cached file c:/code/RFC-8439-fpga-implementation/AES-Cam-on-PYNQ-Z2-main/AES-Cam-on-PYNQ-Z2-main/AES_SYS/AES_SYS.cache/ip/2023.2/3/b/3bc72d579e6ad5e4/AES_SYS_auto_pc_0_sim_netlist.v to c:/code/RFC-8439-fpga-implementation/AES-Cam-on-PYNQ-Z2-main/AES-Cam-on-PYNQ-Z2-main/AES_SYS/AES_SYS.gen/sources_1/bd/AES_SYS/ip/AES_SYS_auto_pc_0/AES_SYS_auto_pc_0_sim_netlist.v.
INFO: [IP_Flow 19-6926] IPCACHE: added file to list for BOM: c:/code/RFC-8439-fpga-implementation/AES-Cam-on-PYNQ-Z2-main/AES-Cam-on-PYNQ-Z2-main/AES_SYS/AES_SYS.gen/sources_1/bd/AES_SYS/ip/AES_SYS_auto_pc_0/AES_SYS_auto_pc_0_sim_netlist.v
INFO: [IP_Flow 19-6928] IPCACHE: copied cached file c:/code/RFC-8439-fpga-implementation/AES-Cam-on-PYNQ-Z2-main/AES-Cam-on-PYNQ-Z2-main/AES_SYS/AES_SYS.cache/ip/2023.2/3/b/3bc72d579e6ad5e4/AES_SYS_auto_pc_0_sim_netlist.vhdl to c:/code/RFC-8439-fpga-implementation/AES-Cam-on-PYNQ-Z2-main/AES-Cam-on-PYNQ-Z2-main/AES_SYS/AES_SYS.gen/sources_1/bd/AES_SYS/ip/AES_SYS_auto_pc_0/AES_SYS_auto_pc_0_sim_netlist.vhdl.
INFO: [IP_Flow 19-6926] IPCACHE: added file to list for BOM: c:/code/RFC-8439-fpga-implementation/AES-Cam-on-PYNQ-Z2-main/AES-Cam-on-PYNQ-Z2-main/AES_SYS/AES_SYS.gen/sources_1/bd/AES_SYS/ip/AES_SYS_auto_pc_0/AES_SYS_auto_pc_0_sim_netlist.vhdl
INFO: [IP_Flow 19-6928] IPCACHE: copied cached file c:/code/RFC-8439-fpga-implementation/AES-Cam-on-PYNQ-Z2-main/AES-Cam-on-PYNQ-Z2-main/AES_SYS/AES_SYS.cache/ip/2023.2/3/b/3bc72d579e6ad5e4/AES_SYS_auto_pc_0_stub.v to c:/code/RFC-8439-fpga-implementation/AES-Cam-on-PYNQ-Z2-main/AES-Cam-on-PYNQ-Z2-main/AES_SYS/AES_SYS.gen/sources_1/bd/AES_SYS/ip/AES_SYS_auto_pc_0/AES_SYS_auto_pc_0_stub.v.
INFO: [IP_Flow 19-6926] IPCACHE: added file to list for BOM: c:/code/RFC-8439-fpga-implementation/AES-Cam-on-PYNQ-Z2-main/AES-Cam-on-PYNQ-Z2-main/AES_SYS/AES_SYS.gen/sources_1/bd/AES_SYS/ip/AES_SYS_auto_pc_0/AES_SYS_auto_pc_0_stub.v
INFO: [IP_Flow 19-6928] IPCACHE: copied cached file c:/code/RFC-8439-fpga-implementation/AES-Cam-on-PYNQ-Z2-main/AES-Cam-on-PYNQ-Z2-main/AES_SYS/AES_SYS.cache/ip/2023.2/3/b/3bc72d579e6ad5e4/AES_SYS_auto_pc_0_stub.vhdl to c:/code/RFC-8439-fpga-implementation/AES-Cam-on-PYNQ-Z2-main/AES-Cam-on-PYNQ-Z2-main/AES_SYS/AES_SYS.gen/sources_1/bd/AES_SYS/ip/AES_SYS_auto_pc_0/AES_SYS_auto_pc_0_stub.vhdl.
INFO: [IP_Flow 19-6926] IPCACHE: added file to list for BOM: c:/code/RFC-8439-fpga-implementation/AES-Cam-on-PYNQ-Z2-main/AES-Cam-on-PYNQ-Z2-main/AES_SYS/AES_SYS.gen/sources_1/bd/AES_SYS/ip/AES_SYS_auto_pc_0/AES_SYS_auto_pc_0_stub.vhdl
INFO: [IP_Flow 19-4993] Using cached IP synthesis design for IP AES_SYS_auto_pc_0, cache-ID = 3bc72d579e6ad5e4; cache size = 173.665 MB.
INFO: [IP_Flow 19-6924] IPCACHE: Running cache check for IP inst: AES_SYS_auto_pc_4
INFO: [IP_Flow 19-6922] IPCACHE: Exporting cached entry 3bc72d579e6ad5e4 to dir: c:/code/RFC-8439-fpga-implementation/AES-Cam-on-PYNQ-Z2-main/AES-Cam-on-PYNQ-Z2-main/AES_SYS/AES_SYS.gen/sources_1/bd/AES_SYS/ip/AES_SYS_auto_pc_4
INFO: [IP_Flow 19-6928] IPCACHE: copied cached file c:/code/RFC-8439-fpga-implementation/AES-Cam-on-PYNQ-Z2-main/AES-Cam-on-PYNQ-Z2-main/AES_SYS/AES_SYS.cache/ip/2023.2/3/b/3bc72d579e6ad5e4/AES_SYS_auto_pc_0.dcp to c:/code/RFC-8439-fpga-implementation/AES-Cam-on-PYNQ-Z2-main/AES-Cam-on-PYNQ-Z2-main/AES_SYS/AES_SYS.gen/sources_1/bd/AES_SYS/ip/AES_SYS_auto_pc_4/AES_SYS_auto_pc_4.dcp.
INFO: [IP_Flow 19-6926] IPCACHE: added file to list for BOM: c:/code/RFC-8439-fpga-implementation/AES-Cam-on-PYNQ-Z2-main/AES-Cam-on-PYNQ-Z2-main/AES_SYS/AES_SYS.gen/sources_1/bd/AES_SYS/ip/AES_SYS_auto_pc_4/AES_SYS_auto_pc_4.dcp
INFO: [IP_Flow 19-6928] IPCACHE: copied cached file c:/code/RFC-8439-fpga-implementation/AES-Cam-on-PYNQ-Z2-main/AES-Cam-on-PYNQ-Z2-main/AES_SYS/AES_SYS.cache/ip/2023.2/3/b/3bc72d579e6ad5e4/AES_SYS_auto_pc_0_sim_netlist.v to c:/code/RFC-8439-fpga-implementation/AES-Cam-on-PYNQ-Z2-main/AES-Cam-on-PYNQ-Z2-main/AES_SYS/AES_SYS.gen/sources_1/bd/AES_SYS/ip/AES_SYS_auto_pc_4/AES_SYS_auto_pc_4_sim_netlist.v.
INFO: [IP_Flow 19-6926] IPCACHE: added file to list for BOM: c:/code/RFC-8439-fpga-implementation/AES-Cam-on-PYNQ-Z2-main/AES-Cam-on-PYNQ-Z2-main/AES_SYS/AES_SYS.gen/sources_1/bd/AES_SYS/ip/AES_SYS_auto_pc_4/AES_SYS_auto_pc_4_sim_netlist.v
INFO: [IP_Flow 19-6928] IPCACHE: copied cached file c:/code/RFC-8439-fpga-implementation/AES-Cam-on-PYNQ-Z2-main/AES-Cam-on-PYNQ-Z2-main/AES_SYS/AES_SYS.cache/ip/2023.2/3/b/3bc72d579e6ad5e4/AES_SYS_auto_pc_0_sim_netlist.vhdl to c:/code/RFC-8439-fpga-implementation/AES-Cam-on-PYNQ-Z2-main/AES-Cam-on-PYNQ-Z2-main/AES_SYS/AES_SYS.gen/sources_1/bd/AES_SYS/ip/AES_SYS_auto_pc_4/AES_SYS_auto_pc_4_sim_netlist.vhdl.
INFO: [IP_Flow 19-6926] IPCACHE: added file to list for BOM: c:/code/RFC-8439-fpga-implementation/AES-Cam-on-PYNQ-Z2-main/AES-Cam-on-PYNQ-Z2-main/AES_SYS/AES_SYS.gen/sources_1/bd/AES_SYS/ip/AES_SYS_auto_pc_4/AES_SYS_auto_pc_4_sim_netlist.vhdl
INFO: [IP_Flow 19-6928] IPCACHE: copied cached file c:/code/RFC-8439-fpga-implementation/AES-Cam-on-PYNQ-Z2-main/AES-Cam-on-PYNQ-Z2-main/AES_SYS/AES_SYS.cache/ip/2023.2/3/b/3bc72d579e6ad5e4/AES_SYS_auto_pc_0_stub.v to c:/code/RFC-8439-fpga-implementation/AES-Cam-on-PYNQ-Z2-main/AES-Cam-on-PYNQ-Z2-main/AES_SYS/AES_SYS.gen/sources_1/bd/AES_SYS/ip/AES_SYS_auto_pc_4/AES_SYS_auto_pc_4_stub.v.
INFO: [IP_Flow 19-6926] IPCACHE: added file to list for BOM: c:/code/RFC-8439-fpga-implementation/AES-Cam-on-PYNQ-Z2-main/AES-Cam-on-PYNQ-Z2-main/AES_SYS/AES_SYS.gen/sources_1/bd/AES_SYS/ip/AES_SYS_auto_pc_4/AES_SYS_auto_pc_4_stub.v
INFO: [IP_Flow 19-6928] IPCACHE: copied cached file c:/code/RFC-8439-fpga-implementation/AES-Cam-on-PYNQ-Z2-main/AES-Cam-on-PYNQ-Z2-main/AES_SYS/AES_SYS.cache/ip/2023.2/3/b/3bc72d579e6ad5e4/AES_SYS_auto_pc_0_stub.vhdl to c:/code/RFC-8439-fpga-implementation/AES-Cam-on-PYNQ-Z2-main/AES-Cam-on-PYNQ-Z2-main/AES_SYS/AES_SYS.gen/sources_1/bd/AES_SYS/ip/AES_SYS_auto_pc_4/AES_SYS_auto_pc_4_stub.vhdl.
INFO: [IP_Flow 19-6926] IPCACHE: added file to list for BOM: c:/code/RFC-8439-fpga-implementation/AES-Cam-on-PYNQ-Z2-main/AES-Cam-on-PYNQ-Z2-main/AES_SYS/AES_SYS.gen/sources_1/bd/AES_SYS/ip/AES_SYS_auto_pc_4/AES_SYS_auto_pc_4_stub.vhdl
INFO: [IP_Flow 19-4993] Using cached IP synthesis design for IP AES_SYS_auto_pc_4, cache-ID = 3bc72d579e6ad5e4; cache size = 173.665 MB.
INFO: [IP_Flow 19-6924] IPCACHE: Running cache check for IP inst: AES_SYS_auto_pc_1
INFO: [IP_Flow 19-6922] IPCACHE: Exporting cached entry 3bc72d579e6ad5e4 to dir: c:/code/RFC-8439-fpga-implementation/AES-Cam-on-PYNQ-Z2-main/AES-Cam-on-PYNQ-Z2-main/AES_SYS/AES_SYS.gen/sources_1/bd/AES_SYS/ip/AES_SYS_auto_pc_1
INFO: [IP_Flow 19-6928] IPCACHE: copied cached file c:/code/RFC-8439-fpga-implementation/AES-Cam-on-PYNQ-Z2-main/AES-Cam-on-PYNQ-Z2-main/AES_SYS/AES_SYS.cache/ip/2023.2/3/b/3bc72d579e6ad5e4/AES_SYS_auto_pc_0.dcp to c:/code/RFC-8439-fpga-implementation/AES-Cam-on-PYNQ-Z2-main/AES-Cam-on-PYNQ-Z2-main/AES_SYS/AES_SYS.gen/sources_1/bd/AES_SYS/ip/AES_SYS_auto_pc_1/AES_SYS_auto_pc_1.dcp.
INFO: [IP_Flow 19-6926] IPCACHE: added file to list for BOM: c:/code/RFC-8439-fpga-implementation/AES-Cam-on-PYNQ-Z2-main/AES-Cam-on-PYNQ-Z2-main/AES_SYS/AES_SYS.gen/sources_1/bd/AES_SYS/ip/AES_SYS_auto_pc_1/AES_SYS_auto_pc_1.dcp
INFO: [IP_Flow 19-6928] IPCACHE: copied cached file c:/code/RFC-8439-fpga-implementation/AES-Cam-on-PYNQ-Z2-main/AES-Cam-on-PYNQ-Z2-main/AES_SYS/AES_SYS.cache/ip/2023.2/3/b/3bc72d579e6ad5e4/AES_SYS_auto_pc_0_sim_netlist.v to c:/code/RFC-8439-fpga-implementation/AES-Cam-on-PYNQ-Z2-main/AES-Cam-on-PYNQ-Z2-main/AES_SYS/AES_SYS.gen/sources_1/bd/AES_SYS/ip/AES_SYS_auto_pc_1/AES_SYS_auto_pc_1_sim_netlist.v.
INFO: [IP_Flow 19-6926] IPCACHE: added file to list for BOM: c:/code/RFC-8439-fpga-implementation/AES-Cam-on-PYNQ-Z2-main/AES-Cam-on-PYNQ-Z2-main/AES_SYS/AES_SYS.gen/sources_1/bd/AES_SYS/ip/AES_SYS_auto_pc_1/AES_SYS_auto_pc_1_sim_netlist.v
INFO: [IP_Flow 19-6928] IPCACHE: copied cached file c:/code/RFC-8439-fpga-implementation/AES-Cam-on-PYNQ-Z2-main/AES-Cam-on-PYNQ-Z2-main/AES_SYS/AES_SYS.cache/ip/2023.2/3/b/3bc72d579e6ad5e4/AES_SYS_auto_pc_0_sim_netlist.vhdl to c:/code/RFC-8439-fpga-implementation/AES-Cam-on-PYNQ-Z2-main/AES-Cam-on-PYNQ-Z2-main/AES_SYS/AES_SYS.gen/sources_1/bd/AES_SYS/ip/AES_SYS_auto_pc_1/AES_SYS_auto_pc_1_sim_netlist.vhdl.
INFO: [IP_Flow 19-6926] IPCACHE: added file to list for BOM: c:/code/RFC-8439-fpga-implementation/AES-Cam-on-PYNQ-Z2-main/AES-Cam-on-PYNQ-Z2-main/AES_SYS/AES_SYS.gen/sources_1/bd/AES_SYS/ip/AES_SYS_auto_pc_1/AES_SYS_auto_pc_1_sim_netlist.vhdl
INFO: [IP_Flow 19-6928] IPCACHE: copied cached file c:/code/RFC-8439-fpga-implementation/AES-Cam-on-PYNQ-Z2-main/AES-Cam-on-PYNQ-Z2-main/AES_SYS/AES_SYS.cache/ip/2023.2/3/b/3bc72d579e6ad5e4/AES_SYS_auto_pc_0_stub.v to c:/code/RFC-8439-fpga-implementation/AES-Cam-on-PYNQ-Z2-main/AES-Cam-on-PYNQ-Z2-main/AES_SYS/AES_SYS.gen/sources_1/bd/AES_SYS/ip/AES_SYS_auto_pc_1/AES_SYS_auto_pc_1_stub.v.
INFO: [IP_Flow 19-6926] IPCACHE: added file to list for BOM: c:/code/RFC-8439-fpga-implementation/AES-Cam-on-PYNQ-Z2-main/AES-Cam-on-PYNQ-Z2-main/AES_SYS/AES_SYS.gen/sources_1/bd/AES_SYS/ip/AES_SYS_auto_pc_1/AES_SYS_auto_pc_1_stub.v
INFO: [IP_Flow 19-6928] IPCACHE: copied cached file c:/code/RFC-8439-fpga-implementation/AES-Cam-on-PYNQ-Z2-main/AES-Cam-on-PYNQ-Z2-main/AES_SYS/AES_SYS.cache/ip/2023.2/3/b/3bc72d579e6ad5e4/AES_SYS_auto_pc_0_stub.vhdl to c:/code/RFC-8439-fpga-implementation/AES-Cam-on-PYNQ-Z2-main/AES-Cam-on-PYNQ-Z2-main/AES_SYS/AES_SYS.gen/sources_1/bd/AES_SYS/ip/AES_SYS_auto_pc_1/AES_SYS_auto_pc_1_stub.vhdl.
INFO: [IP_Flow 19-6926] IPCACHE: added file to list for BOM: c:/code/RFC-8439-fpga-implementation/AES-Cam-on-PYNQ-Z2-main/AES-Cam-on-PYNQ-Z2-main/AES_SYS/AES_SYS.gen/sources_1/bd/AES_SYS/ip/AES_SYS_auto_pc_1/AES_SYS_auto_pc_1_stub.vhdl
INFO: [IP_Flow 19-4993] Using cached IP synthesis design for IP AES_SYS_auto_pc_1, cache-ID = 3bc72d579e6ad5e4; cache size = 173.665 MB.
INFO: [IP_Flow 19-6924] IPCACHE: Running cache check for IP inst: AES_SYS_auto_pc_5
INFO: [IP_Flow 19-6922] IPCACHE: Exporting cached entry 3bc72d579e6ad5e4 to dir: c:/code/RFC-8439-fpga-implementation/AES-Cam-on-PYNQ-Z2-main/AES-Cam-on-PYNQ-Z2-main/AES_SYS/AES_SYS.gen/sources_1/bd/AES_SYS/ip/AES_SYS_auto_pc_5
INFO: [IP_Flow 19-6928] IPCACHE: copied cached file c:/code/RFC-8439-fpga-implementation/AES-Cam-on-PYNQ-Z2-main/AES-Cam-on-PYNQ-Z2-main/AES_SYS/AES_SYS.cache/ip/2023.2/3/b/3bc72d579e6ad5e4/AES_SYS_auto_pc_0.dcp to c:/code/RFC-8439-fpga-implementation/AES-Cam-on-PYNQ-Z2-main/AES-Cam-on-PYNQ-Z2-main/AES_SYS/AES_SYS.gen/sources_1/bd/AES_SYS/ip/AES_SYS_auto_pc_5/AES_SYS_auto_pc_5.dcp.
INFO: [IP_Flow 19-6926] IPCACHE: added file to list for BOM: c:/code/RFC-8439-fpga-implementation/AES-Cam-on-PYNQ-Z2-main/AES-Cam-on-PYNQ-Z2-main/AES_SYS/AES_SYS.gen/sources_1/bd/AES_SYS/ip/AES_SYS_auto_pc_5/AES_SYS_auto_pc_5.dcp
INFO: [IP_Flow 19-6928] IPCACHE: copied cached file c:/code/RFC-8439-fpga-implementation/AES-Cam-on-PYNQ-Z2-main/AES-Cam-on-PYNQ-Z2-main/AES_SYS/AES_SYS.cache/ip/2023.2/3/b/3bc72d579e6ad5e4/AES_SYS_auto_pc_0_sim_netlist.v to c:/code/RFC-8439-fpga-implementation/AES-Cam-on-PYNQ-Z2-main/AES-Cam-on-PYNQ-Z2-main/AES_SYS/AES_SYS.gen/sources_1/bd/AES_SYS/ip/AES_SYS_auto_pc_5/AES_SYS_auto_pc_5_sim_netlist.v.
INFO: [IP_Flow 19-6926] IPCACHE: added file to list for BOM: c:/code/RFC-8439-fpga-implementation/AES-Cam-on-PYNQ-Z2-main/AES-Cam-on-PYNQ-Z2-main/AES_SYS/AES_SYS.gen/sources_1/bd/AES_SYS/ip/AES_SYS_auto_pc_5/AES_SYS_auto_pc_5_sim_netlist.v
INFO: [IP_Flow 19-6928] IPCACHE: copied cached file c:/code/RFC-8439-fpga-implementation/AES-Cam-on-PYNQ-Z2-main/AES-Cam-on-PYNQ-Z2-main/AES_SYS/AES_SYS.cache/ip/2023.2/3/b/3bc72d579e6ad5e4/AES_SYS_auto_pc_0_sim_netlist.vhdl to c:/code/RFC-8439-fpga-implementation/AES-Cam-on-PYNQ-Z2-main/AES-Cam-on-PYNQ-Z2-main/AES_SYS/AES_SYS.gen/sources_1/bd/AES_SYS/ip/AES_SYS_auto_pc_5/AES_SYS_auto_pc_5_sim_netlist.vhdl.
INFO: [IP_Flow 19-6926] IPCACHE: added file to list for BOM: c:/code/RFC-8439-fpga-implementation/AES-Cam-on-PYNQ-Z2-main/AES-Cam-on-PYNQ-Z2-main/AES_SYS/AES_SYS.gen/sources_1/bd/AES_SYS/ip/AES_SYS_auto_pc_5/AES_SYS_auto_pc_5_sim_netlist.vhdl
INFO: [IP_Flow 19-6928] IPCACHE: copied cached file c:/code/RFC-8439-fpga-implementation/AES-Cam-on-PYNQ-Z2-main/AES-Cam-on-PYNQ-Z2-main/AES_SYS/AES_SYS.cache/ip/2023.2/3/b/3bc72d579e6ad5e4/AES_SYS_auto_pc_0_stub.v to c:/code/RFC-8439-fpga-implementation/AES-Cam-on-PYNQ-Z2-main/AES-Cam-on-PYNQ-Z2-main/AES_SYS/AES_SYS.gen/sources_1/bd/AES_SYS/ip/AES_SYS_auto_pc_5/AES_SYS_auto_pc_5_stub.v.
INFO: [IP_Flow 19-6926] IPCACHE: added file to list for BOM: c:/code/RFC-8439-fpga-implementation/AES-Cam-on-PYNQ-Z2-main/AES-Cam-on-PYNQ-Z2-main/AES_SYS/AES_SYS.gen/sources_1/bd/AES_SYS/ip/AES_SYS_auto_pc_5/AES_SYS_auto_pc_5_stub.v
INFO: [IP_Flow 19-6928] IPCACHE: copied cached file c:/code/RFC-8439-fpga-implementation/AES-Cam-on-PYNQ-Z2-main/AES-Cam-on-PYNQ-Z2-main/AES_SYS/AES_SYS.cache/ip/2023.2/3/b/3bc72d579e6ad5e4/AES_SYS_auto_pc_0_stub.vhdl to c:/code/RFC-8439-fpga-implementation/AES-Cam-on-PYNQ-Z2-main/AES-Cam-on-PYNQ-Z2-main/AES_SYS/AES_SYS.gen/sources_1/bd/AES_SYS/ip/AES_SYS_auto_pc_5/AES_SYS_auto_pc_5_stub.vhdl.
INFO: [IP_Flow 19-6926] IPCACHE: added file to list for BOM: c:/code/RFC-8439-fpga-implementation/AES-Cam-on-PYNQ-Z2-main/AES-Cam-on-PYNQ-Z2-main/AES_SYS/AES_SYS.gen/sources_1/bd/AES_SYS/ip/AES_SYS_auto_pc_5/AES_SYS_auto_pc_5_stub.vhdl
INFO: [IP_Flow 19-4993] Using cached IP synthesis design for IP AES_SYS_auto_pc_5, cache-ID = 3bc72d579e6ad5e4; cache size = 173.665 MB.
INFO: [IP_Flow 19-6924] IPCACHE: Running cache check for IP inst: AES_SYS_auto_pc_10
INFO: [IP_Flow 19-6922] IPCACHE: Exporting cached entry 3bc72d579e6ad5e4 to dir: c:/code/RFC-8439-fpga-implementation/AES-Cam-on-PYNQ-Z2-main/AES-Cam-on-PYNQ-Z2-main/AES_SYS/AES_SYS.gen/sources_1/bd/AES_SYS/ip/AES_SYS_auto_pc_10
INFO: [IP_Flow 19-6928] IPCACHE: copied cached file c:/code/RFC-8439-fpga-implementation/AES-Cam-on-PYNQ-Z2-main/AES-Cam-on-PYNQ-Z2-main/AES_SYS/AES_SYS.cache/ip/2023.2/3/b/3bc72d579e6ad5e4/AES_SYS_auto_pc_0.dcp to c:/code/RFC-8439-fpga-implementation/AES-Cam-on-PYNQ-Z2-main/AES-Cam-on-PYNQ-Z2-main/AES_SYS/AES_SYS.gen/sources_1/bd/AES_SYS/ip/AES_SYS_auto_pc_10/AES_SYS_auto_pc_10.dcp.
INFO: [IP_Flow 19-6926] IPCACHE: added file to list for BOM: c:/code/RFC-8439-fpga-implementation/AES-Cam-on-PYNQ-Z2-main/AES-Cam-on-PYNQ-Z2-main/AES_SYS/AES_SYS.gen/sources_1/bd/AES_SYS/ip/AES_SYS_auto_pc_10/AES_SYS_auto_pc_10.dcp
INFO: [IP_Flow 19-6928] IPCACHE: copied cached file c:/code/RFC-8439-fpga-implementation/AES-Cam-on-PYNQ-Z2-main/AES-Cam-on-PYNQ-Z2-main/AES_SYS/AES_SYS.cache/ip/2023.2/3/b/3bc72d579e6ad5e4/AES_SYS_auto_pc_0_sim_netlist.v to c:/code/RFC-8439-fpga-implementation/AES-Cam-on-PYNQ-Z2-main/AES-Cam-on-PYNQ-Z2-main/AES_SYS/AES_SYS.gen/sources_1/bd/AES_SYS/ip/AES_SYS_auto_pc_10/AES_SYS_auto_pc_10_sim_netlist.v.
INFO: [IP_Flow 19-6926] IPCACHE: added file to list for BOM: c:/code/RFC-8439-fpga-implementation/AES-Cam-on-PYNQ-Z2-main/AES-Cam-on-PYNQ-Z2-main/AES_SYS/AES_SYS.gen/sources_1/bd/AES_SYS/ip/AES_SYS_auto_pc_10/AES_SYS_auto_pc_10_sim_netlist.v
INFO: [IP_Flow 19-6928] IPCACHE: copied cached file c:/code/RFC-8439-fpga-implementation/AES-Cam-on-PYNQ-Z2-main/AES-Cam-on-PYNQ-Z2-main/AES_SYS/AES_SYS.cache/ip/2023.2/3/b/3bc72d579e6ad5e4/AES_SYS_auto_pc_0_sim_netlist.vhdl to c:/code/RFC-8439-fpga-implementation/AES-Cam-on-PYNQ-Z2-main/AES-Cam-on-PYNQ-Z2-main/AES_SYS/AES_SYS.gen/sources_1/bd/AES_SYS/ip/AES_SYS_auto_pc_10/AES_SYS_auto_pc_10_sim_netlist.vhdl.
INFO: [IP_Flow 19-6926] IPCACHE: added file to list for BOM: c:/code/RFC-8439-fpga-implementation/AES-Cam-on-PYNQ-Z2-main/AES-Cam-on-PYNQ-Z2-main/AES_SYS/AES_SYS.gen/sources_1/bd/AES_SYS/ip/AES_SYS_auto_pc_10/AES_SYS_auto_pc_10_sim_netlist.vhdl
INFO: [IP_Flow 19-6928] IPCACHE: copied cached file c:/code/RFC-8439-fpga-implementation/AES-Cam-on-PYNQ-Z2-main/AES-Cam-on-PYNQ-Z2-main/AES_SYS/AES_SYS.cache/ip/2023.2/3/b/3bc72d579e6ad5e4/AES_SYS_auto_pc_0_stub.v to c:/code/RFC-8439-fpga-implementation/AES-Cam-on-PYNQ-Z2-main/AES-Cam-on-PYNQ-Z2-main/AES_SYS/AES_SYS.gen/sources_1/bd/AES_SYS/ip/AES_SYS_auto_pc_10/AES_SYS_auto_pc_10_stub.v.
INFO: [IP_Flow 19-6926] IPCACHE: added file to list for BOM: c:/code/RFC-8439-fpga-implementation/AES-Cam-on-PYNQ-Z2-main/AES-Cam-on-PYNQ-Z2-main/AES_SYS/AES_SYS.gen/sources_1/bd/AES_SYS/ip/AES_SYS_auto_pc_10/AES_SYS_auto_pc_10_stub.v
INFO: [IP_Flow 19-6928] IPCACHE: copied cached file c:/code/RFC-8439-fpga-implementation/AES-Cam-on-PYNQ-Z2-main/AES-Cam-on-PYNQ-Z2-main/AES_SYS/AES_SYS.cache/ip/2023.2/3/b/3bc72d579e6ad5e4/AES_SYS_auto_pc_0_stub.vhdl to c:/code/RFC-8439-fpga-implementation/AES-Cam-on-PYNQ-Z2-main/AES-Cam-on-PYNQ-Z2-main/AES_SYS/AES_SYS.gen/sources_1/bd/AES_SYS/ip/AES_SYS_auto_pc_10/AES_SYS_auto_pc_10_stub.vhdl.
INFO: [IP_Flow 19-6926] IPCACHE: added file to list for BOM: c:/code/RFC-8439-fpga-implementation/AES-Cam-on-PYNQ-Z2-main/AES-Cam-on-PYNQ-Z2-main/AES_SYS/AES_SYS.gen/sources_1/bd/AES_SYS/ip/AES_SYS_auto_pc_10/AES_SYS_auto_pc_10_stub.vhdl
INFO: [IP_Flow 19-4993] Using cached IP synthesis design for IP AES_SYS_auto_pc_10, cache-ID = 3bc72d579e6ad5e4; cache size = 173.665 MB.
INFO: [IP_Flow 19-6924] IPCACHE: Running cache check for IP inst: AES_SYS_auto_pc_7
INFO: [IP_Flow 19-6922] IPCACHE: Exporting cached entry 3bc72d579e6ad5e4 to dir: c:/code/RFC-8439-fpga-implementation/AES-Cam-on-PYNQ-Z2-main/AES-Cam-on-PYNQ-Z2-main/AES_SYS/AES_SYS.gen/sources_1/bd/AES_SYS/ip/AES_SYS_auto_pc_7
INFO: [IP_Flow 19-6928] IPCACHE: copied cached file c:/code/RFC-8439-fpga-implementation/AES-Cam-on-PYNQ-Z2-main/AES-Cam-on-PYNQ-Z2-main/AES_SYS/AES_SYS.cache/ip/2023.2/3/b/3bc72d579e6ad5e4/AES_SYS_auto_pc_0.dcp to c:/code/RFC-8439-fpga-implementation/AES-Cam-on-PYNQ-Z2-main/AES-Cam-on-PYNQ-Z2-main/AES_SYS/AES_SYS.gen/sources_1/bd/AES_SYS/ip/AES_SYS_auto_pc_7/AES_SYS_auto_pc_7.dcp.
INFO: [IP_Flow 19-6926] IPCACHE: added file to list for BOM: c:/code/RFC-8439-fpga-implementation/AES-Cam-on-PYNQ-Z2-main/AES-Cam-on-PYNQ-Z2-main/AES_SYS/AES_SYS.gen/sources_1/bd/AES_SYS/ip/AES_SYS_auto_pc_7/AES_SYS_auto_pc_7.dcp
INFO: [IP_Flow 19-6928] IPCACHE: copied cached file c:/code/RFC-8439-fpga-implementation/AES-Cam-on-PYNQ-Z2-main/AES-Cam-on-PYNQ-Z2-main/AES_SYS/AES_SYS.cache/ip/2023.2/3/b/3bc72d579e6ad5e4/AES_SYS_auto_pc_0_sim_netlist.v to c:/code/RFC-8439-fpga-implementation/AES-Cam-on-PYNQ-Z2-main/AES-Cam-on-PYNQ-Z2-main/AES_SYS/AES_SYS.gen/sources_1/bd/AES_SYS/ip/AES_SYS_auto_pc_7/AES_SYS_auto_pc_7_sim_netlist.v.
INFO: [IP_Flow 19-6926] IPCACHE: added file to list for BOM: c:/code/RFC-8439-fpga-implementation/AES-Cam-on-PYNQ-Z2-main/AES-Cam-on-PYNQ-Z2-main/AES_SYS/AES_SYS.gen/sources_1/bd/AES_SYS/ip/AES_SYS_auto_pc_7/AES_SYS_auto_pc_7_sim_netlist.v
INFO: [IP_Flow 19-6928] IPCACHE: copied cached file c:/code/RFC-8439-fpga-implementation/AES-Cam-on-PYNQ-Z2-main/AES-Cam-on-PYNQ-Z2-main/AES_SYS/AES_SYS.cache/ip/2023.2/3/b/3bc72d579e6ad5e4/AES_SYS_auto_pc_0_sim_netlist.vhdl to c:/code/RFC-8439-fpga-implementation/AES-Cam-on-PYNQ-Z2-main/AES-Cam-on-PYNQ-Z2-main/AES_SYS/AES_SYS.gen/sources_1/bd/AES_SYS/ip/AES_SYS_auto_pc_7/AES_SYS_auto_pc_7_sim_netlist.vhdl.
INFO: [IP_Flow 19-6926] IPCACHE: added file to list for BOM: c:/code/RFC-8439-fpga-implementation/AES-Cam-on-PYNQ-Z2-main/AES-Cam-on-PYNQ-Z2-main/AES_SYS/AES_SYS.gen/sources_1/bd/AES_SYS/ip/AES_SYS_auto_pc_7/AES_SYS_auto_pc_7_sim_netlist.vhdl
INFO: [IP_Flow 19-6928] IPCACHE: copied cached file c:/code/RFC-8439-fpga-implementation/AES-Cam-on-PYNQ-Z2-main/AES-Cam-on-PYNQ-Z2-main/AES_SYS/AES_SYS.cache/ip/2023.2/3/b/3bc72d579e6ad5e4/AES_SYS_auto_pc_0_stub.v to c:/code/RFC-8439-fpga-implementation/AES-Cam-on-PYNQ-Z2-main/AES-Cam-on-PYNQ-Z2-main/AES_SYS/AES_SYS.gen/sources_1/bd/AES_SYS/ip/AES_SYS_auto_pc_7/AES_SYS_auto_pc_7_stub.v.
INFO: [IP_Flow 19-6926] IPCACHE: added file to list for BOM: c:/code/RFC-8439-fpga-implementation/AES-Cam-on-PYNQ-Z2-main/AES-Cam-on-PYNQ-Z2-main/AES_SYS/AES_SYS.gen/sources_1/bd/AES_SYS/ip/AES_SYS_auto_pc_7/AES_SYS_auto_pc_7_stub.v
INFO: [IP_Flow 19-6928] IPCACHE: copied cached file c:/code/RFC-8439-fpga-implementation/AES-Cam-on-PYNQ-Z2-main/AES-Cam-on-PYNQ-Z2-main/AES_SYS/AES_SYS.cache/ip/2023.2/3/b/3bc72d579e6ad5e4/AES_SYS_auto_pc_0_stub.vhdl to c:/code/RFC-8439-fpga-implementation/AES-Cam-on-PYNQ-Z2-main/AES-Cam-on-PYNQ-Z2-main/AES_SYS/AES_SYS.gen/sources_1/bd/AES_SYS/ip/AES_SYS_auto_pc_7/AES_SYS_auto_pc_7_stub.vhdl.
INFO: [IP_Flow 19-6926] IPCACHE: added file to list for BOM: c:/code/RFC-8439-fpga-implementation/AES-Cam-on-PYNQ-Z2-main/AES-Cam-on-PYNQ-Z2-main/AES_SYS/AES_SYS.gen/sources_1/bd/AES_SYS/ip/AES_SYS_auto_pc_7/AES_SYS_auto_pc_7_stub.vhdl
INFO: [IP_Flow 19-4993] Using cached IP synthesis design for IP AES_SYS_auto_pc_7, cache-ID = 3bc72d579e6ad5e4; cache size = 173.665 MB.
INFO: [IP_Flow 19-6924] IPCACHE: Running cache check for IP inst: AES_SYS_auto_pc_11
INFO: [IP_Flow 19-6922] IPCACHE: Exporting cached entry 3bc72d579e6ad5e4 to dir: c:/code/RFC-8439-fpga-implementation/AES-Cam-on-PYNQ-Z2-main/AES-Cam-on-PYNQ-Z2-main/AES_SYS/AES_SYS.gen/sources_1/bd/AES_SYS/ip/AES_SYS_auto_pc_11
INFO: [IP_Flow 19-6928] IPCACHE: copied cached file c:/code/RFC-8439-fpga-implementation/AES-Cam-on-PYNQ-Z2-main/AES-Cam-on-PYNQ-Z2-main/AES_SYS/AES_SYS.cache/ip/2023.2/3/b/3bc72d579e6ad5e4/AES_SYS_auto_pc_0.dcp to c:/code/RFC-8439-fpga-implementation/AES-Cam-on-PYNQ-Z2-main/AES-Cam-on-PYNQ-Z2-main/AES_SYS/AES_SYS.gen/sources_1/bd/AES_SYS/ip/AES_SYS_auto_pc_11/AES_SYS_auto_pc_11.dcp.
INFO: [IP_Flow 19-6926] IPCACHE: added file to list for BOM: c:/code/RFC-8439-fpga-implementation/AES-Cam-on-PYNQ-Z2-main/AES-Cam-on-PYNQ-Z2-main/AES_SYS/AES_SYS.gen/sources_1/bd/AES_SYS/ip/AES_SYS_auto_pc_11/AES_SYS_auto_pc_11.dcp
INFO: [IP_Flow 19-6928] IPCACHE: copied cached file c:/code/RFC-8439-fpga-implementation/AES-Cam-on-PYNQ-Z2-main/AES-Cam-on-PYNQ-Z2-main/AES_SYS/AES_SYS.cache/ip/2023.2/3/b/3bc72d579e6ad5e4/AES_SYS_auto_pc_0_sim_netlist.v to c:/code/RFC-8439-fpga-implementation/AES-Cam-on-PYNQ-Z2-main/AES-Cam-on-PYNQ-Z2-main/AES_SYS/AES_SYS.gen/sources_1/bd/AES_SYS/ip/AES_SYS_auto_pc_11/AES_SYS_auto_pc_11_sim_netlist.v.
INFO: [IP_Flow 19-6926] IPCACHE: added file to list for BOM: c:/code/RFC-8439-fpga-implementation/AES-Cam-on-PYNQ-Z2-main/AES-Cam-on-PYNQ-Z2-main/AES_SYS/AES_SYS.gen/sources_1/bd/AES_SYS/ip/AES_SYS_auto_pc_11/AES_SYS_auto_pc_11_sim_netlist.v
INFO: [IP_Flow 19-6928] IPCACHE: copied cached file c:/code/RFC-8439-fpga-implementation/AES-Cam-on-PYNQ-Z2-main/AES-Cam-on-PYNQ-Z2-main/AES_SYS/AES_SYS.cache/ip/2023.2/3/b/3bc72d579e6ad5e4/AES_SYS_auto_pc_0_sim_netlist.vhdl to c:/code/RFC-8439-fpga-implementation/AES-Cam-on-PYNQ-Z2-main/AES-Cam-on-PYNQ-Z2-main/AES_SYS/AES_SYS.gen/sources_1/bd/AES_SYS/ip/AES_SYS_auto_pc_11/AES_SYS_auto_pc_11_sim_netlist.vhdl.
INFO: [IP_Flow 19-6926] IPCACHE: added file to list for BOM: c:/code/RFC-8439-fpga-implementation/AES-Cam-on-PYNQ-Z2-main/AES-Cam-on-PYNQ-Z2-main/AES_SYS/AES_SYS.gen/sources_1/bd/AES_SYS/ip/AES_SYS_auto_pc_11/AES_SYS_auto_pc_11_sim_netlist.vhdl
INFO: [IP_Flow 19-6928] IPCACHE: copied cached file c:/code/RFC-8439-fpga-implementation/AES-Cam-on-PYNQ-Z2-main/AES-Cam-on-PYNQ-Z2-main/AES_SYS/AES_SYS.cache/ip/2023.2/3/b/3bc72d579e6ad5e4/AES_SYS_auto_pc_0_stub.v to c:/code/RFC-8439-fpga-implementation/AES-Cam-on-PYNQ-Z2-main/AES-Cam-on-PYNQ-Z2-main/AES_SYS/AES_SYS.gen/sources_1/bd/AES_SYS/ip/AES_SYS_auto_pc_11/AES_SYS_auto_pc_11_stub.v.
INFO: [IP_Flow 19-6926] IPCACHE: added file to list for BOM: c:/code/RFC-8439-fpga-implementation/AES-Cam-on-PYNQ-Z2-main/AES-Cam-on-PYNQ-Z2-main/AES_SYS/AES_SYS.gen/sources_1/bd/AES_SYS/ip/AES_SYS_auto_pc_11/AES_SYS_auto_pc_11_stub.v
INFO: [IP_Flow 19-6928] IPCACHE: copied cached file c:/code/RFC-8439-fpga-implementation/AES-Cam-on-PYNQ-Z2-main/AES-Cam-on-PYNQ-Z2-main/AES_SYS/AES_SYS.cache/ip/2023.2/3/b/3bc72d579e6ad5e4/AES_SYS_auto_pc_0_stub.vhdl to c:/code/RFC-8439-fpga-implementation/AES-Cam-on-PYNQ-Z2-main/AES-Cam-on-PYNQ-Z2-main/AES_SYS/AES_SYS.gen/sources_1/bd/AES_SYS/ip/AES_SYS_auto_pc_11/AES_SYS_auto_pc_11_stub.vhdl.
INFO: [IP_Flow 19-6926] IPCACHE: added file to list for BOM: c:/code/RFC-8439-fpga-implementation/AES-Cam-on-PYNQ-Z2-main/AES-Cam-on-PYNQ-Z2-main/AES_SYS/AES_SYS.gen/sources_1/bd/AES_SYS/ip/AES_SYS_auto_pc_11/AES_SYS_auto_pc_11_stub.vhdl
INFO: [IP_Flow 19-4993] Using cached IP synthesis design for IP AES_SYS_auto_pc_11, cache-ID = 3bc72d579e6ad5e4; cache size = 173.665 MB.
INFO: [IP_Flow 19-6924] IPCACHE: Running cache check for IP inst: AES_SYS_auto_pc_8
INFO: [IP_Flow 19-6922] IPCACHE: Exporting cached entry 3bc72d579e6ad5e4 to dir: c:/code/RFC-8439-fpga-implementation/AES-Cam-on-PYNQ-Z2-main/AES-Cam-on-PYNQ-Z2-main/AES_SYS/AES_SYS.gen/sources_1/bd/AES_SYS/ip/AES_SYS_auto_pc_8
INFO: [IP_Flow 19-6928] IPCACHE: copied cached file c:/code/RFC-8439-fpga-implementation/AES-Cam-on-PYNQ-Z2-main/AES-Cam-on-PYNQ-Z2-main/AES_SYS/AES_SYS.cache/ip/2023.2/3/b/3bc72d579e6ad5e4/AES_SYS_auto_pc_0.dcp to c:/code/RFC-8439-fpga-implementation/AES-Cam-on-PYNQ-Z2-main/AES-Cam-on-PYNQ-Z2-main/AES_SYS/AES_SYS.gen/sources_1/bd/AES_SYS/ip/AES_SYS_auto_pc_8/AES_SYS_auto_pc_8.dcp.
INFO: [IP_Flow 19-6926] IPCACHE: added file to list for BOM: c:/code/RFC-8439-fpga-implementation/AES-Cam-on-PYNQ-Z2-main/AES-Cam-on-PYNQ-Z2-main/AES_SYS/AES_SYS.gen/sources_1/bd/AES_SYS/ip/AES_SYS_auto_pc_8/AES_SYS_auto_pc_8.dcp
INFO: [IP_Flow 19-6928] IPCACHE: copied cached file c:/code/RFC-8439-fpga-implementation/AES-Cam-on-PYNQ-Z2-main/AES-Cam-on-PYNQ-Z2-main/AES_SYS/AES_SYS.cache/ip/2023.2/3/b/3bc72d579e6ad5e4/AES_SYS_auto_pc_0_sim_netlist.v to c:/code/RFC-8439-fpga-implementation/AES-Cam-on-PYNQ-Z2-main/AES-Cam-on-PYNQ-Z2-main/AES_SYS/AES_SYS.gen/sources_1/bd/AES_SYS/ip/AES_SYS_auto_pc_8/AES_SYS_auto_pc_8_sim_netlist.v.
INFO: [IP_Flow 19-6926] IPCACHE: added file to list for BOM: c:/code/RFC-8439-fpga-implementation/AES-Cam-on-PYNQ-Z2-main/AES-Cam-on-PYNQ-Z2-main/AES_SYS/AES_SYS.gen/sources_1/bd/AES_SYS/ip/AES_SYS_auto_pc_8/AES_SYS_auto_pc_8_sim_netlist.v
INFO: [IP_Flow 19-6928] IPCACHE: copied cached file c:/code/RFC-8439-fpga-implementation/AES-Cam-on-PYNQ-Z2-main/AES-Cam-on-PYNQ-Z2-main/AES_SYS/AES_SYS.cache/ip/2023.2/3/b/3bc72d579e6ad5e4/AES_SYS_auto_pc_0_sim_netlist.vhdl to c:/code/RFC-8439-fpga-implementation/AES-Cam-on-PYNQ-Z2-main/AES-Cam-on-PYNQ-Z2-main/AES_SYS/AES_SYS.gen/sources_1/bd/AES_SYS/ip/AES_SYS_auto_pc_8/AES_SYS_auto_pc_8_sim_netlist.vhdl.
INFO: [IP_Flow 19-6926] IPCACHE: added file to list for BOM: c:/code/RFC-8439-fpga-implementation/AES-Cam-on-PYNQ-Z2-main/AES-Cam-on-PYNQ-Z2-main/AES_SYS/AES_SYS.gen/sources_1/bd/AES_SYS/ip/AES_SYS_auto_pc_8/AES_SYS_auto_pc_8_sim_netlist.vhdl
INFO: [IP_Flow 19-6928] IPCACHE: copied cached file c:/code/RFC-8439-fpga-implementation/AES-Cam-on-PYNQ-Z2-main/AES-Cam-on-PYNQ-Z2-main/AES_SYS/AES_SYS.cache/ip/2023.2/3/b/3bc72d579e6ad5e4/AES_SYS_auto_pc_0_stub.v to c:/code/RFC-8439-fpga-implementation/AES-Cam-on-PYNQ-Z2-main/AES-Cam-on-PYNQ-Z2-main/AES_SYS/AES_SYS.gen/sources_1/bd/AES_SYS/ip/AES_SYS_auto_pc_8/AES_SYS_auto_pc_8_stub.v.
INFO: [IP_Flow 19-6926] IPCACHE: added file to list for BOM: c:/code/RFC-8439-fpga-implementation/AES-Cam-on-PYNQ-Z2-main/AES-Cam-on-PYNQ-Z2-main/AES_SYS/AES_SYS.gen/sources_1/bd/AES_SYS/ip/AES_SYS_auto_pc_8/AES_SYS_auto_pc_8_stub.v
INFO: [IP_Flow 19-6928] IPCACHE: copied cached file c:/code/RFC-8439-fpga-implementation/AES-Cam-on-PYNQ-Z2-main/AES-Cam-on-PYNQ-Z2-main/AES_SYS/AES_SYS.cache/ip/2023.2/3/b/3bc72d579e6ad5e4/AES_SYS_auto_pc_0_stub.vhdl to c:/code/RFC-8439-fpga-implementation/AES-Cam-on-PYNQ-Z2-main/AES-Cam-on-PYNQ-Z2-main/AES_SYS/AES_SYS.gen/sources_1/bd/AES_SYS/ip/AES_SYS_auto_pc_8/AES_SYS_auto_pc_8_stub.vhdl.
INFO: [IP_Flow 19-6926] IPCACHE: added file to list for BOM: c:/code/RFC-8439-fpga-implementation/AES-Cam-on-PYNQ-Z2-main/AES-Cam-on-PYNQ-Z2-main/AES_SYS/AES_SYS.gen/sources_1/bd/AES_SYS/ip/AES_SYS_auto_pc_8/AES_SYS_auto_pc_8_stub.vhdl
INFO: [IP_Flow 19-4993] Using cached IP synthesis design for IP AES_SYS_auto_pc_8, cache-ID = 3bc72d579e6ad5e4; cache size = 173.665 MB.
INFO: [IP_Flow 19-6924] IPCACHE: Running cache check for IP inst: AES_SYS_auto_pc_12
INFO: [IP_Flow 19-6922] IPCACHE: Exporting cached entry e640ebf91d268473 to dir: c:/code/RFC-8439-fpga-implementation/AES-Cam-on-PYNQ-Z2-main/AES-Cam-on-PYNQ-Z2-main/AES_SYS/AES_SYS.gen/sources_1/bd/AES_SYS/ip/AES_SYS_auto_pc_12
INFO: [IP_Flow 19-6928] IPCACHE: copied cached file c:/code/RFC-8439-fpga-implementation/AES-Cam-on-PYNQ-Z2-main/AES-Cam-on-PYNQ-Z2-main/AES_SYS/AES_SYS.cache/ip/2023.2/e/6/e640ebf91d268473/AES_SYS_auto_pc_11.dcp to c:/code/RFC-8439-fpga-implementation/AES-Cam-on-PYNQ-Z2-main/AES-Cam-on-PYNQ-Z2-main/AES_SYS/AES_SYS.gen/sources_1/bd/AES_SYS/ip/AES_SYS_auto_pc_12/AES_SYS_auto_pc_12.dcp.
INFO: [IP_Flow 19-6926] IPCACHE: added file to list for BOM: c:/code/RFC-8439-fpga-implementation/AES-Cam-on-PYNQ-Z2-main/AES-Cam-on-PYNQ-Z2-main/AES_SYS/AES_SYS.gen/sources_1/bd/AES_SYS/ip/AES_SYS_auto_pc_12/AES_SYS_auto_pc_12.dcp
INFO: [IP_Flow 19-6928] IPCACHE: copied cached file c:/code/RFC-8439-fpga-implementation/AES-Cam-on-PYNQ-Z2-main/AES-Cam-on-PYNQ-Z2-main/AES_SYS/AES_SYS.cache/ip/2023.2/e/6/e640ebf91d268473/AES_SYS_auto_pc_11_sim_netlist.v to c:/code/RFC-8439-fpga-implementation/AES-Cam-on-PYNQ-Z2-main/AES-Cam-on-PYNQ-Z2-main/AES_SYS/AES_SYS.gen/sources_1/bd/AES_SYS/ip/AES_SYS_auto_pc_12/AES_SYS_auto_pc_12_sim_netlist.v.
INFO: [IP_Flow 19-6926] IPCACHE: added file to list for BOM: c:/code/RFC-8439-fpga-implementation/AES-Cam-on-PYNQ-Z2-main/AES-Cam-on-PYNQ-Z2-main/AES_SYS/AES_SYS.gen/sources_1/bd/AES_SYS/ip/AES_SYS_auto_pc_12/AES_SYS_auto_pc_12_sim_netlist.v
INFO: [IP_Flow 19-6928] IPCACHE: copied cached file c:/code/RFC-8439-fpga-implementation/AES-Cam-on-PYNQ-Z2-main/AES-Cam-on-PYNQ-Z2-main/AES_SYS/AES_SYS.cache/ip/2023.2/e/6/e640ebf91d268473/AES_SYS_auto_pc_11_sim_netlist.vhdl to c:/code/RFC-8439-fpga-implementation/AES-Cam-on-PYNQ-Z2-main/AES-Cam-on-PYNQ-Z2-main/AES_SYS/AES_SYS.gen/sources_1/bd/AES_SYS/ip/AES_SYS_auto_pc_12/AES_SYS_auto_pc_12_sim_netlist.vhdl.
INFO: [IP_Flow 19-6926] IPCACHE: added file to list for BOM: c:/code/RFC-8439-fpga-implementation/AES-Cam-on-PYNQ-Z2-main/AES-Cam-on-PYNQ-Z2-main/AES_SYS/AES_SYS.gen/sources_1/bd/AES_SYS/ip/AES_SYS_auto_pc_12/AES_SYS_auto_pc_12_sim_netlist.vhdl
INFO: [IP_Flow 19-6928] IPCACHE: copied cached file c:/code/RFC-8439-fpga-implementation/AES-Cam-on-PYNQ-Z2-main/AES-Cam-on-PYNQ-Z2-main/AES_SYS/AES_SYS.cache/ip/2023.2/e/6/e640ebf91d268473/AES_SYS_auto_pc_11_stub.v to c:/code/RFC-8439-fpga-implementation/AES-Cam-on-PYNQ-Z2-main/AES-Cam-on-PYNQ-Z2-main/AES_SYS/AES_SYS.gen/sources_1/bd/AES_SYS/ip/AES_SYS_auto_pc_12/AES_SYS_auto_pc_12_stub.v.
INFO: [IP_Flow 19-6926] IPCACHE: added file to list for BOM: c:/code/RFC-8439-fpga-implementation/AES-Cam-on-PYNQ-Z2-main/AES-Cam-on-PYNQ-Z2-main/AES_SYS/AES_SYS.gen/sources_1/bd/AES_SYS/ip/AES_SYS_auto_pc_12/AES_SYS_auto_pc_12_stub.v
INFO: [IP_Flow 19-6928] IPCACHE: copied cached file c:/code/RFC-8439-fpga-implementation/AES-Cam-on-PYNQ-Z2-main/AES-Cam-on-PYNQ-Z2-main/AES_SYS/AES_SYS.cache/ip/2023.2/e/6/e640ebf91d268473/AES_SYS_auto_pc_11_stub.vhdl to c:/code/RFC-8439-fpga-implementation/AES-Cam-on-PYNQ-Z2-main/AES-Cam-on-PYNQ-Z2-main/AES_SYS/AES_SYS.gen/sources_1/bd/AES_SYS/ip/AES_SYS_auto_pc_12/AES_SYS_auto_pc_12_stub.vhdl.
INFO: [IP_Flow 19-6926] IPCACHE: added file to list for BOM: c:/code/RFC-8439-fpga-implementation/AES-Cam-on-PYNQ-Z2-main/AES-Cam-on-PYNQ-Z2-main/AES_SYS/AES_SYS.gen/sources_1/bd/AES_SYS/ip/AES_SYS_auto_pc_12/AES_SYS_auto_pc_12_stub.vhdl
INFO: [IP_Flow 19-4993] Using cached IP synthesis design for IP AES_SYS_auto_pc_12, cache-ID = e640ebf91d268473; cache size = 173.665 MB.
INFO: [IP_Flow 19-6924] IPCACHE: Running cache check for IP inst: AES_SYS_auto_pc_3
INFO: [IP_Flow 19-6922] IPCACHE: Exporting cached entry 3bc72d579e6ad5e4 to dir: c:/code/RFC-8439-fpga-implementation/AES-Cam-on-PYNQ-Z2-main/AES-Cam-on-PYNQ-Z2-main/AES_SYS/AES_SYS.gen/sources_1/bd/AES_SYS/ip/AES_SYS_auto_pc_3
INFO: [IP_Flow 19-6928] IPCACHE: copied cached file c:/code/RFC-8439-fpga-implementation/AES-Cam-on-PYNQ-Z2-main/AES-Cam-on-PYNQ-Z2-main/AES_SYS/AES_SYS.cache/ip/2023.2/3/b/3bc72d579e6ad5e4/AES_SYS_auto_pc_0.dcp to c:/code/RFC-8439-fpga-implementation/AES-Cam-on-PYNQ-Z2-main/AES-Cam-on-PYNQ-Z2-main/AES_SYS/AES_SYS.gen/sources_1/bd/AES_SYS/ip/AES_SYS_auto_pc_3/AES_SYS_auto_pc_3.dcp.
INFO: [IP_Flow 19-6926] IPCACHE: added file to list for BOM: c:/code/RFC-8439-fpga-implementation/AES-Cam-on-PYNQ-Z2-main/AES-Cam-on-PYNQ-Z2-main/AES_SYS/AES_SYS.gen/sources_1/bd/AES_SYS/ip/AES_SYS_auto_pc_3/AES_SYS_auto_pc_3.dcp
INFO: [IP_Flow 19-6928] IPCACHE: copied cached file c:/code/RFC-8439-fpga-implementation/AES-Cam-on-PYNQ-Z2-main/AES-Cam-on-PYNQ-Z2-main/AES_SYS/AES_SYS.cache/ip/2023.2/3/b/3bc72d579e6ad5e4/AES_SYS_auto_pc_0_sim_netlist.v to c:/code/RFC-8439-fpga-implementation/AES-Cam-on-PYNQ-Z2-main/AES-Cam-on-PYNQ-Z2-main/AES_SYS/AES_SYS.gen/sources_1/bd/AES_SYS/ip/AES_SYS_auto_pc_3/AES_SYS_auto_pc_3_sim_netlist.v.
INFO: [IP_Flow 19-6926] IPCACHE: added file to list for BOM: c:/code/RFC-8439-fpga-implementation/AES-Cam-on-PYNQ-Z2-main/AES-Cam-on-PYNQ-Z2-main/AES_SYS/AES_SYS.gen/sources_1/bd/AES_SYS/ip/AES_SYS_auto_pc_3/AES_SYS_auto_pc_3_sim_netlist.v
INFO: [IP_Flow 19-6928] IPCACHE: copied cached file c:/code/RFC-8439-fpga-implementation/AES-Cam-on-PYNQ-Z2-main/AES-Cam-on-PYNQ-Z2-main/AES_SYS/AES_SYS.cache/ip/2023.2/3/b/3bc72d579e6ad5e4/AES_SYS_auto_pc_0_sim_netlist.vhdl to c:/code/RFC-8439-fpga-implementation/AES-Cam-on-PYNQ-Z2-main/AES-Cam-on-PYNQ-Z2-main/AES_SYS/AES_SYS.gen/sources_1/bd/AES_SYS/ip/AES_SYS_auto_pc_3/AES_SYS_auto_pc_3_sim_netlist.vhdl.
INFO: [IP_Flow 19-6926] IPCACHE: added file to list for BOM: c:/code/RFC-8439-fpga-implementation/AES-Cam-on-PYNQ-Z2-main/AES-Cam-on-PYNQ-Z2-main/AES_SYS/AES_SYS.gen/sources_1/bd/AES_SYS/ip/AES_SYS_auto_pc_3/AES_SYS_auto_pc_3_sim_netlist.vhdl
INFO: [IP_Flow 19-6928] IPCACHE: copied cached file c:/code/RFC-8439-fpga-implementation/AES-Cam-on-PYNQ-Z2-main/AES-Cam-on-PYNQ-Z2-main/AES_SYS/AES_SYS.cache/ip/2023.2/3/b/3bc72d579e6ad5e4/AES_SYS_auto_pc_0_stub.v to c:/code/RFC-8439-fpga-implementation/AES-Cam-on-PYNQ-Z2-main/AES-Cam-on-PYNQ-Z2-main/AES_SYS/AES_SYS.gen/sources_1/bd/AES_SYS/ip/AES_SYS_auto_pc_3/AES_SYS_auto_pc_3_stub.v.
INFO: [IP_Flow 19-6926] IPCACHE: added file to list for BOM: c:/code/RFC-8439-fpga-implementation/AES-Cam-on-PYNQ-Z2-main/AES-Cam-on-PYNQ-Z2-main/AES_SYS/AES_SYS.gen/sources_1/bd/AES_SYS/ip/AES_SYS_auto_pc_3/AES_SYS_auto_pc_3_stub.v
INFO: [IP_Flow 19-6928] IPCACHE: copied cached file c:/code/RFC-8439-fpga-implementation/AES-Cam-on-PYNQ-Z2-main/AES-Cam-on-PYNQ-Z2-main/AES_SYS/AES_SYS.cache/ip/2023.2/3/b/3bc72d579e6ad5e4/AES_SYS_auto_pc_0_stub.vhdl to c:/code/RFC-8439-fpga-implementation/AES-Cam-on-PYNQ-Z2-main/AES-Cam-on-PYNQ-Z2-main/AES_SYS/AES_SYS.gen/sources_1/bd/AES_SYS/ip/AES_SYS_auto_pc_3/AES_SYS_auto_pc_3_stub.vhdl.
INFO: [IP_Flow 19-6926] IPCACHE: added file to list for BOM: c:/code/RFC-8439-fpga-implementation/AES-Cam-on-PYNQ-Z2-main/AES-Cam-on-PYNQ-Z2-main/AES_SYS/AES_SYS.gen/sources_1/bd/AES_SYS/ip/AES_SYS_auto_pc_3/AES_SYS_auto_pc_3_stub.vhdl
INFO: [IP_Flow 19-4993] Using cached IP synthesis design for IP AES_SYS_auto_pc_3, cache-ID = 3bc72d579e6ad5e4; cache size = 173.665 MB.
INFO: [IP_Flow 19-6924] IPCACHE: Running cache check for IP inst: AES_SYS_auto_pc_9
INFO: [IP_Flow 19-6922] IPCACHE: Exporting cached entry 3bc72d579e6ad5e4 to dir: c:/code/RFC-8439-fpga-implementation/AES-Cam-on-PYNQ-Z2-main/AES-Cam-on-PYNQ-Z2-main/AES_SYS/AES_SYS.gen/sources_1/bd/AES_SYS/ip/AES_SYS_auto_pc_9
INFO: [IP_Flow 19-6928] IPCACHE: copied cached file c:/code/RFC-8439-fpga-implementation/AES-Cam-on-PYNQ-Z2-main/AES-Cam-on-PYNQ-Z2-main/AES_SYS/AES_SYS.cache/ip/2023.2/3/b/3bc72d579e6ad5e4/AES_SYS_auto_pc_0.dcp to c:/code/RFC-8439-fpga-implementation/AES-Cam-on-PYNQ-Z2-main/AES-Cam-on-PYNQ-Z2-main/AES_SYS/AES_SYS.gen/sources_1/bd/AES_SYS/ip/AES_SYS_auto_pc_9/AES_SYS_auto_pc_9.dcp.
INFO: [IP_Flow 19-6926] IPCACHE: added file to list for BOM: c:/code/RFC-8439-fpga-implementation/AES-Cam-on-PYNQ-Z2-main/AES-Cam-on-PYNQ-Z2-main/AES_SYS/AES_SYS.gen/sources_1/bd/AES_SYS/ip/AES_SYS_auto_pc_9/AES_SYS_auto_pc_9.dcp
INFO: [IP_Flow 19-6928] IPCACHE: copied cached file c:/code/RFC-8439-fpga-implementation/AES-Cam-on-PYNQ-Z2-main/AES-Cam-on-PYNQ-Z2-main/AES_SYS/AES_SYS.cache/ip/2023.2/3/b/3bc72d579e6ad5e4/AES_SYS_auto_pc_0_sim_netlist.v to c:/code/RFC-8439-fpga-implementation/AES-Cam-on-PYNQ-Z2-main/AES-Cam-on-PYNQ-Z2-main/AES_SYS/AES_SYS.gen/sources_1/bd/AES_SYS/ip/AES_SYS_auto_pc_9/AES_SYS_auto_pc_9_sim_netlist.v.
INFO: [IP_Flow 19-6926] IPCACHE: added file to list for BOM: c:/code/RFC-8439-fpga-implementation/AES-Cam-on-PYNQ-Z2-main/AES-Cam-on-PYNQ-Z2-main/AES_SYS/AES_SYS.gen/sources_1/bd/AES_SYS/ip/AES_SYS_auto_pc_9/AES_SYS_auto_pc_9_sim_netlist.v
INFO: [IP_Flow 19-6928] IPCACHE: copied cached file c:/code/RFC-8439-fpga-implementation/AES-Cam-on-PYNQ-Z2-main/AES-Cam-on-PYNQ-Z2-main/AES_SYS/AES_SYS.cache/ip/2023.2/3/b/3bc72d579e6ad5e4/AES_SYS_auto_pc_0_sim_netlist.vhdl to c:/code/RFC-8439-fpga-implementation/AES-Cam-on-PYNQ-Z2-main/AES-Cam-on-PYNQ-Z2-main/AES_SYS/AES_SYS.gen/sources_1/bd/AES_SYS/ip/AES_SYS_auto_pc_9/AES_SYS_auto_pc_9_sim_netlist.vhdl.
INFO: [IP_Flow 19-6926] IPCACHE: added file to list for BOM: c:/code/RFC-8439-fpga-implementation/AES-Cam-on-PYNQ-Z2-main/AES-Cam-on-PYNQ-Z2-main/AES_SYS/AES_SYS.gen/sources_1/bd/AES_SYS/ip/AES_SYS_auto_pc_9/AES_SYS_auto_pc_9_sim_netlist.vhdl
INFO: [IP_Flow 19-6928] IPCACHE: copied cached file c:/code/RFC-8439-fpga-implementation/AES-Cam-on-PYNQ-Z2-main/AES-Cam-on-PYNQ-Z2-main/AES_SYS/AES_SYS.cache/ip/2023.2/3/b/3bc72d579e6ad5e4/AES_SYS_auto_pc_0_stub.v to c:/code/RFC-8439-fpga-implementation/AES-Cam-on-PYNQ-Z2-main/AES-Cam-on-PYNQ-Z2-main/AES_SYS/AES_SYS.gen/sources_1/bd/AES_SYS/ip/AES_SYS_auto_pc_9/AES_SYS_auto_pc_9_stub.v.
INFO: [IP_Flow 19-6926] IPCACHE: added file to list for BOM: c:/code/RFC-8439-fpga-implementation/AES-Cam-on-PYNQ-Z2-main/AES-Cam-on-PYNQ-Z2-main/AES_SYS/AES_SYS.gen/sources_1/bd/AES_SYS/ip/AES_SYS_auto_pc_9/AES_SYS_auto_pc_9_stub.v
INFO: [IP_Flow 19-6928] IPCACHE: copied cached file c:/code/RFC-8439-fpga-implementation/AES-Cam-on-PYNQ-Z2-main/AES-Cam-on-PYNQ-Z2-main/AES_SYS/AES_SYS.cache/ip/2023.2/3/b/3bc72d579e6ad5e4/AES_SYS_auto_pc_0_stub.vhdl to c:/code/RFC-8439-fpga-implementation/AES-Cam-on-PYNQ-Z2-main/AES-Cam-on-PYNQ-Z2-main/AES_SYS/AES_SYS.gen/sources_1/bd/AES_SYS/ip/AES_SYS_auto_pc_9/AES_SYS_auto_pc_9_stub.vhdl.
INFO: [IP_Flow 19-6926] IPCACHE: added file to list for BOM: c:/code/RFC-8439-fpga-implementation/AES-Cam-on-PYNQ-Z2-main/AES-Cam-on-PYNQ-Z2-main/AES_SYS/AES_SYS.gen/sources_1/bd/AES_SYS/ip/AES_SYS_auto_pc_9/AES_SYS_auto_pc_9_stub.vhdl
INFO: [IP_Flow 19-4993] Using cached IP synthesis design for IP AES_SYS_auto_pc_9, cache-ID = 3bc72d579e6ad5e4; cache size = 173.665 MB.
INFO: [IP_Flow 19-6924] IPCACHE: Running cache check for IP inst: AES_SYS_auto_pc_13
INFO: [IP_Flow 19-6922] IPCACHE: Exporting cached entry 177366daf5914f73 to dir: c:/code/RFC-8439-fpga-implementation/AES-Cam-on-PYNQ-Z2-main/AES-Cam-on-PYNQ-Z2-main/AES_SYS/AES_SYS.gen/sources_1/bd/AES_SYS/ip/AES_SYS_auto_pc_13
INFO: [IP_Flow 19-6928] IPCACHE: copied cached file c:/code/RFC-8439-fpga-implementation/AES-Cam-on-PYNQ-Z2-main/AES-Cam-on-PYNQ-Z2-main/AES_SYS/AES_SYS.cache/ip/2023.2/1/7/177366daf5914f73/AES_SYS_auto_pc_12.dcp to c:/code/RFC-8439-fpga-implementation/AES-Cam-on-PYNQ-Z2-main/AES-Cam-on-PYNQ-Z2-main/AES_SYS/AES_SYS.gen/sources_1/bd/AES_SYS/ip/AES_SYS_auto_pc_13/AES_SYS_auto_pc_13.dcp.
INFO: [IP_Flow 19-6926] IPCACHE: added file to list for BOM: c:/code/RFC-8439-fpga-implementation/AES-Cam-on-PYNQ-Z2-main/AES-Cam-on-PYNQ-Z2-main/AES_SYS/AES_SYS.gen/sources_1/bd/AES_SYS/ip/AES_SYS_auto_pc_13/AES_SYS_auto_pc_13.dcp
INFO: [IP_Flow 19-6928] IPCACHE: copied cached file c:/code/RFC-8439-fpga-implementation/AES-Cam-on-PYNQ-Z2-main/AES-Cam-on-PYNQ-Z2-main/AES_SYS/AES_SYS.cache/ip/2023.2/1/7/177366daf5914f73/AES_SYS_auto_pc_12_sim_netlist.v to c:/code/RFC-8439-fpga-implementation/AES-Cam-on-PYNQ-Z2-main/AES-Cam-on-PYNQ-Z2-main/AES_SYS/AES_SYS.gen/sources_1/bd/AES_SYS/ip/AES_SYS_auto_pc_13/AES_SYS_auto_pc_13_sim_netlist.v.
INFO: [IP_Flow 19-6926] IPCACHE: added file to list for BOM: c:/code/RFC-8439-fpga-implementation/AES-Cam-on-PYNQ-Z2-main/AES-Cam-on-PYNQ-Z2-main/AES_SYS/AES_SYS.gen/sources_1/bd/AES_SYS/ip/AES_SYS_auto_pc_13/AES_SYS_auto_pc_13_sim_netlist.v
INFO: [IP_Flow 19-6928] IPCACHE: copied cached file c:/code/RFC-8439-fpga-implementation/AES-Cam-on-PYNQ-Z2-main/AES-Cam-on-PYNQ-Z2-main/AES_SYS/AES_SYS.cache/ip/2023.2/1/7/177366daf5914f73/AES_SYS_auto_pc_12_sim_netlist.vhdl to c:/code/RFC-8439-fpga-implementation/AES-Cam-on-PYNQ-Z2-main/AES-Cam-on-PYNQ-Z2-main/AES_SYS/AES_SYS.gen/sources_1/bd/AES_SYS/ip/AES_SYS_auto_pc_13/AES_SYS_auto_pc_13_sim_netlist.vhdl.
INFO: [IP_Flow 19-6926] IPCACHE: added file to list for BOM: c:/code/RFC-8439-fpga-implementation/AES-Cam-on-PYNQ-Z2-main/AES-Cam-on-PYNQ-Z2-main/AES_SYS/AES_SYS.gen/sources_1/bd/AES_SYS/ip/AES_SYS_auto_pc_13/AES_SYS_auto_pc_13_sim_netlist.vhdl
INFO: [IP_Flow 19-6928] IPCACHE: copied cached file c:/code/RFC-8439-fpga-implementation/AES-Cam-on-PYNQ-Z2-main/AES-Cam-on-PYNQ-Z2-main/AES_SYS/AES_SYS.cache/ip/2023.2/1/7/177366daf5914f73/AES_SYS_auto_pc_12_stub.v to c:/code/RFC-8439-fpga-implementation/AES-Cam-on-PYNQ-Z2-main/AES-Cam-on-PYNQ-Z2-main/AES_SYS/AES_SYS.gen/sources_1/bd/AES_SYS/ip/AES_SYS_auto_pc_13/AES_SYS_auto_pc_13_stub.v.
INFO: [IP_Flow 19-6926] IPCACHE: added file to list for BOM: c:/code/RFC-8439-fpga-implementation/AES-Cam-on-PYNQ-Z2-main/AES-Cam-on-PYNQ-Z2-main/AES_SYS/AES_SYS.gen/sources_1/bd/AES_SYS/ip/AES_SYS_auto_pc_13/AES_SYS_auto_pc_13_stub.v
INFO: [IP_Flow 19-6928] IPCACHE: copied cached file c:/code/RFC-8439-fpga-implementation/AES-Cam-on-PYNQ-Z2-main/AES-Cam-on-PYNQ-Z2-main/AES_SYS/AES_SYS.cache/ip/2023.2/1/7/177366daf5914f73/AES_SYS_auto_pc_12_stub.vhdl to c:/code/RFC-8439-fpga-implementation/AES-Cam-on-PYNQ-Z2-main/AES-Cam-on-PYNQ-Z2-main/AES_SYS/AES_SYS.gen/sources_1/bd/AES_SYS/ip/AES_SYS_auto_pc_13/AES_SYS_auto_pc_13_stub.vhdl.
INFO: [IP_Flow 19-6926] IPCACHE: added file to list for BOM: c:/code/RFC-8439-fpga-implementation/AES-Cam-on-PYNQ-Z2-main/AES-Cam-on-PYNQ-Z2-main/AES_SYS/AES_SYS.gen/sources_1/bd/AES_SYS/ip/AES_SYS_auto_pc_13/AES_SYS_auto_pc_13_stub.vhdl
INFO: [IP_Flow 19-4993] Using cached IP synthesis design for IP AES_SYS_auto_pc_13, cache-ID = 177366daf5914f73; cache size = 173.665 MB.
INFO: [IP_Flow 19-6924] IPCACHE: Running cache check for IP inst: AES_SYS_auto_pc_14
INFO: [IP_Flow 19-6922] IPCACHE: Exporting cached entry 680f4c3d4d7785e1 to dir: c:/code/RFC-8439-fpga-implementation/AES-Cam-on-PYNQ-Z2-main/AES-Cam-on-PYNQ-Z2-main/AES_SYS/AES_SYS.gen/sources_1/bd/AES_SYS/ip/AES_SYS_auto_pc_14
INFO: [IP_Flow 19-6928] IPCACHE: copied cached file c:/code/RFC-8439-fpga-implementation/AES-Cam-on-PYNQ-Z2-main/AES-Cam-on-PYNQ-Z2-main/AES_SYS/AES_SYS.cache/ip/2023.2/6/8/680f4c3d4d7785e1/AES_SYS_auto_pc_13.dcp to c:/code/RFC-8439-fpga-implementation/AES-Cam-on-PYNQ-Z2-main/AES-Cam-on-PYNQ-Z2-main/AES_SYS/AES_SYS.gen/sources_1/bd/AES_SYS/ip/AES_SYS_auto_pc_14/AES_SYS_auto_pc_14.dcp.
INFO: [IP_Flow 19-6926] IPCACHE: added file to list for BOM: c:/code/RFC-8439-fpga-implementation/AES-Cam-on-PYNQ-Z2-main/AES-Cam-on-PYNQ-Z2-main/AES_SYS/AES_SYS.gen/sources_1/bd/AES_SYS/ip/AES_SYS_auto_pc_14/AES_SYS_auto_pc_14.dcp
INFO: [IP_Flow 19-6928] IPCACHE: copied cached file c:/code/RFC-8439-fpga-implementation/AES-Cam-on-PYNQ-Z2-main/AES-Cam-on-PYNQ-Z2-main/AES_SYS/AES_SYS.cache/ip/2023.2/6/8/680f4c3d4d7785e1/AES_SYS_auto_pc_13_sim_netlist.v to c:/code/RFC-8439-fpga-implementation/AES-Cam-on-PYNQ-Z2-main/AES-Cam-on-PYNQ-Z2-main/AES_SYS/AES_SYS.gen/sources_1/bd/AES_SYS/ip/AES_SYS_auto_pc_14/AES_SYS_auto_pc_14_sim_netlist.v.
INFO: [IP_Flow 19-6926] IPCACHE: added file to list for BOM: c:/code/RFC-8439-fpga-implementation/AES-Cam-on-PYNQ-Z2-main/AES-Cam-on-PYNQ-Z2-main/AES_SYS/AES_SYS.gen/sources_1/bd/AES_SYS/ip/AES_SYS_auto_pc_14/AES_SYS_auto_pc_14_sim_netlist.v
INFO: [IP_Flow 19-6928] IPCACHE: copied cached file c:/code/RFC-8439-fpga-implementation/AES-Cam-on-PYNQ-Z2-main/AES-Cam-on-PYNQ-Z2-main/AES_SYS/AES_SYS.cache/ip/2023.2/6/8/680f4c3d4d7785e1/AES_SYS_auto_pc_13_sim_netlist.vhdl to c:/code/RFC-8439-fpga-implementation/AES-Cam-on-PYNQ-Z2-main/AES-Cam-on-PYNQ-Z2-main/AES_SYS/AES_SYS.gen/sources_1/bd/AES_SYS/ip/AES_SYS_auto_pc_14/AES_SYS_auto_pc_14_sim_netlist.vhdl.
INFO: [IP_Flow 19-6926] IPCACHE: added file to list for BOM: c:/code/RFC-8439-fpga-implementation/AES-Cam-on-PYNQ-Z2-main/AES-Cam-on-PYNQ-Z2-main/AES_SYS/AES_SYS.gen/sources_1/bd/AES_SYS/ip/AES_SYS_auto_pc_14/AES_SYS_auto_pc_14_sim_netlist.vhdl
INFO: [IP_Flow 19-6928] IPCACHE: copied cached file c:/code/RFC-8439-fpga-implementation/AES-Cam-on-PYNQ-Z2-main/AES-Cam-on-PYNQ-Z2-main/AES_SYS/AES_SYS.cache/ip/2023.2/6/8/680f4c3d4d7785e1/AES_SYS_auto_pc_13_stub.v to c:/code/RFC-8439-fpga-implementation/AES-Cam-on-PYNQ-Z2-main/AES-Cam-on-PYNQ-Z2-main/AES_SYS/AES_SYS.gen/sources_1/bd/AES_SYS/ip/AES_SYS_auto_pc_14/AES_SYS_auto_pc_14_stub.v.
INFO: [IP_Flow 19-6926] IPCACHE: added file to list for BOM: c:/code/RFC-8439-fpga-implementation/AES-Cam-on-PYNQ-Z2-main/AES-Cam-on-PYNQ-Z2-main/AES_SYS/AES_SYS.gen/sources_1/bd/AES_SYS/ip/AES_SYS_auto_pc_14/AES_SYS_auto_pc_14_stub.v
INFO: [IP_Flow 19-6928] IPCACHE: copied cached file c:/code/RFC-8439-fpga-implementation/AES-Cam-on-PYNQ-Z2-main/AES-Cam-on-PYNQ-Z2-main/AES_SYS/AES_SYS.cache/ip/2023.2/6/8/680f4c3d4d7785e1/AES_SYS_auto_pc_13_stub.vhdl to c:/code/RFC-8439-fpga-implementation/AES-Cam-on-PYNQ-Z2-main/AES-Cam-on-PYNQ-Z2-main/AES_SYS/AES_SYS.gen/sources_1/bd/AES_SYS/ip/AES_SYS_auto_pc_14/AES_SYS_auto_pc_14_stub.vhdl.
INFO: [IP_Flow 19-6926] IPCACHE: added file to list for BOM: c:/code/RFC-8439-fpga-implementation/AES-Cam-on-PYNQ-Z2-main/AES-Cam-on-PYNQ-Z2-main/AES_SYS/AES_SYS.gen/sources_1/bd/AES_SYS/ip/AES_SYS_auto_pc_14/AES_SYS_auto_pc_14_stub.vhdl
INFO: [IP_Flow 19-4993] Using cached IP synthesis design for IP AES_SYS_auto_pc_14, cache-ID = 680f4c3d4d7785e1; cache size = 173.665 MB.
INFO: [IP_Flow 19-6924] IPCACHE: Running cache check for IP inst: AES_SYS_auto_us_0
INFO: [IP_Flow 19-6922] IPCACHE: Exporting cached entry 96128dd45566b66c to dir: c:/code/RFC-8439-fpga-implementation/AES-Cam-on-PYNQ-Z2-main/AES-Cam-on-PYNQ-Z2-main/AES_SYS/AES_SYS.gen/sources_1/bd/AES_SYS/ip/AES_SYS_auto_us_0
INFO: [IP_Flow 19-6928] IPCACHE: copied cached file c:/code/RFC-8439-fpga-implementation/AES-Cam-on-PYNQ-Z2-main/AES-Cam-on-PYNQ-Z2-main/AES_SYS/AES_SYS.cache/ip/2023.2/9/6/96128dd45566b66c/AES_SYS_auto_us_0.dcp to c:/code/RFC-8439-fpga-implementation/AES-Cam-on-PYNQ-Z2-main/AES-Cam-on-PYNQ-Z2-main/AES_SYS/AES_SYS.gen/sources_1/bd/AES_SYS/ip/AES_SYS_auto_us_0/AES_SYS_auto_us_0.dcp.
INFO: [IP_Flow 19-6926] IPCACHE: added file to list for BOM: c:/code/RFC-8439-fpga-implementation/AES-Cam-on-PYNQ-Z2-main/AES-Cam-on-PYNQ-Z2-main/AES_SYS/AES_SYS.gen/sources_1/bd/AES_SYS/ip/AES_SYS_auto_us_0/AES_SYS_auto_us_0.dcp
INFO: [IP_Flow 19-6928] IPCACHE: copied cached file c:/code/RFC-8439-fpga-implementation/AES-Cam-on-PYNQ-Z2-main/AES-Cam-on-PYNQ-Z2-main/AES_SYS/AES_SYS.cache/ip/2023.2/9/6/96128dd45566b66c/AES_SYS_auto_us_0_sim_netlist.v to c:/code/RFC-8439-fpga-implementation/AES-Cam-on-PYNQ-Z2-main/AES-Cam-on-PYNQ-Z2-main/AES_SYS/AES_SYS.gen/sources_1/bd/AES_SYS/ip/AES_SYS_auto_us_0/AES_SYS_auto_us_0_sim_netlist.v.
INFO: [IP_Flow 19-6926] IPCACHE: added file to list for BOM: c:/code/RFC-8439-fpga-implementation/AES-Cam-on-PYNQ-Z2-main/AES-Cam-on-PYNQ-Z2-main/AES_SYS/AES_SYS.gen/sources_1/bd/AES_SYS/ip/AES_SYS_auto_us_0/AES_SYS_auto_us_0_sim_netlist.v
INFO: [IP_Flow 19-6928] IPCACHE: copied cached file c:/code/RFC-8439-fpga-implementation/AES-Cam-on-PYNQ-Z2-main/AES-Cam-on-PYNQ-Z2-main/AES_SYS/AES_SYS.cache/ip/2023.2/9/6/96128dd45566b66c/AES_SYS_auto_us_0_sim_netlist.vhdl to c:/code/RFC-8439-fpga-implementation/AES-Cam-on-PYNQ-Z2-main/AES-Cam-on-PYNQ-Z2-main/AES_SYS/AES_SYS.gen/sources_1/bd/AES_SYS/ip/AES_SYS_auto_us_0/AES_SYS_auto_us_0_sim_netlist.vhdl.
INFO: [IP_Flow 19-6926] IPCACHE: added file to list for BOM: c:/code/RFC-8439-fpga-implementation/AES-Cam-on-PYNQ-Z2-main/AES-Cam-on-PYNQ-Z2-main/AES_SYS/AES_SYS.gen/sources_1/bd/AES_SYS/ip/AES_SYS_auto_us_0/AES_SYS_auto_us_0_sim_netlist.vhdl
INFO: [IP_Flow 19-6928] IPCACHE: copied cached file c:/code/RFC-8439-fpga-implementation/AES-Cam-on-PYNQ-Z2-main/AES-Cam-on-PYNQ-Z2-main/AES_SYS/AES_SYS.cache/ip/2023.2/9/6/96128dd45566b66c/AES_SYS_auto_us_0_stub.v to c:/code/RFC-8439-fpga-implementation/AES-Cam-on-PYNQ-Z2-main/AES-Cam-on-PYNQ-Z2-main/AES_SYS/AES_SYS.gen/sources_1/bd/AES_SYS/ip/AES_SYS_auto_us_0/AES_SYS_auto_us_0_stub.v.
INFO: [IP_Flow 19-6926] IPCACHE: added file to list for BOM: c:/code/RFC-8439-fpga-implementation/AES-Cam-on-PYNQ-Z2-main/AES-Cam-on-PYNQ-Z2-main/AES_SYS/AES_SYS.gen/sources_1/bd/AES_SYS/ip/AES_SYS_auto_us_0/AES_SYS_auto_us_0_stub.v
INFO: [IP_Flow 19-6928] IPCACHE: copied cached file c:/code/RFC-8439-fpga-implementation/AES-Cam-on-PYNQ-Z2-main/AES-Cam-on-PYNQ-Z2-main/AES_SYS/AES_SYS.cache/ip/2023.2/9/6/96128dd45566b66c/AES_SYS_auto_us_0_stub.vhdl to c:/code/RFC-8439-fpga-implementation/AES-Cam-on-PYNQ-Z2-main/AES-Cam-on-PYNQ-Z2-main/AES_SYS/AES_SYS.gen/sources_1/bd/AES_SYS/ip/AES_SYS_auto_us_0/AES_SYS_auto_us_0_stub.vhdl.
INFO: [IP_Flow 19-6926] IPCACHE: added file to list for BOM: c:/code/RFC-8439-fpga-implementation/AES-Cam-on-PYNQ-Z2-main/AES-Cam-on-PYNQ-Z2-main/AES_SYS/AES_SYS.gen/sources_1/bd/AES_SYS/ip/AES_SYS_auto_us_0/AES_SYS_auto_us_0_stub.vhdl
INFO: [IP_Flow 19-4993] Using cached IP synthesis design for IP AES_SYS_auto_us_0, cache-ID = 96128dd45566b66c; cache size = 173.665 MB.
INFO: [IP_Flow 19-6924] IPCACHE: Running cache check for IP inst: AES_SYS_auto_pc_2
INFO: [IP_Flow 19-6922] IPCACHE: Exporting cached entry 3bc72d579e6ad5e4 to dir: c:/code/RFC-8439-fpga-implementation/AES-Cam-on-PYNQ-Z2-main/AES-Cam-on-PYNQ-Z2-main/AES_SYS/AES_SYS.gen/sources_1/bd/AES_SYS/ip/AES_SYS_auto_pc_2
INFO: [IP_Flow 19-6928] IPCACHE: copied cached file c:/code/RFC-8439-fpga-implementation/AES-Cam-on-PYNQ-Z2-main/AES-Cam-on-PYNQ-Z2-main/AES_SYS/AES_SYS.cache/ip/2023.2/3/b/3bc72d579e6ad5e4/AES_SYS_auto_pc_0.dcp to c:/code/RFC-8439-fpga-implementation/AES-Cam-on-PYNQ-Z2-main/AES-Cam-on-PYNQ-Z2-main/AES_SYS/AES_SYS.gen/sources_1/bd/AES_SYS/ip/AES_SYS_auto_pc_2/AES_SYS_auto_pc_2.dcp.
INFO: [IP_Flow 19-6926] IPCACHE: added file to list for BOM: c:/code/RFC-8439-fpga-implementation/AES-Cam-on-PYNQ-Z2-main/AES-Cam-on-PYNQ-Z2-main/AES_SYS/AES_SYS.gen/sources_1/bd/AES_SYS/ip/AES_SYS_auto_pc_2/AES_SYS_auto_pc_2.dcp
INFO: [IP_Flow 19-6928] IPCACHE: copied cached file c:/code/RFC-8439-fpga-implementation/AES-Cam-on-PYNQ-Z2-main/AES-Cam-on-PYNQ-Z2-main/AES_SYS/AES_SYS.cache/ip/2023.2/3/b/3bc72d579e6ad5e4/AES_SYS_auto_pc_0_sim_netlist.v to c:/code/RFC-8439-fpga-implementation/AES-Cam-on-PYNQ-Z2-main/AES-Cam-on-PYNQ-Z2-main/AES_SYS/AES_SYS.gen/sources_1/bd/AES_SYS/ip/AES_SYS_auto_pc_2/AES_SYS_auto_pc_2_sim_netlist.v.
INFO: [IP_Flow 19-6926] IPCACHE: added file to list for BOM: c:/code/RFC-8439-fpga-implementation/AES-Cam-on-PYNQ-Z2-main/AES-Cam-on-PYNQ-Z2-main/AES_SYS/AES_SYS.gen/sources_1/bd/AES_SYS/ip/AES_SYS_auto_pc_2/AES_SYS_auto_pc_2_sim_netlist.v
INFO: [IP_Flow 19-6928] IPCACHE: copied cached file c:/code/RFC-8439-fpga-implementation/AES-Cam-on-PYNQ-Z2-main/AES-Cam-on-PYNQ-Z2-main/AES_SYS/AES_SYS.cache/ip/2023.2/3/b/3bc72d579e6ad5e4/AES_SYS_auto_pc_0_sim_netlist.vhdl to c:/code/RFC-8439-fpga-implementation/AES-Cam-on-PYNQ-Z2-main/AES-Cam-on-PYNQ-Z2-main/AES_SYS/AES_SYS.gen/sources_1/bd/AES_SYS/ip/AES_SYS_auto_pc_2/AES_SYS_auto_pc_2_sim_netlist.vhdl.
INFO: [IP_Flow 19-6926] IPCACHE: added file to list for BOM: c:/code/RFC-8439-fpga-implementation/AES-Cam-on-PYNQ-Z2-main/AES-Cam-on-PYNQ-Z2-main/AES_SYS/AES_SYS.gen/sources_1/bd/AES_SYS/ip/AES_SYS_auto_pc_2/AES_SYS_auto_pc_2_sim_netlist.vhdl
INFO: [IP_Flow 19-6928] IPCACHE: copied cached file c:/code/RFC-8439-fpga-implementation/AES-Cam-on-PYNQ-Z2-main/AES-Cam-on-PYNQ-Z2-main/AES_SYS/AES_SYS.cache/ip/2023.2/3/b/3bc72d579e6ad5e4/AES_SYS_auto_pc_0_stub.v to c:/code/RFC-8439-fpga-implementation/AES-Cam-on-PYNQ-Z2-main/AES-Cam-on-PYNQ-Z2-main/AES_SYS/AES_SYS.gen/sources_1/bd/AES_SYS/ip/AES_SYS_auto_pc_2/AES_SYS_auto_pc_2_stub.v.
INFO: [IP_Flow 19-6926] IPCACHE: added file to list for BOM: c:/code/RFC-8439-fpga-implementation/AES-Cam-on-PYNQ-Z2-main/AES-Cam-on-PYNQ-Z2-main/AES_SYS/AES_SYS.gen/sources_1/bd/AES_SYS/ip/AES_SYS_auto_pc_2/AES_SYS_auto_pc_2_stub.v
INFO: [IP_Flow 19-6928] IPCACHE: copied cached file c:/code/RFC-8439-fpga-implementation/AES-Cam-on-PYNQ-Z2-main/AES-Cam-on-PYNQ-Z2-main/AES_SYS/AES_SYS.cache/ip/2023.2/3/b/3bc72d579e6ad5e4/AES_SYS_auto_pc_0_stub.vhdl to c:/code/RFC-8439-fpga-implementation/AES-Cam-on-PYNQ-Z2-main/AES-Cam-on-PYNQ-Z2-main/AES_SYS/AES_SYS.gen/sources_1/bd/AES_SYS/ip/AES_SYS_auto_pc_2/AES_SYS_auto_pc_2_stub.vhdl.
INFO: [IP_Flow 19-6926] IPCACHE: added file to list for BOM: c:/code/RFC-8439-fpga-implementation/AES-Cam-on-PYNQ-Z2-main/AES-Cam-on-PYNQ-Z2-main/AES_SYS/AES_SYS.gen/sources_1/bd/AES_SYS/ip/AES_SYS_auto_pc_2/AES_SYS_auto_pc_2_stub.vhdl
INFO: [IP_Flow 19-4993] Using cached IP synthesis design for IP AES_SYS_auto_pc_2, cache-ID = 3bc72d579e6ad5e4; cache size = 173.665 MB.
[Wed May 27 05:09:10 2026] Launched synth_1...
Run output will be captured here: C:/code/RFC-8439-fpga-implementation/AES-Cam-on-PYNQ-Z2-main/AES-Cam-on-PYNQ-Z2-main/AES_SYS/AES_SYS.runs/synth_1/runme.log
[Wed May 27 05:09:10 2026] Launched impl_1...
Run output will be captured here: C:/code/RFC-8439-fpga-implementation/AES-Cam-on-PYNQ-Z2-main/AES-Cam-on-PYNQ-Z2-main/AES_SYS/AES_SYS.runs/impl_1/runme.log
launch_runs: Time (s): cpu = 00:00:37 ; elapsed = 00:00:38 . Memory (MB): peak = 5097.148 ; gain = 0.000
exit
INFO: [Common 17-206] Exiting Vivado at Wed May 27 07:20:20 2026...
