#-----------------------------------------------------------
# Vivado v2023.2 (64-bit)
# SW Build 4029153 on Fri Oct 13 20:14:34 MDT 2023
# IP Build 4028589 on Sat Oct 14 00:45:43 MDT 2023
# SharedData Build 4025554 on Tue Oct 10 17:18:54 MDT 2023
# Start of session at: Mon May 25 19:17:54 2026
# Process ID: 14680
# Current directory: C:/code/RFC-8439-fpga-implementation/AES-Cam-on-PYNQ-Z2-main/AES-Cam-on-PYNQ-Z2-main/AES_SYS
# Command line: vivado.exe -gui_launcher_event rodinguilauncherevent660 C:\code\RFC-8439-fpga-implementation\AES-Cam-on-PYNQ-Z2-main\AES-Cam-on-PYNQ-Z2-main\AES_SYS\AES_SYS.xpr
# Log file: C:/code/RFC-8439-fpga-implementation/AES-Cam-on-PYNQ-Z2-main/AES-Cam-on-PYNQ-Z2-main/AES_SYS/vivado.log
# Journal file: C:/code/RFC-8439-fpga-implementation/AES-Cam-on-PYNQ-Z2-main/AES-Cam-on-PYNQ-Z2-main/AES_SYS\vivado.jou
# Running On: LAPTOP-JHH6RF8B, OS: Windows, CPU Frequency: 2419 MHz, CPU Physical cores: 24, Host memory: 34049 MB
#-----------------------------------------------------------
start_gui
open_project C:/code/RFC-8439-fpga-implementation/AES-Cam-on-PYNQ-Z2-main/AES-Cam-on-PYNQ-Z2-main/AES_SYS/AES_SYS.xpr
INFO: [ProjectBase 1-489] The host OS only allows 260 characters in a normal path. The project is stored in a path with more than 80 characters. If you experience issues with IP, Block Designs, or files not being found, please consider moving the project to a location with a shorter path. Alternately consider using the OS subst command to map part of the path to a drive letter.
Current project path is 'C:/code/RFC-8439-fpga-implementation/AES-Cam-on-PYNQ-Z2-main/AES-Cam-on-PYNQ-Z2-main/AES_SYS'
WARNING: [Board 49-26] cannot add Board Part xilinx.com:kcu105:part0:1.6 available at C:/Xilinx/Vivado/2023.2/data/xhub/boards/XilinxBoardStore/boards/Xilinx/kcu105/1.6/board.xml as part xcku040-ffva1156-2-e specified in board_part file is either invalid or not available
WARNING: [Board 49-26] cannot add Board Part xilinx.com:kcu105:part0:1.7 available at C:/Xilinx/Vivado/2023.2/data/xhub/boards/XilinxBoardStore/boards/Xilinx/kcu105/1.7/board.xml as part xcku040-ffva1156-2-e specified in board_part file is either invalid or not available
WARNING: [Board 49-26] cannot add Board Part xilinx.com:kcu116:part0:1.4 available at C:/Xilinx/Vivado/2023.2/data/xhub/boards/XilinxBoardStore/boards/Xilinx/kcu116/1.4/board.xml as part xcku5p-ffvb676-2-e specified in board_part file is either invalid or not available
WARNING: [Board 49-26] cannot add Board Part xilinx.com:kcu116:part0:1.5 available at C:/Xilinx/Vivado/2023.2/data/xhub/boards/XilinxBoardStore/boards/Xilinx/kcu116/1.5/board.xml as part xcku5p-ffvb676-2-e specified in board_part file is either invalid or not available
WARNING: [Board 49-26] cannot add Board Part xilinx.com:kcu1500:part0:1.2 available at C:/Xilinx/Vivado/2023.2/data/xhub/boards/XilinxBoardStore/boards/Xilinx/kcu1500/1.2/board.xml as part xcku115-flvb2104-2-e specified in board_part file is either invalid or not available
WARNING: [Board 49-26] cannot add Board Part xilinx.com:vck190:part0:2.2 available at C:/Xilinx/Vivado/2023.2/data/xhub/boards/XilinxBoardStore/boards/Xilinx/vck190/production/2.2/board.xml as part xcvc1902-vsva2197-2mp-e-s specified in board_part file is either invalid or not available
WARNING: [Board 49-26] cannot add Board Part xilinx.com:vck190:part0:3.0 available at C:/Xilinx/Vivado/2023.2/data/xhub/boards/XilinxBoardStore/boards/Xilinx/vck190/production/3.0/board.xml as part xcvc1902-vsva2197-2mp-e-s specified in board_part file is either invalid or not available
WARNING: [Board 49-26] cannot add Board Part xilinx.com:vck190:part0:3.1 available at C:/Xilinx/Vivado/2023.2/data/xhub/boards/XilinxBoardStore/boards/Xilinx/vck190/production/3.1/board.xml as part xcvc1902-vsva2197-2mp-e-s specified in board_part file is either invalid or not available
WARNING: [Board 49-26] cannot add Board Part xilinx.com:vck190:part0:3.2 available at C:/Xilinx/Vivado/2023.2/data/xhub/boards/XilinxBoardStore/boards/Xilinx/vck190/production/3.2/board.xml as part xcvc1902-vsva2197-2mp-e-s specified in board_part file is either invalid or not available
WARNING: [Board 49-26] cannot add Board Part xilinx.com:vck190_newl:part0:1.0 available at C:/Xilinx/Vivado/2023.2/data/xhub/boards/XilinxBoardStore/boards/Xilinx/vck190_newl/production/1.0/board.xml as part xcvc1902-vsva2197-2mp-e-s specified in board_part file is either invalid or not available
WARNING: [Board 49-26] cannot add Board Part xilinx.com:vck190_newl:part0:1.1 available at C:/Xilinx/Vivado/2023.2/data/xhub/boards/XilinxBoardStore/boards/Xilinx/vck190_newl/production/1.1/board.xml as part xcvc1902-vsva2197-2mp-e-s specified in board_part file is either invalid or not available
WARNING: [Board 49-26] cannot add Board Part xilinx.com:vcu108:part0:1.6 available at C:/Xilinx/Vivado/2023.2/data/xhub/boards/XilinxBoardStore/boards/Xilinx/vcu108/1.6/board.xml as part xcvu095-ffva2104-2-e specified in board_part file is either invalid or not available
WARNING: [Board 49-26] cannot add Board Part xilinx.com:vcu108:part0:1.7 available at C:/Xilinx/Vivado/2023.2/data/xhub/boards/XilinxBoardStore/boards/Xilinx/vcu108/1.7/board.xml as part xcvu095-ffva2104-2-e specified in board_part file is either invalid or not available
WARNING: [Board 49-26] cannot add Board Part xilinx.com:vcu110:part0:1.4 available at C:/Xilinx/Vivado/2023.2/data/xhub/boards/XilinxBoardStore/boards/Xilinx/vcu110/1.4/board.xml as part xcvu190-flgc2104-2-e specified in board_part file is either invalid or not available
WARNING: [Board 49-26] cannot add Board Part xilinx.com:vcu118:part0:2.0 available at C:/Xilinx/Vivado/2023.2/data/xhub/boards/XilinxBoardStore/boards/Xilinx/vcu118/2.0/board.xml as part xcvu9p-flga2104-2l-e specified in board_part file is either invalid or not available
WARNING: [Board 49-26] cannot add Board Part xilinx.com:vcu118:part0:2.3 available at C:/Xilinx/Vivado/2023.2/data/xhub/boards/XilinxBoardStore/boards/Xilinx/vcu118/2.3/board.xml as part xcvu9p-flga2104-2l-e specified in board_part file is either invalid or not available
WARNING: [Board 49-26] cannot add Board Part xilinx.com:vcu118:part0:2.4 available at C:/Xilinx/Vivado/2023.2/data/xhub/boards/XilinxBoardStore/boards/Xilinx/vcu118/2.4/board.xml as part xcvu9p-flga2104-2l-e specified in board_part file is either invalid or not available
WARNING: [Board 49-26] cannot add Board Part xilinx.com:vcu128:part0:1.0 available at C:/Xilinx/Vivado/2023.2/data/xhub/boards/XilinxBoardStore/boards/Xilinx/vcu128/production/1.0/board.xml as part xcvu37p-fsvh2892-2l-e specified in board_part file is either invalid or not available
WARNING: [Board 49-26] cannot add Board Part xilinx.com:vcu129:part0:1.0 available at C:/Xilinx/Vivado/2023.2/data/xhub/boards/XilinxBoardStore/boards/Xilinx/vcu129/production/1.0/board.xml as part xcvu29p-fsga2577-2l-e specified in board_part file is either invalid or not available
WARNING: [Board 49-26] cannot add Board Part xilinx.com:vcu1525:part0:1.3 available at C:/Xilinx/Vivado/2023.2/data/xhub/boards/XilinxBoardStore/boards/Xilinx/vcu1525/1.3/board.xml as part xcvu9p-fsgd2104-2l-e specified in board_part file is either invalid or not available
WARNING: [Board 49-26] cannot add Board Part xilinx.com:vek280:part0:1.0 available at C:/Xilinx/Vivado/2023.2/data/xhub/boards/XilinxBoardStore/boards/Xilinx/vek280/production/1.0/board.xml as part xcve2802-vsvh1760-2mp-e-s specified in board_part file is either invalid or not available
WARNING: [Board 49-26] cannot add Board Part xilinx.com:vek280_es:part0:1.0 available at C:/Xilinx/Vivado/2023.2/data/xhub/boards/XilinxBoardStore/boards/Xilinx/vek280/es/rev_a/1.0/board.xml as part xcve2802-vsvh1760-2lp-e-s-es1 specified in board_part file is either invalid or not available
WARNING: [Board 49-26] cannot add Board Part xilinx.com:vek280_es:part0:1.1 available at C:/Xilinx/Vivado/2023.2/data/xhub/boards/XilinxBoardStore/boards/Xilinx/vek280/es/rev_a/1.1/board.xml as part xcve2802-vsvh1760-2lp-e-s-es1 specified in board_part file is either invalid or not available
WARNING: [Board 49-26] cannot add Board Part xilinx.com:vek280_es_revb:part0:1.0 available at C:/Xilinx/Vivado/2023.2/data/xhub/boards/XilinxBoardStore/boards/Xilinx/vek280/es/rev_b/1.0/board.xml as part xcve2802-vsvh1760-2mp-e-s-es1 specified in board_part file is either invalid or not available
WARNING: [Board 49-26] cannot add Board Part xilinx.com:vek280_es_revb:part0:1.1 available at C:/Xilinx/Vivado/2023.2/data/xhub/boards/XilinxBoardStore/boards/Xilinx/vek280/es/rev_b/1.1/board.xml as part xcve2802-vsvh1760-2mp-e-s-es1 specified in board_part file is either invalid or not available
WARNING: [Board 49-26] cannot add Board Part xilinx.com:vhk158:part0:1.0 available at C:/Xilinx/Vivado/2023.2/data/xhub/boards/XilinxBoardStore/boards/Xilinx/vhk158/production/1.0/board.xml as part xcvh1582-vsva3697-2mp-e-s specified in board_part file is either invalid or not available
WARNING: [Board 49-26] cannot add Board Part xilinx.com:vhk158:part0:1.1 available at C:/Xilinx/Vivado/2023.2/data/xhub/boards/XilinxBoardStore/boards/Xilinx/vhk158/production/1.1/board.xml as part xcvh1582-vsva3697-2mp-e-s specified in board_part file is either invalid or not available
WARNING: [Board 49-26] cannot add Board Part xilinx.com:vhk158_es:part0:1.0 available at C:/Xilinx/Vivado/2023.2/data/xhub/boards/XilinxBoardStore/boards/Xilinx/vhk158/es/1.0/board.xml as part xcvh1582-vsva3697-2mp-e-s-es1 specified in board_part file is either invalid or not available
WARNING: [Board 49-26] cannot add Board Part xilinx.com:vhk158_es:part0:1.1 available at C:/Xilinx/Vivado/2023.2/data/xhub/boards/XilinxBoardStore/boards/Xilinx/vhk158/es/1.1/board.xml as part xcvh1582-vsva3697-2mp-e-s-es1 specified in board_part file is either invalid or not available
WARNING: [Board 49-26] cannot add Board Part xilinx.com:vmk180:part0:2.2 available at C:/Xilinx/Vivado/2023.2/data/xhub/boards/XilinxBoardStore/boards/Xilinx/vmk180/production/2.2/board.xml as part xcvm1802-vsva2197-2mp-e-s specified in board_part file is either invalid or not available
WARNING: [Board 49-26] cannot add Board Part xilinx.com:vmk180:part0:3.0 available at C:/Xilinx/Vivado/2023.2/data/xhub/boards/XilinxBoardStore/boards/Xilinx/vmk180/production/3.0/board.xml as part xcvm1802-vsva2197-2mp-e-s specified in board_part file is either invalid or not available
WARNING: [Board 49-26] cannot add Board Part xilinx.com:vmk180:part0:3.1 available at C:/Xilinx/Vivado/2023.2/data/xhub/boards/XilinxBoardStore/boards/Xilinx/vmk180/production/3.1/board.xml as part xcvm1802-vsva2197-2mp-e-s specified in board_part file is either invalid or not available
WARNING: [Board 49-26] cannot add Board Part xilinx.com:vmk180:part0:3.2 available at C:/Xilinx/Vivado/2023.2/data/xhub/boards/XilinxBoardStore/boards/Xilinx/vmk180/production/3.2/board.xml as part xcvm1802-vsva2197-2mp-e-s specified in board_part file is either invalid or not available
WARNING: [Board 49-26] cannot add Board Part xilinx.com:vmk180_newl:part0:1.0 available at C:/Xilinx/Vivado/2023.2/data/xhub/boards/XilinxBoardStore/boards/Xilinx/vmk180_newl/production/1.0/board.xml as part xcvm1802-vsva2197-2mp-e-s specified in board_part file is either invalid or not available
WARNING: [Board 49-26] cannot add Board Part xilinx.com:vmk180_newl:part0:1.1 available at C:/Xilinx/Vivado/2023.2/data/xhub/boards/XilinxBoardStore/boards/Xilinx/vmk180_newl/production/1.1/board.xml as part xcvm1802-vsva2197-2mp-e-s specified in board_part file is either invalid or not available
WARNING: [Board 49-26] cannot add Board Part xilinx.com:vpk120:part0:1.0 available at C:/Xilinx/Vivado/2023.2/data/xhub/boards/XilinxBoardStore/boards/Xilinx/vpk120/production/1.0/board.xml as part xcvp1202-vsva2785-2mp-e-s specified in board_part file is either invalid or not available
WARNING: [Board 49-26] cannot add Board Part xilinx.com:vpk120:part0:1.1 available at C:/Xilinx/Vivado/2023.2/data/xhub/boards/XilinxBoardStore/boards/Xilinx/vpk120/production/1.1/board.xml as part xcvp1202-vsva2785-2mp-e-s specified in board_part file is either invalid or not available
WARNING: [Board 49-26] cannot add Board Part xilinx.com:vpk120:part0:1.2 available at C:/Xilinx/Vivado/2023.2/data/xhub/boards/XilinxBoardStore/boards/Xilinx/vpk120/production/1.2/board.xml as part xcvp1202-vsva2785-2mp-e-s specified in board_part file is either invalid or not available
WARNING: [Board 49-26] cannot add Board Part xilinx.com:vpk180:part0:1.0 available at C:/Xilinx/Vivado/2023.2/data/xhub/boards/XilinxBoardStore/boards/Xilinx/vpk180/production/1.0/board.xml as part xcvp1802-lsvc4072-2mp-e-s specified in board_part file is either invalid or not available
WARNING: [Board 49-26] cannot add Board Part xilinx.com:vpk180:part0:1.1 available at C:/Xilinx/Vivado/2023.2/data/xhub/boards/XilinxBoardStore/boards/Xilinx/vpk180/production/1.1/board.xml as part xcvp1802-lsvc4072-2mp-e-s specified in board_part file is either invalid or not available
WARNING: [Board 49-26] cannot add Board Part xilinx.com:zcu208ld:part0:2.0 available at C:/Xilinx/Vivado/2023.2/data/xhub/boards/XilinxBoardStore/boards/Xilinx/zcu208ld/production/2.0/board.xml as part xczu58dr-fsvg1517-2-i specified in board_part file is either invalid or not available
WARNING: [Board 49-26] cannot add Board Part xilinx.com:zcu216ld:part0:2.0 available at C:/Xilinx/Vivado/2023.2/data/xhub/boards/XilinxBoardStore/boards/Xilinx/zcu216ld/production/2.0/board.xml as part xczu59dr-ffvf1760-2-i specified in board_part file is either invalid or not available
WARNING: [Board 49-26] cannot add Board Part xilinx.com:zcu670:part0:2.0 available at C:/Xilinx/Vivado/2023.2/data/xhub/boards/XilinxBoardStore/boards/Xilinx/zcu670/2.0/board.xml as part xczu67dr-fsve1156-2-i specified in board_part file is either invalid or not available
WARNING: [Board 49-26] cannot add Board Part xilinx.com:zcu670ld:part0:1.0 available at C:/Xilinx/Vivado/2023.2/data/xhub/boards/XilinxBoardStore/boards/Xilinx/zcu670ld/1.0/board.xml as part xczu57dr-fsve1156-2-i specified in board_part file is either invalid or not available
INFO: [Project 1-313] Project file moved from 'C:/Users/kartg/Documents/GitHub/AES-Cam-on-PYNQ-Z2/AES_SYS' since last save.
WARNING: [filemgmt 56-2] Board Part Repository Path: Could not find the directory 'C:/code/AppData/Roaming/Xilinx/Vivado/2023.2/xhub/board_store/xilinx_board_store', nor could it be found using path 'C:/Users/kartg/AppData/Roaming/Xilinx/Vivado/2023.2/xhub/board_store/xilinx_board_store'.
WARNING: [filemgmt 56-3] IPUserFilesDir: Could not find the directory 'C:/code/RFC-8439-fpga-implementation/AES-Cam-on-PYNQ-Z2-main/AES-Cam-on-PYNQ-Z2-main/AES_SYS/AES_SYS.ip_user_files'.
Scanning sources...
Finished scanning sources
INFO: [IP_Flow 19-234] Refreshing IP repositories
INFO: [IP_Flow 19-1700] Loaded user IP repository 'c:/code/RFC-8439-fpga-implementation/AES-Cam-on-PYNQ-Z2-main/AES-Cam-on-PYNQ-Z2-main/ip_repo'.
INFO: [IP_Flow 19-2313] Loaded Vivado IP repository 'C:/Xilinx/Vivado/2023.2/data/ip'.
open_project: Time (s): cpu = 00:00:38 ; elapsed = 00:00:23 . Memory (MB): peak = 1743.359 ; gain = 177.500
update_compile_order -fileset sources_1
update_module_reference AES_SYS_AES_0_0
INFO: [IP_Flow 19-5107] Inferred bus interface 'clk' of definition 'xilinx.com:signal:clock:1.0' (from Xilinx Repository).
WARNING: [IP_Flow 19-5661] Bus Interface 'clk' does not have any bus interfaces associated with it.
WARNING: [IP_Flow 19-11770] Clock interface 'clk' has no FREQ_HZ parameter.
INFO: [IP_Flow 19-5107] Inferred bus interface 'clk' of definition 'xilinx.com:signal:clock:1.0' (from Xilinx Repository).
WARNING: [IP_Flow 19-5661] Bus Interface 'clk' does not have any bus interfaces associated with it.
WARNING: [IP_Flow 19-11770] Clock interface 'clk' has no FREQ_HZ parameter.
Reading block design file <C:/code/RFC-8439-fpga-implementation/AES-Cam-on-PYNQ-Z2-main/AES-Cam-on-PYNQ-Z2-main/AES_SYS/AES_SYS.srcs/sources_1/bd/AES_SYS/AES_SYS.bd>...
Adding component instance block -- xilinx.com:ip:processing_system7:5.5 - processing_system7_0
Adding component instance block -- xilinx.com:ip:axi_vdma:6.3 - axi_vdma_0
Adding component instance block -- xilinx.com:ip:v_tc:6.2 - v_tc_0
Adding component instance block -- xilinx.com:ip:v_axi4s_vid_out:4.0 - v_axi4s_vid_out_0
Adding component instance block -- digilentinc.com:ip:rgb2dvi:1.2 - rgb2dvi_0
Adding component instance block -- xilinx.com:ip:clk_wiz:6.0 - clk_wiz_0
Adding component instance block -- xilinx.com:ip:axi_intc:4.1 - axi_intc_0
Adding component instance block -- xilinx.com:ip:xlconcat:2.1 - xlconcat_0
Adding component instance block -- xilinx.com:ip:axi_interconnect:2.1 - ps7_0_axi_periph
Adding component instance block -- xilinx.com:ip:axi_crossbar:2.1 - xbar
Adding component instance block -- xilinx.com:ip:axi_protocol_converter:2.1 - auto_pc
Adding component instance block -- xilinx.com:ip:proc_sys_reset:5.0 - rst_ps7_0_100M
Adding component instance block -- xilinx.com:ip:axi_interconnect:2.1 - axi_mem_intercon
Adding component instance block -- xilinx.com:ip:axi_crossbar:2.1 - xbar
Adding component instance block -- xilinx.com:ip:axi_protocol_converter:2.1 - auto_pc
Adding component instance block -- xilinx.com:ip:xlconstant:1.1 - xlconstant_0
Adding component instance block -- xilinx.com:ip:axi_gpio:2.0 - axi_gpio_0
Adding component instance block -- xilinx.com:ip:axi_cdma:4.1 - axi_cdma_0
Adding component instance block -- xilinx.com:ip:axi_interconnect:2.1 - axi_mem_intercon_1
Adding component instance block -- xilinx.com:ip:axi_crossbar:2.1 - xbar
Adding component instance block -- xilinx.com:ip:axi_dwidth_converter:2.1 - auto_us
Adding component instance block -- xilinx.com:ip:axi_protocol_converter:2.1 - auto_pc
Adding component instance block -- xilinx.com:ip:axi_dwidth_converter:2.1 - auto_ds
Adding component instance block -- xilinx.com:ip:axi_bram_ctrl:4.1 - axi_bram_ctrl_0
Adding component instance block -- xilinx.com:ip:blk_mem_gen:8.4 - axi_bram_ctrl_0_bram
Adding component instance block -- xilinx.com:module_ref:AES:1.0 - AES_0
Adding component instance block -- xilinx.com:ip:axi_gpio:2.0 - axi_gpio_1
Adding component instance block -- xilinx.com:ip:axi_gpio:2.0 - axi_gpio_2
Adding component instance block -- xilinx.com:ip:axi_gpio:2.0 - axi_gpio_3
Adding component instance block -- xilinx.com:ip:axi_gpio:2.0 - axi_gpio_4
Adding component instance block -- xilinx.com:ip:xlconcat:2.1 - xlconcat_1
Adding component instance block -- xilinx.com:ip:axi_gpio:2.0 - axi_gpio_5
Adding component instance block -- xilinx.com:ip:axi_gpio:2.0 - axi_gpio_6
Adding component instance block -- xilinx.com:ip:axi_gpio:2.0 - axi_gpio_7
Adding component instance block -- xilinx.com:ip:axi_gpio:2.0 - axi_gpio_8
Adding component instance block -- xilinx.com:ip:axi_gpio:2.0 - axi_gpio_9
Adding component instance block -- xilinx.com:ip:axi_gpio:2.0 - axi_gpio_10
Successfully read diagram <AES_SYS> from block design file <C:/code/RFC-8439-fpga-implementation/AES-Cam-on-PYNQ-Z2-main/AES-Cam-on-PYNQ-Z2-main/AES_SYS/AES_SYS.srcs/sources_1/bd/AES_SYS/AES_SYS.bd>
Upgrading 'C:/code/RFC-8439-fpga-implementation/AES-Cam-on-PYNQ-Z2-main/AES-Cam-on-PYNQ-Z2-main/AES_SYS/AES_SYS.srcs/sources_1/bd/AES_SYS/AES_SYS.bd'
INFO: [IP_Flow 19-3420] Updated AES_SYS_AES_0_0 to use current project options
Wrote  : <C:\code\RFC-8439-fpga-implementation\AES-Cam-on-PYNQ-Z2-main\AES-Cam-on-PYNQ-Z2-main\AES_SYS\AES_SYS.srcs\sources_1\bd\AES_SYS\AES_SYS.bd> 
Wrote  : <C:/code/RFC-8439-fpga-implementation/AES-Cam-on-PYNQ-Z2-main/AES-Cam-on-PYNQ-Z2-main/AES_SYS/AES_SYS.srcs/sources_1/bd/AES_SYS/ui/bd_9341033d.ui> 
upgrade_ip: Time (s): cpu = 00:00:13 ; elapsed = 00:00:12 . Memory (MB): peak = 1849.262 ; gain = 105.902
update_module_reference: Time (s): cpu = 00:00:14 ; elapsed = 00:00:12 . Memory (MB): peak = 1849.262 ; gain = 105.902
add_files -norecurse {C:/code/RFC-8439-fpga-implementation/src/RFC8439.v C:/code/RFC-8439-fpga-implementation/src/Chacha20.v C:/code/RFC-8439-fpga-implementation/src/Poly1305.v C:/code/RFC-8439-fpga-implementation/src/Cycle_counter.v}
update_compile_order -fileset sources_1
delete_bd_objs [get_bd_nets axi_gpio_5_gpio_io_o] [get_bd_nets xlconcat_1_dout] [get_bd_nets AES_0_data_out] [get_bd_nets AES_0_addr] [get_bd_nets AES_0_write_en] [get_bd_nets AES_0_done] [get_bd_nets axi_gpio_6_gpio_io_o] [get_bd_nets axi_bram_ctrl_0_bram_doutb] [get_bd_nets axi_gpio_9_gpio_io_o] [get_bd_nets AES_0_key_gen_Done] [get_bd_cells AES_0]
update_compile_order -fileset sources_1
undo
INFO: [Common 17-17] undo 'delete_bd_objs [get_bd_nets axi_gpio_5_gpio_io_o] [get_bd_nets xlconcat_1_dout] [get_bd_nets AES_0_data_out] [get_bd_nets AES_0_addr] [get_bd_nets AES_0_write_en] [get_bd_nets AES_0_done] [get_bd_nets axi_gpio_6_gpio_io_o] [get_bd_nets axi_bram_ctrl_0_bram_doutb] [get_bd_nets axi_gpio_9_gpio_io_o] [get_bd_nets AES_0_key_gen_Done] [get_bd_cells AES_0]'
update_compile_order -fileset sources_1
regenerate_bd_layout
delete_bd_objs [get_bd_nets axi_gpio_5_gpio_io_o] [get_bd_nets xlconcat_1_dout] [get_bd_nets AES_0_data_out] [get_bd_nets AES_0_addr] [get_bd_nets AES_0_write_en] [get_bd_nets AES_0_done] [get_bd_nets axi_gpio_6_gpio_io_o] [get_bd_nets axi_bram_ctrl_0_bram_doutb] [get_bd_nets axi_gpio_9_gpio_io_o] [get_bd_nets AES_0_key_gen_Done] [get_bd_cells AES_0]
undo
INFO: [Common 17-17] undo 'delete_bd_objs [get_bd_nets axi_gpio_5_gpio_io_o] [get_bd_nets xlconcat_1_dout] [get_bd_nets AES_0_data_out] [get_bd_nets AES_0_addr] [get_bd_nets AES_0_write_en] [get_bd_nets AES_0_done] [get_bd_nets axi_gpio_6_gpio_io_o] [get_bd_nets axi_bram_ctrl_0_bram_doutb] [get_bd_nets axi_gpio_9_gpio_io_o] [get_bd_nets AES_0_key_gen_Done] [get_bd_cells AES_0]'
delete_bd_objs [get_bd_intf_nets ps7_0_axi_periph_M04_AXI] [get_bd_nets axi_gpio_1_gpio_io_o] [get_bd_cells axi_gpio_1]
delete_bd_objs [get_bd_intf_nets ps7_0_axi_periph_M05_AXI] [get_bd_nets axi_gpio_2_gpio_io_o] [get_bd_cells axi_gpio_2]
delete_bd_objs [get_bd_intf_nets ps7_0_axi_periph_M06_AXI] [get_bd_nets axi_gpio_3_gpio_io_o] [get_bd_cells axi_gpio_3]
delete_bd_objs [get_bd_intf_nets ps7_0_axi_periph_M07_AXI] [get_bd_nets axi_gpio_4_gpio_io_o] [get_bd_cells axi_gpio_4]
delete_bd_objs [get_bd_nets xlconcat_1_dout] [get_bd_cells xlconcat_1]
delete_bd_objs [get_bd_intf_nets ps7_0_axi_periph_M12_AXI] [get_bd_nets axi_gpio_9_gpio_io_o] [get_bd_cells axi_gpio_9]
delete_bd_objs [get_bd_intf_nets ps7_0_axi_periph_M10_AXI] [get_bd_nets AES_0_key_gen_Done] [get_bd_cells axi_gpio_7]
export_ip_user_files -of_objects  [get_files C:/code/RFC-8439-fpga-implementation/src/Poly1305.v] -no_script -reset -force -quiet
remove_files  C:/code/RFC-8439-fpga-implementation/src/Poly1305.v
export_ip_user_files -of_objects  [get_files C:/code/RFC-8439-fpga-implementation/src/Chacha20.v] -no_script -reset -force -quiet
remove_files  C:/code/RFC-8439-fpga-implementation/src/Chacha20.v
export_ip_user_files -of_objects  [get_files C:/code/RFC-8439-fpga-implementation/src/RFC8439.v] -no_script -reset -force -quiet
remove_files  C:/code/RFC-8439-fpga-implementation/src/RFC8439.v
add_files -norecurse {C:/code/RFC-8439-fpga-implementation/src/RFC8439.v C:/code/RFC-8439-fpga-implementation/src/Quarter_round.v C:/code/RFC-8439-fpga-implementation/src/Chacha20.v C:/code/RFC-8439-fpga-implementation/src/Poly1305.v}
update_compile_order -fileset sources_1
create_bd_cell -type module -reference RFC8439 RFC8439_0
WARNING: [IP_Flow 19-587] [HDL Parser] HDL port or parameter 'msg_src_base_w' has a dependency on the module local parameter or undefined parameter 'SRC_AAD_BASE_BYTES'.
WARNING: [IP_Flow 19-587] [HDL Parser] HDL port or parameter 'prefetch_start_w' has a dependency on the module local parameter or undefined parameter 'M_MSG_WR_WAIT'.
WARNING: [IP_Flow 19-587] [HDL Parser] HDL port or parameter 'chacha_demand_start_w' has a dependency on the module local parameter or undefined parameter 'M_INIT_KEY'.
WARNING: [IP_Flow 19-587] [HDL Parser] HDL port or parameter 'chacha_demand_start_w' has a dependency on the module local parameter or undefined parameter 'M_MSG_KS_REQ'.
WARNING: [IP_Flow 19-587] [HDL Parser] HDL port or parameter 'chacha_counter_input_w' has a dependency on the module local parameter or undefined parameter 'M_INIT_KEY'.
WARNING: [IP_Flow 19-587] [HDL Parser] HDL port or parameter 'msg_fire_w' has a dependency on the module local parameter or undefined parameter 'M_MSG_DISP'.
WARNING: [IP_Flow 19-587] [HDL Parser] HDL port or parameter 'msg_fire_w' has a dependency on the module local parameter or undefined parameter 'W_IDLE'.
WARNING: [IP_Flow 19-587] [HDL Parser] HDL port or parameter 'req_rd_w' has a dependency on the module local parameter or undefined parameter 'M_AAD_REQ'.
WARNING: [IP_Flow 19-587] [HDL Parser] HDL port or parameter 'req_rd_w' has a dependency on the module local parameter or undefined parameter 'M_LOAD_KEY0_REQ'.
WARNING: [IP_Flow 19-587] [HDL Parser] HDL port or parameter 'req_rd_w' has a dependency on the module local parameter or undefined parameter 'M_LOAD_KEY1_REQ'.
WARNING: [IP_Flow 19-587] [HDL Parser] HDL port or parameter 'req_rd_w' has a dependency on the module local parameter or undefined parameter 'M_LOAD_NONCE_REQ'.
WARNING: [IP_Flow 19-587] [HDL Parser] HDL port or parameter 'req_rd_w' has a dependency on the module local parameter or undefined parameter 'M_MSG_REQ'.
WARNING: [IP_Flow 19-587] [HDL Parser] HDL port or parameter 'req_rd_w' has a dependency on the module local parameter or undefined parameter 'M_TAG_VERIFY'.
WARNING: [IP_Flow 19-587] [HDL Parser] HDL port or parameter 'req_wr_w' has a dependency on the module local parameter or undefined parameter 'M_TAG_WRITE'.
WARNING: [IP_Flow 19-587] [HDL Parser] HDL port or parameter 'rd_addr_w' has a dependency on the module local parameter or undefined parameter 'M_AAD_REQ'.
WARNING: [IP_Flow 19-587] [HDL Parser] HDL port or parameter 'rd_addr_w' has a dependency on the module local parameter or undefined parameter 'M_LOAD_KEY0_REQ'.
WARNING: [IP_Flow 19-587] [HDL Parser] HDL port or parameter 'rd_addr_w' has a dependency on the module local parameter or undefined parameter 'M_LOAD_KEY1_REQ'.
WARNING: [IP_Flow 19-587] [HDL Parser] HDL port or parameter 'rd_addr_w' has a dependency on the module local parameter or undefined parameter 'M_LOAD_NONCE_REQ'.
WARNING: [IP_Flow 19-587] [HDL Parser] HDL port or parameter 'rd_addr_w' has a dependency on the module local parameter or undefined parameter 'M_MSG_REQ'.
WARNING: [IP_Flow 19-587] [HDL Parser] HDL port or parameter 'rd_addr_w' has a dependency on the module local parameter or undefined parameter 'M_TAG_VERIFY'.
WARNING: [IP_Flow 19-587] [HDL Parser] HDL port or parameter 'rd_addr_w' has a dependency on the module local parameter or undefined parameter 'SRC_AAD_BASE_BYTES'.
WARNING: [IP_Flow 19-587] [HDL Parser] HDL port or parameter 'rd_len_w' has a dependency on the module local parameter or undefined parameter 'M_LOAD_KEY0_REQ'.
WARNING: [IP_Flow 19-587] [HDL Parser] HDL port or parameter 'rd_len_w' has a dependency on the module local parameter or undefined parameter 'M_LOAD_KEY1_REQ'.
WARNING: [IP_Flow 19-587] [HDL Parser] HDL port or parameter 'rd_len_w' has a dependency on the module local parameter or undefined parameter 'M_LOAD_NONCE_REQ'.
WARNING: [IP_Flow 19-587] [HDL Parser] HDL port or parameter 'rd_len_w' has a dependency on the module local parameter or undefined parameter 'M_TAG_VERIFY'.
WARNING: [IP_Flow 19-587] [HDL Parser] HDL port or parameter 'wr_addr_w' has a dependency on the module local parameter or undefined parameter 'M_TAG_WRITE'.
WARNING: [IP_Flow 19-587] [HDL Parser] HDL port or parameter 'wr_len_w' has a dependency on the module local parameter or undefined parameter 'M_TAG_WRITE'.
WARNING: [IP_Flow 19-587] [HDL Parser] HDL port or parameter 'wr_data_w' has a dependency on the module local parameter or undefined parameter 'M_TAG_WRITE'.
WARNING: [IP_Flow 19-587] [HDL Parser] HDL port or parameter 'poly_data_w' has a dependency on the module local parameter or undefined parameter 'M_AAD_POLY'.
WARNING: [IP_Flow 19-587] [HDL Parser] HDL port or parameter 'poly_data_w' has a dependency on the module local parameter or undefined parameter 'M_LEN_POLY'.
WARNING: [IP_Flow 19-587] [HDL Parser] HDL port or parameter 'poly_data_w' has a dependency on the module local parameter or undefined parameter 'M_MSG_DISP'.
WARNING: [IP_Flow 19-587] [HDL Parser] HDL port or parameter 'poly_valid_w' has a dependency on the module local parameter or undefined parameter 'M_AAD_POLY'.
WARNING: [IP_Flow 19-587] [HDL Parser] HDL port or parameter 'poly_valid_w' has a dependency on the module local parameter or undefined parameter 'M_LEN_POLY'.
WARNING: [IP_Flow 19-587] [HDL Parser] HDL port or parameter 'poly_finalize_w' has a dependency on the module local parameter or undefined parameter 'M_LEN_POLY'.
INFO: [IP_Flow 19-5107] Inferred bus interface 'rst' of definition 'xilinx.com:signal:reset:1.0' (from Xilinx Repository).
INFO: [IP_Flow 19-5107] Inferred bus interface 'clk' of definition 'xilinx.com:signal:clock:1.0' (from Xilinx Repository).
INFO: [IP_Flow 19-4728] Bus Interface 'clk': Added interface parameter 'ASSOCIATED_RESET' with value 'rst'.
WARNING: [IP_Flow 19-5661] Bus Interface 'clk' does not have any bus interfaces associated with it.
WARNING: [IP_Flow 19-11770] Clock interface 'clk' has no FREQ_HZ parameter.
set_property location {6 2208 1086} [get_bd_cells RFC8439_0]
delete_bd_objs [get_bd_nets axi_gpio_5_gpio_io_o] [get_bd_nets AES_0_data_out] [get_bd_nets AES_0_addr] [get_bd_nets AES_0_write_en] [get_bd_nets AES_0_done] [get_bd_nets axi_gpio_6_gpio_io_o] [get_bd_nets axi_bram_ctrl_0_bram_doutb] [get_bd_cells AES_0]
update_compile_order -fileset sources_1
undo
INFO: [Common 17-17] undo 'delete_bd_objs [get_bd_nets axi_gpio_5_gpio_io_o] [get_bd_nets AES_0_data_out] [get_bd_nets AES_0_addr] [get_bd_nets AES_0_write_en] [get_bd_nets AES_0_done] [get_bd_nets axi_gpio_6_gpio_io_o] [get_bd_nets axi_bram_ctrl_0_bram_doutb] [get_bd_cells AES_0]'
update_compile_order -fileset sources_1
connect_bd_net [get_bd_pins rst_ps7_0_100M/peripheral_reset] [get_bd_pins RFC8439_0/rst]
connect_bd_net [get_bd_pins RFC8439_0/clk] [get_bd_pins processing_system7_0/FCLK_CLK0]
connect_bd_net [get_bd_pins RFC8439_0/start] [get_bd_pins axi_gpio_5/gpio_io_o]
connect_bd_net [get_bd_pins RFC8439_0/mode_decrypt] [get_bd_pins axi_gpio_6/gpio_io_o]
delete_bd_objs [get_bd_nets AES_0_done]
undo
INFO: [Common 17-17] undo 'delete_bd_objs [get_bd_nets AES_0_done]'
delete_bd_objs [get_bd_nets AES_0_done]
connect_bd_net [get_bd_pins axi_gpio_8/gpio_io_i] [get_bd_pins RFC8439_0/done]
WARNING: [BD 41-1306] The connection to interface pin </axi_gpio_8/gpio_io_i> is being overridden by the user with net <RFC8439_0_done>. This pin will not be connected as a part of interface connection <GPIO>.
startgroup
create_bd_cell -type ip -vlnv xilinx.com:ip:axi_gpio:2.0 axi_gpio_1
endgroup
set_property location {4 1133 1075} [get_bd_cells axi_gpio_1]
set_property CONFIG.C_ALL_INPUTS {1} [get_bd_cells axi_gpio_1]
connect_bd_net [get_bd_pins axi_gpio_1/gpio_io_i] [get_bd_pins RFC8439_0/msg_length]
WARNING: [BD 41-1306] The connection to interface pin </axi_gpio_1/gpio_io_i> is being overridden by the user with net <Net>. This pin will not be connected as a part of interface connection <GPIO>.
startgroup
create_bd_cell -type ip -vlnv xilinx.com:ip:axi_gpio:2.0 axi_gpio_2
endgroup
set_property location {4 1299 988} [get_bd_cells axi_gpio_2]
set_property CONFIG.C_ALL_INPUTS {1} [get_bd_cells axi_gpio_2]
connect_bd_net [get_bd_pins axi_gpio_2/gpio_io_i] [get_bd_pins RFC8439_0/ad_length]
WARNING: [BD 41-1306] The connection to interface pin </axi_gpio_2/gpio_io_i> is being overridden by the user with net <Net1>. This pin will not be connected as a part of interface connection <GPIO>.
startgroup
create_bd_cell -type ip -vlnv xilinx.com:ip:axi_gpio:2.0 axi_gpio_3
endgroup
set_property location {3 1281 901} [get_bd_cells axi_gpio_3]
set_property -dict [list \
  CONFIG.C_ALL_OUTPUTS {1} \
  CONFIG.C_GPIO_WIDTH {1} \
] [get_bd_cells axi_gpio_3]
startgroup
set_property -dict [list \
  CONFIG.C_ALL_INPUTS {0} \
  CONFIG.C_ALL_OUTPUTS {1} \
] [get_bd_cells axi_gpio_2]
WARNING: [BD 41-1684] Pin /axi_gpio_2/gpio_io_i is now disabled. All connections to this pin have been removed. 
delete_bd_objs [get_bd_nets Net1]
endgroup
undo
INFO: [Common 17-17] undo 'endgroup'
INFO: [Common 17-17] undo 'delete_bd_objs [get_bd_nets Net1]'
INFO: [Common 17-17] undo 'set_property -dict [list \
  CONFIG.C_ALL_INPUTS {0} \
  CONFIG.C_ALL_OUTPUTS {1} \
] [get_bd_cells axi_gpio_2]'
INFO: [Common 17-17] undo 'startgroup'
set_property CONFIG.C_ALL_INPUTS {1} [get_bd_cells axi_gpio_3]
connect_bd_net [get_bd_pins RFC8439_0/done] [get_bd_pins axi_gpio_3/gpio_io_i]
WARNING: [BD 41-1306] The connection to interface pin </axi_gpio_3/gpio_io_i> is being overridden by the user with net </RFC8439_0_done>. This pin will not be connected as a part of interface connection <GPIO>.
undo
INFO: [Common 17-17] undo 'connect_bd_net [get_bd_pins RFC8439_0/done] [get_bd_pins axi_gpio_3/gpio_io_i]'
connect_bd_net [get_bd_pins RFC8439_0/mac_error] [get_bd_pins axi_gpio_3/gpio_io_i]
WARNING: [BD 41-1306] The connection to interface pin </axi_gpio_3/gpio_io_i> is being overridden by the user with net <RFC8439_0_mac_error>. This pin will not be connected as a part of interface connection <GPIO>.
startgroup
set_property -dict [list \
  CONFIG.C_ALL_INPUTS {0} \
  CONFIG.C_ALL_OUTPUTS {1} \
] [get_bd_cells axi_gpio_2]
WARNING: [BD 41-1684] Pin /axi_gpio_2/gpio_io_i is now disabled. All connections to this pin have been removed. 
delete_bd_objs [get_bd_nets Net1]
endgroup
startgroup
set_property -dict [list \
  CONFIG.C_ALL_INPUTS {0} \
  CONFIG.C_ALL_OUTPUTS {1} \
] [get_bd_cells axi_gpio_1]
WARNING: [BD 41-1684] Pin /axi_gpio_1/gpio_io_i is now disabled. All connections to this pin have been removed. 
delete_bd_objs [get_bd_nets Net]
endgroup
connect_bd_net [get_bd_pins axi_gpio_2/gpio_io_o] [get_bd_pins RFC8439_0/ad_length]
WARNING: [BD 41-1306] The connection to interface pin </axi_gpio_2/gpio_io_o> is being overridden by the user with net <axi_gpio_2_gpio_io_o>. This pin will not be connected as a part of interface connection <GPIO>.
connect_bd_net [get_bd_pins axi_gpio_1/gpio_io_o] [get_bd_pins RFC8439_0/msg_length]
WARNING: [BD 41-1306] The connection to interface pin </axi_gpio_1/gpio_io_o> is being overridden by the user with net <axi_gpio_1_gpio_io_o>. This pin will not be connected as a part of interface connection <GPIO>.
WARNING: [IP_Flow 19-240] Unknown architecture 'versal' detected.
WARNING: [IP_Flow 19-240] Unknown architecture 'versal' detected.
WARNING: [IP_Flow 19-240] Unknown architecture 'versal' detected.
WARNING: [IP_Flow 19-240] Unknown architecture 'versal' detected.
WARNING: [IP_Flow 19-240] Unknown architecture 'versal' detected.
WARNING: [IP_Flow 19-240] Unknown architecture 'versal' detected.
WARNING: [IP_Flow 19-240] Unknown architecture 'versal' detected.
WARNING: [IP_Flow 19-240] Unknown architecture 'versal' detected.
WARNING: [IP_Flow 19-240] Unknown architecture 'versal' detected.
WARNING: [IP_Flow 19-240] Unknown architecture 'versal' detected.
WARNING: [IP_Flow 19-240] Unknown architecture 'versal' detected.
WARNING: [IP_Flow 19-240] Unknown architecture 'versal' detected.
WARNING: [IP_Flow 19-240] Unknown architecture 'versal' detected.
WARNING: [IP_Flow 19-240] Unknown architecture 'versal' detected.
WARNING: [IP_Flow 19-240] Unknown architecture 'versal' detected.
WARNING: [IP_Flow 19-240] Unknown architecture 'versal' detected.
WARNING: [IP_Flow 19-240] Unknown architecture 'versal' detected.
WARNING: [IP_Flow 19-240] Unknown architecture 'versal' detected.
WARNING: [IP_Flow 19-240] Unknown architecture 'versal' detected.
WARNING: [IP_Flow 19-240] Unknown architecture 'versal' detected.
WARNING: [IP_Flow 19-240] Unknown architecture 'versal' detected.
WARNING: [IP_Flow 19-240] Unknown architecture 'versal' detected.
WARNING: [IP_Flow 19-240] Unknown architecture 'versal' detected.
WARNING: [IP_Flow 19-240] Unknown architecture 'versal' detected.
WARNING: [IP_Flow 19-240] Unknown architecture 'versal' detected.
WARNING: [IP_Flow 19-240] Unknown architecture 'versal' detected.
WARNING: [IP_Flow 19-240] Unknown architecture 'versal' detected.
WARNING: [IP_Flow 19-240] Unknown architecture 'versal' detected.
WARNING: [IP_Flow 19-240] Unknown architecture 'versal' detected.
WARNING: [IP_Flow 19-240] Unknown architecture 'versal' detected.
WARNING: [IP_Flow 19-240] Unknown architecture 'versal' detected.
WARNING: [IP_Flow 19-240] Unknown architecture 'versal' detected.
WARNING: [IP_Flow 19-240] Unknown architecture 'versal' detected.
WARNING: [IP_Flow 19-240] Unknown architecture 'versal' detected.
WARNING: [IP_Flow 19-240] Unknown architecture 'versal' detected.
WARNING: [IP_Flow 19-240] Unknown architecture 'versal' detected.
WARNING: [IP_Flow 19-240] Unknown architecture 'versal' detected.
WARNING: [IP_Flow 19-240] Unknown architecture 'versal' detected.
WARNING: [IP_Flow 19-240] Unknown architecture 'versal' detected.
WARNING: [IP_Flow 19-240] Unknown architecture 'versal' detected.
WARNING: [IP_Flow 19-240] Unknown architecture 'versal' detected.
WARNING: [IP_Flow 19-240] Unknown architecture 'versal' detected.
WARNING: [IP_Flow 19-240] Unknown architecture 'versal' detected.
WARNING: [IP_Flow 19-240] Unknown architecture 'versal' detected.
WARNING: [IP_Flow 19-240] Unknown architecture 'versal' detected.
WARNING: [IP_Flow 19-240] Unknown architecture 'versal' detected.
WARNING: [IP_Flow 19-240] Unknown architecture 'versal' detected.
WARNING: [IP_Flow 19-240] Unknown architecture 'versal' detected.
WARNING: [IP_Flow 19-240] Unknown architecture 'versal' detected.
WARNING: [IP_Flow 19-240] Unknown architecture 'versal' detected.
WARNING: [IP_Flow 19-240] Unknown architecture 'versal' detected.
WARNING: [IP_Flow 19-240] Unknown architecture 'versal' detected.
WARNING: [IP_Flow 19-240] Unknown architecture 'versal' detected.
WARNING: [IP_Flow 19-240] Unknown architecture 'versal' detected.
WARNING: [IP_Flow 19-240] Unknown architecture 'versal' detected.
WARNING: [IP_Flow 19-240] Unknown architecture 'versal' detected.
WARNING: [IP_Flow 19-240] Unknown architecture 'versal' detected.
WARNING: [IP_Flow 19-240] Unknown architecture 'versal' detected.
WARNING: [IP_Flow 19-240] Unknown architecture 'versal' detected.
WARNING: [IP_Flow 19-240] Unknown architecture 'versal' detected.
WARNING: [IP_Flow 19-240] Unknown architecture 'versal' detected.
WARNING: [IP_Flow 19-240] Unknown architecture 'versal' detected.
WARNING: [IP_Flow 19-240] Unknown architecture 'versal' detected.
WARNING: [IP_Flow 19-240] Unknown architecture 'versal' detected.
WARNING: [IP_Flow 19-240] Unknown architecture 'versal' detected.
WARNING: [IP_Flow 19-240] Unknown architecture 'versal' detected.
WARNING: [IP_Flow 19-240] Unknown architecture 'versal' detected.
WARNING: [IP_Flow 19-240] Unknown architecture 'versal' detected.
WARNING: [IP_Flow 19-240] Unknown architecture 'versal' detected.
WARNING: [IP_Flow 19-240] Unknown architecture 'versal' detected.
WARNING: [IP_Flow 19-240] Unknown architecture 'versal' detected.
WARNING: [IP_Flow 19-240] Unknown architecture 'versal' detected.
WARNING: [IP_Flow 19-240] Unknown architecture 'versal' detected.
WARNING: [IP_Flow 19-240] Unknown architecture 'versal' detected.
WARNING: [IP_Flow 19-240] Unknown architecture 'versal' detected.
WARNING: [IP_Flow 19-240] Unknown architecture 'versal' detected.
WARNING: [IP_Flow 19-240] Unknown architecture 'versal' detected.
WARNING: [IP_Flow 19-240] Unknown architecture 'versal' detected.
WARNING: [IP_Flow 19-240] Unknown architecture 'versal' detected.
WARNING: [IP_Flow 19-240] Unknown architecture 'versal' detected.
WARNING: [IP_Flow 19-240] Unknown architecture 'versal' detected.
startgroup
apply_bd_automation -rule xilinx.com:bd_rule:axi4 -config { Clk_master {/processing_system7_0/FCLK_CLK0 (100 MHz)} Clk_slave {Auto} Clk_xbar {/processing_system7_0/FCLK_CLK0 (100 MHz)} Master {/processing_system7_0/M_AXI_GP0} Slave {/axi_gpio_1/S_AXI} ddr_seg {Auto} intc_ip {/ps7_0_axi_periph} master_apm {0}}  [get_bd_intf_pins axi_gpio_1/S_AXI]
Slave segment '/axi_gpio_1/S_AXI/Reg' is being assigned into address space '/processing_system7_0/Data' at <0x4121_0000 [ 64K ]>.
apply_bd_automation -rule xilinx.com:bd_rule:axi4 -config { Clk_master {/processing_system7_0/FCLK_CLK0 (100 MHz)} Clk_slave {Auto} Clk_xbar {/processing_system7_0/FCLK_CLK0 (100 MHz)} Master {/processing_system7_0/M_AXI_GP0} Slave {/axi_gpio_2/S_AXI} ddr_seg {Auto} intc_ip {/ps7_0_axi_periph} master_apm {0}}  [get_bd_intf_pins axi_gpio_2/S_AXI]
Slave segment '/axi_gpio_2/S_AXI/Reg' is being assigned into address space '/processing_system7_0/Data' at <0x4122_0000 [ 64K ]>.
apply_bd_automation -rule xilinx.com:bd_rule:axi4 -config { Clk_master {/processing_system7_0/FCLK_CLK0 (100 MHz)} Clk_slave {Auto} Clk_xbar {/processing_system7_0/FCLK_CLK0 (100 MHz)} Master {/processing_system7_0/M_AXI_GP0} Slave {/axi_gpio_3/S_AXI} ddr_seg {Auto} intc_ip {/ps7_0_axi_periph} master_apm {0}}  [get_bd_intf_pins axi_gpio_3/S_AXI]
Slave segment '/axi_gpio_3/S_AXI/Reg' is being assigned into address space '/processing_system7_0/Data' at <0x4123_0000 [ 64K ]>.
endgroup
regenerate_bd_layout
startgroup
set_property CONFIG.NUM_MI {3} [get_bd_cells axi_mem_intercon_1]
endgroup
startgroup
set_property CONFIG.NUM_MI {2} [get_bd_cells axi_mem_intercon_1]
endgroup
delete_bd_objs [get_bd_nets axi_bram_ctrl_0_bram_doutb] [get_bd_nets AES_0_data_out] [get_bd_nets AES_0_addr] [get_bd_nets AES_0_write_en] [get_bd_cells AES_0]
update_compile_order -fileset sources_1
WARNING: [IP_Flow 19-4067] Ignoring invalid widget type specified checkbox.Providing a default widget
WARNING: [IP_Flow 19-4067] Ignoring invalid widget type specified checkbox.Providing a default widget
set_property location {6 2284 651} [get_bd_cells axi_bram_ctrl_0_bram]
connect_bd_net [get_bd_pins RFC8439_0/Src_RAM_addr] [get_bd_pins axi_bram_ctrl_0_bram/addrb]
WARNING: [BD 41-1306] The connection to interface pin </axi_bram_ctrl_0_bram/addrb> is being overridden by the user with net <RFC8439_0_Src_RAM_addr>. This pin will not be connected as a part of interface connection <BRAM_PORTB>.
connect_bd_net [get_bd_pins RFC8439_0/Src_RAM_Q] [get_bd_pins axi_bram_ctrl_0_bram/dinb]
WARNING: [BD 41-1306] The connection to interface pin </axi_bram_ctrl_0_bram/dinb> is being overridden by the user with net <Net>. This pin will not be connected as a part of interface connection <BRAM_PORTB>.
undo
INFO: [Common 17-17] undo 'connect_bd_net [get_bd_pins RFC8439_0/Src_RAM_Q] [get_bd_pins axi_bram_ctrl_0_bram/dinb]'
connect_bd_net [get_bd_pins RFC8439_0/Src_RAM_D] [get_bd_pins axi_bram_ctrl_0_bram/dinb]
WARNING: [BD 41-1306] The connection to interface pin </axi_bram_ctrl_0_bram/dinb> is being overridden by the user with net <RFC8439_0_Src_RAM_D>. This pin will not be connected as a part of interface connection <BRAM_PORTB>.
connect_bd_net [get_bd_pins RFC8439_0/Src_RAM_Q] [get_bd_pins axi_bram_ctrl_0_bram/doutb]
WARNING: [BD 41-1306] The connection to interface pin </axi_bram_ctrl_0_bram/doutb> is being overridden by the user with net <axi_bram_ctrl_0_bram_doutb>. This pin will not be connected as a part of interface connection <BRAM_PORTB>.
connect_bd_net [get_bd_pins RFC8439_0/Src_RAM_we] [get_bd_pins axi_bram_ctrl_0_bram/web]
WARNING: [BD 41-1306] The connection to interface pin </axi_bram_ctrl_0_bram/web> is being overridden by the user with net <RFC8439_0_Src_RAM_we>. This pin will not be connected as a part of interface connection <BRAM_PORTB>.
delete_bd_objs [get_bd_nets xlconstant_0_dout]
undo
INFO: [Common 17-17] undo 'delete_bd_objs [get_bd_nets xlconstant_0_dout]'
startgroup
create_bd_cell -type ip -vlnv xilinx.com:ip:axi_bram_ctrl:4.1 axi_bram_ctrl_1
INFO: [xilinx.com:ip:axi_bram_ctrl:4.1-2] AES_SYS_axi_bram_ctrl_1_0: In IP Integrator, please note that memory depth value gets calculated based on the Data Width of the IP and Address range selected in the Address Editor.Incase a validation error occured on the range of this parameter, please check if the selected Data width and the Address Range are valid. For valid Data width and memory depth values, please refer to the AXI BRAM Controller Product Guide.
INFO: [xilinx.com:ip:axi_bram_ctrl:4.1-1] AES_SYS_axi_bram_ctrl_1_0: In IP Integrator, The Maximum address range supported is 2G. Selecting the address range more than 2G in the address editor may resets the value of Memory depth to default value (1024). please refer to the AXI BRAM Controller Product Guide.
endgroup
set_property location {6 2186 830} [get_bd_cells axi_bram_ctrl_1]
startgroup
create_bd_cell -type ip -vlnv xilinx.com:ip:blk_mem_gen:8.4 blk_mem_gen_0
endgroup
set_property location {7 2563 839} [get_bd_cells blk_mem_gen_0]
WARNING: [IP_Flow 19-4067] Ignoring invalid widget type specified checkbox.Providing a default widget
WARNING: [IP_Flow 19-4067] Ignoring invalid widget type specified checkbox.Providing a default widget
set_property CONFIG.Memory_Type {True_Dual_Port_RAM} [get_bd_cells blk_mem_gen_0]
set_property CONFIG.SINGLE_PORT_BRAM {1} [get_bd_cells axi_bram_ctrl_1]
set_property location {5 2094 835} [get_bd_cells axi_bram_ctrl_1]
connect_bd_intf_net [get_bd_intf_pins axi_bram_ctrl_1/BRAM_PORTA] [get_bd_intf_pins blk_mem_gen_0/BRAM_PORTA]
apply_bd_automation -rule xilinx.com:bd_rule:axi4 -config { Clk_master {/processing_system7_0/FCLK_CLK0 (100 MHz)} Clk_slave {Auto} Clk_xbar {/processing_system7_0/FCLK_CLK0 (100 MHz)} Master {/processing_system7_0/M_AXI_GP0} Slave {/axi_bram_ctrl_1/S_AXI} ddr_seg {Auto} intc_ip {/ps7_0_axi_periph} master_apm {0}}  [get_bd_intf_pins axi_bram_ctrl_1/S_AXI]
Slave segment '/axi_bram_ctrl_1/S_AXI/Mem0' is being assigned into address space '/processing_system7_0/Data' at <0x4000_0000 [ 8K ]>.
WARNING: [IP_Flow 19-4067] Ignoring invalid widget type specified checkbox.Providing a default widget
WARNING: [IP_Flow 19-4067] Ignoring invalid widget type specified checkbox.Providing a default widget
WARNING: [IP_Flow 19-4067] Ignoring invalid widget type specified checkbox.Providing a default widget
WARNING: [IP_Flow 19-4067] Ignoring invalid widget type specified checkbox.Providing a default widget
WARNING: [IP_Flow 19-4067] Ignoring invalid widget type specified checkbox.Providing a default widget
WARNING: [IP_Flow 19-4067] Ignoring invalid widget type specified checkbox.Providing a default widget
WARNING: [IP_Flow 19-4067] Ignoring invalid widget type specified checkbox.Providing a default widget
WARNING: [IP_Flow 19-4067] Ignoring invalid widget type specified checkbox.Providing a default widget
WARNING: [IP_Flow 19-4067] Ignoring invalid widget type specified checkbox.Providing a default widget
WARNING: [IP_Flow 19-4067] Ignoring invalid widget type specified checkbox.Providing a default widget
WARNING: [IP_Flow 19-4067] Ignoring invalid widget type specified checkbox.Providing a default widget
WARNING: [IP_Flow 19-4067] Ignoring invalid widget type specified checkbox.Providing a default widget
WARNING: [IP_Flow 19-4067] Ignoring invalid widget type specified checkbox.Providing a default widget
WARNING: [IP_Flow 19-4067] Ignoring invalid widget type specified checkbox.Providing a default widget
copy_bd_objs /  [get_bd_cells {axi_bram_ctrl_0_bram}]
undo
INFO: [Common 17-17] undo 'copy_bd_objs /  [get_bd_cells {axi_bram_ctrl_0_bram}]'
undo
INFO: [Common 17-17] undo 'apply_bd_automation -rule xilinx.com:bd_rule:axi4 -config { Clk_master {/processing_system7_0/FCLK_CLK0 (100 MHz)} Clk_slave {Auto} Clk_xbar {/processing_system7_0/FCLK_CLK0 (100 MHz)} Master {/processing_system7_0/M_AXI_GP0} Slave {/axi_bram_ctrl_1/S_AXI} ddr_seg {Auto} intc_ip {/ps7_0_axi_periph} master_apm {0}}  [get_bd_intf_pins axi_bram_ctrl_1/S_AXI]'
apply_bd_automation -rule xilinx.com:bd_rule:axi4 -config { Clk_master {/processing_system7_0/FCLK_CLK0 (100 MHz)} Clk_slave {Auto} Clk_xbar {/processing_system7_0/FCLK_CLK0 (100 MHz)} Master {/processing_system7_0/M_AXI_GP0} Slave {/axi_bram_ctrl_1/S_AXI} ddr_seg {Auto} intc_ip {/ps7_0_axi_periph} master_apm {0}}  [get_bd_intf_pins axi_bram_ctrl_1/S_AXI]
Slave segment '/axi_bram_ctrl_1/S_AXI/Mem0' is being assigned into address space '/processing_system7_0/Data' at <0x4000_0000 [ 8K ]>.
copy_bd_objs /  [get_bd_cells {axi_bram_ctrl_0_bram}]
delete_bd_objs [get_bd_intf_nets axi_bram_ctrl_1_BRAM_PORTA] [get_bd_cells blk_mem_gen_0]
WARNING: [IP_Flow 19-4067] Ignoring invalid widget type specified checkbox.Providing a default widget
WARNING: [IP_Flow 19-4067] Ignoring invalid widget type specified checkbox.Providing a default widget
set_property location {6 2789 882} [get_bd_cells axi_bram_ctrl_0_bram1]
connect_bd_intf_net [get_bd_intf_pins axi_bram_ctrl_1/BRAM_PORTA] [get_bd_intf_pins axi_bram_ctrl_0_bram1/BRAM_PORTA]
connect_bd_net [get_bd_pins RFC8439_0/Dst_RAM_addr] [get_bd_pins axi_bram_ctrl_0_bram1/addrb]
WARNING: [BD 41-1306] The connection to interface pin </axi_bram_ctrl_0_bram1/addrb> is being overridden by the user with net <RFC8439_0_Dst_RAM_addr>. This pin will not be connected as a part of interface connection <BRAM_PORTB>.
connect_bd_net [get_bd_pins RFC8439_0/Dst_RAM_we] [get_bd_pins axi_bram_ctrl_0_bram1/enb]
WARNING: [BD 41-1306] The connection to interface pin </axi_bram_ctrl_0_bram1/enb> is being overridden by the user with net <RFC8439_0_Dst_RAM_we>. This pin will not be connected as a part of interface connection <BRAM_PORTB>.
connect_bd_net [get_bd_pins RFC8439_0/Dst_RAM_D] [get_bd_pins axi_bram_ctrl_0_bram1/dinb]
WARNING: [BD 41-1306] The connection to interface pin </axi_bram_ctrl_0_bram1/dinb> is being overridden by the user with net <RFC8439_0_Dst_RAM_D>. This pin will not be connected as a part of interface connection <BRAM_PORTB>.
connect_bd_net [get_bd_pins RFC8439_0/Dst_RAM_Q] [get_bd_pins axi_bram_ctrl_0_bram1/doutb]
WARNING: [BD 41-1306] The connection to interface pin </axi_bram_ctrl_0_bram1/doutb> is being overridden by the user with net <axi_bram_ctrl_0_bram1_doutb>. This pin will not be connected as a part of interface connection <BRAM_PORTB>.
connect_bd_net [get_bd_pins axi_bram_ctrl_0_bram1/clkb] [get_bd_pins processing_system7_0/FCLK_CLK0]
WARNING: [BD 41-1306] The connection to interface pin </axi_bram_ctrl_0_bram1/clkb> is being overridden by the user with net </processing_system7_0_FCLK_CLK0>. This pin will not be connected as a part of interface connection <BRAM_PORTB>.
connect_bd_net [get_bd_pins axi_bram_ctrl_0_bram1/rstb] [get_bd_pins rst_ps7_0_100M/peripheral_reset]
WARNING: [BD 41-1306] The connection to interface pin </axi_bram_ctrl_0_bram1/rstb> is being overridden by the user with net </rst_ps7_0_100M_peripheral_reset>. This pin will not be connected as a part of interface connection <BRAM_PORTB>.
delete_bd_objs [get_bd_nets RFC8439_0_Dst_RAM_we]
connect_bd_net [get_bd_pins RFC8439_0/Dst_RAM_we] [get_bd_pins axi_bram_ctrl_0_bram1/web]
WARNING: [BD 41-1306] The connection to interface pin </axi_bram_ctrl_0_bram1/web> is being overridden by the user with net <RFC8439_0_Dst_RAM_we>. This pin will not be connected as a part of interface connection <BRAM_PORTB>.
delete_bd_objs [get_bd_nets xlconstant_0_dout]
connect_bd_net [get_bd_pins xlconstant_0/dout] [get_bd_pins v_tc_0/clken]
connect_bd_net [get_bd_pins xlconstant_0/dout] [get_bd_pins v_tc_0/sof_state]
undo
INFO: [Common 17-17] undo 'connect_bd_net [get_bd_pins xlconstant_0/dout] [get_bd_pins v_tc_0/sof_state]'
undo
INFO: [Common 17-17] undo 'connect_bd_net [get_bd_pins xlconstant_0/dout] [get_bd_pins v_tc_0/clken]'
undo
INFO: [Common 17-17] undo 'delete_bd_objs [get_bd_nets xlconstant_0_dout]'
delete_bd_objs [get_bd_nets xlconstant_0_dout]
connect_bd_net [get_bd_pins xlconstant_0/dout] [get_bd_pins v_tc_0/clken]
undo
INFO: [Common 17-17] undo 'connect_bd_net [get_bd_pins xlconstant_0/dout] [get_bd_pins v_tc_0/clken]'
undo
INFO: [Common 17-17] undo 'delete_bd_objs [get_bd_nets xlconstant_0_dout]'
delete_bd_objs [get_bd_nets xlconstant_0_dout]
connect_bd_net [get_bd_pins xlconstant_0/dout] [get_bd_pins v_tc_0/clken]
undo
INFO: [Common 17-17] undo 'connect_bd_net [get_bd_pins xlconstant_0/dout] [get_bd_pins v_tc_0/clken]'
undo
INFO: [Common 17-17] undo 'delete_bd_objs [get_bd_nets xlconstant_0_dout]'
delete_bd_objs [get_bd_nets xlconstant_0_dout]
connect_bd_net [get_bd_pins xlconstant_0/dout] [get_bd_pins v_tc_0/clken]
connect_bd_net [get_bd_pins xlconstant_0/dout] [get_bd_pins v_tc_0/resetn]
connect_bd_net [get_bd_pins xlconstant_0/dout] [get_bd_pins v_axi4s_vid_out_0/aclken]
connect_bd_net [get_bd_pins xlconstant_0/dout] [get_bd_pins v_axi4s_vid_out_0/aresetn]
connect_bd_net [get_bd_pins xlconstant_0/dout] [get_bd_pins v_axi4s_vid_out_0/vid_io_out_ce]
connect_bd_net [get_bd_pins RFC8439_0/Src_RAM_en] [get_bd_pins axi_bram_ctrl_0_bram/enb]
WARNING: [BD 41-1306] The connection to interface pin </axi_bram_ctrl_0_bram/enb> is being overridden by the user with net <RFC8439_0_Src_RAM_en>. This pin will not be connected as a part of interface connection <BRAM_PORTB>.
connect_bd_net [get_bd_pins RFC8439_0/Dst_RAM_en] [get_bd_pins axi_bram_ctrl_0_bram1/enb]
WARNING: [BD 41-1306] The connection to interface pin </axi_bram_ctrl_0_bram1/enb> is being overridden by the user with net <RFC8439_0_Dst_RAM_en>. This pin will not be connected as a part of interface connection <BRAM_PORTB>.
regenerate_bd_layout
validate_bd_design
WARNING: [BD 41-2670] Found an incomplete address path from address space '/processing_system7_0/Data' to master interface '/ps7_0_axi_periph/M12_AXI'. Please either complete or remove this path to resolve.
WARNING: [BD 41-2670] Found an incomplete address path from address space '/processing_system7_0/Data' to master interface '/ps7_0_axi_periph/M10_AXI'. Please either complete or remove this path to resolve.
WARNING: [BD 5-699] No address segments matched 'get_bd_addr_segs -addressables -of_objects /rst_ps7_0_100M'
WARNING: [BD 41-702] Propagation TCL tries to overwrite USER strength parameter PCW_M_AXI_GP0_FREQMHZ(10) on '/processing_system7_0' with propagated value(100). Command ignored
WARNING: [BD 41-702] Propagation TCL tries to overwrite USER strength parameter PCW_S_AXI_HP0_FREQMHZ(10) on '/processing_system7_0' with propagated value(100). Command ignored
WARNING: [BD 41-702] Propagation TCL tries to overwrite USER strength parameter PCW_S_AXI_HP1_FREQMHZ(10) on '/processing_system7_0' with propagated value(100). Command ignored
WARNING: [filemgmt 56-443] The ECC Algorithm string is empty. Setting the Memory Map to default ECC value to ECC_NONE.
WARNING: [xilinx.com:ip:axi_intc:4.1-13] /axi_intc_0: Interrupt output connection Bus is selected, but the interrupt bus interface is not connected to a matching interface. Please consider selecting Single instead.
INFO: [xilinx.com:ip:clk_wiz:6.0-1] /clk_wiz_0 clk_wiz propagate
INFO: [xilinx.com:ip:axi_vdma:6.3-15] /axi_vdma_0 
                    All clocks connected to AXI VDMA are not identical, therefore configuring AXI-VDMA in ASYNC mode.
validate_bd_design: Time (s): cpu = 00:00:06 ; elapsed = 00:00:05 . Memory (MB): peak = 2285.738 ; gain = 89.133
generate_target all [get_files  C:/code/RFC-8439-fpga-implementation/AES-Cam-on-PYNQ-Z2-main/AES-Cam-on-PYNQ-Z2-main/AES_SYS/AES_SYS.srcs/sources_1/bd/AES_SYS/AES_SYS.bd]
INFO: [BD 41-1662] The design 'AES_SYS.bd' is already validated. Therefore parameter propagation will not be re-run.
WARNING: [filemgmt 56-443] The ECC Algorithm string is empty. Setting the Memory Map to default ECC value to ECC_NONE.
WARNING: [filemgmt 56-443] The ECC Algorithm string is empty. Setting the Memory Map to default ECC value to ECC_NONE.
Wrote  : <C:\code\RFC-8439-fpga-implementation\AES-Cam-on-PYNQ-Z2-main\AES-Cam-on-PYNQ-Z2-main\AES_SYS\AES_SYS.srcs\sources_1\bd\AES_SYS\AES_SYS.bd> 
Wrote  : <C:/code/RFC-8439-fpga-implementation/AES-Cam-on-PYNQ-Z2-main/AES-Cam-on-PYNQ-Z2-main/AES_SYS/AES_SYS.srcs/sources_1/bd/AES_SYS/ui/bd_9341033d.ui> 
WARNING: [BD 41-2384] Width mismatch when connecting pin: '/axi_mem_intercon/m00_couplers/auto_pc/m_axi_rid'(1) to pin: '/axi_mem_intercon/m00_couplers/M_AXI_rid'(6) - Only lower order bits will be connected.
WARNING: [BD 41-2384] Width mismatch when connecting pin: '/axi_mem_intercon/m00_couplers/auto_pc/m_axi_bid'(1) to pin: '/axi_mem_intercon/m00_couplers/M_AXI_bid'(6) - Only lower order bits will be connected.
WARNING: [BD 41-2384] Width mismatch when connecting pin: '/axi_bram_ctrl_0_bram/addra'(32) to pin: '/axi_bram_ctrl_0/bram_addr_a'(19) - Only lower order bits will be connected.
WARNING: [BD 41-2384] Width mismatch when connecting pin: '/processing_system7_0/S_AXI_HP0_AWID'(6) to pin: '/axi_mem_intercon/M00_AXI_awid'(1) - Only lower order bits will be connected.
WARNING: [BD 41-2384] Width mismatch when connecting pin: '/processing_system7_0/S_AXI_HP0_ARID'(6) to pin: '/axi_mem_intercon/M00_AXI_arid'(1) - Only lower order bits will be connected.
WARNING: [BD 41-2384] Width mismatch when connecting pin: '/processing_system7_0/S_AXI_HP0_WID'(6) to pin: '/axi_mem_intercon/M00_AXI_wid'(1) - Only lower order bits will be connected.
WARNING: [BD 41-2384] Width mismatch when connecting pin: '/axi_bram_ctrl_0_bram1/addra'(32) to pin: '/axi_bram_ctrl_1/bram_addr_a'(13) - Only lower order bits will be connected.
Verilog Output written to : c:/code/RFC-8439-fpga-implementation/AES-Cam-on-PYNQ-Z2-main/AES-Cam-on-PYNQ-Z2-main/AES_SYS/AES_SYS.gen/sources_1/bd/AES_SYS/synth/AES_SYS.v
WARNING: [BD 41-2384] Width mismatch when connecting pin: '/axi_mem_intercon/m00_couplers/auto_pc/m_axi_rid'(1) to pin: '/axi_mem_intercon/m00_couplers/M_AXI_rid'(6) - Only lower order bits will be connected.
WARNING: [BD 41-2384] Width mismatch when connecting pin: '/axi_mem_intercon/m00_couplers/auto_pc/m_axi_bid'(1) to pin: '/axi_mem_intercon/m00_couplers/M_AXI_bid'(6) - Only lower order bits will be connected.
WARNING: [BD 41-2384] Width mismatch when connecting pin: '/axi_bram_ctrl_0_bram/addra'(32) to pin: '/axi_bram_ctrl_0/bram_addr_a'(19) - Only lower order bits will be connected.
WARNING: [BD 41-2384] Width mismatch when connecting pin: '/processing_system7_0/S_AXI_HP0_AWID'(6) to pin: '/axi_mem_intercon/M00_AXI_awid'(1) - Only lower order bits will be connected.
WARNING: [BD 41-2384] Width mismatch when connecting pin: '/processing_system7_0/S_AXI_HP0_ARID'(6) to pin: '/axi_mem_intercon/M00_AXI_arid'(1) - Only lower order bits will be connected.
WARNING: [BD 41-2384] Width mismatch when connecting pin: '/processing_system7_0/S_AXI_HP0_WID'(6) to pin: '/axi_mem_intercon/M00_AXI_wid'(1) - Only lower order bits will be connected.
WARNING: [BD 41-2384] Width mismatch when connecting pin: '/axi_bram_ctrl_0_bram1/addra'(32) to pin: '/axi_bram_ctrl_1/bram_addr_a'(13) - Only lower order bits will be connected.
Verilog Output written to : c:/code/RFC-8439-fpga-implementation/AES-Cam-on-PYNQ-Z2-main/AES-Cam-on-PYNQ-Z2-main/AES_SYS/AES_SYS.gen/sources_1/bd/AES_SYS/sim/AES_SYS.v
Verilog Output written to : c:/code/RFC-8439-fpga-implementation/AES-Cam-on-PYNQ-Z2-main/AES-Cam-on-PYNQ-Z2-main/AES_SYS/AES_SYS.gen/sources_1/bd/AES_SYS/hdl/AES_SYS_wrapper.v
INFO: [BD 41-1029] Generation completed for the IP Integrator block ps7_0_axi_periph/xbar .
INFO: [BD 41-1029] Generation completed for the IP Integrator block axi_mem_intercon_1/xbar .
WARNING: [IP_Flow 19-4994] Overwriting existing constraint file 'c:/code/RFC-8439-fpga-implementation/AES-Cam-on-PYNQ-Z2-main/AES-Cam-on-PYNQ-Z2-main/AES_SYS/AES_SYS.gen/sources_1/bd/AES_SYS/ip/AES_SYS_auto_pc_11/AES_SYS_auto_pc_11_ooc.xdc'
INFO: [BD 41-1029] Generation completed for the IP Integrator block ps7_0_axi_periph/s00_couplers/auto_pc .
WARNING: [IP_Flow 19-4994] Overwriting existing constraint file 'c:/code/RFC-8439-fpga-implementation/AES-Cam-on-PYNQ-Z2-main/AES-Cam-on-PYNQ-Z2-main/AES_SYS/AES_SYS.gen/sources_1/bd/AES_SYS/ip/AES_SYS_auto_pc_0/AES_SYS_auto_pc_0_ooc.xdc'
INFO: [BD 41-1029] Generation completed for the IP Integrator block ps7_0_axi_periph/m00_couplers/auto_pc .
WARNING: [IP_Flow 19-4994] Overwriting existing constraint file 'c:/code/RFC-8439-fpga-implementation/AES-Cam-on-PYNQ-Z2-main/AES-Cam-on-PYNQ-Z2-main/AES_SYS/AES_SYS.gen/sources_1/bd/AES_SYS/ip/AES_SYS_auto_pc_1/AES_SYS_auto_pc_1_ooc.xdc'
INFO: [BD 41-1029] Generation completed for the IP Integrator block ps7_0_axi_periph/m01_couplers/auto_pc .
WARNING: [IP_Flow 19-4994] Overwriting existing constraint file 'c:/code/RFC-8439-fpga-implementation/AES-Cam-on-PYNQ-Z2-main/AES-Cam-on-PYNQ-Z2-main/AES_SYS/AES_SYS.gen/sources_1/bd/AES_SYS/ip/AES_SYS_auto_pc_2/AES_SYS_auto_pc_2_ooc.xdc'
INFO: [BD 41-1029] Generation completed for the IP Integrator block ps7_0_axi_periph/m02_couplers/auto_pc .
WARNING: [IP_Flow 19-4994] Overwriting existing constraint file 'c:/code/RFC-8439-fpga-implementation/AES-Cam-on-PYNQ-Z2-main/AES-Cam-on-PYNQ-Z2-main/AES_SYS/AES_SYS.gen/sources_1/bd/AES_SYS/ip/AES_SYS_auto_pc_3/AES_SYS_auto_pc_3_ooc.xdc'
INFO: [BD 41-1029] Generation completed for the IP Integrator block ps7_0_axi_periph/m03_couplers/auto_pc .
WARNING: [IP_Flow 19-4994] Overwriting existing constraint file 'c:/code/RFC-8439-fpga-implementation/AES-Cam-on-PYNQ-Z2-main/AES-Cam-on-PYNQ-Z2-main/AES_SYS/AES_SYS.gen/sources_1/bd/AES_SYS/ip/AES_SYS_auto_pc_4/AES_SYS_auto_pc_4_ooc.xdc'
INFO: [BD 41-1029] Generation completed for the IP Integrator block ps7_0_axi_periph/m04_couplers/auto_pc .
WARNING: [IP_Flow 19-4994] Overwriting existing constraint file 'c:/code/RFC-8439-fpga-implementation/AES-Cam-on-PYNQ-Z2-main/AES-Cam-on-PYNQ-Z2-main/AES_SYS/AES_SYS.gen/sources_1/bd/AES_SYS/ip/AES_SYS_auto_pc_5/AES_SYS_auto_pc_5_ooc.xdc'
INFO: [BD 41-1029] Generation completed for the IP Integrator block ps7_0_axi_periph/m05_couplers/auto_pc .
WARNING: [IP_Flow 19-4994] Overwriting existing constraint file 'c:/code/RFC-8439-fpga-implementation/AES-Cam-on-PYNQ-Z2-main/AES-Cam-on-PYNQ-Z2-main/AES_SYS/AES_SYS.gen/sources_1/bd/AES_SYS/ip/AES_SYS_auto_pc_6/AES_SYS_auto_pc_6_ooc.xdc'
INFO: [BD 41-1029] Generation completed for the IP Integrator block ps7_0_axi_periph/m06_couplers/auto_pc .
WARNING: [IP_Flow 19-4994] Overwriting existing constraint file 'c:/code/RFC-8439-fpga-implementation/AES-Cam-on-PYNQ-Z2-main/AES-Cam-on-PYNQ-Z2-main/AES_SYS/AES_SYS.gen/sources_1/bd/AES_SYS/ip/AES_SYS_auto_pc_7/AES_SYS_auto_pc_7_ooc.xdc'
INFO: [BD 41-1029] Generation completed for the IP Integrator block ps7_0_axi_periph/m08_couplers/auto_pc .
WARNING: [IP_Flow 19-4994] Overwriting existing constraint file 'c:/code/RFC-8439-fpga-implementation/AES-Cam-on-PYNQ-Z2-main/AES-Cam-on-PYNQ-Z2-main/AES_SYS/AES_SYS.gen/sources_1/bd/AES_SYS/ip/AES_SYS_auto_pc_8/AES_SYS_auto_pc_8_ooc.xdc'
INFO: [BD 41-1029] Generation completed for the IP Integrator block ps7_0_axi_periph/m09_couplers/auto_pc .
WARNING: [IP_Flow 19-4994] Overwriting existing constraint file 'c:/code/RFC-8439-fpga-implementation/AES-Cam-on-PYNQ-Z2-main/AES-Cam-on-PYNQ-Z2-main/AES_SYS/AES_SYS.gen/sources_1/bd/AES_SYS/ip/AES_SYS_auto_pc_9/AES_SYS_auto_pc_9_ooc.xdc'
INFO: [BD 41-1029] Generation completed for the IP Integrator block ps7_0_axi_periph/m11_couplers/auto_pc .
WARNING: [IP_Flow 19-4994] Overwriting existing constraint file 'c:/code/RFC-8439-fpga-implementation/AES-Cam-on-PYNQ-Z2-main/AES-Cam-on-PYNQ-Z2-main/AES_SYS/AES_SYS.gen/sources_1/bd/AES_SYS/ip/AES_SYS_auto_pc_10/AES_SYS_auto_pc_10_ooc.xdc'
INFO: [BD 41-1029] Generation completed for the IP Integrator block ps7_0_axi_periph/m13_couplers/auto_pc .
WARNING: [IP_Flow 19-4994] Overwriting existing constraint file 'c:/code/RFC-8439-fpga-implementation/AES-Cam-on-PYNQ-Z2-main/AES-Cam-on-PYNQ-Z2-main/AES_SYS/AES_SYS.gen/sources_1/bd/AES_SYS/ip/AES_SYS_auto_pc_12/AES_SYS_auto_pc_12_ooc.xdc'
INFO: [BD 41-1029] Generation completed for the IP Integrator block axi_mem_intercon/m00_couplers/auto_pc .
WARNING: [IP_Flow 19-4994] Overwriting existing constraint file 'c:/code/RFC-8439-fpga-implementation/AES-Cam-on-PYNQ-Z2-main/AES-Cam-on-PYNQ-Z2-main/AES_SYS/AES_SYS.gen/sources_1/bd/AES_SYS/ip/AES_SYS_auto_us_0/AES_SYS_auto_us_0_ooc.xdc'
INFO: [IP_Flow 19-5611] Unable to find an associated reset port for the interface 'S_AXI'. A default connection has been created.
INFO: [IP_Flow 19-5611] Unable to find an associated reset port for the interface 'M_AXI'. A default connection has been created.
INFO: [BD 41-1029] Generation completed for the IP Integrator block axi_mem_intercon_1/s00_couplers/auto_us .
WARNING: [IP_Flow 19-4994] Overwriting existing constraint file 'c:/code/RFC-8439-fpga-implementation/AES-Cam-on-PYNQ-Z2-main/AES-Cam-on-PYNQ-Z2-main/AES_SYS/AES_SYS.gen/sources_1/bd/AES_SYS/ip/AES_SYS_auto_pc_13/AES_SYS_auto_pc_13_ooc.xdc'
INFO: [BD 41-1029] Generation completed for the IP Integrator block axi_mem_intercon_1/m00_couplers/auto_pc .
WARNING: [IP_Flow 19-4994] Overwriting existing constraint file 'c:/code/RFC-8439-fpga-implementation/AES-Cam-on-PYNQ-Z2-main/AES-Cam-on-PYNQ-Z2-main/AES_SYS/AES_SYS.gen/sources_1/bd/AES_SYS/ip/AES_SYS_auto_ds_0/AES_SYS_auto_ds_0_ooc.xdc'
INFO: [IP_Flow 19-5611] Unable to find an associated reset port for the interface 'S_AXI'. A default connection has been created.
INFO: [IP_Flow 19-5611] Unable to find an associated reset port for the interface 'M_AXI'. A default connection has been created.
INFO: [BD 41-1029] Generation completed for the IP Integrator block axi_mem_intercon_1/m01_couplers/auto_ds .
INFO: [BD 41-1029] Generation completed for the IP Integrator block RFC8439_0 .
INFO: [BD 41-1029] Generation completed for the IP Integrator block axi_gpio_1 .
INFO: [BD 41-1029] Generation completed for the IP Integrator block axi_gpio_2 .
INFO: [BD 41-1029] Generation completed for the IP Integrator block axi_gpio_3 .
INFO: [BD 41-1029] Generation completed for the IP Integrator block axi_bram_ctrl_1 .
INFO: [BD 41-1029] Generation completed for the IP Integrator block axi_bram_ctrl_0_bram1 .
Exporting to file c:/code/RFC-8439-fpga-implementation/AES-Cam-on-PYNQ-Z2-main/AES-Cam-on-PYNQ-Z2-main/AES_SYS/AES_SYS.gen/sources_1/bd/AES_SYS/hw_handoff/AES_SYS.hwh
Generated Hardware Definition File c:/code/RFC-8439-fpga-implementation/AES-Cam-on-PYNQ-Z2-main/AES-Cam-on-PYNQ-Z2-main/AES_SYS/AES_SYS.gen/sources_1/bd/AES_SYS/synth/AES_SYS.hwdef
generate_target: Time (s): cpu = 00:00:07 ; elapsed = 00:00:08 . Memory (MB): peak = 2586.938 ; gain = 301.199
catch { config_ip_cache -export [get_ips -all AES_SYS_xbar_0] }
INFO: [IP_Flow 19-6924] IPCACHE: Running cache check for IP inst: AES_SYS_xbar_0
catch { config_ip_cache -export [get_ips -all AES_SYS_xbar_2] }
INFO: [IP_Flow 19-6924] IPCACHE: Running cache check for IP inst: AES_SYS_xbar_2
INFO: [IP_Flow 19-6922] IPCACHE: Exporting cached entry 48a22acaeff74a9c to dir: c:/code/RFC-8439-fpga-implementation/AES-Cam-on-PYNQ-Z2-main/AES-Cam-on-PYNQ-Z2-main/AES_SYS/AES_SYS.gen/sources_1/bd/AES_SYS/ip/AES_SYS_xbar_2
INFO: [IP_Flow 19-6928] IPCACHE: copied cached file c:/code/RFC-8439-fpga-implementation/AES-Cam-on-PYNQ-Z2-main/AES-Cam-on-PYNQ-Z2-main/AES_SYS/AES_SYS.cache/ip/2023.2/4/8/48a22acaeff74a9c/AES_SYS_xbar_2.dcp to c:/code/RFC-8439-fpga-implementation/AES-Cam-on-PYNQ-Z2-main/AES-Cam-on-PYNQ-Z2-main/AES_SYS/AES_SYS.gen/sources_1/bd/AES_SYS/ip/AES_SYS_xbar_2/AES_SYS_xbar_2.dcp.
INFO: [IP_Flow 19-6926] IPCACHE: added file to list for BOM: c:/code/RFC-8439-fpga-implementation/AES-Cam-on-PYNQ-Z2-main/AES-Cam-on-PYNQ-Z2-main/AES_SYS/AES_SYS.gen/sources_1/bd/AES_SYS/ip/AES_SYS_xbar_2/AES_SYS_xbar_2.dcp
INFO: [IP_Flow 19-6928] IPCACHE: copied cached file c:/code/RFC-8439-fpga-implementation/AES-Cam-on-PYNQ-Z2-main/AES-Cam-on-PYNQ-Z2-main/AES_SYS/AES_SYS.cache/ip/2023.2/4/8/48a22acaeff74a9c/AES_SYS_xbar_2_sim_netlist.v to c:/code/RFC-8439-fpga-implementation/AES-Cam-on-PYNQ-Z2-main/AES-Cam-on-PYNQ-Z2-main/AES_SYS/AES_SYS.gen/sources_1/bd/AES_SYS/ip/AES_SYS_xbar_2/AES_SYS_xbar_2_sim_netlist.v.
INFO: [IP_Flow 19-6926] IPCACHE: added file to list for BOM: c:/code/RFC-8439-fpga-implementation/AES-Cam-on-PYNQ-Z2-main/AES-Cam-on-PYNQ-Z2-main/AES_SYS/AES_SYS.gen/sources_1/bd/AES_SYS/ip/AES_SYS_xbar_2/AES_SYS_xbar_2_sim_netlist.v
INFO: [IP_Flow 19-6928] IPCACHE: copied cached file c:/code/RFC-8439-fpga-implementation/AES-Cam-on-PYNQ-Z2-main/AES-Cam-on-PYNQ-Z2-main/AES_SYS/AES_SYS.cache/ip/2023.2/4/8/48a22acaeff74a9c/AES_SYS_xbar_2_sim_netlist.vhdl to c:/code/RFC-8439-fpga-implementation/AES-Cam-on-PYNQ-Z2-main/AES-Cam-on-PYNQ-Z2-main/AES_SYS/AES_SYS.gen/sources_1/bd/AES_SYS/ip/AES_SYS_xbar_2/AES_SYS_xbar_2_sim_netlist.vhdl.
INFO: [IP_Flow 19-6926] IPCACHE: added file to list for BOM: c:/code/RFC-8439-fpga-implementation/AES-Cam-on-PYNQ-Z2-main/AES-Cam-on-PYNQ-Z2-main/AES_SYS/AES_SYS.gen/sources_1/bd/AES_SYS/ip/AES_SYS_xbar_2/AES_SYS_xbar_2_sim_netlist.vhdl
INFO: [IP_Flow 19-6928] IPCACHE: copied cached file c:/code/RFC-8439-fpga-implementation/AES-Cam-on-PYNQ-Z2-main/AES-Cam-on-PYNQ-Z2-main/AES_SYS/AES_SYS.cache/ip/2023.2/4/8/48a22acaeff74a9c/AES_SYS_xbar_2_stub.v to c:/code/RFC-8439-fpga-implementation/AES-Cam-on-PYNQ-Z2-main/AES-Cam-on-PYNQ-Z2-main/AES_SYS/AES_SYS.gen/sources_1/bd/AES_SYS/ip/AES_SYS_xbar_2/AES_SYS_xbar_2_stub.v.
INFO: [IP_Flow 19-6926] IPCACHE: added file to list for BOM: c:/code/RFC-8439-fpga-implementation/AES-Cam-on-PYNQ-Z2-main/AES-Cam-on-PYNQ-Z2-main/AES_SYS/AES_SYS.gen/sources_1/bd/AES_SYS/ip/AES_SYS_xbar_2/AES_SYS_xbar_2_stub.v
INFO: [IP_Flow 19-6928] IPCACHE: copied cached file c:/code/RFC-8439-fpga-implementation/AES-Cam-on-PYNQ-Z2-main/AES-Cam-on-PYNQ-Z2-main/AES_SYS/AES_SYS.cache/ip/2023.2/4/8/48a22acaeff74a9c/AES_SYS_xbar_2_stub.vhdl to c:/code/RFC-8439-fpga-implementation/AES-Cam-on-PYNQ-Z2-main/AES-Cam-on-PYNQ-Z2-main/AES_SYS/AES_SYS.gen/sources_1/bd/AES_SYS/ip/AES_SYS_xbar_2/AES_SYS_xbar_2_stub.vhdl.
INFO: [IP_Flow 19-6926] IPCACHE: added file to list for BOM: c:/code/RFC-8439-fpga-implementation/AES-Cam-on-PYNQ-Z2-main/AES-Cam-on-PYNQ-Z2-main/AES_SYS/AES_SYS.gen/sources_1/bd/AES_SYS/ip/AES_SYS_xbar_2/AES_SYS_xbar_2_stub.vhdl
INFO: [IP_Flow 19-4993] Using cached IP synthesis design for IP AES_SYS_xbar_2, cache-ID = 48a22acaeff74a9c; cache size = 104.908 MB.
catch { [ delete_ip_run [get_ips -all AES_SYS_xbar_2] ] }
catch { config_ip_cache -export [get_ips -all AES_SYS_auto_pc_11] }
INFO: [IP_Flow 19-6924] IPCACHE: Running cache check for IP inst: AES_SYS_auto_pc_11
catch { config_ip_cache -export [get_ips -all AES_SYS_auto_pc_0] }
INFO: [IP_Flow 19-6924] IPCACHE: Running cache check for IP inst: AES_SYS_auto_pc_0
catch { config_ip_cache -export [get_ips -all AES_SYS_auto_pc_1] }
INFO: [IP_Flow 19-6924] IPCACHE: Running cache check for IP inst: AES_SYS_auto_pc_1
catch { config_ip_cache -export [get_ips -all AES_SYS_auto_pc_2] }
INFO: [IP_Flow 19-6924] IPCACHE: Running cache check for IP inst: AES_SYS_auto_pc_2
catch { config_ip_cache -export [get_ips -all AES_SYS_auto_pc_3] }
INFO: [IP_Flow 19-6924] IPCACHE: Running cache check for IP inst: AES_SYS_auto_pc_3
catch { config_ip_cache -export [get_ips -all AES_SYS_auto_pc_4] }
INFO: [IP_Flow 19-6924] IPCACHE: Running cache check for IP inst: AES_SYS_auto_pc_4
catch { config_ip_cache -export [get_ips -all AES_SYS_auto_pc_5] }
INFO: [IP_Flow 19-6924] IPCACHE: Running cache check for IP inst: AES_SYS_auto_pc_5
catch { config_ip_cache -export [get_ips -all AES_SYS_auto_pc_6] }
INFO: [IP_Flow 19-6924] IPCACHE: Running cache check for IP inst: AES_SYS_auto_pc_6
catch { config_ip_cache -export [get_ips -all AES_SYS_auto_pc_7] }
INFO: [IP_Flow 19-6924] IPCACHE: Running cache check for IP inst: AES_SYS_auto_pc_7
catch { config_ip_cache -export [get_ips -all AES_SYS_auto_pc_8] }
INFO: [IP_Flow 19-6924] IPCACHE: Running cache check for IP inst: AES_SYS_auto_pc_8
catch { config_ip_cache -export [get_ips -all AES_SYS_auto_pc_9] }
INFO: [IP_Flow 19-6924] IPCACHE: Running cache check for IP inst: AES_SYS_auto_pc_9
catch { config_ip_cache -export [get_ips -all AES_SYS_auto_pc_10] }
INFO: [IP_Flow 19-6924] IPCACHE: Running cache check for IP inst: AES_SYS_auto_pc_10
catch { config_ip_cache -export [get_ips -all AES_SYS_auto_pc_12] }
INFO: [IP_Flow 19-6924] IPCACHE: Running cache check for IP inst: AES_SYS_auto_pc_12
INFO: [IP_Flow 19-6922] IPCACHE: Exporting cached entry 94761b5042ad7a93 to dir: c:/code/RFC-8439-fpga-implementation/AES-Cam-on-PYNQ-Z2-main/AES-Cam-on-PYNQ-Z2-main/AES_SYS/AES_SYS.gen/sources_1/bd/AES_SYS/ip/AES_SYS_auto_pc_12
INFO: [IP_Flow 19-6928] IPCACHE: copied cached file c:/code/RFC-8439-fpga-implementation/AES-Cam-on-PYNQ-Z2-main/AES-Cam-on-PYNQ-Z2-main/AES_SYS/AES_SYS.cache/ip/2023.2/9/4/94761b5042ad7a93/AES_SYS_auto_pc_1.dcp to c:/code/RFC-8439-fpga-implementation/AES-Cam-on-PYNQ-Z2-main/AES-Cam-on-PYNQ-Z2-main/AES_SYS/AES_SYS.gen/sources_1/bd/AES_SYS/ip/AES_SYS_auto_pc_12/AES_SYS_auto_pc_12.dcp.
INFO: [IP_Flow 19-6926] IPCACHE: added file to list for BOM: c:/code/RFC-8439-fpga-implementation/AES-Cam-on-PYNQ-Z2-main/AES-Cam-on-PYNQ-Z2-main/AES_SYS/AES_SYS.gen/sources_1/bd/AES_SYS/ip/AES_SYS_auto_pc_12/AES_SYS_auto_pc_12.dcp
INFO: [IP_Flow 19-6928] IPCACHE: copied cached file c:/code/RFC-8439-fpga-implementation/AES-Cam-on-PYNQ-Z2-main/AES-Cam-on-PYNQ-Z2-main/AES_SYS/AES_SYS.cache/ip/2023.2/9/4/94761b5042ad7a93/AES_SYS_auto_pc_1_sim_netlist.v to c:/code/RFC-8439-fpga-implementation/AES-Cam-on-PYNQ-Z2-main/AES-Cam-on-PYNQ-Z2-main/AES_SYS/AES_SYS.gen/sources_1/bd/AES_SYS/ip/AES_SYS_auto_pc_12/AES_SYS_auto_pc_12_sim_netlist.v.
INFO: [IP_Flow 19-6926] IPCACHE: added file to list for BOM: c:/code/RFC-8439-fpga-implementation/AES-Cam-on-PYNQ-Z2-main/AES-Cam-on-PYNQ-Z2-main/AES_SYS/AES_SYS.gen/sources_1/bd/AES_SYS/ip/AES_SYS_auto_pc_12/AES_SYS_auto_pc_12_sim_netlist.v
INFO: [IP_Flow 19-6928] IPCACHE: copied cached file c:/code/RFC-8439-fpga-implementation/AES-Cam-on-PYNQ-Z2-main/AES-Cam-on-PYNQ-Z2-main/AES_SYS/AES_SYS.cache/ip/2023.2/9/4/94761b5042ad7a93/AES_SYS_auto_pc_1_sim_netlist.vhdl to c:/code/RFC-8439-fpga-implementation/AES-Cam-on-PYNQ-Z2-main/AES-Cam-on-PYNQ-Z2-main/AES_SYS/AES_SYS.gen/sources_1/bd/AES_SYS/ip/AES_SYS_auto_pc_12/AES_SYS_auto_pc_12_sim_netlist.vhdl.
INFO: [IP_Flow 19-6926] IPCACHE: added file to list for BOM: c:/code/RFC-8439-fpga-implementation/AES-Cam-on-PYNQ-Z2-main/AES-Cam-on-PYNQ-Z2-main/AES_SYS/AES_SYS.gen/sources_1/bd/AES_SYS/ip/AES_SYS_auto_pc_12/AES_SYS_auto_pc_12_sim_netlist.vhdl
INFO: [IP_Flow 19-6928] IPCACHE: copied cached file c:/code/RFC-8439-fpga-implementation/AES-Cam-on-PYNQ-Z2-main/AES-Cam-on-PYNQ-Z2-main/AES_SYS/AES_SYS.cache/ip/2023.2/9/4/94761b5042ad7a93/AES_SYS_auto_pc_1_stub.v to c:/code/RFC-8439-fpga-implementation/AES-Cam-on-PYNQ-Z2-main/AES-Cam-on-PYNQ-Z2-main/AES_SYS/AES_SYS.gen/sources_1/bd/AES_SYS/ip/AES_SYS_auto_pc_12/AES_SYS_auto_pc_12_stub.v.
INFO: [IP_Flow 19-6926] IPCACHE: added file to list for BOM: c:/code/RFC-8439-fpga-implementation/AES-Cam-on-PYNQ-Z2-main/AES-Cam-on-PYNQ-Z2-main/AES_SYS/AES_SYS.gen/sources_1/bd/AES_SYS/ip/AES_SYS_auto_pc_12/AES_SYS_auto_pc_12_stub.v
INFO: [IP_Flow 19-6928] IPCACHE: copied cached file c:/code/RFC-8439-fpga-implementation/AES-Cam-on-PYNQ-Z2-main/AES-Cam-on-PYNQ-Z2-main/AES_SYS/AES_SYS.cache/ip/2023.2/9/4/94761b5042ad7a93/AES_SYS_auto_pc_1_stub.vhdl to c:/code/RFC-8439-fpga-implementation/AES-Cam-on-PYNQ-Z2-main/AES-Cam-on-PYNQ-Z2-main/AES_SYS/AES_SYS.gen/sources_1/bd/AES_SYS/ip/AES_SYS_auto_pc_12/AES_SYS_auto_pc_12_stub.vhdl.
INFO: [IP_Flow 19-6926] IPCACHE: added file to list for BOM: c:/code/RFC-8439-fpga-implementation/AES-Cam-on-PYNQ-Z2-main/AES-Cam-on-PYNQ-Z2-main/AES_SYS/AES_SYS.gen/sources_1/bd/AES_SYS/ip/AES_SYS_auto_pc_12/AES_SYS_auto_pc_12_stub.vhdl
INFO: [IP_Flow 19-4993] Using cached IP synthesis design for IP AES_SYS_auto_pc_12, cache-ID = 94761b5042ad7a93; cache size = 104.908 MB.
catch { config_ip_cache -export [get_ips -all AES_SYS_auto_us_0] }
INFO: [IP_Flow 19-6924] IPCACHE: Running cache check for IP inst: AES_SYS_auto_us_0
INFO: [IP_Flow 19-6922] IPCACHE: Exporting cached entry d7a115856411cff3 to dir: c:/code/RFC-8439-fpga-implementation/AES-Cam-on-PYNQ-Z2-main/AES-Cam-on-PYNQ-Z2-main/AES_SYS/AES_SYS.gen/sources_1/bd/AES_SYS/ip/AES_SYS_auto_us_0
INFO: [IP_Flow 19-6928] IPCACHE: copied cached file c:/code/RFC-8439-fpga-implementation/AES-Cam-on-PYNQ-Z2-main/AES-Cam-on-PYNQ-Z2-main/AES_SYS/AES_SYS.cache/ip/2023.2/d/7/d7a115856411cff3/AES_SYS_auto_us_0.dcp to c:/code/RFC-8439-fpga-implementation/AES-Cam-on-PYNQ-Z2-main/AES-Cam-on-PYNQ-Z2-main/AES_SYS/AES_SYS.gen/sources_1/bd/AES_SYS/ip/AES_SYS_auto_us_0/AES_SYS_auto_us_0.dcp.
INFO: [IP_Flow 19-6926] IPCACHE: added file to list for BOM: c:/code/RFC-8439-fpga-implementation/AES-Cam-on-PYNQ-Z2-main/AES-Cam-on-PYNQ-Z2-main/AES_SYS/AES_SYS.gen/sources_1/bd/AES_SYS/ip/AES_SYS_auto_us_0/AES_SYS_auto_us_0.dcp
INFO: [IP_Flow 19-6928] IPCACHE: copied cached file c:/code/RFC-8439-fpga-implementation/AES-Cam-on-PYNQ-Z2-main/AES-Cam-on-PYNQ-Z2-main/AES_SYS/AES_SYS.cache/ip/2023.2/d/7/d7a115856411cff3/AES_SYS_auto_us_0_sim_netlist.v to c:/code/RFC-8439-fpga-implementation/AES-Cam-on-PYNQ-Z2-main/AES-Cam-on-PYNQ-Z2-main/AES_SYS/AES_SYS.gen/sources_1/bd/AES_SYS/ip/AES_SYS_auto_us_0/AES_SYS_auto_us_0_sim_netlist.v.
INFO: [IP_Flow 19-6926] IPCACHE: added file to list for BOM: c:/code/RFC-8439-fpga-implementation/AES-Cam-on-PYNQ-Z2-main/AES-Cam-on-PYNQ-Z2-main/AES_SYS/AES_SYS.gen/sources_1/bd/AES_SYS/ip/AES_SYS_auto_us_0/AES_SYS_auto_us_0_sim_netlist.v
INFO: [IP_Flow 19-6928] IPCACHE: copied cached file c:/code/RFC-8439-fpga-implementation/AES-Cam-on-PYNQ-Z2-main/AES-Cam-on-PYNQ-Z2-main/AES_SYS/AES_SYS.cache/ip/2023.2/d/7/d7a115856411cff3/AES_SYS_auto_us_0_sim_netlist.vhdl to c:/code/RFC-8439-fpga-implementation/AES-Cam-on-PYNQ-Z2-main/AES-Cam-on-PYNQ-Z2-main/AES_SYS/AES_SYS.gen/sources_1/bd/AES_SYS/ip/AES_SYS_auto_us_0/AES_SYS_auto_us_0_sim_netlist.vhdl.
INFO: [IP_Flow 19-6926] IPCACHE: added file to list for BOM: c:/code/RFC-8439-fpga-implementation/AES-Cam-on-PYNQ-Z2-main/AES-Cam-on-PYNQ-Z2-main/AES_SYS/AES_SYS.gen/sources_1/bd/AES_SYS/ip/AES_SYS_auto_us_0/AES_SYS_auto_us_0_sim_netlist.vhdl
INFO: [IP_Flow 19-6928] IPCACHE: copied cached file c:/code/RFC-8439-fpga-implementation/AES-Cam-on-PYNQ-Z2-main/AES-Cam-on-PYNQ-Z2-main/AES_SYS/AES_SYS.cache/ip/2023.2/d/7/d7a115856411cff3/AES_SYS_auto_us_0_stub.v to c:/code/RFC-8439-fpga-implementation/AES-Cam-on-PYNQ-Z2-main/AES-Cam-on-PYNQ-Z2-main/AES_SYS/AES_SYS.gen/sources_1/bd/AES_SYS/ip/AES_SYS_auto_us_0/AES_SYS_auto_us_0_stub.v.
INFO: [IP_Flow 19-6926] IPCACHE: added file to list for BOM: c:/code/RFC-8439-fpga-implementation/AES-Cam-on-PYNQ-Z2-main/AES-Cam-on-PYNQ-Z2-main/AES_SYS/AES_SYS.gen/sources_1/bd/AES_SYS/ip/AES_SYS_auto_us_0/AES_SYS_auto_us_0_stub.v
INFO: [IP_Flow 19-6928] IPCACHE: copied cached file c:/code/RFC-8439-fpga-implementation/AES-Cam-on-PYNQ-Z2-main/AES-Cam-on-PYNQ-Z2-main/AES_SYS/AES_SYS.cache/ip/2023.2/d/7/d7a115856411cff3/AES_SYS_auto_us_0_stub.vhdl to c:/code/RFC-8439-fpga-implementation/AES-Cam-on-PYNQ-Z2-main/AES-Cam-on-PYNQ-Z2-main/AES_SYS/AES_SYS.gen/sources_1/bd/AES_SYS/ip/AES_SYS_auto_us_0/AES_SYS_auto_us_0_stub.vhdl.
INFO: [IP_Flow 19-6926] IPCACHE: added file to list for BOM: c:/code/RFC-8439-fpga-implementation/AES-Cam-on-PYNQ-Z2-main/AES-Cam-on-PYNQ-Z2-main/AES_SYS/AES_SYS.gen/sources_1/bd/AES_SYS/ip/AES_SYS_auto_us_0/AES_SYS_auto_us_0_stub.vhdl
INFO: [IP_Flow 19-4993] Using cached IP synthesis design for IP AES_SYS_auto_us_0, cache-ID = d7a115856411cff3; cache size = 104.908 MB.
catch { config_ip_cache -export [get_ips -all AES_SYS_auto_pc_13] }
INFO: [IP_Flow 19-6924] IPCACHE: Running cache check for IP inst: AES_SYS_auto_pc_13
INFO: [IP_Flow 19-6922] IPCACHE: Exporting cached entry eb0a31b7fa4bb001 to dir: c:/code/RFC-8439-fpga-implementation/AES-Cam-on-PYNQ-Z2-main/AES-Cam-on-PYNQ-Z2-main/AES_SYS/AES_SYS.gen/sources_1/bd/AES_SYS/ip/AES_SYS_auto_pc_13
INFO: [IP_Flow 19-6928] IPCACHE: copied cached file c:/code/RFC-8439-fpga-implementation/AES-Cam-on-PYNQ-Z2-main/AES-Cam-on-PYNQ-Z2-main/AES_SYS/AES_SYS.cache/ip/2023.2/e/b/eb0a31b7fa4bb001/AES_SYS_auto_pc_2.dcp to c:/code/RFC-8439-fpga-implementation/AES-Cam-on-PYNQ-Z2-main/AES-Cam-on-PYNQ-Z2-main/AES_SYS/AES_SYS.gen/sources_1/bd/AES_SYS/ip/AES_SYS_auto_pc_13/AES_SYS_auto_pc_13.dcp.
INFO: [IP_Flow 19-6926] IPCACHE: added file to list for BOM: c:/code/RFC-8439-fpga-implementation/AES-Cam-on-PYNQ-Z2-main/AES-Cam-on-PYNQ-Z2-main/AES_SYS/AES_SYS.gen/sources_1/bd/AES_SYS/ip/AES_SYS_auto_pc_13/AES_SYS_auto_pc_13.dcp
INFO: [IP_Flow 19-6928] IPCACHE: copied cached file c:/code/RFC-8439-fpga-implementation/AES-Cam-on-PYNQ-Z2-main/AES-Cam-on-PYNQ-Z2-main/AES_SYS/AES_SYS.cache/ip/2023.2/e/b/eb0a31b7fa4bb001/AES_SYS_auto_pc_2_sim_netlist.v to c:/code/RFC-8439-fpga-implementation/AES-Cam-on-PYNQ-Z2-main/AES-Cam-on-PYNQ-Z2-main/AES_SYS/AES_SYS.gen/sources_1/bd/AES_SYS/ip/AES_SYS_auto_pc_13/AES_SYS_auto_pc_13_sim_netlist.v.
INFO: [IP_Flow 19-6926] IPCACHE: added file to list for BOM: c:/code/RFC-8439-fpga-implementation/AES-Cam-on-PYNQ-Z2-main/AES-Cam-on-PYNQ-Z2-main/AES_SYS/AES_SYS.gen/sources_1/bd/AES_SYS/ip/AES_SYS_auto_pc_13/AES_SYS_auto_pc_13_sim_netlist.v
INFO: [IP_Flow 19-6928] IPCACHE: copied cached file c:/code/RFC-8439-fpga-implementation/AES-Cam-on-PYNQ-Z2-main/AES-Cam-on-PYNQ-Z2-main/AES_SYS/AES_SYS.cache/ip/2023.2/e/b/eb0a31b7fa4bb001/AES_SYS_auto_pc_2_sim_netlist.vhdl to c:/code/RFC-8439-fpga-implementation/AES-Cam-on-PYNQ-Z2-main/AES-Cam-on-PYNQ-Z2-main/AES_SYS/AES_SYS.gen/sources_1/bd/AES_SYS/ip/AES_SYS_auto_pc_13/AES_SYS_auto_pc_13_sim_netlist.vhdl.
INFO: [IP_Flow 19-6926] IPCACHE: added file to list for BOM: c:/code/RFC-8439-fpga-implementation/AES-Cam-on-PYNQ-Z2-main/AES-Cam-on-PYNQ-Z2-main/AES_SYS/AES_SYS.gen/sources_1/bd/AES_SYS/ip/AES_SYS_auto_pc_13/AES_SYS_auto_pc_13_sim_netlist.vhdl
INFO: [IP_Flow 19-6928] IPCACHE: copied cached file c:/code/RFC-8439-fpga-implementation/AES-Cam-on-PYNQ-Z2-main/AES-Cam-on-PYNQ-Z2-main/AES_SYS/AES_SYS.cache/ip/2023.2/e/b/eb0a31b7fa4bb001/AES_SYS_auto_pc_2_stub.v to c:/code/RFC-8439-fpga-implementation/AES-Cam-on-PYNQ-Z2-main/AES-Cam-on-PYNQ-Z2-main/AES_SYS/AES_SYS.gen/sources_1/bd/AES_SYS/ip/AES_SYS_auto_pc_13/AES_SYS_auto_pc_13_stub.v.
INFO: [IP_Flow 19-6926] IPCACHE: added file to list for BOM: c:/code/RFC-8439-fpga-implementation/AES-Cam-on-PYNQ-Z2-main/AES-Cam-on-PYNQ-Z2-main/AES_SYS/AES_SYS.gen/sources_1/bd/AES_SYS/ip/AES_SYS_auto_pc_13/AES_SYS_auto_pc_13_stub.v
INFO: [IP_Flow 19-6928] IPCACHE: copied cached file c:/code/RFC-8439-fpga-implementation/AES-Cam-on-PYNQ-Z2-main/AES-Cam-on-PYNQ-Z2-main/AES_SYS/AES_SYS.cache/ip/2023.2/e/b/eb0a31b7fa4bb001/AES_SYS_auto_pc_2_stub.vhdl to c:/code/RFC-8439-fpga-implementation/AES-Cam-on-PYNQ-Z2-main/AES-Cam-on-PYNQ-Z2-main/AES_SYS/AES_SYS.gen/sources_1/bd/AES_SYS/ip/AES_SYS_auto_pc_13/AES_SYS_auto_pc_13_stub.vhdl.
INFO: [IP_Flow 19-6926] IPCACHE: added file to list for BOM: c:/code/RFC-8439-fpga-implementation/AES-Cam-on-PYNQ-Z2-main/AES-Cam-on-PYNQ-Z2-main/AES_SYS/AES_SYS.gen/sources_1/bd/AES_SYS/ip/AES_SYS_auto_pc_13/AES_SYS_auto_pc_13_stub.vhdl
INFO: [IP_Flow 19-4993] Using cached IP synthesis design for IP AES_SYS_auto_pc_13, cache-ID = eb0a31b7fa4bb001; cache size = 104.908 MB.
catch { config_ip_cache -export [get_ips -all AES_SYS_auto_ds_0] }
INFO: [IP_Flow 19-6924] IPCACHE: Running cache check for IP inst: AES_SYS_auto_ds_0
INFO: [IP_Flow 19-6922] IPCACHE: Exporting cached entry a58063db6416457b to dir: c:/code/RFC-8439-fpga-implementation/AES-Cam-on-PYNQ-Z2-main/AES-Cam-on-PYNQ-Z2-main/AES_SYS/AES_SYS.gen/sources_1/bd/AES_SYS/ip/AES_SYS_auto_ds_0
INFO: [IP_Flow 19-6928] IPCACHE: copied cached file c:/code/RFC-8439-fpga-implementation/AES-Cam-on-PYNQ-Z2-main/AES-Cam-on-PYNQ-Z2-main/AES_SYS/AES_SYS.cache/ip/2023.2/a/5/a58063db6416457b/AES_SYS_auto_ds_0.dcp to c:/code/RFC-8439-fpga-implementation/AES-Cam-on-PYNQ-Z2-main/AES-Cam-on-PYNQ-Z2-main/AES_SYS/AES_SYS.gen/sources_1/bd/AES_SYS/ip/AES_SYS_auto_ds_0/AES_SYS_auto_ds_0.dcp.
INFO: [IP_Flow 19-6926] IPCACHE: added file to list for BOM: c:/code/RFC-8439-fpga-implementation/AES-Cam-on-PYNQ-Z2-main/AES-Cam-on-PYNQ-Z2-main/AES_SYS/AES_SYS.gen/sources_1/bd/AES_SYS/ip/AES_SYS_auto_ds_0/AES_SYS_auto_ds_0.dcp
INFO: [IP_Flow 19-6928] IPCACHE: copied cached file c:/code/RFC-8439-fpga-implementation/AES-Cam-on-PYNQ-Z2-main/AES-Cam-on-PYNQ-Z2-main/AES_SYS/AES_SYS.cache/ip/2023.2/a/5/a58063db6416457b/AES_SYS_auto_ds_0_sim_netlist.v to c:/code/RFC-8439-fpga-implementation/AES-Cam-on-PYNQ-Z2-main/AES-Cam-on-PYNQ-Z2-main/AES_SYS/AES_SYS.gen/sources_1/bd/AES_SYS/ip/AES_SYS_auto_ds_0/AES_SYS_auto_ds_0_sim_netlist.v.
INFO: [IP_Flow 19-6926] IPCACHE: added file to list for BOM: c:/code/RFC-8439-fpga-implementation/AES-Cam-on-PYNQ-Z2-main/AES-Cam-on-PYNQ-Z2-main/AES_SYS/AES_SYS.gen/sources_1/bd/AES_SYS/ip/AES_SYS_auto_ds_0/AES_SYS_auto_ds_0_sim_netlist.v
INFO: [IP_Flow 19-6928] IPCACHE: copied cached file c:/code/RFC-8439-fpga-implementation/AES-Cam-on-PYNQ-Z2-main/AES-Cam-on-PYNQ-Z2-main/AES_SYS/AES_SYS.cache/ip/2023.2/a/5/a58063db6416457b/AES_SYS_auto_ds_0_sim_netlist.vhdl to c:/code/RFC-8439-fpga-implementation/AES-Cam-on-PYNQ-Z2-main/AES-Cam-on-PYNQ-Z2-main/AES_SYS/AES_SYS.gen/sources_1/bd/AES_SYS/ip/AES_SYS_auto_ds_0/AES_SYS_auto_ds_0_sim_netlist.vhdl.
INFO: [IP_Flow 19-6926] IPCACHE: added file to list for BOM: c:/code/RFC-8439-fpga-implementation/AES-Cam-on-PYNQ-Z2-main/AES-Cam-on-PYNQ-Z2-main/AES_SYS/AES_SYS.gen/sources_1/bd/AES_SYS/ip/AES_SYS_auto_ds_0/AES_SYS_auto_ds_0_sim_netlist.vhdl
INFO: [IP_Flow 19-6928] IPCACHE: copied cached file c:/code/RFC-8439-fpga-implementation/AES-Cam-on-PYNQ-Z2-main/AES-Cam-on-PYNQ-Z2-main/AES_SYS/AES_SYS.cache/ip/2023.2/a/5/a58063db6416457b/AES_SYS_auto_ds_0_stub.v to c:/code/RFC-8439-fpga-implementation/AES-Cam-on-PYNQ-Z2-main/AES-Cam-on-PYNQ-Z2-main/AES_SYS/AES_SYS.gen/sources_1/bd/AES_SYS/ip/AES_SYS_auto_ds_0/AES_SYS_auto_ds_0_stub.v.
INFO: [IP_Flow 19-6926] IPCACHE: added file to list for BOM: c:/code/RFC-8439-fpga-implementation/AES-Cam-on-PYNQ-Z2-main/AES-Cam-on-PYNQ-Z2-main/AES_SYS/AES_SYS.gen/sources_1/bd/AES_SYS/ip/AES_SYS_auto_ds_0/AES_SYS_auto_ds_0_stub.v
INFO: [IP_Flow 19-6928] IPCACHE: copied cached file c:/code/RFC-8439-fpga-implementation/AES-Cam-on-PYNQ-Z2-main/AES-Cam-on-PYNQ-Z2-main/AES_SYS/AES_SYS.cache/ip/2023.2/a/5/a58063db6416457b/AES_SYS_auto_ds_0_stub.vhdl to c:/code/RFC-8439-fpga-implementation/AES-Cam-on-PYNQ-Z2-main/AES-Cam-on-PYNQ-Z2-main/AES_SYS/AES_SYS.gen/sources_1/bd/AES_SYS/ip/AES_SYS_auto_ds_0/AES_SYS_auto_ds_0_stub.vhdl.
INFO: [IP_Flow 19-6926] IPCACHE: added file to list for BOM: c:/code/RFC-8439-fpga-implementation/AES-Cam-on-PYNQ-Z2-main/AES-Cam-on-PYNQ-Z2-main/AES_SYS/AES_SYS.gen/sources_1/bd/AES_SYS/ip/AES_SYS_auto_ds_0/AES_SYS_auto_ds_0_stub.vhdl
INFO: [IP_Flow 19-4993] Using cached IP synthesis design for IP AES_SYS_auto_ds_0, cache-ID = a58063db6416457b; cache size = 104.908 MB.
catch { config_ip_cache -export [get_ips -all AES_SYS_RFC8439_0_0] }
INFO: [IP_Flow 19-6924] IPCACHE: Running cache check for IP inst: AES_SYS_RFC8439_0_0
catch { config_ip_cache -export [get_ips -all AES_SYS_axi_gpio_1_1] }
INFO: [IP_Flow 19-6924] IPCACHE: Running cache check for IP inst: AES_SYS_axi_gpio_1_1
INFO: [IP_Flow 19-6922] IPCACHE: Exporting cached entry 296fff807257132f to dir: c:/code/RFC-8439-fpga-implementation/AES-Cam-on-PYNQ-Z2-main/AES-Cam-on-PYNQ-Z2-main/AES_SYS/AES_SYS.gen/sources_1/bd/AES_SYS/ip/AES_SYS_axi_gpio_1_1
INFO: [IP_Flow 19-6928] IPCACHE: copied cached file c:/code/RFC-8439-fpga-implementation/AES-Cam-on-PYNQ-Z2-main/AES-Cam-on-PYNQ-Z2-main/AES_SYS/AES_SYS.cache/ip/2023.2/2/9/296fff807257132f/AES_SYS_axi_gpio_3_0.dcp to c:/code/RFC-8439-fpga-implementation/AES-Cam-on-PYNQ-Z2-main/AES-Cam-on-PYNQ-Z2-main/AES_SYS/AES_SYS.gen/sources_1/bd/AES_SYS/ip/AES_SYS_axi_gpio_1_1/AES_SYS_axi_gpio_1_1.dcp.
INFO: [IP_Flow 19-6926] IPCACHE: added file to list for BOM: c:/code/RFC-8439-fpga-implementation/AES-Cam-on-PYNQ-Z2-main/AES-Cam-on-PYNQ-Z2-main/AES_SYS/AES_SYS.gen/sources_1/bd/AES_SYS/ip/AES_SYS_axi_gpio_1_1/AES_SYS_axi_gpio_1_1.dcp
INFO: [IP_Flow 19-6928] IPCACHE: copied cached file c:/code/RFC-8439-fpga-implementation/AES-Cam-on-PYNQ-Z2-main/AES-Cam-on-PYNQ-Z2-main/AES_SYS/AES_SYS.cache/ip/2023.2/2/9/296fff807257132f/AES_SYS_axi_gpio_3_0_sim_netlist.v to c:/code/RFC-8439-fpga-implementation/AES-Cam-on-PYNQ-Z2-main/AES-Cam-on-PYNQ-Z2-main/AES_SYS/AES_SYS.gen/sources_1/bd/AES_SYS/ip/AES_SYS_axi_gpio_1_1/AES_SYS_axi_gpio_1_1_sim_netlist.v.
INFO: [IP_Flow 19-6926] IPCACHE: added file to list for BOM: c:/code/RFC-8439-fpga-implementation/AES-Cam-on-PYNQ-Z2-main/AES-Cam-on-PYNQ-Z2-main/AES_SYS/AES_SYS.gen/sources_1/bd/AES_SYS/ip/AES_SYS_axi_gpio_1_1/AES_SYS_axi_gpio_1_1_sim_netlist.v
INFO: [IP_Flow 19-6928] IPCACHE: copied cached file c:/code/RFC-8439-fpga-implementation/AES-Cam-on-PYNQ-Z2-main/AES-Cam-on-PYNQ-Z2-main/AES_SYS/AES_SYS.cache/ip/2023.2/2/9/296fff807257132f/AES_SYS_axi_gpio_3_0_sim_netlist.vhdl to c:/code/RFC-8439-fpga-implementation/AES-Cam-on-PYNQ-Z2-main/AES-Cam-on-PYNQ-Z2-main/AES_SYS/AES_SYS.gen/sources_1/bd/AES_SYS/ip/AES_SYS_axi_gpio_1_1/AES_SYS_axi_gpio_1_1_sim_netlist.vhdl.
INFO: [IP_Flow 19-6926] IPCACHE: added file to list for BOM: c:/code/RFC-8439-fpga-implementation/AES-Cam-on-PYNQ-Z2-main/AES-Cam-on-PYNQ-Z2-main/AES_SYS/AES_SYS.gen/sources_1/bd/AES_SYS/ip/AES_SYS_axi_gpio_1_1/AES_SYS_axi_gpio_1_1_sim_netlist.vhdl
INFO: [IP_Flow 19-6928] IPCACHE: copied cached file c:/code/RFC-8439-fpga-implementation/AES-Cam-on-PYNQ-Z2-main/AES-Cam-on-PYNQ-Z2-main/AES_SYS/AES_SYS.cache/ip/2023.2/2/9/296fff807257132f/AES_SYS_axi_gpio_3_0_stub.v to c:/code/RFC-8439-fpga-implementation/AES-Cam-on-PYNQ-Z2-main/AES-Cam-on-PYNQ-Z2-main/AES_SYS/AES_SYS.gen/sources_1/bd/AES_SYS/ip/AES_SYS_axi_gpio_1_1/AES_SYS_axi_gpio_1_1_stub.v.
INFO: [IP_Flow 19-6926] IPCACHE: added file to list for BOM: c:/code/RFC-8439-fpga-implementation/AES-Cam-on-PYNQ-Z2-main/AES-Cam-on-PYNQ-Z2-main/AES_SYS/AES_SYS.gen/sources_1/bd/AES_SYS/ip/AES_SYS_axi_gpio_1_1/AES_SYS_axi_gpio_1_1_stub.v
INFO: [IP_Flow 19-6928] IPCACHE: copied cached file c:/code/RFC-8439-fpga-implementation/AES-Cam-on-PYNQ-Z2-main/AES-Cam-on-PYNQ-Z2-main/AES_SYS/AES_SYS.cache/ip/2023.2/2/9/296fff807257132f/AES_SYS_axi_gpio_3_0_stub.vhdl to c:/code/RFC-8439-fpga-implementation/AES-Cam-on-PYNQ-Z2-main/AES-Cam-on-PYNQ-Z2-main/AES_SYS/AES_SYS.gen/sources_1/bd/AES_SYS/ip/AES_SYS_axi_gpio_1_1/AES_SYS_axi_gpio_1_1_stub.vhdl.
INFO: [IP_Flow 19-6926] IPCACHE: added file to list for BOM: c:/code/RFC-8439-fpga-implementation/AES-Cam-on-PYNQ-Z2-main/AES-Cam-on-PYNQ-Z2-main/AES_SYS/AES_SYS.gen/sources_1/bd/AES_SYS/ip/AES_SYS_axi_gpio_1_1/AES_SYS_axi_gpio_1_1_stub.vhdl
INFO: [IP_Flow 19-4993] Using cached IP synthesis design for IP AES_SYS_axi_gpio_1_1, cache-ID = 296fff807257132f; cache size = 104.908 MB.
catch { config_ip_cache -export [get_ips -all AES_SYS_axi_gpio_2_1] }
INFO: [IP_Flow 19-6924] IPCACHE: Running cache check for IP inst: AES_SYS_axi_gpio_2_1
INFO: [IP_Flow 19-6922] IPCACHE: Exporting cached entry 296fff807257132f to dir: c:/code/RFC-8439-fpga-implementation/AES-Cam-on-PYNQ-Z2-main/AES-Cam-on-PYNQ-Z2-main/AES_SYS/AES_SYS.gen/sources_1/bd/AES_SYS/ip/AES_SYS_axi_gpio_2_1
INFO: [IP_Flow 19-6928] IPCACHE: copied cached file c:/code/RFC-8439-fpga-implementation/AES-Cam-on-PYNQ-Z2-main/AES-Cam-on-PYNQ-Z2-main/AES_SYS/AES_SYS.cache/ip/2023.2/2/9/296fff807257132f/AES_SYS_axi_gpio_3_0.dcp to c:/code/RFC-8439-fpga-implementation/AES-Cam-on-PYNQ-Z2-main/AES-Cam-on-PYNQ-Z2-main/AES_SYS/AES_SYS.gen/sources_1/bd/AES_SYS/ip/AES_SYS_axi_gpio_2_1/AES_SYS_axi_gpio_2_1.dcp.
INFO: [IP_Flow 19-6926] IPCACHE: added file to list for BOM: c:/code/RFC-8439-fpga-implementation/AES-Cam-on-PYNQ-Z2-main/AES-Cam-on-PYNQ-Z2-main/AES_SYS/AES_SYS.gen/sources_1/bd/AES_SYS/ip/AES_SYS_axi_gpio_2_1/AES_SYS_axi_gpio_2_1.dcp
INFO: [IP_Flow 19-6928] IPCACHE: copied cached file c:/code/RFC-8439-fpga-implementation/AES-Cam-on-PYNQ-Z2-main/AES-Cam-on-PYNQ-Z2-main/AES_SYS/AES_SYS.cache/ip/2023.2/2/9/296fff807257132f/AES_SYS_axi_gpio_3_0_sim_netlist.v to c:/code/RFC-8439-fpga-implementation/AES-Cam-on-PYNQ-Z2-main/AES-Cam-on-PYNQ-Z2-main/AES_SYS/AES_SYS.gen/sources_1/bd/AES_SYS/ip/AES_SYS_axi_gpio_2_1/AES_SYS_axi_gpio_2_1_sim_netlist.v.
INFO: [IP_Flow 19-6926] IPCACHE: added file to list for BOM: c:/code/RFC-8439-fpga-implementation/AES-Cam-on-PYNQ-Z2-main/AES-Cam-on-PYNQ-Z2-main/AES_SYS/AES_SYS.gen/sources_1/bd/AES_SYS/ip/AES_SYS_axi_gpio_2_1/AES_SYS_axi_gpio_2_1_sim_netlist.v
INFO: [IP_Flow 19-6928] IPCACHE: copied cached file c:/code/RFC-8439-fpga-implementation/AES-Cam-on-PYNQ-Z2-main/AES-Cam-on-PYNQ-Z2-main/AES_SYS/AES_SYS.cache/ip/2023.2/2/9/296fff807257132f/AES_SYS_axi_gpio_3_0_sim_netlist.vhdl to c:/code/RFC-8439-fpga-implementation/AES-Cam-on-PYNQ-Z2-main/AES-Cam-on-PYNQ-Z2-main/AES_SYS/AES_SYS.gen/sources_1/bd/AES_SYS/ip/AES_SYS_axi_gpio_2_1/AES_SYS_axi_gpio_2_1_sim_netlist.vhdl.
INFO: [IP_Flow 19-6926] IPCACHE: added file to list for BOM: c:/code/RFC-8439-fpga-implementation/AES-Cam-on-PYNQ-Z2-main/AES-Cam-on-PYNQ-Z2-main/AES_SYS/AES_SYS.gen/sources_1/bd/AES_SYS/ip/AES_SYS_axi_gpio_2_1/AES_SYS_axi_gpio_2_1_sim_netlist.vhdl
INFO: [IP_Flow 19-6928] IPCACHE: copied cached file c:/code/RFC-8439-fpga-implementation/AES-Cam-on-PYNQ-Z2-main/AES-Cam-on-PYNQ-Z2-main/AES_SYS/AES_SYS.cache/ip/2023.2/2/9/296fff807257132f/AES_SYS_axi_gpio_3_0_stub.v to c:/code/RFC-8439-fpga-implementation/AES-Cam-on-PYNQ-Z2-main/AES-Cam-on-PYNQ-Z2-main/AES_SYS/AES_SYS.gen/sources_1/bd/AES_SYS/ip/AES_SYS_axi_gpio_2_1/AES_SYS_axi_gpio_2_1_stub.v.
INFO: [IP_Flow 19-6926] IPCACHE: added file to list for BOM: c:/code/RFC-8439-fpga-implementation/AES-Cam-on-PYNQ-Z2-main/AES-Cam-on-PYNQ-Z2-main/AES_SYS/AES_SYS.gen/sources_1/bd/AES_SYS/ip/AES_SYS_axi_gpio_2_1/AES_SYS_axi_gpio_2_1_stub.v
INFO: [IP_Flow 19-6928] IPCACHE: copied cached file c:/code/RFC-8439-fpga-implementation/AES-Cam-on-PYNQ-Z2-main/AES-Cam-on-PYNQ-Z2-main/AES_SYS/AES_SYS.cache/ip/2023.2/2/9/296fff807257132f/AES_SYS_axi_gpio_3_0_stub.vhdl to c:/code/RFC-8439-fpga-implementation/AES-Cam-on-PYNQ-Z2-main/AES-Cam-on-PYNQ-Z2-main/AES_SYS/AES_SYS.gen/sources_1/bd/AES_SYS/ip/AES_SYS_axi_gpio_2_1/AES_SYS_axi_gpio_2_1_stub.vhdl.
INFO: [IP_Flow 19-6926] IPCACHE: added file to list for BOM: c:/code/RFC-8439-fpga-implementation/AES-Cam-on-PYNQ-Z2-main/AES-Cam-on-PYNQ-Z2-main/AES_SYS/AES_SYS.gen/sources_1/bd/AES_SYS/ip/AES_SYS_axi_gpio_2_1/AES_SYS_axi_gpio_2_1_stub.vhdl
INFO: [IP_Flow 19-4993] Using cached IP synthesis design for IP AES_SYS_axi_gpio_2_1, cache-ID = 296fff807257132f; cache size = 104.908 MB.
catch { config_ip_cache -export [get_ips -all AES_SYS_axi_gpio_3_1] }
INFO: [IP_Flow 19-6924] IPCACHE: Running cache check for IP inst: AES_SYS_axi_gpio_3_1
INFO: [IP_Flow 19-6922] IPCACHE: Exporting cached entry 936d0accb1bb5671 to dir: c:/code/RFC-8439-fpga-implementation/AES-Cam-on-PYNQ-Z2-main/AES-Cam-on-PYNQ-Z2-main/AES_SYS/AES_SYS.gen/sources_1/bd/AES_SYS/ip/AES_SYS_axi_gpio_3_1
INFO: [IP_Flow 19-6928] IPCACHE: copied cached file c:/code/RFC-8439-fpga-implementation/AES-Cam-on-PYNQ-Z2-main/AES-Cam-on-PYNQ-Z2-main/AES_SYS/AES_SYS.cache/ip/2023.2/9/3/936d0accb1bb5671/AES_SYS_axi_gpio_8_0.dcp to c:/code/RFC-8439-fpga-implementation/AES-Cam-on-PYNQ-Z2-main/AES-Cam-on-PYNQ-Z2-main/AES_SYS/AES_SYS.gen/sources_1/bd/AES_SYS/ip/AES_SYS_axi_gpio_3_1/AES_SYS_axi_gpio_3_1.dcp.
INFO: [IP_Flow 19-6926] IPCACHE: added file to list for BOM: c:/code/RFC-8439-fpga-implementation/AES-Cam-on-PYNQ-Z2-main/AES-Cam-on-PYNQ-Z2-main/AES_SYS/AES_SYS.gen/sources_1/bd/AES_SYS/ip/AES_SYS_axi_gpio_3_1/AES_SYS_axi_gpio_3_1.dcp
INFO: [IP_Flow 19-6928] IPCACHE: copied cached file c:/code/RFC-8439-fpga-implementation/AES-Cam-on-PYNQ-Z2-main/AES-Cam-on-PYNQ-Z2-main/AES_SYS/AES_SYS.cache/ip/2023.2/9/3/936d0accb1bb5671/AES_SYS_axi_gpio_8_0_sim_netlist.v to c:/code/RFC-8439-fpga-implementation/AES-Cam-on-PYNQ-Z2-main/AES-Cam-on-PYNQ-Z2-main/AES_SYS/AES_SYS.gen/sources_1/bd/AES_SYS/ip/AES_SYS_axi_gpio_3_1/AES_SYS_axi_gpio_3_1_sim_netlist.v.
INFO: [IP_Flow 19-6926] IPCACHE: added file to list for BOM: c:/code/RFC-8439-fpga-implementation/AES-Cam-on-PYNQ-Z2-main/AES-Cam-on-PYNQ-Z2-main/AES_SYS/AES_SYS.gen/sources_1/bd/AES_SYS/ip/AES_SYS_axi_gpio_3_1/AES_SYS_axi_gpio_3_1_sim_netlist.v
INFO: [IP_Flow 19-6928] IPCACHE: copied cached file c:/code/RFC-8439-fpga-implementation/AES-Cam-on-PYNQ-Z2-main/AES-Cam-on-PYNQ-Z2-main/AES_SYS/AES_SYS.cache/ip/2023.2/9/3/936d0accb1bb5671/AES_SYS_axi_gpio_8_0_sim_netlist.vhdl to c:/code/RFC-8439-fpga-implementation/AES-Cam-on-PYNQ-Z2-main/AES-Cam-on-PYNQ-Z2-main/AES_SYS/AES_SYS.gen/sources_1/bd/AES_SYS/ip/AES_SYS_axi_gpio_3_1/AES_SYS_axi_gpio_3_1_sim_netlist.vhdl.
INFO: [IP_Flow 19-6926] IPCACHE: added file to list for BOM: c:/code/RFC-8439-fpga-implementation/AES-Cam-on-PYNQ-Z2-main/AES-Cam-on-PYNQ-Z2-main/AES_SYS/AES_SYS.gen/sources_1/bd/AES_SYS/ip/AES_SYS_axi_gpio_3_1/AES_SYS_axi_gpio_3_1_sim_netlist.vhdl
INFO: [IP_Flow 19-6928] IPCACHE: copied cached file c:/code/RFC-8439-fpga-implementation/AES-Cam-on-PYNQ-Z2-main/AES-Cam-on-PYNQ-Z2-main/AES_SYS/AES_SYS.cache/ip/2023.2/9/3/936d0accb1bb5671/AES_SYS_axi_gpio_8_0_stub.v to c:/code/RFC-8439-fpga-implementation/AES-Cam-on-PYNQ-Z2-main/AES-Cam-on-PYNQ-Z2-main/AES_SYS/AES_SYS.gen/sources_1/bd/AES_SYS/ip/AES_SYS_axi_gpio_3_1/AES_SYS_axi_gpio_3_1_stub.v.
INFO: [IP_Flow 19-6926] IPCACHE: added file to list for BOM: c:/code/RFC-8439-fpga-implementation/AES-Cam-on-PYNQ-Z2-main/AES-Cam-on-PYNQ-Z2-main/AES_SYS/AES_SYS.gen/sources_1/bd/AES_SYS/ip/AES_SYS_axi_gpio_3_1/AES_SYS_axi_gpio_3_1_stub.v
INFO: [IP_Flow 19-6928] IPCACHE: copied cached file c:/code/RFC-8439-fpga-implementation/AES-Cam-on-PYNQ-Z2-main/AES-Cam-on-PYNQ-Z2-main/AES_SYS/AES_SYS.cache/ip/2023.2/9/3/936d0accb1bb5671/AES_SYS_axi_gpio_8_0_stub.vhdl to c:/code/RFC-8439-fpga-implementation/AES-Cam-on-PYNQ-Z2-main/AES-Cam-on-PYNQ-Z2-main/AES_SYS/AES_SYS.gen/sources_1/bd/AES_SYS/ip/AES_SYS_axi_gpio_3_1/AES_SYS_axi_gpio_3_1_stub.vhdl.
INFO: [IP_Flow 19-6926] IPCACHE: added file to list for BOM: c:/code/RFC-8439-fpga-implementation/AES-Cam-on-PYNQ-Z2-main/AES-Cam-on-PYNQ-Z2-main/AES_SYS/AES_SYS.gen/sources_1/bd/AES_SYS/ip/AES_SYS_axi_gpio_3_1/AES_SYS_axi_gpio_3_1_stub.vhdl
INFO: [IP_Flow 19-4993] Using cached IP synthesis design for IP AES_SYS_axi_gpio_3_1, cache-ID = 936d0accb1bb5671; cache size = 104.908 MB.
catch { config_ip_cache -export [get_ips -all AES_SYS_axi_bram_ctrl_1_0] }
INFO: [IP_Flow 19-6924] IPCACHE: Running cache check for IP inst: AES_SYS_axi_bram_ctrl_1_0
catch { config_ip_cache -export [get_ips -all AES_SYS_axi_bram_ctrl_0_bram_2] }
INFO: [IP_Flow 19-6924] IPCACHE: Running cache check for IP inst: AES_SYS_axi_bram_ctrl_0_bram_2
export_ip_user_files -of_objects [get_files C:/code/RFC-8439-fpga-implementation/AES-Cam-on-PYNQ-Z2-main/AES-Cam-on-PYNQ-Z2-main/AES_SYS/AES_SYS.srcs/sources_1/bd/AES_SYS/AES_SYS.bd] -no_script -sync -force -quiet
create_ip_run [get_files -of_objects [get_fileset sources_1] C:/code/RFC-8439-fpga-implementation/AES-Cam-on-PYNQ-Z2-main/AES-Cam-on-PYNQ-Z2-main/AES_SYS/AES_SYS.srcs/sources_1/bd/AES_SYS/AES_SYS.bd]
launch_runs AES_SYS_RFC8439_0_0_synth_1 AES_SYS_auto_pc_0_synth_1 AES_SYS_auto_pc_10_synth_1 AES_SYS_auto_pc_11_synth_1 AES_SYS_auto_pc_1_synth_1 AES_SYS_auto_pc_2_synth_1 AES_SYS_auto_pc_3_synth_1 AES_SYS_auto_pc_4_synth_1 AES_SYS_auto_pc_5_synth_1 AES_SYS_auto_pc_6_synth_1 AES_SYS_auto_pc_7_synth_1 AES_SYS_auto_pc_8_synth_1 AES_SYS_auto_pc_9_synth_1 AES_SYS_axi_bram_ctrl_0_bram_2_synth_1 AES_SYS_axi_bram_ctrl_1_0_synth_1 AES_SYS_xbar_0_synth_1 -jobs 32
INFO: [IP_Flow 19-6924] IPCACHE: Running cache check for IP inst: AES_SYS_RFC8439_0_0
INFO: [IP_Flow 19-6924] IPCACHE: Running cache check for IP inst: AES_SYS_auto_pc_0
INFO: [IP_Flow 19-6924] IPCACHE: Running cache check for IP inst: AES_SYS_auto_pc_10
INFO: [IP_Flow 19-6924] IPCACHE: Running cache check for IP inst: AES_SYS_auto_pc_11
INFO: [IP_Flow 19-6924] IPCACHE: Running cache check for IP inst: AES_SYS_auto_pc_1
INFO: [IP_Flow 19-6924] IPCACHE: Running cache check for IP inst: AES_SYS_auto_pc_2
INFO: [IP_Flow 19-6924] IPCACHE: Running cache check for IP inst: AES_SYS_auto_pc_3
INFO: [IP_Flow 19-6924] IPCACHE: Running cache check for IP inst: AES_SYS_auto_pc_4
INFO: [IP_Flow 19-6924] IPCACHE: Running cache check for IP inst: AES_SYS_auto_pc_5
INFO: [IP_Flow 19-6924] IPCACHE: Running cache check for IP inst: AES_SYS_auto_pc_6
INFO: [IP_Flow 19-6924] IPCACHE: Running cache check for IP inst: AES_SYS_auto_pc_7
INFO: [IP_Flow 19-6924] IPCACHE: Running cache check for IP inst: AES_SYS_auto_pc_8
INFO: [IP_Flow 19-6924] IPCACHE: Running cache check for IP inst: AES_SYS_auto_pc_9
INFO: [IP_Flow 19-6924] IPCACHE: Running cache check for IP inst: AES_SYS_axi_bram_ctrl_0_bram_2
INFO: [IP_Flow 19-6924] IPCACHE: Running cache check for IP inst: AES_SYS_axi_bram_ctrl_1_0
INFO: [IP_Flow 19-6924] IPCACHE: Running cache check for IP inst: AES_SYS_xbar_0
[Mon May 25 19:59:12 2026] Launched AES_SYS_RFC8439_0_0_synth_1, AES_SYS_auto_pc_0_synth_1, AES_SYS_auto_pc_10_synth_1, AES_SYS_auto_pc_11_synth_1, AES_SYS_auto_pc_1_synth_1, AES_SYS_auto_pc_2_synth_1, AES_SYS_auto_pc_3_synth_1, AES_SYS_auto_pc_4_synth_1, AES_SYS_auto_pc_5_synth_1, AES_SYS_auto_pc_6_synth_1, AES_SYS_auto_pc_7_synth_1, AES_SYS_auto_pc_8_synth_1, AES_SYS_auto_pc_9_synth_1, AES_SYS_axi_bram_ctrl_0_bram_2_synth_1, AES_SYS_axi_bram_ctrl_1_0_synth_1, AES_SYS_xbar_0_synth_1...
Run output will be captured here:
AES_SYS_RFC8439_0_0_synth_1: C:/code/RFC-8439-fpga-implementation/AES-Cam-on-PYNQ-Z2-main/AES-Cam-on-PYNQ-Z2-main/AES_SYS/AES_SYS.runs/AES_SYS_RFC8439_0_0_synth_1/runme.log
AES_SYS_auto_pc_0_synth_1: C:/code/RFC-8439-fpga-implementation/AES-Cam-on-PYNQ-Z2-main/AES-Cam-on-PYNQ-Z2-main/AES_SYS/AES_SYS.runs/AES_SYS_auto_pc_0_synth_1/runme.log
AES_SYS_auto_pc_10_synth_1: C:/code/RFC-8439-fpga-implementation/AES-Cam-on-PYNQ-Z2-main/AES-Cam-on-PYNQ-Z2-main/AES_SYS/AES_SYS.runs/AES_SYS_auto_pc_10_synth_1/runme.log
AES_SYS_auto_pc_11_synth_1: C:/code/RFC-8439-fpga-implementation/AES-Cam-on-PYNQ-Z2-main/AES-Cam-on-PYNQ-Z2-main/AES_SYS/AES_SYS.runs/AES_SYS_auto_pc_11_synth_1/runme.log
AES_SYS_auto_pc_1_synth_1: C:/code/RFC-8439-fpga-implementation/AES-Cam-on-PYNQ-Z2-main/AES-Cam-on-PYNQ-Z2-main/AES_SYS/AES_SYS.runs/AES_SYS_auto_pc_1_synth_1/runme.log
AES_SYS_auto_pc_2_synth_1: C:/code/RFC-8439-fpga-implementation/AES-Cam-on-PYNQ-Z2-main/AES-Cam-on-PYNQ-Z2-main/AES_SYS/AES_SYS.runs/AES_SYS_auto_pc_2_synth_1/runme.log
AES_SYS_auto_pc_3_synth_1: C:/code/RFC-8439-fpga-implementation/AES-Cam-on-PYNQ-Z2-main/AES-Cam-on-PYNQ-Z2-main/AES_SYS/AES_SYS.runs/AES_SYS_auto_pc_3_synth_1/runme.log
AES_SYS_auto_pc_4_synth_1: C:/code/RFC-8439-fpga-implementation/AES-Cam-on-PYNQ-Z2-main/AES-Cam-on-PYNQ-Z2-main/AES_SYS/AES_SYS.runs/AES_SYS_auto_pc_4_synth_1/runme.log
AES_SYS_auto_pc_5_synth_1: C:/code/RFC-8439-fpga-implementation/AES-Cam-on-PYNQ-Z2-main/AES-Cam-on-PYNQ-Z2-main/AES_SYS/AES_SYS.runs/AES_SYS_auto_pc_5_synth_1/runme.log
AES_SYS_auto_pc_6_synth_1: C:/code/RFC-8439-fpga-implementation/AES-Cam-on-PYNQ-Z2-main/AES-Cam-on-PYNQ-Z2-main/AES_SYS/AES_SYS.runs/AES_SYS_auto_pc_6_synth_1/runme.log
AES_SYS_auto_pc_7_synth_1: C:/code/RFC-8439-fpga-implementation/AES-Cam-on-PYNQ-Z2-main/AES-Cam-on-PYNQ-Z2-main/AES_SYS/AES_SYS.runs/AES_SYS_auto_pc_7_synth_1/runme.log
AES_SYS_auto_pc_8_synth_1: C:/code/RFC-8439-fpga-implementation/AES-Cam-on-PYNQ-Z2-main/AES-Cam-on-PYNQ-Z2-main/AES_SYS/AES_SYS.runs/AES_SYS_auto_pc_8_synth_1/runme.log
AES_SYS_auto_pc_9_synth_1: C:/code/RFC-8439-fpga-implementation/AES-Cam-on-PYNQ-Z2-main/AES-Cam-on-PYNQ-Z2-main/AES_SYS/AES_SYS.runs/AES_SYS_auto_pc_9_synth_1/runme.log
AES_SYS_axi_bram_ctrl_0_bram_2_synth_1: C:/code/RFC-8439-fpga-implementation/AES-Cam-on-PYNQ-Z2-main/AES-Cam-on-PYNQ-Z2-main/AES_SYS/AES_SYS.runs/AES_SYS_axi_bram_ctrl_0_bram_2_synth_1/runme.log
AES_SYS_axi_bram_ctrl_1_0_synth_1: C:/code/RFC-8439-fpga-implementation/AES-Cam-on-PYNQ-Z2-main/AES-Cam-on-PYNQ-Z2-main/AES_SYS/AES_SYS.runs/AES_SYS_axi_bram_ctrl_1_0_synth_1/runme.log
AES_SYS_xbar_0_synth_1: C:/code/RFC-8439-fpga-implementation/AES-Cam-on-PYNQ-Z2-main/AES-Cam-on-PYNQ-Z2-main/AES_SYS/AES_SYS.runs/AES_SYS_xbar_0_synth_1/runme.log
export_simulation -of_objects [get_files C:/code/RFC-8439-fpga-implementation/AES-Cam-on-PYNQ-Z2-main/AES-Cam-on-PYNQ-Z2-main/AES_SYS/AES_SYS.srcs/sources_1/bd/AES_SYS/AES_SYS.bd] -directory C:/code/RFC-8439-fpga-implementation/AES-Cam-on-PYNQ-Z2-main/AES-Cam-on-PYNQ-Z2-main/AES_SYS/AES_SYS.ip_user_files/sim_scripts -ip_user_files_dir C:/code/RFC-8439-fpga-implementation/AES-Cam-on-PYNQ-Z2-main/AES-Cam-on-PYNQ-Z2-main/AES_SYS/AES_SYS.ip_user_files -ipstatic_source_dir C:/code/RFC-8439-fpga-implementation/AES-Cam-on-PYNQ-Z2-main/AES-Cam-on-PYNQ-Z2-main/AES_SYS/AES_SYS.ip_user_files/ipstatic -lib_map_path [list {modelsim=C:/code/RFC-8439-fpga-implementation/AES-Cam-on-PYNQ-Z2-main/AES-Cam-on-PYNQ-Z2-main/AES_SYS/AES_SYS.cache/compile_simlib/modelsim} {questa=C:/code/RFC-8439-fpga-implementation/AES-Cam-on-PYNQ-Z2-main/AES-Cam-on-PYNQ-Z2-main/AES_SYS/AES_SYS.cache/compile_simlib/questa} {riviera=C:/code/RFC-8439-fpga-implementation/AES-Cam-on-PYNQ-Z2-main/AES-Cam-on-PYNQ-Z2-main/AES_SYS/AES_SYS.cache/compile_simlib/riviera} {activehdl=C:/code/RFC-8439-fpga-implementation/AES-Cam-on-PYNQ-Z2-main/AES-Cam-on-PYNQ-Z2-main/AES_SYS/AES_SYS.cache/compile_simlib/activehdl}] -use_ip_compiled_libs -force -quiet
update_compile_order -fileset sources_1
reset_run synth_1
INFO: [Project 1-1161] Replacing file C:/code/RFC-8439-fpga-implementation/AES-Cam-on-PYNQ-Z2-main/AES-Cam-on-PYNQ-Z2-main/AES_SYS/AES_SYS.srcs/utils_1/imports/synth_1/AES_SYS_wrapper.dcp with file C:/code/RFC-8439-fpga-implementation/AES-Cam-on-PYNQ-Z2-main/AES-Cam-on-PYNQ-Z2-main/AES_SYS/AES_SYS.runs/synth_1/AES_SYS_wrapper.dcp
launch_runs synth_1 -jobs 32
[Mon May 25 20:02:56 2026] Launched synth_1...
Run output will be captured here: C:/code/RFC-8439-fpga-implementation/AES-Cam-on-PYNQ-Z2-main/AES-Cam-on-PYNQ-Z2-main/AES_SYS/AES_SYS.runs/synth_1/runme.log
launch_runs impl_1 -jobs 32
[Mon May 25 20:03:46 2026] Launched impl_1...
Run output will be captured here: C:/code/RFC-8439-fpga-implementation/AES-Cam-on-PYNQ-Z2-main/AES-Cam-on-PYNQ-Z2-main/AES_SYS/AES_SYS.runs/impl_1/runme.log
open_run impl_1
INFO: [Device 21-403] Loading part xc7z020clg400-1
Netlist sorting complete. Time (s): cpu = 00:00:01 ; elapsed = 00:00:00.587 . Memory (MB): peak = 2882.656 ; gain = 0.000
INFO: [Netlist 29-17] Analyzing 1612 Unisim elements for replacement
INFO: [Netlist 29-28] Unisim Transformation completed in 0 CPU seconds
INFO: [Project 1-479] Netlist was created with Vivado 2023.2
INFO: [Project 1-570] Preparing netlist for logic optimization
WARNING: [Constraints 18-550] Could not create 'IBUF_LOW_PWR' constraint because net 'AES_SYS_i/clk_wiz_0/clk_in1' is not directly connected to top level port. 'IBUF_LOW_PWR' is ignored for synthesis but preserved for implementation.
Read ShapeDB Complete: Time (s): cpu = 00:00:00 ; elapsed = 00:00:00.068 . Memory (MB): peak = 3048.461 ; gain = 0.844
INFO: [Timing 38-478] Restoring timing data from binary archive.
INFO: [Timing 38-479] Binary timing data restore complete.
INFO: [Project 1-856] Restoring constraints from binary archive.
INFO: [Project 1-853] Binary constraint restore complete.
INFO: [Designutils 20-5722] Start Reading Physical Databases.
Reading placement.
Read Netlist Cache: Time (s): cpu = 00:00:00 ; elapsed = 00:00:00.035 . Memory (MB): peak = 3706.043 ; gain = 0.000
Reading placer database...
Read Device Cache: Time (s): cpu = 00:00:00 ; elapsed = 00:00:00.014 . Memory (MB): peak = 3706.043 ; gain = 0.000
Read PlaceDB: Time (s): cpu = 00:00:01 ; elapsed = 00:00:00.941 . Memory (MB): peak = 3732.000 ; gain = 25.957
Read PulsedLatchDB: Time (s): cpu = 00:00:00 ; elapsed = 00:00:00 . Memory (MB): peak = 3732.000 ; gain = 0.000
Reading routing.
Read RouteStorage: Time (s): cpu = 00:00:00 ; elapsed = 00:00:00.411 . Memory (MB): peak = 3739.812 ; gain = 7.812
Read Physdb Files: Time (s): cpu = 00:00:01 ; elapsed = 00:00:01 . Memory (MB): peak = 3739.812 ; gain = 33.770
Restored from archive | CPU: 1.000000 secs | Memory: 0.000000 MB |
Finished XDEF File Restore: Time (s): cpu = 00:00:01 ; elapsed = 00:00:01 . Memory (MB): peak = 3739.812 ; gain = 33.770
Generating merged BMM file for the design top 'AES_SYS_wrapper'...
Netlist sorting complete. Time (s): cpu = 00:00:00 ; elapsed = 00:00:00.009 . Memory (MB): peak = 3739.812 ; gain = 0.000
INFO: [Project 1-111] Unisim Transformation Summary:
  A total of 20 instances were transformed.
  RAM32M => RAM32M (RAMD32(x6), RAMS32(x2)): 15 instances
  RAM32X1D => RAM32X1D (RAMD32(x2)): 5 instances

open_run: Time (s): cpu = 00:00:25 ; elapsed = 00:00:18 . Memory (MB): peak = 3902.586 ; gain = 1230.379
open_report: Time (s): cpu = 00:00:10 ; elapsed = 00:00:07 . Memory (MB): peak = 4364.453 ; gain = 408.750
CRITICAL WARNING: [Timing 38-282] The design failed to meet the timing requirements. Please see the timing summary report for details on the timing violations.
open_bd_design {C:/code/RFC-8439-fpga-implementation/AES-Cam-on-PYNQ-Z2-main/AES-Cam-on-PYNQ-Z2-main/AES_SYS/AES_SYS.srcs/sources_1/bd/AES_SYS/AES_SYS.bd}
CRITICAL WARNING: [PSU-1]  Parameter : PCW_UIPARAM_DDR_DQS_TO_CLK_DELAY_0 has negative value -0.051 . PS DDR interfaces might fail when entering negative DQS skew values. 
CRITICAL WARNING: [PSU-2]  Parameter : PCW_UIPARAM_DDR_DQS_TO_CLK_DELAY_1 has negative value -0.006 . PS DDR interfaces might fail when entering negative DQS skew values. 
CRITICAL WARNING: [PSU-3]  Parameter : PCW_UIPARAM_DDR_DQS_TO_CLK_DELAY_2 has negative value -0.009 . PS DDR interfaces might fail when entering negative DQS skew values. 
CRITICAL WARNING: [PSU-4]  Parameter : PCW_UIPARAM_DDR_DQS_TO_CLK_DELAY_3 has negative value -0.033 . PS DDR interfaces might fail when entering negative DQS skew values. 
CRITICAL WARNING: [PSU-1]  Parameter : PCW_UIPARAM_DDR_DQS_TO_CLK_DELAY_0 has negative value -0.051 . PS DDR interfaces might fail when entering negative DQS skew values. 
CRITICAL WARNING: [PSU-2]  Parameter : PCW_UIPARAM_DDR_DQS_TO_CLK_DELAY_1 has negative value -0.006 . PS DDR interfaces might fail when entering negative DQS skew values. 
CRITICAL WARNING: [PSU-3]  Parameter : PCW_UIPARAM_DDR_DQS_TO_CLK_DELAY_2 has negative value -0.009 . PS DDR interfaces might fail when entering negative DQS skew values. 
CRITICAL WARNING: [PSU-4]  Parameter : PCW_UIPARAM_DDR_DQS_TO_CLK_DELAY_3 has negative value -0.033 . PS DDR interfaces might fail when entering negative DQS skew values. 
WARNING: [IP_Flow 19-474] Invalid Parameter 'Component_Name'
CRITICAL WARNING: [PSU-1]  Parameter : PCW_UIPARAM_DDR_DQS_TO_CLK_DELAY_0 has negative value -0.051 . PS DDR interfaces might fail when entering negative DQS skew values. 
CRITICAL WARNING: [PSU-2]  Parameter : PCW_UIPARAM_DDR_DQS_TO_CLK_DELAY_1 has negative value -0.006 . PS DDR interfaces might fail when entering negative DQS skew values. 
CRITICAL WARNING: [PSU-3]  Parameter : PCW_UIPARAM_DDR_DQS_TO_CLK_DELAY_2 has negative value -0.009 . PS DDR interfaces might fail when entering negative DQS skew values. 
CRITICAL WARNING: [PSU-4]  Parameter : PCW_UIPARAM_DDR_DQS_TO_CLK_DELAY_3 has negative value -0.033 . PS DDR interfaces might fail when entering negative DQS skew values. 
WARNING: [IP_Flow 19-474] Invalid Parameter 'Component_Name'
CRITICAL WARNING: [PSU-1]  Parameter : PCW_UIPARAM_DDR_DQS_TO_CLK_DELAY_0 has negative value -0.051 . PS DDR interfaces might fail when entering negative DQS skew values. 
CRITICAL WARNING: [PSU-2]  Parameter : PCW_UIPARAM_DDR_DQS_TO_CLK_DELAY_1 has negative value -0.006 . PS DDR interfaces might fail when entering negative DQS skew values. 
CRITICAL WARNING: [PSU-3]  Parameter : PCW_UIPARAM_DDR_DQS_TO_CLK_DELAY_2 has negative value -0.009 . PS DDR interfaces might fail when entering negative DQS skew values. 
CRITICAL WARNING: [PSU-4]  Parameter : PCW_UIPARAM_DDR_DQS_TO_CLK_DELAY_3 has negative value -0.033 . PS DDR interfaces might fail when entering negative DQS skew values. 
startgroup
set_property CONFIG.PCW_FPGA0_PERIPHERAL_FREQMHZ {50} [get_bd_cells processing_system7_0]
CRITICAL WARNING: [PSU-1]  Parameter : PCW_UIPARAM_DDR_DQS_TO_CLK_DELAY_0 has negative value -0.051 . PS DDR interfaces might fail when entering negative DQS skew values. 
CRITICAL WARNING: [PSU-2]  Parameter : PCW_UIPARAM_DDR_DQS_TO_CLK_DELAY_1 has negative value -0.006 . PS DDR interfaces might fail when entering negative DQS skew values. 
CRITICAL WARNING: [PSU-3]  Parameter : PCW_UIPARAM_DDR_DQS_TO_CLK_DELAY_2 has negative value -0.009 . PS DDR interfaces might fail when entering negative DQS skew values. 
CRITICAL WARNING: [PSU-4]  Parameter : PCW_UIPARAM_DDR_DQS_TO_CLK_DELAY_3 has negative value -0.033 . PS DDR interfaces might fail when entering negative DQS skew values. 
endgroup
startgroup
set_property CONFIG.NUM_MI {3} [get_bd_cells axi_mem_intercon_1]
endgroup
delete_bd_objs [get_bd_intf_nets ps7_0_axi_periph_M07_AXI]
undo
INFO: [Common 17-17] undo 'delete_bd_objs [get_bd_intf_nets ps7_0_axi_periph_M07_AXI]'
delete_bd_objs [get_bd_intf_nets axi_bram_ctrl_1_BRAM_PORTA] [get_bd_intf_nets ps7_0_axi_periph_M07_AXI] [get_bd_cells axi_bram_ctrl_1]
copy_bd_objs /  [get_bd_cells {axi_bram_ctrl_0}]
INFO: [xilinx.com:ip:axi_bram_ctrl:4.1-2] AES_SYS_axi_bram_ctrl_0_1: In IP Integrator, please note that memory depth value gets calculated based on the Data Width of the IP and Address range selected in the Address Editor.Incase a validation error occured on the range of this parameter, please check if the selected Data width and the Address Range are valid. For valid Data width and memory depth values, please refer to the AXI BRAM Controller Product Guide.
INFO: [xilinx.com:ip:axi_bram_ctrl:4.1-1] AES_SYS_axi_bram_ctrl_0_1: In IP Integrator, The Maximum address range supported is 2G. Selecting the address range more than 2G in the address editor may resets the value of Memory depth to default value (1024). please refer to the AXI BRAM Controller Product Guide.
set_property location {4 1513 1049} [get_bd_cells axi_bram_ctrl_1]
set_property location {4 1385 1056} [get_bd_cells axi_bram_ctrl_1]
connect_bd_intf_net [get_bd_intf_pins axi_bram_ctrl_1/BRAM_PORTA] [get_bd_intf_pins axi_bram_ctrl_0_bram1/BRAM_PORTA]
connect_bd_intf_net -boundary_type upper [get_bd_intf_pins axi_mem_intercon_1/M02_AXI] [get_bd_intf_pins axi_bram_ctrl_1/S_AXI]
connect_bd_net [get_bd_pins axi_bram_ctrl_1/s_axi_aclk] [get_bd_pins processing_system7_0/FCLK_CLK0]
connect_bd_net [get_bd_pins axi_bram_ctrl_1/s_axi_aresetn] [get_bd_pins rst_ps7_0_100M/peripheral_aresetn]
regenerate_bd_layout
apply_bd_automation -rule xilinx.com:bd_rule:clkrst -config { Clk {/processing_system7_0/FCLK_CLK0 (50 MHz)} Freq {100} Ref_Clk0 {} Ref_Clk1 {} Ref_Clk2 {}}  [get_bd_pins axi_mem_intercon_1/M02_ACLK]
undo
INFO: [Common 17-17] undo 'apply_bd_automation -rule xilinx.com:bd_rule:clkrst -config { Clk {/processing_system7_0/FCLK_CLK0 (50 MHz)} Freq {100} Ref_Clk0 {} Ref_Clk1 {} Ref_Clk2 {}}  [get_bd_pins axi_mem_intercon_1/M02_ACLK]'
apply_bd_automation -rule xilinx.com:bd_rule:clkrst -config { Clk {/processing_system7_0/FCLK_CLK0 (50 MHz)} Freq {100} Ref_Clk0 {} Ref_Clk1 {} Ref_Clk2 {}}  [get_bd_pins axi_mem_intercon_1/M02_ACLK]
regenerate_bd_layout
undo
INFO: [Common 17-17] undo 'regenerate_bd_layout'
validate_bd_design
WARNING: [BD 41-2670] Found an incomplete address path from address space '/processing_system7_0/Data' to master interface '/ps7_0_axi_periph/M12_AXI'. Please either complete or remove this path to resolve.
WARNING: [BD 41-2670] Found an incomplete address path from address space '/processing_system7_0/Data' to master interface '/ps7_0_axi_periph/M10_AXI'. Please either complete or remove this path to resolve.
WARNING: [BD 41-2670] Found an incomplete address path from address space '/processing_system7_0/Data' to master interface '/ps7_0_axi_periph/M07_AXI'. Please either complete or remove this path to resolve.
CRITICAL WARNING: [BD 41-1356] Slave segment </axi_bram_ctrl_1/S_AXI/Mem0> is not assigned into address space </axi_cdma_0/Data>. Please use Address Editor to either assign or exclude it.
INFO: [Common 17-365] Interrupt caught but 'validate_bd_design' cannot be canceled. Please wait for command to finish.
WARNING: [BD 5-699] No address segments matched 'get_bd_addr_segs -addressables -of_objects /rst_ps7_0_100M'
WARNING: [BD 5-699] No address segments matched 'get_bd_addr_segs -addressing -of_objects /rst_ps7_0_100M'
WARNING: [BD 41-702] Propagation TCL tries to overwrite USER strength parameter PCW_M_AXI_GP0_FREQMHZ(10) on '/processing_system7_0' with propagated value(50). Command ignored
WARNING: [BD 41-702] Propagation TCL tries to overwrite USER strength parameter PCW_S_AXI_HP0_FREQMHZ(10) on '/processing_system7_0' with propagated value(50). Command ignored
WARNING: [BD 41-702] Propagation TCL tries to overwrite USER strength parameter PCW_S_AXI_HP1_FREQMHZ(10) on '/processing_system7_0' with propagated value(50). Command ignored
WARNING: [xilinx.com:ip:axi_intc:4.1-13] /axi_intc_0: Interrupt output connection Bus is selected, but the interrupt bus interface is not connected to a matching interface. Please consider selecting Single instead.
INFO: [xilinx.com:ip:clk_wiz:6.0-1] /clk_wiz_0 clk_wiz propagate
INFO: [xilinx.com:ip:axi_vdma:6.3-15] /axi_vdma_0 
                    All clocks connected to AXI VDMA are not identical, therefore configuring AXI-VDMA in ASYNC mode.
WARNING: [xilinx.com:ip:axi_vdma:6.3-155] /axi_vdma_0 
                    To get the better performance, ensure AXI Memory Map clock frequency is greater than equal to AXI Streaming clock frequency.
validate_bd_design: Time (s): cpu = 00:00:10 ; elapsed = 00:00:10 . Memory (MB): peak = 5729.996 ; gain = 0.000
INFO: [Common 17-681] Processing pending cancel.
delete_bd_objs [get_bd_intf_nets axi_mem_intercon_1_M02_AXI] [get_bd_intf_nets axi_bram_ctrl_1_BRAM_PORTA] [get_bd_cells axi_bram_ctrl_1]
copy_bd_objs /  [get_bd_cells {axi_bram_ctrl_0}]
INFO: [xilinx.com:ip:axi_bram_ctrl:4.1-2] AES_SYS_axi_bram_ctrl_0_2: In IP Integrator, please note that memory depth value gets calculated based on the Data Width of the IP and Address range selected in the Address Editor.Incase a validation error occured on the range of this parameter, please check if the selected Data width and the Address Range are valid. For valid Data width and memory depth values, please refer to the AXI BRAM Controller Product Guide.
INFO: [xilinx.com:ip:axi_bram_ctrl:4.1-1] AES_SYS_axi_bram_ctrl_0_2: In IP Integrator, The Maximum address range supported is 2G. Selecting the address range more than 2G in the address editor may resets the value of Memory depth to default value (1024). please refer to the AXI BRAM Controller Product Guide.
connect_bd_intf_net [get_bd_intf_pins axi_bram_ctrl_1/BRAM_PORTA] [get_bd_intf_pins axi_bram_ctrl_0_bram1/BRAM_PORTA]
connect_bd_intf_net [get_bd_intf_pins axi_bram_ctrl_1/S_AXI] -boundary_type upper [get_bd_intf_pins axi_mem_intercon_1/M02_AXI]
apply_bd_automation -rule xilinx.com:bd_rule:clkrst -config { Clk {/processing_system7_0/FCLK_CLK0 (50 MHz)} Freq {100} Ref_Clk0 {} Ref_Clk1 {} Ref_Clk2 {}}  [get_bd_pins axi_bram_ctrl_1/s_axi_aclk]
regenerate_bd_layout
assign_bd_address
Slave segment '/axi_bram_ctrl_1/S_AXI/Mem0' is being assigned into address space '/axi_cdma_0/Data' at <0xC200_0000 [ 8K ]>.
validate_bd_design
WARNING: [BD 41-2670] Found an incomplete address path from address space '/processing_system7_0/Data' to master interface '/ps7_0_axi_periph/M12_AXI'. Please either complete or remove this path to resolve.
WARNING: [BD 41-2670] Found an incomplete address path from address space '/processing_system7_0/Data' to master interface '/ps7_0_axi_periph/M10_AXI'. Please either complete or remove this path to resolve.
WARNING: [BD 41-2670] Found an incomplete address path from address space '/processing_system7_0/Data' to master interface '/ps7_0_axi_periph/M07_AXI'. Please either complete or remove this path to resolve.
WARNING: [BD 5-699] No address segments matched 'get_bd_addr_segs -addressables -of_objects /rst_ps7_0_100M'
WARNING: [BD 41-702] Propagation TCL tries to overwrite USER strength parameter PCW_M_AXI_GP0_FREQMHZ(10) on '/processing_system7_0' with propagated value(50). Command ignored
WARNING: [BD 41-702] Propagation TCL tries to overwrite USER strength parameter PCW_S_AXI_HP0_FREQMHZ(10) on '/processing_system7_0' with propagated value(50). Command ignored
WARNING: [BD 41-702] Propagation TCL tries to overwrite USER strength parameter PCW_S_AXI_HP1_FREQMHZ(10) on '/processing_system7_0' with propagated value(50). Command ignored
WARNING: [xilinx.com:ip:axi_intc:4.1-13] /axi_intc_0: Interrupt output connection Bus is selected, but the interrupt bus interface is not connected to a matching interface. Please consider selecting Single instead.
INFO: [xilinx.com:ip:clk_wiz:6.0-1] /clk_wiz_0 clk_wiz propagate
INFO: [xilinx.com:ip:axi_vdma:6.3-15] /axi_vdma_0 
                    All clocks connected to AXI VDMA are not identical, therefore configuring AXI-VDMA in ASYNC mode.
WARNING: [xilinx.com:ip:axi_vdma:6.3-155] /axi_vdma_0 
                    To get the better performance, ensure AXI Memory Map clock frequency is greater than equal to AXI Streaming clock frequency.
validate_bd_design: Time (s): cpu = 00:00:05 ; elapsed = 00:00:06 . Memory (MB): peak = 5729.996 ; gain = 0.000
generate_target all [get_files  C:/code/RFC-8439-fpga-implementation/AES-Cam-on-PYNQ-Z2-main/AES-Cam-on-PYNQ-Z2-main/AES_SYS/AES_SYS.srcs/sources_1/bd/AES_SYS/AES_SYS.bd]
INFO: [BD 41-1662] The design 'AES_SYS.bd' is already validated. Therefore parameter propagation will not be re-run.
Wrote  : <C:\code\RFC-8439-fpga-implementation\AES-Cam-on-PYNQ-Z2-main\AES-Cam-on-PYNQ-Z2-main\AES_SYS\AES_SYS.srcs\sources_1\bd\AES_SYS\AES_SYS.bd> 
Wrote  : <C:/code/RFC-8439-fpga-implementation/AES-Cam-on-PYNQ-Z2-main/AES-Cam-on-PYNQ-Z2-main/AES_SYS/AES_SYS.srcs/sources_1/bd/AES_SYS/ui/bd_9341033d.ui> 
WARNING: [BD 41-2384] Width mismatch when connecting pin: '/axi_mem_intercon/m00_couplers/auto_pc/m_axi_rid'(1) to pin: '/axi_mem_intercon/m00_couplers/M_AXI_rid'(6) - Only lower order bits will be connected.
WARNING: [BD 41-2384] Width mismatch when connecting pin: '/axi_mem_intercon/m00_couplers/auto_pc/m_axi_bid'(1) to pin: '/axi_mem_intercon/m00_couplers/M_AXI_bid'(6) - Only lower order bits will be connected.
WARNING: [BD 41-2384] Width mismatch when connecting pin: '/axi_bram_ctrl_0_bram/addra'(32) to pin: '/axi_bram_ctrl_0/bram_addr_a'(19) - Only lower order bits will be connected.
WARNING: [BD 41-2384] Width mismatch when connecting pin: '/processing_system7_0/S_AXI_HP0_AWID'(6) to pin: '/axi_mem_intercon/M00_AXI_awid'(1) - Only lower order bits will be connected.
WARNING: [BD 41-2384] Width mismatch when connecting pin: '/processing_system7_0/S_AXI_HP0_ARID'(6) to pin: '/axi_mem_intercon/M00_AXI_arid'(1) - Only lower order bits will be connected.
WARNING: [BD 41-2384] Width mismatch when connecting pin: '/processing_system7_0/S_AXI_HP0_WID'(6) to pin: '/axi_mem_intercon/M00_AXI_wid'(1) - Only lower order bits will be connected.
WARNING: [BD 41-2384] Width mismatch when connecting pin: '/axi_bram_ctrl_0_bram1/addra'(32) to pin: '/axi_bram_ctrl_1/bram_addr_a'(13) - Only lower order bits will be connected.
Verilog Output written to : c:/code/RFC-8439-fpga-implementation/AES-Cam-on-PYNQ-Z2-main/AES-Cam-on-PYNQ-Z2-main/AES_SYS/AES_SYS.gen/sources_1/bd/AES_SYS/synth/AES_SYS.v
WARNING: [BD 41-2384] Width mismatch when connecting pin: '/axi_mem_intercon/m00_couplers/auto_pc/m_axi_rid'(1) to pin: '/axi_mem_intercon/m00_couplers/M_AXI_rid'(6) - Only lower order bits will be connected.
WARNING: [BD 41-2384] Width mismatch when connecting pin: '/axi_mem_intercon/m00_couplers/auto_pc/m_axi_bid'(1) to pin: '/axi_mem_intercon/m00_couplers/M_AXI_bid'(6) - Only lower order bits will be connected.
WARNING: [BD 41-2384] Width mismatch when connecting pin: '/axi_bram_ctrl_0_bram/addra'(32) to pin: '/axi_bram_ctrl_0/bram_addr_a'(19) - Only lower order bits will be connected.
WARNING: [BD 41-2384] Width mismatch when connecting pin: '/processing_system7_0/S_AXI_HP0_AWID'(6) to pin: '/axi_mem_intercon/M00_AXI_awid'(1) - Only lower order bits will be connected.
WARNING: [BD 41-2384] Width mismatch when connecting pin: '/processing_system7_0/S_AXI_HP0_ARID'(6) to pin: '/axi_mem_intercon/M00_AXI_arid'(1) - Only lower order bits will be connected.
WARNING: [BD 41-2384] Width mismatch when connecting pin: '/processing_system7_0/S_AXI_HP0_WID'(6) to pin: '/axi_mem_intercon/M00_AXI_wid'(1) - Only lower order bits will be connected.
WARNING: [BD 41-2384] Width mismatch when connecting pin: '/axi_bram_ctrl_0_bram1/addra'(32) to pin: '/axi_bram_ctrl_1/bram_addr_a'(13) - Only lower order bits will be connected.
Verilog Output written to : c:/code/RFC-8439-fpga-implementation/AES-Cam-on-PYNQ-Z2-main/AES-Cam-on-PYNQ-Z2-main/AES_SYS/AES_SYS.gen/sources_1/bd/AES_SYS/sim/AES_SYS.v
Verilog Output written to : c:/code/RFC-8439-fpga-implementation/AES-Cam-on-PYNQ-Z2-main/AES-Cam-on-PYNQ-Z2-main/AES_SYS/AES_SYS.gen/sources_1/bd/AES_SYS/hdl/AES_SYS_wrapper.v
INFO: [IP_Flow 19-5611] Unable to find an associated reset port for the interface 'M_AXI_GP0'. A default connection has been created.
INFO: [IP_Flow 19-5611] Unable to find an associated reset port for the interface 'S_AXI_HP0'. A default connection has been created.
INFO: [IP_Flow 19-5611] Unable to find an associated reset port for the interface 'S_AXI_HP1'. A default connection has been created.
INFO: [BD 41-1029] Generation completed for the IP Integrator block processing_system7_0 .
WARNING: [IP_Flow 19-4994] Overwriting existing constraint file 'c:/code/RFC-8439-fpga-implementation/AES-Cam-on-PYNQ-Z2-main/AES-Cam-on-PYNQ-Z2-main/AES_SYS/AES_SYS.gen/sources_1/bd/AES_SYS/ip/AES_SYS_axi_vdma_0_0/AES_SYS_axi_vdma_0_0_ooc.xdc'
INFO: [BD 41-1029] Generation completed for the IP Integrator block axi_vdma_0 .
INFO: [BD 41-1029] Generation completed for the IP Integrator block clk_wiz_0 .
INFO: [BD 41-1029] Generation completed for the IP Integrator block axi_intc_0 .
INFO: [BD 41-1029] Generation completed for the IP Integrator block ps7_0_axi_periph/xbar .
INFO: [BD 41-1029] Generation completed for the IP Integrator block rst_ps7_0_100M .
INFO: [BD 41-1029] Generation completed for the IP Integrator block axi_mem_intercon/xbar .
INFO: [BD 41-1029] Generation completed for the IP Integrator block axi_cdma_0 .
INFO: [BD 41-1029] Generation completed for the IP Integrator block axi_mem_intercon_1/xbar .
INFO: [BD 41-1029] Generation completed for the IP Integrator block axi_bram_ctrl_0 .
WARNING: [IP_Flow 19-4994] Overwriting existing constraint file 'c:/code/RFC-8439-fpga-implementation/AES-Cam-on-PYNQ-Z2-main/AES-Cam-on-PYNQ-Z2-main/AES_SYS/AES_SYS.gen/sources_1/bd/AES_SYS/ip/AES_SYS_auto_pc_11/AES_SYS_auto_pc_11_ooc.xdc'
INFO: [BD 41-1029] Generation completed for the IP Integrator block ps7_0_axi_periph/s00_couplers/auto_pc .
WARNING: [IP_Flow 19-4994] Overwriting existing constraint file 'c:/code/RFC-8439-fpga-implementation/AES-Cam-on-PYNQ-Z2-main/AES-Cam-on-PYNQ-Z2-main/AES_SYS/AES_SYS.gen/sources_1/bd/AES_SYS/ip/AES_SYS_auto_pc_0/AES_SYS_auto_pc_0_ooc.xdc'
INFO: [BD 41-1029] Generation completed for the IP Integrator block ps7_0_axi_periph/m00_couplers/auto_pc .
WARNING: [IP_Flow 19-4994] Overwriting existing constraint file 'c:/code/RFC-8439-fpga-implementation/AES-Cam-on-PYNQ-Z2-main/AES-Cam-on-PYNQ-Z2-main/AES_SYS/AES_SYS.gen/sources_1/bd/AES_SYS/ip/AES_SYS_auto_pc_1/AES_SYS_auto_pc_1_ooc.xdc'
INFO: [BD 41-1029] Generation completed for the IP Integrator block ps7_0_axi_periph/m01_couplers/auto_pc .
WARNING: [IP_Flow 19-4994] Overwriting existing constraint file 'c:/code/RFC-8439-fpga-implementation/AES-Cam-on-PYNQ-Z2-main/AES-Cam-on-PYNQ-Z2-main/AES_SYS/AES_SYS.gen/sources_1/bd/AES_SYS/ip/AES_SYS_auto_pc_2/AES_SYS_auto_pc_2_ooc.xdc'
INFO: [BD 41-1029] Generation completed for the IP Integrator block ps7_0_axi_periph/m02_couplers/auto_pc .
WARNING: [IP_Flow 19-4994] Overwriting existing constraint file 'c:/code/RFC-8439-fpga-implementation/AES-Cam-on-PYNQ-Z2-main/AES-Cam-on-PYNQ-Z2-main/AES_SYS/AES_SYS.gen/sources_1/bd/AES_SYS/ip/AES_SYS_auto_pc_3/AES_SYS_auto_pc_3_ooc.xdc'
INFO: [BD 41-1029] Generation completed for the IP Integrator block ps7_0_axi_periph/m03_couplers/auto_pc .
WARNING: [IP_Flow 19-4994] Overwriting existing constraint file 'c:/code/RFC-8439-fpga-implementation/AES-Cam-on-PYNQ-Z2-main/AES-Cam-on-PYNQ-Z2-main/AES_SYS/AES_SYS.gen/sources_1/bd/AES_SYS/ip/AES_SYS_auto_pc_4/AES_SYS_auto_pc_4_ooc.xdc'
INFO: [BD 41-1029] Generation completed for the IP Integrator block ps7_0_axi_periph/m04_couplers/auto_pc .
WARNING: [IP_Flow 19-4994] Overwriting existing constraint file 'c:/code/RFC-8439-fpga-implementation/AES-Cam-on-PYNQ-Z2-main/AES-Cam-on-PYNQ-Z2-main/AES_SYS/AES_SYS.gen/sources_1/bd/AES_SYS/ip/AES_SYS_auto_pc_5/AES_SYS_auto_pc_5_ooc.xdc'
INFO: [BD 41-1029] Generation completed for the IP Integrator block ps7_0_axi_periph/m05_couplers/auto_pc .
WARNING: [IP_Flow 19-4994] Overwriting existing constraint file 'c:/code/RFC-8439-fpga-implementation/AES-Cam-on-PYNQ-Z2-main/AES-Cam-on-PYNQ-Z2-main/AES_SYS/AES_SYS.gen/sources_1/bd/AES_SYS/ip/AES_SYS_auto_pc_6/AES_SYS_auto_pc_6_ooc.xdc'
INFO: [BD 41-1029] Generation completed for the IP Integrator block ps7_0_axi_periph/m06_couplers/auto_pc .
WARNING: [IP_Flow 19-4994] Overwriting existing constraint file 'c:/code/RFC-8439-fpga-implementation/AES-Cam-on-PYNQ-Z2-main/AES-Cam-on-PYNQ-Z2-main/AES_SYS/AES_SYS.gen/sources_1/bd/AES_SYS/ip/AES_SYS_auto_pc_7/AES_SYS_auto_pc_7_ooc.xdc'
INFO: [BD 41-1029] Generation completed for the IP Integrator block ps7_0_axi_periph/m08_couplers/auto_pc .
WARNING: [IP_Flow 19-4994] Overwriting existing constraint file 'c:/code/RFC-8439-fpga-implementation/AES-Cam-on-PYNQ-Z2-main/AES-Cam-on-PYNQ-Z2-main/AES_SYS/AES_SYS.gen/sources_1/bd/AES_SYS/ip/AES_SYS_auto_pc_8/AES_SYS_auto_pc_8_ooc.xdc'
INFO: [BD 41-1029] Generation completed for the IP Integrator block ps7_0_axi_periph/m09_couplers/auto_pc .
WARNING: [IP_Flow 19-4994] Overwriting existing constraint file 'c:/code/RFC-8439-fpga-implementation/AES-Cam-on-PYNQ-Z2-main/AES-Cam-on-PYNQ-Z2-main/AES_SYS/AES_SYS.gen/sources_1/bd/AES_SYS/ip/AES_SYS_auto_pc_9/AES_SYS_auto_pc_9_ooc.xdc'
INFO: [BD 41-1029] Generation completed for the IP Integrator block ps7_0_axi_periph/m11_couplers/auto_pc .
WARNING: [IP_Flow 19-4994] Overwriting existing constraint file 'c:/code/RFC-8439-fpga-implementation/AES-Cam-on-PYNQ-Z2-main/AES-Cam-on-PYNQ-Z2-main/AES_SYS/AES_SYS.gen/sources_1/bd/AES_SYS/ip/AES_SYS_auto_pc_10/AES_SYS_auto_pc_10_ooc.xdc'
INFO: [BD 41-1029] Generation completed for the IP Integrator block ps7_0_axi_periph/m13_couplers/auto_pc .
WARNING: [IP_Flow 19-4994] Overwriting existing constraint file 'c:/code/RFC-8439-fpga-implementation/AES-Cam-on-PYNQ-Z2-main/AES-Cam-on-PYNQ-Z2-main/AES_SYS/AES_SYS.gen/sources_1/bd/AES_SYS/ip/AES_SYS_auto_pc_12/AES_SYS_auto_pc_12_ooc.xdc'
INFO: [BD 41-1029] Generation completed for the IP Integrator block axi_mem_intercon/m00_couplers/auto_pc .
WARNING: [IP_Flow 19-4994] Overwriting existing constraint file 'c:/code/RFC-8439-fpga-implementation/AES-Cam-on-PYNQ-Z2-main/AES-Cam-on-PYNQ-Z2-main/AES_SYS/AES_SYS.gen/sources_1/bd/AES_SYS/ip/AES_SYS_auto_us_0/AES_SYS_auto_us_0_ooc.xdc'
INFO: [IP_Flow 19-5611] Unable to find an associated reset port for the interface 'S_AXI'. A default connection has been created.
INFO: [IP_Flow 19-5611] Unable to find an associated reset port for the interface 'M_AXI'. A default connection has been created.
INFO: [BD 41-1029] Generation completed for the IP Integrator block axi_mem_intercon_1/s00_couplers/auto_us .
WARNING: [IP_Flow 19-4994] Overwriting existing constraint file 'c:/code/RFC-8439-fpga-implementation/AES-Cam-on-PYNQ-Z2-main/AES-Cam-on-PYNQ-Z2-main/AES_SYS/AES_SYS.gen/sources_1/bd/AES_SYS/ip/AES_SYS_auto_pc_13/AES_SYS_auto_pc_13_ooc.xdc'
INFO: [BD 41-1029] Generation completed for the IP Integrator block axi_mem_intercon_1/m00_couplers/auto_pc .
WARNING: [IP_Flow 19-4994] Overwriting existing constraint file 'c:/code/RFC-8439-fpga-implementation/AES-Cam-on-PYNQ-Z2-main/AES-Cam-on-PYNQ-Z2-main/AES_SYS/AES_SYS.gen/sources_1/bd/AES_SYS/ip/AES_SYS_auto_ds_0/AES_SYS_auto_ds_0_ooc.xdc'
INFO: [IP_Flow 19-5611] Unable to find an associated reset port for the interface 'S_AXI'. A default connection has been created.
INFO: [IP_Flow 19-5611] Unable to find an associated reset port for the interface 'M_AXI'. A default connection has been created.
INFO: [BD 41-1029] Generation completed for the IP Integrator block axi_mem_intercon_1/m01_couplers/auto_ds .
WARNING: [IP_Flow 19-4994] Overwriting existing constraint file 'c:/code/RFC-8439-fpga-implementation/AES-Cam-on-PYNQ-Z2-main/AES-Cam-on-PYNQ-Z2-main/AES_SYS/AES_SYS.gen/sources_1/bd/AES_SYS/ip/AES_SYS_auto_ds_1/AES_SYS_auto_ds_1_ooc.xdc'
INFO: [IP_Flow 19-5611] Unable to find an associated reset port for the interface 'S_AXI'. A default connection has been created.
INFO: [IP_Flow 19-5611] Unable to find an associated reset port for the interface 'M_AXI'. A default connection has been created.
INFO: [BD 41-1029] Generation completed for the IP Integrator block axi_mem_intercon_1/m02_couplers/auto_ds .
INFO: [BD 41-1029] Generation completed for the IP Integrator block axi_bram_ctrl_1 .
Exporting to file c:/code/RFC-8439-fpga-implementation/AES-Cam-on-PYNQ-Z2-main/AES-Cam-on-PYNQ-Z2-main/AES_SYS/AES_SYS.gen/sources_1/bd/AES_SYS/hw_handoff/AES_SYS.hwh
Generated Hardware Definition File c:/code/RFC-8439-fpga-implementation/AES-Cam-on-PYNQ-Z2-main/AES-Cam-on-PYNQ-Z2-main/AES_SYS/AES_SYS.gen/sources_1/bd/AES_SYS/synth/AES_SYS.hwdef
generate_target: Time (s): cpu = 00:00:24 ; elapsed = 00:00:24 . Memory (MB): peak = 5729.996 ; gain = 0.000
catch { config_ip_cache -export [get_ips -all AES_SYS_axi_vdma_0_0] }
INFO: [IP_Flow 19-6924] IPCACHE: Running cache check for IP inst: AES_SYS_axi_vdma_0_0
catch { config_ip_cache -export [get_ips -all AES_SYS_clk_wiz_0_0] }
INFO: [IP_Flow 19-6924] IPCACHE: Running cache check for IP inst: AES_SYS_clk_wiz_0_0
catch { config_ip_cache -export [get_ips -all AES_SYS_axi_intc_0_0] }
INFO: [IP_Flow 19-6924] IPCACHE: Running cache check for IP inst: AES_SYS_axi_intc_0_0
catch { config_ip_cache -export [get_ips -all AES_SYS_xbar_0] }
INFO: [IP_Flow 19-6924] IPCACHE: Running cache check for IP inst: AES_SYS_xbar_0
catch { config_ip_cache -export [get_ips -all AES_SYS_rst_ps7_0_100M_0] }
INFO: [IP_Flow 19-6924] IPCACHE: Running cache check for IP inst: AES_SYS_rst_ps7_0_100M_0
catch { config_ip_cache -export [get_ips -all AES_SYS_xbar_1] }
INFO: [IP_Flow 19-6924] IPCACHE: Running cache check for IP inst: AES_SYS_xbar_1
catch { config_ip_cache -export [get_ips -all AES_SYS_axi_cdma_0_0] }
INFO: [IP_Flow 19-6924] IPCACHE: Running cache check for IP inst: AES_SYS_axi_cdma_0_0
catch { config_ip_cache -export [get_ips -all AES_SYS_xbar_2] }
INFO: [IP_Flow 19-6924] IPCACHE: Running cache check for IP inst: AES_SYS_xbar_2
catch { config_ip_cache -export [get_ips -all AES_SYS_axi_bram_ctrl_0_0] }
INFO: [IP_Flow 19-6924] IPCACHE: Running cache check for IP inst: AES_SYS_axi_bram_ctrl_0_0
catch { config_ip_cache -export [get_ips -all AES_SYS_auto_pc_11] }
INFO: [IP_Flow 19-6924] IPCACHE: Running cache check for IP inst: AES_SYS_auto_pc_11
catch { config_ip_cache -export [get_ips -all AES_SYS_auto_pc_0] }
INFO: [IP_Flow 19-6924] IPCACHE: Running cache check for IP inst: AES_SYS_auto_pc_0
catch { config_ip_cache -export [get_ips -all AES_SYS_auto_pc_1] }
INFO: [IP_Flow 19-6924] IPCACHE: Running cache check for IP inst: AES_SYS_auto_pc_1
catch { config_ip_cache -export [get_ips -all AES_SYS_auto_pc_2] }
INFO: [IP_Flow 19-6924] IPCACHE: Running cache check for IP inst: AES_SYS_auto_pc_2
catch { config_ip_cache -export [get_ips -all AES_SYS_auto_pc_3] }
INFO: [IP_Flow 19-6924] IPCACHE: Running cache check for IP inst: AES_SYS_auto_pc_3
catch { config_ip_cache -export [get_ips -all AES_SYS_auto_pc_4] }
INFO: [IP_Flow 19-6924] IPCACHE: Running cache check for IP inst: AES_SYS_auto_pc_4
catch { config_ip_cache -export [get_ips -all AES_SYS_auto_pc_5] }
INFO: [IP_Flow 19-6924] IPCACHE: Running cache check for IP inst: AES_SYS_auto_pc_5
catch { config_ip_cache -export [get_ips -all AES_SYS_auto_pc_6] }
INFO: [IP_Flow 19-6924] IPCACHE: Running cache check for IP inst: AES_SYS_auto_pc_6
catch { config_ip_cache -export [get_ips -all AES_SYS_auto_pc_7] }
INFO: [IP_Flow 19-6924] IPCACHE: Running cache check for IP inst: AES_SYS_auto_pc_7
catch { config_ip_cache -export [get_ips -all AES_SYS_auto_pc_8] }
INFO: [IP_Flow 19-6924] IPCACHE: Running cache check for IP inst: AES_SYS_auto_pc_8
catch { config_ip_cache -export [get_ips -all AES_SYS_auto_pc_9] }
INFO: [IP_Flow 19-6924] IPCACHE: Running cache check for IP inst: AES_SYS_auto_pc_9
catch { config_ip_cache -export [get_ips -all AES_SYS_auto_pc_10] }
INFO: [IP_Flow 19-6924] IPCACHE: Running cache check for IP inst: AES_SYS_auto_pc_10
catch { config_ip_cache -export [get_ips -all AES_SYS_auto_pc_12] }
INFO: [IP_Flow 19-6924] IPCACHE: Running cache check for IP inst: AES_SYS_auto_pc_12
catch { config_ip_cache -export [get_ips -all AES_SYS_auto_us_0] }
INFO: [IP_Flow 19-6924] IPCACHE: Running cache check for IP inst: AES_SYS_auto_us_0
catch { config_ip_cache -export [get_ips -all AES_SYS_auto_pc_13] }
INFO: [IP_Flow 19-6924] IPCACHE: Running cache check for IP inst: AES_SYS_auto_pc_13
catch { config_ip_cache -export [get_ips -all AES_SYS_auto_ds_0] }
INFO: [IP_Flow 19-6924] IPCACHE: Running cache check for IP inst: AES_SYS_auto_ds_0
catch { config_ip_cache -export [get_ips -all AES_SYS_auto_ds_1] }
INFO: [IP_Flow 19-6924] IPCACHE: Running cache check for IP inst: AES_SYS_auto_ds_1
catch { config_ip_cache -export [get_ips -all AES_SYS_axi_bram_ctrl_0_2] }
INFO: [IP_Flow 19-6924] IPCACHE: Running cache check for IP inst: AES_SYS_axi_bram_ctrl_0_2
export_ip_user_files -of_objects [get_files C:/code/RFC-8439-fpga-implementation/AES-Cam-on-PYNQ-Z2-main/AES-Cam-on-PYNQ-Z2-main/AES_SYS/AES_SYS.srcs/sources_1/bd/AES_SYS/AES_SYS.bd] -no_script -sync -force -quiet
create_ip_run [get_files -of_objects [get_fileset sources_1] C:/code/RFC-8439-fpga-implementation/AES-Cam-on-PYNQ-Z2-main/AES-Cam-on-PYNQ-Z2-main/AES_SYS/AES_SYS.srcs/sources_1/bd/AES_SYS/AES_SYS.bd]
launch_runs AES_SYS_auto_ds_0_synth_1 AES_SYS_auto_ds_1_synth_1 AES_SYS_auto_pc_0_synth_1 AES_SYS_auto_pc_10_synth_1 AES_SYS_auto_pc_11_synth_1 AES_SYS_auto_pc_12_synth_1 AES_SYS_auto_pc_13_synth_1 AES_SYS_auto_pc_1_synth_1 AES_SYS_auto_pc_2_synth_1 AES_SYS_auto_pc_3_synth_1 AES_SYS_auto_pc_4_synth_1 AES_SYS_auto_pc_5_synth_1 AES_SYS_auto_pc_6_synth_1 AES_SYS_auto_pc_7_synth_1 AES_SYS_auto_pc_8_synth_1 AES_SYS_auto_pc_9_synth_1 AES_SYS_auto_us_0_synth_1 AES_SYS_axi_bram_ctrl_0_0_synth_1 AES_SYS_axi_bram_ctrl_0_2_synth_1 AES_SYS_axi_cdma_0_0_synth_1 AES_SYS_axi_intc_0_0_synth_1 AES_SYS_axi_vdma_0_0_synth_1 AES_SYS_clk_wiz_0_0_synth_1 AES_SYS_processing_system7_0_0_synth_1 AES_SYS_rst_ps7_0_100M_0_synth_1 AES_SYS_xbar_0_synth_1 AES_SYS_xbar_1_synth_1 AES_SYS_xbar_2_synth_1 -jobs 32
INFO: [IP_Flow 19-6924] IPCACHE: Running cache check for IP inst: AES_SYS_auto_ds_0
INFO: [IP_Flow 19-6924] IPCACHE: Running cache check for IP inst: AES_SYS_auto_ds_1
INFO: [IP_Flow 19-6924] IPCACHE: Running cache check for IP inst: AES_SYS_auto_pc_0
INFO: [IP_Flow 19-6924] IPCACHE: Running cache check for IP inst: AES_SYS_auto_pc_10
INFO: [IP_Flow 19-6924] IPCACHE: Running cache check for IP inst: AES_SYS_auto_pc_11
INFO: [IP_Flow 19-6924] IPCACHE: Running cache check for IP inst: AES_SYS_auto_pc_12
INFO: [IP_Flow 19-6924] IPCACHE: Running cache check for IP inst: AES_SYS_auto_pc_13
INFO: [IP_Flow 19-6924] IPCACHE: Running cache check for IP inst: AES_SYS_auto_pc_1
INFO: [IP_Flow 19-6924] IPCACHE: Running cache check for IP inst: AES_SYS_auto_pc_2
INFO: [IP_Flow 19-6924] IPCACHE: Running cache check for IP inst: AES_SYS_auto_pc_3
INFO: [IP_Flow 19-6924] IPCACHE: Running cache check for IP inst: AES_SYS_auto_pc_4
INFO: [IP_Flow 19-6924] IPCACHE: Running cache check for IP inst: AES_SYS_auto_pc_5
INFO: [IP_Flow 19-6924] IPCACHE: Running cache check for IP inst: AES_SYS_auto_pc_6
INFO: [IP_Flow 19-6924] IPCACHE: Running cache check for IP inst: AES_SYS_auto_pc_7
INFO: [IP_Flow 19-6924] IPCACHE: Running cache check for IP inst: AES_SYS_auto_pc_8
INFO: [IP_Flow 19-6924] IPCACHE: Running cache check for IP inst: AES_SYS_auto_pc_9
INFO: [IP_Flow 19-6924] IPCACHE: Running cache check for IP inst: AES_SYS_auto_us_0
INFO: [IP_Flow 19-6924] IPCACHE: Running cache check for IP inst: AES_SYS_axi_bram_ctrl_0_0
INFO: [IP_Flow 19-6924] IPCACHE: Running cache check for IP inst: AES_SYS_axi_bram_ctrl_0_2
INFO: [IP_Flow 19-6924] IPCACHE: Running cache check for IP inst: AES_SYS_axi_cdma_0_0
INFO: [IP_Flow 19-6924] IPCACHE: Running cache check for IP inst: AES_SYS_axi_intc_0_0
INFO: [IP_Flow 19-6924] IPCACHE: Running cache check for IP inst: AES_SYS_axi_vdma_0_0
INFO: [IP_Flow 19-6924] IPCACHE: Running cache check for IP inst: AES_SYS_clk_wiz_0_0
INFO: [IP_Flow 19-6924] IPCACHE: Running cache check for IP inst: AES_SYS_rst_ps7_0_100M_0
INFO: [IP_Flow 19-6924] IPCACHE: Running cache check for IP inst: AES_SYS_xbar_0
INFO: [IP_Flow 19-6924] IPCACHE: Running cache check for IP inst: AES_SYS_xbar_1
INFO: [IP_Flow 19-6924] IPCACHE: Running cache check for IP inst: AES_SYS_xbar_2
[Mon May 25 20:20:13 2026] Launched AES_SYS_auto_ds_0_synth_1, AES_SYS_auto_ds_1_synth_1, AES_SYS_auto_pc_0_synth_1, AES_SYS_auto_pc_10_synth_1, AES_SYS_auto_pc_11_synth_1, AES_SYS_auto_pc_12_synth_1, AES_SYS_auto_pc_13_synth_1, AES_SYS_auto_pc_1_synth_1, AES_SYS_auto_pc_2_synth_1, AES_SYS_auto_pc_3_synth_1, AES_SYS_auto_pc_4_synth_1, AES_SYS_auto_pc_5_synth_1, AES_SYS_auto_pc_6_synth_1, AES_SYS_auto_pc_7_synth_1, AES_SYS_auto_pc_8_synth_1, AES_SYS_auto_pc_9_synth_1, AES_SYS_auto_us_0_synth_1, AES_SYS_axi_bram_ctrl_0_0_synth_1, AES_SYS_axi_bram_ctrl_0_2_synth_1, AES_SYS_axi_cdma_0_0_synth_1, AES_SYS_axi_intc_0_0_synth_1, AES_SYS_axi_vdma_0_0_synth_1, AES_SYS_clk_wiz_0_0_synth_1, AES_SYS_processing_system7_0_0_synth_1, AES_SYS_rst_ps7_0_100M_0_synth_1, AES_SYS_xbar_0_synth_1, AES_SYS_xbar_1_synth_1, AES_SYS_xbar_2_synth_1...
Run output will be captured here:
AES_SYS_auto_ds_0_synth_1: C:/code/RFC-8439-fpga-implementation/AES-Cam-on-PYNQ-Z2-main/AES-Cam-on-PYNQ-Z2-main/AES_SYS/AES_SYS.runs/AES_SYS_auto_ds_0_synth_1/runme.log
AES_SYS_auto_ds_1_synth_1: C:/code/RFC-8439-fpga-implementation/AES-Cam-on-PYNQ-Z2-main/AES-Cam-on-PYNQ-Z2-main/AES_SYS/AES_SYS.runs/AES_SYS_auto_ds_1_synth_1/runme.log
AES_SYS_auto_pc_0_synth_1: C:/code/RFC-8439-fpga-implementation/AES-Cam-on-PYNQ-Z2-main/AES-Cam-on-PYNQ-Z2-main/AES_SYS/AES_SYS.runs/AES_SYS_auto_pc_0_synth_1/runme.log
AES_SYS_auto_pc_10_synth_1: C:/code/RFC-8439-fpga-implementation/AES-Cam-on-PYNQ-Z2-main/AES-Cam-on-PYNQ-Z2-main/AES_SYS/AES_SYS.runs/AES_SYS_auto_pc_10_synth_1/runme.log
AES_SYS_auto_pc_11_synth_1: C:/code/RFC-8439-fpga-implementation/AES-Cam-on-PYNQ-Z2-main/AES-Cam-on-PYNQ-Z2-main/AES_SYS/AES_SYS.runs/AES_SYS_auto_pc_11_synth_1/runme.log
AES_SYS_auto_pc_12_synth_1: C:/code/RFC-8439-fpga-implementation/AES-Cam-on-PYNQ-Z2-main/AES-Cam-on-PYNQ-Z2-main/AES_SYS/AES_SYS.runs/AES_SYS_auto_pc_12_synth_1/runme.log
AES_SYS_auto_pc_13_synth_1: C:/code/RFC-8439-fpga-implementation/AES-Cam-on-PYNQ-Z2-main/AES-Cam-on-PYNQ-Z2-main/AES_SYS/AES_SYS.runs/AES_SYS_auto_pc_13_synth_1/runme.log
AES_SYS_auto_pc_1_synth_1: C:/code/RFC-8439-fpga-implementation/AES-Cam-on-PYNQ-Z2-main/AES-Cam-on-PYNQ-Z2-main/AES_SYS/AES_SYS.runs/AES_SYS_auto_pc_1_synth_1/runme.log
AES_SYS_auto_pc_2_synth_1: C:/code/RFC-8439-fpga-implementation/AES-Cam-on-PYNQ-Z2-main/AES-Cam-on-PYNQ-Z2-main/AES_SYS/AES_SYS.runs/AES_SYS_auto_pc_2_synth_1/runme.log
AES_SYS_auto_pc_3_synth_1: C:/code/RFC-8439-fpga-implementation/AES-Cam-on-PYNQ-Z2-main/AES-Cam-on-PYNQ-Z2-main/AES_SYS/AES_SYS.runs/AES_SYS_auto_pc_3_synth_1/runme.log
AES_SYS_auto_pc_4_synth_1: C:/code/RFC-8439-fpga-implementation/AES-Cam-on-PYNQ-Z2-main/AES-Cam-on-PYNQ-Z2-main/AES_SYS/AES_SYS.runs/AES_SYS_auto_pc_4_synth_1/runme.log
AES_SYS_auto_pc_5_synth_1: C:/code/RFC-8439-fpga-implementation/AES-Cam-on-PYNQ-Z2-main/AES-Cam-on-PYNQ-Z2-main/AES_SYS/AES_SYS.runs/AES_SYS_auto_pc_5_synth_1/runme.log
AES_SYS_auto_pc_6_synth_1: C:/code/RFC-8439-fpga-implementation/AES-Cam-on-PYNQ-Z2-main/AES-Cam-on-PYNQ-Z2-main/AES_SYS/AES_SYS.runs/AES_SYS_auto_pc_6_synth_1/runme.log
AES_SYS_auto_pc_7_synth_1: C:/code/RFC-8439-fpga-implementation/AES-Cam-on-PYNQ-Z2-main/AES-Cam-on-PYNQ-Z2-main/AES_SYS/AES_SYS.runs/AES_SYS_auto_pc_7_synth_1/runme.log
AES_SYS_auto_pc_8_synth_1: C:/code/RFC-8439-fpga-implementation/AES-Cam-on-PYNQ-Z2-main/AES-Cam-on-PYNQ-Z2-main/AES_SYS/AES_SYS.runs/AES_SYS_auto_pc_8_synth_1/runme.log
AES_SYS_auto_pc_9_synth_1: C:/code/RFC-8439-fpga-implementation/AES-Cam-on-PYNQ-Z2-main/AES-Cam-on-PYNQ-Z2-main/AES_SYS/AES_SYS.runs/AES_SYS_auto_pc_9_synth_1/runme.log
AES_SYS_auto_us_0_synth_1: C:/code/RFC-8439-fpga-implementation/AES-Cam-on-PYNQ-Z2-main/AES-Cam-on-PYNQ-Z2-main/AES_SYS/AES_SYS.runs/AES_SYS_auto_us_0_synth_1/runme.log
AES_SYS_axi_bram_ctrl_0_0_synth_1: C:/code/RFC-8439-fpga-implementation/AES-Cam-on-PYNQ-Z2-main/AES-Cam-on-PYNQ-Z2-main/AES_SYS/AES_SYS.runs/AES_SYS_axi_bram_ctrl_0_0_synth_1/runme.log
AES_SYS_axi_bram_ctrl_0_2_synth_1: C:/code/RFC-8439-fpga-implementation/AES-Cam-on-PYNQ-Z2-main/AES-Cam-on-PYNQ-Z2-main/AES_SYS/AES_SYS.runs/AES_SYS_axi_bram_ctrl_0_2_synth_1/runme.log
AES_SYS_axi_cdma_0_0_synth_1: C:/code/RFC-8439-fpga-implementation/AES-Cam-on-PYNQ-Z2-main/AES-Cam-on-PYNQ-Z2-main/AES_SYS/AES_SYS.runs/AES_SYS_axi_cdma_0_0_synth_1/runme.log
AES_SYS_axi_intc_0_0_synth_1: C:/code/RFC-8439-fpga-implementation/AES-Cam-on-PYNQ-Z2-main/AES-Cam-on-PYNQ-Z2-main/AES_SYS/AES_SYS.runs/AES_SYS_axi_intc_0_0_synth_1/runme.log
AES_SYS_axi_vdma_0_0_synth_1: C:/code/RFC-8439-fpga-implementation/AES-Cam-on-PYNQ-Z2-main/AES-Cam-on-PYNQ-Z2-main/AES_SYS/AES_SYS.runs/AES_SYS_axi_vdma_0_0_synth_1/runme.log
AES_SYS_clk_wiz_0_0_synth_1: C:/code/RFC-8439-fpga-implementation/AES-Cam-on-PYNQ-Z2-main/AES-Cam-on-PYNQ-Z2-main/AES_SYS/AES_SYS.runs/AES_SYS_clk_wiz_0_0_synth_1/runme.log
AES_SYS_processing_system7_0_0_synth_1: C:/code/RFC-8439-fpga-implementation/AES-Cam-on-PYNQ-Z2-main/AES-Cam-on-PYNQ-Z2-main/AES_SYS/AES_SYS.runs/AES_SYS_processing_system7_0_0_synth_1/runme.log
AES_SYS_rst_ps7_0_100M_0_synth_1: C:/code/RFC-8439-fpga-implementation/AES-Cam-on-PYNQ-Z2-main/AES-Cam-on-PYNQ-Z2-main/AES_SYS/AES_SYS.runs/AES_SYS_rst_ps7_0_100M_0_synth_1/runme.log
AES_SYS_xbar_0_synth_1: C:/code/RFC-8439-fpga-implementation/AES-Cam-on-PYNQ-Z2-main/AES-Cam-on-PYNQ-Z2-main/AES_SYS/AES_SYS.runs/AES_SYS_xbar_0_synth_1/runme.log
AES_SYS_xbar_1_synth_1: C:/code/RFC-8439-fpga-implementation/AES-Cam-on-PYNQ-Z2-main/AES-Cam-on-PYNQ-Z2-main/AES_SYS/AES_SYS.runs/AES_SYS_xbar_1_synth_1/runme.log
AES_SYS_xbar_2_synth_1: C:/code/RFC-8439-fpga-implementation/AES-Cam-on-PYNQ-Z2-main/AES-Cam-on-PYNQ-Z2-main/AES_SYS/AES_SYS.runs/AES_SYS_xbar_2_synth_1/runme.log
launch_runs: Time (s): cpu = 00:00:08 ; elapsed = 00:00:08 . Memory (MB): peak = 5729.996 ; gain = 0.000
export_simulation -of_objects [get_files C:/code/RFC-8439-fpga-implementation/AES-Cam-on-PYNQ-Z2-main/AES-Cam-on-PYNQ-Z2-main/AES_SYS/AES_SYS.srcs/sources_1/bd/AES_SYS/AES_SYS.bd] -directory C:/code/RFC-8439-fpga-implementation/AES-Cam-on-PYNQ-Z2-main/AES-Cam-on-PYNQ-Z2-main/AES_SYS/AES_SYS.ip_user_files/sim_scripts -ip_user_files_dir C:/code/RFC-8439-fpga-implementation/AES-Cam-on-PYNQ-Z2-main/AES-Cam-on-PYNQ-Z2-main/AES_SYS/AES_SYS.ip_user_files -ipstatic_source_dir C:/code/RFC-8439-fpga-implementation/AES-Cam-on-PYNQ-Z2-main/AES-Cam-on-PYNQ-Z2-main/AES_SYS/AES_SYS.ip_user_files/ipstatic -lib_map_path [list {modelsim=C:/code/RFC-8439-fpga-implementation/AES-Cam-on-PYNQ-Z2-main/AES-Cam-on-PYNQ-Z2-main/AES_SYS/AES_SYS.cache/compile_simlib/modelsim} {questa=C:/code/RFC-8439-fpga-implementation/AES-Cam-on-PYNQ-Z2-main/AES-Cam-on-PYNQ-Z2-main/AES_SYS/AES_SYS.cache/compile_simlib/questa} {riviera=C:/code/RFC-8439-fpga-implementation/AES-Cam-on-PYNQ-Z2-main/AES-Cam-on-PYNQ-Z2-main/AES_SYS/AES_SYS.cache/compile_simlib/riviera} {activehdl=C:/code/RFC-8439-fpga-implementation/AES-Cam-on-PYNQ-Z2-main/AES-Cam-on-PYNQ-Z2-main/AES_SYS/AES_SYS.cache/compile_simlib/activehdl}] -use_ip_compiled_libs -force -quiet
set_property range 512K [get_bd_addr_segs {axi_cdma_0/Data/SEG_axi_bram_ctrl_1_Mem0}]
WARNING: [IP_Flow 19-4067] Ignoring invalid widget type specified checkbox.Providing a default widget
WARNING: [IP_Flow 19-4067] Ignoring invalid widget type specified checkbox.Providing a default widget
WARNING: [IP_Flow 19-4067] Ignoring invalid widget type specified checkbox.Providing a default widget
WARNING: [IP_Flow 19-4067] Ignoring invalid widget type specified checkbox.Providing a default widget
set_property range 256K [get_bd_addr_segs {axi_cdma_0/Data/SEG_axi_bram_ctrl_0_Mem0}]
set_property range 256K [get_bd_addr_segs {axi_cdma_0/Data/SEG_axi_bram_ctrl_1_Mem0}]
open_bd_design {C:/code/RFC-8439-fpga-implementation/AES-Cam-on-PYNQ-Z2-main/AES-Cam-on-PYNQ-Z2-main/AES_SYS/AES_SYS.srcs/sources_1/bd/AES_SYS/AES_SYS.bd}
WARNING: [IP_Flow 19-4067] Ignoring invalid widget type specified checkbox.Providing a default widget
WARNING: [IP_Flow 19-4067] Ignoring invalid widget type specified checkbox.Providing a default widget
WARNING: [IP_Flow 19-4067] Ignoring invalid widget type specified checkbox.Providing a default widget
WARNING: [IP_Flow 19-4067] Ignoring invalid widget type specified checkbox.Providing a default widget
WARNING: [IP_Flow 19-4067] Ignoring invalid widget type specified checkbox.Providing a default widget
WARNING: [IP_Flow 19-4067] Ignoring invalid widget type specified checkbox.Providing a default widget
startgroup
set_property -dict [list \
  CONFIG.Write_Depth_A {131072} \
  CONFIG.use_bram_block {BRAM_Controller} \
] [get_bd_cells axi_bram_ctrl_0_bram1]
endgroup
save_bd_design
Wrote  : <C:\code\RFC-8439-fpga-implementation\AES-Cam-on-PYNQ-Z2-main\AES-Cam-on-PYNQ-Z2-main\AES_SYS\AES_SYS.srcs\sources_1\bd\AES_SYS\AES_SYS.bd> 
Wrote  : <C:/code/RFC-8439-fpga-implementation/AES-Cam-on-PYNQ-Z2-main/AES-Cam-on-PYNQ-Z2-main/AES_SYS/AES_SYS.srcs/sources_1/bd/AES_SYS/ui/bd_9341033d.ui> 
open_bd_design {C:/code/RFC-8439-fpga-implementation/AES-Cam-on-PYNQ-Z2-main/AES-Cam-on-PYNQ-Z2-main/AES_SYS/AES_SYS.srcs/sources_1/bd/AES_SYS/AES_SYS.bd}
generate_target all [get_files  C:/code/RFC-8439-fpga-implementation/AES-Cam-on-PYNQ-Z2-main/AES-Cam-on-PYNQ-Z2-main/AES_SYS/AES_SYS.srcs/sources_1/bd/AES_SYS/AES_SYS.bd]
WARNING: [BD 41-2670] Found an incomplete address path from address space '/processing_system7_0/Data' to master interface '/ps7_0_axi_periph/M12_AXI'. Please either complete or remove this path to resolve.
WARNING: [BD 41-2670] Found an incomplete address path from address space '/processing_system7_0/Data' to master interface '/ps7_0_axi_periph/M07_AXI'. Please either complete or remove this path to resolve.
WARNING: [BD 41-2670] Found an incomplete address path from address space '/processing_system7_0/Data' to master interface '/ps7_0_axi_periph/M10_AXI'. Please either complete or remove this path to resolve.
WARNING: [BD 5-699] No address segments matched 'get_bd_addr_segs -addressables -of_objects /rst_ps7_0_100M'
WARNING: [BD 5-699] No address segments matched 'get_bd_addr_segs -addressables -of_objects /rst_ps7_0_100M'
WARNING: [BD 5-699] No address segments matched 'get_bd_addr_segs -addressables -of_objects /rst_ps7_0_100M'
WARNING: [BD 41-702] Propagation TCL tries to overwrite USER strength parameter PCW_M_AXI_GP0_FREQMHZ(10) on '/processing_system7_0' with propagated value(50). Command ignored
WARNING: [BD 41-702] Propagation TCL tries to overwrite USER strength parameter PCW_S_AXI_HP0_FREQMHZ(10) on '/processing_system7_0' with propagated value(50). Command ignored
WARNING: [BD 41-702] Propagation TCL tries to overwrite USER strength parameter PCW_S_AXI_HP1_FREQMHZ(10) on '/processing_system7_0' with propagated value(50). Command ignored
WARNING: [xilinx.com:ip:axi_intc:4.1-13] /axi_intc_0: Interrupt output connection Bus is selected, but the interrupt bus interface is not connected to a matching interface. Please consider selecting Single instead.
INFO: [xilinx.com:ip:clk_wiz:6.0-1] /clk_wiz_0 clk_wiz propagate
INFO: [xilinx.com:ip:clk_wiz:6.0-1] /clk_wiz_0 clk_wiz propagate
INFO: [xilinx.com:ip:axi_vdma:6.3-15] /axi_vdma_0 
                    All clocks connected to AXI VDMA are not identical, therefore configuring AXI-VDMA in ASYNC mode.
WARNING: [xilinx.com:ip:axi_vdma:6.3-155] /axi_vdma_0 
                    To get the better performance, ensure AXI Memory Map clock frequency is greater than equal to AXI Streaming clock frequency.
Wrote  : <C:\code\RFC-8439-fpga-implementation\AES-Cam-on-PYNQ-Z2-main\AES-Cam-on-PYNQ-Z2-main\AES_SYS\AES_SYS.srcs\sources_1\bd\AES_SYS\AES_SYS.bd> 
WARNING: [BD 41-2384] Width mismatch when connecting pin: '/axi_mem_intercon/m00_couplers/auto_pc/m_axi_rid'(1) to pin: '/axi_mem_intercon/m00_couplers/M_AXI_rid'(6) - Only lower order bits will be connected.
WARNING: [BD 41-2384] Width mismatch when connecting pin: '/axi_mem_intercon/m00_couplers/auto_pc/m_axi_bid'(1) to pin: '/axi_mem_intercon/m00_couplers/M_AXI_bid'(6) - Only lower order bits will be connected.
WARNING: [BD 41-2384] Width mismatch when connecting pin: '/axi_bram_ctrl_0_bram/addra'(32) to pin: '/axi_bram_ctrl_0/bram_addr_a'(18) - Only lower order bits will be connected.
WARNING: [BD 41-2384] Width mismatch when connecting pin: '/processing_system7_0/S_AXI_HP0_AWID'(6) to pin: '/axi_mem_intercon/M00_AXI_awid'(1) - Only lower order bits will be connected.
WARNING: [BD 41-2384] Width mismatch when connecting pin: '/processing_system7_0/S_AXI_HP0_ARID'(6) to pin: '/axi_mem_intercon/M00_AXI_arid'(1) - Only lower order bits will be connected.
WARNING: [BD 41-2384] Width mismatch when connecting pin: '/processing_system7_0/S_AXI_HP0_WID'(6) to pin: '/axi_mem_intercon/M00_AXI_wid'(1) - Only lower order bits will be connected.
WARNING: [BD 41-2384] Width mismatch when connecting pin: '/axi_bram_ctrl_0_bram1/addra'(32) to pin: '/axi_bram_ctrl_1/bram_addr_a'(18) - Only lower order bits will be connected.
Verilog Output written to : c:/code/RFC-8439-fpga-implementation/AES-Cam-on-PYNQ-Z2-main/AES-Cam-on-PYNQ-Z2-main/AES_SYS/AES_SYS.gen/sources_1/bd/AES_SYS/synth/AES_SYS.v
WARNING: [BD 41-2384] Width mismatch when connecting pin: '/axi_mem_intercon/m00_couplers/auto_pc/m_axi_rid'(1) to pin: '/axi_mem_intercon/m00_couplers/M_AXI_rid'(6) - Only lower order bits will be connected.
WARNING: [BD 41-2384] Width mismatch when connecting pin: '/axi_mem_intercon/m00_couplers/auto_pc/m_axi_bid'(1) to pin: '/axi_mem_intercon/m00_couplers/M_AXI_bid'(6) - Only lower order bits will be connected.
WARNING: [BD 41-2384] Width mismatch when connecting pin: '/axi_bram_ctrl_0_bram/addra'(32) to pin: '/axi_bram_ctrl_0/bram_addr_a'(18) - Only lower order bits will be connected.
WARNING: [BD 41-2384] Width mismatch when connecting pin: '/processing_system7_0/S_AXI_HP0_AWID'(6) to pin: '/axi_mem_intercon/M00_AXI_awid'(1) - Only lower order bits will be connected.
WARNING: [BD 41-2384] Width mismatch when connecting pin: '/processing_system7_0/S_AXI_HP0_ARID'(6) to pin: '/axi_mem_intercon/M00_AXI_arid'(1) - Only lower order bits will be connected.
WARNING: [BD 41-2384] Width mismatch when connecting pin: '/processing_system7_0/S_AXI_HP0_WID'(6) to pin: '/axi_mem_intercon/M00_AXI_wid'(1) - Only lower order bits will be connected.
WARNING: [BD 41-2384] Width mismatch when connecting pin: '/axi_bram_ctrl_0_bram1/addra'(32) to pin: '/axi_bram_ctrl_1/bram_addr_a'(18) - Only lower order bits will be connected.
Verilog Output written to : c:/code/RFC-8439-fpga-implementation/AES-Cam-on-PYNQ-Z2-main/AES-Cam-on-PYNQ-Z2-main/AES_SYS/AES_SYS.gen/sources_1/bd/AES_SYS/sim/AES_SYS.v
Verilog Output written to : c:/code/RFC-8439-fpga-implementation/AES-Cam-on-PYNQ-Z2-main/AES-Cam-on-PYNQ-Z2-main/AES_SYS/AES_SYS.gen/sources_1/bd/AES_SYS/hdl/AES_SYS_wrapper.v
INFO: [BD 41-1029] Generation completed for the IP Integrator block axi_mem_intercon_1/xbar .
INFO: [BD 41-1029] Generation completed for the IP Integrator block axi_bram_ctrl_0 .
INFO: [BD 41-1029] Generation completed for the IP Integrator block axi_bram_ctrl_0_bram .
INFO: [BD 41-1029] Generation completed for the IP Integrator block axi_bram_ctrl_0_bram1 .
INFO: [BD 41-1029] Generation completed for the IP Integrator block axi_bram_ctrl_1 .
WARNING: [IP_Flow 19-4994] Overwriting existing constraint file 'c:/code/RFC-8439-fpga-implementation/AES-Cam-on-PYNQ-Z2-main/AES-Cam-on-PYNQ-Z2-main/AES_SYS/AES_SYS.gen/sources_1/bd/AES_SYS/ip/AES_SYS_auto_pc_11/AES_SYS_auto_pc_11_ooc.xdc'
INFO: [BD 41-1029] Generation completed for the IP Integrator block ps7_0_axi_periph/s00_couplers/auto_pc .
WARNING: [IP_Flow 19-4994] Overwriting existing constraint file 'c:/code/RFC-8439-fpga-implementation/AES-Cam-on-PYNQ-Z2-main/AES-Cam-on-PYNQ-Z2-main/AES_SYS/AES_SYS.gen/sources_1/bd/AES_SYS/ip/AES_SYS_auto_pc_0/AES_SYS_auto_pc_0_ooc.xdc'
INFO: [BD 41-1029] Generation completed for the IP Integrator block ps7_0_axi_periph/m00_couplers/auto_pc .
WARNING: [IP_Flow 19-4994] Overwriting existing constraint file 'c:/code/RFC-8439-fpga-implementation/AES-Cam-on-PYNQ-Z2-main/AES-Cam-on-PYNQ-Z2-main/AES_SYS/AES_SYS.gen/sources_1/bd/AES_SYS/ip/AES_SYS_auto_pc_1/AES_SYS_auto_pc_1_ooc.xdc'
INFO: [BD 41-1029] Generation completed for the IP Integrator block ps7_0_axi_periph/m01_couplers/auto_pc .
WARNING: [IP_Flow 19-4994] Overwriting existing constraint file 'c:/code/RFC-8439-fpga-implementation/AES-Cam-on-PYNQ-Z2-main/AES-Cam-on-PYNQ-Z2-main/AES_SYS/AES_SYS.gen/sources_1/bd/AES_SYS/ip/AES_SYS_auto_pc_2/AES_SYS_auto_pc_2_ooc.xdc'
INFO: [BD 41-1029] Generation completed for the IP Integrator block ps7_0_axi_periph/m02_couplers/auto_pc .
WARNING: [IP_Flow 19-4994] Overwriting existing constraint file 'c:/code/RFC-8439-fpga-implementation/AES-Cam-on-PYNQ-Z2-main/AES-Cam-on-PYNQ-Z2-main/AES_SYS/AES_SYS.gen/sources_1/bd/AES_SYS/ip/AES_SYS_auto_pc_3/AES_SYS_auto_pc_3_ooc.xdc'
INFO: [BD 41-1029] Generation completed for the IP Integrator block ps7_0_axi_periph/m03_couplers/auto_pc .
WARNING: [IP_Flow 19-4994] Overwriting existing constraint file 'c:/code/RFC-8439-fpga-implementation/AES-Cam-on-PYNQ-Z2-main/AES-Cam-on-PYNQ-Z2-main/AES_SYS/AES_SYS.gen/sources_1/bd/AES_SYS/ip/AES_SYS_auto_pc_4/AES_SYS_auto_pc_4_ooc.xdc'
INFO: [BD 41-1029] Generation completed for the IP Integrator block ps7_0_axi_periph/m04_couplers/auto_pc .
WARNING: [IP_Flow 19-4994] Overwriting existing constraint file 'c:/code/RFC-8439-fpga-implementation/AES-Cam-on-PYNQ-Z2-main/AES-Cam-on-PYNQ-Z2-main/AES_SYS/AES_SYS.gen/sources_1/bd/AES_SYS/ip/AES_SYS_auto_pc_5/AES_SYS_auto_pc_5_ooc.xdc'
INFO: [BD 41-1029] Generation completed for the IP Integrator block ps7_0_axi_periph/m05_couplers/auto_pc .
WARNING: [IP_Flow 19-4994] Overwriting existing constraint file 'c:/code/RFC-8439-fpga-implementation/AES-Cam-on-PYNQ-Z2-main/AES-Cam-on-PYNQ-Z2-main/AES_SYS/AES_SYS.gen/sources_1/bd/AES_SYS/ip/AES_SYS_auto_pc_6/AES_SYS_auto_pc_6_ooc.xdc'
INFO: [BD 41-1029] Generation completed for the IP Integrator block ps7_0_axi_periph/m06_couplers/auto_pc .
WARNING: [IP_Flow 19-4994] Overwriting existing constraint file 'c:/code/RFC-8439-fpga-implementation/AES-Cam-on-PYNQ-Z2-main/AES-Cam-on-PYNQ-Z2-main/AES_SYS/AES_SYS.gen/sources_1/bd/AES_SYS/ip/AES_SYS_auto_pc_7/AES_SYS_auto_pc_7_ooc.xdc'
INFO: [BD 41-1029] Generation completed for the IP Integrator block ps7_0_axi_periph/m08_couplers/auto_pc .
WARNING: [IP_Flow 19-4994] Overwriting existing constraint file 'c:/code/RFC-8439-fpga-implementation/AES-Cam-on-PYNQ-Z2-main/AES-Cam-on-PYNQ-Z2-main/AES_SYS/AES_SYS.gen/sources_1/bd/AES_SYS/ip/AES_SYS_auto_pc_8/AES_SYS_auto_pc_8_ooc.xdc'
INFO: [BD 41-1029] Generation completed for the IP Integrator block ps7_0_axi_periph/m09_couplers/auto_pc .
WARNING: [IP_Flow 19-4994] Overwriting existing constraint file 'c:/code/RFC-8439-fpga-implementation/AES-Cam-on-PYNQ-Z2-main/AES-Cam-on-PYNQ-Z2-main/AES_SYS/AES_SYS.gen/sources_1/bd/AES_SYS/ip/AES_SYS_auto_pc_9/AES_SYS_auto_pc_9_ooc.xdc'
INFO: [BD 41-1029] Generation completed for the IP Integrator block ps7_0_axi_periph/m11_couplers/auto_pc .
WARNING: [IP_Flow 19-4994] Overwriting existing constraint file 'c:/code/RFC-8439-fpga-implementation/AES-Cam-on-PYNQ-Z2-main/AES-Cam-on-PYNQ-Z2-main/AES_SYS/AES_SYS.gen/sources_1/bd/AES_SYS/ip/AES_SYS_auto_pc_10/AES_SYS_auto_pc_10_ooc.xdc'
INFO: [BD 41-1029] Generation completed for the IP Integrator block ps7_0_axi_periph/m13_couplers/auto_pc .
WARNING: [IP_Flow 19-4994] Overwriting existing constraint file 'c:/code/RFC-8439-fpga-implementation/AES-Cam-on-PYNQ-Z2-main/AES-Cam-on-PYNQ-Z2-main/AES_SYS/AES_SYS.gen/sources_1/bd/AES_SYS/ip/AES_SYS_auto_pc_12/AES_SYS_auto_pc_12_ooc.xdc'
INFO: [BD 41-1029] Generation completed for the IP Integrator block axi_mem_intercon/m00_couplers/auto_pc .
WARNING: [IP_Flow 19-4994] Overwriting existing constraint file 'c:/code/RFC-8439-fpga-implementation/AES-Cam-on-PYNQ-Z2-main/AES-Cam-on-PYNQ-Z2-main/AES_SYS/AES_SYS.gen/sources_1/bd/AES_SYS/ip/AES_SYS_auto_us_0/AES_SYS_auto_us_0_ooc.xdc'
INFO: [IP_Flow 19-5611] Unable to find an associated reset port for the interface 'S_AXI'. A default connection has been created.
INFO: [IP_Flow 19-5611] Unable to find an associated reset port for the interface 'M_AXI'. A default connection has been created.
INFO: [BD 41-1029] Generation completed for the IP Integrator block axi_mem_intercon_1/s00_couplers/auto_us .
WARNING: [IP_Flow 19-4994] Overwriting existing constraint file 'c:/code/RFC-8439-fpga-implementation/AES-Cam-on-PYNQ-Z2-main/AES-Cam-on-PYNQ-Z2-main/AES_SYS/AES_SYS.gen/sources_1/bd/AES_SYS/ip/AES_SYS_auto_pc_13/AES_SYS_auto_pc_13_ooc.xdc'
INFO: [BD 41-1029] Generation completed for the IP Integrator block axi_mem_intercon_1/m00_couplers/auto_pc .
WARNING: [IP_Flow 19-4994] Overwriting existing constraint file 'c:/code/RFC-8439-fpga-implementation/AES-Cam-on-PYNQ-Z2-main/AES-Cam-on-PYNQ-Z2-main/AES_SYS/AES_SYS.gen/sources_1/bd/AES_SYS/ip/AES_SYS_auto_ds_0/AES_SYS_auto_ds_0_ooc.xdc'
INFO: [IP_Flow 19-5611] Unable to find an associated reset port for the interface 'S_AXI'. A default connection has been created.
INFO: [IP_Flow 19-5611] Unable to find an associated reset port for the interface 'M_AXI'. A default connection has been created.
INFO: [BD 41-1029] Generation completed for the IP Integrator block axi_mem_intercon_1/m01_couplers/auto_ds .
WARNING: [IP_Flow 19-4994] Overwriting existing constraint file 'c:/code/RFC-8439-fpga-implementation/AES-Cam-on-PYNQ-Z2-main/AES-Cam-on-PYNQ-Z2-main/AES_SYS/AES_SYS.gen/sources_1/bd/AES_SYS/ip/AES_SYS_auto_ds_1/AES_SYS_auto_ds_1_ooc.xdc'
INFO: [IP_Flow 19-5611] Unable to find an associated reset port for the interface 'S_AXI'. A default connection has been created.
INFO: [IP_Flow 19-5611] Unable to find an associated reset port for the interface 'M_AXI'. A default connection has been created.
INFO: [BD 41-1029] Generation completed for the IP Integrator block axi_mem_intercon_1/m02_couplers/auto_ds .
Exporting to file c:/code/RFC-8439-fpga-implementation/AES-Cam-on-PYNQ-Z2-main/AES-Cam-on-PYNQ-Z2-main/AES_SYS/AES_SYS.gen/sources_1/bd/AES_SYS/hw_handoff/AES_SYS.hwh
Generated Hardware Definition File c:/code/RFC-8439-fpga-implementation/AES-Cam-on-PYNQ-Z2-main/AES-Cam-on-PYNQ-Z2-main/AES_SYS/AES_SYS.gen/sources_1/bd/AES_SYS/synth/AES_SYS.hwdef
generate_target: Time (s): cpu = 00:00:46 ; elapsed = 00:00:47 . Memory (MB): peak = 5729.996 ; gain = 0.000
catch { config_ip_cache -export [get_ips -all AES_SYS_xbar_2] }
INFO: [IP_Flow 19-6924] IPCACHE: Running cache check for IP inst: AES_SYS_xbar_2
catch { config_ip_cache -export [get_ips -all AES_SYS_axi_bram_ctrl_0_0] }
INFO: [IP_Flow 19-6924] IPCACHE: Running cache check for IP inst: AES_SYS_axi_bram_ctrl_0_0
catch { config_ip_cache -export [get_ips -all AES_SYS_axi_bram_ctrl_0_bram_0] }
INFO: [IP_Flow 19-6924] IPCACHE: Running cache check for IP inst: AES_SYS_axi_bram_ctrl_0_bram_0
INFO: [IP_Flow 19-6922] IPCACHE: Exporting cached entry b536a3cdb20ed9e6 to dir: c:/code/RFC-8439-fpga-implementation/AES-Cam-on-PYNQ-Z2-main/AES-Cam-on-PYNQ-Z2-main/AES_SYS/AES_SYS.gen/sources_1/bd/AES_SYS/ip/AES_SYS_axi_bram_ctrl_0_bram_0
INFO: [IP_Flow 19-6928] IPCACHE: copied cached file c:/code/RFC-8439-fpga-implementation/AES-Cam-on-PYNQ-Z2-main/AES-Cam-on-PYNQ-Z2-main/AES_SYS/AES_SYS.cache/ip/2023.2/b/5/b536a3cdb20ed9e6/AES_SYS_axi_bram_ctrl_0_bram_0.dcp to c:/code/RFC-8439-fpga-implementation/AES-Cam-on-PYNQ-Z2-main/AES-Cam-on-PYNQ-Z2-main/AES_SYS/AES_SYS.gen/sources_1/bd/AES_SYS/ip/AES_SYS_axi_bram_ctrl_0_bram_0/AES_SYS_axi_bram_ctrl_0_bram_0.dcp.
INFO: [IP_Flow 19-6926] IPCACHE: added file to list for BOM: c:/code/RFC-8439-fpga-implementation/AES-Cam-on-PYNQ-Z2-main/AES-Cam-on-PYNQ-Z2-main/AES_SYS/AES_SYS.gen/sources_1/bd/AES_SYS/ip/AES_SYS_axi_bram_ctrl_0_bram_0/AES_SYS_axi_bram_ctrl_0_bram_0.dcp
INFO: [IP_Flow 19-6928] IPCACHE: copied cached file c:/code/RFC-8439-fpga-implementation/AES-Cam-on-PYNQ-Z2-main/AES-Cam-on-PYNQ-Z2-main/AES_SYS/AES_SYS.cache/ip/2023.2/b/5/b536a3cdb20ed9e6/AES_SYS_axi_bram_ctrl_0_bram_0_sim_netlist.v to c:/code/RFC-8439-fpga-implementation/AES-Cam-on-PYNQ-Z2-main/AES-Cam-on-PYNQ-Z2-main/AES_SYS/AES_SYS.gen/sources_1/bd/AES_SYS/ip/AES_SYS_axi_bram_ctrl_0_bram_0/AES_SYS_axi_bram_ctrl_0_bram_0_sim_netlist.v.
INFO: [IP_Flow 19-6926] IPCACHE: added file to list for BOM: c:/code/RFC-8439-fpga-implementation/AES-Cam-on-PYNQ-Z2-main/AES-Cam-on-PYNQ-Z2-main/AES_SYS/AES_SYS.gen/sources_1/bd/AES_SYS/ip/AES_SYS_axi_bram_ctrl_0_bram_0/AES_SYS_axi_bram_ctrl_0_bram_0_sim_netlist.v
INFO: [IP_Flow 19-6928] IPCACHE: copied cached file c:/code/RFC-8439-fpga-implementation/AES-Cam-on-PYNQ-Z2-main/AES-Cam-on-PYNQ-Z2-main/AES_SYS/AES_SYS.cache/ip/2023.2/b/5/b536a3cdb20ed9e6/AES_SYS_axi_bram_ctrl_0_bram_0_sim_netlist.vhdl to c:/code/RFC-8439-fpga-implementation/AES-Cam-on-PYNQ-Z2-main/AES-Cam-on-PYNQ-Z2-main/AES_SYS/AES_SYS.gen/sources_1/bd/AES_SYS/ip/AES_SYS_axi_bram_ctrl_0_bram_0/AES_SYS_axi_bram_ctrl_0_bram_0_sim_netlist.vhdl.
INFO: [IP_Flow 19-6926] IPCACHE: added file to list for BOM: c:/code/RFC-8439-fpga-implementation/AES-Cam-on-PYNQ-Z2-main/AES-Cam-on-PYNQ-Z2-main/AES_SYS/AES_SYS.gen/sources_1/bd/AES_SYS/ip/AES_SYS_axi_bram_ctrl_0_bram_0/AES_SYS_axi_bram_ctrl_0_bram_0_sim_netlist.vhdl
INFO: [IP_Flow 19-6928] IPCACHE: copied cached file c:/code/RFC-8439-fpga-implementation/AES-Cam-on-PYNQ-Z2-main/AES-Cam-on-PYNQ-Z2-main/AES_SYS/AES_SYS.cache/ip/2023.2/b/5/b536a3cdb20ed9e6/AES_SYS_axi_bram_ctrl_0_bram_0_stub.v to c:/code/RFC-8439-fpga-implementation/AES-Cam-on-PYNQ-Z2-main/AES-Cam-on-PYNQ-Z2-main/AES_SYS/AES_SYS.gen/sources_1/bd/AES_SYS/ip/AES_SYS_axi_bram_ctrl_0_bram_0/AES_SYS_axi_bram_ctrl_0_bram_0_stub.v.
INFO: [IP_Flow 19-6926] IPCACHE: added file to list for BOM: c:/code/RFC-8439-fpga-implementation/AES-Cam-on-PYNQ-Z2-main/AES-Cam-on-PYNQ-Z2-main/AES_SYS/AES_SYS.gen/sources_1/bd/AES_SYS/ip/AES_SYS_axi_bram_ctrl_0_bram_0/AES_SYS_axi_bram_ctrl_0_bram_0_stub.v
INFO: [IP_Flow 19-6928] IPCACHE: copied cached file c:/code/RFC-8439-fpga-implementation/AES-Cam-on-PYNQ-Z2-main/AES-Cam-on-PYNQ-Z2-main/AES_SYS/AES_SYS.cache/ip/2023.2/b/5/b536a3cdb20ed9e6/AES_SYS_axi_bram_ctrl_0_bram_0_stub.vhdl to c:/code/RFC-8439-fpga-implementation/AES-Cam-on-PYNQ-Z2-main/AES-Cam-on-PYNQ-Z2-main/AES_SYS/AES_SYS.gen/sources_1/bd/AES_SYS/ip/AES_SYS_axi_bram_ctrl_0_bram_0/AES_SYS_axi_bram_ctrl_0_bram_0_stub.vhdl.
INFO: [IP_Flow 19-6926] IPCACHE: added file to list for BOM: c:/code/RFC-8439-fpga-implementation/AES-Cam-on-PYNQ-Z2-main/AES-Cam-on-PYNQ-Z2-main/AES_SYS/AES_SYS.gen/sources_1/bd/AES_SYS/ip/AES_SYS_axi_bram_ctrl_0_bram_0/AES_SYS_axi_bram_ctrl_0_bram_0_stub.vhdl
INFO: [IP_Flow 19-4993] Using cached IP synthesis design for IP AES_SYS_axi_bram_ctrl_0_bram_0, cache-ID = b536a3cdb20ed9e6; cache size = 145.277 MB.
catch { [ delete_ip_run [get_ips -all AES_SYS_axi_bram_ctrl_0_bram_0] ] }
catch { config_ip_cache -export [get_ips -all AES_SYS_axi_bram_ctrl_0_bram_2] }
INFO: [IP_Flow 19-6924] IPCACHE: Running cache check for IP inst: AES_SYS_axi_bram_ctrl_0_bram_2
INFO: [IP_Flow 19-6922] IPCACHE: Exporting cached entry b536a3cdb20ed9e6 to dir: c:/code/RFC-8439-fpga-implementation/AES-Cam-on-PYNQ-Z2-main/AES-Cam-on-PYNQ-Z2-main/AES_SYS/AES_SYS.gen/sources_1/bd/AES_SYS/ip/AES_SYS_axi_bram_ctrl_0_bram_2
INFO: [IP_Flow 19-6928] IPCACHE: copied cached file c:/code/RFC-8439-fpga-implementation/AES-Cam-on-PYNQ-Z2-main/AES-Cam-on-PYNQ-Z2-main/AES_SYS/AES_SYS.cache/ip/2023.2/b/5/b536a3cdb20ed9e6/AES_SYS_axi_bram_ctrl_0_bram_0.dcp to c:/code/RFC-8439-fpga-implementation/AES-Cam-on-PYNQ-Z2-main/AES-Cam-on-PYNQ-Z2-main/AES_SYS/AES_SYS.gen/sources_1/bd/AES_SYS/ip/AES_SYS_axi_bram_ctrl_0_bram_2/AES_SYS_axi_bram_ctrl_0_bram_2.dcp.
INFO: [IP_Flow 19-6926] IPCACHE: added file to list for BOM: c:/code/RFC-8439-fpga-implementation/AES-Cam-on-PYNQ-Z2-main/AES-Cam-on-PYNQ-Z2-main/AES_SYS/AES_SYS.gen/sources_1/bd/AES_SYS/ip/AES_SYS_axi_bram_ctrl_0_bram_2/AES_SYS_axi_bram_ctrl_0_bram_2.dcp
INFO: [IP_Flow 19-6928] IPCACHE: copied cached file c:/code/RFC-8439-fpga-implementation/AES-Cam-on-PYNQ-Z2-main/AES-Cam-on-PYNQ-Z2-main/AES_SYS/AES_SYS.cache/ip/2023.2/b/5/b536a3cdb20ed9e6/AES_SYS_axi_bram_ctrl_0_bram_0_sim_netlist.v to c:/code/RFC-8439-fpga-implementation/AES-Cam-on-PYNQ-Z2-main/AES-Cam-on-PYNQ-Z2-main/AES_SYS/AES_SYS.gen/sources_1/bd/AES_SYS/ip/AES_SYS_axi_bram_ctrl_0_bram_2/AES_SYS_axi_bram_ctrl_0_bram_2_sim_netlist.v.
INFO: [IP_Flow 19-6926] IPCACHE: added file to list for BOM: c:/code/RFC-8439-fpga-implementation/AES-Cam-on-PYNQ-Z2-main/AES-Cam-on-PYNQ-Z2-main/AES_SYS/AES_SYS.gen/sources_1/bd/AES_SYS/ip/AES_SYS_axi_bram_ctrl_0_bram_2/AES_SYS_axi_bram_ctrl_0_bram_2_sim_netlist.v
INFO: [IP_Flow 19-6928] IPCACHE: copied cached file c:/code/RFC-8439-fpga-implementation/AES-Cam-on-PYNQ-Z2-main/AES-Cam-on-PYNQ-Z2-main/AES_SYS/AES_SYS.cache/ip/2023.2/b/5/b536a3cdb20ed9e6/AES_SYS_axi_bram_ctrl_0_bram_0_sim_netlist.vhdl to c:/code/RFC-8439-fpga-implementation/AES-Cam-on-PYNQ-Z2-main/AES-Cam-on-PYNQ-Z2-main/AES_SYS/AES_SYS.gen/sources_1/bd/AES_SYS/ip/AES_SYS_axi_bram_ctrl_0_bram_2/AES_SYS_axi_bram_ctrl_0_bram_2_sim_netlist.vhdl.
INFO: [IP_Flow 19-6926] IPCACHE: added file to list for BOM: c:/code/RFC-8439-fpga-implementation/AES-Cam-on-PYNQ-Z2-main/AES-Cam-on-PYNQ-Z2-main/AES_SYS/AES_SYS.gen/sources_1/bd/AES_SYS/ip/AES_SYS_axi_bram_ctrl_0_bram_2/AES_SYS_axi_bram_ctrl_0_bram_2_sim_netlist.vhdl
INFO: [IP_Flow 19-6928] IPCACHE: copied cached file c:/code/RFC-8439-fpga-implementation/AES-Cam-on-PYNQ-Z2-main/AES-Cam-on-PYNQ-Z2-main/AES_SYS/AES_SYS.cache/ip/2023.2/b/5/b536a3cdb20ed9e6/AES_SYS_axi_bram_ctrl_0_bram_0_stub.v to c:/code/RFC-8439-fpga-implementation/AES-Cam-on-PYNQ-Z2-main/AES-Cam-on-PYNQ-Z2-main/AES_SYS/AES_SYS.gen/sources_1/bd/AES_SYS/ip/AES_SYS_axi_bram_ctrl_0_bram_2/AES_SYS_axi_bram_ctrl_0_bram_2_stub.v.
INFO: [IP_Flow 19-6926] IPCACHE: added file to list for BOM: c:/code/RFC-8439-fpga-implementation/AES-Cam-on-PYNQ-Z2-main/AES-Cam-on-PYNQ-Z2-main/AES_SYS/AES_SYS.gen/sources_1/bd/AES_SYS/ip/AES_SYS_axi_bram_ctrl_0_bram_2/AES_SYS_axi_bram_ctrl_0_bram_2_stub.v
INFO: [IP_Flow 19-6928] IPCACHE: copied cached file c:/code/RFC-8439-fpga-implementation/AES-Cam-on-PYNQ-Z2-main/AES-Cam-on-PYNQ-Z2-main/AES_SYS/AES_SYS.cache/ip/2023.2/b/5/b536a3cdb20ed9e6/AES_SYS_axi_bram_ctrl_0_bram_0_stub.vhdl to c:/code/RFC-8439-fpga-implementation/AES-Cam-on-PYNQ-Z2-main/AES-Cam-on-PYNQ-Z2-main/AES_SYS/AES_SYS.gen/sources_1/bd/AES_SYS/ip/AES_SYS_axi_bram_ctrl_0_bram_2/AES_SYS_axi_bram_ctrl_0_bram_2_stub.vhdl.
INFO: [IP_Flow 19-6926] IPCACHE: added file to list for BOM: c:/code/RFC-8439-fpga-implementation/AES-Cam-on-PYNQ-Z2-main/AES-Cam-on-PYNQ-Z2-main/AES_SYS/AES_SYS.gen/sources_1/bd/AES_SYS/ip/AES_SYS_axi_bram_ctrl_0_bram_2/AES_SYS_axi_bram_ctrl_0_bram_2_stub.vhdl
INFO: [IP_Flow 19-4993] Using cached IP synthesis design for IP AES_SYS_axi_bram_ctrl_0_bram_2, cache-ID = b536a3cdb20ed9e6; cache size = 145.277 MB.
catch { [ delete_ip_run [get_ips -all AES_SYS_axi_bram_ctrl_0_bram_2] ] }
catch { config_ip_cache -export [get_ips -all AES_SYS_axi_bram_ctrl_0_2] }
INFO: [IP_Flow 19-6924] IPCACHE: Running cache check for IP inst: AES_SYS_axi_bram_ctrl_0_2
catch { config_ip_cache -export [get_ips -all AES_SYS_auto_pc_11] }
INFO: [IP_Flow 19-6924] IPCACHE: Running cache check for IP inst: AES_SYS_auto_pc_11
INFO: [IP_Flow 19-6922] IPCACHE: Exporting cached entry e640ebf91d268473 to dir: c:/code/RFC-8439-fpga-implementation/AES-Cam-on-PYNQ-Z2-main/AES-Cam-on-PYNQ-Z2-main/AES_SYS/AES_SYS.gen/sources_1/bd/AES_SYS/ip/AES_SYS_auto_pc_11
INFO: [IP_Flow 19-6928] IPCACHE: copied cached file c:/code/RFC-8439-fpga-implementation/AES-Cam-on-PYNQ-Z2-main/AES-Cam-on-PYNQ-Z2-main/AES_SYS/AES_SYS.cache/ip/2023.2/e/6/e640ebf91d268473/AES_SYS_auto_pc_11.dcp to c:/code/RFC-8439-fpga-implementation/AES-Cam-on-PYNQ-Z2-main/AES-Cam-on-PYNQ-Z2-main/AES_SYS/AES_SYS.gen/sources_1/bd/AES_SYS/ip/AES_SYS_auto_pc_11/AES_SYS_auto_pc_11.dcp.
INFO: [IP_Flow 19-6926] IPCACHE: added file to list for BOM: c:/code/RFC-8439-fpga-implementation/AES-Cam-on-PYNQ-Z2-main/AES-Cam-on-PYNQ-Z2-main/AES_SYS/AES_SYS.gen/sources_1/bd/AES_SYS/ip/AES_SYS_auto_pc_11/AES_SYS_auto_pc_11.dcp
INFO: [IP_Flow 19-6928] IPCACHE: copied cached file c:/code/RFC-8439-fpga-implementation/AES-Cam-on-PYNQ-Z2-main/AES-Cam-on-PYNQ-Z2-main/AES_SYS/AES_SYS.cache/ip/2023.2/e/6/e640ebf91d268473/AES_SYS_auto_pc_11_sim_netlist.v to c:/code/RFC-8439-fpga-implementation/AES-Cam-on-PYNQ-Z2-main/AES-Cam-on-PYNQ-Z2-main/AES_SYS/AES_SYS.gen/sources_1/bd/AES_SYS/ip/AES_SYS_auto_pc_11/AES_SYS_auto_pc_11_sim_netlist.v.
INFO: [IP_Flow 19-6926] IPCACHE: added file to list for BOM: c:/code/RFC-8439-fpga-implementation/AES-Cam-on-PYNQ-Z2-main/AES-Cam-on-PYNQ-Z2-main/AES_SYS/AES_SYS.gen/sources_1/bd/AES_SYS/ip/AES_SYS_auto_pc_11/AES_SYS_auto_pc_11_sim_netlist.v
INFO: [IP_Flow 19-6928] IPCACHE: copied cached file c:/code/RFC-8439-fpga-implementation/AES-Cam-on-PYNQ-Z2-main/AES-Cam-on-PYNQ-Z2-main/AES_SYS/AES_SYS.cache/ip/2023.2/e/6/e640ebf91d268473/AES_SYS_auto_pc_11_sim_netlist.vhdl to c:/code/RFC-8439-fpga-implementation/AES-Cam-on-PYNQ-Z2-main/AES-Cam-on-PYNQ-Z2-main/AES_SYS/AES_SYS.gen/sources_1/bd/AES_SYS/ip/AES_SYS_auto_pc_11/AES_SYS_auto_pc_11_sim_netlist.vhdl.
INFO: [IP_Flow 19-6926] IPCACHE: added file to list for BOM: c:/code/RFC-8439-fpga-implementation/AES-Cam-on-PYNQ-Z2-main/AES-Cam-on-PYNQ-Z2-main/AES_SYS/AES_SYS.gen/sources_1/bd/AES_SYS/ip/AES_SYS_auto_pc_11/AES_SYS_auto_pc_11_sim_netlist.vhdl
INFO: [IP_Flow 19-6928] IPCACHE: copied cached file c:/code/RFC-8439-fpga-implementation/AES-Cam-on-PYNQ-Z2-main/AES-Cam-on-PYNQ-Z2-main/AES_SYS/AES_SYS.cache/ip/2023.2/e/6/e640ebf91d268473/AES_SYS_auto_pc_11_stub.v to c:/code/RFC-8439-fpga-implementation/AES-Cam-on-PYNQ-Z2-main/AES-Cam-on-PYNQ-Z2-main/AES_SYS/AES_SYS.gen/sources_1/bd/AES_SYS/ip/AES_SYS_auto_pc_11/AES_SYS_auto_pc_11_stub.v.
INFO: [IP_Flow 19-6926] IPCACHE: added file to list for BOM: c:/code/RFC-8439-fpga-implementation/AES-Cam-on-PYNQ-Z2-main/AES-Cam-on-PYNQ-Z2-main/AES_SYS/AES_SYS.gen/sources_1/bd/AES_SYS/ip/AES_SYS_auto_pc_11/AES_SYS_auto_pc_11_stub.v
INFO: [IP_Flow 19-6928] IPCACHE: copied cached file c:/code/RFC-8439-fpga-implementation/AES-Cam-on-PYNQ-Z2-main/AES-Cam-on-PYNQ-Z2-main/AES_SYS/AES_SYS.cache/ip/2023.2/e/6/e640ebf91d268473/AES_SYS_auto_pc_11_stub.vhdl to c:/code/RFC-8439-fpga-implementation/AES-Cam-on-PYNQ-Z2-main/AES-Cam-on-PYNQ-Z2-main/AES_SYS/AES_SYS.gen/sources_1/bd/AES_SYS/ip/AES_SYS_auto_pc_11/AES_SYS_auto_pc_11_stub.vhdl.
INFO: [IP_Flow 19-6926] IPCACHE: added file to list for BOM: c:/code/RFC-8439-fpga-implementation/AES-Cam-on-PYNQ-Z2-main/AES-Cam-on-PYNQ-Z2-main/AES_SYS/AES_SYS.gen/sources_1/bd/AES_SYS/ip/AES_SYS_auto_pc_11/AES_SYS_auto_pc_11_stub.vhdl
INFO: [IP_Flow 19-4993] Using cached IP synthesis design for IP AES_SYS_auto_pc_11, cache-ID = e640ebf91d268473; cache size = 145.277 MB.
catch { config_ip_cache -export [get_ips -all AES_SYS_auto_pc_0] }
INFO: [IP_Flow 19-6924] IPCACHE: Running cache check for IP inst: AES_SYS_auto_pc_0
INFO: [IP_Flow 19-6922] IPCACHE: Exporting cached entry 3bc72d579e6ad5e4 to dir: c:/code/RFC-8439-fpga-implementation/AES-Cam-on-PYNQ-Z2-main/AES-Cam-on-PYNQ-Z2-main/AES_SYS/AES_SYS.gen/sources_1/bd/AES_SYS/ip/AES_SYS_auto_pc_0
INFO: [IP_Flow 19-6928] IPCACHE: copied cached file c:/code/RFC-8439-fpga-implementation/AES-Cam-on-PYNQ-Z2-main/AES-Cam-on-PYNQ-Z2-main/AES_SYS/AES_SYS.cache/ip/2023.2/3/b/3bc72d579e6ad5e4/AES_SYS_auto_pc_0.dcp to c:/code/RFC-8439-fpga-implementation/AES-Cam-on-PYNQ-Z2-main/AES-Cam-on-PYNQ-Z2-main/AES_SYS/AES_SYS.gen/sources_1/bd/AES_SYS/ip/AES_SYS_auto_pc_0/AES_SYS_auto_pc_0.dcp.
INFO: [IP_Flow 19-6926] IPCACHE: added file to list for BOM: c:/code/RFC-8439-fpga-implementation/AES-Cam-on-PYNQ-Z2-main/AES-Cam-on-PYNQ-Z2-main/AES_SYS/AES_SYS.gen/sources_1/bd/AES_SYS/ip/AES_SYS_auto_pc_0/AES_SYS_auto_pc_0.dcp
INFO: [IP_Flow 19-6928] IPCACHE: copied cached file c:/code/RFC-8439-fpga-implementation/AES-Cam-on-PYNQ-Z2-main/AES-Cam-on-PYNQ-Z2-main/AES_SYS/AES_SYS.cache/ip/2023.2/3/b/3bc72d579e6ad5e4/AES_SYS_auto_pc_0_sim_netlist.v to c:/code/RFC-8439-fpga-implementation/AES-Cam-on-PYNQ-Z2-main/AES-Cam-on-PYNQ-Z2-main/AES_SYS/AES_SYS.gen/sources_1/bd/AES_SYS/ip/AES_SYS_auto_pc_0/AES_SYS_auto_pc_0_sim_netlist.v.
INFO: [IP_Flow 19-6926] IPCACHE: added file to list for BOM: c:/code/RFC-8439-fpga-implementation/AES-Cam-on-PYNQ-Z2-main/AES-Cam-on-PYNQ-Z2-main/AES_SYS/AES_SYS.gen/sources_1/bd/AES_SYS/ip/AES_SYS_auto_pc_0/AES_SYS_auto_pc_0_sim_netlist.v
INFO: [IP_Flow 19-6928] IPCACHE: copied cached file c:/code/RFC-8439-fpga-implementation/AES-Cam-on-PYNQ-Z2-main/AES-Cam-on-PYNQ-Z2-main/AES_SYS/AES_SYS.cache/ip/2023.2/3/b/3bc72d579e6ad5e4/AES_SYS_auto_pc_0_sim_netlist.vhdl to c:/code/RFC-8439-fpga-implementation/AES-Cam-on-PYNQ-Z2-main/AES-Cam-on-PYNQ-Z2-main/AES_SYS/AES_SYS.gen/sources_1/bd/AES_SYS/ip/AES_SYS_auto_pc_0/AES_SYS_auto_pc_0_sim_netlist.vhdl.
INFO: [IP_Flow 19-6926] IPCACHE: added file to list for BOM: c:/code/RFC-8439-fpga-implementation/AES-Cam-on-PYNQ-Z2-main/AES-Cam-on-PYNQ-Z2-main/AES_SYS/AES_SYS.gen/sources_1/bd/AES_SYS/ip/AES_SYS_auto_pc_0/AES_SYS_auto_pc_0_sim_netlist.vhdl
INFO: [IP_Flow 19-6928] IPCACHE: copied cached file c:/code/RFC-8439-fpga-implementation/AES-Cam-on-PYNQ-Z2-main/AES-Cam-on-PYNQ-Z2-main/AES_SYS/AES_SYS.cache/ip/2023.2/3/b/3bc72d579e6ad5e4/AES_SYS_auto_pc_0_stub.v to c:/code/RFC-8439-fpga-implementation/AES-Cam-on-PYNQ-Z2-main/AES-Cam-on-PYNQ-Z2-main/AES_SYS/AES_SYS.gen/sources_1/bd/AES_SYS/ip/AES_SYS_auto_pc_0/AES_SYS_auto_pc_0_stub.v.
INFO: [IP_Flow 19-6926] IPCACHE: added file to list for BOM: c:/code/RFC-8439-fpga-implementation/AES-Cam-on-PYNQ-Z2-main/AES-Cam-on-PYNQ-Z2-main/AES_SYS/AES_SYS.gen/sources_1/bd/AES_SYS/ip/AES_SYS_auto_pc_0/AES_SYS_auto_pc_0_stub.v
INFO: [IP_Flow 19-6928] IPCACHE: copied cached file c:/code/RFC-8439-fpga-implementation/AES-Cam-on-PYNQ-Z2-main/AES-Cam-on-PYNQ-Z2-main/AES_SYS/AES_SYS.cache/ip/2023.2/3/b/3bc72d579e6ad5e4/AES_SYS_auto_pc_0_stub.vhdl to c:/code/RFC-8439-fpga-implementation/AES-Cam-on-PYNQ-Z2-main/AES-Cam-on-PYNQ-Z2-main/AES_SYS/AES_SYS.gen/sources_1/bd/AES_SYS/ip/AES_SYS_auto_pc_0/AES_SYS_auto_pc_0_stub.vhdl.
INFO: [IP_Flow 19-6926] IPCACHE: added file to list for BOM: c:/code/RFC-8439-fpga-implementation/AES-Cam-on-PYNQ-Z2-main/AES-Cam-on-PYNQ-Z2-main/AES_SYS/AES_SYS.gen/sources_1/bd/AES_SYS/ip/AES_SYS_auto_pc_0/AES_SYS_auto_pc_0_stub.vhdl
INFO: [IP_Flow 19-4993] Using cached IP synthesis design for IP AES_SYS_auto_pc_0, cache-ID = 3bc72d579e6ad5e4; cache size = 145.277 MB.
catch { config_ip_cache -export [get_ips -all AES_SYS_auto_pc_1] }
INFO: [IP_Flow 19-6924] IPCACHE: Running cache check for IP inst: AES_SYS_auto_pc_1
INFO: [IP_Flow 19-6922] IPCACHE: Exporting cached entry 3bc72d579e6ad5e4 to dir: c:/code/RFC-8439-fpga-implementation/AES-Cam-on-PYNQ-Z2-main/AES-Cam-on-PYNQ-Z2-main/AES_SYS/AES_SYS.gen/sources_1/bd/AES_SYS/ip/AES_SYS_auto_pc_1
INFO: [IP_Flow 19-6928] IPCACHE: copied cached file c:/code/RFC-8439-fpga-implementation/AES-Cam-on-PYNQ-Z2-main/AES-Cam-on-PYNQ-Z2-main/AES_SYS/AES_SYS.cache/ip/2023.2/3/b/3bc72d579e6ad5e4/AES_SYS_auto_pc_0.dcp to c:/code/RFC-8439-fpga-implementation/AES-Cam-on-PYNQ-Z2-main/AES-Cam-on-PYNQ-Z2-main/AES_SYS/AES_SYS.gen/sources_1/bd/AES_SYS/ip/AES_SYS_auto_pc_1/AES_SYS_auto_pc_1.dcp.
INFO: [IP_Flow 19-6926] IPCACHE: added file to list for BOM: c:/code/RFC-8439-fpga-implementation/AES-Cam-on-PYNQ-Z2-main/AES-Cam-on-PYNQ-Z2-main/AES_SYS/AES_SYS.gen/sources_1/bd/AES_SYS/ip/AES_SYS_auto_pc_1/AES_SYS_auto_pc_1.dcp
INFO: [IP_Flow 19-6928] IPCACHE: copied cached file c:/code/RFC-8439-fpga-implementation/AES-Cam-on-PYNQ-Z2-main/AES-Cam-on-PYNQ-Z2-main/AES_SYS/AES_SYS.cache/ip/2023.2/3/b/3bc72d579e6ad5e4/AES_SYS_auto_pc_0_sim_netlist.v to c:/code/RFC-8439-fpga-implementation/AES-Cam-on-PYNQ-Z2-main/AES-Cam-on-PYNQ-Z2-main/AES_SYS/AES_SYS.gen/sources_1/bd/AES_SYS/ip/AES_SYS_auto_pc_1/AES_SYS_auto_pc_1_sim_netlist.v.
INFO: [IP_Flow 19-6926] IPCACHE: added file to list for BOM: c:/code/RFC-8439-fpga-implementation/AES-Cam-on-PYNQ-Z2-main/AES-Cam-on-PYNQ-Z2-main/AES_SYS/AES_SYS.gen/sources_1/bd/AES_SYS/ip/AES_SYS_auto_pc_1/AES_SYS_auto_pc_1_sim_netlist.v
INFO: [IP_Flow 19-6928] IPCACHE: copied cached file c:/code/RFC-8439-fpga-implementation/AES-Cam-on-PYNQ-Z2-main/AES-Cam-on-PYNQ-Z2-main/AES_SYS/AES_SYS.cache/ip/2023.2/3/b/3bc72d579e6ad5e4/AES_SYS_auto_pc_0_sim_netlist.vhdl to c:/code/RFC-8439-fpga-implementation/AES-Cam-on-PYNQ-Z2-main/AES-Cam-on-PYNQ-Z2-main/AES_SYS/AES_SYS.gen/sources_1/bd/AES_SYS/ip/AES_SYS_auto_pc_1/AES_SYS_auto_pc_1_sim_netlist.vhdl.
INFO: [IP_Flow 19-6926] IPCACHE: added file to list for BOM: c:/code/RFC-8439-fpga-implementation/AES-Cam-on-PYNQ-Z2-main/AES-Cam-on-PYNQ-Z2-main/AES_SYS/AES_SYS.gen/sources_1/bd/AES_SYS/ip/AES_SYS_auto_pc_1/AES_SYS_auto_pc_1_sim_netlist.vhdl
INFO: [IP_Flow 19-6928] IPCACHE: copied cached file c:/code/RFC-8439-fpga-implementation/AES-Cam-on-PYNQ-Z2-main/AES-Cam-on-PYNQ-Z2-main/AES_SYS/AES_SYS.cache/ip/2023.2/3/b/3bc72d579e6ad5e4/AES_SYS_auto_pc_0_stub.v to c:/code/RFC-8439-fpga-implementation/AES-Cam-on-PYNQ-Z2-main/AES-Cam-on-PYNQ-Z2-main/AES_SYS/AES_SYS.gen/sources_1/bd/AES_SYS/ip/AES_SYS_auto_pc_1/AES_SYS_auto_pc_1_stub.v.
INFO: [IP_Flow 19-6926] IPCACHE: added file to list for BOM: c:/code/RFC-8439-fpga-implementation/AES-Cam-on-PYNQ-Z2-main/AES-Cam-on-PYNQ-Z2-main/AES_SYS/AES_SYS.gen/sources_1/bd/AES_SYS/ip/AES_SYS_auto_pc_1/AES_SYS_auto_pc_1_stub.v
INFO: [IP_Flow 19-6928] IPCACHE: copied cached file c:/code/RFC-8439-fpga-implementation/AES-Cam-on-PYNQ-Z2-main/AES-Cam-on-PYNQ-Z2-main/AES_SYS/AES_SYS.cache/ip/2023.2/3/b/3bc72d579e6ad5e4/AES_SYS_auto_pc_0_stub.vhdl to c:/code/RFC-8439-fpga-implementation/AES-Cam-on-PYNQ-Z2-main/AES-Cam-on-PYNQ-Z2-main/AES_SYS/AES_SYS.gen/sources_1/bd/AES_SYS/ip/AES_SYS_auto_pc_1/AES_SYS_auto_pc_1_stub.vhdl.
INFO: [IP_Flow 19-6926] IPCACHE: added file to list for BOM: c:/code/RFC-8439-fpga-implementation/AES-Cam-on-PYNQ-Z2-main/AES-Cam-on-PYNQ-Z2-main/AES_SYS/AES_SYS.gen/sources_1/bd/AES_SYS/ip/AES_SYS_auto_pc_1/AES_SYS_auto_pc_1_stub.vhdl
INFO: [IP_Flow 19-4993] Using cached IP synthesis design for IP AES_SYS_auto_pc_1, cache-ID = 3bc72d579e6ad5e4; cache size = 145.277 MB.
catch { config_ip_cache -export [get_ips -all AES_SYS_auto_pc_2] }
INFO: [IP_Flow 19-6924] IPCACHE: Running cache check for IP inst: AES_SYS_auto_pc_2
INFO: [IP_Flow 19-6922] IPCACHE: Exporting cached entry 3bc72d579e6ad5e4 to dir: c:/code/RFC-8439-fpga-implementation/AES-Cam-on-PYNQ-Z2-main/AES-Cam-on-PYNQ-Z2-main/AES_SYS/AES_SYS.gen/sources_1/bd/AES_SYS/ip/AES_SYS_auto_pc_2
INFO: [IP_Flow 19-6928] IPCACHE: copied cached file c:/code/RFC-8439-fpga-implementation/AES-Cam-on-PYNQ-Z2-main/AES-Cam-on-PYNQ-Z2-main/AES_SYS/AES_SYS.cache/ip/2023.2/3/b/3bc72d579e6ad5e4/AES_SYS_auto_pc_0.dcp to c:/code/RFC-8439-fpga-implementation/AES-Cam-on-PYNQ-Z2-main/AES-Cam-on-PYNQ-Z2-main/AES_SYS/AES_SYS.gen/sources_1/bd/AES_SYS/ip/AES_SYS_auto_pc_2/AES_SYS_auto_pc_2.dcp.
INFO: [IP_Flow 19-6926] IPCACHE: added file to list for BOM: c:/code/RFC-8439-fpga-implementation/AES-Cam-on-PYNQ-Z2-main/AES-Cam-on-PYNQ-Z2-main/AES_SYS/AES_SYS.gen/sources_1/bd/AES_SYS/ip/AES_SYS_auto_pc_2/AES_SYS_auto_pc_2.dcp
INFO: [IP_Flow 19-6928] IPCACHE: copied cached file c:/code/RFC-8439-fpga-implementation/AES-Cam-on-PYNQ-Z2-main/AES-Cam-on-PYNQ-Z2-main/AES_SYS/AES_SYS.cache/ip/2023.2/3/b/3bc72d579e6ad5e4/AES_SYS_auto_pc_0_sim_netlist.v to c:/code/RFC-8439-fpga-implementation/AES-Cam-on-PYNQ-Z2-main/AES-Cam-on-PYNQ-Z2-main/AES_SYS/AES_SYS.gen/sources_1/bd/AES_SYS/ip/AES_SYS_auto_pc_2/AES_SYS_auto_pc_2_sim_netlist.v.
INFO: [IP_Flow 19-6926] IPCACHE: added file to list for BOM: c:/code/RFC-8439-fpga-implementation/AES-Cam-on-PYNQ-Z2-main/AES-Cam-on-PYNQ-Z2-main/AES_SYS/AES_SYS.gen/sources_1/bd/AES_SYS/ip/AES_SYS_auto_pc_2/AES_SYS_auto_pc_2_sim_netlist.v
INFO: [IP_Flow 19-6928] IPCACHE: copied cached file c:/code/RFC-8439-fpga-implementation/AES-Cam-on-PYNQ-Z2-main/AES-Cam-on-PYNQ-Z2-main/AES_SYS/AES_SYS.cache/ip/2023.2/3/b/3bc72d579e6ad5e4/AES_SYS_auto_pc_0_sim_netlist.vhdl to c:/code/RFC-8439-fpga-implementation/AES-Cam-on-PYNQ-Z2-main/AES-Cam-on-PYNQ-Z2-main/AES_SYS/AES_SYS.gen/sources_1/bd/AES_SYS/ip/AES_SYS_auto_pc_2/AES_SYS_auto_pc_2_sim_netlist.vhdl.
INFO: [IP_Flow 19-6926] IPCACHE: added file to list for BOM: c:/code/RFC-8439-fpga-implementation/AES-Cam-on-PYNQ-Z2-main/AES-Cam-on-PYNQ-Z2-main/AES_SYS/AES_SYS.gen/sources_1/bd/AES_SYS/ip/AES_SYS_auto_pc_2/AES_SYS_auto_pc_2_sim_netlist.vhdl
INFO: [IP_Flow 19-6928] IPCACHE: copied cached file c:/code/RFC-8439-fpga-implementation/AES-Cam-on-PYNQ-Z2-main/AES-Cam-on-PYNQ-Z2-main/AES_SYS/AES_SYS.cache/ip/2023.2/3/b/3bc72d579e6ad5e4/AES_SYS_auto_pc_0_stub.v to c:/code/RFC-8439-fpga-implementation/AES-Cam-on-PYNQ-Z2-main/AES-Cam-on-PYNQ-Z2-main/AES_SYS/AES_SYS.gen/sources_1/bd/AES_SYS/ip/AES_SYS_auto_pc_2/AES_SYS_auto_pc_2_stub.v.
INFO: [IP_Flow 19-6926] IPCACHE: added file to list for BOM: c:/code/RFC-8439-fpga-implementation/AES-Cam-on-PYNQ-Z2-main/AES-Cam-on-PYNQ-Z2-main/AES_SYS/AES_SYS.gen/sources_1/bd/AES_SYS/ip/AES_SYS_auto_pc_2/AES_SYS_auto_pc_2_stub.v
INFO: [IP_Flow 19-6928] IPCACHE: copied cached file c:/code/RFC-8439-fpga-implementation/AES-Cam-on-PYNQ-Z2-main/AES-Cam-on-PYNQ-Z2-main/AES_SYS/AES_SYS.cache/ip/2023.2/3/b/3bc72d579e6ad5e4/AES_SYS_auto_pc_0_stub.vhdl to c:/code/RFC-8439-fpga-implementation/AES-Cam-on-PYNQ-Z2-main/AES-Cam-on-PYNQ-Z2-main/AES_SYS/AES_SYS.gen/sources_1/bd/AES_SYS/ip/AES_SYS_auto_pc_2/AES_SYS_auto_pc_2_stub.vhdl.
INFO: [IP_Flow 19-6926] IPCACHE: added file to list for BOM: c:/code/RFC-8439-fpga-implementation/AES-Cam-on-PYNQ-Z2-main/AES-Cam-on-PYNQ-Z2-main/AES_SYS/AES_SYS.gen/sources_1/bd/AES_SYS/ip/AES_SYS_auto_pc_2/AES_SYS_auto_pc_2_stub.vhdl
INFO: [IP_Flow 19-4993] Using cached IP synthesis design for IP AES_SYS_auto_pc_2, cache-ID = 3bc72d579e6ad5e4; cache size = 145.277 MB.
catch { config_ip_cache -export [get_ips -all AES_SYS_auto_pc_3] }
INFO: [IP_Flow 19-6924] IPCACHE: Running cache check for IP inst: AES_SYS_auto_pc_3
INFO: [IP_Flow 19-6922] IPCACHE: Exporting cached entry 3bc72d579e6ad5e4 to dir: c:/code/RFC-8439-fpga-implementation/AES-Cam-on-PYNQ-Z2-main/AES-Cam-on-PYNQ-Z2-main/AES_SYS/AES_SYS.gen/sources_1/bd/AES_SYS/ip/AES_SYS_auto_pc_3
INFO: [IP_Flow 19-6928] IPCACHE: copied cached file c:/code/RFC-8439-fpga-implementation/AES-Cam-on-PYNQ-Z2-main/AES-Cam-on-PYNQ-Z2-main/AES_SYS/AES_SYS.cache/ip/2023.2/3/b/3bc72d579e6ad5e4/AES_SYS_auto_pc_0.dcp to c:/code/RFC-8439-fpga-implementation/AES-Cam-on-PYNQ-Z2-main/AES-Cam-on-PYNQ-Z2-main/AES_SYS/AES_SYS.gen/sources_1/bd/AES_SYS/ip/AES_SYS_auto_pc_3/AES_SYS_auto_pc_3.dcp.
INFO: [IP_Flow 19-6926] IPCACHE: added file to list for BOM: c:/code/RFC-8439-fpga-implementation/AES-Cam-on-PYNQ-Z2-main/AES-Cam-on-PYNQ-Z2-main/AES_SYS/AES_SYS.gen/sources_1/bd/AES_SYS/ip/AES_SYS_auto_pc_3/AES_SYS_auto_pc_3.dcp
INFO: [IP_Flow 19-6928] IPCACHE: copied cached file c:/code/RFC-8439-fpga-implementation/AES-Cam-on-PYNQ-Z2-main/AES-Cam-on-PYNQ-Z2-main/AES_SYS/AES_SYS.cache/ip/2023.2/3/b/3bc72d579e6ad5e4/AES_SYS_auto_pc_0_sim_netlist.v to c:/code/RFC-8439-fpga-implementation/AES-Cam-on-PYNQ-Z2-main/AES-Cam-on-PYNQ-Z2-main/AES_SYS/AES_SYS.gen/sources_1/bd/AES_SYS/ip/AES_SYS_auto_pc_3/AES_SYS_auto_pc_3_sim_netlist.v.
INFO: [IP_Flow 19-6926] IPCACHE: added file to list for BOM: c:/code/RFC-8439-fpga-implementation/AES-Cam-on-PYNQ-Z2-main/AES-Cam-on-PYNQ-Z2-main/AES_SYS/AES_SYS.gen/sources_1/bd/AES_SYS/ip/AES_SYS_auto_pc_3/AES_SYS_auto_pc_3_sim_netlist.v
INFO: [IP_Flow 19-6928] IPCACHE: copied cached file c:/code/RFC-8439-fpga-implementation/AES-Cam-on-PYNQ-Z2-main/AES-Cam-on-PYNQ-Z2-main/AES_SYS/AES_SYS.cache/ip/2023.2/3/b/3bc72d579e6ad5e4/AES_SYS_auto_pc_0_sim_netlist.vhdl to c:/code/RFC-8439-fpga-implementation/AES-Cam-on-PYNQ-Z2-main/AES-Cam-on-PYNQ-Z2-main/AES_SYS/AES_SYS.gen/sources_1/bd/AES_SYS/ip/AES_SYS_auto_pc_3/AES_SYS_auto_pc_3_sim_netlist.vhdl.
INFO: [IP_Flow 19-6926] IPCACHE: added file to list for BOM: c:/code/RFC-8439-fpga-implementation/AES-Cam-on-PYNQ-Z2-main/AES-Cam-on-PYNQ-Z2-main/AES_SYS/AES_SYS.gen/sources_1/bd/AES_SYS/ip/AES_SYS_auto_pc_3/AES_SYS_auto_pc_3_sim_netlist.vhdl
INFO: [IP_Flow 19-6928] IPCACHE: copied cached file c:/code/RFC-8439-fpga-implementation/AES-Cam-on-PYNQ-Z2-main/AES-Cam-on-PYNQ-Z2-main/AES_SYS/AES_SYS.cache/ip/2023.2/3/b/3bc72d579e6ad5e4/AES_SYS_auto_pc_0_stub.v to c:/code/RFC-8439-fpga-implementation/AES-Cam-on-PYNQ-Z2-main/AES-Cam-on-PYNQ-Z2-main/AES_SYS/AES_SYS.gen/sources_1/bd/AES_SYS/ip/AES_SYS_auto_pc_3/AES_SYS_auto_pc_3_stub.v.
INFO: [IP_Flow 19-6926] IPCACHE: added file to list for BOM: c:/code/RFC-8439-fpga-implementation/AES-Cam-on-PYNQ-Z2-main/AES-Cam-on-PYNQ-Z2-main/AES_SYS/AES_SYS.gen/sources_1/bd/AES_SYS/ip/AES_SYS_auto_pc_3/AES_SYS_auto_pc_3_stub.v
INFO: [IP_Flow 19-6928] IPCACHE: copied cached file c:/code/RFC-8439-fpga-implementation/AES-Cam-on-PYNQ-Z2-main/AES-Cam-on-PYNQ-Z2-main/AES_SYS/AES_SYS.cache/ip/2023.2/3/b/3bc72d579e6ad5e4/AES_SYS_auto_pc_0_stub.vhdl to c:/code/RFC-8439-fpga-implementation/AES-Cam-on-PYNQ-Z2-main/AES-Cam-on-PYNQ-Z2-main/AES_SYS/AES_SYS.gen/sources_1/bd/AES_SYS/ip/AES_SYS_auto_pc_3/AES_SYS_auto_pc_3_stub.vhdl.
INFO: [IP_Flow 19-6926] IPCACHE: added file to list for BOM: c:/code/RFC-8439-fpga-implementation/AES-Cam-on-PYNQ-Z2-main/AES-Cam-on-PYNQ-Z2-main/AES_SYS/AES_SYS.gen/sources_1/bd/AES_SYS/ip/AES_SYS_auto_pc_3/AES_SYS_auto_pc_3_stub.vhdl
INFO: [IP_Flow 19-4993] Using cached IP synthesis design for IP AES_SYS_auto_pc_3, cache-ID = 3bc72d579e6ad5e4; cache size = 145.277 MB.
catch { config_ip_cache -export [get_ips -all AES_SYS_auto_pc_4] }
INFO: [IP_Flow 19-6924] IPCACHE: Running cache check for IP inst: AES_SYS_auto_pc_4
INFO: [IP_Flow 19-6922] IPCACHE: Exporting cached entry 3bc72d579e6ad5e4 to dir: c:/code/RFC-8439-fpga-implementation/AES-Cam-on-PYNQ-Z2-main/AES-Cam-on-PYNQ-Z2-main/AES_SYS/AES_SYS.gen/sources_1/bd/AES_SYS/ip/AES_SYS_auto_pc_4
INFO: [IP_Flow 19-6928] IPCACHE: copied cached file c:/code/RFC-8439-fpga-implementation/AES-Cam-on-PYNQ-Z2-main/AES-Cam-on-PYNQ-Z2-main/AES_SYS/AES_SYS.cache/ip/2023.2/3/b/3bc72d579e6ad5e4/AES_SYS_auto_pc_0.dcp to c:/code/RFC-8439-fpga-implementation/AES-Cam-on-PYNQ-Z2-main/AES-Cam-on-PYNQ-Z2-main/AES_SYS/AES_SYS.gen/sources_1/bd/AES_SYS/ip/AES_SYS_auto_pc_4/AES_SYS_auto_pc_4.dcp.
INFO: [IP_Flow 19-6926] IPCACHE: added file to list for BOM: c:/code/RFC-8439-fpga-implementation/AES-Cam-on-PYNQ-Z2-main/AES-Cam-on-PYNQ-Z2-main/AES_SYS/AES_SYS.gen/sources_1/bd/AES_SYS/ip/AES_SYS_auto_pc_4/AES_SYS_auto_pc_4.dcp
INFO: [IP_Flow 19-6928] IPCACHE: copied cached file c:/code/RFC-8439-fpga-implementation/AES-Cam-on-PYNQ-Z2-main/AES-Cam-on-PYNQ-Z2-main/AES_SYS/AES_SYS.cache/ip/2023.2/3/b/3bc72d579e6ad5e4/AES_SYS_auto_pc_0_sim_netlist.v to c:/code/RFC-8439-fpga-implementation/AES-Cam-on-PYNQ-Z2-main/AES-Cam-on-PYNQ-Z2-main/AES_SYS/AES_SYS.gen/sources_1/bd/AES_SYS/ip/AES_SYS_auto_pc_4/AES_SYS_auto_pc_4_sim_netlist.v.
INFO: [IP_Flow 19-6926] IPCACHE: added file to list for BOM: c:/code/RFC-8439-fpga-implementation/AES-Cam-on-PYNQ-Z2-main/AES-Cam-on-PYNQ-Z2-main/AES_SYS/AES_SYS.gen/sources_1/bd/AES_SYS/ip/AES_SYS_auto_pc_4/AES_SYS_auto_pc_4_sim_netlist.v
INFO: [IP_Flow 19-6928] IPCACHE: copied cached file c:/code/RFC-8439-fpga-implementation/AES-Cam-on-PYNQ-Z2-main/AES-Cam-on-PYNQ-Z2-main/AES_SYS/AES_SYS.cache/ip/2023.2/3/b/3bc72d579e6ad5e4/AES_SYS_auto_pc_0_sim_netlist.vhdl to c:/code/RFC-8439-fpga-implementation/AES-Cam-on-PYNQ-Z2-main/AES-Cam-on-PYNQ-Z2-main/AES_SYS/AES_SYS.gen/sources_1/bd/AES_SYS/ip/AES_SYS_auto_pc_4/AES_SYS_auto_pc_4_sim_netlist.vhdl.
INFO: [IP_Flow 19-6926] IPCACHE: added file to list for BOM: c:/code/RFC-8439-fpga-implementation/AES-Cam-on-PYNQ-Z2-main/AES-Cam-on-PYNQ-Z2-main/AES_SYS/AES_SYS.gen/sources_1/bd/AES_SYS/ip/AES_SYS_auto_pc_4/AES_SYS_auto_pc_4_sim_netlist.vhdl
INFO: [IP_Flow 19-6928] IPCACHE: copied cached file c:/code/RFC-8439-fpga-implementation/AES-Cam-on-PYNQ-Z2-main/AES-Cam-on-PYNQ-Z2-main/AES_SYS/AES_SYS.cache/ip/2023.2/3/b/3bc72d579e6ad5e4/AES_SYS_auto_pc_0_stub.v to c:/code/RFC-8439-fpga-implementation/AES-Cam-on-PYNQ-Z2-main/AES-Cam-on-PYNQ-Z2-main/AES_SYS/AES_SYS.gen/sources_1/bd/AES_SYS/ip/AES_SYS_auto_pc_4/AES_SYS_auto_pc_4_stub.v.
INFO: [IP_Flow 19-6926] IPCACHE: added file to list for BOM: c:/code/RFC-8439-fpga-implementation/AES-Cam-on-PYNQ-Z2-main/AES-Cam-on-PYNQ-Z2-main/AES_SYS/AES_SYS.gen/sources_1/bd/AES_SYS/ip/AES_SYS_auto_pc_4/AES_SYS_auto_pc_4_stub.v
INFO: [IP_Flow 19-6928] IPCACHE: copied cached file c:/code/RFC-8439-fpga-implementation/AES-Cam-on-PYNQ-Z2-main/AES-Cam-on-PYNQ-Z2-main/AES_SYS/AES_SYS.cache/ip/2023.2/3/b/3bc72d579e6ad5e4/AES_SYS_auto_pc_0_stub.vhdl to c:/code/RFC-8439-fpga-implementation/AES-Cam-on-PYNQ-Z2-main/AES-Cam-on-PYNQ-Z2-main/AES_SYS/AES_SYS.gen/sources_1/bd/AES_SYS/ip/AES_SYS_auto_pc_4/AES_SYS_auto_pc_4_stub.vhdl.
INFO: [IP_Flow 19-6926] IPCACHE: added file to list for BOM: c:/code/RFC-8439-fpga-implementation/AES-Cam-on-PYNQ-Z2-main/AES-Cam-on-PYNQ-Z2-main/AES_SYS/AES_SYS.gen/sources_1/bd/AES_SYS/ip/AES_SYS_auto_pc_4/AES_SYS_auto_pc_4_stub.vhdl
INFO: [IP_Flow 19-4993] Using cached IP synthesis design for IP AES_SYS_auto_pc_4, cache-ID = 3bc72d579e6ad5e4; cache size = 145.277 MB.
catch { config_ip_cache -export [get_ips -all AES_SYS_auto_pc_5] }
INFO: [IP_Flow 19-6924] IPCACHE: Running cache check for IP inst: AES_SYS_auto_pc_5
INFO: [IP_Flow 19-6922] IPCACHE: Exporting cached entry 3bc72d579e6ad5e4 to dir: c:/code/RFC-8439-fpga-implementation/AES-Cam-on-PYNQ-Z2-main/AES-Cam-on-PYNQ-Z2-main/AES_SYS/AES_SYS.gen/sources_1/bd/AES_SYS/ip/AES_SYS_auto_pc_5
INFO: [IP_Flow 19-6928] IPCACHE: copied cached file c:/code/RFC-8439-fpga-implementation/AES-Cam-on-PYNQ-Z2-main/AES-Cam-on-PYNQ-Z2-main/AES_SYS/AES_SYS.cache/ip/2023.2/3/b/3bc72d579e6ad5e4/AES_SYS_auto_pc_0.dcp to c:/code/RFC-8439-fpga-implementation/AES-Cam-on-PYNQ-Z2-main/AES-Cam-on-PYNQ-Z2-main/AES_SYS/AES_SYS.gen/sources_1/bd/AES_SYS/ip/AES_SYS_auto_pc_5/AES_SYS_auto_pc_5.dcp.
INFO: [IP_Flow 19-6926] IPCACHE: added file to list for BOM: c:/code/RFC-8439-fpga-implementation/AES-Cam-on-PYNQ-Z2-main/AES-Cam-on-PYNQ-Z2-main/AES_SYS/AES_SYS.gen/sources_1/bd/AES_SYS/ip/AES_SYS_auto_pc_5/AES_SYS_auto_pc_5.dcp
INFO: [IP_Flow 19-6928] IPCACHE: copied cached file c:/code/RFC-8439-fpga-implementation/AES-Cam-on-PYNQ-Z2-main/AES-Cam-on-PYNQ-Z2-main/AES_SYS/AES_SYS.cache/ip/2023.2/3/b/3bc72d579e6ad5e4/AES_SYS_auto_pc_0_sim_netlist.v to c:/code/RFC-8439-fpga-implementation/AES-Cam-on-PYNQ-Z2-main/AES-Cam-on-PYNQ-Z2-main/AES_SYS/AES_SYS.gen/sources_1/bd/AES_SYS/ip/AES_SYS_auto_pc_5/AES_SYS_auto_pc_5_sim_netlist.v.
INFO: [IP_Flow 19-6926] IPCACHE: added file to list for BOM: c:/code/RFC-8439-fpga-implementation/AES-Cam-on-PYNQ-Z2-main/AES-Cam-on-PYNQ-Z2-main/AES_SYS/AES_SYS.gen/sources_1/bd/AES_SYS/ip/AES_SYS_auto_pc_5/AES_SYS_auto_pc_5_sim_netlist.v
INFO: [IP_Flow 19-6928] IPCACHE: copied cached file c:/code/RFC-8439-fpga-implementation/AES-Cam-on-PYNQ-Z2-main/AES-Cam-on-PYNQ-Z2-main/AES_SYS/AES_SYS.cache/ip/2023.2/3/b/3bc72d579e6ad5e4/AES_SYS_auto_pc_0_sim_netlist.vhdl to c:/code/RFC-8439-fpga-implementation/AES-Cam-on-PYNQ-Z2-main/AES-Cam-on-PYNQ-Z2-main/AES_SYS/AES_SYS.gen/sources_1/bd/AES_SYS/ip/AES_SYS_auto_pc_5/AES_SYS_auto_pc_5_sim_netlist.vhdl.
INFO: [IP_Flow 19-6926] IPCACHE: added file to list for BOM: c:/code/RFC-8439-fpga-implementation/AES-Cam-on-PYNQ-Z2-main/AES-Cam-on-PYNQ-Z2-main/AES_SYS/AES_SYS.gen/sources_1/bd/AES_SYS/ip/AES_SYS_auto_pc_5/AES_SYS_auto_pc_5_sim_netlist.vhdl
INFO: [IP_Flow 19-6928] IPCACHE: copied cached file c:/code/RFC-8439-fpga-implementation/AES-Cam-on-PYNQ-Z2-main/AES-Cam-on-PYNQ-Z2-main/AES_SYS/AES_SYS.cache/ip/2023.2/3/b/3bc72d579e6ad5e4/AES_SYS_auto_pc_0_stub.v to c:/code/RFC-8439-fpga-implementation/AES-Cam-on-PYNQ-Z2-main/AES-Cam-on-PYNQ-Z2-main/AES_SYS/AES_SYS.gen/sources_1/bd/AES_SYS/ip/AES_SYS_auto_pc_5/AES_SYS_auto_pc_5_stub.v.
INFO: [IP_Flow 19-6926] IPCACHE: added file to list for BOM: c:/code/RFC-8439-fpga-implementation/AES-Cam-on-PYNQ-Z2-main/AES-Cam-on-PYNQ-Z2-main/AES_SYS/AES_SYS.gen/sources_1/bd/AES_SYS/ip/AES_SYS_auto_pc_5/AES_SYS_auto_pc_5_stub.v
INFO: [IP_Flow 19-6928] IPCACHE: copied cached file c:/code/RFC-8439-fpga-implementation/AES-Cam-on-PYNQ-Z2-main/AES-Cam-on-PYNQ-Z2-main/AES_SYS/AES_SYS.cache/ip/2023.2/3/b/3bc72d579e6ad5e4/AES_SYS_auto_pc_0_stub.vhdl to c:/code/RFC-8439-fpga-implementation/AES-Cam-on-PYNQ-Z2-main/AES-Cam-on-PYNQ-Z2-main/AES_SYS/AES_SYS.gen/sources_1/bd/AES_SYS/ip/AES_SYS_auto_pc_5/AES_SYS_auto_pc_5_stub.vhdl.
INFO: [IP_Flow 19-6926] IPCACHE: added file to list for BOM: c:/code/RFC-8439-fpga-implementation/AES-Cam-on-PYNQ-Z2-main/AES-Cam-on-PYNQ-Z2-main/AES_SYS/AES_SYS.gen/sources_1/bd/AES_SYS/ip/AES_SYS_auto_pc_5/AES_SYS_auto_pc_5_stub.vhdl
INFO: [IP_Flow 19-4993] Using cached IP synthesis design for IP AES_SYS_auto_pc_5, cache-ID = 3bc72d579e6ad5e4; cache size = 145.277 MB.
catch { config_ip_cache -export [get_ips -all AES_SYS_auto_pc_6] }
INFO: [IP_Flow 19-6924] IPCACHE: Running cache check for IP inst: AES_SYS_auto_pc_6
INFO: [IP_Flow 19-6922] IPCACHE: Exporting cached entry 3bc72d579e6ad5e4 to dir: c:/code/RFC-8439-fpga-implementation/AES-Cam-on-PYNQ-Z2-main/AES-Cam-on-PYNQ-Z2-main/AES_SYS/AES_SYS.gen/sources_1/bd/AES_SYS/ip/AES_SYS_auto_pc_6
INFO: [IP_Flow 19-6928] IPCACHE: copied cached file c:/code/RFC-8439-fpga-implementation/AES-Cam-on-PYNQ-Z2-main/AES-Cam-on-PYNQ-Z2-main/AES_SYS/AES_SYS.cache/ip/2023.2/3/b/3bc72d579e6ad5e4/AES_SYS_auto_pc_0.dcp to c:/code/RFC-8439-fpga-implementation/AES-Cam-on-PYNQ-Z2-main/AES-Cam-on-PYNQ-Z2-main/AES_SYS/AES_SYS.gen/sources_1/bd/AES_SYS/ip/AES_SYS_auto_pc_6/AES_SYS_auto_pc_6.dcp.
INFO: [IP_Flow 19-6926] IPCACHE: added file to list for BOM: c:/code/RFC-8439-fpga-implementation/AES-Cam-on-PYNQ-Z2-main/AES-Cam-on-PYNQ-Z2-main/AES_SYS/AES_SYS.gen/sources_1/bd/AES_SYS/ip/AES_SYS_auto_pc_6/AES_SYS_auto_pc_6.dcp
INFO: [IP_Flow 19-6928] IPCACHE: copied cached file c:/code/RFC-8439-fpga-implementation/AES-Cam-on-PYNQ-Z2-main/AES-Cam-on-PYNQ-Z2-main/AES_SYS/AES_SYS.cache/ip/2023.2/3/b/3bc72d579e6ad5e4/AES_SYS_auto_pc_0_sim_netlist.v to c:/code/RFC-8439-fpga-implementation/AES-Cam-on-PYNQ-Z2-main/AES-Cam-on-PYNQ-Z2-main/AES_SYS/AES_SYS.gen/sources_1/bd/AES_SYS/ip/AES_SYS_auto_pc_6/AES_SYS_auto_pc_6_sim_netlist.v.
INFO: [IP_Flow 19-6926] IPCACHE: added file to list for BOM: c:/code/RFC-8439-fpga-implementation/AES-Cam-on-PYNQ-Z2-main/AES-Cam-on-PYNQ-Z2-main/AES_SYS/AES_SYS.gen/sources_1/bd/AES_SYS/ip/AES_SYS_auto_pc_6/AES_SYS_auto_pc_6_sim_netlist.v
INFO: [IP_Flow 19-6928] IPCACHE: copied cached file c:/code/RFC-8439-fpga-implementation/AES-Cam-on-PYNQ-Z2-main/AES-Cam-on-PYNQ-Z2-main/AES_SYS/AES_SYS.cache/ip/2023.2/3/b/3bc72d579e6ad5e4/AES_SYS_auto_pc_0_sim_netlist.vhdl to c:/code/RFC-8439-fpga-implementation/AES-Cam-on-PYNQ-Z2-main/AES-Cam-on-PYNQ-Z2-main/AES_SYS/AES_SYS.gen/sources_1/bd/AES_SYS/ip/AES_SYS_auto_pc_6/AES_SYS_auto_pc_6_sim_netlist.vhdl.
INFO: [IP_Flow 19-6926] IPCACHE: added file to list for BOM: c:/code/RFC-8439-fpga-implementation/AES-Cam-on-PYNQ-Z2-main/AES-Cam-on-PYNQ-Z2-main/AES_SYS/AES_SYS.gen/sources_1/bd/AES_SYS/ip/AES_SYS_auto_pc_6/AES_SYS_auto_pc_6_sim_netlist.vhdl
INFO: [IP_Flow 19-6928] IPCACHE: copied cached file c:/code/RFC-8439-fpga-implementation/AES-Cam-on-PYNQ-Z2-main/AES-Cam-on-PYNQ-Z2-main/AES_SYS/AES_SYS.cache/ip/2023.2/3/b/3bc72d579e6ad5e4/AES_SYS_auto_pc_0_stub.v to c:/code/RFC-8439-fpga-implementation/AES-Cam-on-PYNQ-Z2-main/AES-Cam-on-PYNQ-Z2-main/AES_SYS/AES_SYS.gen/sources_1/bd/AES_SYS/ip/AES_SYS_auto_pc_6/AES_SYS_auto_pc_6_stub.v.
INFO: [IP_Flow 19-6926] IPCACHE: added file to list for BOM: c:/code/RFC-8439-fpga-implementation/AES-Cam-on-PYNQ-Z2-main/AES-Cam-on-PYNQ-Z2-main/AES_SYS/AES_SYS.gen/sources_1/bd/AES_SYS/ip/AES_SYS_auto_pc_6/AES_SYS_auto_pc_6_stub.v
INFO: [IP_Flow 19-6928] IPCACHE: copied cached file c:/code/RFC-8439-fpga-implementation/AES-Cam-on-PYNQ-Z2-main/AES-Cam-on-PYNQ-Z2-main/AES_SYS/AES_SYS.cache/ip/2023.2/3/b/3bc72d579e6ad5e4/AES_SYS_auto_pc_0_stub.vhdl to c:/code/RFC-8439-fpga-implementation/AES-Cam-on-PYNQ-Z2-main/AES-Cam-on-PYNQ-Z2-main/AES_SYS/AES_SYS.gen/sources_1/bd/AES_SYS/ip/AES_SYS_auto_pc_6/AES_SYS_auto_pc_6_stub.vhdl.
INFO: [IP_Flow 19-6926] IPCACHE: added file to list for BOM: c:/code/RFC-8439-fpga-implementation/AES-Cam-on-PYNQ-Z2-main/AES-Cam-on-PYNQ-Z2-main/AES_SYS/AES_SYS.gen/sources_1/bd/AES_SYS/ip/AES_SYS_auto_pc_6/AES_SYS_auto_pc_6_stub.vhdl
INFO: [IP_Flow 19-4993] Using cached IP synthesis design for IP AES_SYS_auto_pc_6, cache-ID = 3bc72d579e6ad5e4; cache size = 145.277 MB.
catch { config_ip_cache -export [get_ips -all AES_SYS_auto_pc_7] }
INFO: [IP_Flow 19-6924] IPCACHE: Running cache check for IP inst: AES_SYS_auto_pc_7
INFO: [IP_Flow 19-6922] IPCACHE: Exporting cached entry 3bc72d579e6ad5e4 to dir: c:/code/RFC-8439-fpga-implementation/AES-Cam-on-PYNQ-Z2-main/AES-Cam-on-PYNQ-Z2-main/AES_SYS/AES_SYS.gen/sources_1/bd/AES_SYS/ip/AES_SYS_auto_pc_7
INFO: [IP_Flow 19-6928] IPCACHE: copied cached file c:/code/RFC-8439-fpga-implementation/AES-Cam-on-PYNQ-Z2-main/AES-Cam-on-PYNQ-Z2-main/AES_SYS/AES_SYS.cache/ip/2023.2/3/b/3bc72d579e6ad5e4/AES_SYS_auto_pc_0.dcp to c:/code/RFC-8439-fpga-implementation/AES-Cam-on-PYNQ-Z2-main/AES-Cam-on-PYNQ-Z2-main/AES_SYS/AES_SYS.gen/sources_1/bd/AES_SYS/ip/AES_SYS_auto_pc_7/AES_SYS_auto_pc_7.dcp.
INFO: [IP_Flow 19-6926] IPCACHE: added file to list for BOM: c:/code/RFC-8439-fpga-implementation/AES-Cam-on-PYNQ-Z2-main/AES-Cam-on-PYNQ-Z2-main/AES_SYS/AES_SYS.gen/sources_1/bd/AES_SYS/ip/AES_SYS_auto_pc_7/AES_SYS_auto_pc_7.dcp
INFO: [IP_Flow 19-6928] IPCACHE: copied cached file c:/code/RFC-8439-fpga-implementation/AES-Cam-on-PYNQ-Z2-main/AES-Cam-on-PYNQ-Z2-main/AES_SYS/AES_SYS.cache/ip/2023.2/3/b/3bc72d579e6ad5e4/AES_SYS_auto_pc_0_sim_netlist.v to c:/code/RFC-8439-fpga-implementation/AES-Cam-on-PYNQ-Z2-main/AES-Cam-on-PYNQ-Z2-main/AES_SYS/AES_SYS.gen/sources_1/bd/AES_SYS/ip/AES_SYS_auto_pc_7/AES_SYS_auto_pc_7_sim_netlist.v.
INFO: [IP_Flow 19-6926] IPCACHE: added file to list for BOM: c:/code/RFC-8439-fpga-implementation/AES-Cam-on-PYNQ-Z2-main/AES-Cam-on-PYNQ-Z2-main/AES_SYS/AES_SYS.gen/sources_1/bd/AES_SYS/ip/AES_SYS_auto_pc_7/AES_SYS_auto_pc_7_sim_netlist.v
INFO: [IP_Flow 19-6928] IPCACHE: copied cached file c:/code/RFC-8439-fpga-implementation/AES-Cam-on-PYNQ-Z2-main/AES-Cam-on-PYNQ-Z2-main/AES_SYS/AES_SYS.cache/ip/2023.2/3/b/3bc72d579e6ad5e4/AES_SYS_auto_pc_0_sim_netlist.vhdl to c:/code/RFC-8439-fpga-implementation/AES-Cam-on-PYNQ-Z2-main/AES-Cam-on-PYNQ-Z2-main/AES_SYS/AES_SYS.gen/sources_1/bd/AES_SYS/ip/AES_SYS_auto_pc_7/AES_SYS_auto_pc_7_sim_netlist.vhdl.
INFO: [IP_Flow 19-6926] IPCACHE: added file to list for BOM: c:/code/RFC-8439-fpga-implementation/AES-Cam-on-PYNQ-Z2-main/AES-Cam-on-PYNQ-Z2-main/AES_SYS/AES_SYS.gen/sources_1/bd/AES_SYS/ip/AES_SYS_auto_pc_7/AES_SYS_auto_pc_7_sim_netlist.vhdl
INFO: [IP_Flow 19-6928] IPCACHE: copied cached file c:/code/RFC-8439-fpga-implementation/AES-Cam-on-PYNQ-Z2-main/AES-Cam-on-PYNQ-Z2-main/AES_SYS/AES_SYS.cache/ip/2023.2/3/b/3bc72d579e6ad5e4/AES_SYS_auto_pc_0_stub.v to c:/code/RFC-8439-fpga-implementation/AES-Cam-on-PYNQ-Z2-main/AES-Cam-on-PYNQ-Z2-main/AES_SYS/AES_SYS.gen/sources_1/bd/AES_SYS/ip/AES_SYS_auto_pc_7/AES_SYS_auto_pc_7_stub.v.
INFO: [IP_Flow 19-6926] IPCACHE: added file to list for BOM: c:/code/RFC-8439-fpga-implementation/AES-Cam-on-PYNQ-Z2-main/AES-Cam-on-PYNQ-Z2-main/AES_SYS/AES_SYS.gen/sources_1/bd/AES_SYS/ip/AES_SYS_auto_pc_7/AES_SYS_auto_pc_7_stub.v
INFO: [IP_Flow 19-6928] IPCACHE: copied cached file c:/code/RFC-8439-fpga-implementation/AES-Cam-on-PYNQ-Z2-main/AES-Cam-on-PYNQ-Z2-main/AES_SYS/AES_SYS.cache/ip/2023.2/3/b/3bc72d579e6ad5e4/AES_SYS_auto_pc_0_stub.vhdl to c:/code/RFC-8439-fpga-implementation/AES-Cam-on-PYNQ-Z2-main/AES-Cam-on-PYNQ-Z2-main/AES_SYS/AES_SYS.gen/sources_1/bd/AES_SYS/ip/AES_SYS_auto_pc_7/AES_SYS_auto_pc_7_stub.vhdl.
INFO: [IP_Flow 19-6926] IPCACHE: added file to list for BOM: c:/code/RFC-8439-fpga-implementation/AES-Cam-on-PYNQ-Z2-main/AES-Cam-on-PYNQ-Z2-main/AES_SYS/AES_SYS.gen/sources_1/bd/AES_SYS/ip/AES_SYS_auto_pc_7/AES_SYS_auto_pc_7_stub.vhdl
INFO: [IP_Flow 19-4993] Using cached IP synthesis design for IP AES_SYS_auto_pc_7, cache-ID = 3bc72d579e6ad5e4; cache size = 145.277 MB.
catch { config_ip_cache -export [get_ips -all AES_SYS_auto_pc_8] }
INFO: [IP_Flow 19-6924] IPCACHE: Running cache check for IP inst: AES_SYS_auto_pc_8
INFO: [IP_Flow 19-6922] IPCACHE: Exporting cached entry 3bc72d579e6ad5e4 to dir: c:/code/RFC-8439-fpga-implementation/AES-Cam-on-PYNQ-Z2-main/AES-Cam-on-PYNQ-Z2-main/AES_SYS/AES_SYS.gen/sources_1/bd/AES_SYS/ip/AES_SYS_auto_pc_8
INFO: [IP_Flow 19-6928] IPCACHE: copied cached file c:/code/RFC-8439-fpga-implementation/AES-Cam-on-PYNQ-Z2-main/AES-Cam-on-PYNQ-Z2-main/AES_SYS/AES_SYS.cache/ip/2023.2/3/b/3bc72d579e6ad5e4/AES_SYS_auto_pc_0.dcp to c:/code/RFC-8439-fpga-implementation/AES-Cam-on-PYNQ-Z2-main/AES-Cam-on-PYNQ-Z2-main/AES_SYS/AES_SYS.gen/sources_1/bd/AES_SYS/ip/AES_SYS_auto_pc_8/AES_SYS_auto_pc_8.dcp.
INFO: [IP_Flow 19-6926] IPCACHE: added file to list for BOM: c:/code/RFC-8439-fpga-implementation/AES-Cam-on-PYNQ-Z2-main/AES-Cam-on-PYNQ-Z2-main/AES_SYS/AES_SYS.gen/sources_1/bd/AES_SYS/ip/AES_SYS_auto_pc_8/AES_SYS_auto_pc_8.dcp
INFO: [IP_Flow 19-6928] IPCACHE: copied cached file c:/code/RFC-8439-fpga-implementation/AES-Cam-on-PYNQ-Z2-main/AES-Cam-on-PYNQ-Z2-main/AES_SYS/AES_SYS.cache/ip/2023.2/3/b/3bc72d579e6ad5e4/AES_SYS_auto_pc_0_sim_netlist.v to c:/code/RFC-8439-fpga-implementation/AES-Cam-on-PYNQ-Z2-main/AES-Cam-on-PYNQ-Z2-main/AES_SYS/AES_SYS.gen/sources_1/bd/AES_SYS/ip/AES_SYS_auto_pc_8/AES_SYS_auto_pc_8_sim_netlist.v.
INFO: [IP_Flow 19-6926] IPCACHE: added file to list for BOM: c:/code/RFC-8439-fpga-implementation/AES-Cam-on-PYNQ-Z2-main/AES-Cam-on-PYNQ-Z2-main/AES_SYS/AES_SYS.gen/sources_1/bd/AES_SYS/ip/AES_SYS_auto_pc_8/AES_SYS_auto_pc_8_sim_netlist.v
INFO: [IP_Flow 19-6928] IPCACHE: copied cached file c:/code/RFC-8439-fpga-implementation/AES-Cam-on-PYNQ-Z2-main/AES-Cam-on-PYNQ-Z2-main/AES_SYS/AES_SYS.cache/ip/2023.2/3/b/3bc72d579e6ad5e4/AES_SYS_auto_pc_0_sim_netlist.vhdl to c:/code/RFC-8439-fpga-implementation/AES-Cam-on-PYNQ-Z2-main/AES-Cam-on-PYNQ-Z2-main/AES_SYS/AES_SYS.gen/sources_1/bd/AES_SYS/ip/AES_SYS_auto_pc_8/AES_SYS_auto_pc_8_sim_netlist.vhdl.
INFO: [IP_Flow 19-6926] IPCACHE: added file to list for BOM: c:/code/RFC-8439-fpga-implementation/AES-Cam-on-PYNQ-Z2-main/AES-Cam-on-PYNQ-Z2-main/AES_SYS/AES_SYS.gen/sources_1/bd/AES_SYS/ip/AES_SYS_auto_pc_8/AES_SYS_auto_pc_8_sim_netlist.vhdl
INFO: [IP_Flow 19-6928] IPCACHE: copied cached file c:/code/RFC-8439-fpga-implementation/AES-Cam-on-PYNQ-Z2-main/AES-Cam-on-PYNQ-Z2-main/AES_SYS/AES_SYS.cache/ip/2023.2/3/b/3bc72d579e6ad5e4/AES_SYS_auto_pc_0_stub.v to c:/code/RFC-8439-fpga-implementation/AES-Cam-on-PYNQ-Z2-main/AES-Cam-on-PYNQ-Z2-main/AES_SYS/AES_SYS.gen/sources_1/bd/AES_SYS/ip/AES_SYS_auto_pc_8/AES_SYS_auto_pc_8_stub.v.
INFO: [IP_Flow 19-6926] IPCACHE: added file to list for BOM: c:/code/RFC-8439-fpga-implementation/AES-Cam-on-PYNQ-Z2-main/AES-Cam-on-PYNQ-Z2-main/AES_SYS/AES_SYS.gen/sources_1/bd/AES_SYS/ip/AES_SYS_auto_pc_8/AES_SYS_auto_pc_8_stub.v
INFO: [IP_Flow 19-6928] IPCACHE: copied cached file c:/code/RFC-8439-fpga-implementation/AES-Cam-on-PYNQ-Z2-main/AES-Cam-on-PYNQ-Z2-main/AES_SYS/AES_SYS.cache/ip/2023.2/3/b/3bc72d579e6ad5e4/AES_SYS_auto_pc_0_stub.vhdl to c:/code/RFC-8439-fpga-implementation/AES-Cam-on-PYNQ-Z2-main/AES-Cam-on-PYNQ-Z2-main/AES_SYS/AES_SYS.gen/sources_1/bd/AES_SYS/ip/AES_SYS_auto_pc_8/AES_SYS_auto_pc_8_stub.vhdl.
INFO: [IP_Flow 19-6926] IPCACHE: added file to list for BOM: c:/code/RFC-8439-fpga-implementation/AES-Cam-on-PYNQ-Z2-main/AES-Cam-on-PYNQ-Z2-main/AES_SYS/AES_SYS.gen/sources_1/bd/AES_SYS/ip/AES_SYS_auto_pc_8/AES_SYS_auto_pc_8_stub.vhdl
INFO: [IP_Flow 19-4993] Using cached IP synthesis design for IP AES_SYS_auto_pc_8, cache-ID = 3bc72d579e6ad5e4; cache size = 145.277 MB.
catch { config_ip_cache -export [get_ips -all AES_SYS_auto_pc_9] }
INFO: [IP_Flow 19-6924] IPCACHE: Running cache check for IP inst: AES_SYS_auto_pc_9
INFO: [IP_Flow 19-6922] IPCACHE: Exporting cached entry 3bc72d579e6ad5e4 to dir: c:/code/RFC-8439-fpga-implementation/AES-Cam-on-PYNQ-Z2-main/AES-Cam-on-PYNQ-Z2-main/AES_SYS/AES_SYS.gen/sources_1/bd/AES_SYS/ip/AES_SYS_auto_pc_9
INFO: [IP_Flow 19-6928] IPCACHE: copied cached file c:/code/RFC-8439-fpga-implementation/AES-Cam-on-PYNQ-Z2-main/AES-Cam-on-PYNQ-Z2-main/AES_SYS/AES_SYS.cache/ip/2023.2/3/b/3bc72d579e6ad5e4/AES_SYS_auto_pc_0.dcp to c:/code/RFC-8439-fpga-implementation/AES-Cam-on-PYNQ-Z2-main/AES-Cam-on-PYNQ-Z2-main/AES_SYS/AES_SYS.gen/sources_1/bd/AES_SYS/ip/AES_SYS_auto_pc_9/AES_SYS_auto_pc_9.dcp.
INFO: [IP_Flow 19-6926] IPCACHE: added file to list for BOM: c:/code/RFC-8439-fpga-implementation/AES-Cam-on-PYNQ-Z2-main/AES-Cam-on-PYNQ-Z2-main/AES_SYS/AES_SYS.gen/sources_1/bd/AES_SYS/ip/AES_SYS_auto_pc_9/AES_SYS_auto_pc_9.dcp
INFO: [IP_Flow 19-6928] IPCACHE: copied cached file c:/code/RFC-8439-fpga-implementation/AES-Cam-on-PYNQ-Z2-main/AES-Cam-on-PYNQ-Z2-main/AES_SYS/AES_SYS.cache/ip/2023.2/3/b/3bc72d579e6ad5e4/AES_SYS_auto_pc_0_sim_netlist.v to c:/code/RFC-8439-fpga-implementation/AES-Cam-on-PYNQ-Z2-main/AES-Cam-on-PYNQ-Z2-main/AES_SYS/AES_SYS.gen/sources_1/bd/AES_SYS/ip/AES_SYS_auto_pc_9/AES_SYS_auto_pc_9_sim_netlist.v.
INFO: [IP_Flow 19-6926] IPCACHE: added file to list for BOM: c:/code/RFC-8439-fpga-implementation/AES-Cam-on-PYNQ-Z2-main/AES-Cam-on-PYNQ-Z2-main/AES_SYS/AES_SYS.gen/sources_1/bd/AES_SYS/ip/AES_SYS_auto_pc_9/AES_SYS_auto_pc_9_sim_netlist.v
INFO: [IP_Flow 19-6928] IPCACHE: copied cached file c:/code/RFC-8439-fpga-implementation/AES-Cam-on-PYNQ-Z2-main/AES-Cam-on-PYNQ-Z2-main/AES_SYS/AES_SYS.cache/ip/2023.2/3/b/3bc72d579e6ad5e4/AES_SYS_auto_pc_0_sim_netlist.vhdl to c:/code/RFC-8439-fpga-implementation/AES-Cam-on-PYNQ-Z2-main/AES-Cam-on-PYNQ-Z2-main/AES_SYS/AES_SYS.gen/sources_1/bd/AES_SYS/ip/AES_SYS_auto_pc_9/AES_SYS_auto_pc_9_sim_netlist.vhdl.
INFO: [IP_Flow 19-6926] IPCACHE: added file to list for BOM: c:/code/RFC-8439-fpga-implementation/AES-Cam-on-PYNQ-Z2-main/AES-Cam-on-PYNQ-Z2-main/AES_SYS/AES_SYS.gen/sources_1/bd/AES_SYS/ip/AES_SYS_auto_pc_9/AES_SYS_auto_pc_9_sim_netlist.vhdl
INFO: [IP_Flow 19-6928] IPCACHE: copied cached file c:/code/RFC-8439-fpga-implementation/AES-Cam-on-PYNQ-Z2-main/AES-Cam-on-PYNQ-Z2-main/AES_SYS/AES_SYS.cache/ip/2023.2/3/b/3bc72d579e6ad5e4/AES_SYS_auto_pc_0_stub.v to c:/code/RFC-8439-fpga-implementation/AES-Cam-on-PYNQ-Z2-main/AES-Cam-on-PYNQ-Z2-main/AES_SYS/AES_SYS.gen/sources_1/bd/AES_SYS/ip/AES_SYS_auto_pc_9/AES_SYS_auto_pc_9_stub.v.
INFO: [IP_Flow 19-6926] IPCACHE: added file to list for BOM: c:/code/RFC-8439-fpga-implementation/AES-Cam-on-PYNQ-Z2-main/AES-Cam-on-PYNQ-Z2-main/AES_SYS/AES_SYS.gen/sources_1/bd/AES_SYS/ip/AES_SYS_auto_pc_9/AES_SYS_auto_pc_9_stub.v
INFO: [IP_Flow 19-6928] IPCACHE: copied cached file c:/code/RFC-8439-fpga-implementation/AES-Cam-on-PYNQ-Z2-main/AES-Cam-on-PYNQ-Z2-main/AES_SYS/AES_SYS.cache/ip/2023.2/3/b/3bc72d579e6ad5e4/AES_SYS_auto_pc_0_stub.vhdl to c:/code/RFC-8439-fpga-implementation/AES-Cam-on-PYNQ-Z2-main/AES-Cam-on-PYNQ-Z2-main/AES_SYS/AES_SYS.gen/sources_1/bd/AES_SYS/ip/AES_SYS_auto_pc_9/AES_SYS_auto_pc_9_stub.vhdl.
INFO: [IP_Flow 19-6926] IPCACHE: added file to list for BOM: c:/code/RFC-8439-fpga-implementation/AES-Cam-on-PYNQ-Z2-main/AES-Cam-on-PYNQ-Z2-main/AES_SYS/AES_SYS.gen/sources_1/bd/AES_SYS/ip/AES_SYS_auto_pc_9/AES_SYS_auto_pc_9_stub.vhdl
INFO: [IP_Flow 19-4993] Using cached IP synthesis design for IP AES_SYS_auto_pc_9, cache-ID = 3bc72d579e6ad5e4; cache size = 145.277 MB.
catch { config_ip_cache -export [get_ips -all AES_SYS_auto_pc_10] }
INFO: [IP_Flow 19-6924] IPCACHE: Running cache check for IP inst: AES_SYS_auto_pc_10
INFO: [IP_Flow 19-6922] IPCACHE: Exporting cached entry 3bc72d579e6ad5e4 to dir: c:/code/RFC-8439-fpga-implementation/AES-Cam-on-PYNQ-Z2-main/AES-Cam-on-PYNQ-Z2-main/AES_SYS/AES_SYS.gen/sources_1/bd/AES_SYS/ip/AES_SYS_auto_pc_10
INFO: [IP_Flow 19-6928] IPCACHE: copied cached file c:/code/RFC-8439-fpga-implementation/AES-Cam-on-PYNQ-Z2-main/AES-Cam-on-PYNQ-Z2-main/AES_SYS/AES_SYS.cache/ip/2023.2/3/b/3bc72d579e6ad5e4/AES_SYS_auto_pc_0.dcp to c:/code/RFC-8439-fpga-implementation/AES-Cam-on-PYNQ-Z2-main/AES-Cam-on-PYNQ-Z2-main/AES_SYS/AES_SYS.gen/sources_1/bd/AES_SYS/ip/AES_SYS_auto_pc_10/AES_SYS_auto_pc_10.dcp.
INFO: [IP_Flow 19-6926] IPCACHE: added file to list for BOM: c:/code/RFC-8439-fpga-implementation/AES-Cam-on-PYNQ-Z2-main/AES-Cam-on-PYNQ-Z2-main/AES_SYS/AES_SYS.gen/sources_1/bd/AES_SYS/ip/AES_SYS_auto_pc_10/AES_SYS_auto_pc_10.dcp
INFO: [IP_Flow 19-6928] IPCACHE: copied cached file c:/code/RFC-8439-fpga-implementation/AES-Cam-on-PYNQ-Z2-main/AES-Cam-on-PYNQ-Z2-main/AES_SYS/AES_SYS.cache/ip/2023.2/3/b/3bc72d579e6ad5e4/AES_SYS_auto_pc_0_sim_netlist.v to c:/code/RFC-8439-fpga-implementation/AES-Cam-on-PYNQ-Z2-main/AES-Cam-on-PYNQ-Z2-main/AES_SYS/AES_SYS.gen/sources_1/bd/AES_SYS/ip/AES_SYS_auto_pc_10/AES_SYS_auto_pc_10_sim_netlist.v.
INFO: [IP_Flow 19-6926] IPCACHE: added file to list for BOM: c:/code/RFC-8439-fpga-implementation/AES-Cam-on-PYNQ-Z2-main/AES-Cam-on-PYNQ-Z2-main/AES_SYS/AES_SYS.gen/sources_1/bd/AES_SYS/ip/AES_SYS_auto_pc_10/AES_SYS_auto_pc_10_sim_netlist.v
INFO: [IP_Flow 19-6928] IPCACHE: copied cached file c:/code/RFC-8439-fpga-implementation/AES-Cam-on-PYNQ-Z2-main/AES-Cam-on-PYNQ-Z2-main/AES_SYS/AES_SYS.cache/ip/2023.2/3/b/3bc72d579e6ad5e4/AES_SYS_auto_pc_0_sim_netlist.vhdl to c:/code/RFC-8439-fpga-implementation/AES-Cam-on-PYNQ-Z2-main/AES-Cam-on-PYNQ-Z2-main/AES_SYS/AES_SYS.gen/sources_1/bd/AES_SYS/ip/AES_SYS_auto_pc_10/AES_SYS_auto_pc_10_sim_netlist.vhdl.
INFO: [IP_Flow 19-6926] IPCACHE: added file to list for BOM: c:/code/RFC-8439-fpga-implementation/AES-Cam-on-PYNQ-Z2-main/AES-Cam-on-PYNQ-Z2-main/AES_SYS/AES_SYS.gen/sources_1/bd/AES_SYS/ip/AES_SYS_auto_pc_10/AES_SYS_auto_pc_10_sim_netlist.vhdl
INFO: [IP_Flow 19-6928] IPCACHE: copied cached file c:/code/RFC-8439-fpga-implementation/AES-Cam-on-PYNQ-Z2-main/AES-Cam-on-PYNQ-Z2-main/AES_SYS/AES_SYS.cache/ip/2023.2/3/b/3bc72d579e6ad5e4/AES_SYS_auto_pc_0_stub.v to c:/code/RFC-8439-fpga-implementation/AES-Cam-on-PYNQ-Z2-main/AES-Cam-on-PYNQ-Z2-main/AES_SYS/AES_SYS.gen/sources_1/bd/AES_SYS/ip/AES_SYS_auto_pc_10/AES_SYS_auto_pc_10_stub.v.
INFO: [IP_Flow 19-6926] IPCACHE: added file to list for BOM: c:/code/RFC-8439-fpga-implementation/AES-Cam-on-PYNQ-Z2-main/AES-Cam-on-PYNQ-Z2-main/AES_SYS/AES_SYS.gen/sources_1/bd/AES_SYS/ip/AES_SYS_auto_pc_10/AES_SYS_auto_pc_10_stub.v
INFO: [IP_Flow 19-6928] IPCACHE: copied cached file c:/code/RFC-8439-fpga-implementation/AES-Cam-on-PYNQ-Z2-main/AES-Cam-on-PYNQ-Z2-main/AES_SYS/AES_SYS.cache/ip/2023.2/3/b/3bc72d579e6ad5e4/AES_SYS_auto_pc_0_stub.vhdl to c:/code/RFC-8439-fpga-implementation/AES-Cam-on-PYNQ-Z2-main/AES-Cam-on-PYNQ-Z2-main/AES_SYS/AES_SYS.gen/sources_1/bd/AES_SYS/ip/AES_SYS_auto_pc_10/AES_SYS_auto_pc_10_stub.vhdl.
INFO: [IP_Flow 19-6926] IPCACHE: added file to list for BOM: c:/code/RFC-8439-fpga-implementation/AES-Cam-on-PYNQ-Z2-main/AES-Cam-on-PYNQ-Z2-main/AES_SYS/AES_SYS.gen/sources_1/bd/AES_SYS/ip/AES_SYS_auto_pc_10/AES_SYS_auto_pc_10_stub.vhdl
INFO: [IP_Flow 19-4993] Using cached IP synthesis design for IP AES_SYS_auto_pc_10, cache-ID = 3bc72d579e6ad5e4; cache size = 145.277 MB.
catch { config_ip_cache -export [get_ips -all AES_SYS_auto_pc_12] }
INFO: [IP_Flow 19-6924] IPCACHE: Running cache check for IP inst: AES_SYS_auto_pc_12
INFO: [IP_Flow 19-6922] IPCACHE: Exporting cached entry 177366daf5914f73 to dir: c:/code/RFC-8439-fpga-implementation/AES-Cam-on-PYNQ-Z2-main/AES-Cam-on-PYNQ-Z2-main/AES_SYS/AES_SYS.gen/sources_1/bd/AES_SYS/ip/AES_SYS_auto_pc_12
INFO: [IP_Flow 19-6928] IPCACHE: copied cached file c:/code/RFC-8439-fpga-implementation/AES-Cam-on-PYNQ-Z2-main/AES-Cam-on-PYNQ-Z2-main/AES_SYS/AES_SYS.cache/ip/2023.2/1/7/177366daf5914f73/AES_SYS_auto_pc_12.dcp to c:/code/RFC-8439-fpga-implementation/AES-Cam-on-PYNQ-Z2-main/AES-Cam-on-PYNQ-Z2-main/AES_SYS/AES_SYS.gen/sources_1/bd/AES_SYS/ip/AES_SYS_auto_pc_12/AES_SYS_auto_pc_12.dcp.
INFO: [IP_Flow 19-6926] IPCACHE: added file to list for BOM: c:/code/RFC-8439-fpga-implementation/AES-Cam-on-PYNQ-Z2-main/AES-Cam-on-PYNQ-Z2-main/AES_SYS/AES_SYS.gen/sources_1/bd/AES_SYS/ip/AES_SYS_auto_pc_12/AES_SYS_auto_pc_12.dcp
INFO: [IP_Flow 19-6928] IPCACHE: copied cached file c:/code/RFC-8439-fpga-implementation/AES-Cam-on-PYNQ-Z2-main/AES-Cam-on-PYNQ-Z2-main/AES_SYS/AES_SYS.cache/ip/2023.2/1/7/177366daf5914f73/AES_SYS_auto_pc_12_sim_netlist.v to c:/code/RFC-8439-fpga-implementation/AES-Cam-on-PYNQ-Z2-main/AES-Cam-on-PYNQ-Z2-main/AES_SYS/AES_SYS.gen/sources_1/bd/AES_SYS/ip/AES_SYS_auto_pc_12/AES_SYS_auto_pc_12_sim_netlist.v.
INFO: [IP_Flow 19-6926] IPCACHE: added file to list for BOM: c:/code/RFC-8439-fpga-implementation/AES-Cam-on-PYNQ-Z2-main/AES-Cam-on-PYNQ-Z2-main/AES_SYS/AES_SYS.gen/sources_1/bd/AES_SYS/ip/AES_SYS_auto_pc_12/AES_SYS_auto_pc_12_sim_netlist.v
INFO: [IP_Flow 19-6928] IPCACHE: copied cached file c:/code/RFC-8439-fpga-implementation/AES-Cam-on-PYNQ-Z2-main/AES-Cam-on-PYNQ-Z2-main/AES_SYS/AES_SYS.cache/ip/2023.2/1/7/177366daf5914f73/AES_SYS_auto_pc_12_sim_netlist.vhdl to c:/code/RFC-8439-fpga-implementation/AES-Cam-on-PYNQ-Z2-main/AES-Cam-on-PYNQ-Z2-main/AES_SYS/AES_SYS.gen/sources_1/bd/AES_SYS/ip/AES_SYS_auto_pc_12/AES_SYS_auto_pc_12_sim_netlist.vhdl.
INFO: [IP_Flow 19-6926] IPCACHE: added file to list for BOM: c:/code/RFC-8439-fpga-implementation/AES-Cam-on-PYNQ-Z2-main/AES-Cam-on-PYNQ-Z2-main/AES_SYS/AES_SYS.gen/sources_1/bd/AES_SYS/ip/AES_SYS_auto_pc_12/AES_SYS_auto_pc_12_sim_netlist.vhdl
INFO: [IP_Flow 19-6928] IPCACHE: copied cached file c:/code/RFC-8439-fpga-implementation/AES-Cam-on-PYNQ-Z2-main/AES-Cam-on-PYNQ-Z2-main/AES_SYS/AES_SYS.cache/ip/2023.2/1/7/177366daf5914f73/AES_SYS_auto_pc_12_stub.v to c:/code/RFC-8439-fpga-implementation/AES-Cam-on-PYNQ-Z2-main/AES-Cam-on-PYNQ-Z2-main/AES_SYS/AES_SYS.gen/sources_1/bd/AES_SYS/ip/AES_SYS_auto_pc_12/AES_SYS_auto_pc_12_stub.v.
INFO: [IP_Flow 19-6926] IPCACHE: added file to list for BOM: c:/code/RFC-8439-fpga-implementation/AES-Cam-on-PYNQ-Z2-main/AES-Cam-on-PYNQ-Z2-main/AES_SYS/AES_SYS.gen/sources_1/bd/AES_SYS/ip/AES_SYS_auto_pc_12/AES_SYS_auto_pc_12_stub.v
INFO: [IP_Flow 19-6928] IPCACHE: copied cached file c:/code/RFC-8439-fpga-implementation/AES-Cam-on-PYNQ-Z2-main/AES-Cam-on-PYNQ-Z2-main/AES_SYS/AES_SYS.cache/ip/2023.2/1/7/177366daf5914f73/AES_SYS_auto_pc_12_stub.vhdl to c:/code/RFC-8439-fpga-implementation/AES-Cam-on-PYNQ-Z2-main/AES-Cam-on-PYNQ-Z2-main/AES_SYS/AES_SYS.gen/sources_1/bd/AES_SYS/ip/AES_SYS_auto_pc_12/AES_SYS_auto_pc_12_stub.vhdl.
INFO: [IP_Flow 19-6926] IPCACHE: added file to list for BOM: c:/code/RFC-8439-fpga-implementation/AES-Cam-on-PYNQ-Z2-main/AES-Cam-on-PYNQ-Z2-main/AES_SYS/AES_SYS.gen/sources_1/bd/AES_SYS/ip/AES_SYS_auto_pc_12/AES_SYS_auto_pc_12_stub.vhdl
INFO: [IP_Flow 19-4993] Using cached IP synthesis design for IP AES_SYS_auto_pc_12, cache-ID = 177366daf5914f73; cache size = 145.277 MB.
catch { config_ip_cache -export [get_ips -all AES_SYS_auto_us_0] }
INFO: [IP_Flow 19-6924] IPCACHE: Running cache check for IP inst: AES_SYS_auto_us_0
INFO: [IP_Flow 19-6922] IPCACHE: Exporting cached entry 96128dd45566b66c to dir: c:/code/RFC-8439-fpga-implementation/AES-Cam-on-PYNQ-Z2-main/AES-Cam-on-PYNQ-Z2-main/AES_SYS/AES_SYS.gen/sources_1/bd/AES_SYS/ip/AES_SYS_auto_us_0
INFO: [IP_Flow 19-6928] IPCACHE: copied cached file c:/code/RFC-8439-fpga-implementation/AES-Cam-on-PYNQ-Z2-main/AES-Cam-on-PYNQ-Z2-main/AES_SYS/AES_SYS.cache/ip/2023.2/9/6/96128dd45566b66c/AES_SYS_auto_us_0.dcp to c:/code/RFC-8439-fpga-implementation/AES-Cam-on-PYNQ-Z2-main/AES-Cam-on-PYNQ-Z2-main/AES_SYS/AES_SYS.gen/sources_1/bd/AES_SYS/ip/AES_SYS_auto_us_0/AES_SYS_auto_us_0.dcp.
INFO: [IP_Flow 19-6926] IPCACHE: added file to list for BOM: c:/code/RFC-8439-fpga-implementation/AES-Cam-on-PYNQ-Z2-main/AES-Cam-on-PYNQ-Z2-main/AES_SYS/AES_SYS.gen/sources_1/bd/AES_SYS/ip/AES_SYS_auto_us_0/AES_SYS_auto_us_0.dcp
INFO: [IP_Flow 19-6928] IPCACHE: copied cached file c:/code/RFC-8439-fpga-implementation/AES-Cam-on-PYNQ-Z2-main/AES-Cam-on-PYNQ-Z2-main/AES_SYS/AES_SYS.cache/ip/2023.2/9/6/96128dd45566b66c/AES_SYS_auto_us_0_sim_netlist.v to c:/code/RFC-8439-fpga-implementation/AES-Cam-on-PYNQ-Z2-main/AES-Cam-on-PYNQ-Z2-main/AES_SYS/AES_SYS.gen/sources_1/bd/AES_SYS/ip/AES_SYS_auto_us_0/AES_SYS_auto_us_0_sim_netlist.v.
INFO: [IP_Flow 19-6926] IPCACHE: added file to list for BOM: c:/code/RFC-8439-fpga-implementation/AES-Cam-on-PYNQ-Z2-main/AES-Cam-on-PYNQ-Z2-main/AES_SYS/AES_SYS.gen/sources_1/bd/AES_SYS/ip/AES_SYS_auto_us_0/AES_SYS_auto_us_0_sim_netlist.v
INFO: [IP_Flow 19-6928] IPCACHE: copied cached file c:/code/RFC-8439-fpga-implementation/AES-Cam-on-PYNQ-Z2-main/AES-Cam-on-PYNQ-Z2-main/AES_SYS/AES_SYS.cache/ip/2023.2/9/6/96128dd45566b66c/AES_SYS_auto_us_0_sim_netlist.vhdl to c:/code/RFC-8439-fpga-implementation/AES-Cam-on-PYNQ-Z2-main/AES-Cam-on-PYNQ-Z2-main/AES_SYS/AES_SYS.gen/sources_1/bd/AES_SYS/ip/AES_SYS_auto_us_0/AES_SYS_auto_us_0_sim_netlist.vhdl.
INFO: [IP_Flow 19-6926] IPCACHE: added file to list for BOM: c:/code/RFC-8439-fpga-implementation/AES-Cam-on-PYNQ-Z2-main/AES-Cam-on-PYNQ-Z2-main/AES_SYS/AES_SYS.gen/sources_1/bd/AES_SYS/ip/AES_SYS_auto_us_0/AES_SYS_auto_us_0_sim_netlist.vhdl
INFO: [IP_Flow 19-6928] IPCACHE: copied cached file c:/code/RFC-8439-fpga-implementation/AES-Cam-on-PYNQ-Z2-main/AES-Cam-on-PYNQ-Z2-main/AES_SYS/AES_SYS.cache/ip/2023.2/9/6/96128dd45566b66c/AES_SYS_auto_us_0_stub.v to c:/code/RFC-8439-fpga-implementation/AES-Cam-on-PYNQ-Z2-main/AES-Cam-on-PYNQ-Z2-main/AES_SYS/AES_SYS.gen/sources_1/bd/AES_SYS/ip/AES_SYS_auto_us_0/AES_SYS_auto_us_0_stub.v.
INFO: [IP_Flow 19-6926] IPCACHE: added file to list for BOM: c:/code/RFC-8439-fpga-implementation/AES-Cam-on-PYNQ-Z2-main/AES-Cam-on-PYNQ-Z2-main/AES_SYS/AES_SYS.gen/sources_1/bd/AES_SYS/ip/AES_SYS_auto_us_0/AES_SYS_auto_us_0_stub.v
INFO: [IP_Flow 19-6928] IPCACHE: copied cached file c:/code/RFC-8439-fpga-implementation/AES-Cam-on-PYNQ-Z2-main/AES-Cam-on-PYNQ-Z2-main/AES_SYS/AES_SYS.cache/ip/2023.2/9/6/96128dd45566b66c/AES_SYS_auto_us_0_stub.vhdl to c:/code/RFC-8439-fpga-implementation/AES-Cam-on-PYNQ-Z2-main/AES-Cam-on-PYNQ-Z2-main/AES_SYS/AES_SYS.gen/sources_1/bd/AES_SYS/ip/AES_SYS_auto_us_0/AES_SYS_auto_us_0_stub.vhdl.
INFO: [IP_Flow 19-6926] IPCACHE: added file to list for BOM: c:/code/RFC-8439-fpga-implementation/AES-Cam-on-PYNQ-Z2-main/AES-Cam-on-PYNQ-Z2-main/AES_SYS/AES_SYS.gen/sources_1/bd/AES_SYS/ip/AES_SYS_auto_us_0/AES_SYS_auto_us_0_stub.vhdl
INFO: [IP_Flow 19-4993] Using cached IP synthesis design for IP AES_SYS_auto_us_0, cache-ID = 96128dd45566b66c; cache size = 145.277 MB.
catch { config_ip_cache -export [get_ips -all AES_SYS_auto_pc_13] }
INFO: [IP_Flow 19-6924] IPCACHE: Running cache check for IP inst: AES_SYS_auto_pc_13
INFO: [IP_Flow 19-6922] IPCACHE: Exporting cached entry 680f4c3d4d7785e1 to dir: c:/code/RFC-8439-fpga-implementation/AES-Cam-on-PYNQ-Z2-main/AES-Cam-on-PYNQ-Z2-main/AES_SYS/AES_SYS.gen/sources_1/bd/AES_SYS/ip/AES_SYS_auto_pc_13
INFO: [IP_Flow 19-6928] IPCACHE: copied cached file c:/code/RFC-8439-fpga-implementation/AES-Cam-on-PYNQ-Z2-main/AES-Cam-on-PYNQ-Z2-main/AES_SYS/AES_SYS.cache/ip/2023.2/6/8/680f4c3d4d7785e1/AES_SYS_auto_pc_13.dcp to c:/code/RFC-8439-fpga-implementation/AES-Cam-on-PYNQ-Z2-main/AES-Cam-on-PYNQ-Z2-main/AES_SYS/AES_SYS.gen/sources_1/bd/AES_SYS/ip/AES_SYS_auto_pc_13/AES_SYS_auto_pc_13.dcp.
INFO: [IP_Flow 19-6926] IPCACHE: added file to list for BOM: c:/code/RFC-8439-fpga-implementation/AES-Cam-on-PYNQ-Z2-main/AES-Cam-on-PYNQ-Z2-main/AES_SYS/AES_SYS.gen/sources_1/bd/AES_SYS/ip/AES_SYS_auto_pc_13/AES_SYS_auto_pc_13.dcp
INFO: [IP_Flow 19-6928] IPCACHE: copied cached file c:/code/RFC-8439-fpga-implementation/AES-Cam-on-PYNQ-Z2-main/AES-Cam-on-PYNQ-Z2-main/AES_SYS/AES_SYS.cache/ip/2023.2/6/8/680f4c3d4d7785e1/AES_SYS_auto_pc_13_sim_netlist.v to c:/code/RFC-8439-fpga-implementation/AES-Cam-on-PYNQ-Z2-main/AES-Cam-on-PYNQ-Z2-main/AES_SYS/AES_SYS.gen/sources_1/bd/AES_SYS/ip/AES_SYS_auto_pc_13/AES_SYS_auto_pc_13_sim_netlist.v.
INFO: [IP_Flow 19-6926] IPCACHE: added file to list for BOM: c:/code/RFC-8439-fpga-implementation/AES-Cam-on-PYNQ-Z2-main/AES-Cam-on-PYNQ-Z2-main/AES_SYS/AES_SYS.gen/sources_1/bd/AES_SYS/ip/AES_SYS_auto_pc_13/AES_SYS_auto_pc_13_sim_netlist.v
INFO: [IP_Flow 19-6928] IPCACHE: copied cached file c:/code/RFC-8439-fpga-implementation/AES-Cam-on-PYNQ-Z2-main/AES-Cam-on-PYNQ-Z2-main/AES_SYS/AES_SYS.cache/ip/2023.2/6/8/680f4c3d4d7785e1/AES_SYS_auto_pc_13_sim_netlist.vhdl to c:/code/RFC-8439-fpga-implementation/AES-Cam-on-PYNQ-Z2-main/AES-Cam-on-PYNQ-Z2-main/AES_SYS/AES_SYS.gen/sources_1/bd/AES_SYS/ip/AES_SYS_auto_pc_13/AES_SYS_auto_pc_13_sim_netlist.vhdl.
INFO: [IP_Flow 19-6926] IPCACHE: added file to list for BOM: c:/code/RFC-8439-fpga-implementation/AES-Cam-on-PYNQ-Z2-main/AES-Cam-on-PYNQ-Z2-main/AES_SYS/AES_SYS.gen/sources_1/bd/AES_SYS/ip/AES_SYS_auto_pc_13/AES_SYS_auto_pc_13_sim_netlist.vhdl
INFO: [IP_Flow 19-6928] IPCACHE: copied cached file c:/code/RFC-8439-fpga-implementation/AES-Cam-on-PYNQ-Z2-main/AES-Cam-on-PYNQ-Z2-main/AES_SYS/AES_SYS.cache/ip/2023.2/6/8/680f4c3d4d7785e1/AES_SYS_auto_pc_13_stub.v to c:/code/RFC-8439-fpga-implementation/AES-Cam-on-PYNQ-Z2-main/AES-Cam-on-PYNQ-Z2-main/AES_SYS/AES_SYS.gen/sources_1/bd/AES_SYS/ip/AES_SYS_auto_pc_13/AES_SYS_auto_pc_13_stub.v.
INFO: [IP_Flow 19-6926] IPCACHE: added file to list for BOM: c:/code/RFC-8439-fpga-implementation/AES-Cam-on-PYNQ-Z2-main/AES-Cam-on-PYNQ-Z2-main/AES_SYS/AES_SYS.gen/sources_1/bd/AES_SYS/ip/AES_SYS_auto_pc_13/AES_SYS_auto_pc_13_stub.v
INFO: [IP_Flow 19-6928] IPCACHE: copied cached file c:/code/RFC-8439-fpga-implementation/AES-Cam-on-PYNQ-Z2-main/AES-Cam-on-PYNQ-Z2-main/AES_SYS/AES_SYS.cache/ip/2023.2/6/8/680f4c3d4d7785e1/AES_SYS_auto_pc_13_stub.vhdl to c:/code/RFC-8439-fpga-implementation/AES-Cam-on-PYNQ-Z2-main/AES-Cam-on-PYNQ-Z2-main/AES_SYS/AES_SYS.gen/sources_1/bd/AES_SYS/ip/AES_SYS_auto_pc_13/AES_SYS_auto_pc_13_stub.vhdl.
INFO: [IP_Flow 19-6926] IPCACHE: added file to list for BOM: c:/code/RFC-8439-fpga-implementation/AES-Cam-on-PYNQ-Z2-main/AES-Cam-on-PYNQ-Z2-main/AES_SYS/AES_SYS.gen/sources_1/bd/AES_SYS/ip/AES_SYS_auto_pc_13/AES_SYS_auto_pc_13_stub.vhdl
INFO: [IP_Flow 19-4993] Using cached IP synthesis design for IP AES_SYS_auto_pc_13, cache-ID = 680f4c3d4d7785e1; cache size = 145.277 MB.
catch { config_ip_cache -export [get_ips -all AES_SYS_auto_ds_0] }
INFO: [IP_Flow 19-6924] IPCACHE: Running cache check for IP inst: AES_SYS_auto_ds_0
catch { config_ip_cache -export [get_ips -all AES_SYS_auto_ds_1] }
INFO: [IP_Flow 19-6924] IPCACHE: Running cache check for IP inst: AES_SYS_auto_ds_1
export_ip_user_files -of_objects [get_files C:/code/RFC-8439-fpga-implementation/AES-Cam-on-PYNQ-Z2-main/AES-Cam-on-PYNQ-Z2-main/AES_SYS/AES_SYS.srcs/sources_1/bd/AES_SYS/AES_SYS.bd] -no_script -sync -force -quiet
create_ip_run [get_files -of_objects [get_fileset sources_1] C:/code/RFC-8439-fpga-implementation/AES-Cam-on-PYNQ-Z2-main/AES-Cam-on-PYNQ-Z2-main/AES_SYS/AES_SYS.srcs/sources_1/bd/AES_SYS/AES_SYS.bd]
launch_runs AES_SYS_auto_ds_0_synth_1 AES_SYS_auto_ds_1_synth_1 AES_SYS_axi_bram_ctrl_0_0_synth_1 AES_SYS_axi_bram_ctrl_0_2_synth_1 AES_SYS_xbar_2_synth_1 -jobs 32
INFO: [IP_Flow 19-6924] IPCACHE: Running cache check for IP inst: AES_SYS_auto_ds_0
INFO: [IP_Flow 19-6924] IPCACHE: Running cache check for IP inst: AES_SYS_auto_ds_1
INFO: [IP_Flow 19-6924] IPCACHE: Running cache check for IP inst: AES_SYS_axi_bram_ctrl_0_0
INFO: [IP_Flow 19-6924] IPCACHE: Running cache check for IP inst: AES_SYS_axi_bram_ctrl_0_2
INFO: [IP_Flow 19-6924] IPCACHE: Running cache check for IP inst: AES_SYS_xbar_2
[Mon May 25 20:26:55 2026] Launched AES_SYS_auto_ds_0_synth_1, AES_SYS_auto_ds_1_synth_1, AES_SYS_axi_bram_ctrl_0_0_synth_1, AES_SYS_axi_bram_ctrl_0_2_synth_1, AES_SYS_xbar_2_synth_1...
Run output will be captured here:
AES_SYS_auto_ds_0_synth_1: C:/code/RFC-8439-fpga-implementation/AES-Cam-on-PYNQ-Z2-main/AES-Cam-on-PYNQ-Z2-main/AES_SYS/AES_SYS.runs/AES_SYS_auto_ds_0_synth_1/runme.log
AES_SYS_auto_ds_1_synth_1: C:/code/RFC-8439-fpga-implementation/AES-Cam-on-PYNQ-Z2-main/AES-Cam-on-PYNQ-Z2-main/AES_SYS/AES_SYS.runs/AES_SYS_auto_ds_1_synth_1/runme.log
AES_SYS_axi_bram_ctrl_0_0_synth_1: C:/code/RFC-8439-fpga-implementation/AES-Cam-on-PYNQ-Z2-main/AES-Cam-on-PYNQ-Z2-main/AES_SYS/AES_SYS.runs/AES_SYS_axi_bram_ctrl_0_0_synth_1/runme.log
AES_SYS_axi_bram_ctrl_0_2_synth_1: C:/code/RFC-8439-fpga-implementation/AES-Cam-on-PYNQ-Z2-main/AES-Cam-on-PYNQ-Z2-main/AES_SYS/AES_SYS.runs/AES_SYS_axi_bram_ctrl_0_2_synth_1/runme.log
AES_SYS_xbar_2_synth_1: C:/code/RFC-8439-fpga-implementation/AES-Cam-on-PYNQ-Z2-main/AES-Cam-on-PYNQ-Z2-main/AES_SYS/AES_SYS.runs/AES_SYS_xbar_2_synth_1/runme.log
export_simulation -of_objects [get_files C:/code/RFC-8439-fpga-implementation/AES-Cam-on-PYNQ-Z2-main/AES-Cam-on-PYNQ-Z2-main/AES_SYS/AES_SYS.srcs/sources_1/bd/AES_SYS/AES_SYS.bd] -directory C:/code/RFC-8439-fpga-implementation/AES-Cam-on-PYNQ-Z2-main/AES-Cam-on-PYNQ-Z2-main/AES_SYS/AES_SYS.ip_user_files/sim_scripts -ip_user_files_dir C:/code/RFC-8439-fpga-implementation/AES-Cam-on-PYNQ-Z2-main/AES-Cam-on-PYNQ-Z2-main/AES_SYS/AES_SYS.ip_user_files -ipstatic_source_dir C:/code/RFC-8439-fpga-implementation/AES-Cam-on-PYNQ-Z2-main/AES-Cam-on-PYNQ-Z2-main/AES_SYS/AES_SYS.ip_user_files/ipstatic -lib_map_path [list {modelsim=C:/code/RFC-8439-fpga-implementation/AES-Cam-on-PYNQ-Z2-main/AES-Cam-on-PYNQ-Z2-main/AES_SYS/AES_SYS.cache/compile_simlib/modelsim} {questa=C:/code/RFC-8439-fpga-implementation/AES-Cam-on-PYNQ-Z2-main/AES-Cam-on-PYNQ-Z2-main/AES_SYS/AES_SYS.cache/compile_simlib/questa} {riviera=C:/code/RFC-8439-fpga-implementation/AES-Cam-on-PYNQ-Z2-main/AES-Cam-on-PYNQ-Z2-main/AES_SYS/AES_SYS.cache/compile_simlib/riviera} {activehdl=C:/code/RFC-8439-fpga-implementation/AES-Cam-on-PYNQ-Z2-main/AES-Cam-on-PYNQ-Z2-main/AES_SYS/AES_SYS.cache/compile_simlib/activehdl}] -use_ip_compiled_libs -force -quiet
reset_run synth_1
INFO: [Project 1-1161] Replacing file C:/code/RFC-8439-fpga-implementation/AES-Cam-on-PYNQ-Z2-main/AES-Cam-on-PYNQ-Z2-main/AES_SYS/AES_SYS.srcs/utils_1/imports/synth_1/AES_SYS_wrapper.dcp with file C:/code/RFC-8439-fpga-implementation/AES-Cam-on-PYNQ-Z2-main/AES-Cam-on-PYNQ-Z2-main/AES_SYS/AES_SYS.runs/synth_1/AES_SYS_wrapper.dcp
WARNING: [Vivado 12-1017] Problems encountered:
1. Failed to delete one or more files in run directory C:/code/RFC-8439-fpga-implementation/AES-Cam-on-PYNQ-Z2-main/AES-Cam-on-PYNQ-Z2-main/AES_SYS/AES_SYS.runs/synth_1

launch_runs synth_1 -jobs 32
INFO: [IP_Flow 19-6930] IPCACHE: runCacheChecks() number of threads = 8
INFO: [IP_Flow 19-6921] IPCACHE: Adding cache check func to thread queue for IP AES_SYS_auto_ds_0
INFO: [IP_Flow 19-6921] IPCACHE: Adding cache check func to thread queue for IP AES_SYS_auto_ds_1
INFO: [IP_Flow 19-6921] IPCACHE: Adding cache check func to thread queue for IP AES_SYS_axi_bram_ctrl_0_0
INFO: [IP_Flow 19-6921] IPCACHE: Adding cache check func to thread queue for IP AES_SYS_axi_bram_ctrl_0_2
INFO: [IP_Flow 19-6921] IPCACHE: Adding cache check func to thread queue for IP AES_SYS_xbar_2
INFO: [IP_Flow 19-8020] IPCACHE: runCacheChecks() calling threadPool finishWork()
INFO: [IP_Flow 19-6924] IPCACHE: Running cache check for IP inst: AES_SYS_auto_ds_0
INFO: [IP_Flow 19-6924] IPCACHE: Running cache check for IP inst: AES_SYS_auto_ds_1
INFO: [IP_Flow 19-6924] IPCACHE: Running cache check for IP inst: AES_SYS_axi_bram_ctrl_0_0
INFO: [IP_Flow 19-6924] IPCACHE: Running cache check for IP inst: AES_SYS_axi_bram_ctrl_0_2
INFO: [IP_Flow 19-6924] IPCACHE: Running cache check for IP inst: AES_SYS_xbar_2
[Mon May 25 20:27:23 2026] Launched AES_SYS_axi_bram_ctrl_0_0_synth_1, AES_SYS_xbar_2_synth_1, AES_SYS_axi_bram_ctrl_0_2_synth_1, AES_SYS_auto_ds_0_synth_1, AES_SYS_auto_ds_1_synth_1...
Run output will be captured here:
AES_SYS_axi_bram_ctrl_0_0_synth_1: C:/code/RFC-8439-fpga-implementation/AES-Cam-on-PYNQ-Z2-main/AES-Cam-on-PYNQ-Z2-main/AES_SYS/AES_SYS.runs/AES_SYS_axi_bram_ctrl_0_0_synth_1/runme.log
AES_SYS_xbar_2_synth_1: C:/code/RFC-8439-fpga-implementation/AES-Cam-on-PYNQ-Z2-main/AES-Cam-on-PYNQ-Z2-main/AES_SYS/AES_SYS.runs/AES_SYS_xbar_2_synth_1/runme.log
AES_SYS_axi_bram_ctrl_0_2_synth_1: C:/code/RFC-8439-fpga-implementation/AES-Cam-on-PYNQ-Z2-main/AES-Cam-on-PYNQ-Z2-main/AES_SYS/AES_SYS.runs/AES_SYS_axi_bram_ctrl_0_2_synth_1/runme.log
AES_SYS_auto_ds_0_synth_1: C:/code/RFC-8439-fpga-implementation/AES-Cam-on-PYNQ-Z2-main/AES-Cam-on-PYNQ-Z2-main/AES_SYS/AES_SYS.runs/AES_SYS_auto_ds_0_synth_1/runme.log
AES_SYS_auto_ds_1_synth_1: C:/code/RFC-8439-fpga-implementation/AES-Cam-on-PYNQ-Z2-main/AES-Cam-on-PYNQ-Z2-main/AES_SYS/AES_SYS.runs/AES_SYS_auto_ds_1_synth_1/runme.log
[Mon May 25 20:27:24 2026] Launched synth_1...
Run output will be captured here: C:/code/RFC-8439-fpga-implementation/AES-Cam-on-PYNQ-Z2-main/AES-Cam-on-PYNQ-Z2-main/AES_SYS/AES_SYS.runs/synth_1/runme.log
launch_runs impl_1 -jobs 32
[Mon May 25 20:29:36 2026] Launched impl_1...
Run output will be captured here: C:/code/RFC-8439-fpga-implementation/AES-Cam-on-PYNQ-Z2-main/AES-Cam-on-PYNQ-Z2-main/AES_SYS/AES_SYS.runs/impl_1/runme.log
create_ip_run [get_files -of_objects [get_fileset sources_1] C:/code/RFC-8439-fpga-implementation/AES-Cam-on-PYNQ-Z2-main/AES-Cam-on-PYNQ-Z2-main/AES_SYS/AES_SYS.srcs/sources_1/bd/AES_SYS/AES_SYS.bd]
refresh_design
Netlist sorting complete. Time (s): cpu = 00:00:00 ; elapsed = 00:00:00.699 . Memory (MB): peak = 5729.996 ; gain = 0.000
INFO: [Netlist 29-17] Analyzing 1633 Unisim elements for replacement
INFO: [Netlist 29-28] Unisim Transformation completed in 0 CPU seconds
INFO: [Project 1-479] Netlist was created with Vivado 2023.2
INFO: [Project 1-570] Preparing netlist for logic optimization
WARNING: [Constraints 18-550] Could not create 'IBUF_LOW_PWR' constraint because net 'AES_SYS_i/clk_wiz_0/clk_in1' is not directly connected to top level port. 'IBUF_LOW_PWR' is ignored for synthesis but preserved for implementation.
Read ShapeDB Complete: Time (s): cpu = 00:00:00 ; elapsed = 00:00:00.113 . Memory (MB): peak = 5729.996 ; gain = 0.000
INFO: [Timing 38-478] Restoring timing data from binary archive.
INFO: [Timing 38-479] Binary timing data restore complete.
INFO: [Project 1-856] Restoring constraints from binary archive.
INFO: [Project 1-853] Binary constraint restore complete.
INFO: [Designutils 20-5722] Start Reading Physical Databases.
Reading placement.
Read Netlist Cache: Time (s): cpu = 00:00:00 ; elapsed = 00:00:00.040 . Memory (MB): peak = 5729.996 ; gain = 0.000
Reading placer database...
Read Device Cache: Time (s): cpu = 00:00:00 ; elapsed = 00:00:00.017 . Memory (MB): peak = 5729.996 ; gain = 0.000
Read PlaceDB: Time (s): cpu = 00:00:01 ; elapsed = 00:00:01 . Memory (MB): peak = 5729.996 ; gain = 0.000
Read PulsedLatchDB: Time (s): cpu = 00:00:00 ; elapsed = 00:00:00 . Memory (MB): peak = 5729.996 ; gain = 0.000
Reading routing.
Read RouteStorage: Time (s): cpu = 00:00:01 ; elapsed = 00:00:00.678 . Memory (MB): peak = 5729.996 ; gain = 0.000
Read Physdb Files: Time (s): cpu = 00:00:02 ; elapsed = 00:00:02 . Memory (MB): peak = 5729.996 ; gain = 0.000
Restored from archive | CPU: 2.000000 secs | Memory: 0.000000 MB |
Finished XDEF File Restore: Time (s): cpu = 00:00:02 ; elapsed = 00:00:02 . Memory (MB): peak = 5729.996 ; gain = 0.000
refresh_design: Time (s): cpu = 00:00:16 ; elapsed = 00:00:12 . Memory (MB): peak = 5729.996 ; gain = 0.000
open_report: Time (s): cpu = 00:00:15 ; elapsed = 00:00:08 . Memory (MB): peak = 5729.996 ; gain = 0.000
launch_runs impl_1 -to_step write_bitstream -jobs 32
[Mon May 25 20:34:58 2026] Launched impl_1...
Run output will be captured here: C:/code/RFC-8439-fpga-implementation/AES-Cam-on-PYNQ-Z2-main/AES-Cam-on-PYNQ-Z2-main/AES_SYS/AES_SYS.runs/impl_1/runme.log
open_bd_design {C:/code/RFC-8439-fpga-implementation/AES-Cam-on-PYNQ-Z2-main/AES-Cam-on-PYNQ-Z2-main/AES_SYS/AES_SYS.srcs/sources_1/bd/AES_SYS/AES_SYS.bd}
set_property location {5 1760 791} [get_bd_cells axi_mem_intercon_1]
undo
INFO: [Common 17-17] undo 'set_property location {5 1760 791} [get_bd_cells axi_mem_intercon_1]'
regenerate_bd_layout
WARNING: [IP_Flow 19-4067] Ignoring invalid widget type specified checkbox.Providing a default widget
WARNING: [IP_Flow 19-4067] Ignoring invalid widget type specified checkbox.Providing a default widget
WARNING: [IP_Flow 19-4067] Ignoring invalid widget type specified checkbox.Providing a default widget
WARNING: [IP_Flow 19-4067] Ignoring invalid widget type specified checkbox.Providing a default widget
WARNING: [IP_Flow 19-4067] Ignoring invalid widget type specified checkbox.Providing a default widget
WARNING: [IP_Flow 19-4067] Ignoring invalid widget type specified checkbox.Providing a default widget
WARNING: [IP_Flow 19-4067] Ignoring invalid widget type specified checkbox.Providing a default widget
WARNING: [IP_Flow 19-4067] Ignoring invalid widget type specified checkbox.Providing a default widget
startgroup
endgroup
generate_target all [get_files  C:/code/RFC-8439-fpga-implementation/AES-Cam-on-PYNQ-Z2-main/AES-Cam-on-PYNQ-Z2-main/AES_SYS/AES_SYS.srcs/sources_1/bd/AES_SYS/AES_SYS.bd]
INFO: [BD 41-1637] Generated targets are already up-to-date for block design 'AES_SYS' - hence not re-generating.
export_ip_user_files -of_objects [get_files C:/code/RFC-8439-fpga-implementation/AES-Cam-on-PYNQ-Z2-main/AES-Cam-on-PYNQ-Z2-main/AES_SYS/AES_SYS.srcs/sources_1/bd/AES_SYS/AES_SYS.bd] -no_script -sync -force -quiet
create_ip_run [get_files -of_objects [get_fileset sources_1] C:/code/RFC-8439-fpga-implementation/AES-Cam-on-PYNQ-Z2-main/AES-Cam-on-PYNQ-Z2-main/AES_SYS/AES_SYS.srcs/sources_1/bd/AES_SYS/AES_SYS.bd]
export_simulation -of_objects [get_files C:/code/RFC-8439-fpga-implementation/AES-Cam-on-PYNQ-Z2-main/AES-Cam-on-PYNQ-Z2-main/AES_SYS/AES_SYS.srcs/sources_1/bd/AES_SYS/AES_SYS.bd] -directory C:/code/RFC-8439-fpga-implementation/AES-Cam-on-PYNQ-Z2-main/AES-Cam-on-PYNQ-Z2-main/AES_SYS/AES_SYS.ip_user_files/sim_scripts -ip_user_files_dir C:/code/RFC-8439-fpga-implementation/AES-Cam-on-PYNQ-Z2-main/AES-Cam-on-PYNQ-Z2-main/AES_SYS/AES_SYS.ip_user_files -ipstatic_source_dir C:/code/RFC-8439-fpga-implementation/AES-Cam-on-PYNQ-Z2-main/AES-Cam-on-PYNQ-Z2-main/AES_SYS/AES_SYS.ip_user_files/ipstatic -lib_map_path [list {modelsim=C:/code/RFC-8439-fpga-implementation/AES-Cam-on-PYNQ-Z2-main/AES-Cam-on-PYNQ-Z2-main/AES_SYS/AES_SYS.cache/compile_simlib/modelsim} {questa=C:/code/RFC-8439-fpga-implementation/AES-Cam-on-PYNQ-Z2-main/AES-Cam-on-PYNQ-Z2-main/AES_SYS/AES_SYS.cache/compile_simlib/questa} {riviera=C:/code/RFC-8439-fpga-implementation/AES-Cam-on-PYNQ-Z2-main/AES-Cam-on-PYNQ-Z2-main/AES_SYS/AES_SYS.cache/compile_simlib/riviera} {activehdl=C:/code/RFC-8439-fpga-implementation/AES-Cam-on-PYNQ-Z2-main/AES-Cam-on-PYNQ-Z2-main/AES_SYS/AES_SYS.cache/compile_simlib/activehdl}] -use_ip_compiled_libs -force -quiet
generate_target all [get_files  C:/code/RFC-8439-fpga-implementation/AES-Cam-on-PYNQ-Z2-main/AES-Cam-on-PYNQ-Z2-main/AES_SYS/AES_SYS.srcs/sources_1/bd/AES_SYS/AES_SYS.bd]
INFO: [BD 41-1637] Generated targets are already up-to-date for block design 'AES_SYS' - hence not re-generating.
export_ip_user_files -of_objects [get_files C:/code/RFC-8439-fpga-implementation/AES-Cam-on-PYNQ-Z2-main/AES-Cam-on-PYNQ-Z2-main/AES_SYS/AES_SYS.srcs/sources_1/bd/AES_SYS/AES_SYS.bd] -no_script -sync -force -quiet
create_ip_run [get_files -of_objects [get_fileset sources_1] C:/code/RFC-8439-fpga-implementation/AES-Cam-on-PYNQ-Z2-main/AES-Cam-on-PYNQ-Z2-main/AES_SYS/AES_SYS.srcs/sources_1/bd/AES_SYS/AES_SYS.bd]
export_simulation -of_objects [get_files C:/code/RFC-8439-fpga-implementation/AES-Cam-on-PYNQ-Z2-main/AES-Cam-on-PYNQ-Z2-main/AES_SYS/AES_SYS.srcs/sources_1/bd/AES_SYS/AES_SYS.bd] -directory C:/code/RFC-8439-fpga-implementation/AES-Cam-on-PYNQ-Z2-main/AES-Cam-on-PYNQ-Z2-main/AES_SYS/AES_SYS.ip_user_files/sim_scripts -ip_user_files_dir C:/code/RFC-8439-fpga-implementation/AES-Cam-on-PYNQ-Z2-main/AES-Cam-on-PYNQ-Z2-main/AES_SYS/AES_SYS.ip_user_files -ipstatic_source_dir C:/code/RFC-8439-fpga-implementation/AES-Cam-on-PYNQ-Z2-main/AES-Cam-on-PYNQ-Z2-main/AES_SYS/AES_SYS.ip_user_files/ipstatic -lib_map_path [list {modelsim=C:/code/RFC-8439-fpga-implementation/AES-Cam-on-PYNQ-Z2-main/AES-Cam-on-PYNQ-Z2-main/AES_SYS/AES_SYS.cache/compile_simlib/modelsim} {questa=C:/code/RFC-8439-fpga-implementation/AES-Cam-on-PYNQ-Z2-main/AES-Cam-on-PYNQ-Z2-main/AES_SYS/AES_SYS.cache/compile_simlib/questa} {riviera=C:/code/RFC-8439-fpga-implementation/AES-Cam-on-PYNQ-Z2-main/AES-Cam-on-PYNQ-Z2-main/AES_SYS/AES_SYS.cache/compile_simlib/riviera} {activehdl=C:/code/RFC-8439-fpga-implementation/AES-Cam-on-PYNQ-Z2-main/AES-Cam-on-PYNQ-Z2-main/AES_SYS/AES_SYS.cache/compile_simlib/activehdl}] -use_ip_compiled_libs -force -quiet
regenerate_bd_layout
undo
INFO: [Common 17-17] undo 'regenerate_bd_layout'
regenerate_bd_layout
regenerate_bd_layout
set_property offset 0xC0000000 [get_bd_addr_segs {axi_cdma_0/Data/SEG_axi_bram_ctrl_0_Mem0}]
save_bd_design
Wrote  : <C:\code\RFC-8439-fpga-implementation\AES-Cam-on-PYNQ-Z2-main\AES-Cam-on-PYNQ-Z2-main\AES_SYS\AES_SYS.srcs\sources_1\bd\AES_SYS\AES_SYS.bd> 
Wrote  : <C:/code/RFC-8439-fpga-implementation/AES-Cam-on-PYNQ-Z2-main/AES-Cam-on-PYNQ-Z2-main/AES_SYS/AES_SYS.srcs/sources_1/bd/AES_SYS/ui/bd_9341033d.ui> 
generate_target all [get_files  C:/code/RFC-8439-fpga-implementation/AES-Cam-on-PYNQ-Z2-main/AES-Cam-on-PYNQ-Z2-main/AES_SYS/AES_SYS.srcs/sources_1/bd/AES_SYS/AES_SYS.bd]
WARNING: [BD 41-2670] Found an incomplete address path from address space '/processing_system7_0/Data' to master interface '/ps7_0_axi_periph/M12_AXI'. Please either complete or remove this path to resolve.
WARNING: [BD 41-2670] Found an incomplete address path from address space '/processing_system7_0/Data' to master interface '/ps7_0_axi_periph/M10_AXI'. Please either complete or remove this path to resolve.
WARNING: [BD 41-2670] Found an incomplete address path from address space '/processing_system7_0/Data' to master interface '/ps7_0_axi_periph/M07_AXI'. Please either complete or remove this path to resolve.
WARNING: [BD 5-699] No address segments matched 'get_bd_addr_segs -addressables -of_objects /rst_ps7_0_100M'
WARNING: [BD 5-699] No address segments matched 'get_bd_addr_segs -addressables -of_objects /rst_ps7_0_100M'
WARNING: [BD 5-699] No address segments matched 'get_bd_addr_segs -addressables -of_objects /rst_ps7_0_100M'
WARNING: [BD 41-702] Propagation TCL tries to overwrite USER strength parameter PCW_M_AXI_GP0_FREQMHZ(10) on '/processing_system7_0' with propagated value(50). Command ignored
WARNING: [BD 41-702] Propagation TCL tries to overwrite USER strength parameter PCW_S_AXI_HP0_FREQMHZ(10) on '/processing_system7_0' with propagated value(50). Command ignored
WARNING: [BD 41-702] Propagation TCL tries to overwrite USER strength parameter PCW_S_AXI_HP1_FREQMHZ(10) on '/processing_system7_0' with propagated value(50). Command ignored
WARNING: [xilinx.com:ip:axi_intc:4.1-13] /axi_intc_0: Interrupt output connection Bus is selected, but the interrupt bus interface is not connected to a matching interface. Please consider selecting Single instead.
INFO: [xilinx.com:ip:clk_wiz:6.0-1] /clk_wiz_0 clk_wiz propagate
INFO: [xilinx.com:ip:clk_wiz:6.0-1] /clk_wiz_0 clk_wiz propagate
INFO: [xilinx.com:ip:axi_vdma:6.3-15] /axi_vdma_0 
                    All clocks connected to AXI VDMA are not identical, therefore configuring AXI-VDMA in ASYNC mode.
WARNING: [xilinx.com:ip:axi_vdma:6.3-155] /axi_vdma_0 
                    To get the better performance, ensure AXI Memory Map clock frequency is greater than equal to AXI Streaming clock frequency.
Wrote  : <C:\code\RFC-8439-fpga-implementation\AES-Cam-on-PYNQ-Z2-main\AES-Cam-on-PYNQ-Z2-main\AES_SYS\AES_SYS.srcs\sources_1\bd\AES_SYS\AES_SYS.bd> 
Wrote  : <C:/code/RFC-8439-fpga-implementation/AES-Cam-on-PYNQ-Z2-main/AES-Cam-on-PYNQ-Z2-main/AES_SYS/AES_SYS.srcs/sources_1/bd/AES_SYS/ui/bd_9341033d.ui> 
WARNING: [BD 41-2384] Width mismatch when connecting pin: '/axi_mem_intercon/m00_couplers/auto_pc/m_axi_rid'(1) to pin: '/axi_mem_intercon/m00_couplers/M_AXI_rid'(6) - Only lower order bits will be connected.
WARNING: [BD 41-2384] Width mismatch when connecting pin: '/axi_mem_intercon/m00_couplers/auto_pc/m_axi_bid'(1) to pin: '/axi_mem_intercon/m00_couplers/M_AXI_bid'(6) - Only lower order bits will be connected.
WARNING: [BD 41-2384] Width mismatch when connecting pin: '/axi_bram_ctrl_0_bram/addra'(32) to pin: '/axi_bram_ctrl_0/bram_addr_a'(18) - Only lower order bits will be connected.
WARNING: [BD 41-2384] Width mismatch when connecting pin: '/processing_system7_0/S_AXI_HP0_AWID'(6) to pin: '/axi_mem_intercon/M00_AXI_awid'(1) - Only lower order bits will be connected.
WARNING: [BD 41-2384] Width mismatch when connecting pin: '/processing_system7_0/S_AXI_HP0_ARID'(6) to pin: '/axi_mem_intercon/M00_AXI_arid'(1) - Only lower order bits will be connected.
WARNING: [BD 41-2384] Width mismatch when connecting pin: '/processing_system7_0/S_AXI_HP0_WID'(6) to pin: '/axi_mem_intercon/M00_AXI_wid'(1) - Only lower order bits will be connected.
WARNING: [BD 41-2384] Width mismatch when connecting pin: '/axi_bram_ctrl_0_bram1/addra'(32) to pin: '/axi_bram_ctrl_1/bram_addr_a'(18) - Only lower order bits will be connected.
Verilog Output written to : c:/code/RFC-8439-fpga-implementation/AES-Cam-on-PYNQ-Z2-main/AES-Cam-on-PYNQ-Z2-main/AES_SYS/AES_SYS.gen/sources_1/bd/AES_SYS/synth/AES_SYS.v
WARNING: [BD 41-2384] Width mismatch when connecting pin: '/axi_mem_intercon/m00_couplers/auto_pc/m_axi_rid'(1) to pin: '/axi_mem_intercon/m00_couplers/M_AXI_rid'(6) - Only lower order bits will be connected.
WARNING: [BD 41-2384] Width mismatch when connecting pin: '/axi_mem_intercon/m00_couplers/auto_pc/m_axi_bid'(1) to pin: '/axi_mem_intercon/m00_couplers/M_AXI_bid'(6) - Only lower order bits will be connected.
WARNING: [BD 41-2384] Width mismatch when connecting pin: '/axi_bram_ctrl_0_bram/addra'(32) to pin: '/axi_bram_ctrl_0/bram_addr_a'(18) - Only lower order bits will be connected.
WARNING: [BD 41-2384] Width mismatch when connecting pin: '/processing_system7_0/S_AXI_HP0_AWID'(6) to pin: '/axi_mem_intercon/M00_AXI_awid'(1) - Only lower order bits will be connected.
WARNING: [BD 41-2384] Width mismatch when connecting pin: '/processing_system7_0/S_AXI_HP0_ARID'(6) to pin: '/axi_mem_intercon/M00_AXI_arid'(1) - Only lower order bits will be connected.
WARNING: [BD 41-2384] Width mismatch when connecting pin: '/processing_system7_0/S_AXI_HP0_WID'(6) to pin: '/axi_mem_intercon/M00_AXI_wid'(1) - Only lower order bits will be connected.
WARNING: [BD 41-2384] Width mismatch when connecting pin: '/axi_bram_ctrl_0_bram1/addra'(32) to pin: '/axi_bram_ctrl_1/bram_addr_a'(18) - Only lower order bits will be connected.
Verilog Output written to : c:/code/RFC-8439-fpga-implementation/AES-Cam-on-PYNQ-Z2-main/AES-Cam-on-PYNQ-Z2-main/AES_SYS/AES_SYS.gen/sources_1/bd/AES_SYS/sim/AES_SYS.v
Verilog Output written to : c:/code/RFC-8439-fpga-implementation/AES-Cam-on-PYNQ-Z2-main/AES-Cam-on-PYNQ-Z2-main/AES_SYS/AES_SYS.gen/sources_1/bd/AES_SYS/hdl/AES_SYS_wrapper.v
WARNING: [IP_Flow 19-4994] Overwriting existing constraint file 'c:/code/RFC-8439-fpga-implementation/AES-Cam-on-PYNQ-Z2-main/AES-Cam-on-PYNQ-Z2-main/AES_SYS/AES_SYS.gen/sources_1/bd/AES_SYS/ip/AES_SYS_auto_pc_11/AES_SYS_auto_pc_11_ooc.xdc'
INFO: [BD 41-1029] Generation completed for the IP Integrator block ps7_0_axi_periph/s00_couplers/auto_pc .
WARNING: [IP_Flow 19-4994] Overwriting existing constraint file 'c:/code/RFC-8439-fpga-implementation/AES-Cam-on-PYNQ-Z2-main/AES-Cam-on-PYNQ-Z2-main/AES_SYS/AES_SYS.gen/sources_1/bd/AES_SYS/ip/AES_SYS_auto_pc_0/AES_SYS_auto_pc_0_ooc.xdc'
INFO: [BD 41-1029] Generation completed for the IP Integrator block ps7_0_axi_periph/m00_couplers/auto_pc .
WARNING: [IP_Flow 19-4994] Overwriting existing constraint file 'c:/code/RFC-8439-fpga-implementation/AES-Cam-on-PYNQ-Z2-main/AES-Cam-on-PYNQ-Z2-main/AES_SYS/AES_SYS.gen/sources_1/bd/AES_SYS/ip/AES_SYS_auto_pc_1/AES_SYS_auto_pc_1_ooc.xdc'
INFO: [BD 41-1029] Generation completed for the IP Integrator block ps7_0_axi_periph/m01_couplers/auto_pc .
WARNING: [IP_Flow 19-4994] Overwriting existing constraint file 'c:/code/RFC-8439-fpga-implementation/AES-Cam-on-PYNQ-Z2-main/AES-Cam-on-PYNQ-Z2-main/AES_SYS/AES_SYS.gen/sources_1/bd/AES_SYS/ip/AES_SYS_auto_pc_2/AES_SYS_auto_pc_2_ooc.xdc'
INFO: [BD 41-1029] Generation completed for the IP Integrator block ps7_0_axi_periph/m02_couplers/auto_pc .
WARNING: [IP_Flow 19-4994] Overwriting existing constraint file 'c:/code/RFC-8439-fpga-implementation/AES-Cam-on-PYNQ-Z2-main/AES-Cam-on-PYNQ-Z2-main/AES_SYS/AES_SYS.gen/sources_1/bd/AES_SYS/ip/AES_SYS_auto_pc_3/AES_SYS_auto_pc_3_ooc.xdc'
INFO: [BD 41-1029] Generation completed for the IP Integrator block ps7_0_axi_periph/m03_couplers/auto_pc .
WARNING: [IP_Flow 19-4994] Overwriting existing constraint file 'c:/code/RFC-8439-fpga-implementation/AES-Cam-on-PYNQ-Z2-main/AES-Cam-on-PYNQ-Z2-main/AES_SYS/AES_SYS.gen/sources_1/bd/AES_SYS/ip/AES_SYS_auto_pc_4/AES_SYS_auto_pc_4_ooc.xdc'
INFO: [BD 41-1029] Generation completed for the IP Integrator block ps7_0_axi_periph/m04_couplers/auto_pc .
WARNING: [IP_Flow 19-4994] Overwriting existing constraint file 'c:/code/RFC-8439-fpga-implementation/AES-Cam-on-PYNQ-Z2-main/AES-Cam-on-PYNQ-Z2-main/AES_SYS/AES_SYS.gen/sources_1/bd/AES_SYS/ip/AES_SYS_auto_pc_5/AES_SYS_auto_pc_5_ooc.xdc'
INFO: [BD 41-1029] Generation completed for the IP Integrator block ps7_0_axi_periph/m05_couplers/auto_pc .
WARNING: [IP_Flow 19-4994] Overwriting existing constraint file 'c:/code/RFC-8439-fpga-implementation/AES-Cam-on-PYNQ-Z2-main/AES-Cam-on-PYNQ-Z2-main/AES_SYS/AES_SYS.gen/sources_1/bd/AES_SYS/ip/AES_SYS_auto_pc_6/AES_SYS_auto_pc_6_ooc.xdc'
INFO: [BD 41-1029] Generation completed for the IP Integrator block ps7_0_axi_periph/m06_couplers/auto_pc .
WARNING: [IP_Flow 19-4994] Overwriting existing constraint file 'c:/code/RFC-8439-fpga-implementation/AES-Cam-on-PYNQ-Z2-main/AES-Cam-on-PYNQ-Z2-main/AES_SYS/AES_SYS.gen/sources_1/bd/AES_SYS/ip/AES_SYS_auto_pc_7/AES_SYS_auto_pc_7_ooc.xdc'
INFO: [BD 41-1029] Generation completed for the IP Integrator block ps7_0_axi_periph/m08_couplers/auto_pc .
WARNING: [IP_Flow 19-4994] Overwriting existing constraint file 'c:/code/RFC-8439-fpga-implementation/AES-Cam-on-PYNQ-Z2-main/AES-Cam-on-PYNQ-Z2-main/AES_SYS/AES_SYS.gen/sources_1/bd/AES_SYS/ip/AES_SYS_auto_pc_8/AES_SYS_auto_pc_8_ooc.xdc'
INFO: [BD 41-1029] Generation completed for the IP Integrator block ps7_0_axi_periph/m09_couplers/auto_pc .
WARNING: [IP_Flow 19-4994] Overwriting existing constraint file 'c:/code/RFC-8439-fpga-implementation/AES-Cam-on-PYNQ-Z2-main/AES-Cam-on-PYNQ-Z2-main/AES_SYS/AES_SYS.gen/sources_1/bd/AES_SYS/ip/AES_SYS_auto_pc_9/AES_SYS_auto_pc_9_ooc.xdc'
INFO: [BD 41-1029] Generation completed for the IP Integrator block ps7_0_axi_periph/m11_couplers/auto_pc .
WARNING: [IP_Flow 19-4994] Overwriting existing constraint file 'c:/code/RFC-8439-fpga-implementation/AES-Cam-on-PYNQ-Z2-main/AES-Cam-on-PYNQ-Z2-main/AES_SYS/AES_SYS.gen/sources_1/bd/AES_SYS/ip/AES_SYS_auto_pc_10/AES_SYS_auto_pc_10_ooc.xdc'
INFO: [BD 41-1029] Generation completed for the IP Integrator block ps7_0_axi_periph/m13_couplers/auto_pc .
WARNING: [IP_Flow 19-4994] Overwriting existing constraint file 'c:/code/RFC-8439-fpga-implementation/AES-Cam-on-PYNQ-Z2-main/AES-Cam-on-PYNQ-Z2-main/AES_SYS/AES_SYS.gen/sources_1/bd/AES_SYS/ip/AES_SYS_auto_pc_12/AES_SYS_auto_pc_12_ooc.xdc'
INFO: [BD 41-1029] Generation completed for the IP Integrator block axi_mem_intercon/m00_couplers/auto_pc .
WARNING: [IP_Flow 19-4994] Overwriting existing constraint file 'c:/code/RFC-8439-fpga-implementation/AES-Cam-on-PYNQ-Z2-main/AES-Cam-on-PYNQ-Z2-main/AES_SYS/AES_SYS.gen/sources_1/bd/AES_SYS/ip/AES_SYS_auto_us_0/AES_SYS_auto_us_0_ooc.xdc'
INFO: [IP_Flow 19-5611] Unable to find an associated reset port for the interface 'S_AXI'. A default connection has been created.
INFO: [IP_Flow 19-5611] Unable to find an associated reset port for the interface 'M_AXI'. A default connection has been created.
INFO: [BD 41-1029] Generation completed for the IP Integrator block axi_mem_intercon_1/s00_couplers/auto_us .
WARNING: [IP_Flow 19-4994] Overwriting existing constraint file 'c:/code/RFC-8439-fpga-implementation/AES-Cam-on-PYNQ-Z2-main/AES-Cam-on-PYNQ-Z2-main/AES_SYS/AES_SYS.gen/sources_1/bd/AES_SYS/ip/AES_SYS_auto_pc_13/AES_SYS_auto_pc_13_ooc.xdc'
INFO: [BD 41-1029] Generation completed for the IP Integrator block axi_mem_intercon_1/m00_couplers/auto_pc .
WARNING: [IP_Flow 19-4994] Overwriting existing constraint file 'c:/code/RFC-8439-fpga-implementation/AES-Cam-on-PYNQ-Z2-main/AES-Cam-on-PYNQ-Z2-main/AES_SYS/AES_SYS.gen/sources_1/bd/AES_SYS/ip/AES_SYS_auto_ds_0/AES_SYS_auto_ds_0_ooc.xdc'
INFO: [IP_Flow 19-5611] Unable to find an associated reset port for the interface 'S_AXI'. A default connection has been created.
INFO: [IP_Flow 19-5611] Unable to find an associated reset port for the interface 'M_AXI'. A default connection has been created.
INFO: [BD 41-1029] Generation completed for the IP Integrator block axi_mem_intercon_1/m01_couplers/auto_ds .
WARNING: [IP_Flow 19-4994] Overwriting existing constraint file 'c:/code/RFC-8439-fpga-implementation/AES-Cam-on-PYNQ-Z2-main/AES-Cam-on-PYNQ-Z2-main/AES_SYS/AES_SYS.gen/sources_1/bd/AES_SYS/ip/AES_SYS_auto_ds_1/AES_SYS_auto_ds_1_ooc.xdc'
INFO: [IP_Flow 19-5611] Unable to find an associated reset port for the interface 'S_AXI'. A default connection has been created.
INFO: [IP_Flow 19-5611] Unable to find an associated reset port for the interface 'M_AXI'. A default connection has been created.
INFO: [BD 41-1029] Generation completed for the IP Integrator block axi_mem_intercon_1/m02_couplers/auto_ds .
Exporting to file c:/code/RFC-8439-fpga-implementation/AES-Cam-on-PYNQ-Z2-main/AES-Cam-on-PYNQ-Z2-main/AES_SYS/AES_SYS.gen/sources_1/bd/AES_SYS/hw_handoff/AES_SYS.hwh
Generated Hardware Definition File c:/code/RFC-8439-fpga-implementation/AES-Cam-on-PYNQ-Z2-main/AES-Cam-on-PYNQ-Z2-main/AES_SYS/AES_SYS.gen/sources_1/bd/AES_SYS/synth/AES_SYS.hwdef
generate_target: Time (s): cpu = 00:00:35 ; elapsed = 00:00:37 . Memory (MB): peak = 5775.535 ; gain = 0.000
catch { config_ip_cache -export [get_ips -all AES_SYS_auto_pc_11] }
INFO: [IP_Flow 19-6924] IPCACHE: Running cache check for IP inst: AES_SYS_auto_pc_11
INFO: [IP_Flow 19-6922] IPCACHE: Exporting cached entry e640ebf91d268473 to dir: c:/code/RFC-8439-fpga-implementation/AES-Cam-on-PYNQ-Z2-main/AES-Cam-on-PYNQ-Z2-main/AES_SYS/AES_SYS.gen/sources_1/bd/AES_SYS/ip/AES_SYS_auto_pc_11
INFO: [IP_Flow 19-6928] IPCACHE: copied cached file c:/code/RFC-8439-fpga-implementation/AES-Cam-on-PYNQ-Z2-main/AES-Cam-on-PYNQ-Z2-main/AES_SYS/AES_SYS.cache/ip/2023.2/e/6/e640ebf91d268473/AES_SYS_auto_pc_11.dcp to c:/code/RFC-8439-fpga-implementation/AES-Cam-on-PYNQ-Z2-main/AES-Cam-on-PYNQ-Z2-main/AES_SYS/AES_SYS.gen/sources_1/bd/AES_SYS/ip/AES_SYS_auto_pc_11/AES_SYS_auto_pc_11.dcp.
INFO: [IP_Flow 19-6926] IPCACHE: added file to list for BOM: c:/code/RFC-8439-fpga-implementation/AES-Cam-on-PYNQ-Z2-main/AES-Cam-on-PYNQ-Z2-main/AES_SYS/AES_SYS.gen/sources_1/bd/AES_SYS/ip/AES_SYS_auto_pc_11/AES_SYS_auto_pc_11.dcp
INFO: [IP_Flow 19-6928] IPCACHE: copied cached file c:/code/RFC-8439-fpga-implementation/AES-Cam-on-PYNQ-Z2-main/AES-Cam-on-PYNQ-Z2-main/AES_SYS/AES_SYS.cache/ip/2023.2/e/6/e640ebf91d268473/AES_SYS_auto_pc_11_sim_netlist.v to c:/code/RFC-8439-fpga-implementation/AES-Cam-on-PYNQ-Z2-main/AES-Cam-on-PYNQ-Z2-main/AES_SYS/AES_SYS.gen/sources_1/bd/AES_SYS/ip/AES_SYS_auto_pc_11/AES_SYS_auto_pc_11_sim_netlist.v.
INFO: [IP_Flow 19-6926] IPCACHE: added file to list for BOM: c:/code/RFC-8439-fpga-implementation/AES-Cam-on-PYNQ-Z2-main/AES-Cam-on-PYNQ-Z2-main/AES_SYS/AES_SYS.gen/sources_1/bd/AES_SYS/ip/AES_SYS_auto_pc_11/AES_SYS_auto_pc_11_sim_netlist.v
INFO: [IP_Flow 19-6928] IPCACHE: copied cached file c:/code/RFC-8439-fpga-implementation/AES-Cam-on-PYNQ-Z2-main/AES-Cam-on-PYNQ-Z2-main/AES_SYS/AES_SYS.cache/ip/2023.2/e/6/e640ebf91d268473/AES_SYS_auto_pc_11_sim_netlist.vhdl to c:/code/RFC-8439-fpga-implementation/AES-Cam-on-PYNQ-Z2-main/AES-Cam-on-PYNQ-Z2-main/AES_SYS/AES_SYS.gen/sources_1/bd/AES_SYS/ip/AES_SYS_auto_pc_11/AES_SYS_auto_pc_11_sim_netlist.vhdl.
INFO: [IP_Flow 19-6926] IPCACHE: added file to list for BOM: c:/code/RFC-8439-fpga-implementation/AES-Cam-on-PYNQ-Z2-main/AES-Cam-on-PYNQ-Z2-main/AES_SYS/AES_SYS.gen/sources_1/bd/AES_SYS/ip/AES_SYS_auto_pc_11/AES_SYS_auto_pc_11_sim_netlist.vhdl
INFO: [IP_Flow 19-6928] IPCACHE: copied cached file c:/code/RFC-8439-fpga-implementation/AES-Cam-on-PYNQ-Z2-main/AES-Cam-on-PYNQ-Z2-main/AES_SYS/AES_SYS.cache/ip/2023.2/e/6/e640ebf91d268473/AES_SYS_auto_pc_11_stub.v to c:/code/RFC-8439-fpga-implementation/AES-Cam-on-PYNQ-Z2-main/AES-Cam-on-PYNQ-Z2-main/AES_SYS/AES_SYS.gen/sources_1/bd/AES_SYS/ip/AES_SYS_auto_pc_11/AES_SYS_auto_pc_11_stub.v.
INFO: [IP_Flow 19-6926] IPCACHE: added file to list for BOM: c:/code/RFC-8439-fpga-implementation/AES-Cam-on-PYNQ-Z2-main/AES-Cam-on-PYNQ-Z2-main/AES_SYS/AES_SYS.gen/sources_1/bd/AES_SYS/ip/AES_SYS_auto_pc_11/AES_SYS_auto_pc_11_stub.v
INFO: [IP_Flow 19-6928] IPCACHE: copied cached file c:/code/RFC-8439-fpga-implementation/AES-Cam-on-PYNQ-Z2-main/AES-Cam-on-PYNQ-Z2-main/AES_SYS/AES_SYS.cache/ip/2023.2/e/6/e640ebf91d268473/AES_SYS_auto_pc_11_stub.vhdl to c:/code/RFC-8439-fpga-implementation/AES-Cam-on-PYNQ-Z2-main/AES-Cam-on-PYNQ-Z2-main/AES_SYS/AES_SYS.gen/sources_1/bd/AES_SYS/ip/AES_SYS_auto_pc_11/AES_SYS_auto_pc_11_stub.vhdl.
INFO: [IP_Flow 19-6926] IPCACHE: added file to list for BOM: c:/code/RFC-8439-fpga-implementation/AES-Cam-on-PYNQ-Z2-main/AES-Cam-on-PYNQ-Z2-main/AES_SYS/AES_SYS.gen/sources_1/bd/AES_SYS/ip/AES_SYS_auto_pc_11/AES_SYS_auto_pc_11_stub.vhdl
INFO: [IP_Flow 19-4993] Using cached IP synthesis design for IP AES_SYS_auto_pc_11, cache-ID = e640ebf91d268473; cache size = 149.279 MB.
catch { config_ip_cache -export [get_ips -all AES_SYS_auto_pc_0] }
INFO: [IP_Flow 19-6924] IPCACHE: Running cache check for IP inst: AES_SYS_auto_pc_0
INFO: [IP_Flow 19-6922] IPCACHE: Exporting cached entry 3bc72d579e6ad5e4 to dir: c:/code/RFC-8439-fpga-implementation/AES-Cam-on-PYNQ-Z2-main/AES-Cam-on-PYNQ-Z2-main/AES_SYS/AES_SYS.gen/sources_1/bd/AES_SYS/ip/AES_SYS_auto_pc_0
INFO: [IP_Flow 19-6928] IPCACHE: copied cached file c:/code/RFC-8439-fpga-implementation/AES-Cam-on-PYNQ-Z2-main/AES-Cam-on-PYNQ-Z2-main/AES_SYS/AES_SYS.cache/ip/2023.2/3/b/3bc72d579e6ad5e4/AES_SYS_auto_pc_0.dcp to c:/code/RFC-8439-fpga-implementation/AES-Cam-on-PYNQ-Z2-main/AES-Cam-on-PYNQ-Z2-main/AES_SYS/AES_SYS.gen/sources_1/bd/AES_SYS/ip/AES_SYS_auto_pc_0/AES_SYS_auto_pc_0.dcp.
INFO: [IP_Flow 19-6926] IPCACHE: added file to list for BOM: c:/code/RFC-8439-fpga-implementation/AES-Cam-on-PYNQ-Z2-main/AES-Cam-on-PYNQ-Z2-main/AES_SYS/AES_SYS.gen/sources_1/bd/AES_SYS/ip/AES_SYS_auto_pc_0/AES_SYS_auto_pc_0.dcp
INFO: [IP_Flow 19-6928] IPCACHE: copied cached file c:/code/RFC-8439-fpga-implementation/AES-Cam-on-PYNQ-Z2-main/AES-Cam-on-PYNQ-Z2-main/AES_SYS/AES_SYS.cache/ip/2023.2/3/b/3bc72d579e6ad5e4/AES_SYS_auto_pc_0_sim_netlist.v to c:/code/RFC-8439-fpga-implementation/AES-Cam-on-PYNQ-Z2-main/AES-Cam-on-PYNQ-Z2-main/AES_SYS/AES_SYS.gen/sources_1/bd/AES_SYS/ip/AES_SYS_auto_pc_0/AES_SYS_auto_pc_0_sim_netlist.v.
INFO: [IP_Flow 19-6926] IPCACHE: added file to list for BOM: c:/code/RFC-8439-fpga-implementation/AES-Cam-on-PYNQ-Z2-main/AES-Cam-on-PYNQ-Z2-main/AES_SYS/AES_SYS.gen/sources_1/bd/AES_SYS/ip/AES_SYS_auto_pc_0/AES_SYS_auto_pc_0_sim_netlist.v
INFO: [IP_Flow 19-6928] IPCACHE: copied cached file c:/code/RFC-8439-fpga-implementation/AES-Cam-on-PYNQ-Z2-main/AES-Cam-on-PYNQ-Z2-main/AES_SYS/AES_SYS.cache/ip/2023.2/3/b/3bc72d579e6ad5e4/AES_SYS_auto_pc_0_sim_netlist.vhdl to c:/code/RFC-8439-fpga-implementation/AES-Cam-on-PYNQ-Z2-main/AES-Cam-on-PYNQ-Z2-main/AES_SYS/AES_SYS.gen/sources_1/bd/AES_SYS/ip/AES_SYS_auto_pc_0/AES_SYS_auto_pc_0_sim_netlist.vhdl.
INFO: [IP_Flow 19-6926] IPCACHE: added file to list for BOM: c:/code/RFC-8439-fpga-implementation/AES-Cam-on-PYNQ-Z2-main/AES-Cam-on-PYNQ-Z2-main/AES_SYS/AES_SYS.gen/sources_1/bd/AES_SYS/ip/AES_SYS_auto_pc_0/AES_SYS_auto_pc_0_sim_netlist.vhdl
INFO: [IP_Flow 19-6928] IPCACHE: copied cached file c:/code/RFC-8439-fpga-implementation/AES-Cam-on-PYNQ-Z2-main/AES-Cam-on-PYNQ-Z2-main/AES_SYS/AES_SYS.cache/ip/2023.2/3/b/3bc72d579e6ad5e4/AES_SYS_auto_pc_0_stub.v to c:/code/RFC-8439-fpga-implementation/AES-Cam-on-PYNQ-Z2-main/AES-Cam-on-PYNQ-Z2-main/AES_SYS/AES_SYS.gen/sources_1/bd/AES_SYS/ip/AES_SYS_auto_pc_0/AES_SYS_auto_pc_0_stub.v.
INFO: [IP_Flow 19-6926] IPCACHE: added file to list for BOM: c:/code/RFC-8439-fpga-implementation/AES-Cam-on-PYNQ-Z2-main/AES-Cam-on-PYNQ-Z2-main/AES_SYS/AES_SYS.gen/sources_1/bd/AES_SYS/ip/AES_SYS_auto_pc_0/AES_SYS_auto_pc_0_stub.v
INFO: [IP_Flow 19-6928] IPCACHE: copied cached file c:/code/RFC-8439-fpga-implementation/AES-Cam-on-PYNQ-Z2-main/AES-Cam-on-PYNQ-Z2-main/AES_SYS/AES_SYS.cache/ip/2023.2/3/b/3bc72d579e6ad5e4/AES_SYS_auto_pc_0_stub.vhdl to c:/code/RFC-8439-fpga-implementation/AES-Cam-on-PYNQ-Z2-main/AES-Cam-on-PYNQ-Z2-main/AES_SYS/AES_SYS.gen/sources_1/bd/AES_SYS/ip/AES_SYS_auto_pc_0/AES_SYS_auto_pc_0_stub.vhdl.
INFO: [IP_Flow 19-6926] IPCACHE: added file to list for BOM: c:/code/RFC-8439-fpga-implementation/AES-Cam-on-PYNQ-Z2-main/AES-Cam-on-PYNQ-Z2-main/AES_SYS/AES_SYS.gen/sources_1/bd/AES_SYS/ip/AES_SYS_auto_pc_0/AES_SYS_auto_pc_0_stub.vhdl
INFO: [IP_Flow 19-4993] Using cached IP synthesis design for IP AES_SYS_auto_pc_0, cache-ID = 3bc72d579e6ad5e4; cache size = 149.279 MB.
catch { config_ip_cache -export [get_ips -all AES_SYS_auto_pc_1] }
INFO: [IP_Flow 19-6924] IPCACHE: Running cache check for IP inst: AES_SYS_auto_pc_1
INFO: [IP_Flow 19-6922] IPCACHE: Exporting cached entry 3bc72d579e6ad5e4 to dir: c:/code/RFC-8439-fpga-implementation/AES-Cam-on-PYNQ-Z2-main/AES-Cam-on-PYNQ-Z2-main/AES_SYS/AES_SYS.gen/sources_1/bd/AES_SYS/ip/AES_SYS_auto_pc_1
INFO: [IP_Flow 19-6928] IPCACHE: copied cached file c:/code/RFC-8439-fpga-implementation/AES-Cam-on-PYNQ-Z2-main/AES-Cam-on-PYNQ-Z2-main/AES_SYS/AES_SYS.cache/ip/2023.2/3/b/3bc72d579e6ad5e4/AES_SYS_auto_pc_0.dcp to c:/code/RFC-8439-fpga-implementation/AES-Cam-on-PYNQ-Z2-main/AES-Cam-on-PYNQ-Z2-main/AES_SYS/AES_SYS.gen/sources_1/bd/AES_SYS/ip/AES_SYS_auto_pc_1/AES_SYS_auto_pc_1.dcp.
INFO: [IP_Flow 19-6926] IPCACHE: added file to list for BOM: c:/code/RFC-8439-fpga-implementation/AES-Cam-on-PYNQ-Z2-main/AES-Cam-on-PYNQ-Z2-main/AES_SYS/AES_SYS.gen/sources_1/bd/AES_SYS/ip/AES_SYS_auto_pc_1/AES_SYS_auto_pc_1.dcp
INFO: [IP_Flow 19-6928] IPCACHE: copied cached file c:/code/RFC-8439-fpga-implementation/AES-Cam-on-PYNQ-Z2-main/AES-Cam-on-PYNQ-Z2-main/AES_SYS/AES_SYS.cache/ip/2023.2/3/b/3bc72d579e6ad5e4/AES_SYS_auto_pc_0_sim_netlist.v to c:/code/RFC-8439-fpga-implementation/AES-Cam-on-PYNQ-Z2-main/AES-Cam-on-PYNQ-Z2-main/AES_SYS/AES_SYS.gen/sources_1/bd/AES_SYS/ip/AES_SYS_auto_pc_1/AES_SYS_auto_pc_1_sim_netlist.v.
INFO: [IP_Flow 19-6926] IPCACHE: added file to list for BOM: c:/code/RFC-8439-fpga-implementation/AES-Cam-on-PYNQ-Z2-main/AES-Cam-on-PYNQ-Z2-main/AES_SYS/AES_SYS.gen/sources_1/bd/AES_SYS/ip/AES_SYS_auto_pc_1/AES_SYS_auto_pc_1_sim_netlist.v
INFO: [IP_Flow 19-6928] IPCACHE: copied cached file c:/code/RFC-8439-fpga-implementation/AES-Cam-on-PYNQ-Z2-main/AES-Cam-on-PYNQ-Z2-main/AES_SYS/AES_SYS.cache/ip/2023.2/3/b/3bc72d579e6ad5e4/AES_SYS_auto_pc_0_sim_netlist.vhdl to c:/code/RFC-8439-fpga-implementation/AES-Cam-on-PYNQ-Z2-main/AES-Cam-on-PYNQ-Z2-main/AES_SYS/AES_SYS.gen/sources_1/bd/AES_SYS/ip/AES_SYS_auto_pc_1/AES_SYS_auto_pc_1_sim_netlist.vhdl.
INFO: [IP_Flow 19-6926] IPCACHE: added file to list for BOM: c:/code/RFC-8439-fpga-implementation/AES-Cam-on-PYNQ-Z2-main/AES-Cam-on-PYNQ-Z2-main/AES_SYS/AES_SYS.gen/sources_1/bd/AES_SYS/ip/AES_SYS_auto_pc_1/AES_SYS_auto_pc_1_sim_netlist.vhdl
INFO: [IP_Flow 19-6928] IPCACHE: copied cached file c:/code/RFC-8439-fpga-implementation/AES-Cam-on-PYNQ-Z2-main/AES-Cam-on-PYNQ-Z2-main/AES_SYS/AES_SYS.cache/ip/2023.2/3/b/3bc72d579e6ad5e4/AES_SYS_auto_pc_0_stub.v to c:/code/RFC-8439-fpga-implementation/AES-Cam-on-PYNQ-Z2-main/AES-Cam-on-PYNQ-Z2-main/AES_SYS/AES_SYS.gen/sources_1/bd/AES_SYS/ip/AES_SYS_auto_pc_1/AES_SYS_auto_pc_1_stub.v.
INFO: [IP_Flow 19-6926] IPCACHE: added file to list for BOM: c:/code/RFC-8439-fpga-implementation/AES-Cam-on-PYNQ-Z2-main/AES-Cam-on-PYNQ-Z2-main/AES_SYS/AES_SYS.gen/sources_1/bd/AES_SYS/ip/AES_SYS_auto_pc_1/AES_SYS_auto_pc_1_stub.v
INFO: [IP_Flow 19-6928] IPCACHE: copied cached file c:/code/RFC-8439-fpga-implementation/AES-Cam-on-PYNQ-Z2-main/AES-Cam-on-PYNQ-Z2-main/AES_SYS/AES_SYS.cache/ip/2023.2/3/b/3bc72d579e6ad5e4/AES_SYS_auto_pc_0_stub.vhdl to c:/code/RFC-8439-fpga-implementation/AES-Cam-on-PYNQ-Z2-main/AES-Cam-on-PYNQ-Z2-main/AES_SYS/AES_SYS.gen/sources_1/bd/AES_SYS/ip/AES_SYS_auto_pc_1/AES_SYS_auto_pc_1_stub.vhdl.
INFO: [IP_Flow 19-6926] IPCACHE: added file to list for BOM: c:/code/RFC-8439-fpga-implementation/AES-Cam-on-PYNQ-Z2-main/AES-Cam-on-PYNQ-Z2-main/AES_SYS/AES_SYS.gen/sources_1/bd/AES_SYS/ip/AES_SYS_auto_pc_1/AES_SYS_auto_pc_1_stub.vhdl
INFO: [IP_Flow 19-4993] Using cached IP synthesis design for IP AES_SYS_auto_pc_1, cache-ID = 3bc72d579e6ad5e4; cache size = 149.279 MB.
catch { config_ip_cache -export [get_ips -all AES_SYS_auto_pc_2] }
INFO: [IP_Flow 19-6924] IPCACHE: Running cache check for IP inst: AES_SYS_auto_pc_2
INFO: [IP_Flow 19-6922] IPCACHE: Exporting cached entry 3bc72d579e6ad5e4 to dir: c:/code/RFC-8439-fpga-implementation/AES-Cam-on-PYNQ-Z2-main/AES-Cam-on-PYNQ-Z2-main/AES_SYS/AES_SYS.gen/sources_1/bd/AES_SYS/ip/AES_SYS_auto_pc_2
INFO: [IP_Flow 19-6928] IPCACHE: copied cached file c:/code/RFC-8439-fpga-implementation/AES-Cam-on-PYNQ-Z2-main/AES-Cam-on-PYNQ-Z2-main/AES_SYS/AES_SYS.cache/ip/2023.2/3/b/3bc72d579e6ad5e4/AES_SYS_auto_pc_0.dcp to c:/code/RFC-8439-fpga-implementation/AES-Cam-on-PYNQ-Z2-main/AES-Cam-on-PYNQ-Z2-main/AES_SYS/AES_SYS.gen/sources_1/bd/AES_SYS/ip/AES_SYS_auto_pc_2/AES_SYS_auto_pc_2.dcp.
INFO: [IP_Flow 19-6926] IPCACHE: added file to list for BOM: c:/code/RFC-8439-fpga-implementation/AES-Cam-on-PYNQ-Z2-main/AES-Cam-on-PYNQ-Z2-main/AES_SYS/AES_SYS.gen/sources_1/bd/AES_SYS/ip/AES_SYS_auto_pc_2/AES_SYS_auto_pc_2.dcp
INFO: [IP_Flow 19-6928] IPCACHE: copied cached file c:/code/RFC-8439-fpga-implementation/AES-Cam-on-PYNQ-Z2-main/AES-Cam-on-PYNQ-Z2-main/AES_SYS/AES_SYS.cache/ip/2023.2/3/b/3bc72d579e6ad5e4/AES_SYS_auto_pc_0_sim_netlist.v to c:/code/RFC-8439-fpga-implementation/AES-Cam-on-PYNQ-Z2-main/AES-Cam-on-PYNQ-Z2-main/AES_SYS/AES_SYS.gen/sources_1/bd/AES_SYS/ip/AES_SYS_auto_pc_2/AES_SYS_auto_pc_2_sim_netlist.v.
INFO: [IP_Flow 19-6926] IPCACHE: added file to list for BOM: c:/code/RFC-8439-fpga-implementation/AES-Cam-on-PYNQ-Z2-main/AES-Cam-on-PYNQ-Z2-main/AES_SYS/AES_SYS.gen/sources_1/bd/AES_SYS/ip/AES_SYS_auto_pc_2/AES_SYS_auto_pc_2_sim_netlist.v
INFO: [IP_Flow 19-6928] IPCACHE: copied cached file c:/code/RFC-8439-fpga-implementation/AES-Cam-on-PYNQ-Z2-main/AES-Cam-on-PYNQ-Z2-main/AES_SYS/AES_SYS.cache/ip/2023.2/3/b/3bc72d579e6ad5e4/AES_SYS_auto_pc_0_sim_netlist.vhdl to c:/code/RFC-8439-fpga-implementation/AES-Cam-on-PYNQ-Z2-main/AES-Cam-on-PYNQ-Z2-main/AES_SYS/AES_SYS.gen/sources_1/bd/AES_SYS/ip/AES_SYS_auto_pc_2/AES_SYS_auto_pc_2_sim_netlist.vhdl.
INFO: [IP_Flow 19-6926] IPCACHE: added file to list for BOM: c:/code/RFC-8439-fpga-implementation/AES-Cam-on-PYNQ-Z2-main/AES-Cam-on-PYNQ-Z2-main/AES_SYS/AES_SYS.gen/sources_1/bd/AES_SYS/ip/AES_SYS_auto_pc_2/AES_SYS_auto_pc_2_sim_netlist.vhdl
INFO: [IP_Flow 19-6928] IPCACHE: copied cached file c:/code/RFC-8439-fpga-implementation/AES-Cam-on-PYNQ-Z2-main/AES-Cam-on-PYNQ-Z2-main/AES_SYS/AES_SYS.cache/ip/2023.2/3/b/3bc72d579e6ad5e4/AES_SYS_auto_pc_0_stub.v to c:/code/RFC-8439-fpga-implementation/AES-Cam-on-PYNQ-Z2-main/AES-Cam-on-PYNQ-Z2-main/AES_SYS/AES_SYS.gen/sources_1/bd/AES_SYS/ip/AES_SYS_auto_pc_2/AES_SYS_auto_pc_2_stub.v.
INFO: [IP_Flow 19-6926] IPCACHE: added file to list for BOM: c:/code/RFC-8439-fpga-implementation/AES-Cam-on-PYNQ-Z2-main/AES-Cam-on-PYNQ-Z2-main/AES_SYS/AES_SYS.gen/sources_1/bd/AES_SYS/ip/AES_SYS_auto_pc_2/AES_SYS_auto_pc_2_stub.v
INFO: [IP_Flow 19-6928] IPCACHE: copied cached file c:/code/RFC-8439-fpga-implementation/AES-Cam-on-PYNQ-Z2-main/AES-Cam-on-PYNQ-Z2-main/AES_SYS/AES_SYS.cache/ip/2023.2/3/b/3bc72d579e6ad5e4/AES_SYS_auto_pc_0_stub.vhdl to c:/code/RFC-8439-fpga-implementation/AES-Cam-on-PYNQ-Z2-main/AES-Cam-on-PYNQ-Z2-main/AES_SYS/AES_SYS.gen/sources_1/bd/AES_SYS/ip/AES_SYS_auto_pc_2/AES_SYS_auto_pc_2_stub.vhdl.
INFO: [IP_Flow 19-6926] IPCACHE: added file to list for BOM: c:/code/RFC-8439-fpga-implementation/AES-Cam-on-PYNQ-Z2-main/AES-Cam-on-PYNQ-Z2-main/AES_SYS/AES_SYS.gen/sources_1/bd/AES_SYS/ip/AES_SYS_auto_pc_2/AES_SYS_auto_pc_2_stub.vhdl
INFO: [IP_Flow 19-4993] Using cached IP synthesis design for IP AES_SYS_auto_pc_2, cache-ID = 3bc72d579e6ad5e4; cache size = 149.279 MB.
catch { config_ip_cache -export [get_ips -all AES_SYS_auto_pc_3] }
INFO: [IP_Flow 19-6924] IPCACHE: Running cache check for IP inst: AES_SYS_auto_pc_3
INFO: [IP_Flow 19-6922] IPCACHE: Exporting cached entry 3bc72d579e6ad5e4 to dir: c:/code/RFC-8439-fpga-implementation/AES-Cam-on-PYNQ-Z2-main/AES-Cam-on-PYNQ-Z2-main/AES_SYS/AES_SYS.gen/sources_1/bd/AES_SYS/ip/AES_SYS_auto_pc_3
INFO: [IP_Flow 19-6928] IPCACHE: copied cached file c:/code/RFC-8439-fpga-implementation/AES-Cam-on-PYNQ-Z2-main/AES-Cam-on-PYNQ-Z2-main/AES_SYS/AES_SYS.cache/ip/2023.2/3/b/3bc72d579e6ad5e4/AES_SYS_auto_pc_0.dcp to c:/code/RFC-8439-fpga-implementation/AES-Cam-on-PYNQ-Z2-main/AES-Cam-on-PYNQ-Z2-main/AES_SYS/AES_SYS.gen/sources_1/bd/AES_SYS/ip/AES_SYS_auto_pc_3/AES_SYS_auto_pc_3.dcp.
INFO: [IP_Flow 19-6926] IPCACHE: added file to list for BOM: c:/code/RFC-8439-fpga-implementation/AES-Cam-on-PYNQ-Z2-main/AES-Cam-on-PYNQ-Z2-main/AES_SYS/AES_SYS.gen/sources_1/bd/AES_SYS/ip/AES_SYS_auto_pc_3/AES_SYS_auto_pc_3.dcp
INFO: [IP_Flow 19-6928] IPCACHE: copied cached file c:/code/RFC-8439-fpga-implementation/AES-Cam-on-PYNQ-Z2-main/AES-Cam-on-PYNQ-Z2-main/AES_SYS/AES_SYS.cache/ip/2023.2/3/b/3bc72d579e6ad5e4/AES_SYS_auto_pc_0_sim_netlist.v to c:/code/RFC-8439-fpga-implementation/AES-Cam-on-PYNQ-Z2-main/AES-Cam-on-PYNQ-Z2-main/AES_SYS/AES_SYS.gen/sources_1/bd/AES_SYS/ip/AES_SYS_auto_pc_3/AES_SYS_auto_pc_3_sim_netlist.v.
INFO: [IP_Flow 19-6926] IPCACHE: added file to list for BOM: c:/code/RFC-8439-fpga-implementation/AES-Cam-on-PYNQ-Z2-main/AES-Cam-on-PYNQ-Z2-main/AES_SYS/AES_SYS.gen/sources_1/bd/AES_SYS/ip/AES_SYS_auto_pc_3/AES_SYS_auto_pc_3_sim_netlist.v
INFO: [IP_Flow 19-6928] IPCACHE: copied cached file c:/code/RFC-8439-fpga-implementation/AES-Cam-on-PYNQ-Z2-main/AES-Cam-on-PYNQ-Z2-main/AES_SYS/AES_SYS.cache/ip/2023.2/3/b/3bc72d579e6ad5e4/AES_SYS_auto_pc_0_sim_netlist.vhdl to c:/code/RFC-8439-fpga-implementation/AES-Cam-on-PYNQ-Z2-main/AES-Cam-on-PYNQ-Z2-main/AES_SYS/AES_SYS.gen/sources_1/bd/AES_SYS/ip/AES_SYS_auto_pc_3/AES_SYS_auto_pc_3_sim_netlist.vhdl.
INFO: [IP_Flow 19-6926] IPCACHE: added file to list for BOM: c:/code/RFC-8439-fpga-implementation/AES-Cam-on-PYNQ-Z2-main/AES-Cam-on-PYNQ-Z2-main/AES_SYS/AES_SYS.gen/sources_1/bd/AES_SYS/ip/AES_SYS_auto_pc_3/AES_SYS_auto_pc_3_sim_netlist.vhdl
INFO: [IP_Flow 19-6928] IPCACHE: copied cached file c:/code/RFC-8439-fpga-implementation/AES-Cam-on-PYNQ-Z2-main/AES-Cam-on-PYNQ-Z2-main/AES_SYS/AES_SYS.cache/ip/2023.2/3/b/3bc72d579e6ad5e4/AES_SYS_auto_pc_0_stub.v to c:/code/RFC-8439-fpga-implementation/AES-Cam-on-PYNQ-Z2-main/AES-Cam-on-PYNQ-Z2-main/AES_SYS/AES_SYS.gen/sources_1/bd/AES_SYS/ip/AES_SYS_auto_pc_3/AES_SYS_auto_pc_3_stub.v.
INFO: [IP_Flow 19-6926] IPCACHE: added file to list for BOM: c:/code/RFC-8439-fpga-implementation/AES-Cam-on-PYNQ-Z2-main/AES-Cam-on-PYNQ-Z2-main/AES_SYS/AES_SYS.gen/sources_1/bd/AES_SYS/ip/AES_SYS_auto_pc_3/AES_SYS_auto_pc_3_stub.v
INFO: [IP_Flow 19-6928] IPCACHE: copied cached file c:/code/RFC-8439-fpga-implementation/AES-Cam-on-PYNQ-Z2-main/AES-Cam-on-PYNQ-Z2-main/AES_SYS/AES_SYS.cache/ip/2023.2/3/b/3bc72d579e6ad5e4/AES_SYS_auto_pc_0_stub.vhdl to c:/code/RFC-8439-fpga-implementation/AES-Cam-on-PYNQ-Z2-main/AES-Cam-on-PYNQ-Z2-main/AES_SYS/AES_SYS.gen/sources_1/bd/AES_SYS/ip/AES_SYS_auto_pc_3/AES_SYS_auto_pc_3_stub.vhdl.
INFO: [IP_Flow 19-6926] IPCACHE: added file to list for BOM: c:/code/RFC-8439-fpga-implementation/AES-Cam-on-PYNQ-Z2-main/AES-Cam-on-PYNQ-Z2-main/AES_SYS/AES_SYS.gen/sources_1/bd/AES_SYS/ip/AES_SYS_auto_pc_3/AES_SYS_auto_pc_3_stub.vhdl
INFO: [IP_Flow 19-4993] Using cached IP synthesis design for IP AES_SYS_auto_pc_3, cache-ID = 3bc72d579e6ad5e4; cache size = 149.279 MB.
catch { config_ip_cache -export [get_ips -all AES_SYS_auto_pc_4] }
INFO: [IP_Flow 19-6924] IPCACHE: Running cache check for IP inst: AES_SYS_auto_pc_4
INFO: [IP_Flow 19-6922] IPCACHE: Exporting cached entry 3bc72d579e6ad5e4 to dir: c:/code/RFC-8439-fpga-implementation/AES-Cam-on-PYNQ-Z2-main/AES-Cam-on-PYNQ-Z2-main/AES_SYS/AES_SYS.gen/sources_1/bd/AES_SYS/ip/AES_SYS_auto_pc_4
INFO: [IP_Flow 19-6928] IPCACHE: copied cached file c:/code/RFC-8439-fpga-implementation/AES-Cam-on-PYNQ-Z2-main/AES-Cam-on-PYNQ-Z2-main/AES_SYS/AES_SYS.cache/ip/2023.2/3/b/3bc72d579e6ad5e4/AES_SYS_auto_pc_0.dcp to c:/code/RFC-8439-fpga-implementation/AES-Cam-on-PYNQ-Z2-main/AES-Cam-on-PYNQ-Z2-main/AES_SYS/AES_SYS.gen/sources_1/bd/AES_SYS/ip/AES_SYS_auto_pc_4/AES_SYS_auto_pc_4.dcp.
INFO: [IP_Flow 19-6926] IPCACHE: added file to list for BOM: c:/code/RFC-8439-fpga-implementation/AES-Cam-on-PYNQ-Z2-main/AES-Cam-on-PYNQ-Z2-main/AES_SYS/AES_SYS.gen/sources_1/bd/AES_SYS/ip/AES_SYS_auto_pc_4/AES_SYS_auto_pc_4.dcp
INFO: [IP_Flow 19-6928] IPCACHE: copied cached file c:/code/RFC-8439-fpga-implementation/AES-Cam-on-PYNQ-Z2-main/AES-Cam-on-PYNQ-Z2-main/AES_SYS/AES_SYS.cache/ip/2023.2/3/b/3bc72d579e6ad5e4/AES_SYS_auto_pc_0_sim_netlist.v to c:/code/RFC-8439-fpga-implementation/AES-Cam-on-PYNQ-Z2-main/AES-Cam-on-PYNQ-Z2-main/AES_SYS/AES_SYS.gen/sources_1/bd/AES_SYS/ip/AES_SYS_auto_pc_4/AES_SYS_auto_pc_4_sim_netlist.v.
INFO: [IP_Flow 19-6926] IPCACHE: added file to list for BOM: c:/code/RFC-8439-fpga-implementation/AES-Cam-on-PYNQ-Z2-main/AES-Cam-on-PYNQ-Z2-main/AES_SYS/AES_SYS.gen/sources_1/bd/AES_SYS/ip/AES_SYS_auto_pc_4/AES_SYS_auto_pc_4_sim_netlist.v
INFO: [IP_Flow 19-6928] IPCACHE: copied cached file c:/code/RFC-8439-fpga-implementation/AES-Cam-on-PYNQ-Z2-main/AES-Cam-on-PYNQ-Z2-main/AES_SYS/AES_SYS.cache/ip/2023.2/3/b/3bc72d579e6ad5e4/AES_SYS_auto_pc_0_sim_netlist.vhdl to c:/code/RFC-8439-fpga-implementation/AES-Cam-on-PYNQ-Z2-main/AES-Cam-on-PYNQ-Z2-main/AES_SYS/AES_SYS.gen/sources_1/bd/AES_SYS/ip/AES_SYS_auto_pc_4/AES_SYS_auto_pc_4_sim_netlist.vhdl.
INFO: [IP_Flow 19-6926] IPCACHE: added file to list for BOM: c:/code/RFC-8439-fpga-implementation/AES-Cam-on-PYNQ-Z2-main/AES-Cam-on-PYNQ-Z2-main/AES_SYS/AES_SYS.gen/sources_1/bd/AES_SYS/ip/AES_SYS_auto_pc_4/AES_SYS_auto_pc_4_sim_netlist.vhdl
INFO: [IP_Flow 19-6928] IPCACHE: copied cached file c:/code/RFC-8439-fpga-implementation/AES-Cam-on-PYNQ-Z2-main/AES-Cam-on-PYNQ-Z2-main/AES_SYS/AES_SYS.cache/ip/2023.2/3/b/3bc72d579e6ad5e4/AES_SYS_auto_pc_0_stub.v to c:/code/RFC-8439-fpga-implementation/AES-Cam-on-PYNQ-Z2-main/AES-Cam-on-PYNQ-Z2-main/AES_SYS/AES_SYS.gen/sources_1/bd/AES_SYS/ip/AES_SYS_auto_pc_4/AES_SYS_auto_pc_4_stub.v.
INFO: [IP_Flow 19-6926] IPCACHE: added file to list for BOM: c:/code/RFC-8439-fpga-implementation/AES-Cam-on-PYNQ-Z2-main/AES-Cam-on-PYNQ-Z2-main/AES_SYS/AES_SYS.gen/sources_1/bd/AES_SYS/ip/AES_SYS_auto_pc_4/AES_SYS_auto_pc_4_stub.v
INFO: [IP_Flow 19-6928] IPCACHE: copied cached file c:/code/RFC-8439-fpga-implementation/AES-Cam-on-PYNQ-Z2-main/AES-Cam-on-PYNQ-Z2-main/AES_SYS/AES_SYS.cache/ip/2023.2/3/b/3bc72d579e6ad5e4/AES_SYS_auto_pc_0_stub.vhdl to c:/code/RFC-8439-fpga-implementation/AES-Cam-on-PYNQ-Z2-main/AES-Cam-on-PYNQ-Z2-main/AES_SYS/AES_SYS.gen/sources_1/bd/AES_SYS/ip/AES_SYS_auto_pc_4/AES_SYS_auto_pc_4_stub.vhdl.
INFO: [IP_Flow 19-6926] IPCACHE: added file to list for BOM: c:/code/RFC-8439-fpga-implementation/AES-Cam-on-PYNQ-Z2-main/AES-Cam-on-PYNQ-Z2-main/AES_SYS/AES_SYS.gen/sources_1/bd/AES_SYS/ip/AES_SYS_auto_pc_4/AES_SYS_auto_pc_4_stub.vhdl
INFO: [IP_Flow 19-4993] Using cached IP synthesis design for IP AES_SYS_auto_pc_4, cache-ID = 3bc72d579e6ad5e4; cache size = 149.279 MB.
catch { config_ip_cache -export [get_ips -all AES_SYS_auto_pc_5] }
INFO: [IP_Flow 19-6924] IPCACHE: Running cache check for IP inst: AES_SYS_auto_pc_5
INFO: [IP_Flow 19-6922] IPCACHE: Exporting cached entry 3bc72d579e6ad5e4 to dir: c:/code/RFC-8439-fpga-implementation/AES-Cam-on-PYNQ-Z2-main/AES-Cam-on-PYNQ-Z2-main/AES_SYS/AES_SYS.gen/sources_1/bd/AES_SYS/ip/AES_SYS_auto_pc_5
INFO: [IP_Flow 19-6928] IPCACHE: copied cached file c:/code/RFC-8439-fpga-implementation/AES-Cam-on-PYNQ-Z2-main/AES-Cam-on-PYNQ-Z2-main/AES_SYS/AES_SYS.cache/ip/2023.2/3/b/3bc72d579e6ad5e4/AES_SYS_auto_pc_0.dcp to c:/code/RFC-8439-fpga-implementation/AES-Cam-on-PYNQ-Z2-main/AES-Cam-on-PYNQ-Z2-main/AES_SYS/AES_SYS.gen/sources_1/bd/AES_SYS/ip/AES_SYS_auto_pc_5/AES_SYS_auto_pc_5.dcp.
INFO: [IP_Flow 19-6926] IPCACHE: added file to list for BOM: c:/code/RFC-8439-fpga-implementation/AES-Cam-on-PYNQ-Z2-main/AES-Cam-on-PYNQ-Z2-main/AES_SYS/AES_SYS.gen/sources_1/bd/AES_SYS/ip/AES_SYS_auto_pc_5/AES_SYS_auto_pc_5.dcp
INFO: [IP_Flow 19-6928] IPCACHE: copied cached file c:/code/RFC-8439-fpga-implementation/AES-Cam-on-PYNQ-Z2-main/AES-Cam-on-PYNQ-Z2-main/AES_SYS/AES_SYS.cache/ip/2023.2/3/b/3bc72d579e6ad5e4/AES_SYS_auto_pc_0_sim_netlist.v to c:/code/RFC-8439-fpga-implementation/AES-Cam-on-PYNQ-Z2-main/AES-Cam-on-PYNQ-Z2-main/AES_SYS/AES_SYS.gen/sources_1/bd/AES_SYS/ip/AES_SYS_auto_pc_5/AES_SYS_auto_pc_5_sim_netlist.v.
INFO: [IP_Flow 19-6926] IPCACHE: added file to list for BOM: c:/code/RFC-8439-fpga-implementation/AES-Cam-on-PYNQ-Z2-main/AES-Cam-on-PYNQ-Z2-main/AES_SYS/AES_SYS.gen/sources_1/bd/AES_SYS/ip/AES_SYS_auto_pc_5/AES_SYS_auto_pc_5_sim_netlist.v
INFO: [IP_Flow 19-6928] IPCACHE: copied cached file c:/code/RFC-8439-fpga-implementation/AES-Cam-on-PYNQ-Z2-main/AES-Cam-on-PYNQ-Z2-main/AES_SYS/AES_SYS.cache/ip/2023.2/3/b/3bc72d579e6ad5e4/AES_SYS_auto_pc_0_sim_netlist.vhdl to c:/code/RFC-8439-fpga-implementation/AES-Cam-on-PYNQ-Z2-main/AES-Cam-on-PYNQ-Z2-main/AES_SYS/AES_SYS.gen/sources_1/bd/AES_SYS/ip/AES_SYS_auto_pc_5/AES_SYS_auto_pc_5_sim_netlist.vhdl.
INFO: [IP_Flow 19-6926] IPCACHE: added file to list for BOM: c:/code/RFC-8439-fpga-implementation/AES-Cam-on-PYNQ-Z2-main/AES-Cam-on-PYNQ-Z2-main/AES_SYS/AES_SYS.gen/sources_1/bd/AES_SYS/ip/AES_SYS_auto_pc_5/AES_SYS_auto_pc_5_sim_netlist.vhdl
INFO: [IP_Flow 19-6928] IPCACHE: copied cached file c:/code/RFC-8439-fpga-implementation/AES-Cam-on-PYNQ-Z2-main/AES-Cam-on-PYNQ-Z2-main/AES_SYS/AES_SYS.cache/ip/2023.2/3/b/3bc72d579e6ad5e4/AES_SYS_auto_pc_0_stub.v to c:/code/RFC-8439-fpga-implementation/AES-Cam-on-PYNQ-Z2-main/AES-Cam-on-PYNQ-Z2-main/AES_SYS/AES_SYS.gen/sources_1/bd/AES_SYS/ip/AES_SYS_auto_pc_5/AES_SYS_auto_pc_5_stub.v.
INFO: [IP_Flow 19-6926] IPCACHE: added file to list for BOM: c:/code/RFC-8439-fpga-implementation/AES-Cam-on-PYNQ-Z2-main/AES-Cam-on-PYNQ-Z2-main/AES_SYS/AES_SYS.gen/sources_1/bd/AES_SYS/ip/AES_SYS_auto_pc_5/AES_SYS_auto_pc_5_stub.v
INFO: [IP_Flow 19-6928] IPCACHE: copied cached file c:/code/RFC-8439-fpga-implementation/AES-Cam-on-PYNQ-Z2-main/AES-Cam-on-PYNQ-Z2-main/AES_SYS/AES_SYS.cache/ip/2023.2/3/b/3bc72d579e6ad5e4/AES_SYS_auto_pc_0_stub.vhdl to c:/code/RFC-8439-fpga-implementation/AES-Cam-on-PYNQ-Z2-main/AES-Cam-on-PYNQ-Z2-main/AES_SYS/AES_SYS.gen/sources_1/bd/AES_SYS/ip/AES_SYS_auto_pc_5/AES_SYS_auto_pc_5_stub.vhdl.
INFO: [IP_Flow 19-6926] IPCACHE: added file to list for BOM: c:/code/RFC-8439-fpga-implementation/AES-Cam-on-PYNQ-Z2-main/AES-Cam-on-PYNQ-Z2-main/AES_SYS/AES_SYS.gen/sources_1/bd/AES_SYS/ip/AES_SYS_auto_pc_5/AES_SYS_auto_pc_5_stub.vhdl
INFO: [IP_Flow 19-4993] Using cached IP synthesis design for IP AES_SYS_auto_pc_5, cache-ID = 3bc72d579e6ad5e4; cache size = 149.279 MB.
catch { config_ip_cache -export [get_ips -all AES_SYS_auto_pc_6] }
INFO: [IP_Flow 19-6924] IPCACHE: Running cache check for IP inst: AES_SYS_auto_pc_6
INFO: [IP_Flow 19-6922] IPCACHE: Exporting cached entry 3bc72d579e6ad5e4 to dir: c:/code/RFC-8439-fpga-implementation/AES-Cam-on-PYNQ-Z2-main/AES-Cam-on-PYNQ-Z2-main/AES_SYS/AES_SYS.gen/sources_1/bd/AES_SYS/ip/AES_SYS_auto_pc_6
INFO: [IP_Flow 19-6928] IPCACHE: copied cached file c:/code/RFC-8439-fpga-implementation/AES-Cam-on-PYNQ-Z2-main/AES-Cam-on-PYNQ-Z2-main/AES_SYS/AES_SYS.cache/ip/2023.2/3/b/3bc72d579e6ad5e4/AES_SYS_auto_pc_0.dcp to c:/code/RFC-8439-fpga-implementation/AES-Cam-on-PYNQ-Z2-main/AES-Cam-on-PYNQ-Z2-main/AES_SYS/AES_SYS.gen/sources_1/bd/AES_SYS/ip/AES_SYS_auto_pc_6/AES_SYS_auto_pc_6.dcp.
INFO: [IP_Flow 19-6926] IPCACHE: added file to list for BOM: c:/code/RFC-8439-fpga-implementation/AES-Cam-on-PYNQ-Z2-main/AES-Cam-on-PYNQ-Z2-main/AES_SYS/AES_SYS.gen/sources_1/bd/AES_SYS/ip/AES_SYS_auto_pc_6/AES_SYS_auto_pc_6.dcp
INFO: [IP_Flow 19-6928] IPCACHE: copied cached file c:/code/RFC-8439-fpga-implementation/AES-Cam-on-PYNQ-Z2-main/AES-Cam-on-PYNQ-Z2-main/AES_SYS/AES_SYS.cache/ip/2023.2/3/b/3bc72d579e6ad5e4/AES_SYS_auto_pc_0_sim_netlist.v to c:/code/RFC-8439-fpga-implementation/AES-Cam-on-PYNQ-Z2-main/AES-Cam-on-PYNQ-Z2-main/AES_SYS/AES_SYS.gen/sources_1/bd/AES_SYS/ip/AES_SYS_auto_pc_6/AES_SYS_auto_pc_6_sim_netlist.v.
INFO: [IP_Flow 19-6926] IPCACHE: added file to list for BOM: c:/code/RFC-8439-fpga-implementation/AES-Cam-on-PYNQ-Z2-main/AES-Cam-on-PYNQ-Z2-main/AES_SYS/AES_SYS.gen/sources_1/bd/AES_SYS/ip/AES_SYS_auto_pc_6/AES_SYS_auto_pc_6_sim_netlist.v
INFO: [IP_Flow 19-6928] IPCACHE: copied cached file c:/code/RFC-8439-fpga-implementation/AES-Cam-on-PYNQ-Z2-main/AES-Cam-on-PYNQ-Z2-main/AES_SYS/AES_SYS.cache/ip/2023.2/3/b/3bc72d579e6ad5e4/AES_SYS_auto_pc_0_sim_netlist.vhdl to c:/code/RFC-8439-fpga-implementation/AES-Cam-on-PYNQ-Z2-main/AES-Cam-on-PYNQ-Z2-main/AES_SYS/AES_SYS.gen/sources_1/bd/AES_SYS/ip/AES_SYS_auto_pc_6/AES_SYS_auto_pc_6_sim_netlist.vhdl.
INFO: [IP_Flow 19-6926] IPCACHE: added file to list for BOM: c:/code/RFC-8439-fpga-implementation/AES-Cam-on-PYNQ-Z2-main/AES-Cam-on-PYNQ-Z2-main/AES_SYS/AES_SYS.gen/sources_1/bd/AES_SYS/ip/AES_SYS_auto_pc_6/AES_SYS_auto_pc_6_sim_netlist.vhdl
INFO: [IP_Flow 19-6928] IPCACHE: copied cached file c:/code/RFC-8439-fpga-implementation/AES-Cam-on-PYNQ-Z2-main/AES-Cam-on-PYNQ-Z2-main/AES_SYS/AES_SYS.cache/ip/2023.2/3/b/3bc72d579e6ad5e4/AES_SYS_auto_pc_0_stub.v to c:/code/RFC-8439-fpga-implementation/AES-Cam-on-PYNQ-Z2-main/AES-Cam-on-PYNQ-Z2-main/AES_SYS/AES_SYS.gen/sources_1/bd/AES_SYS/ip/AES_SYS_auto_pc_6/AES_SYS_auto_pc_6_stub.v.
INFO: [IP_Flow 19-6926] IPCACHE: added file to list for BOM: c:/code/RFC-8439-fpga-implementation/AES-Cam-on-PYNQ-Z2-main/AES-Cam-on-PYNQ-Z2-main/AES_SYS/AES_SYS.gen/sources_1/bd/AES_SYS/ip/AES_SYS_auto_pc_6/AES_SYS_auto_pc_6_stub.v
INFO: [IP_Flow 19-6928] IPCACHE: copied cached file c:/code/RFC-8439-fpga-implementation/AES-Cam-on-PYNQ-Z2-main/AES-Cam-on-PYNQ-Z2-main/AES_SYS/AES_SYS.cache/ip/2023.2/3/b/3bc72d579e6ad5e4/AES_SYS_auto_pc_0_stub.vhdl to c:/code/RFC-8439-fpga-implementation/AES-Cam-on-PYNQ-Z2-main/AES-Cam-on-PYNQ-Z2-main/AES_SYS/AES_SYS.gen/sources_1/bd/AES_SYS/ip/AES_SYS_auto_pc_6/AES_SYS_auto_pc_6_stub.vhdl.
INFO: [IP_Flow 19-6926] IPCACHE: added file to list for BOM: c:/code/RFC-8439-fpga-implementation/AES-Cam-on-PYNQ-Z2-main/AES-Cam-on-PYNQ-Z2-main/AES_SYS/AES_SYS.gen/sources_1/bd/AES_SYS/ip/AES_SYS_auto_pc_6/AES_SYS_auto_pc_6_stub.vhdl
INFO: [IP_Flow 19-4993] Using cached IP synthesis design for IP AES_SYS_auto_pc_6, cache-ID = 3bc72d579e6ad5e4; cache size = 149.279 MB.
catch { config_ip_cache -export [get_ips -all AES_SYS_auto_pc_7] }
INFO: [IP_Flow 19-6924] IPCACHE: Running cache check for IP inst: AES_SYS_auto_pc_7
INFO: [IP_Flow 19-6922] IPCACHE: Exporting cached entry 3bc72d579e6ad5e4 to dir: c:/code/RFC-8439-fpga-implementation/AES-Cam-on-PYNQ-Z2-main/AES-Cam-on-PYNQ-Z2-main/AES_SYS/AES_SYS.gen/sources_1/bd/AES_SYS/ip/AES_SYS_auto_pc_7
INFO: [IP_Flow 19-6928] IPCACHE: copied cached file c:/code/RFC-8439-fpga-implementation/AES-Cam-on-PYNQ-Z2-main/AES-Cam-on-PYNQ-Z2-main/AES_SYS/AES_SYS.cache/ip/2023.2/3/b/3bc72d579e6ad5e4/AES_SYS_auto_pc_0.dcp to c:/code/RFC-8439-fpga-implementation/AES-Cam-on-PYNQ-Z2-main/AES-Cam-on-PYNQ-Z2-main/AES_SYS/AES_SYS.gen/sources_1/bd/AES_SYS/ip/AES_SYS_auto_pc_7/AES_SYS_auto_pc_7.dcp.
INFO: [IP_Flow 19-6926] IPCACHE: added file to list for BOM: c:/code/RFC-8439-fpga-implementation/AES-Cam-on-PYNQ-Z2-main/AES-Cam-on-PYNQ-Z2-main/AES_SYS/AES_SYS.gen/sources_1/bd/AES_SYS/ip/AES_SYS_auto_pc_7/AES_SYS_auto_pc_7.dcp
INFO: [IP_Flow 19-6928] IPCACHE: copied cached file c:/code/RFC-8439-fpga-implementation/AES-Cam-on-PYNQ-Z2-main/AES-Cam-on-PYNQ-Z2-main/AES_SYS/AES_SYS.cache/ip/2023.2/3/b/3bc72d579e6ad5e4/AES_SYS_auto_pc_0_sim_netlist.v to c:/code/RFC-8439-fpga-implementation/AES-Cam-on-PYNQ-Z2-main/AES-Cam-on-PYNQ-Z2-main/AES_SYS/AES_SYS.gen/sources_1/bd/AES_SYS/ip/AES_SYS_auto_pc_7/AES_SYS_auto_pc_7_sim_netlist.v.
INFO: [IP_Flow 19-6926] IPCACHE: added file to list for BOM: c:/code/RFC-8439-fpga-implementation/AES-Cam-on-PYNQ-Z2-main/AES-Cam-on-PYNQ-Z2-main/AES_SYS/AES_SYS.gen/sources_1/bd/AES_SYS/ip/AES_SYS_auto_pc_7/AES_SYS_auto_pc_7_sim_netlist.v
INFO: [IP_Flow 19-6928] IPCACHE: copied cached file c:/code/RFC-8439-fpga-implementation/AES-Cam-on-PYNQ-Z2-main/AES-Cam-on-PYNQ-Z2-main/AES_SYS/AES_SYS.cache/ip/2023.2/3/b/3bc72d579e6ad5e4/AES_SYS_auto_pc_0_sim_netlist.vhdl to c:/code/RFC-8439-fpga-implementation/AES-Cam-on-PYNQ-Z2-main/AES-Cam-on-PYNQ-Z2-main/AES_SYS/AES_SYS.gen/sources_1/bd/AES_SYS/ip/AES_SYS_auto_pc_7/AES_SYS_auto_pc_7_sim_netlist.vhdl.
INFO: [IP_Flow 19-6926] IPCACHE: added file to list for BOM: c:/code/RFC-8439-fpga-implementation/AES-Cam-on-PYNQ-Z2-main/AES-Cam-on-PYNQ-Z2-main/AES_SYS/AES_SYS.gen/sources_1/bd/AES_SYS/ip/AES_SYS_auto_pc_7/AES_SYS_auto_pc_7_sim_netlist.vhdl
INFO: [IP_Flow 19-6928] IPCACHE: copied cached file c:/code/RFC-8439-fpga-implementation/AES-Cam-on-PYNQ-Z2-main/AES-Cam-on-PYNQ-Z2-main/AES_SYS/AES_SYS.cache/ip/2023.2/3/b/3bc72d579e6ad5e4/AES_SYS_auto_pc_0_stub.v to c:/code/RFC-8439-fpga-implementation/AES-Cam-on-PYNQ-Z2-main/AES-Cam-on-PYNQ-Z2-main/AES_SYS/AES_SYS.gen/sources_1/bd/AES_SYS/ip/AES_SYS_auto_pc_7/AES_SYS_auto_pc_7_stub.v.
INFO: [IP_Flow 19-6926] IPCACHE: added file to list for BOM: c:/code/RFC-8439-fpga-implementation/AES-Cam-on-PYNQ-Z2-main/AES-Cam-on-PYNQ-Z2-main/AES_SYS/AES_SYS.gen/sources_1/bd/AES_SYS/ip/AES_SYS_auto_pc_7/AES_SYS_auto_pc_7_stub.v
INFO: [IP_Flow 19-6928] IPCACHE: copied cached file c:/code/RFC-8439-fpga-implementation/AES-Cam-on-PYNQ-Z2-main/AES-Cam-on-PYNQ-Z2-main/AES_SYS/AES_SYS.cache/ip/2023.2/3/b/3bc72d579e6ad5e4/AES_SYS_auto_pc_0_stub.vhdl to c:/code/RFC-8439-fpga-implementation/AES-Cam-on-PYNQ-Z2-main/AES-Cam-on-PYNQ-Z2-main/AES_SYS/AES_SYS.gen/sources_1/bd/AES_SYS/ip/AES_SYS_auto_pc_7/AES_SYS_auto_pc_7_stub.vhdl.
INFO: [IP_Flow 19-6926] IPCACHE: added file to list for BOM: c:/code/RFC-8439-fpga-implementation/AES-Cam-on-PYNQ-Z2-main/AES-Cam-on-PYNQ-Z2-main/AES_SYS/AES_SYS.gen/sources_1/bd/AES_SYS/ip/AES_SYS_auto_pc_7/AES_SYS_auto_pc_7_stub.vhdl
INFO: [IP_Flow 19-4993] Using cached IP synthesis design for IP AES_SYS_auto_pc_7, cache-ID = 3bc72d579e6ad5e4; cache size = 149.279 MB.
catch { config_ip_cache -export [get_ips -all AES_SYS_auto_pc_8] }
INFO: [IP_Flow 19-6924] IPCACHE: Running cache check for IP inst: AES_SYS_auto_pc_8
INFO: [IP_Flow 19-6922] IPCACHE: Exporting cached entry 3bc72d579e6ad5e4 to dir: c:/code/RFC-8439-fpga-implementation/AES-Cam-on-PYNQ-Z2-main/AES-Cam-on-PYNQ-Z2-main/AES_SYS/AES_SYS.gen/sources_1/bd/AES_SYS/ip/AES_SYS_auto_pc_8
INFO: [IP_Flow 19-6928] IPCACHE: copied cached file c:/code/RFC-8439-fpga-implementation/AES-Cam-on-PYNQ-Z2-main/AES-Cam-on-PYNQ-Z2-main/AES_SYS/AES_SYS.cache/ip/2023.2/3/b/3bc72d579e6ad5e4/AES_SYS_auto_pc_0.dcp to c:/code/RFC-8439-fpga-implementation/AES-Cam-on-PYNQ-Z2-main/AES-Cam-on-PYNQ-Z2-main/AES_SYS/AES_SYS.gen/sources_1/bd/AES_SYS/ip/AES_SYS_auto_pc_8/AES_SYS_auto_pc_8.dcp.
INFO: [IP_Flow 19-6926] IPCACHE: added file to list for BOM: c:/code/RFC-8439-fpga-implementation/AES-Cam-on-PYNQ-Z2-main/AES-Cam-on-PYNQ-Z2-main/AES_SYS/AES_SYS.gen/sources_1/bd/AES_SYS/ip/AES_SYS_auto_pc_8/AES_SYS_auto_pc_8.dcp
INFO: [IP_Flow 19-6928] IPCACHE: copied cached file c:/code/RFC-8439-fpga-implementation/AES-Cam-on-PYNQ-Z2-main/AES-Cam-on-PYNQ-Z2-main/AES_SYS/AES_SYS.cache/ip/2023.2/3/b/3bc72d579e6ad5e4/AES_SYS_auto_pc_0_sim_netlist.v to c:/code/RFC-8439-fpga-implementation/AES-Cam-on-PYNQ-Z2-main/AES-Cam-on-PYNQ-Z2-main/AES_SYS/AES_SYS.gen/sources_1/bd/AES_SYS/ip/AES_SYS_auto_pc_8/AES_SYS_auto_pc_8_sim_netlist.v.
INFO: [IP_Flow 19-6926] IPCACHE: added file to list for BOM: c:/code/RFC-8439-fpga-implementation/AES-Cam-on-PYNQ-Z2-main/AES-Cam-on-PYNQ-Z2-main/AES_SYS/AES_SYS.gen/sources_1/bd/AES_SYS/ip/AES_SYS_auto_pc_8/AES_SYS_auto_pc_8_sim_netlist.v
INFO: [IP_Flow 19-6928] IPCACHE: copied cached file c:/code/RFC-8439-fpga-implementation/AES-Cam-on-PYNQ-Z2-main/AES-Cam-on-PYNQ-Z2-main/AES_SYS/AES_SYS.cache/ip/2023.2/3/b/3bc72d579e6ad5e4/AES_SYS_auto_pc_0_sim_netlist.vhdl to c:/code/RFC-8439-fpga-implementation/AES-Cam-on-PYNQ-Z2-main/AES-Cam-on-PYNQ-Z2-main/AES_SYS/AES_SYS.gen/sources_1/bd/AES_SYS/ip/AES_SYS_auto_pc_8/AES_SYS_auto_pc_8_sim_netlist.vhdl.
INFO: [IP_Flow 19-6926] IPCACHE: added file to list for BOM: c:/code/RFC-8439-fpga-implementation/AES-Cam-on-PYNQ-Z2-main/AES-Cam-on-PYNQ-Z2-main/AES_SYS/AES_SYS.gen/sources_1/bd/AES_SYS/ip/AES_SYS_auto_pc_8/AES_SYS_auto_pc_8_sim_netlist.vhdl
INFO: [IP_Flow 19-6928] IPCACHE: copied cached file c:/code/RFC-8439-fpga-implementation/AES-Cam-on-PYNQ-Z2-main/AES-Cam-on-PYNQ-Z2-main/AES_SYS/AES_SYS.cache/ip/2023.2/3/b/3bc72d579e6ad5e4/AES_SYS_auto_pc_0_stub.v to c:/code/RFC-8439-fpga-implementation/AES-Cam-on-PYNQ-Z2-main/AES-Cam-on-PYNQ-Z2-main/AES_SYS/AES_SYS.gen/sources_1/bd/AES_SYS/ip/AES_SYS_auto_pc_8/AES_SYS_auto_pc_8_stub.v.
INFO: [IP_Flow 19-6926] IPCACHE: added file to list for BOM: c:/code/RFC-8439-fpga-implementation/AES-Cam-on-PYNQ-Z2-main/AES-Cam-on-PYNQ-Z2-main/AES_SYS/AES_SYS.gen/sources_1/bd/AES_SYS/ip/AES_SYS_auto_pc_8/AES_SYS_auto_pc_8_stub.v
INFO: [IP_Flow 19-6928] IPCACHE: copied cached file c:/code/RFC-8439-fpga-implementation/AES-Cam-on-PYNQ-Z2-main/AES-Cam-on-PYNQ-Z2-main/AES_SYS/AES_SYS.cache/ip/2023.2/3/b/3bc72d579e6ad5e4/AES_SYS_auto_pc_0_stub.vhdl to c:/code/RFC-8439-fpga-implementation/AES-Cam-on-PYNQ-Z2-main/AES-Cam-on-PYNQ-Z2-main/AES_SYS/AES_SYS.gen/sources_1/bd/AES_SYS/ip/AES_SYS_auto_pc_8/AES_SYS_auto_pc_8_stub.vhdl.
INFO: [IP_Flow 19-6926] IPCACHE: added file to list for BOM: c:/code/RFC-8439-fpga-implementation/AES-Cam-on-PYNQ-Z2-main/AES-Cam-on-PYNQ-Z2-main/AES_SYS/AES_SYS.gen/sources_1/bd/AES_SYS/ip/AES_SYS_auto_pc_8/AES_SYS_auto_pc_8_stub.vhdl
INFO: [IP_Flow 19-4993] Using cached IP synthesis design for IP AES_SYS_auto_pc_8, cache-ID = 3bc72d579e6ad5e4; cache size = 149.279 MB.
catch { config_ip_cache -export [get_ips -all AES_SYS_auto_pc_9] }
INFO: [IP_Flow 19-6924] IPCACHE: Running cache check for IP inst: AES_SYS_auto_pc_9
INFO: [IP_Flow 19-6922] IPCACHE: Exporting cached entry 3bc72d579e6ad5e4 to dir: c:/code/RFC-8439-fpga-implementation/AES-Cam-on-PYNQ-Z2-main/AES-Cam-on-PYNQ-Z2-main/AES_SYS/AES_SYS.gen/sources_1/bd/AES_SYS/ip/AES_SYS_auto_pc_9
INFO: [IP_Flow 19-6928] IPCACHE: copied cached file c:/code/RFC-8439-fpga-implementation/AES-Cam-on-PYNQ-Z2-main/AES-Cam-on-PYNQ-Z2-main/AES_SYS/AES_SYS.cache/ip/2023.2/3/b/3bc72d579e6ad5e4/AES_SYS_auto_pc_0.dcp to c:/code/RFC-8439-fpga-implementation/AES-Cam-on-PYNQ-Z2-main/AES-Cam-on-PYNQ-Z2-main/AES_SYS/AES_SYS.gen/sources_1/bd/AES_SYS/ip/AES_SYS_auto_pc_9/AES_SYS_auto_pc_9.dcp.
INFO: [IP_Flow 19-6926] IPCACHE: added file to list for BOM: c:/code/RFC-8439-fpga-implementation/AES-Cam-on-PYNQ-Z2-main/AES-Cam-on-PYNQ-Z2-main/AES_SYS/AES_SYS.gen/sources_1/bd/AES_SYS/ip/AES_SYS_auto_pc_9/AES_SYS_auto_pc_9.dcp
INFO: [IP_Flow 19-6928] IPCACHE: copied cached file c:/code/RFC-8439-fpga-implementation/AES-Cam-on-PYNQ-Z2-main/AES-Cam-on-PYNQ-Z2-main/AES_SYS/AES_SYS.cache/ip/2023.2/3/b/3bc72d579e6ad5e4/AES_SYS_auto_pc_0_sim_netlist.v to c:/code/RFC-8439-fpga-implementation/AES-Cam-on-PYNQ-Z2-main/AES-Cam-on-PYNQ-Z2-main/AES_SYS/AES_SYS.gen/sources_1/bd/AES_SYS/ip/AES_SYS_auto_pc_9/AES_SYS_auto_pc_9_sim_netlist.v.
INFO: [IP_Flow 19-6926] IPCACHE: added file to list for BOM: c:/code/RFC-8439-fpga-implementation/AES-Cam-on-PYNQ-Z2-main/AES-Cam-on-PYNQ-Z2-main/AES_SYS/AES_SYS.gen/sources_1/bd/AES_SYS/ip/AES_SYS_auto_pc_9/AES_SYS_auto_pc_9_sim_netlist.v
INFO: [IP_Flow 19-6928] IPCACHE: copied cached file c:/code/RFC-8439-fpga-implementation/AES-Cam-on-PYNQ-Z2-main/AES-Cam-on-PYNQ-Z2-main/AES_SYS/AES_SYS.cache/ip/2023.2/3/b/3bc72d579e6ad5e4/AES_SYS_auto_pc_0_sim_netlist.vhdl to c:/code/RFC-8439-fpga-implementation/AES-Cam-on-PYNQ-Z2-main/AES-Cam-on-PYNQ-Z2-main/AES_SYS/AES_SYS.gen/sources_1/bd/AES_SYS/ip/AES_SYS_auto_pc_9/AES_SYS_auto_pc_9_sim_netlist.vhdl.
INFO: [IP_Flow 19-6926] IPCACHE: added file to list for BOM: c:/code/RFC-8439-fpga-implementation/AES-Cam-on-PYNQ-Z2-main/AES-Cam-on-PYNQ-Z2-main/AES_SYS/AES_SYS.gen/sources_1/bd/AES_SYS/ip/AES_SYS_auto_pc_9/AES_SYS_auto_pc_9_sim_netlist.vhdl
INFO: [IP_Flow 19-6928] IPCACHE: copied cached file c:/code/RFC-8439-fpga-implementation/AES-Cam-on-PYNQ-Z2-main/AES-Cam-on-PYNQ-Z2-main/AES_SYS/AES_SYS.cache/ip/2023.2/3/b/3bc72d579e6ad5e4/AES_SYS_auto_pc_0_stub.v to c:/code/RFC-8439-fpga-implementation/AES-Cam-on-PYNQ-Z2-main/AES-Cam-on-PYNQ-Z2-main/AES_SYS/AES_SYS.gen/sources_1/bd/AES_SYS/ip/AES_SYS_auto_pc_9/AES_SYS_auto_pc_9_stub.v.
INFO: [IP_Flow 19-6926] IPCACHE: added file to list for BOM: c:/code/RFC-8439-fpga-implementation/AES-Cam-on-PYNQ-Z2-main/AES-Cam-on-PYNQ-Z2-main/AES_SYS/AES_SYS.gen/sources_1/bd/AES_SYS/ip/AES_SYS_auto_pc_9/AES_SYS_auto_pc_9_stub.v
INFO: [IP_Flow 19-6928] IPCACHE: copied cached file c:/code/RFC-8439-fpga-implementation/AES-Cam-on-PYNQ-Z2-main/AES-Cam-on-PYNQ-Z2-main/AES_SYS/AES_SYS.cache/ip/2023.2/3/b/3bc72d579e6ad5e4/AES_SYS_auto_pc_0_stub.vhdl to c:/code/RFC-8439-fpga-implementation/AES-Cam-on-PYNQ-Z2-main/AES-Cam-on-PYNQ-Z2-main/AES_SYS/AES_SYS.gen/sources_1/bd/AES_SYS/ip/AES_SYS_auto_pc_9/AES_SYS_auto_pc_9_stub.vhdl.
INFO: [IP_Flow 19-6926] IPCACHE: added file to list for BOM: c:/code/RFC-8439-fpga-implementation/AES-Cam-on-PYNQ-Z2-main/AES-Cam-on-PYNQ-Z2-main/AES_SYS/AES_SYS.gen/sources_1/bd/AES_SYS/ip/AES_SYS_auto_pc_9/AES_SYS_auto_pc_9_stub.vhdl
INFO: [IP_Flow 19-4993] Using cached IP synthesis design for IP AES_SYS_auto_pc_9, cache-ID = 3bc72d579e6ad5e4; cache size = 149.279 MB.
catch { config_ip_cache -export [get_ips -all AES_SYS_auto_pc_10] }
INFO: [IP_Flow 19-6924] IPCACHE: Running cache check for IP inst: AES_SYS_auto_pc_10
INFO: [IP_Flow 19-6922] IPCACHE: Exporting cached entry 3bc72d579e6ad5e4 to dir: c:/code/RFC-8439-fpga-implementation/AES-Cam-on-PYNQ-Z2-main/AES-Cam-on-PYNQ-Z2-main/AES_SYS/AES_SYS.gen/sources_1/bd/AES_SYS/ip/AES_SYS_auto_pc_10
INFO: [IP_Flow 19-6928] IPCACHE: copied cached file c:/code/RFC-8439-fpga-implementation/AES-Cam-on-PYNQ-Z2-main/AES-Cam-on-PYNQ-Z2-main/AES_SYS/AES_SYS.cache/ip/2023.2/3/b/3bc72d579e6ad5e4/AES_SYS_auto_pc_0.dcp to c:/code/RFC-8439-fpga-implementation/AES-Cam-on-PYNQ-Z2-main/AES-Cam-on-PYNQ-Z2-main/AES_SYS/AES_SYS.gen/sources_1/bd/AES_SYS/ip/AES_SYS_auto_pc_10/AES_SYS_auto_pc_10.dcp.
INFO: [IP_Flow 19-6926] IPCACHE: added file to list for BOM: c:/code/RFC-8439-fpga-implementation/AES-Cam-on-PYNQ-Z2-main/AES-Cam-on-PYNQ-Z2-main/AES_SYS/AES_SYS.gen/sources_1/bd/AES_SYS/ip/AES_SYS_auto_pc_10/AES_SYS_auto_pc_10.dcp
INFO: [IP_Flow 19-6928] IPCACHE: copied cached file c:/code/RFC-8439-fpga-implementation/AES-Cam-on-PYNQ-Z2-main/AES-Cam-on-PYNQ-Z2-main/AES_SYS/AES_SYS.cache/ip/2023.2/3/b/3bc72d579e6ad5e4/AES_SYS_auto_pc_0_sim_netlist.v to c:/code/RFC-8439-fpga-implementation/AES-Cam-on-PYNQ-Z2-main/AES-Cam-on-PYNQ-Z2-main/AES_SYS/AES_SYS.gen/sources_1/bd/AES_SYS/ip/AES_SYS_auto_pc_10/AES_SYS_auto_pc_10_sim_netlist.v.
INFO: [IP_Flow 19-6926] IPCACHE: added file to list for BOM: c:/code/RFC-8439-fpga-implementation/AES-Cam-on-PYNQ-Z2-main/AES-Cam-on-PYNQ-Z2-main/AES_SYS/AES_SYS.gen/sources_1/bd/AES_SYS/ip/AES_SYS_auto_pc_10/AES_SYS_auto_pc_10_sim_netlist.v
INFO: [IP_Flow 19-6928] IPCACHE: copied cached file c:/code/RFC-8439-fpga-implementation/AES-Cam-on-PYNQ-Z2-main/AES-Cam-on-PYNQ-Z2-main/AES_SYS/AES_SYS.cache/ip/2023.2/3/b/3bc72d579e6ad5e4/AES_SYS_auto_pc_0_sim_netlist.vhdl to c:/code/RFC-8439-fpga-implementation/AES-Cam-on-PYNQ-Z2-main/AES-Cam-on-PYNQ-Z2-main/AES_SYS/AES_SYS.gen/sources_1/bd/AES_SYS/ip/AES_SYS_auto_pc_10/AES_SYS_auto_pc_10_sim_netlist.vhdl.
INFO: [IP_Flow 19-6926] IPCACHE: added file to list for BOM: c:/code/RFC-8439-fpga-implementation/AES-Cam-on-PYNQ-Z2-main/AES-Cam-on-PYNQ-Z2-main/AES_SYS/AES_SYS.gen/sources_1/bd/AES_SYS/ip/AES_SYS_auto_pc_10/AES_SYS_auto_pc_10_sim_netlist.vhdl
INFO: [IP_Flow 19-6928] IPCACHE: copied cached file c:/code/RFC-8439-fpga-implementation/AES-Cam-on-PYNQ-Z2-main/AES-Cam-on-PYNQ-Z2-main/AES_SYS/AES_SYS.cache/ip/2023.2/3/b/3bc72d579e6ad5e4/AES_SYS_auto_pc_0_stub.v to c:/code/RFC-8439-fpga-implementation/AES-Cam-on-PYNQ-Z2-main/AES-Cam-on-PYNQ-Z2-main/AES_SYS/AES_SYS.gen/sources_1/bd/AES_SYS/ip/AES_SYS_auto_pc_10/AES_SYS_auto_pc_10_stub.v.
INFO: [IP_Flow 19-6926] IPCACHE: added file to list for BOM: c:/code/RFC-8439-fpga-implementation/AES-Cam-on-PYNQ-Z2-main/AES-Cam-on-PYNQ-Z2-main/AES_SYS/AES_SYS.gen/sources_1/bd/AES_SYS/ip/AES_SYS_auto_pc_10/AES_SYS_auto_pc_10_stub.v
INFO: [IP_Flow 19-6928] IPCACHE: copied cached file c:/code/RFC-8439-fpga-implementation/AES-Cam-on-PYNQ-Z2-main/AES-Cam-on-PYNQ-Z2-main/AES_SYS/AES_SYS.cache/ip/2023.2/3/b/3bc72d579e6ad5e4/AES_SYS_auto_pc_0_stub.vhdl to c:/code/RFC-8439-fpga-implementation/AES-Cam-on-PYNQ-Z2-main/AES-Cam-on-PYNQ-Z2-main/AES_SYS/AES_SYS.gen/sources_1/bd/AES_SYS/ip/AES_SYS_auto_pc_10/AES_SYS_auto_pc_10_stub.vhdl.
INFO: [IP_Flow 19-6926] IPCACHE: added file to list for BOM: c:/code/RFC-8439-fpga-implementation/AES-Cam-on-PYNQ-Z2-main/AES-Cam-on-PYNQ-Z2-main/AES_SYS/AES_SYS.gen/sources_1/bd/AES_SYS/ip/AES_SYS_auto_pc_10/AES_SYS_auto_pc_10_stub.vhdl
INFO: [IP_Flow 19-4993] Using cached IP synthesis design for IP AES_SYS_auto_pc_10, cache-ID = 3bc72d579e6ad5e4; cache size = 149.279 MB.
catch { config_ip_cache -export [get_ips -all AES_SYS_auto_pc_12] }
INFO: [IP_Flow 19-6924] IPCACHE: Running cache check for IP inst: AES_SYS_auto_pc_12
INFO: [IP_Flow 19-6922] IPCACHE: Exporting cached entry 177366daf5914f73 to dir: c:/code/RFC-8439-fpga-implementation/AES-Cam-on-PYNQ-Z2-main/AES-Cam-on-PYNQ-Z2-main/AES_SYS/AES_SYS.gen/sources_1/bd/AES_SYS/ip/AES_SYS_auto_pc_12
INFO: [IP_Flow 19-6928] IPCACHE: copied cached file c:/code/RFC-8439-fpga-implementation/AES-Cam-on-PYNQ-Z2-main/AES-Cam-on-PYNQ-Z2-main/AES_SYS/AES_SYS.cache/ip/2023.2/1/7/177366daf5914f73/AES_SYS_auto_pc_12.dcp to c:/code/RFC-8439-fpga-implementation/AES-Cam-on-PYNQ-Z2-main/AES-Cam-on-PYNQ-Z2-main/AES_SYS/AES_SYS.gen/sources_1/bd/AES_SYS/ip/AES_SYS_auto_pc_12/AES_SYS_auto_pc_12.dcp.
INFO: [IP_Flow 19-6926] IPCACHE: added file to list for BOM: c:/code/RFC-8439-fpga-implementation/AES-Cam-on-PYNQ-Z2-main/AES-Cam-on-PYNQ-Z2-main/AES_SYS/AES_SYS.gen/sources_1/bd/AES_SYS/ip/AES_SYS_auto_pc_12/AES_SYS_auto_pc_12.dcp
INFO: [IP_Flow 19-6928] IPCACHE: copied cached file c:/code/RFC-8439-fpga-implementation/AES-Cam-on-PYNQ-Z2-main/AES-Cam-on-PYNQ-Z2-main/AES_SYS/AES_SYS.cache/ip/2023.2/1/7/177366daf5914f73/AES_SYS_auto_pc_12_sim_netlist.v to c:/code/RFC-8439-fpga-implementation/AES-Cam-on-PYNQ-Z2-main/AES-Cam-on-PYNQ-Z2-main/AES_SYS/AES_SYS.gen/sources_1/bd/AES_SYS/ip/AES_SYS_auto_pc_12/AES_SYS_auto_pc_12_sim_netlist.v.
INFO: [IP_Flow 19-6926] IPCACHE: added file to list for BOM: c:/code/RFC-8439-fpga-implementation/AES-Cam-on-PYNQ-Z2-main/AES-Cam-on-PYNQ-Z2-main/AES_SYS/AES_SYS.gen/sources_1/bd/AES_SYS/ip/AES_SYS_auto_pc_12/AES_SYS_auto_pc_12_sim_netlist.v
INFO: [IP_Flow 19-6928] IPCACHE: copied cached file c:/code/RFC-8439-fpga-implementation/AES-Cam-on-PYNQ-Z2-main/AES-Cam-on-PYNQ-Z2-main/AES_SYS/AES_SYS.cache/ip/2023.2/1/7/177366daf5914f73/AES_SYS_auto_pc_12_sim_netlist.vhdl to c:/code/RFC-8439-fpga-implementation/AES-Cam-on-PYNQ-Z2-main/AES-Cam-on-PYNQ-Z2-main/AES_SYS/AES_SYS.gen/sources_1/bd/AES_SYS/ip/AES_SYS_auto_pc_12/AES_SYS_auto_pc_12_sim_netlist.vhdl.
INFO: [IP_Flow 19-6926] IPCACHE: added file to list for BOM: c:/code/RFC-8439-fpga-implementation/AES-Cam-on-PYNQ-Z2-main/AES-Cam-on-PYNQ-Z2-main/AES_SYS/AES_SYS.gen/sources_1/bd/AES_SYS/ip/AES_SYS_auto_pc_12/AES_SYS_auto_pc_12_sim_netlist.vhdl
INFO: [IP_Flow 19-6928] IPCACHE: copied cached file c:/code/RFC-8439-fpga-implementation/AES-Cam-on-PYNQ-Z2-main/AES-Cam-on-PYNQ-Z2-main/AES_SYS/AES_SYS.cache/ip/2023.2/1/7/177366daf5914f73/AES_SYS_auto_pc_12_stub.v to c:/code/RFC-8439-fpga-implementation/AES-Cam-on-PYNQ-Z2-main/AES-Cam-on-PYNQ-Z2-main/AES_SYS/AES_SYS.gen/sources_1/bd/AES_SYS/ip/AES_SYS_auto_pc_12/AES_SYS_auto_pc_12_stub.v.
INFO: [IP_Flow 19-6926] IPCACHE: added file to list for BOM: c:/code/RFC-8439-fpga-implementation/AES-Cam-on-PYNQ-Z2-main/AES-Cam-on-PYNQ-Z2-main/AES_SYS/AES_SYS.gen/sources_1/bd/AES_SYS/ip/AES_SYS_auto_pc_12/AES_SYS_auto_pc_12_stub.v
INFO: [IP_Flow 19-6928] IPCACHE: copied cached file c:/code/RFC-8439-fpga-implementation/AES-Cam-on-PYNQ-Z2-main/AES-Cam-on-PYNQ-Z2-main/AES_SYS/AES_SYS.cache/ip/2023.2/1/7/177366daf5914f73/AES_SYS_auto_pc_12_stub.vhdl to c:/code/RFC-8439-fpga-implementation/AES-Cam-on-PYNQ-Z2-main/AES-Cam-on-PYNQ-Z2-main/AES_SYS/AES_SYS.gen/sources_1/bd/AES_SYS/ip/AES_SYS_auto_pc_12/AES_SYS_auto_pc_12_stub.vhdl.
INFO: [IP_Flow 19-6926] IPCACHE: added file to list for BOM: c:/code/RFC-8439-fpga-implementation/AES-Cam-on-PYNQ-Z2-main/AES-Cam-on-PYNQ-Z2-main/AES_SYS/AES_SYS.gen/sources_1/bd/AES_SYS/ip/AES_SYS_auto_pc_12/AES_SYS_auto_pc_12_stub.vhdl
INFO: [IP_Flow 19-4993] Using cached IP synthesis design for IP AES_SYS_auto_pc_12, cache-ID = 177366daf5914f73; cache size = 149.279 MB.
catch { config_ip_cache -export [get_ips -all AES_SYS_auto_us_0] }
INFO: [IP_Flow 19-6924] IPCACHE: Running cache check for IP inst: AES_SYS_auto_us_0
INFO: [IP_Flow 19-6922] IPCACHE: Exporting cached entry 96128dd45566b66c to dir: c:/code/RFC-8439-fpga-implementation/AES-Cam-on-PYNQ-Z2-main/AES-Cam-on-PYNQ-Z2-main/AES_SYS/AES_SYS.gen/sources_1/bd/AES_SYS/ip/AES_SYS_auto_us_0
INFO: [IP_Flow 19-6928] IPCACHE: copied cached file c:/code/RFC-8439-fpga-implementation/AES-Cam-on-PYNQ-Z2-main/AES-Cam-on-PYNQ-Z2-main/AES_SYS/AES_SYS.cache/ip/2023.2/9/6/96128dd45566b66c/AES_SYS_auto_us_0.dcp to c:/code/RFC-8439-fpga-implementation/AES-Cam-on-PYNQ-Z2-main/AES-Cam-on-PYNQ-Z2-main/AES_SYS/AES_SYS.gen/sources_1/bd/AES_SYS/ip/AES_SYS_auto_us_0/AES_SYS_auto_us_0.dcp.
INFO: [IP_Flow 19-6926] IPCACHE: added file to list for BOM: c:/code/RFC-8439-fpga-implementation/AES-Cam-on-PYNQ-Z2-main/AES-Cam-on-PYNQ-Z2-main/AES_SYS/AES_SYS.gen/sources_1/bd/AES_SYS/ip/AES_SYS_auto_us_0/AES_SYS_auto_us_0.dcp
INFO: [IP_Flow 19-6928] IPCACHE: copied cached file c:/code/RFC-8439-fpga-implementation/AES-Cam-on-PYNQ-Z2-main/AES-Cam-on-PYNQ-Z2-main/AES_SYS/AES_SYS.cache/ip/2023.2/9/6/96128dd45566b66c/AES_SYS_auto_us_0_sim_netlist.v to c:/code/RFC-8439-fpga-implementation/AES-Cam-on-PYNQ-Z2-main/AES-Cam-on-PYNQ-Z2-main/AES_SYS/AES_SYS.gen/sources_1/bd/AES_SYS/ip/AES_SYS_auto_us_0/AES_SYS_auto_us_0_sim_netlist.v.
INFO: [IP_Flow 19-6926] IPCACHE: added file to list for BOM: c:/code/RFC-8439-fpga-implementation/AES-Cam-on-PYNQ-Z2-main/AES-Cam-on-PYNQ-Z2-main/AES_SYS/AES_SYS.gen/sources_1/bd/AES_SYS/ip/AES_SYS_auto_us_0/AES_SYS_auto_us_0_sim_netlist.v
INFO: [IP_Flow 19-6928] IPCACHE: copied cached file c:/code/RFC-8439-fpga-implementation/AES-Cam-on-PYNQ-Z2-main/AES-Cam-on-PYNQ-Z2-main/AES_SYS/AES_SYS.cache/ip/2023.2/9/6/96128dd45566b66c/AES_SYS_auto_us_0_sim_netlist.vhdl to c:/code/RFC-8439-fpga-implementation/AES-Cam-on-PYNQ-Z2-main/AES-Cam-on-PYNQ-Z2-main/AES_SYS/AES_SYS.gen/sources_1/bd/AES_SYS/ip/AES_SYS_auto_us_0/AES_SYS_auto_us_0_sim_netlist.vhdl.
INFO: [IP_Flow 19-6926] IPCACHE: added file to list for BOM: c:/code/RFC-8439-fpga-implementation/AES-Cam-on-PYNQ-Z2-main/AES-Cam-on-PYNQ-Z2-main/AES_SYS/AES_SYS.gen/sources_1/bd/AES_SYS/ip/AES_SYS_auto_us_0/AES_SYS_auto_us_0_sim_netlist.vhdl
INFO: [IP_Flow 19-6928] IPCACHE: copied cached file c:/code/RFC-8439-fpga-implementation/AES-Cam-on-PYNQ-Z2-main/AES-Cam-on-PYNQ-Z2-main/AES_SYS/AES_SYS.cache/ip/2023.2/9/6/96128dd45566b66c/AES_SYS_auto_us_0_stub.v to c:/code/RFC-8439-fpga-implementation/AES-Cam-on-PYNQ-Z2-main/AES-Cam-on-PYNQ-Z2-main/AES_SYS/AES_SYS.gen/sources_1/bd/AES_SYS/ip/AES_SYS_auto_us_0/AES_SYS_auto_us_0_stub.v.
INFO: [IP_Flow 19-6926] IPCACHE: added file to list for BOM: c:/code/RFC-8439-fpga-implementation/AES-Cam-on-PYNQ-Z2-main/AES-Cam-on-PYNQ-Z2-main/AES_SYS/AES_SYS.gen/sources_1/bd/AES_SYS/ip/AES_SYS_auto_us_0/AES_SYS_auto_us_0_stub.v
INFO: [IP_Flow 19-6928] IPCACHE: copied cached file c:/code/RFC-8439-fpga-implementation/AES-Cam-on-PYNQ-Z2-main/AES-Cam-on-PYNQ-Z2-main/AES_SYS/AES_SYS.cache/ip/2023.2/9/6/96128dd45566b66c/AES_SYS_auto_us_0_stub.vhdl to c:/code/RFC-8439-fpga-implementation/AES-Cam-on-PYNQ-Z2-main/AES-Cam-on-PYNQ-Z2-main/AES_SYS/AES_SYS.gen/sources_1/bd/AES_SYS/ip/AES_SYS_auto_us_0/AES_SYS_auto_us_0_stub.vhdl.
INFO: [IP_Flow 19-6926] IPCACHE: added file to list for BOM: c:/code/RFC-8439-fpga-implementation/AES-Cam-on-PYNQ-Z2-main/AES-Cam-on-PYNQ-Z2-main/AES_SYS/AES_SYS.gen/sources_1/bd/AES_SYS/ip/AES_SYS_auto_us_0/AES_SYS_auto_us_0_stub.vhdl
INFO: [IP_Flow 19-4993] Using cached IP synthesis design for IP AES_SYS_auto_us_0, cache-ID = 96128dd45566b66c; cache size = 149.279 MB.
catch { config_ip_cache -export [get_ips -all AES_SYS_auto_pc_13] }
INFO: [IP_Flow 19-6924] IPCACHE: Running cache check for IP inst: AES_SYS_auto_pc_13
INFO: [IP_Flow 19-6922] IPCACHE: Exporting cached entry 680f4c3d4d7785e1 to dir: c:/code/RFC-8439-fpga-implementation/AES-Cam-on-PYNQ-Z2-main/AES-Cam-on-PYNQ-Z2-main/AES_SYS/AES_SYS.gen/sources_1/bd/AES_SYS/ip/AES_SYS_auto_pc_13
INFO: [IP_Flow 19-6928] IPCACHE: copied cached file c:/code/RFC-8439-fpga-implementation/AES-Cam-on-PYNQ-Z2-main/AES-Cam-on-PYNQ-Z2-main/AES_SYS/AES_SYS.cache/ip/2023.2/6/8/680f4c3d4d7785e1/AES_SYS_auto_pc_13.dcp to c:/code/RFC-8439-fpga-implementation/AES-Cam-on-PYNQ-Z2-main/AES-Cam-on-PYNQ-Z2-main/AES_SYS/AES_SYS.gen/sources_1/bd/AES_SYS/ip/AES_SYS_auto_pc_13/AES_SYS_auto_pc_13.dcp.
INFO: [IP_Flow 19-6926] IPCACHE: added file to list for BOM: c:/code/RFC-8439-fpga-implementation/AES-Cam-on-PYNQ-Z2-main/AES-Cam-on-PYNQ-Z2-main/AES_SYS/AES_SYS.gen/sources_1/bd/AES_SYS/ip/AES_SYS_auto_pc_13/AES_SYS_auto_pc_13.dcp
INFO: [IP_Flow 19-6928] IPCACHE: copied cached file c:/code/RFC-8439-fpga-implementation/AES-Cam-on-PYNQ-Z2-main/AES-Cam-on-PYNQ-Z2-main/AES_SYS/AES_SYS.cache/ip/2023.2/6/8/680f4c3d4d7785e1/AES_SYS_auto_pc_13_sim_netlist.v to c:/code/RFC-8439-fpga-implementation/AES-Cam-on-PYNQ-Z2-main/AES-Cam-on-PYNQ-Z2-main/AES_SYS/AES_SYS.gen/sources_1/bd/AES_SYS/ip/AES_SYS_auto_pc_13/AES_SYS_auto_pc_13_sim_netlist.v.
INFO: [IP_Flow 19-6926] IPCACHE: added file to list for BOM: c:/code/RFC-8439-fpga-implementation/AES-Cam-on-PYNQ-Z2-main/AES-Cam-on-PYNQ-Z2-main/AES_SYS/AES_SYS.gen/sources_1/bd/AES_SYS/ip/AES_SYS_auto_pc_13/AES_SYS_auto_pc_13_sim_netlist.v
INFO: [IP_Flow 19-6928] IPCACHE: copied cached file c:/code/RFC-8439-fpga-implementation/AES-Cam-on-PYNQ-Z2-main/AES-Cam-on-PYNQ-Z2-main/AES_SYS/AES_SYS.cache/ip/2023.2/6/8/680f4c3d4d7785e1/AES_SYS_auto_pc_13_sim_netlist.vhdl to c:/code/RFC-8439-fpga-implementation/AES-Cam-on-PYNQ-Z2-main/AES-Cam-on-PYNQ-Z2-main/AES_SYS/AES_SYS.gen/sources_1/bd/AES_SYS/ip/AES_SYS_auto_pc_13/AES_SYS_auto_pc_13_sim_netlist.vhdl.
INFO: [IP_Flow 19-6926] IPCACHE: added file to list for BOM: c:/code/RFC-8439-fpga-implementation/AES-Cam-on-PYNQ-Z2-main/AES-Cam-on-PYNQ-Z2-main/AES_SYS/AES_SYS.gen/sources_1/bd/AES_SYS/ip/AES_SYS_auto_pc_13/AES_SYS_auto_pc_13_sim_netlist.vhdl
INFO: [IP_Flow 19-6928] IPCACHE: copied cached file c:/code/RFC-8439-fpga-implementation/AES-Cam-on-PYNQ-Z2-main/AES-Cam-on-PYNQ-Z2-main/AES_SYS/AES_SYS.cache/ip/2023.2/6/8/680f4c3d4d7785e1/AES_SYS_auto_pc_13_stub.v to c:/code/RFC-8439-fpga-implementation/AES-Cam-on-PYNQ-Z2-main/AES-Cam-on-PYNQ-Z2-main/AES_SYS/AES_SYS.gen/sources_1/bd/AES_SYS/ip/AES_SYS_auto_pc_13/AES_SYS_auto_pc_13_stub.v.
INFO: [IP_Flow 19-6926] IPCACHE: added file to list for BOM: c:/code/RFC-8439-fpga-implementation/AES-Cam-on-PYNQ-Z2-main/AES-Cam-on-PYNQ-Z2-main/AES_SYS/AES_SYS.gen/sources_1/bd/AES_SYS/ip/AES_SYS_auto_pc_13/AES_SYS_auto_pc_13_stub.v
INFO: [IP_Flow 19-6928] IPCACHE: copied cached file c:/code/RFC-8439-fpga-implementation/AES-Cam-on-PYNQ-Z2-main/AES-Cam-on-PYNQ-Z2-main/AES_SYS/AES_SYS.cache/ip/2023.2/6/8/680f4c3d4d7785e1/AES_SYS_auto_pc_13_stub.vhdl to c:/code/RFC-8439-fpga-implementation/AES-Cam-on-PYNQ-Z2-main/AES-Cam-on-PYNQ-Z2-main/AES_SYS/AES_SYS.gen/sources_1/bd/AES_SYS/ip/AES_SYS_auto_pc_13/AES_SYS_auto_pc_13_stub.vhdl.
INFO: [IP_Flow 19-6926] IPCACHE: added file to list for BOM: c:/code/RFC-8439-fpga-implementation/AES-Cam-on-PYNQ-Z2-main/AES-Cam-on-PYNQ-Z2-main/AES_SYS/AES_SYS.gen/sources_1/bd/AES_SYS/ip/AES_SYS_auto_pc_13/AES_SYS_auto_pc_13_stub.vhdl
INFO: [IP_Flow 19-4993] Using cached IP synthesis design for IP AES_SYS_auto_pc_13, cache-ID = 680f4c3d4d7785e1; cache size = 149.279 MB.
catch { config_ip_cache -export [get_ips -all AES_SYS_auto_ds_0] }
INFO: [IP_Flow 19-6924] IPCACHE: Running cache check for IP inst: AES_SYS_auto_ds_0
INFO: [IP_Flow 19-6922] IPCACHE: Exporting cached entry f9503eb3174c7348 to dir: c:/code/RFC-8439-fpga-implementation/AES-Cam-on-PYNQ-Z2-main/AES-Cam-on-PYNQ-Z2-main/AES_SYS/AES_SYS.gen/sources_1/bd/AES_SYS/ip/AES_SYS_auto_ds_0
INFO: [IP_Flow 19-6928] IPCACHE: copied cached file c:/code/RFC-8439-fpga-implementation/AES-Cam-on-PYNQ-Z2-main/AES-Cam-on-PYNQ-Z2-main/AES_SYS/AES_SYS.cache/ip/2023.2/f/9/f9503eb3174c7348/AES_SYS_auto_ds_0.dcp to c:/code/RFC-8439-fpga-implementation/AES-Cam-on-PYNQ-Z2-main/AES-Cam-on-PYNQ-Z2-main/AES_SYS/AES_SYS.gen/sources_1/bd/AES_SYS/ip/AES_SYS_auto_ds_0/AES_SYS_auto_ds_0.dcp.
INFO: [IP_Flow 19-6926] IPCACHE: added file to list for BOM: c:/code/RFC-8439-fpga-implementation/AES-Cam-on-PYNQ-Z2-main/AES-Cam-on-PYNQ-Z2-main/AES_SYS/AES_SYS.gen/sources_1/bd/AES_SYS/ip/AES_SYS_auto_ds_0/AES_SYS_auto_ds_0.dcp
INFO: [IP_Flow 19-6928] IPCACHE: copied cached file c:/code/RFC-8439-fpga-implementation/AES-Cam-on-PYNQ-Z2-main/AES-Cam-on-PYNQ-Z2-main/AES_SYS/AES_SYS.cache/ip/2023.2/f/9/f9503eb3174c7348/AES_SYS_auto_ds_0_sim_netlist.v to c:/code/RFC-8439-fpga-implementation/AES-Cam-on-PYNQ-Z2-main/AES-Cam-on-PYNQ-Z2-main/AES_SYS/AES_SYS.gen/sources_1/bd/AES_SYS/ip/AES_SYS_auto_ds_0/AES_SYS_auto_ds_0_sim_netlist.v.
INFO: [IP_Flow 19-6926] IPCACHE: added file to list for BOM: c:/code/RFC-8439-fpga-implementation/AES-Cam-on-PYNQ-Z2-main/AES-Cam-on-PYNQ-Z2-main/AES_SYS/AES_SYS.gen/sources_1/bd/AES_SYS/ip/AES_SYS_auto_ds_0/AES_SYS_auto_ds_0_sim_netlist.v
INFO: [IP_Flow 19-6928] IPCACHE: copied cached file c:/code/RFC-8439-fpga-implementation/AES-Cam-on-PYNQ-Z2-main/AES-Cam-on-PYNQ-Z2-main/AES_SYS/AES_SYS.cache/ip/2023.2/f/9/f9503eb3174c7348/AES_SYS_auto_ds_0_sim_netlist.vhdl to c:/code/RFC-8439-fpga-implementation/AES-Cam-on-PYNQ-Z2-main/AES-Cam-on-PYNQ-Z2-main/AES_SYS/AES_SYS.gen/sources_1/bd/AES_SYS/ip/AES_SYS_auto_ds_0/AES_SYS_auto_ds_0_sim_netlist.vhdl.
INFO: [IP_Flow 19-6926] IPCACHE: added file to list for BOM: c:/code/RFC-8439-fpga-implementation/AES-Cam-on-PYNQ-Z2-main/AES-Cam-on-PYNQ-Z2-main/AES_SYS/AES_SYS.gen/sources_1/bd/AES_SYS/ip/AES_SYS_auto_ds_0/AES_SYS_auto_ds_0_sim_netlist.vhdl
INFO: [IP_Flow 19-6928] IPCACHE: copied cached file c:/code/RFC-8439-fpga-implementation/AES-Cam-on-PYNQ-Z2-main/AES-Cam-on-PYNQ-Z2-main/AES_SYS/AES_SYS.cache/ip/2023.2/f/9/f9503eb3174c7348/AES_SYS_auto_ds_0_stub.v to c:/code/RFC-8439-fpga-implementation/AES-Cam-on-PYNQ-Z2-main/AES-Cam-on-PYNQ-Z2-main/AES_SYS/AES_SYS.gen/sources_1/bd/AES_SYS/ip/AES_SYS_auto_ds_0/AES_SYS_auto_ds_0_stub.v.
INFO: [IP_Flow 19-6926] IPCACHE: added file to list for BOM: c:/code/RFC-8439-fpga-implementation/AES-Cam-on-PYNQ-Z2-main/AES-Cam-on-PYNQ-Z2-main/AES_SYS/AES_SYS.gen/sources_1/bd/AES_SYS/ip/AES_SYS_auto_ds_0/AES_SYS_auto_ds_0_stub.v
INFO: [IP_Flow 19-6928] IPCACHE: copied cached file c:/code/RFC-8439-fpga-implementation/AES-Cam-on-PYNQ-Z2-main/AES-Cam-on-PYNQ-Z2-main/AES_SYS/AES_SYS.cache/ip/2023.2/f/9/f9503eb3174c7348/AES_SYS_auto_ds_0_stub.vhdl to c:/code/RFC-8439-fpga-implementation/AES-Cam-on-PYNQ-Z2-main/AES-Cam-on-PYNQ-Z2-main/AES_SYS/AES_SYS.gen/sources_1/bd/AES_SYS/ip/AES_SYS_auto_ds_0/AES_SYS_auto_ds_0_stub.vhdl.
INFO: [IP_Flow 19-6926] IPCACHE: added file to list for BOM: c:/code/RFC-8439-fpga-implementation/AES-Cam-on-PYNQ-Z2-main/AES-Cam-on-PYNQ-Z2-main/AES_SYS/AES_SYS.gen/sources_1/bd/AES_SYS/ip/AES_SYS_auto_ds_0/AES_SYS_auto_ds_0_stub.vhdl
INFO: [IP_Flow 19-4993] Using cached IP synthesis design for IP AES_SYS_auto_ds_0, cache-ID = f9503eb3174c7348; cache size = 149.279 MB.
catch { config_ip_cache -export [get_ips -all AES_SYS_auto_ds_1] }
INFO: [IP_Flow 19-6924] IPCACHE: Running cache check for IP inst: AES_SYS_auto_ds_1
INFO: [IP_Flow 19-6922] IPCACHE: Exporting cached entry f9503eb3174c7348 to dir: c:/code/RFC-8439-fpga-implementation/AES-Cam-on-PYNQ-Z2-main/AES-Cam-on-PYNQ-Z2-main/AES_SYS/AES_SYS.gen/sources_1/bd/AES_SYS/ip/AES_SYS_auto_ds_1
INFO: [IP_Flow 19-6928] IPCACHE: copied cached file c:/code/RFC-8439-fpga-implementation/AES-Cam-on-PYNQ-Z2-main/AES-Cam-on-PYNQ-Z2-main/AES_SYS/AES_SYS.cache/ip/2023.2/f/9/f9503eb3174c7348/AES_SYS_auto_ds_0.dcp to c:/code/RFC-8439-fpga-implementation/AES-Cam-on-PYNQ-Z2-main/AES-Cam-on-PYNQ-Z2-main/AES_SYS/AES_SYS.gen/sources_1/bd/AES_SYS/ip/AES_SYS_auto_ds_1/AES_SYS_auto_ds_1.dcp.
INFO: [IP_Flow 19-6926] IPCACHE: added file to list for BOM: c:/code/RFC-8439-fpga-implementation/AES-Cam-on-PYNQ-Z2-main/AES-Cam-on-PYNQ-Z2-main/AES_SYS/AES_SYS.gen/sources_1/bd/AES_SYS/ip/AES_SYS_auto_ds_1/AES_SYS_auto_ds_1.dcp
INFO: [IP_Flow 19-6928] IPCACHE: copied cached file c:/code/RFC-8439-fpga-implementation/AES-Cam-on-PYNQ-Z2-main/AES-Cam-on-PYNQ-Z2-main/AES_SYS/AES_SYS.cache/ip/2023.2/f/9/f9503eb3174c7348/AES_SYS_auto_ds_0_sim_netlist.v to c:/code/RFC-8439-fpga-implementation/AES-Cam-on-PYNQ-Z2-main/AES-Cam-on-PYNQ-Z2-main/AES_SYS/AES_SYS.gen/sources_1/bd/AES_SYS/ip/AES_SYS_auto_ds_1/AES_SYS_auto_ds_1_sim_netlist.v.
INFO: [IP_Flow 19-6926] IPCACHE: added file to list for BOM: c:/code/RFC-8439-fpga-implementation/AES-Cam-on-PYNQ-Z2-main/AES-Cam-on-PYNQ-Z2-main/AES_SYS/AES_SYS.gen/sources_1/bd/AES_SYS/ip/AES_SYS_auto_ds_1/AES_SYS_auto_ds_1_sim_netlist.v
INFO: [IP_Flow 19-6928] IPCACHE: copied cached file c:/code/RFC-8439-fpga-implementation/AES-Cam-on-PYNQ-Z2-main/AES-Cam-on-PYNQ-Z2-main/AES_SYS/AES_SYS.cache/ip/2023.2/f/9/f9503eb3174c7348/AES_SYS_auto_ds_0_sim_netlist.vhdl to c:/code/RFC-8439-fpga-implementation/AES-Cam-on-PYNQ-Z2-main/AES-Cam-on-PYNQ-Z2-main/AES_SYS/AES_SYS.gen/sources_1/bd/AES_SYS/ip/AES_SYS_auto_ds_1/AES_SYS_auto_ds_1_sim_netlist.vhdl.
INFO: [IP_Flow 19-6926] IPCACHE: added file to list for BOM: c:/code/RFC-8439-fpga-implementation/AES-Cam-on-PYNQ-Z2-main/AES-Cam-on-PYNQ-Z2-main/AES_SYS/AES_SYS.gen/sources_1/bd/AES_SYS/ip/AES_SYS_auto_ds_1/AES_SYS_auto_ds_1_sim_netlist.vhdl
INFO: [IP_Flow 19-6928] IPCACHE: copied cached file c:/code/RFC-8439-fpga-implementation/AES-Cam-on-PYNQ-Z2-main/AES-Cam-on-PYNQ-Z2-main/AES_SYS/AES_SYS.cache/ip/2023.2/f/9/f9503eb3174c7348/AES_SYS_auto_ds_0_stub.v to c:/code/RFC-8439-fpga-implementation/AES-Cam-on-PYNQ-Z2-main/AES-Cam-on-PYNQ-Z2-main/AES_SYS/AES_SYS.gen/sources_1/bd/AES_SYS/ip/AES_SYS_auto_ds_1/AES_SYS_auto_ds_1_stub.v.
INFO: [IP_Flow 19-6926] IPCACHE: added file to list for BOM: c:/code/RFC-8439-fpga-implementation/AES-Cam-on-PYNQ-Z2-main/AES-Cam-on-PYNQ-Z2-main/AES_SYS/AES_SYS.gen/sources_1/bd/AES_SYS/ip/AES_SYS_auto_ds_1/AES_SYS_auto_ds_1_stub.v
INFO: [IP_Flow 19-6928] IPCACHE: copied cached file c:/code/RFC-8439-fpga-implementation/AES-Cam-on-PYNQ-Z2-main/AES-Cam-on-PYNQ-Z2-main/AES_SYS/AES_SYS.cache/ip/2023.2/f/9/f9503eb3174c7348/AES_SYS_auto_ds_0_stub.vhdl to c:/code/RFC-8439-fpga-implementation/AES-Cam-on-PYNQ-Z2-main/AES-Cam-on-PYNQ-Z2-main/AES_SYS/AES_SYS.gen/sources_1/bd/AES_SYS/ip/AES_SYS_auto_ds_1/AES_SYS_auto_ds_1_stub.vhdl.
INFO: [IP_Flow 19-6926] IPCACHE: added file to list for BOM: c:/code/RFC-8439-fpga-implementation/AES-Cam-on-PYNQ-Z2-main/AES-Cam-on-PYNQ-Z2-main/AES_SYS/AES_SYS.gen/sources_1/bd/AES_SYS/ip/AES_SYS_auto_ds_1/AES_SYS_auto_ds_1_stub.vhdl
INFO: [IP_Flow 19-4993] Using cached IP synthesis design for IP AES_SYS_auto_ds_1, cache-ID = f9503eb3174c7348; cache size = 149.279 MB.
export_ip_user_files -of_objects [get_files C:/code/RFC-8439-fpga-implementation/AES-Cam-on-PYNQ-Z2-main/AES-Cam-on-PYNQ-Z2-main/AES_SYS/AES_SYS.srcs/sources_1/bd/AES_SYS/AES_SYS.bd] -no_script -sync -force -quiet
create_ip_run [get_files -of_objects [get_fileset sources_1] C:/code/RFC-8439-fpga-implementation/AES-Cam-on-PYNQ-Z2-main/AES-Cam-on-PYNQ-Z2-main/AES_SYS/AES_SYS.srcs/sources_1/bd/AES_SYS/AES_SYS.bd]
export_simulation -of_objects [get_files C:/code/RFC-8439-fpga-implementation/AES-Cam-on-PYNQ-Z2-main/AES-Cam-on-PYNQ-Z2-main/AES_SYS/AES_SYS.srcs/sources_1/bd/AES_SYS/AES_SYS.bd] -directory C:/code/RFC-8439-fpga-implementation/AES-Cam-on-PYNQ-Z2-main/AES-Cam-on-PYNQ-Z2-main/AES_SYS/AES_SYS.ip_user_files/sim_scripts -ip_user_files_dir C:/code/RFC-8439-fpga-implementation/AES-Cam-on-PYNQ-Z2-main/AES-Cam-on-PYNQ-Z2-main/AES_SYS/AES_SYS.ip_user_files -ipstatic_source_dir C:/code/RFC-8439-fpga-implementation/AES-Cam-on-PYNQ-Z2-main/AES-Cam-on-PYNQ-Z2-main/AES_SYS/AES_SYS.ip_user_files/ipstatic -lib_map_path [list {modelsim=C:/code/RFC-8439-fpga-implementation/AES-Cam-on-PYNQ-Z2-main/AES-Cam-on-PYNQ-Z2-main/AES_SYS/AES_SYS.cache/compile_simlib/modelsim} {questa=C:/code/RFC-8439-fpga-implementation/AES-Cam-on-PYNQ-Z2-main/AES-Cam-on-PYNQ-Z2-main/AES_SYS/AES_SYS.cache/compile_simlib/questa} {riviera=C:/code/RFC-8439-fpga-implementation/AES-Cam-on-PYNQ-Z2-main/AES-Cam-on-PYNQ-Z2-main/AES_SYS/AES_SYS.cache/compile_simlib/riviera} {activehdl=C:/code/RFC-8439-fpga-implementation/AES-Cam-on-PYNQ-Z2-main/AES-Cam-on-PYNQ-Z2-main/AES_SYS/AES_SYS.cache/compile_simlib/activehdl}] -use_ip_compiled_libs -force -quiet
reset_run synth_1
INFO: [Project 1-1161] Replacing file C:/code/RFC-8439-fpga-implementation/AES-Cam-on-PYNQ-Z2-main/AES-Cam-on-PYNQ-Z2-main/AES_SYS/AES_SYS.srcs/utils_1/imports/synth_1/AES_SYS_wrapper.dcp with file C:/code/RFC-8439-fpga-implementation/AES-Cam-on-PYNQ-Z2-main/AES-Cam-on-PYNQ-Z2-main/AES_SYS/AES_SYS.runs/synth_1/AES_SYS_wrapper.dcp
launch_runs synth_1 -jobs 32
[Mon May 25 22:34:26 2026] Launched synth_1...
Run output will be captured here: C:/code/RFC-8439-fpga-implementation/AES-Cam-on-PYNQ-Z2-main/AES-Cam-on-PYNQ-Z2-main/AES_SYS/AES_SYS.runs/synth_1/runme.log
launch_runs impl_1 -jobs 32
[Mon May 25 22:35:31 2026] Launched impl_1...
Run output will be captured here: C:/code/RFC-8439-fpga-implementation/AES-Cam-on-PYNQ-Z2-main/AES-Cam-on-PYNQ-Z2-main/AES_SYS/AES_SYS.runs/impl_1/runme.log
create_ip_run [get_files -of_objects [get_fileset sources_1] C:/code/RFC-8439-fpga-implementation/AES-Cam-on-PYNQ-Z2-main/AES-Cam-on-PYNQ-Z2-main/AES_SYS/AES_SYS.srcs/sources_1/bd/AES_SYS/AES_SYS.bd]
refresh_design
Netlist sorting complete. Time (s): cpu = 00:00:00 ; elapsed = 00:00:00.546 . Memory (MB): peak = 5775.535 ; gain = 0.000
INFO: [Netlist 29-17] Analyzing 1633 Unisim elements for replacement
INFO: [Netlist 29-28] Unisim Transformation completed in 0 CPU seconds
INFO: [Project 1-479] Netlist was created with Vivado 2023.2
INFO: [Project 1-570] Preparing netlist for logic optimization
WARNING: [Constraints 18-550] Could not create 'IBUF_LOW_PWR' constraint because net 'AES_SYS_i/clk_wiz_0/clk_in1' is not directly connected to top level port. 'IBUF_LOW_PWR' is ignored for synthesis but preserved for implementation.
Read ShapeDB Complete: Time (s): cpu = 00:00:00 ; elapsed = 00:00:00.087 . Memory (MB): peak = 5775.535 ; gain = 0.000
INFO: [Timing 38-478] Restoring timing data from binary archive.
INFO: [Timing 38-479] Binary timing data restore complete.
INFO: [Project 1-856] Restoring constraints from binary archive.
INFO: [Project 1-853] Binary constraint restore complete.
INFO: [Designutils 20-5722] Start Reading Physical Databases.
Reading placement.
Read Netlist Cache: Time (s): cpu = 00:00:01 ; elapsed = 00:00:00.039 . Memory (MB): peak = 5775.535 ; gain = 0.000
Reading placer database...
Read Device Cache: Time (s): cpu = 00:00:00 ; elapsed = 00:00:00.016 . Memory (MB): peak = 5775.535 ; gain = 0.000
Read PlaceDB: Time (s): cpu = 00:00:01 ; elapsed = 00:00:01 . Memory (MB): peak = 5775.535 ; gain = 0.000
Read PulsedLatchDB: Time (s): cpu = 00:00:00 ; elapsed = 00:00:00 . Memory (MB): peak = 5775.535 ; gain = 0.000
Reading routing.
Read RouteStorage: Time (s): cpu = 00:00:00 ; elapsed = 00:00:00.458 . Memory (MB): peak = 5775.535 ; gain = 0.000
Read Physdb Files: Time (s): cpu = 00:00:02 ; elapsed = 00:00:02 . Memory (MB): peak = 5775.535 ; gain = 0.000
Restored from archive | CPU: 2.000000 secs | Memory: 0.000000 MB |
Finished XDEF File Restore: Time (s): cpu = 00:00:02 ; elapsed = 00:00:02 . Memory (MB): peak = 5775.535 ; gain = 0.000
refresh_design: Time (s): cpu = 00:00:14 ; elapsed = 00:00:10 . Memory (MB): peak = 5775.535 ; gain = 0.000
open_report: Time (s): cpu = 00:00:12 ; elapsed = 00:00:07 . Memory (MB): peak = 5775.535 ; gain = 0.000
launch_runs impl_1 -to_step write_bitstream -jobs 32
[Mon May 25 22:40:05 2026] Launched impl_1...
Run output will be captured here: C:/code/RFC-8439-fpga-implementation/AES-Cam-on-PYNQ-Z2-main/AES-Cam-on-PYNQ-Z2-main/AES_SYS/AES_SYS.runs/impl_1/runme.log
CRITICAL WARNING: [HDL 9-1206] Syntax error near ';' [C:/code/RFC-8439-fpga-implementation/src/RFC8439.v:441]
CRITICAL WARNING: [HDL 9-1206] Syntax error near ';' [C:/code/RFC-8439-fpga-implementation/src/RFC8439.v:441]
CRITICAL WARNING: [HDL 9-1206] Syntax error near ';' [C:/code/RFC-8439-fpga-implementation/src/RFC8439.v:441]
CRITICAL WARNING: [HDL 9-1206] Syntax error near ';' [C:/code/RFC-8439-fpga-implementation/src/RFC8439.v:441]
CRITICAL WARNING: [HDL 9-1206] Syntax error near ';' [C:/code/RFC-8439-fpga-implementation/src/RFC8439.v:441]
CRITICAL WARNING: [HDL 9-1206] Syntax error near ';' [C:/code/RFC-8439-fpga-implementation/src/RFC8439.v:441]
CRITICAL WARNING: [HDL 9-1206] Syntax error near ';' [C:/code/RFC-8439-fpga-implementation/src/RFC8439.v:441]
CRITICAL WARNING: [HDL 9-1206] Syntax error near ';' [C:/code/RFC-8439-fpga-implementation/src/RFC8439.v:441]
WARNING: [filemgmt 56-199] Attempt to get parsing info during refresh. "On-the-fly" syntax checking information may be incorrect. [C:\code\RFC-8439-fpga-implementation\src\RFC8439.v:]
ERROR: [Common 17-180] Spawn failed: No error
WARNING: [filemgmt 56-199] Attempt to get parsing info during refresh. "On-the-fly" syntax checking information may be incorrect. [C:\code\RFC-8439-fpga-implementation\src\RFC8439.v:]
ERROR: [Common 17-180] Spawn failed: No error
open_bd_design {C:/code/RFC-8439-fpga-implementation/AES-Cam-on-PYNQ-Z2-main/AES-Cam-on-PYNQ-Z2-main/AES_SYS/AES_SYS.srcs/sources_1/bd/AES_SYS/AES_SYS.bd}
update_module_reference AES_SYS_RFC8439_0_0
WARNING: [IP_Flow 19-587] [HDL Parser] HDL port or parameter 'msg_src_base_w' has a dependency on the module local parameter or undefined parameter 'SRC_AAD_BASE_BYTES'.
WARNING: [IP_Flow 19-587] [HDL Parser] HDL port or parameter 'prefetch_start_w' has a dependency on the module local parameter or undefined parameter 'M_MSG_WR_WAIT'.
WARNING: [IP_Flow 19-587] [HDL Parser] HDL port or parameter 'chacha_demand_start_w' has a dependency on the module local parameter or undefined parameter 'M_INIT_KEY'.
WARNING: [IP_Flow 19-587] [HDL Parser] HDL port or parameter 'chacha_demand_start_w' has a dependency on the module local parameter or undefined parameter 'M_MSG_KS_REQ'.
WARNING: [IP_Flow 19-587] [HDL Parser] HDL port or parameter 'chacha_counter_input_w' has a dependency on the module local parameter or undefined parameter 'M_INIT_KEY'.
WARNING: [IP_Flow 19-587] [HDL Parser] HDL port or parameter 'msg_fire_w' has a dependency on the module local parameter or undefined parameter 'M_MSG_DISP'.
WARNING: [IP_Flow 19-587] [HDL Parser] HDL port or parameter 'msg_fire_w' has a dependency on the module local parameter or undefined parameter 'W_IDLE'.
WARNING: [IP_Flow 19-587] [HDL Parser] HDL port or parameter 'req_rd_w' has a dependency on the module local parameter or undefined parameter 'M_AAD_REQ'.
WARNING: [IP_Flow 19-587] [HDL Parser] HDL port or parameter 'req_rd_w' has a dependency on the module local parameter or undefined parameter 'M_LOAD_KEY0_REQ'.
WARNING: [IP_Flow 19-587] [HDL Parser] HDL port or parameter 'req_rd_w' has a dependency on the module local parameter or undefined parameter 'M_LOAD_KEY1_REQ'.
WARNING: [IP_Flow 19-587] [HDL Parser] HDL port or parameter 'req_rd_w' has a dependency on the module local parameter or undefined parameter 'M_LOAD_NONCE_REQ'.
WARNING: [IP_Flow 19-587] [HDL Parser] HDL port or parameter 'req_rd_w' has a dependency on the module local parameter or undefined parameter 'M_MSG_REQ'.
WARNING: [IP_Flow 19-587] [HDL Parser] HDL port or parameter 'req_rd_w' has a dependency on the module local parameter or undefined parameter 'M_TAG_VERIFY'.
WARNING: [IP_Flow 19-587] [HDL Parser] HDL port or parameter 'req_wr_w' has a dependency on the module local parameter or undefined parameter 'M_TAG_WRITE'.
WARNING: [IP_Flow 19-587] [HDL Parser] HDL port or parameter 'rd_addr_w' has a dependency on the module local parameter or undefined parameter 'M_AAD_REQ'.
WARNING: [IP_Flow 19-587] [HDL Parser] HDL port or parameter 'rd_addr_w' has a dependency on the module local parameter or undefined parameter 'M_LOAD_KEY0_REQ'.
WARNING: [IP_Flow 19-587] [HDL Parser] HDL port or parameter 'rd_addr_w' has a dependency on the module local parameter or undefined parameter 'M_LOAD_KEY1_REQ'.
WARNING: [IP_Flow 19-587] [HDL Parser] HDL port or parameter 'rd_addr_w' has a dependency on the module local parameter or undefined parameter 'M_LOAD_NONCE_REQ'.
WARNING: [IP_Flow 19-587] [HDL Parser] HDL port or parameter 'rd_addr_w' has a dependency on the module local parameter or undefined parameter 'M_MSG_REQ'.
WARNING: [IP_Flow 19-587] [HDL Parser] HDL port or parameter 'rd_addr_w' has a dependency on the module local parameter or undefined parameter 'M_TAG_VERIFY'.
WARNING: [IP_Flow 19-587] [HDL Parser] HDL port or parameter 'rd_addr_w' has a dependency on the module local parameter or undefined parameter 'SRC_AAD_BASE_BYTES'.
WARNING: [IP_Flow 19-587] [HDL Parser] HDL port or parameter 'rd_len_w' has a dependency on the module local parameter or undefined parameter 'M_LOAD_KEY0_REQ'.
WARNING: [IP_Flow 19-587] [HDL Parser] HDL port or parameter 'rd_len_w' has a dependency on the module local parameter or undefined parameter 'M_LOAD_KEY1_REQ'.
WARNING: [IP_Flow 19-587] [HDL Parser] HDL port or parameter 'rd_len_w' has a dependency on the module local parameter or undefined parameter 'M_LOAD_NONCE_REQ'.
WARNING: [IP_Flow 19-587] [HDL Parser] HDL port or parameter 'rd_len_w' has a dependency on the module local parameter or undefined parameter 'M_TAG_VERIFY'.
WARNING: [IP_Flow 19-587] [HDL Parser] HDL port or parameter 'wr_addr_w' has a dependency on the module local parameter or undefined parameter 'M_TAG_WRITE'.
WARNING: [IP_Flow 19-587] [HDL Parser] HDL port or parameter 'wr_len_w' has a dependency on the module local parameter or undefined parameter 'M_TAG_WRITE'.
WARNING: [IP_Flow 19-587] [HDL Parser] HDL port or parameter 'wr_data_w' has a dependency on the module local parameter or undefined parameter 'M_TAG_WRITE'.
WARNING: [IP_Flow 19-587] [HDL Parser] HDL port or parameter 'poly_data_w' has a dependency on the module local parameter or undefined parameter 'M_AAD_POLY'.
WARNING: [IP_Flow 19-587] [HDL Parser] HDL port or parameter 'poly_data_w' has a dependency on the module local parameter or undefined parameter 'M_LEN_POLY'.
WARNING: [IP_Flow 19-587] [HDL Parser] HDL port or parameter 'poly_data_w' has a dependency on the module local parameter or undefined parameter 'M_MSG_DISP'.
WARNING: [IP_Flow 19-587] [HDL Parser] HDL port or parameter 'poly_valid_w' has a dependency on the module local parameter or undefined parameter 'M_AAD_POLY'.
WARNING: [IP_Flow 19-587] [HDL Parser] HDL port or parameter 'poly_valid_w' has a dependency on the module local parameter or undefined parameter 'M_LEN_POLY'.
WARNING: [IP_Flow 19-587] [HDL Parser] HDL port or parameter 'poly_finalize_w' has a dependency on the module local parameter or undefined parameter 'M_LEN_POLY'.
INFO: [IP_Flow 19-5107] Inferred bus interface 'rst' of definition 'xilinx.com:signal:reset:1.0' (from Xilinx Repository).
INFO: [IP_Flow 19-5107] Inferred bus interface 'clk' of definition 'xilinx.com:signal:clock:1.0' (from Xilinx Repository).
INFO: [IP_Flow 19-4728] Bus Interface 'clk': Added interface parameter 'ASSOCIATED_RESET' with value 'rst'.
WARNING: [IP_Flow 19-5661] Bus Interface 'clk' does not have any bus interfaces associated with it.
WARNING: [IP_Flow 19-11770] Clock interface 'clk' has no FREQ_HZ parameter.
WARNING: [IP_Flow 19-587] [HDL Parser] HDL port or parameter 'msg_src_base_w' has a dependency on the module local parameter or undefined parameter 'SRC_AAD_BASE_BYTES'.
WARNING: [IP_Flow 19-587] [HDL Parser] HDL port or parameter 'prefetch_start_w' has a dependency on the module local parameter or undefined parameter 'M_MSG_WR_WAIT'.
WARNING: [IP_Flow 19-587] [HDL Parser] HDL port or parameter 'chacha_demand_start_w' has a dependency on the module local parameter or undefined parameter 'M_INIT_KEY'.
WARNING: [IP_Flow 19-587] [HDL Parser] HDL port or parameter 'chacha_demand_start_w' has a dependency on the module local parameter or undefined parameter 'M_MSG_KS_REQ'.
WARNING: [IP_Flow 19-587] [HDL Parser] HDL port or parameter 'chacha_counter_input_w' has a dependency on the module local parameter or undefined parameter 'M_INIT_KEY'.
WARNING: [IP_Flow 19-587] [HDL Parser] HDL port or parameter 'msg_fire_w' has a dependency on the module local parameter or undefined parameter 'M_MSG_DISP'.
WARNING: [IP_Flow 19-587] [HDL Parser] HDL port or parameter 'msg_fire_w' has a dependency on the module local parameter or undefined parameter 'W_IDLE'.
WARNING: [IP_Flow 19-587] [HDL Parser] HDL port or parameter 'req_rd_w' has a dependency on the module local parameter or undefined parameter 'M_AAD_REQ'.
WARNING: [IP_Flow 19-587] [HDL Parser] HDL port or parameter 'req_rd_w' has a dependency on the module local parameter or undefined parameter 'M_LOAD_KEY0_REQ'.
WARNING: [IP_Flow 19-587] [HDL Parser] HDL port or parameter 'req_rd_w' has a dependency on the module local parameter or undefined parameter 'M_LOAD_KEY1_REQ'.
WARNING: [IP_Flow 19-587] [HDL Parser] HDL port or parameter 'req_rd_w' has a dependency on the module local parameter or undefined parameter 'M_LOAD_NONCE_REQ'.
WARNING: [IP_Flow 19-587] [HDL Parser] HDL port or parameter 'req_rd_w' has a dependency on the module local parameter or undefined parameter 'M_MSG_REQ'.
WARNING: [IP_Flow 19-587] [HDL Parser] HDL port or parameter 'req_rd_w' has a dependency on the module local parameter or undefined parameter 'M_TAG_VERIFY'.
WARNING: [IP_Flow 19-587] [HDL Parser] HDL port or parameter 'req_wr_w' has a dependency on the module local parameter or undefined parameter 'M_TAG_WRITE'.
WARNING: [IP_Flow 19-587] [HDL Parser] HDL port or parameter 'rd_addr_w' has a dependency on the module local parameter or undefined parameter 'M_AAD_REQ'.
WARNING: [IP_Flow 19-587] [HDL Parser] HDL port or parameter 'rd_addr_w' has a dependency on the module local parameter or undefined parameter 'M_LOAD_KEY0_REQ'.
WARNING: [IP_Flow 19-587] [HDL Parser] HDL port or parameter 'rd_addr_w' has a dependency on the module local parameter or undefined parameter 'M_LOAD_KEY1_REQ'.
WARNING: [IP_Flow 19-587] [HDL Parser] HDL port or parameter 'rd_addr_w' has a dependency on the module local parameter or undefined parameter 'M_LOAD_NONCE_REQ'.
WARNING: [IP_Flow 19-587] [HDL Parser] HDL port or parameter 'rd_addr_w' has a dependency on the module local parameter or undefined parameter 'M_MSG_REQ'.
WARNING: [IP_Flow 19-587] [HDL Parser] HDL port or parameter 'rd_addr_w' has a dependency on the module local parameter or undefined parameter 'M_TAG_VERIFY'.
WARNING: [IP_Flow 19-587] [HDL Parser] HDL port or parameter 'rd_addr_w' has a dependency on the module local parameter or undefined parameter 'SRC_AAD_BASE_BYTES'.
WARNING: [IP_Flow 19-587] [HDL Parser] HDL port or parameter 'rd_len_w' has a dependency on the module local parameter or undefined parameter 'M_LOAD_KEY0_REQ'.
WARNING: [IP_Flow 19-587] [HDL Parser] HDL port or parameter 'rd_len_w' has a dependency on the module local parameter or undefined parameter 'M_LOAD_KEY1_REQ'.
WARNING: [IP_Flow 19-587] [HDL Parser] HDL port or parameter 'rd_len_w' has a dependency on the module local parameter or undefined parameter 'M_LOAD_NONCE_REQ'.
WARNING: [IP_Flow 19-587] [HDL Parser] HDL port or parameter 'rd_len_w' has a dependency on the module local parameter or undefined parameter 'M_TAG_VERIFY'.
WARNING: [IP_Flow 19-587] [HDL Parser] HDL port or parameter 'wr_addr_w' has a dependency on the module local parameter or undefined parameter 'M_TAG_WRITE'.
WARNING: [IP_Flow 19-587] [HDL Parser] HDL port or parameter 'wr_len_w' has a dependency on the module local parameter or undefined parameter 'M_TAG_WRITE'.
WARNING: [IP_Flow 19-587] [HDL Parser] HDL port or parameter 'wr_data_w' has a dependency on the module local parameter or undefined parameter 'M_TAG_WRITE'.
WARNING: [IP_Flow 19-587] [HDL Parser] HDL port or parameter 'poly_data_w' has a dependency on the module local parameter or undefined parameter 'M_AAD_POLY'.
WARNING: [IP_Flow 19-587] [HDL Parser] HDL port or parameter 'poly_data_w' has a dependency on the module local parameter or undefined parameter 'M_LEN_POLY'.
WARNING: [IP_Flow 19-587] [HDL Parser] HDL port or parameter 'poly_data_w' has a dependency on the module local parameter or undefined parameter 'M_MSG_DISP'.
WARNING: [IP_Flow 19-587] [HDL Parser] HDL port or parameter 'poly_valid_w' has a dependency on the module local parameter or undefined parameter 'M_AAD_POLY'.
WARNING: [IP_Flow 19-587] [HDL Parser] HDL port or parameter 'poly_valid_w' has a dependency on the module local parameter or undefined parameter 'M_LEN_POLY'.
WARNING: [IP_Flow 19-587] [HDL Parser] HDL port or parameter 'poly_finalize_w' has a dependency on the module local parameter or undefined parameter 'M_LEN_POLY'.
INFO: [IP_Flow 19-5107] Inferred bus interface 'rst' of definition 'xilinx.com:signal:reset:1.0' (from Xilinx Repository).
INFO: [IP_Flow 19-5107] Inferred bus interface 'clk' of definition 'xilinx.com:signal:clock:1.0' (from Xilinx Repository).
INFO: [IP_Flow 19-4728] Bus Interface 'clk': Added interface parameter 'ASSOCIATED_RESET' with value 'rst'.
WARNING: [IP_Flow 19-5661] Bus Interface 'clk' does not have any bus interfaces associated with it.
WARNING: [IP_Flow 19-11770] Clock interface 'clk' has no FREQ_HZ parameter.
Upgrading 'C:/code/RFC-8439-fpga-implementation/AES-Cam-on-PYNQ-Z2-main/AES-Cam-on-PYNQ-Z2-main/AES_SYS/AES_SYS.srcs/sources_1/bd/AES_SYS/AES_SYS.bd'
INFO: [IP_Flow 19-3420] Updated AES_SYS_RFC8439_0_0 to use current project options
Wrote  : <C:\code\RFC-8439-fpga-implementation\AES-Cam-on-PYNQ-Z2-main\AES-Cam-on-PYNQ-Z2-main\AES_SYS\AES_SYS.srcs\sources_1\bd\AES_SYS\AES_SYS.bd> 
Wrote  : <C:/code/RFC-8439-fpga-implementation/AES-Cam-on-PYNQ-Z2-main/AES-Cam-on-PYNQ-Z2-main/AES_SYS/AES_SYS.srcs/sources_1/bd/AES_SYS/ui/bd_9341033d.ui> 
open_bd_design {C:/code/RFC-8439-fpga-implementation/AES-Cam-on-PYNQ-Z2-main/AES-Cam-on-PYNQ-Z2-main/AES_SYS/AES_SYS.srcs/sources_1/bd/AES_SYS/AES_SYS.bd}
report_ip_status -name ip_status 
generate_target all [get_files  C:/code/RFC-8439-fpga-implementation/AES-Cam-on-PYNQ-Z2-main/AES-Cam-on-PYNQ-Z2-main/AES_SYS/AES_SYS.srcs/sources_1/bd/AES_SYS/AES_SYS.bd]
WARNING: [BD 41-2670] Found an incomplete address path from address space '/processing_system7_0/Data' to master interface '/ps7_0_axi_periph/M10_AXI'. Please either complete or remove this path to resolve.
WARNING: [BD 41-2670] Found an incomplete address path from address space '/processing_system7_0/Data' to master interface '/ps7_0_axi_periph/M12_AXI'. Please either complete or remove this path to resolve.
WARNING: [BD 41-2670] Found an incomplete address path from address space '/processing_system7_0/Data' to master interface '/ps7_0_axi_periph/M07_AXI'. Please either complete or remove this path to resolve.
WARNING: [BD 5-699] No address segments matched 'get_bd_addr_segs -addressables -of_objects /rst_ps7_0_100M'
WARNING: [BD 5-699] No address segments matched 'get_bd_addr_segs -addressables -of_objects /rst_ps7_0_100M'
WARNING: [BD 5-699] No address segments matched 'get_bd_addr_segs -addressables -of_objects /rst_ps7_0_100M'
WARNING: [BD 41-702] Propagation TCL tries to overwrite USER strength parameter PCW_M_AXI_GP0_FREQMHZ(10) on '/processing_system7_0' with propagated value(50). Command ignored
WARNING: [BD 41-702] Propagation TCL tries to overwrite USER strength parameter PCW_S_AXI_HP0_FREQMHZ(10) on '/processing_system7_0' with propagated value(50). Command ignored
WARNING: [BD 41-702] Propagation TCL tries to overwrite USER strength parameter PCW_S_AXI_HP1_FREQMHZ(10) on '/processing_system7_0' with propagated value(50). Command ignored
WARNING: [xilinx.com:ip:axi_intc:4.1-13] /axi_intc_0: Interrupt output connection Bus is selected, but the interrupt bus interface is not connected to a matching interface. Please consider selecting Single instead.
INFO: [xilinx.com:ip:clk_wiz:6.0-1] /clk_wiz_0 clk_wiz propagate
INFO: [xilinx.com:ip:clk_wiz:6.0-1] /clk_wiz_0 clk_wiz propagate
INFO: [xilinx.com:ip:axi_vdma:6.3-15] /axi_vdma_0 
                    All clocks connected to AXI VDMA are not identical, therefore configuring AXI-VDMA in ASYNC mode.
WARNING: [xilinx.com:ip:axi_vdma:6.3-155] /axi_vdma_0 
                    To get the better performance, ensure AXI Memory Map clock frequency is greater than equal to AXI Streaming clock frequency.
Wrote  : <C:\code\RFC-8439-fpga-implementation\AES-Cam-on-PYNQ-Z2-main\AES-Cam-on-PYNQ-Z2-main\AES_SYS\AES_SYS.srcs\sources_1\bd\AES_SYS\AES_SYS.bd> 
WARNING: [BD 41-2384] Width mismatch when connecting pin: '/axi_mem_intercon/m00_couplers/auto_pc/m_axi_rid'(1) to pin: '/axi_mem_intercon/m00_couplers/M_AXI_rid'(6) - Only lower order bits will be connected.
WARNING: [BD 41-2384] Width mismatch when connecting pin: '/axi_mem_intercon/m00_couplers/auto_pc/m_axi_bid'(1) to pin: '/axi_mem_intercon/m00_couplers/M_AXI_bid'(6) - Only lower order bits will be connected.
WARNING: [BD 41-2384] Width mismatch when connecting pin: '/axi_bram_ctrl_0_bram/addra'(32) to pin: '/axi_bram_ctrl_0/bram_addr_a'(18) - Only lower order bits will be connected.
WARNING: [BD 41-2384] Width mismatch when connecting pin: '/processing_system7_0/S_AXI_HP0_AWID'(6) to pin: '/axi_mem_intercon/M00_AXI_awid'(1) - Only lower order bits will be connected.
WARNING: [BD 41-2384] Width mismatch when connecting pin: '/processing_system7_0/S_AXI_HP0_ARID'(6) to pin: '/axi_mem_intercon/M00_AXI_arid'(1) - Only lower order bits will be connected.
WARNING: [BD 41-2384] Width mismatch when connecting pin: '/processing_system7_0/S_AXI_HP0_WID'(6) to pin: '/axi_mem_intercon/M00_AXI_wid'(1) - Only lower order bits will be connected.
WARNING: [BD 41-2384] Width mismatch when connecting pin: '/axi_bram_ctrl_0_bram1/addra'(32) to pin: '/axi_bram_ctrl_1/bram_addr_a'(18) - Only lower order bits will be connected.
Verilog Output written to : c:/code/RFC-8439-fpga-implementation/AES-Cam-on-PYNQ-Z2-main/AES-Cam-on-PYNQ-Z2-main/AES_SYS/AES_SYS.gen/sources_1/bd/AES_SYS/synth/AES_SYS.v
WARNING: [BD 41-2384] Width mismatch when connecting pin: '/axi_mem_intercon/m00_couplers/auto_pc/m_axi_rid'(1) to pin: '/axi_mem_intercon/m00_couplers/M_AXI_rid'(6) - Only lower order bits will be connected.
WARNING: [BD 41-2384] Width mismatch when connecting pin: '/axi_mem_intercon/m00_couplers/auto_pc/m_axi_bid'(1) to pin: '/axi_mem_intercon/m00_couplers/M_AXI_bid'(6) - Only lower order bits will be connected.
WARNING: [BD 41-2384] Width mismatch when connecting pin: '/axi_bram_ctrl_0_bram/addra'(32) to pin: '/axi_bram_ctrl_0/bram_addr_a'(18) - Only lower order bits will be connected.
WARNING: [BD 41-2384] Width mismatch when connecting pin: '/processing_system7_0/S_AXI_HP0_AWID'(6) to pin: '/axi_mem_intercon/M00_AXI_awid'(1) - Only lower order bits will be connected.
WARNING: [BD 41-2384] Width mismatch when connecting pin: '/processing_system7_0/S_AXI_HP0_ARID'(6) to pin: '/axi_mem_intercon/M00_AXI_arid'(1) - Only lower order bits will be connected.
WARNING: [BD 41-2384] Width mismatch when connecting pin: '/processing_system7_0/S_AXI_HP0_WID'(6) to pin: '/axi_mem_intercon/M00_AXI_wid'(1) - Only lower order bits will be connected.
WARNING: [BD 41-2384] Width mismatch when connecting pin: '/axi_bram_ctrl_0_bram1/addra'(32) to pin: '/axi_bram_ctrl_1/bram_addr_a'(18) - Only lower order bits will be connected.
Verilog Output written to : c:/code/RFC-8439-fpga-implementation/AES-Cam-on-PYNQ-Z2-main/AES-Cam-on-PYNQ-Z2-main/AES_SYS/AES_SYS.gen/sources_1/bd/AES_SYS/sim/AES_SYS.v
Verilog Output written to : c:/code/RFC-8439-fpga-implementation/AES-Cam-on-PYNQ-Z2-main/AES-Cam-on-PYNQ-Z2-main/AES_SYS/AES_SYS.gen/sources_1/bd/AES_SYS/hdl/AES_SYS_wrapper.v
INFO: [BD 41-1029] Generation completed for the IP Integrator block RFC8439_0 .
WARNING: [IP_Flow 19-4994] Overwriting existing constraint file 'c:/code/RFC-8439-fpga-implementation/AES-Cam-on-PYNQ-Z2-main/AES-Cam-on-PYNQ-Z2-main/AES_SYS/AES_SYS.gen/sources_1/bd/AES_SYS/ip/AES_SYS_auto_pc_11/AES_SYS_auto_pc_11_ooc.xdc'
INFO: [BD 41-1029] Generation completed for the IP Integrator block ps7_0_axi_periph/s00_couplers/auto_pc .
WARNING: [IP_Flow 19-4994] Overwriting existing constraint file 'c:/code/RFC-8439-fpga-implementation/AES-Cam-on-PYNQ-Z2-main/AES-Cam-on-PYNQ-Z2-main/AES_SYS/AES_SYS.gen/sources_1/bd/AES_SYS/ip/AES_SYS_auto_pc_0/AES_SYS_auto_pc_0_ooc.xdc'
INFO: [BD 41-1029] Generation completed for the IP Integrator block ps7_0_axi_periph/m00_couplers/auto_pc .
WARNING: [IP_Flow 19-4994] Overwriting existing constraint file 'c:/code/RFC-8439-fpga-implementation/AES-Cam-on-PYNQ-Z2-main/AES-Cam-on-PYNQ-Z2-main/AES_SYS/AES_SYS.gen/sources_1/bd/AES_SYS/ip/AES_SYS_auto_pc_1/AES_SYS_auto_pc_1_ooc.xdc'
INFO: [BD 41-1029] Generation completed for the IP Integrator block ps7_0_axi_periph/m01_couplers/auto_pc .
WARNING: [IP_Flow 19-4994] Overwriting existing constraint file 'c:/code/RFC-8439-fpga-implementation/AES-Cam-on-PYNQ-Z2-main/AES-Cam-on-PYNQ-Z2-main/AES_SYS/AES_SYS.gen/sources_1/bd/AES_SYS/ip/AES_SYS_auto_pc_2/AES_SYS_auto_pc_2_ooc.xdc'
INFO: [BD 41-1029] Generation completed for the IP Integrator block ps7_0_axi_periph/m02_couplers/auto_pc .
WARNING: [IP_Flow 19-4994] Overwriting existing constraint file 'c:/code/RFC-8439-fpga-implementation/AES-Cam-on-PYNQ-Z2-main/AES-Cam-on-PYNQ-Z2-main/AES_SYS/AES_SYS.gen/sources_1/bd/AES_SYS/ip/AES_SYS_auto_pc_3/AES_SYS_auto_pc_3_ooc.xdc'
INFO: [BD 41-1029] Generation completed for the IP Integrator block ps7_0_axi_periph/m03_couplers/auto_pc .
WARNING: [IP_Flow 19-4994] Overwriting existing constraint file 'c:/code/RFC-8439-fpga-implementation/AES-Cam-on-PYNQ-Z2-main/AES-Cam-on-PYNQ-Z2-main/AES_SYS/AES_SYS.gen/sources_1/bd/AES_SYS/ip/AES_SYS_auto_pc_4/AES_SYS_auto_pc_4_ooc.xdc'
INFO: [BD 41-1029] Generation completed for the IP Integrator block ps7_0_axi_periph/m04_couplers/auto_pc .
WARNING: [IP_Flow 19-4994] Overwriting existing constraint file 'c:/code/RFC-8439-fpga-implementation/AES-Cam-on-PYNQ-Z2-main/AES-Cam-on-PYNQ-Z2-main/AES_SYS/AES_SYS.gen/sources_1/bd/AES_SYS/ip/AES_SYS_auto_pc_5/AES_SYS_auto_pc_5_ooc.xdc'
INFO: [BD 41-1029] Generation completed for the IP Integrator block ps7_0_axi_periph/m05_couplers/auto_pc .
WARNING: [IP_Flow 19-4994] Overwriting existing constraint file 'c:/code/RFC-8439-fpga-implementation/AES-Cam-on-PYNQ-Z2-main/AES-Cam-on-PYNQ-Z2-main/AES_SYS/AES_SYS.gen/sources_1/bd/AES_SYS/ip/AES_SYS_auto_pc_6/AES_SYS_auto_pc_6_ooc.xdc'
INFO: [BD 41-1029] Generation completed for the IP Integrator block ps7_0_axi_periph/m06_couplers/auto_pc .
WARNING: [IP_Flow 19-4994] Overwriting existing constraint file 'c:/code/RFC-8439-fpga-implementation/AES-Cam-on-PYNQ-Z2-main/AES-Cam-on-PYNQ-Z2-main/AES_SYS/AES_SYS.gen/sources_1/bd/AES_SYS/ip/AES_SYS_auto_pc_7/AES_SYS_auto_pc_7_ooc.xdc'
INFO: [BD 41-1029] Generation completed for the IP Integrator block ps7_0_axi_periph/m08_couplers/auto_pc .
WARNING: [IP_Flow 19-4994] Overwriting existing constraint file 'c:/code/RFC-8439-fpga-implementation/AES-Cam-on-PYNQ-Z2-main/AES-Cam-on-PYNQ-Z2-main/AES_SYS/AES_SYS.gen/sources_1/bd/AES_SYS/ip/AES_SYS_auto_pc_8/AES_SYS_auto_pc_8_ooc.xdc'
INFO: [BD 41-1029] Generation completed for the IP Integrator block ps7_0_axi_periph/m09_couplers/auto_pc .
WARNING: [IP_Flow 19-4994] Overwriting existing constraint file 'c:/code/RFC-8439-fpga-implementation/AES-Cam-on-PYNQ-Z2-main/AES-Cam-on-PYNQ-Z2-main/AES_SYS/AES_SYS.gen/sources_1/bd/AES_SYS/ip/AES_SYS_auto_pc_9/AES_SYS_auto_pc_9_ooc.xdc'
INFO: [BD 41-1029] Generation completed for the IP Integrator block ps7_0_axi_periph/m11_couplers/auto_pc .
WARNING: [IP_Flow 19-4994] Overwriting existing constraint file 'c:/code/RFC-8439-fpga-implementation/AES-Cam-on-PYNQ-Z2-main/AES-Cam-on-PYNQ-Z2-main/AES_SYS/AES_SYS.gen/sources_1/bd/AES_SYS/ip/AES_SYS_auto_pc_10/AES_SYS_auto_pc_10_ooc.xdc'
INFO: [BD 41-1029] Generation completed for the IP Integrator block ps7_0_axi_periph/m13_couplers/auto_pc .
WARNING: [IP_Flow 19-4994] Overwriting existing constraint file 'c:/code/RFC-8439-fpga-implementation/AES-Cam-on-PYNQ-Z2-main/AES-Cam-on-PYNQ-Z2-main/AES_SYS/AES_SYS.gen/sources_1/bd/AES_SYS/ip/AES_SYS_auto_pc_12/AES_SYS_auto_pc_12_ooc.xdc'
INFO: [BD 41-1029] Generation completed for the IP Integrator block axi_mem_intercon/m00_couplers/auto_pc .
WARNING: [IP_Flow 19-4994] Overwriting existing constraint file 'c:/code/RFC-8439-fpga-implementation/AES-Cam-on-PYNQ-Z2-main/AES-Cam-on-PYNQ-Z2-main/AES_SYS/AES_SYS.gen/sources_1/bd/AES_SYS/ip/AES_SYS_auto_us_0/AES_SYS_auto_us_0_ooc.xdc'
INFO: [IP_Flow 19-5611] Unable to find an associated reset port for the interface 'S_AXI'. A default connection has been created.
INFO: [IP_Flow 19-5611] Unable to find an associated reset port for the interface 'M_AXI'. A default connection has been created.
INFO: [BD 41-1029] Generation completed for the IP Integrator block axi_mem_intercon_1/s00_couplers/auto_us .
WARNING: [IP_Flow 19-4994] Overwriting existing constraint file 'c:/code/RFC-8439-fpga-implementation/AES-Cam-on-PYNQ-Z2-main/AES-Cam-on-PYNQ-Z2-main/AES_SYS/AES_SYS.gen/sources_1/bd/AES_SYS/ip/AES_SYS_auto_pc_13/AES_SYS_auto_pc_13_ooc.xdc'
INFO: [BD 41-1029] Generation completed for the IP Integrator block axi_mem_intercon_1/m00_couplers/auto_pc .
WARNING: [IP_Flow 19-4994] Overwriting existing constraint file 'c:/code/RFC-8439-fpga-implementation/AES-Cam-on-PYNQ-Z2-main/AES-Cam-on-PYNQ-Z2-main/AES_SYS/AES_SYS.gen/sources_1/bd/AES_SYS/ip/AES_SYS_auto_ds_0/AES_SYS_auto_ds_0_ooc.xdc'
INFO: [IP_Flow 19-5611] Unable to find an associated reset port for the interface 'S_AXI'. A default connection has been created.
INFO: [IP_Flow 19-5611] Unable to find an associated reset port for the interface 'M_AXI'. A default connection has been created.
INFO: [BD 41-1029] Generation completed for the IP Integrator block axi_mem_intercon_1/m01_couplers/auto_ds .
WARNING: [IP_Flow 19-4994] Overwriting existing constraint file 'c:/code/RFC-8439-fpga-implementation/AES-Cam-on-PYNQ-Z2-main/AES-Cam-on-PYNQ-Z2-main/AES_SYS/AES_SYS.gen/sources_1/bd/AES_SYS/ip/AES_SYS_auto_ds_1/AES_SYS_auto_ds_1_ooc.xdc'
INFO: [IP_Flow 19-5611] Unable to find an associated reset port for the interface 'S_AXI'. A default connection has been created.
INFO: [IP_Flow 19-5611] Unable to find an associated reset port for the interface 'M_AXI'. A default connection has been created.
INFO: [BD 41-1029] Generation completed for the IP Integrator block axi_mem_intercon_1/m02_couplers/auto_ds .
Exporting to file c:/code/RFC-8439-fpga-implementation/AES-Cam-on-PYNQ-Z2-main/AES-Cam-on-PYNQ-Z2-main/AES_SYS/AES_SYS.gen/sources_1/bd/AES_SYS/hw_handoff/AES_SYS.hwh
Generated Hardware Definition File c:/code/RFC-8439-fpga-implementation/AES-Cam-on-PYNQ-Z2-main/AES-Cam-on-PYNQ-Z2-main/AES_SYS/AES_SYS.gen/sources_1/bd/AES_SYS/synth/AES_SYS.hwdef
generate_target: Time (s): cpu = 00:00:37 ; elapsed = 00:00:38 . Memory (MB): peak = 5775.535 ; gain = 0.000
catch { config_ip_cache -export [get_ips -all AES_SYS_RFC8439_0_0] }
INFO: [IP_Flow 19-6924] IPCACHE: Running cache check for IP inst: AES_SYS_RFC8439_0_0
catch { config_ip_cache -export [get_ips -all AES_SYS_auto_pc_11] }
INFO: [IP_Flow 19-6924] IPCACHE: Running cache check for IP inst: AES_SYS_auto_pc_11
INFO: [IP_Flow 19-6922] IPCACHE: Exporting cached entry e640ebf91d268473 to dir: c:/code/RFC-8439-fpga-implementation/AES-Cam-on-PYNQ-Z2-main/AES-Cam-on-PYNQ-Z2-main/AES_SYS/AES_SYS.gen/sources_1/bd/AES_SYS/ip/AES_SYS_auto_pc_11
INFO: [IP_Flow 19-6928] IPCACHE: copied cached file c:/code/RFC-8439-fpga-implementation/AES-Cam-on-PYNQ-Z2-main/AES-Cam-on-PYNQ-Z2-main/AES_SYS/AES_SYS.cache/ip/2023.2/e/6/e640ebf91d268473/AES_SYS_auto_pc_11.dcp to c:/code/RFC-8439-fpga-implementation/AES-Cam-on-PYNQ-Z2-main/AES-Cam-on-PYNQ-Z2-main/AES_SYS/AES_SYS.gen/sources_1/bd/AES_SYS/ip/AES_SYS_auto_pc_11/AES_SYS_auto_pc_11.dcp.
INFO: [IP_Flow 19-6926] IPCACHE: added file to list for BOM: c:/code/RFC-8439-fpga-implementation/AES-Cam-on-PYNQ-Z2-main/AES-Cam-on-PYNQ-Z2-main/AES_SYS/AES_SYS.gen/sources_1/bd/AES_SYS/ip/AES_SYS_auto_pc_11/AES_SYS_auto_pc_11.dcp
INFO: [IP_Flow 19-6928] IPCACHE: copied cached file c:/code/RFC-8439-fpga-implementation/AES-Cam-on-PYNQ-Z2-main/AES-Cam-on-PYNQ-Z2-main/AES_SYS/AES_SYS.cache/ip/2023.2/e/6/e640ebf91d268473/AES_SYS_auto_pc_11_sim_netlist.v to c:/code/RFC-8439-fpga-implementation/AES-Cam-on-PYNQ-Z2-main/AES-Cam-on-PYNQ-Z2-main/AES_SYS/AES_SYS.gen/sources_1/bd/AES_SYS/ip/AES_SYS_auto_pc_11/AES_SYS_auto_pc_11_sim_netlist.v.
INFO: [IP_Flow 19-6926] IPCACHE: added file to list for BOM: c:/code/RFC-8439-fpga-implementation/AES-Cam-on-PYNQ-Z2-main/AES-Cam-on-PYNQ-Z2-main/AES_SYS/AES_SYS.gen/sources_1/bd/AES_SYS/ip/AES_SYS_auto_pc_11/AES_SYS_auto_pc_11_sim_netlist.v
INFO: [IP_Flow 19-6928] IPCACHE: copied cached file c:/code/RFC-8439-fpga-implementation/AES-Cam-on-PYNQ-Z2-main/AES-Cam-on-PYNQ-Z2-main/AES_SYS/AES_SYS.cache/ip/2023.2/e/6/e640ebf91d268473/AES_SYS_auto_pc_11_sim_netlist.vhdl to c:/code/RFC-8439-fpga-implementation/AES-Cam-on-PYNQ-Z2-main/AES-Cam-on-PYNQ-Z2-main/AES_SYS/AES_SYS.gen/sources_1/bd/AES_SYS/ip/AES_SYS_auto_pc_11/AES_SYS_auto_pc_11_sim_netlist.vhdl.
INFO: [IP_Flow 19-6926] IPCACHE: added file to list for BOM: c:/code/RFC-8439-fpga-implementation/AES-Cam-on-PYNQ-Z2-main/AES-Cam-on-PYNQ-Z2-main/AES_SYS/AES_SYS.gen/sources_1/bd/AES_SYS/ip/AES_SYS_auto_pc_11/AES_SYS_auto_pc_11_sim_netlist.vhdl
INFO: [IP_Flow 19-6928] IPCACHE: copied cached file c:/code/RFC-8439-fpga-implementation/AES-Cam-on-PYNQ-Z2-main/AES-Cam-on-PYNQ-Z2-main/AES_SYS/AES_SYS.cache/ip/2023.2/e/6/e640ebf91d268473/AES_SYS_auto_pc_11_stub.v to c:/code/RFC-8439-fpga-implementation/AES-Cam-on-PYNQ-Z2-main/AES-Cam-on-PYNQ-Z2-main/AES_SYS/AES_SYS.gen/sources_1/bd/AES_SYS/ip/AES_SYS_auto_pc_11/AES_SYS_auto_pc_11_stub.v.
INFO: [IP_Flow 19-6926] IPCACHE: added file to list for BOM: c:/code/RFC-8439-fpga-implementation/AES-Cam-on-PYNQ-Z2-main/AES-Cam-on-PYNQ-Z2-main/AES_SYS/AES_SYS.gen/sources_1/bd/AES_SYS/ip/AES_SYS_auto_pc_11/AES_SYS_auto_pc_11_stub.v
INFO: [IP_Flow 19-6928] IPCACHE: copied cached file c:/code/RFC-8439-fpga-implementation/AES-Cam-on-PYNQ-Z2-main/AES-Cam-on-PYNQ-Z2-main/AES_SYS/AES_SYS.cache/ip/2023.2/e/6/e640ebf91d268473/AES_SYS_auto_pc_11_stub.vhdl to c:/code/RFC-8439-fpga-implementation/AES-Cam-on-PYNQ-Z2-main/AES-Cam-on-PYNQ-Z2-main/AES_SYS/AES_SYS.gen/sources_1/bd/AES_SYS/ip/AES_SYS_auto_pc_11/AES_SYS_auto_pc_11_stub.vhdl.
INFO: [IP_Flow 19-6926] IPCACHE: added file to list for BOM: c:/code/RFC-8439-fpga-implementation/AES-Cam-on-PYNQ-Z2-main/AES-Cam-on-PYNQ-Z2-main/AES_SYS/AES_SYS.gen/sources_1/bd/AES_SYS/ip/AES_SYS_auto_pc_11/AES_SYS_auto_pc_11_stub.vhdl
INFO: [IP_Flow 19-4993] Using cached IP synthesis design for IP AES_SYS_auto_pc_11, cache-ID = e640ebf91d268473; cache size = 149.279 MB.
catch { config_ip_cache -export [get_ips -all AES_SYS_auto_pc_0] }
INFO: [IP_Flow 19-6924] IPCACHE: Running cache check for IP inst: AES_SYS_auto_pc_0
INFO: [IP_Flow 19-6922] IPCACHE: Exporting cached entry 3bc72d579e6ad5e4 to dir: c:/code/RFC-8439-fpga-implementation/AES-Cam-on-PYNQ-Z2-main/AES-Cam-on-PYNQ-Z2-main/AES_SYS/AES_SYS.gen/sources_1/bd/AES_SYS/ip/AES_SYS_auto_pc_0
INFO: [IP_Flow 19-6928] IPCACHE: copied cached file c:/code/RFC-8439-fpga-implementation/AES-Cam-on-PYNQ-Z2-main/AES-Cam-on-PYNQ-Z2-main/AES_SYS/AES_SYS.cache/ip/2023.2/3/b/3bc72d579e6ad5e4/AES_SYS_auto_pc_0.dcp to c:/code/RFC-8439-fpga-implementation/AES-Cam-on-PYNQ-Z2-main/AES-Cam-on-PYNQ-Z2-main/AES_SYS/AES_SYS.gen/sources_1/bd/AES_SYS/ip/AES_SYS_auto_pc_0/AES_SYS_auto_pc_0.dcp.
INFO: [IP_Flow 19-6926] IPCACHE: added file to list for BOM: c:/code/RFC-8439-fpga-implementation/AES-Cam-on-PYNQ-Z2-main/AES-Cam-on-PYNQ-Z2-main/AES_SYS/AES_SYS.gen/sources_1/bd/AES_SYS/ip/AES_SYS_auto_pc_0/AES_SYS_auto_pc_0.dcp
INFO: [IP_Flow 19-6928] IPCACHE: copied cached file c:/code/RFC-8439-fpga-implementation/AES-Cam-on-PYNQ-Z2-main/AES-Cam-on-PYNQ-Z2-main/AES_SYS/AES_SYS.cache/ip/2023.2/3/b/3bc72d579e6ad5e4/AES_SYS_auto_pc_0_sim_netlist.v to c:/code/RFC-8439-fpga-implementation/AES-Cam-on-PYNQ-Z2-main/AES-Cam-on-PYNQ-Z2-main/AES_SYS/AES_SYS.gen/sources_1/bd/AES_SYS/ip/AES_SYS_auto_pc_0/AES_SYS_auto_pc_0_sim_netlist.v.
INFO: [IP_Flow 19-6926] IPCACHE: added file to list for BOM: c:/code/RFC-8439-fpga-implementation/AES-Cam-on-PYNQ-Z2-main/AES-Cam-on-PYNQ-Z2-main/AES_SYS/AES_SYS.gen/sources_1/bd/AES_SYS/ip/AES_SYS_auto_pc_0/AES_SYS_auto_pc_0_sim_netlist.v
INFO: [IP_Flow 19-6928] IPCACHE: copied cached file c:/code/RFC-8439-fpga-implementation/AES-Cam-on-PYNQ-Z2-main/AES-Cam-on-PYNQ-Z2-main/AES_SYS/AES_SYS.cache/ip/2023.2/3/b/3bc72d579e6ad5e4/AES_SYS_auto_pc_0_sim_netlist.vhdl to c:/code/RFC-8439-fpga-implementation/AES-Cam-on-PYNQ-Z2-main/AES-Cam-on-PYNQ-Z2-main/AES_SYS/AES_SYS.gen/sources_1/bd/AES_SYS/ip/AES_SYS_auto_pc_0/AES_SYS_auto_pc_0_sim_netlist.vhdl.
INFO: [IP_Flow 19-6926] IPCACHE: added file to list for BOM: c:/code/RFC-8439-fpga-implementation/AES-Cam-on-PYNQ-Z2-main/AES-Cam-on-PYNQ-Z2-main/AES_SYS/AES_SYS.gen/sources_1/bd/AES_SYS/ip/AES_SYS_auto_pc_0/AES_SYS_auto_pc_0_sim_netlist.vhdl
INFO: [IP_Flow 19-6928] IPCACHE: copied cached file c:/code/RFC-8439-fpga-implementation/AES-Cam-on-PYNQ-Z2-main/AES-Cam-on-PYNQ-Z2-main/AES_SYS/AES_SYS.cache/ip/2023.2/3/b/3bc72d579e6ad5e4/AES_SYS_auto_pc_0_stub.v to c:/code/RFC-8439-fpga-implementation/AES-Cam-on-PYNQ-Z2-main/AES-Cam-on-PYNQ-Z2-main/AES_SYS/AES_SYS.gen/sources_1/bd/AES_SYS/ip/AES_SYS_auto_pc_0/AES_SYS_auto_pc_0_stub.v.
INFO: [IP_Flow 19-6926] IPCACHE: added file to list for BOM: c:/code/RFC-8439-fpga-implementation/AES-Cam-on-PYNQ-Z2-main/AES-Cam-on-PYNQ-Z2-main/AES_SYS/AES_SYS.gen/sources_1/bd/AES_SYS/ip/AES_SYS_auto_pc_0/AES_SYS_auto_pc_0_stub.v
INFO: [IP_Flow 19-6928] IPCACHE: copied cached file c:/code/RFC-8439-fpga-implementation/AES-Cam-on-PYNQ-Z2-main/AES-Cam-on-PYNQ-Z2-main/AES_SYS/AES_SYS.cache/ip/2023.2/3/b/3bc72d579e6ad5e4/AES_SYS_auto_pc_0_stub.vhdl to c:/code/RFC-8439-fpga-implementation/AES-Cam-on-PYNQ-Z2-main/AES-Cam-on-PYNQ-Z2-main/AES_SYS/AES_SYS.gen/sources_1/bd/AES_SYS/ip/AES_SYS_auto_pc_0/AES_SYS_auto_pc_0_stub.vhdl.
INFO: [IP_Flow 19-6926] IPCACHE: added file to list for BOM: c:/code/RFC-8439-fpga-implementation/AES-Cam-on-PYNQ-Z2-main/AES-Cam-on-PYNQ-Z2-main/AES_SYS/AES_SYS.gen/sources_1/bd/AES_SYS/ip/AES_SYS_auto_pc_0/AES_SYS_auto_pc_0_stub.vhdl
INFO: [IP_Flow 19-4993] Using cached IP synthesis design for IP AES_SYS_auto_pc_0, cache-ID = 3bc72d579e6ad5e4; cache size = 149.279 MB.
catch { config_ip_cache -export [get_ips -all AES_SYS_auto_pc_1] }
INFO: [IP_Flow 19-6924] IPCACHE: Running cache check for IP inst: AES_SYS_auto_pc_1
INFO: [IP_Flow 19-6922] IPCACHE: Exporting cached entry 3bc72d579e6ad5e4 to dir: c:/code/RFC-8439-fpga-implementation/AES-Cam-on-PYNQ-Z2-main/AES-Cam-on-PYNQ-Z2-main/AES_SYS/AES_SYS.gen/sources_1/bd/AES_SYS/ip/AES_SYS_auto_pc_1
INFO: [IP_Flow 19-6928] IPCACHE: copied cached file c:/code/RFC-8439-fpga-implementation/AES-Cam-on-PYNQ-Z2-main/AES-Cam-on-PYNQ-Z2-main/AES_SYS/AES_SYS.cache/ip/2023.2/3/b/3bc72d579e6ad5e4/AES_SYS_auto_pc_0.dcp to c:/code/RFC-8439-fpga-implementation/AES-Cam-on-PYNQ-Z2-main/AES-Cam-on-PYNQ-Z2-main/AES_SYS/AES_SYS.gen/sources_1/bd/AES_SYS/ip/AES_SYS_auto_pc_1/AES_SYS_auto_pc_1.dcp.
INFO: [IP_Flow 19-6926] IPCACHE: added file to list for BOM: c:/code/RFC-8439-fpga-implementation/AES-Cam-on-PYNQ-Z2-main/AES-Cam-on-PYNQ-Z2-main/AES_SYS/AES_SYS.gen/sources_1/bd/AES_SYS/ip/AES_SYS_auto_pc_1/AES_SYS_auto_pc_1.dcp
INFO: [IP_Flow 19-6928] IPCACHE: copied cached file c:/code/RFC-8439-fpga-implementation/AES-Cam-on-PYNQ-Z2-main/AES-Cam-on-PYNQ-Z2-main/AES_SYS/AES_SYS.cache/ip/2023.2/3/b/3bc72d579e6ad5e4/AES_SYS_auto_pc_0_sim_netlist.v to c:/code/RFC-8439-fpga-implementation/AES-Cam-on-PYNQ-Z2-main/AES-Cam-on-PYNQ-Z2-main/AES_SYS/AES_SYS.gen/sources_1/bd/AES_SYS/ip/AES_SYS_auto_pc_1/AES_SYS_auto_pc_1_sim_netlist.v.
INFO: [IP_Flow 19-6926] IPCACHE: added file to list for BOM: c:/code/RFC-8439-fpga-implementation/AES-Cam-on-PYNQ-Z2-main/AES-Cam-on-PYNQ-Z2-main/AES_SYS/AES_SYS.gen/sources_1/bd/AES_SYS/ip/AES_SYS_auto_pc_1/AES_SYS_auto_pc_1_sim_netlist.v
INFO: [IP_Flow 19-6928] IPCACHE: copied cached file c:/code/RFC-8439-fpga-implementation/AES-Cam-on-PYNQ-Z2-main/AES-Cam-on-PYNQ-Z2-main/AES_SYS/AES_SYS.cache/ip/2023.2/3/b/3bc72d579e6ad5e4/AES_SYS_auto_pc_0_sim_netlist.vhdl to c:/code/RFC-8439-fpga-implementation/AES-Cam-on-PYNQ-Z2-main/AES-Cam-on-PYNQ-Z2-main/AES_SYS/AES_SYS.gen/sources_1/bd/AES_SYS/ip/AES_SYS_auto_pc_1/AES_SYS_auto_pc_1_sim_netlist.vhdl.
INFO: [IP_Flow 19-6926] IPCACHE: added file to list for BOM: c:/code/RFC-8439-fpga-implementation/AES-Cam-on-PYNQ-Z2-main/AES-Cam-on-PYNQ-Z2-main/AES_SYS/AES_SYS.gen/sources_1/bd/AES_SYS/ip/AES_SYS_auto_pc_1/AES_SYS_auto_pc_1_sim_netlist.vhdl
INFO: [IP_Flow 19-6928] IPCACHE: copied cached file c:/code/RFC-8439-fpga-implementation/AES-Cam-on-PYNQ-Z2-main/AES-Cam-on-PYNQ-Z2-main/AES_SYS/AES_SYS.cache/ip/2023.2/3/b/3bc72d579e6ad5e4/AES_SYS_auto_pc_0_stub.v to c:/code/RFC-8439-fpga-implementation/AES-Cam-on-PYNQ-Z2-main/AES-Cam-on-PYNQ-Z2-main/AES_SYS/AES_SYS.gen/sources_1/bd/AES_SYS/ip/AES_SYS_auto_pc_1/AES_SYS_auto_pc_1_stub.v.
INFO: [IP_Flow 19-6926] IPCACHE: added file to list for BOM: c:/code/RFC-8439-fpga-implementation/AES-Cam-on-PYNQ-Z2-main/AES-Cam-on-PYNQ-Z2-main/AES_SYS/AES_SYS.gen/sources_1/bd/AES_SYS/ip/AES_SYS_auto_pc_1/AES_SYS_auto_pc_1_stub.v
INFO: [IP_Flow 19-6928] IPCACHE: copied cached file c:/code/RFC-8439-fpga-implementation/AES-Cam-on-PYNQ-Z2-main/AES-Cam-on-PYNQ-Z2-main/AES_SYS/AES_SYS.cache/ip/2023.2/3/b/3bc72d579e6ad5e4/AES_SYS_auto_pc_0_stub.vhdl to c:/code/RFC-8439-fpga-implementation/AES-Cam-on-PYNQ-Z2-main/AES-Cam-on-PYNQ-Z2-main/AES_SYS/AES_SYS.gen/sources_1/bd/AES_SYS/ip/AES_SYS_auto_pc_1/AES_SYS_auto_pc_1_stub.vhdl.
INFO: [IP_Flow 19-6926] IPCACHE: added file to list for BOM: c:/code/RFC-8439-fpga-implementation/AES-Cam-on-PYNQ-Z2-main/AES-Cam-on-PYNQ-Z2-main/AES_SYS/AES_SYS.gen/sources_1/bd/AES_SYS/ip/AES_SYS_auto_pc_1/AES_SYS_auto_pc_1_stub.vhdl
INFO: [IP_Flow 19-4993] Using cached IP synthesis design for IP AES_SYS_auto_pc_1, cache-ID = 3bc72d579e6ad5e4; cache size = 149.279 MB.
catch { config_ip_cache -export [get_ips -all AES_SYS_auto_pc_2] }
INFO: [IP_Flow 19-6924] IPCACHE: Running cache check for IP inst: AES_SYS_auto_pc_2
INFO: [IP_Flow 19-6922] IPCACHE: Exporting cached entry 3bc72d579e6ad5e4 to dir: c:/code/RFC-8439-fpga-implementation/AES-Cam-on-PYNQ-Z2-main/AES-Cam-on-PYNQ-Z2-main/AES_SYS/AES_SYS.gen/sources_1/bd/AES_SYS/ip/AES_SYS_auto_pc_2
INFO: [IP_Flow 19-6928] IPCACHE: copied cached file c:/code/RFC-8439-fpga-implementation/AES-Cam-on-PYNQ-Z2-main/AES-Cam-on-PYNQ-Z2-main/AES_SYS/AES_SYS.cache/ip/2023.2/3/b/3bc72d579e6ad5e4/AES_SYS_auto_pc_0.dcp to c:/code/RFC-8439-fpga-implementation/AES-Cam-on-PYNQ-Z2-main/AES-Cam-on-PYNQ-Z2-main/AES_SYS/AES_SYS.gen/sources_1/bd/AES_SYS/ip/AES_SYS_auto_pc_2/AES_SYS_auto_pc_2.dcp.
INFO: [IP_Flow 19-6926] IPCACHE: added file to list for BOM: c:/code/RFC-8439-fpga-implementation/AES-Cam-on-PYNQ-Z2-main/AES-Cam-on-PYNQ-Z2-main/AES_SYS/AES_SYS.gen/sources_1/bd/AES_SYS/ip/AES_SYS_auto_pc_2/AES_SYS_auto_pc_2.dcp
INFO: [IP_Flow 19-6928] IPCACHE: copied cached file c:/code/RFC-8439-fpga-implementation/AES-Cam-on-PYNQ-Z2-main/AES-Cam-on-PYNQ-Z2-main/AES_SYS/AES_SYS.cache/ip/2023.2/3/b/3bc72d579e6ad5e4/AES_SYS_auto_pc_0_sim_netlist.v to c:/code/RFC-8439-fpga-implementation/AES-Cam-on-PYNQ-Z2-main/AES-Cam-on-PYNQ-Z2-main/AES_SYS/AES_SYS.gen/sources_1/bd/AES_SYS/ip/AES_SYS_auto_pc_2/AES_SYS_auto_pc_2_sim_netlist.v.
INFO: [IP_Flow 19-6926] IPCACHE: added file to list for BOM: c:/code/RFC-8439-fpga-implementation/AES-Cam-on-PYNQ-Z2-main/AES-Cam-on-PYNQ-Z2-main/AES_SYS/AES_SYS.gen/sources_1/bd/AES_SYS/ip/AES_SYS_auto_pc_2/AES_SYS_auto_pc_2_sim_netlist.v
INFO: [IP_Flow 19-6928] IPCACHE: copied cached file c:/code/RFC-8439-fpga-implementation/AES-Cam-on-PYNQ-Z2-main/AES-Cam-on-PYNQ-Z2-main/AES_SYS/AES_SYS.cache/ip/2023.2/3/b/3bc72d579e6ad5e4/AES_SYS_auto_pc_0_sim_netlist.vhdl to c:/code/RFC-8439-fpga-implementation/AES-Cam-on-PYNQ-Z2-main/AES-Cam-on-PYNQ-Z2-main/AES_SYS/AES_SYS.gen/sources_1/bd/AES_SYS/ip/AES_SYS_auto_pc_2/AES_SYS_auto_pc_2_sim_netlist.vhdl.
INFO: [IP_Flow 19-6926] IPCACHE: added file to list for BOM: c:/code/RFC-8439-fpga-implementation/AES-Cam-on-PYNQ-Z2-main/AES-Cam-on-PYNQ-Z2-main/AES_SYS/AES_SYS.gen/sources_1/bd/AES_SYS/ip/AES_SYS_auto_pc_2/AES_SYS_auto_pc_2_sim_netlist.vhdl
INFO: [IP_Flow 19-6928] IPCACHE: copied cached file c:/code/RFC-8439-fpga-implementation/AES-Cam-on-PYNQ-Z2-main/AES-Cam-on-PYNQ-Z2-main/AES_SYS/AES_SYS.cache/ip/2023.2/3/b/3bc72d579e6ad5e4/AES_SYS_auto_pc_0_stub.v to c:/code/RFC-8439-fpga-implementation/AES-Cam-on-PYNQ-Z2-main/AES-Cam-on-PYNQ-Z2-main/AES_SYS/AES_SYS.gen/sources_1/bd/AES_SYS/ip/AES_SYS_auto_pc_2/AES_SYS_auto_pc_2_stub.v.
INFO: [IP_Flow 19-6926] IPCACHE: added file to list for BOM: c:/code/RFC-8439-fpga-implementation/AES-Cam-on-PYNQ-Z2-main/AES-Cam-on-PYNQ-Z2-main/AES_SYS/AES_SYS.gen/sources_1/bd/AES_SYS/ip/AES_SYS_auto_pc_2/AES_SYS_auto_pc_2_stub.v
INFO: [IP_Flow 19-6928] IPCACHE: copied cached file c:/code/RFC-8439-fpga-implementation/AES-Cam-on-PYNQ-Z2-main/AES-Cam-on-PYNQ-Z2-main/AES_SYS/AES_SYS.cache/ip/2023.2/3/b/3bc72d579e6ad5e4/AES_SYS_auto_pc_0_stub.vhdl to c:/code/RFC-8439-fpga-implementation/AES-Cam-on-PYNQ-Z2-main/AES-Cam-on-PYNQ-Z2-main/AES_SYS/AES_SYS.gen/sources_1/bd/AES_SYS/ip/AES_SYS_auto_pc_2/AES_SYS_auto_pc_2_stub.vhdl.
INFO: [IP_Flow 19-6926] IPCACHE: added file to list for BOM: c:/code/RFC-8439-fpga-implementation/AES-Cam-on-PYNQ-Z2-main/AES-Cam-on-PYNQ-Z2-main/AES_SYS/AES_SYS.gen/sources_1/bd/AES_SYS/ip/AES_SYS_auto_pc_2/AES_SYS_auto_pc_2_stub.vhdl
INFO: [IP_Flow 19-4993] Using cached IP synthesis design for IP AES_SYS_auto_pc_2, cache-ID = 3bc72d579e6ad5e4; cache size = 149.279 MB.
catch { config_ip_cache -export [get_ips -all AES_SYS_auto_pc_3] }
INFO: [IP_Flow 19-6924] IPCACHE: Running cache check for IP inst: AES_SYS_auto_pc_3
INFO: [IP_Flow 19-6922] IPCACHE: Exporting cached entry 3bc72d579e6ad5e4 to dir: c:/code/RFC-8439-fpga-implementation/AES-Cam-on-PYNQ-Z2-main/AES-Cam-on-PYNQ-Z2-main/AES_SYS/AES_SYS.gen/sources_1/bd/AES_SYS/ip/AES_SYS_auto_pc_3
INFO: [IP_Flow 19-6928] IPCACHE: copied cached file c:/code/RFC-8439-fpga-implementation/AES-Cam-on-PYNQ-Z2-main/AES-Cam-on-PYNQ-Z2-main/AES_SYS/AES_SYS.cache/ip/2023.2/3/b/3bc72d579e6ad5e4/AES_SYS_auto_pc_0.dcp to c:/code/RFC-8439-fpga-implementation/AES-Cam-on-PYNQ-Z2-main/AES-Cam-on-PYNQ-Z2-main/AES_SYS/AES_SYS.gen/sources_1/bd/AES_SYS/ip/AES_SYS_auto_pc_3/AES_SYS_auto_pc_3.dcp.
INFO: [IP_Flow 19-6926] IPCACHE: added file to list for BOM: c:/code/RFC-8439-fpga-implementation/AES-Cam-on-PYNQ-Z2-main/AES-Cam-on-PYNQ-Z2-main/AES_SYS/AES_SYS.gen/sources_1/bd/AES_SYS/ip/AES_SYS_auto_pc_3/AES_SYS_auto_pc_3.dcp
INFO: [IP_Flow 19-6928] IPCACHE: copied cached file c:/code/RFC-8439-fpga-implementation/AES-Cam-on-PYNQ-Z2-main/AES-Cam-on-PYNQ-Z2-main/AES_SYS/AES_SYS.cache/ip/2023.2/3/b/3bc72d579e6ad5e4/AES_SYS_auto_pc_0_sim_netlist.v to c:/code/RFC-8439-fpga-implementation/AES-Cam-on-PYNQ-Z2-main/AES-Cam-on-PYNQ-Z2-main/AES_SYS/AES_SYS.gen/sources_1/bd/AES_SYS/ip/AES_SYS_auto_pc_3/AES_SYS_auto_pc_3_sim_netlist.v.
INFO: [IP_Flow 19-6926] IPCACHE: added file to list for BOM: c:/code/RFC-8439-fpga-implementation/AES-Cam-on-PYNQ-Z2-main/AES-Cam-on-PYNQ-Z2-main/AES_SYS/AES_SYS.gen/sources_1/bd/AES_SYS/ip/AES_SYS_auto_pc_3/AES_SYS_auto_pc_3_sim_netlist.v
INFO: [IP_Flow 19-6928] IPCACHE: copied cached file c:/code/RFC-8439-fpga-implementation/AES-Cam-on-PYNQ-Z2-main/AES-Cam-on-PYNQ-Z2-main/AES_SYS/AES_SYS.cache/ip/2023.2/3/b/3bc72d579e6ad5e4/AES_SYS_auto_pc_0_sim_netlist.vhdl to c:/code/RFC-8439-fpga-implementation/AES-Cam-on-PYNQ-Z2-main/AES-Cam-on-PYNQ-Z2-main/AES_SYS/AES_SYS.gen/sources_1/bd/AES_SYS/ip/AES_SYS_auto_pc_3/AES_SYS_auto_pc_3_sim_netlist.vhdl.
INFO: [IP_Flow 19-6926] IPCACHE: added file to list for BOM: c:/code/RFC-8439-fpga-implementation/AES-Cam-on-PYNQ-Z2-main/AES-Cam-on-PYNQ-Z2-main/AES_SYS/AES_SYS.gen/sources_1/bd/AES_SYS/ip/AES_SYS_auto_pc_3/AES_SYS_auto_pc_3_sim_netlist.vhdl
INFO: [IP_Flow 19-6928] IPCACHE: copied cached file c:/code/RFC-8439-fpga-implementation/AES-Cam-on-PYNQ-Z2-main/AES-Cam-on-PYNQ-Z2-main/AES_SYS/AES_SYS.cache/ip/2023.2/3/b/3bc72d579e6ad5e4/AES_SYS_auto_pc_0_stub.v to c:/code/RFC-8439-fpga-implementation/AES-Cam-on-PYNQ-Z2-main/AES-Cam-on-PYNQ-Z2-main/AES_SYS/AES_SYS.gen/sources_1/bd/AES_SYS/ip/AES_SYS_auto_pc_3/AES_SYS_auto_pc_3_stub.v.
INFO: [IP_Flow 19-6926] IPCACHE: added file to list for BOM: c:/code/RFC-8439-fpga-implementation/AES-Cam-on-PYNQ-Z2-main/AES-Cam-on-PYNQ-Z2-main/AES_SYS/AES_SYS.gen/sources_1/bd/AES_SYS/ip/AES_SYS_auto_pc_3/AES_SYS_auto_pc_3_stub.v
INFO: [IP_Flow 19-6928] IPCACHE: copied cached file c:/code/RFC-8439-fpga-implementation/AES-Cam-on-PYNQ-Z2-main/AES-Cam-on-PYNQ-Z2-main/AES_SYS/AES_SYS.cache/ip/2023.2/3/b/3bc72d579e6ad5e4/AES_SYS_auto_pc_0_stub.vhdl to c:/code/RFC-8439-fpga-implementation/AES-Cam-on-PYNQ-Z2-main/AES-Cam-on-PYNQ-Z2-main/AES_SYS/AES_SYS.gen/sources_1/bd/AES_SYS/ip/AES_SYS_auto_pc_3/AES_SYS_auto_pc_3_stub.vhdl.
INFO: [IP_Flow 19-6926] IPCACHE: added file to list for BOM: c:/code/RFC-8439-fpga-implementation/AES-Cam-on-PYNQ-Z2-main/AES-Cam-on-PYNQ-Z2-main/AES_SYS/AES_SYS.gen/sources_1/bd/AES_SYS/ip/AES_SYS_auto_pc_3/AES_SYS_auto_pc_3_stub.vhdl
INFO: [IP_Flow 19-4993] Using cached IP synthesis design for IP AES_SYS_auto_pc_3, cache-ID = 3bc72d579e6ad5e4; cache size = 149.279 MB.
catch { config_ip_cache -export [get_ips -all AES_SYS_auto_pc_4] }
INFO: [IP_Flow 19-6924] IPCACHE: Running cache check for IP inst: AES_SYS_auto_pc_4
INFO: [IP_Flow 19-6922] IPCACHE: Exporting cached entry 3bc72d579e6ad5e4 to dir: c:/code/RFC-8439-fpga-implementation/AES-Cam-on-PYNQ-Z2-main/AES-Cam-on-PYNQ-Z2-main/AES_SYS/AES_SYS.gen/sources_1/bd/AES_SYS/ip/AES_SYS_auto_pc_4
INFO: [IP_Flow 19-6928] IPCACHE: copied cached file c:/code/RFC-8439-fpga-implementation/AES-Cam-on-PYNQ-Z2-main/AES-Cam-on-PYNQ-Z2-main/AES_SYS/AES_SYS.cache/ip/2023.2/3/b/3bc72d579e6ad5e4/AES_SYS_auto_pc_0.dcp to c:/code/RFC-8439-fpga-implementation/AES-Cam-on-PYNQ-Z2-main/AES-Cam-on-PYNQ-Z2-main/AES_SYS/AES_SYS.gen/sources_1/bd/AES_SYS/ip/AES_SYS_auto_pc_4/AES_SYS_auto_pc_4.dcp.
INFO: [IP_Flow 19-6926] IPCACHE: added file to list for BOM: c:/code/RFC-8439-fpga-implementation/AES-Cam-on-PYNQ-Z2-main/AES-Cam-on-PYNQ-Z2-main/AES_SYS/AES_SYS.gen/sources_1/bd/AES_SYS/ip/AES_SYS_auto_pc_4/AES_SYS_auto_pc_4.dcp
INFO: [IP_Flow 19-6928] IPCACHE: copied cached file c:/code/RFC-8439-fpga-implementation/AES-Cam-on-PYNQ-Z2-main/AES-Cam-on-PYNQ-Z2-main/AES_SYS/AES_SYS.cache/ip/2023.2/3/b/3bc72d579e6ad5e4/AES_SYS_auto_pc_0_sim_netlist.v to c:/code/RFC-8439-fpga-implementation/AES-Cam-on-PYNQ-Z2-main/AES-Cam-on-PYNQ-Z2-main/AES_SYS/AES_SYS.gen/sources_1/bd/AES_SYS/ip/AES_SYS_auto_pc_4/AES_SYS_auto_pc_4_sim_netlist.v.
INFO: [IP_Flow 19-6926] IPCACHE: added file to list for BOM: c:/code/RFC-8439-fpga-implementation/AES-Cam-on-PYNQ-Z2-main/AES-Cam-on-PYNQ-Z2-main/AES_SYS/AES_SYS.gen/sources_1/bd/AES_SYS/ip/AES_SYS_auto_pc_4/AES_SYS_auto_pc_4_sim_netlist.v
INFO: [IP_Flow 19-6928] IPCACHE: copied cached file c:/code/RFC-8439-fpga-implementation/AES-Cam-on-PYNQ-Z2-main/AES-Cam-on-PYNQ-Z2-main/AES_SYS/AES_SYS.cache/ip/2023.2/3/b/3bc72d579e6ad5e4/AES_SYS_auto_pc_0_sim_netlist.vhdl to c:/code/RFC-8439-fpga-implementation/AES-Cam-on-PYNQ-Z2-main/AES-Cam-on-PYNQ-Z2-main/AES_SYS/AES_SYS.gen/sources_1/bd/AES_SYS/ip/AES_SYS_auto_pc_4/AES_SYS_auto_pc_4_sim_netlist.vhdl.
INFO: [IP_Flow 19-6926] IPCACHE: added file to list for BOM: c:/code/RFC-8439-fpga-implementation/AES-Cam-on-PYNQ-Z2-main/AES-Cam-on-PYNQ-Z2-main/AES_SYS/AES_SYS.gen/sources_1/bd/AES_SYS/ip/AES_SYS_auto_pc_4/AES_SYS_auto_pc_4_sim_netlist.vhdl
INFO: [IP_Flow 19-6928] IPCACHE: copied cached file c:/code/RFC-8439-fpga-implementation/AES-Cam-on-PYNQ-Z2-main/AES-Cam-on-PYNQ-Z2-main/AES_SYS/AES_SYS.cache/ip/2023.2/3/b/3bc72d579e6ad5e4/AES_SYS_auto_pc_0_stub.v to c:/code/RFC-8439-fpga-implementation/AES-Cam-on-PYNQ-Z2-main/AES-Cam-on-PYNQ-Z2-main/AES_SYS/AES_SYS.gen/sources_1/bd/AES_SYS/ip/AES_SYS_auto_pc_4/AES_SYS_auto_pc_4_stub.v.
INFO: [IP_Flow 19-6926] IPCACHE: added file to list for BOM: c:/code/RFC-8439-fpga-implementation/AES-Cam-on-PYNQ-Z2-main/AES-Cam-on-PYNQ-Z2-main/AES_SYS/AES_SYS.gen/sources_1/bd/AES_SYS/ip/AES_SYS_auto_pc_4/AES_SYS_auto_pc_4_stub.v
INFO: [IP_Flow 19-6928] IPCACHE: copied cached file c:/code/RFC-8439-fpga-implementation/AES-Cam-on-PYNQ-Z2-main/AES-Cam-on-PYNQ-Z2-main/AES_SYS/AES_SYS.cache/ip/2023.2/3/b/3bc72d579e6ad5e4/AES_SYS_auto_pc_0_stub.vhdl to c:/code/RFC-8439-fpga-implementation/AES-Cam-on-PYNQ-Z2-main/AES-Cam-on-PYNQ-Z2-main/AES_SYS/AES_SYS.gen/sources_1/bd/AES_SYS/ip/AES_SYS_auto_pc_4/AES_SYS_auto_pc_4_stub.vhdl.
INFO: [IP_Flow 19-6926] IPCACHE: added file to list for BOM: c:/code/RFC-8439-fpga-implementation/AES-Cam-on-PYNQ-Z2-main/AES-Cam-on-PYNQ-Z2-main/AES_SYS/AES_SYS.gen/sources_1/bd/AES_SYS/ip/AES_SYS_auto_pc_4/AES_SYS_auto_pc_4_stub.vhdl
INFO: [IP_Flow 19-4993] Using cached IP synthesis design for IP AES_SYS_auto_pc_4, cache-ID = 3bc72d579e6ad5e4; cache size = 149.279 MB.
catch { config_ip_cache -export [get_ips -all AES_SYS_auto_pc_5] }
INFO: [IP_Flow 19-6924] IPCACHE: Running cache check for IP inst: AES_SYS_auto_pc_5
INFO: [IP_Flow 19-6922] IPCACHE: Exporting cached entry 3bc72d579e6ad5e4 to dir: c:/code/RFC-8439-fpga-implementation/AES-Cam-on-PYNQ-Z2-main/AES-Cam-on-PYNQ-Z2-main/AES_SYS/AES_SYS.gen/sources_1/bd/AES_SYS/ip/AES_SYS_auto_pc_5
INFO: [IP_Flow 19-6928] IPCACHE: copied cached file c:/code/RFC-8439-fpga-implementation/AES-Cam-on-PYNQ-Z2-main/AES-Cam-on-PYNQ-Z2-main/AES_SYS/AES_SYS.cache/ip/2023.2/3/b/3bc72d579e6ad5e4/AES_SYS_auto_pc_0.dcp to c:/code/RFC-8439-fpga-implementation/AES-Cam-on-PYNQ-Z2-main/AES-Cam-on-PYNQ-Z2-main/AES_SYS/AES_SYS.gen/sources_1/bd/AES_SYS/ip/AES_SYS_auto_pc_5/AES_SYS_auto_pc_5.dcp.
INFO: [IP_Flow 19-6926] IPCACHE: added file to list for BOM: c:/code/RFC-8439-fpga-implementation/AES-Cam-on-PYNQ-Z2-main/AES-Cam-on-PYNQ-Z2-main/AES_SYS/AES_SYS.gen/sources_1/bd/AES_SYS/ip/AES_SYS_auto_pc_5/AES_SYS_auto_pc_5.dcp
INFO: [IP_Flow 19-6928] IPCACHE: copied cached file c:/code/RFC-8439-fpga-implementation/AES-Cam-on-PYNQ-Z2-main/AES-Cam-on-PYNQ-Z2-main/AES_SYS/AES_SYS.cache/ip/2023.2/3/b/3bc72d579e6ad5e4/AES_SYS_auto_pc_0_sim_netlist.v to c:/code/RFC-8439-fpga-implementation/AES-Cam-on-PYNQ-Z2-main/AES-Cam-on-PYNQ-Z2-main/AES_SYS/AES_SYS.gen/sources_1/bd/AES_SYS/ip/AES_SYS_auto_pc_5/AES_SYS_auto_pc_5_sim_netlist.v.
INFO: [IP_Flow 19-6926] IPCACHE: added file to list for BOM: c:/code/RFC-8439-fpga-implementation/AES-Cam-on-PYNQ-Z2-main/AES-Cam-on-PYNQ-Z2-main/AES_SYS/AES_SYS.gen/sources_1/bd/AES_SYS/ip/AES_SYS_auto_pc_5/AES_SYS_auto_pc_5_sim_netlist.v
INFO: [IP_Flow 19-6928] IPCACHE: copied cached file c:/code/RFC-8439-fpga-implementation/AES-Cam-on-PYNQ-Z2-main/AES-Cam-on-PYNQ-Z2-main/AES_SYS/AES_SYS.cache/ip/2023.2/3/b/3bc72d579e6ad5e4/AES_SYS_auto_pc_0_sim_netlist.vhdl to c:/code/RFC-8439-fpga-implementation/AES-Cam-on-PYNQ-Z2-main/AES-Cam-on-PYNQ-Z2-main/AES_SYS/AES_SYS.gen/sources_1/bd/AES_SYS/ip/AES_SYS_auto_pc_5/AES_SYS_auto_pc_5_sim_netlist.vhdl.
INFO: [IP_Flow 19-6926] IPCACHE: added file to list for BOM: c:/code/RFC-8439-fpga-implementation/AES-Cam-on-PYNQ-Z2-main/AES-Cam-on-PYNQ-Z2-main/AES_SYS/AES_SYS.gen/sources_1/bd/AES_SYS/ip/AES_SYS_auto_pc_5/AES_SYS_auto_pc_5_sim_netlist.vhdl
INFO: [IP_Flow 19-6928] IPCACHE: copied cached file c:/code/RFC-8439-fpga-implementation/AES-Cam-on-PYNQ-Z2-main/AES-Cam-on-PYNQ-Z2-main/AES_SYS/AES_SYS.cache/ip/2023.2/3/b/3bc72d579e6ad5e4/AES_SYS_auto_pc_0_stub.v to c:/code/RFC-8439-fpga-implementation/AES-Cam-on-PYNQ-Z2-main/AES-Cam-on-PYNQ-Z2-main/AES_SYS/AES_SYS.gen/sources_1/bd/AES_SYS/ip/AES_SYS_auto_pc_5/AES_SYS_auto_pc_5_stub.v.
INFO: [IP_Flow 19-6926] IPCACHE: added file to list for BOM: c:/code/RFC-8439-fpga-implementation/AES-Cam-on-PYNQ-Z2-main/AES-Cam-on-PYNQ-Z2-main/AES_SYS/AES_SYS.gen/sources_1/bd/AES_SYS/ip/AES_SYS_auto_pc_5/AES_SYS_auto_pc_5_stub.v
INFO: [IP_Flow 19-6928] IPCACHE: copied cached file c:/code/RFC-8439-fpga-implementation/AES-Cam-on-PYNQ-Z2-main/AES-Cam-on-PYNQ-Z2-main/AES_SYS/AES_SYS.cache/ip/2023.2/3/b/3bc72d579e6ad5e4/AES_SYS_auto_pc_0_stub.vhdl to c:/code/RFC-8439-fpga-implementation/AES-Cam-on-PYNQ-Z2-main/AES-Cam-on-PYNQ-Z2-main/AES_SYS/AES_SYS.gen/sources_1/bd/AES_SYS/ip/AES_SYS_auto_pc_5/AES_SYS_auto_pc_5_stub.vhdl.
INFO: [IP_Flow 19-6926] IPCACHE: added file to list for BOM: c:/code/RFC-8439-fpga-implementation/AES-Cam-on-PYNQ-Z2-main/AES-Cam-on-PYNQ-Z2-main/AES_SYS/AES_SYS.gen/sources_1/bd/AES_SYS/ip/AES_SYS_auto_pc_5/AES_SYS_auto_pc_5_stub.vhdl
INFO: [IP_Flow 19-4993] Using cached IP synthesis design for IP AES_SYS_auto_pc_5, cache-ID = 3bc72d579e6ad5e4; cache size = 149.279 MB.
catch { config_ip_cache -export [get_ips -all AES_SYS_auto_pc_6] }
INFO: [IP_Flow 19-6924] IPCACHE: Running cache check for IP inst: AES_SYS_auto_pc_6
INFO: [IP_Flow 19-6922] IPCACHE: Exporting cached entry 3bc72d579e6ad5e4 to dir: c:/code/RFC-8439-fpga-implementation/AES-Cam-on-PYNQ-Z2-main/AES-Cam-on-PYNQ-Z2-main/AES_SYS/AES_SYS.gen/sources_1/bd/AES_SYS/ip/AES_SYS_auto_pc_6
INFO: [IP_Flow 19-6928] IPCACHE: copied cached file c:/code/RFC-8439-fpga-implementation/AES-Cam-on-PYNQ-Z2-main/AES-Cam-on-PYNQ-Z2-main/AES_SYS/AES_SYS.cache/ip/2023.2/3/b/3bc72d579e6ad5e4/AES_SYS_auto_pc_0.dcp to c:/code/RFC-8439-fpga-implementation/AES-Cam-on-PYNQ-Z2-main/AES-Cam-on-PYNQ-Z2-main/AES_SYS/AES_SYS.gen/sources_1/bd/AES_SYS/ip/AES_SYS_auto_pc_6/AES_SYS_auto_pc_6.dcp.
INFO: [IP_Flow 19-6926] IPCACHE: added file to list for BOM: c:/code/RFC-8439-fpga-implementation/AES-Cam-on-PYNQ-Z2-main/AES-Cam-on-PYNQ-Z2-main/AES_SYS/AES_SYS.gen/sources_1/bd/AES_SYS/ip/AES_SYS_auto_pc_6/AES_SYS_auto_pc_6.dcp
INFO: [IP_Flow 19-6928] IPCACHE: copied cached file c:/code/RFC-8439-fpga-implementation/AES-Cam-on-PYNQ-Z2-main/AES-Cam-on-PYNQ-Z2-main/AES_SYS/AES_SYS.cache/ip/2023.2/3/b/3bc72d579e6ad5e4/AES_SYS_auto_pc_0_sim_netlist.v to c:/code/RFC-8439-fpga-implementation/AES-Cam-on-PYNQ-Z2-main/AES-Cam-on-PYNQ-Z2-main/AES_SYS/AES_SYS.gen/sources_1/bd/AES_SYS/ip/AES_SYS_auto_pc_6/AES_SYS_auto_pc_6_sim_netlist.v.
INFO: [IP_Flow 19-6926] IPCACHE: added file to list for BOM: c:/code/RFC-8439-fpga-implementation/AES-Cam-on-PYNQ-Z2-main/AES-Cam-on-PYNQ-Z2-main/AES_SYS/AES_SYS.gen/sources_1/bd/AES_SYS/ip/AES_SYS_auto_pc_6/AES_SYS_auto_pc_6_sim_netlist.v
INFO: [IP_Flow 19-6928] IPCACHE: copied cached file c:/code/RFC-8439-fpga-implementation/AES-Cam-on-PYNQ-Z2-main/AES-Cam-on-PYNQ-Z2-main/AES_SYS/AES_SYS.cache/ip/2023.2/3/b/3bc72d579e6ad5e4/AES_SYS_auto_pc_0_sim_netlist.vhdl to c:/code/RFC-8439-fpga-implementation/AES-Cam-on-PYNQ-Z2-main/AES-Cam-on-PYNQ-Z2-main/AES_SYS/AES_SYS.gen/sources_1/bd/AES_SYS/ip/AES_SYS_auto_pc_6/AES_SYS_auto_pc_6_sim_netlist.vhdl.
INFO: [IP_Flow 19-6926] IPCACHE: added file to list for BOM: c:/code/RFC-8439-fpga-implementation/AES-Cam-on-PYNQ-Z2-main/AES-Cam-on-PYNQ-Z2-main/AES_SYS/AES_SYS.gen/sources_1/bd/AES_SYS/ip/AES_SYS_auto_pc_6/AES_SYS_auto_pc_6_sim_netlist.vhdl
INFO: [IP_Flow 19-6928] IPCACHE: copied cached file c:/code/RFC-8439-fpga-implementation/AES-Cam-on-PYNQ-Z2-main/AES-Cam-on-PYNQ-Z2-main/AES_SYS/AES_SYS.cache/ip/2023.2/3/b/3bc72d579e6ad5e4/AES_SYS_auto_pc_0_stub.v to c:/code/RFC-8439-fpga-implementation/AES-Cam-on-PYNQ-Z2-main/AES-Cam-on-PYNQ-Z2-main/AES_SYS/AES_SYS.gen/sources_1/bd/AES_SYS/ip/AES_SYS_auto_pc_6/AES_SYS_auto_pc_6_stub.v.
INFO: [IP_Flow 19-6926] IPCACHE: added file to list for BOM: c:/code/RFC-8439-fpga-implementation/AES-Cam-on-PYNQ-Z2-main/AES-Cam-on-PYNQ-Z2-main/AES_SYS/AES_SYS.gen/sources_1/bd/AES_SYS/ip/AES_SYS_auto_pc_6/AES_SYS_auto_pc_6_stub.v
INFO: [IP_Flow 19-6928] IPCACHE: copied cached file c:/code/RFC-8439-fpga-implementation/AES-Cam-on-PYNQ-Z2-main/AES-Cam-on-PYNQ-Z2-main/AES_SYS/AES_SYS.cache/ip/2023.2/3/b/3bc72d579e6ad5e4/AES_SYS_auto_pc_0_stub.vhdl to c:/code/RFC-8439-fpga-implementation/AES-Cam-on-PYNQ-Z2-main/AES-Cam-on-PYNQ-Z2-main/AES_SYS/AES_SYS.gen/sources_1/bd/AES_SYS/ip/AES_SYS_auto_pc_6/AES_SYS_auto_pc_6_stub.vhdl.
INFO: [IP_Flow 19-6926] IPCACHE: added file to list for BOM: c:/code/RFC-8439-fpga-implementation/AES-Cam-on-PYNQ-Z2-main/AES-Cam-on-PYNQ-Z2-main/AES_SYS/AES_SYS.gen/sources_1/bd/AES_SYS/ip/AES_SYS_auto_pc_6/AES_SYS_auto_pc_6_stub.vhdl
INFO: [IP_Flow 19-4993] Using cached IP synthesis design for IP AES_SYS_auto_pc_6, cache-ID = 3bc72d579e6ad5e4; cache size = 149.279 MB.
catch { config_ip_cache -export [get_ips -all AES_SYS_auto_pc_7] }
INFO: [IP_Flow 19-6924] IPCACHE: Running cache check for IP inst: AES_SYS_auto_pc_7
INFO: [IP_Flow 19-6922] IPCACHE: Exporting cached entry 3bc72d579e6ad5e4 to dir: c:/code/RFC-8439-fpga-implementation/AES-Cam-on-PYNQ-Z2-main/AES-Cam-on-PYNQ-Z2-main/AES_SYS/AES_SYS.gen/sources_1/bd/AES_SYS/ip/AES_SYS_auto_pc_7
INFO: [IP_Flow 19-6928] IPCACHE: copied cached file c:/code/RFC-8439-fpga-implementation/AES-Cam-on-PYNQ-Z2-main/AES-Cam-on-PYNQ-Z2-main/AES_SYS/AES_SYS.cache/ip/2023.2/3/b/3bc72d579e6ad5e4/AES_SYS_auto_pc_0.dcp to c:/code/RFC-8439-fpga-implementation/AES-Cam-on-PYNQ-Z2-main/AES-Cam-on-PYNQ-Z2-main/AES_SYS/AES_SYS.gen/sources_1/bd/AES_SYS/ip/AES_SYS_auto_pc_7/AES_SYS_auto_pc_7.dcp.
INFO: [IP_Flow 19-6926] IPCACHE: added file to list for BOM: c:/code/RFC-8439-fpga-implementation/AES-Cam-on-PYNQ-Z2-main/AES-Cam-on-PYNQ-Z2-main/AES_SYS/AES_SYS.gen/sources_1/bd/AES_SYS/ip/AES_SYS_auto_pc_7/AES_SYS_auto_pc_7.dcp
INFO: [IP_Flow 19-6928] IPCACHE: copied cached file c:/code/RFC-8439-fpga-implementation/AES-Cam-on-PYNQ-Z2-main/AES-Cam-on-PYNQ-Z2-main/AES_SYS/AES_SYS.cache/ip/2023.2/3/b/3bc72d579e6ad5e4/AES_SYS_auto_pc_0_sim_netlist.v to c:/code/RFC-8439-fpga-implementation/AES-Cam-on-PYNQ-Z2-main/AES-Cam-on-PYNQ-Z2-main/AES_SYS/AES_SYS.gen/sources_1/bd/AES_SYS/ip/AES_SYS_auto_pc_7/AES_SYS_auto_pc_7_sim_netlist.v.
INFO: [IP_Flow 19-6926] IPCACHE: added file to list for BOM: c:/code/RFC-8439-fpga-implementation/AES-Cam-on-PYNQ-Z2-main/AES-Cam-on-PYNQ-Z2-main/AES_SYS/AES_SYS.gen/sources_1/bd/AES_SYS/ip/AES_SYS_auto_pc_7/AES_SYS_auto_pc_7_sim_netlist.v
INFO: [IP_Flow 19-6928] IPCACHE: copied cached file c:/code/RFC-8439-fpga-implementation/AES-Cam-on-PYNQ-Z2-main/AES-Cam-on-PYNQ-Z2-main/AES_SYS/AES_SYS.cache/ip/2023.2/3/b/3bc72d579e6ad5e4/AES_SYS_auto_pc_0_sim_netlist.vhdl to c:/code/RFC-8439-fpga-implementation/AES-Cam-on-PYNQ-Z2-main/AES-Cam-on-PYNQ-Z2-main/AES_SYS/AES_SYS.gen/sources_1/bd/AES_SYS/ip/AES_SYS_auto_pc_7/AES_SYS_auto_pc_7_sim_netlist.vhdl.
INFO: [IP_Flow 19-6926] IPCACHE: added file to list for BOM: c:/code/RFC-8439-fpga-implementation/AES-Cam-on-PYNQ-Z2-main/AES-Cam-on-PYNQ-Z2-main/AES_SYS/AES_SYS.gen/sources_1/bd/AES_SYS/ip/AES_SYS_auto_pc_7/AES_SYS_auto_pc_7_sim_netlist.vhdl
INFO: [IP_Flow 19-6928] IPCACHE: copied cached file c:/code/RFC-8439-fpga-implementation/AES-Cam-on-PYNQ-Z2-main/AES-Cam-on-PYNQ-Z2-main/AES_SYS/AES_SYS.cache/ip/2023.2/3/b/3bc72d579e6ad5e4/AES_SYS_auto_pc_0_stub.v to c:/code/RFC-8439-fpga-implementation/AES-Cam-on-PYNQ-Z2-main/AES-Cam-on-PYNQ-Z2-main/AES_SYS/AES_SYS.gen/sources_1/bd/AES_SYS/ip/AES_SYS_auto_pc_7/AES_SYS_auto_pc_7_stub.v.
INFO: [IP_Flow 19-6926] IPCACHE: added file to list for BOM: c:/code/RFC-8439-fpga-implementation/AES-Cam-on-PYNQ-Z2-main/AES-Cam-on-PYNQ-Z2-main/AES_SYS/AES_SYS.gen/sources_1/bd/AES_SYS/ip/AES_SYS_auto_pc_7/AES_SYS_auto_pc_7_stub.v
INFO: [IP_Flow 19-6928] IPCACHE: copied cached file c:/code/RFC-8439-fpga-implementation/AES-Cam-on-PYNQ-Z2-main/AES-Cam-on-PYNQ-Z2-main/AES_SYS/AES_SYS.cache/ip/2023.2/3/b/3bc72d579e6ad5e4/AES_SYS_auto_pc_0_stub.vhdl to c:/code/RFC-8439-fpga-implementation/AES-Cam-on-PYNQ-Z2-main/AES-Cam-on-PYNQ-Z2-main/AES_SYS/AES_SYS.gen/sources_1/bd/AES_SYS/ip/AES_SYS_auto_pc_7/AES_SYS_auto_pc_7_stub.vhdl.
INFO: [IP_Flow 19-6926] IPCACHE: added file to list for BOM: c:/code/RFC-8439-fpga-implementation/AES-Cam-on-PYNQ-Z2-main/AES-Cam-on-PYNQ-Z2-main/AES_SYS/AES_SYS.gen/sources_1/bd/AES_SYS/ip/AES_SYS_auto_pc_7/AES_SYS_auto_pc_7_stub.vhdl
INFO: [IP_Flow 19-4993] Using cached IP synthesis design for IP AES_SYS_auto_pc_7, cache-ID = 3bc72d579e6ad5e4; cache size = 149.279 MB.
catch { config_ip_cache -export [get_ips -all AES_SYS_auto_pc_8] }
INFO: [IP_Flow 19-6924] IPCACHE: Running cache check for IP inst: AES_SYS_auto_pc_8
INFO: [IP_Flow 19-6922] IPCACHE: Exporting cached entry 3bc72d579e6ad5e4 to dir: c:/code/RFC-8439-fpga-implementation/AES-Cam-on-PYNQ-Z2-main/AES-Cam-on-PYNQ-Z2-main/AES_SYS/AES_SYS.gen/sources_1/bd/AES_SYS/ip/AES_SYS_auto_pc_8
INFO: [IP_Flow 19-6928] IPCACHE: copied cached file c:/code/RFC-8439-fpga-implementation/AES-Cam-on-PYNQ-Z2-main/AES-Cam-on-PYNQ-Z2-main/AES_SYS/AES_SYS.cache/ip/2023.2/3/b/3bc72d579e6ad5e4/AES_SYS_auto_pc_0.dcp to c:/code/RFC-8439-fpga-implementation/AES-Cam-on-PYNQ-Z2-main/AES-Cam-on-PYNQ-Z2-main/AES_SYS/AES_SYS.gen/sources_1/bd/AES_SYS/ip/AES_SYS_auto_pc_8/AES_SYS_auto_pc_8.dcp.
INFO: [IP_Flow 19-6926] IPCACHE: added file to list for BOM: c:/code/RFC-8439-fpga-implementation/AES-Cam-on-PYNQ-Z2-main/AES-Cam-on-PYNQ-Z2-main/AES_SYS/AES_SYS.gen/sources_1/bd/AES_SYS/ip/AES_SYS_auto_pc_8/AES_SYS_auto_pc_8.dcp
INFO: [IP_Flow 19-6928] IPCACHE: copied cached file c:/code/RFC-8439-fpga-implementation/AES-Cam-on-PYNQ-Z2-main/AES-Cam-on-PYNQ-Z2-main/AES_SYS/AES_SYS.cache/ip/2023.2/3/b/3bc72d579e6ad5e4/AES_SYS_auto_pc_0_sim_netlist.v to c:/code/RFC-8439-fpga-implementation/AES-Cam-on-PYNQ-Z2-main/AES-Cam-on-PYNQ-Z2-main/AES_SYS/AES_SYS.gen/sources_1/bd/AES_SYS/ip/AES_SYS_auto_pc_8/AES_SYS_auto_pc_8_sim_netlist.v.
INFO: [IP_Flow 19-6926] IPCACHE: added file to list for BOM: c:/code/RFC-8439-fpga-implementation/AES-Cam-on-PYNQ-Z2-main/AES-Cam-on-PYNQ-Z2-main/AES_SYS/AES_SYS.gen/sources_1/bd/AES_SYS/ip/AES_SYS_auto_pc_8/AES_SYS_auto_pc_8_sim_netlist.v
INFO: [IP_Flow 19-6928] IPCACHE: copied cached file c:/code/RFC-8439-fpga-implementation/AES-Cam-on-PYNQ-Z2-main/AES-Cam-on-PYNQ-Z2-main/AES_SYS/AES_SYS.cache/ip/2023.2/3/b/3bc72d579e6ad5e4/AES_SYS_auto_pc_0_sim_netlist.vhdl to c:/code/RFC-8439-fpga-implementation/AES-Cam-on-PYNQ-Z2-main/AES-Cam-on-PYNQ-Z2-main/AES_SYS/AES_SYS.gen/sources_1/bd/AES_SYS/ip/AES_SYS_auto_pc_8/AES_SYS_auto_pc_8_sim_netlist.vhdl.
INFO: [IP_Flow 19-6926] IPCACHE: added file to list for BOM: c:/code/RFC-8439-fpga-implementation/AES-Cam-on-PYNQ-Z2-main/AES-Cam-on-PYNQ-Z2-main/AES_SYS/AES_SYS.gen/sources_1/bd/AES_SYS/ip/AES_SYS_auto_pc_8/AES_SYS_auto_pc_8_sim_netlist.vhdl
INFO: [IP_Flow 19-6928] IPCACHE: copied cached file c:/code/RFC-8439-fpga-implementation/AES-Cam-on-PYNQ-Z2-main/AES-Cam-on-PYNQ-Z2-main/AES_SYS/AES_SYS.cache/ip/2023.2/3/b/3bc72d579e6ad5e4/AES_SYS_auto_pc_0_stub.v to c:/code/RFC-8439-fpga-implementation/AES-Cam-on-PYNQ-Z2-main/AES-Cam-on-PYNQ-Z2-main/AES_SYS/AES_SYS.gen/sources_1/bd/AES_SYS/ip/AES_SYS_auto_pc_8/AES_SYS_auto_pc_8_stub.v.
INFO: [IP_Flow 19-6926] IPCACHE: added file to list for BOM: c:/code/RFC-8439-fpga-implementation/AES-Cam-on-PYNQ-Z2-main/AES-Cam-on-PYNQ-Z2-main/AES_SYS/AES_SYS.gen/sources_1/bd/AES_SYS/ip/AES_SYS_auto_pc_8/AES_SYS_auto_pc_8_stub.v
INFO: [IP_Flow 19-6928] IPCACHE: copied cached file c:/code/RFC-8439-fpga-implementation/AES-Cam-on-PYNQ-Z2-main/AES-Cam-on-PYNQ-Z2-main/AES_SYS/AES_SYS.cache/ip/2023.2/3/b/3bc72d579e6ad5e4/AES_SYS_auto_pc_0_stub.vhdl to c:/code/RFC-8439-fpga-implementation/AES-Cam-on-PYNQ-Z2-main/AES-Cam-on-PYNQ-Z2-main/AES_SYS/AES_SYS.gen/sources_1/bd/AES_SYS/ip/AES_SYS_auto_pc_8/AES_SYS_auto_pc_8_stub.vhdl.
INFO: [IP_Flow 19-6926] IPCACHE: added file to list for BOM: c:/code/RFC-8439-fpga-implementation/AES-Cam-on-PYNQ-Z2-main/AES-Cam-on-PYNQ-Z2-main/AES_SYS/AES_SYS.gen/sources_1/bd/AES_SYS/ip/AES_SYS_auto_pc_8/AES_SYS_auto_pc_8_stub.vhdl
INFO: [IP_Flow 19-4993] Using cached IP synthesis design for IP AES_SYS_auto_pc_8, cache-ID = 3bc72d579e6ad5e4; cache size = 149.279 MB.
catch { config_ip_cache -export [get_ips -all AES_SYS_auto_pc_9] }
INFO: [IP_Flow 19-6924] IPCACHE: Running cache check for IP inst: AES_SYS_auto_pc_9
INFO: [IP_Flow 19-6922] IPCACHE: Exporting cached entry 3bc72d579e6ad5e4 to dir: c:/code/RFC-8439-fpga-implementation/AES-Cam-on-PYNQ-Z2-main/AES-Cam-on-PYNQ-Z2-main/AES_SYS/AES_SYS.gen/sources_1/bd/AES_SYS/ip/AES_SYS_auto_pc_9
INFO: [IP_Flow 19-6928] IPCACHE: copied cached file c:/code/RFC-8439-fpga-implementation/AES-Cam-on-PYNQ-Z2-main/AES-Cam-on-PYNQ-Z2-main/AES_SYS/AES_SYS.cache/ip/2023.2/3/b/3bc72d579e6ad5e4/AES_SYS_auto_pc_0.dcp to c:/code/RFC-8439-fpga-implementation/AES-Cam-on-PYNQ-Z2-main/AES-Cam-on-PYNQ-Z2-main/AES_SYS/AES_SYS.gen/sources_1/bd/AES_SYS/ip/AES_SYS_auto_pc_9/AES_SYS_auto_pc_9.dcp.
INFO: [IP_Flow 19-6926] IPCACHE: added file to list for BOM: c:/code/RFC-8439-fpga-implementation/AES-Cam-on-PYNQ-Z2-main/AES-Cam-on-PYNQ-Z2-main/AES_SYS/AES_SYS.gen/sources_1/bd/AES_SYS/ip/AES_SYS_auto_pc_9/AES_SYS_auto_pc_9.dcp
INFO: [IP_Flow 19-6928] IPCACHE: copied cached file c:/code/RFC-8439-fpga-implementation/AES-Cam-on-PYNQ-Z2-main/AES-Cam-on-PYNQ-Z2-main/AES_SYS/AES_SYS.cache/ip/2023.2/3/b/3bc72d579e6ad5e4/AES_SYS_auto_pc_0_sim_netlist.v to c:/code/RFC-8439-fpga-implementation/AES-Cam-on-PYNQ-Z2-main/AES-Cam-on-PYNQ-Z2-main/AES_SYS/AES_SYS.gen/sources_1/bd/AES_SYS/ip/AES_SYS_auto_pc_9/AES_SYS_auto_pc_9_sim_netlist.v.
INFO: [IP_Flow 19-6926] IPCACHE: added file to list for BOM: c:/code/RFC-8439-fpga-implementation/AES-Cam-on-PYNQ-Z2-main/AES-Cam-on-PYNQ-Z2-main/AES_SYS/AES_SYS.gen/sources_1/bd/AES_SYS/ip/AES_SYS_auto_pc_9/AES_SYS_auto_pc_9_sim_netlist.v
INFO: [IP_Flow 19-6928] IPCACHE: copied cached file c:/code/RFC-8439-fpga-implementation/AES-Cam-on-PYNQ-Z2-main/AES-Cam-on-PYNQ-Z2-main/AES_SYS/AES_SYS.cache/ip/2023.2/3/b/3bc72d579e6ad5e4/AES_SYS_auto_pc_0_sim_netlist.vhdl to c:/code/RFC-8439-fpga-implementation/AES-Cam-on-PYNQ-Z2-main/AES-Cam-on-PYNQ-Z2-main/AES_SYS/AES_SYS.gen/sources_1/bd/AES_SYS/ip/AES_SYS_auto_pc_9/AES_SYS_auto_pc_9_sim_netlist.vhdl.
INFO: [IP_Flow 19-6926] IPCACHE: added file to list for BOM: c:/code/RFC-8439-fpga-implementation/AES-Cam-on-PYNQ-Z2-main/AES-Cam-on-PYNQ-Z2-main/AES_SYS/AES_SYS.gen/sources_1/bd/AES_SYS/ip/AES_SYS_auto_pc_9/AES_SYS_auto_pc_9_sim_netlist.vhdl
INFO: [IP_Flow 19-6928] IPCACHE: copied cached file c:/code/RFC-8439-fpga-implementation/AES-Cam-on-PYNQ-Z2-main/AES-Cam-on-PYNQ-Z2-main/AES_SYS/AES_SYS.cache/ip/2023.2/3/b/3bc72d579e6ad5e4/AES_SYS_auto_pc_0_stub.v to c:/code/RFC-8439-fpga-implementation/AES-Cam-on-PYNQ-Z2-main/AES-Cam-on-PYNQ-Z2-main/AES_SYS/AES_SYS.gen/sources_1/bd/AES_SYS/ip/AES_SYS_auto_pc_9/AES_SYS_auto_pc_9_stub.v.
INFO: [IP_Flow 19-6926] IPCACHE: added file to list for BOM: c:/code/RFC-8439-fpga-implementation/AES-Cam-on-PYNQ-Z2-main/AES-Cam-on-PYNQ-Z2-main/AES_SYS/AES_SYS.gen/sources_1/bd/AES_SYS/ip/AES_SYS_auto_pc_9/AES_SYS_auto_pc_9_stub.v
INFO: [IP_Flow 19-6928] IPCACHE: copied cached file c:/code/RFC-8439-fpga-implementation/AES-Cam-on-PYNQ-Z2-main/AES-Cam-on-PYNQ-Z2-main/AES_SYS/AES_SYS.cache/ip/2023.2/3/b/3bc72d579e6ad5e4/AES_SYS_auto_pc_0_stub.vhdl to c:/code/RFC-8439-fpga-implementation/AES-Cam-on-PYNQ-Z2-main/AES-Cam-on-PYNQ-Z2-main/AES_SYS/AES_SYS.gen/sources_1/bd/AES_SYS/ip/AES_SYS_auto_pc_9/AES_SYS_auto_pc_9_stub.vhdl.
INFO: [IP_Flow 19-6926] IPCACHE: added file to list for BOM: c:/code/RFC-8439-fpga-implementation/AES-Cam-on-PYNQ-Z2-main/AES-Cam-on-PYNQ-Z2-main/AES_SYS/AES_SYS.gen/sources_1/bd/AES_SYS/ip/AES_SYS_auto_pc_9/AES_SYS_auto_pc_9_stub.vhdl
INFO: [IP_Flow 19-4993] Using cached IP synthesis design for IP AES_SYS_auto_pc_9, cache-ID = 3bc72d579e6ad5e4; cache size = 149.279 MB.
catch { config_ip_cache -export [get_ips -all AES_SYS_auto_pc_10] }
INFO: [IP_Flow 19-6924] IPCACHE: Running cache check for IP inst: AES_SYS_auto_pc_10
INFO: [IP_Flow 19-6922] IPCACHE: Exporting cached entry 3bc72d579e6ad5e4 to dir: c:/code/RFC-8439-fpga-implementation/AES-Cam-on-PYNQ-Z2-main/AES-Cam-on-PYNQ-Z2-main/AES_SYS/AES_SYS.gen/sources_1/bd/AES_SYS/ip/AES_SYS_auto_pc_10
INFO: [IP_Flow 19-6928] IPCACHE: copied cached file c:/code/RFC-8439-fpga-implementation/AES-Cam-on-PYNQ-Z2-main/AES-Cam-on-PYNQ-Z2-main/AES_SYS/AES_SYS.cache/ip/2023.2/3/b/3bc72d579e6ad5e4/AES_SYS_auto_pc_0.dcp to c:/code/RFC-8439-fpga-implementation/AES-Cam-on-PYNQ-Z2-main/AES-Cam-on-PYNQ-Z2-main/AES_SYS/AES_SYS.gen/sources_1/bd/AES_SYS/ip/AES_SYS_auto_pc_10/AES_SYS_auto_pc_10.dcp.
INFO: [IP_Flow 19-6926] IPCACHE: added file to list for BOM: c:/code/RFC-8439-fpga-implementation/AES-Cam-on-PYNQ-Z2-main/AES-Cam-on-PYNQ-Z2-main/AES_SYS/AES_SYS.gen/sources_1/bd/AES_SYS/ip/AES_SYS_auto_pc_10/AES_SYS_auto_pc_10.dcp
INFO: [IP_Flow 19-6928] IPCACHE: copied cached file c:/code/RFC-8439-fpga-implementation/AES-Cam-on-PYNQ-Z2-main/AES-Cam-on-PYNQ-Z2-main/AES_SYS/AES_SYS.cache/ip/2023.2/3/b/3bc72d579e6ad5e4/AES_SYS_auto_pc_0_sim_netlist.v to c:/code/RFC-8439-fpga-implementation/AES-Cam-on-PYNQ-Z2-main/AES-Cam-on-PYNQ-Z2-main/AES_SYS/AES_SYS.gen/sources_1/bd/AES_SYS/ip/AES_SYS_auto_pc_10/AES_SYS_auto_pc_10_sim_netlist.v.
INFO: [IP_Flow 19-6926] IPCACHE: added file to list for BOM: c:/code/RFC-8439-fpga-implementation/AES-Cam-on-PYNQ-Z2-main/AES-Cam-on-PYNQ-Z2-main/AES_SYS/AES_SYS.gen/sources_1/bd/AES_SYS/ip/AES_SYS_auto_pc_10/AES_SYS_auto_pc_10_sim_netlist.v
INFO: [IP_Flow 19-6928] IPCACHE: copied cached file c:/code/RFC-8439-fpga-implementation/AES-Cam-on-PYNQ-Z2-main/AES-Cam-on-PYNQ-Z2-main/AES_SYS/AES_SYS.cache/ip/2023.2/3/b/3bc72d579e6ad5e4/AES_SYS_auto_pc_0_sim_netlist.vhdl to c:/code/RFC-8439-fpga-implementation/AES-Cam-on-PYNQ-Z2-main/AES-Cam-on-PYNQ-Z2-main/AES_SYS/AES_SYS.gen/sources_1/bd/AES_SYS/ip/AES_SYS_auto_pc_10/AES_SYS_auto_pc_10_sim_netlist.vhdl.
INFO: [IP_Flow 19-6926] IPCACHE: added file to list for BOM: c:/code/RFC-8439-fpga-implementation/AES-Cam-on-PYNQ-Z2-main/AES-Cam-on-PYNQ-Z2-main/AES_SYS/AES_SYS.gen/sources_1/bd/AES_SYS/ip/AES_SYS_auto_pc_10/AES_SYS_auto_pc_10_sim_netlist.vhdl
INFO: [IP_Flow 19-6928] IPCACHE: copied cached file c:/code/RFC-8439-fpga-implementation/AES-Cam-on-PYNQ-Z2-main/AES-Cam-on-PYNQ-Z2-main/AES_SYS/AES_SYS.cache/ip/2023.2/3/b/3bc72d579e6ad5e4/AES_SYS_auto_pc_0_stub.v to c:/code/RFC-8439-fpga-implementation/AES-Cam-on-PYNQ-Z2-main/AES-Cam-on-PYNQ-Z2-main/AES_SYS/AES_SYS.gen/sources_1/bd/AES_SYS/ip/AES_SYS_auto_pc_10/AES_SYS_auto_pc_10_stub.v.
INFO: [IP_Flow 19-6926] IPCACHE: added file to list for BOM: c:/code/RFC-8439-fpga-implementation/AES-Cam-on-PYNQ-Z2-main/AES-Cam-on-PYNQ-Z2-main/AES_SYS/AES_SYS.gen/sources_1/bd/AES_SYS/ip/AES_SYS_auto_pc_10/AES_SYS_auto_pc_10_stub.v
INFO: [IP_Flow 19-6928] IPCACHE: copied cached file c:/code/RFC-8439-fpga-implementation/AES-Cam-on-PYNQ-Z2-main/AES-Cam-on-PYNQ-Z2-main/AES_SYS/AES_SYS.cache/ip/2023.2/3/b/3bc72d579e6ad5e4/AES_SYS_auto_pc_0_stub.vhdl to c:/code/RFC-8439-fpga-implementation/AES-Cam-on-PYNQ-Z2-main/AES-Cam-on-PYNQ-Z2-main/AES_SYS/AES_SYS.gen/sources_1/bd/AES_SYS/ip/AES_SYS_auto_pc_10/AES_SYS_auto_pc_10_stub.vhdl.
INFO: [IP_Flow 19-6926] IPCACHE: added file to list for BOM: c:/code/RFC-8439-fpga-implementation/AES-Cam-on-PYNQ-Z2-main/AES-Cam-on-PYNQ-Z2-main/AES_SYS/AES_SYS.gen/sources_1/bd/AES_SYS/ip/AES_SYS_auto_pc_10/AES_SYS_auto_pc_10_stub.vhdl
INFO: [IP_Flow 19-4993] Using cached IP synthesis design for IP AES_SYS_auto_pc_10, cache-ID = 3bc72d579e6ad5e4; cache size = 149.279 MB.
catch { config_ip_cache -export [get_ips -all AES_SYS_auto_pc_12] }
INFO: [IP_Flow 19-6924] IPCACHE: Running cache check for IP inst: AES_SYS_auto_pc_12
INFO: [IP_Flow 19-6922] IPCACHE: Exporting cached entry 177366daf5914f73 to dir: c:/code/RFC-8439-fpga-implementation/AES-Cam-on-PYNQ-Z2-main/AES-Cam-on-PYNQ-Z2-main/AES_SYS/AES_SYS.gen/sources_1/bd/AES_SYS/ip/AES_SYS_auto_pc_12
INFO: [IP_Flow 19-6928] IPCACHE: copied cached file c:/code/RFC-8439-fpga-implementation/AES-Cam-on-PYNQ-Z2-main/AES-Cam-on-PYNQ-Z2-main/AES_SYS/AES_SYS.cache/ip/2023.2/1/7/177366daf5914f73/AES_SYS_auto_pc_12.dcp to c:/code/RFC-8439-fpga-implementation/AES-Cam-on-PYNQ-Z2-main/AES-Cam-on-PYNQ-Z2-main/AES_SYS/AES_SYS.gen/sources_1/bd/AES_SYS/ip/AES_SYS_auto_pc_12/AES_SYS_auto_pc_12.dcp.
INFO: [IP_Flow 19-6926] IPCACHE: added file to list for BOM: c:/code/RFC-8439-fpga-implementation/AES-Cam-on-PYNQ-Z2-main/AES-Cam-on-PYNQ-Z2-main/AES_SYS/AES_SYS.gen/sources_1/bd/AES_SYS/ip/AES_SYS_auto_pc_12/AES_SYS_auto_pc_12.dcp
INFO: [IP_Flow 19-6928] IPCACHE: copied cached file c:/code/RFC-8439-fpga-implementation/AES-Cam-on-PYNQ-Z2-main/AES-Cam-on-PYNQ-Z2-main/AES_SYS/AES_SYS.cache/ip/2023.2/1/7/177366daf5914f73/AES_SYS_auto_pc_12_sim_netlist.v to c:/code/RFC-8439-fpga-implementation/AES-Cam-on-PYNQ-Z2-main/AES-Cam-on-PYNQ-Z2-main/AES_SYS/AES_SYS.gen/sources_1/bd/AES_SYS/ip/AES_SYS_auto_pc_12/AES_SYS_auto_pc_12_sim_netlist.v.
INFO: [IP_Flow 19-6926] IPCACHE: added file to list for BOM: c:/code/RFC-8439-fpga-implementation/AES-Cam-on-PYNQ-Z2-main/AES-Cam-on-PYNQ-Z2-main/AES_SYS/AES_SYS.gen/sources_1/bd/AES_SYS/ip/AES_SYS_auto_pc_12/AES_SYS_auto_pc_12_sim_netlist.v
INFO: [IP_Flow 19-6928] IPCACHE: copied cached file c:/code/RFC-8439-fpga-implementation/AES-Cam-on-PYNQ-Z2-main/AES-Cam-on-PYNQ-Z2-main/AES_SYS/AES_SYS.cache/ip/2023.2/1/7/177366daf5914f73/AES_SYS_auto_pc_12_sim_netlist.vhdl to c:/code/RFC-8439-fpga-implementation/AES-Cam-on-PYNQ-Z2-main/AES-Cam-on-PYNQ-Z2-main/AES_SYS/AES_SYS.gen/sources_1/bd/AES_SYS/ip/AES_SYS_auto_pc_12/AES_SYS_auto_pc_12_sim_netlist.vhdl.
INFO: [IP_Flow 19-6926] IPCACHE: added file to list for BOM: c:/code/RFC-8439-fpga-implementation/AES-Cam-on-PYNQ-Z2-main/AES-Cam-on-PYNQ-Z2-main/AES_SYS/AES_SYS.gen/sources_1/bd/AES_SYS/ip/AES_SYS_auto_pc_12/AES_SYS_auto_pc_12_sim_netlist.vhdl
INFO: [IP_Flow 19-6928] IPCACHE: copied cached file c:/code/RFC-8439-fpga-implementation/AES-Cam-on-PYNQ-Z2-main/AES-Cam-on-PYNQ-Z2-main/AES_SYS/AES_SYS.cache/ip/2023.2/1/7/177366daf5914f73/AES_SYS_auto_pc_12_stub.v to c:/code/RFC-8439-fpga-implementation/AES-Cam-on-PYNQ-Z2-main/AES-Cam-on-PYNQ-Z2-main/AES_SYS/AES_SYS.gen/sources_1/bd/AES_SYS/ip/AES_SYS_auto_pc_12/AES_SYS_auto_pc_12_stub.v.
INFO: [IP_Flow 19-6926] IPCACHE: added file to list for BOM: c:/code/RFC-8439-fpga-implementation/AES-Cam-on-PYNQ-Z2-main/AES-Cam-on-PYNQ-Z2-main/AES_SYS/AES_SYS.gen/sources_1/bd/AES_SYS/ip/AES_SYS_auto_pc_12/AES_SYS_auto_pc_12_stub.v
INFO: [IP_Flow 19-6928] IPCACHE: copied cached file c:/code/RFC-8439-fpga-implementation/AES-Cam-on-PYNQ-Z2-main/AES-Cam-on-PYNQ-Z2-main/AES_SYS/AES_SYS.cache/ip/2023.2/1/7/177366daf5914f73/AES_SYS_auto_pc_12_stub.vhdl to c:/code/RFC-8439-fpga-implementation/AES-Cam-on-PYNQ-Z2-main/AES-Cam-on-PYNQ-Z2-main/AES_SYS/AES_SYS.gen/sources_1/bd/AES_SYS/ip/AES_SYS_auto_pc_12/AES_SYS_auto_pc_12_stub.vhdl.
INFO: [IP_Flow 19-6926] IPCACHE: added file to list for BOM: c:/code/RFC-8439-fpga-implementation/AES-Cam-on-PYNQ-Z2-main/AES-Cam-on-PYNQ-Z2-main/AES_SYS/AES_SYS.gen/sources_1/bd/AES_SYS/ip/AES_SYS_auto_pc_12/AES_SYS_auto_pc_12_stub.vhdl
INFO: [IP_Flow 19-4993] Using cached IP synthesis design for IP AES_SYS_auto_pc_12, cache-ID = 177366daf5914f73; cache size = 149.279 MB.
catch { config_ip_cache -export [get_ips -all AES_SYS_auto_us_0] }
INFO: [IP_Flow 19-6924] IPCACHE: Running cache check for IP inst: AES_SYS_auto_us_0
INFO: [IP_Flow 19-6922] IPCACHE: Exporting cached entry 96128dd45566b66c to dir: c:/code/RFC-8439-fpga-implementation/AES-Cam-on-PYNQ-Z2-main/AES-Cam-on-PYNQ-Z2-main/AES_SYS/AES_SYS.gen/sources_1/bd/AES_SYS/ip/AES_SYS_auto_us_0
INFO: [IP_Flow 19-6928] IPCACHE: copied cached file c:/code/RFC-8439-fpga-implementation/AES-Cam-on-PYNQ-Z2-main/AES-Cam-on-PYNQ-Z2-main/AES_SYS/AES_SYS.cache/ip/2023.2/9/6/96128dd45566b66c/AES_SYS_auto_us_0.dcp to c:/code/RFC-8439-fpga-implementation/AES-Cam-on-PYNQ-Z2-main/AES-Cam-on-PYNQ-Z2-main/AES_SYS/AES_SYS.gen/sources_1/bd/AES_SYS/ip/AES_SYS_auto_us_0/AES_SYS_auto_us_0.dcp.
INFO: [IP_Flow 19-6926] IPCACHE: added file to list for BOM: c:/code/RFC-8439-fpga-implementation/AES-Cam-on-PYNQ-Z2-main/AES-Cam-on-PYNQ-Z2-main/AES_SYS/AES_SYS.gen/sources_1/bd/AES_SYS/ip/AES_SYS_auto_us_0/AES_SYS_auto_us_0.dcp
INFO: [IP_Flow 19-6928] IPCACHE: copied cached file c:/code/RFC-8439-fpga-implementation/AES-Cam-on-PYNQ-Z2-main/AES-Cam-on-PYNQ-Z2-main/AES_SYS/AES_SYS.cache/ip/2023.2/9/6/96128dd45566b66c/AES_SYS_auto_us_0_sim_netlist.v to c:/code/RFC-8439-fpga-implementation/AES-Cam-on-PYNQ-Z2-main/AES-Cam-on-PYNQ-Z2-main/AES_SYS/AES_SYS.gen/sources_1/bd/AES_SYS/ip/AES_SYS_auto_us_0/AES_SYS_auto_us_0_sim_netlist.v.
INFO: [IP_Flow 19-6926] IPCACHE: added file to list for BOM: c:/code/RFC-8439-fpga-implementation/AES-Cam-on-PYNQ-Z2-main/AES-Cam-on-PYNQ-Z2-main/AES_SYS/AES_SYS.gen/sources_1/bd/AES_SYS/ip/AES_SYS_auto_us_0/AES_SYS_auto_us_0_sim_netlist.v
INFO: [IP_Flow 19-6928] IPCACHE: copied cached file c:/code/RFC-8439-fpga-implementation/AES-Cam-on-PYNQ-Z2-main/AES-Cam-on-PYNQ-Z2-main/AES_SYS/AES_SYS.cache/ip/2023.2/9/6/96128dd45566b66c/AES_SYS_auto_us_0_sim_netlist.vhdl to c:/code/RFC-8439-fpga-implementation/AES-Cam-on-PYNQ-Z2-main/AES-Cam-on-PYNQ-Z2-main/AES_SYS/AES_SYS.gen/sources_1/bd/AES_SYS/ip/AES_SYS_auto_us_0/AES_SYS_auto_us_0_sim_netlist.vhdl.
INFO: [IP_Flow 19-6926] IPCACHE: added file to list for BOM: c:/code/RFC-8439-fpga-implementation/AES-Cam-on-PYNQ-Z2-main/AES-Cam-on-PYNQ-Z2-main/AES_SYS/AES_SYS.gen/sources_1/bd/AES_SYS/ip/AES_SYS_auto_us_0/AES_SYS_auto_us_0_sim_netlist.vhdl
INFO: [IP_Flow 19-6928] IPCACHE: copied cached file c:/code/RFC-8439-fpga-implementation/AES-Cam-on-PYNQ-Z2-main/AES-Cam-on-PYNQ-Z2-main/AES_SYS/AES_SYS.cache/ip/2023.2/9/6/96128dd45566b66c/AES_SYS_auto_us_0_stub.v to c:/code/RFC-8439-fpga-implementation/AES-Cam-on-PYNQ-Z2-main/AES-Cam-on-PYNQ-Z2-main/AES_SYS/AES_SYS.gen/sources_1/bd/AES_SYS/ip/AES_SYS_auto_us_0/AES_SYS_auto_us_0_stub.v.
INFO: [IP_Flow 19-6926] IPCACHE: added file to list for BOM: c:/code/RFC-8439-fpga-implementation/AES-Cam-on-PYNQ-Z2-main/AES-Cam-on-PYNQ-Z2-main/AES_SYS/AES_SYS.gen/sources_1/bd/AES_SYS/ip/AES_SYS_auto_us_0/AES_SYS_auto_us_0_stub.v
INFO: [IP_Flow 19-6928] IPCACHE: copied cached file c:/code/RFC-8439-fpga-implementation/AES-Cam-on-PYNQ-Z2-main/AES-Cam-on-PYNQ-Z2-main/AES_SYS/AES_SYS.cache/ip/2023.2/9/6/96128dd45566b66c/AES_SYS_auto_us_0_stub.vhdl to c:/code/RFC-8439-fpga-implementation/AES-Cam-on-PYNQ-Z2-main/AES-Cam-on-PYNQ-Z2-main/AES_SYS/AES_SYS.gen/sources_1/bd/AES_SYS/ip/AES_SYS_auto_us_0/AES_SYS_auto_us_0_stub.vhdl.
INFO: [IP_Flow 19-6926] IPCACHE: added file to list for BOM: c:/code/RFC-8439-fpga-implementation/AES-Cam-on-PYNQ-Z2-main/AES-Cam-on-PYNQ-Z2-main/AES_SYS/AES_SYS.gen/sources_1/bd/AES_SYS/ip/AES_SYS_auto_us_0/AES_SYS_auto_us_0_stub.vhdl
INFO: [IP_Flow 19-4993] Using cached IP synthesis design for IP AES_SYS_auto_us_0, cache-ID = 96128dd45566b66c; cache size = 149.279 MB.
catch { config_ip_cache -export [get_ips -all AES_SYS_auto_pc_13] }
INFO: [IP_Flow 19-6924] IPCACHE: Running cache check for IP inst: AES_SYS_auto_pc_13
INFO: [IP_Flow 19-6922] IPCACHE: Exporting cached entry 680f4c3d4d7785e1 to dir: c:/code/RFC-8439-fpga-implementation/AES-Cam-on-PYNQ-Z2-main/AES-Cam-on-PYNQ-Z2-main/AES_SYS/AES_SYS.gen/sources_1/bd/AES_SYS/ip/AES_SYS_auto_pc_13
INFO: [IP_Flow 19-6928] IPCACHE: copied cached file c:/code/RFC-8439-fpga-implementation/AES-Cam-on-PYNQ-Z2-main/AES-Cam-on-PYNQ-Z2-main/AES_SYS/AES_SYS.cache/ip/2023.2/6/8/680f4c3d4d7785e1/AES_SYS_auto_pc_13.dcp to c:/code/RFC-8439-fpga-implementation/AES-Cam-on-PYNQ-Z2-main/AES-Cam-on-PYNQ-Z2-main/AES_SYS/AES_SYS.gen/sources_1/bd/AES_SYS/ip/AES_SYS_auto_pc_13/AES_SYS_auto_pc_13.dcp.
INFO: [IP_Flow 19-6926] IPCACHE: added file to list for BOM: c:/code/RFC-8439-fpga-implementation/AES-Cam-on-PYNQ-Z2-main/AES-Cam-on-PYNQ-Z2-main/AES_SYS/AES_SYS.gen/sources_1/bd/AES_SYS/ip/AES_SYS_auto_pc_13/AES_SYS_auto_pc_13.dcp
INFO: [IP_Flow 19-6928] IPCACHE: copied cached file c:/code/RFC-8439-fpga-implementation/AES-Cam-on-PYNQ-Z2-main/AES-Cam-on-PYNQ-Z2-main/AES_SYS/AES_SYS.cache/ip/2023.2/6/8/680f4c3d4d7785e1/AES_SYS_auto_pc_13_sim_netlist.v to c:/code/RFC-8439-fpga-implementation/AES-Cam-on-PYNQ-Z2-main/AES-Cam-on-PYNQ-Z2-main/AES_SYS/AES_SYS.gen/sources_1/bd/AES_SYS/ip/AES_SYS_auto_pc_13/AES_SYS_auto_pc_13_sim_netlist.v.
INFO: [IP_Flow 19-6926] IPCACHE: added file to list for BOM: c:/code/RFC-8439-fpga-implementation/AES-Cam-on-PYNQ-Z2-main/AES-Cam-on-PYNQ-Z2-main/AES_SYS/AES_SYS.gen/sources_1/bd/AES_SYS/ip/AES_SYS_auto_pc_13/AES_SYS_auto_pc_13_sim_netlist.v
INFO: [IP_Flow 19-6928] IPCACHE: copied cached file c:/code/RFC-8439-fpga-implementation/AES-Cam-on-PYNQ-Z2-main/AES-Cam-on-PYNQ-Z2-main/AES_SYS/AES_SYS.cache/ip/2023.2/6/8/680f4c3d4d7785e1/AES_SYS_auto_pc_13_sim_netlist.vhdl to c:/code/RFC-8439-fpga-implementation/AES-Cam-on-PYNQ-Z2-main/AES-Cam-on-PYNQ-Z2-main/AES_SYS/AES_SYS.gen/sources_1/bd/AES_SYS/ip/AES_SYS_auto_pc_13/AES_SYS_auto_pc_13_sim_netlist.vhdl.
INFO: [IP_Flow 19-6926] IPCACHE: added file to list for BOM: c:/code/RFC-8439-fpga-implementation/AES-Cam-on-PYNQ-Z2-main/AES-Cam-on-PYNQ-Z2-main/AES_SYS/AES_SYS.gen/sources_1/bd/AES_SYS/ip/AES_SYS_auto_pc_13/AES_SYS_auto_pc_13_sim_netlist.vhdl
INFO: [IP_Flow 19-6928] IPCACHE: copied cached file c:/code/RFC-8439-fpga-implementation/AES-Cam-on-PYNQ-Z2-main/AES-Cam-on-PYNQ-Z2-main/AES_SYS/AES_SYS.cache/ip/2023.2/6/8/680f4c3d4d7785e1/AES_SYS_auto_pc_13_stub.v to c:/code/RFC-8439-fpga-implementation/AES-Cam-on-PYNQ-Z2-main/AES-Cam-on-PYNQ-Z2-main/AES_SYS/AES_SYS.gen/sources_1/bd/AES_SYS/ip/AES_SYS_auto_pc_13/AES_SYS_auto_pc_13_stub.v.
INFO: [IP_Flow 19-6926] IPCACHE: added file to list for BOM: c:/code/RFC-8439-fpga-implementation/AES-Cam-on-PYNQ-Z2-main/AES-Cam-on-PYNQ-Z2-main/AES_SYS/AES_SYS.gen/sources_1/bd/AES_SYS/ip/AES_SYS_auto_pc_13/AES_SYS_auto_pc_13_stub.v
INFO: [IP_Flow 19-6928] IPCACHE: copied cached file c:/code/RFC-8439-fpga-implementation/AES-Cam-on-PYNQ-Z2-main/AES-Cam-on-PYNQ-Z2-main/AES_SYS/AES_SYS.cache/ip/2023.2/6/8/680f4c3d4d7785e1/AES_SYS_auto_pc_13_stub.vhdl to c:/code/RFC-8439-fpga-implementation/AES-Cam-on-PYNQ-Z2-main/AES-Cam-on-PYNQ-Z2-main/AES_SYS/AES_SYS.gen/sources_1/bd/AES_SYS/ip/AES_SYS_auto_pc_13/AES_SYS_auto_pc_13_stub.vhdl.
INFO: [IP_Flow 19-6926] IPCACHE: added file to list for BOM: c:/code/RFC-8439-fpga-implementation/AES-Cam-on-PYNQ-Z2-main/AES-Cam-on-PYNQ-Z2-main/AES_SYS/AES_SYS.gen/sources_1/bd/AES_SYS/ip/AES_SYS_auto_pc_13/AES_SYS_auto_pc_13_stub.vhdl
INFO: [IP_Flow 19-4993] Using cached IP synthesis design for IP AES_SYS_auto_pc_13, cache-ID = 680f4c3d4d7785e1; cache size = 149.279 MB.
catch { config_ip_cache -export [get_ips -all AES_SYS_auto_ds_0] }
INFO: [IP_Flow 19-6924] IPCACHE: Running cache check for IP inst: AES_SYS_auto_ds_0
INFO: [IP_Flow 19-6922] IPCACHE: Exporting cached entry f9503eb3174c7348 to dir: c:/code/RFC-8439-fpga-implementation/AES-Cam-on-PYNQ-Z2-main/AES-Cam-on-PYNQ-Z2-main/AES_SYS/AES_SYS.gen/sources_1/bd/AES_SYS/ip/AES_SYS_auto_ds_0
INFO: [IP_Flow 19-6928] IPCACHE: copied cached file c:/code/RFC-8439-fpga-implementation/AES-Cam-on-PYNQ-Z2-main/AES-Cam-on-PYNQ-Z2-main/AES_SYS/AES_SYS.cache/ip/2023.2/f/9/f9503eb3174c7348/AES_SYS_auto_ds_0.dcp to c:/code/RFC-8439-fpga-implementation/AES-Cam-on-PYNQ-Z2-main/AES-Cam-on-PYNQ-Z2-main/AES_SYS/AES_SYS.gen/sources_1/bd/AES_SYS/ip/AES_SYS_auto_ds_0/AES_SYS_auto_ds_0.dcp.
INFO: [IP_Flow 19-6926] IPCACHE: added file to list for BOM: c:/code/RFC-8439-fpga-implementation/AES-Cam-on-PYNQ-Z2-main/AES-Cam-on-PYNQ-Z2-main/AES_SYS/AES_SYS.gen/sources_1/bd/AES_SYS/ip/AES_SYS_auto_ds_0/AES_SYS_auto_ds_0.dcp
INFO: [IP_Flow 19-6928] IPCACHE: copied cached file c:/code/RFC-8439-fpga-implementation/AES-Cam-on-PYNQ-Z2-main/AES-Cam-on-PYNQ-Z2-main/AES_SYS/AES_SYS.cache/ip/2023.2/f/9/f9503eb3174c7348/AES_SYS_auto_ds_0_sim_netlist.v to c:/code/RFC-8439-fpga-implementation/AES-Cam-on-PYNQ-Z2-main/AES-Cam-on-PYNQ-Z2-main/AES_SYS/AES_SYS.gen/sources_1/bd/AES_SYS/ip/AES_SYS_auto_ds_0/AES_SYS_auto_ds_0_sim_netlist.v.
INFO: [IP_Flow 19-6926] IPCACHE: added file to list for BOM: c:/code/RFC-8439-fpga-implementation/AES-Cam-on-PYNQ-Z2-main/AES-Cam-on-PYNQ-Z2-main/AES_SYS/AES_SYS.gen/sources_1/bd/AES_SYS/ip/AES_SYS_auto_ds_0/AES_SYS_auto_ds_0_sim_netlist.v
INFO: [IP_Flow 19-6928] IPCACHE: copied cached file c:/code/RFC-8439-fpga-implementation/AES-Cam-on-PYNQ-Z2-main/AES-Cam-on-PYNQ-Z2-main/AES_SYS/AES_SYS.cache/ip/2023.2/f/9/f9503eb3174c7348/AES_SYS_auto_ds_0_sim_netlist.vhdl to c:/code/RFC-8439-fpga-implementation/AES-Cam-on-PYNQ-Z2-main/AES-Cam-on-PYNQ-Z2-main/AES_SYS/AES_SYS.gen/sources_1/bd/AES_SYS/ip/AES_SYS_auto_ds_0/AES_SYS_auto_ds_0_sim_netlist.vhdl.
INFO: [IP_Flow 19-6926] IPCACHE: added file to list for BOM: c:/code/RFC-8439-fpga-implementation/AES-Cam-on-PYNQ-Z2-main/AES-Cam-on-PYNQ-Z2-main/AES_SYS/AES_SYS.gen/sources_1/bd/AES_SYS/ip/AES_SYS_auto_ds_0/AES_SYS_auto_ds_0_sim_netlist.vhdl
INFO: [IP_Flow 19-6928] IPCACHE: copied cached file c:/code/RFC-8439-fpga-implementation/AES-Cam-on-PYNQ-Z2-main/AES-Cam-on-PYNQ-Z2-main/AES_SYS/AES_SYS.cache/ip/2023.2/f/9/f9503eb3174c7348/AES_SYS_auto_ds_0_stub.v to c:/code/RFC-8439-fpga-implementation/AES-Cam-on-PYNQ-Z2-main/AES-Cam-on-PYNQ-Z2-main/AES_SYS/AES_SYS.gen/sources_1/bd/AES_SYS/ip/AES_SYS_auto_ds_0/AES_SYS_auto_ds_0_stub.v.
INFO: [IP_Flow 19-6926] IPCACHE: added file to list for BOM: c:/code/RFC-8439-fpga-implementation/AES-Cam-on-PYNQ-Z2-main/AES-Cam-on-PYNQ-Z2-main/AES_SYS/AES_SYS.gen/sources_1/bd/AES_SYS/ip/AES_SYS_auto_ds_0/AES_SYS_auto_ds_0_stub.v
INFO: [IP_Flow 19-6928] IPCACHE: copied cached file c:/code/RFC-8439-fpga-implementation/AES-Cam-on-PYNQ-Z2-main/AES-Cam-on-PYNQ-Z2-main/AES_SYS/AES_SYS.cache/ip/2023.2/f/9/f9503eb3174c7348/AES_SYS_auto_ds_0_stub.vhdl to c:/code/RFC-8439-fpga-implementation/AES-Cam-on-PYNQ-Z2-main/AES-Cam-on-PYNQ-Z2-main/AES_SYS/AES_SYS.gen/sources_1/bd/AES_SYS/ip/AES_SYS_auto_ds_0/AES_SYS_auto_ds_0_stub.vhdl.
INFO: [IP_Flow 19-6926] IPCACHE: added file to list for BOM: c:/code/RFC-8439-fpga-implementation/AES-Cam-on-PYNQ-Z2-main/AES-Cam-on-PYNQ-Z2-main/AES_SYS/AES_SYS.gen/sources_1/bd/AES_SYS/ip/AES_SYS_auto_ds_0/AES_SYS_auto_ds_0_stub.vhdl
INFO: [IP_Flow 19-4993] Using cached IP synthesis design for IP AES_SYS_auto_ds_0, cache-ID = f9503eb3174c7348; cache size = 149.279 MB.
catch { config_ip_cache -export [get_ips -all AES_SYS_auto_ds_1] }
INFO: [IP_Flow 19-6924] IPCACHE: Running cache check for IP inst: AES_SYS_auto_ds_1
INFO: [IP_Flow 19-6922] IPCACHE: Exporting cached entry f9503eb3174c7348 to dir: c:/code/RFC-8439-fpga-implementation/AES-Cam-on-PYNQ-Z2-main/AES-Cam-on-PYNQ-Z2-main/AES_SYS/AES_SYS.gen/sources_1/bd/AES_SYS/ip/AES_SYS_auto_ds_1
INFO: [IP_Flow 19-6928] IPCACHE: copied cached file c:/code/RFC-8439-fpga-implementation/AES-Cam-on-PYNQ-Z2-main/AES-Cam-on-PYNQ-Z2-main/AES_SYS/AES_SYS.cache/ip/2023.2/f/9/f9503eb3174c7348/AES_SYS_auto_ds_0.dcp to c:/code/RFC-8439-fpga-implementation/AES-Cam-on-PYNQ-Z2-main/AES-Cam-on-PYNQ-Z2-main/AES_SYS/AES_SYS.gen/sources_1/bd/AES_SYS/ip/AES_SYS_auto_ds_1/AES_SYS_auto_ds_1.dcp.
INFO: [IP_Flow 19-6926] IPCACHE: added file to list for BOM: c:/code/RFC-8439-fpga-implementation/AES-Cam-on-PYNQ-Z2-main/AES-Cam-on-PYNQ-Z2-main/AES_SYS/AES_SYS.gen/sources_1/bd/AES_SYS/ip/AES_SYS_auto_ds_1/AES_SYS_auto_ds_1.dcp
INFO: [IP_Flow 19-6928] IPCACHE: copied cached file c:/code/RFC-8439-fpga-implementation/AES-Cam-on-PYNQ-Z2-main/AES-Cam-on-PYNQ-Z2-main/AES_SYS/AES_SYS.cache/ip/2023.2/f/9/f9503eb3174c7348/AES_SYS_auto_ds_0_sim_netlist.v to c:/code/RFC-8439-fpga-implementation/AES-Cam-on-PYNQ-Z2-main/AES-Cam-on-PYNQ-Z2-main/AES_SYS/AES_SYS.gen/sources_1/bd/AES_SYS/ip/AES_SYS_auto_ds_1/AES_SYS_auto_ds_1_sim_netlist.v.
INFO: [IP_Flow 19-6926] IPCACHE: added file to list for BOM: c:/code/RFC-8439-fpga-implementation/AES-Cam-on-PYNQ-Z2-main/AES-Cam-on-PYNQ-Z2-main/AES_SYS/AES_SYS.gen/sources_1/bd/AES_SYS/ip/AES_SYS_auto_ds_1/AES_SYS_auto_ds_1_sim_netlist.v
INFO: [IP_Flow 19-6928] IPCACHE: copied cached file c:/code/RFC-8439-fpga-implementation/AES-Cam-on-PYNQ-Z2-main/AES-Cam-on-PYNQ-Z2-main/AES_SYS/AES_SYS.cache/ip/2023.2/f/9/f9503eb3174c7348/AES_SYS_auto_ds_0_sim_netlist.vhdl to c:/code/RFC-8439-fpga-implementation/AES-Cam-on-PYNQ-Z2-main/AES-Cam-on-PYNQ-Z2-main/AES_SYS/AES_SYS.gen/sources_1/bd/AES_SYS/ip/AES_SYS_auto_ds_1/AES_SYS_auto_ds_1_sim_netlist.vhdl.
INFO: [IP_Flow 19-6926] IPCACHE: added file to list for BOM: c:/code/RFC-8439-fpga-implementation/AES-Cam-on-PYNQ-Z2-main/AES-Cam-on-PYNQ-Z2-main/AES_SYS/AES_SYS.gen/sources_1/bd/AES_SYS/ip/AES_SYS_auto_ds_1/AES_SYS_auto_ds_1_sim_netlist.vhdl
INFO: [IP_Flow 19-6928] IPCACHE: copied cached file c:/code/RFC-8439-fpga-implementation/AES-Cam-on-PYNQ-Z2-main/AES-Cam-on-PYNQ-Z2-main/AES_SYS/AES_SYS.cache/ip/2023.2/f/9/f9503eb3174c7348/AES_SYS_auto_ds_0_stub.v to c:/code/RFC-8439-fpga-implementation/AES-Cam-on-PYNQ-Z2-main/AES-Cam-on-PYNQ-Z2-main/AES_SYS/AES_SYS.gen/sources_1/bd/AES_SYS/ip/AES_SYS_auto_ds_1/AES_SYS_auto_ds_1_stub.v.
INFO: [IP_Flow 19-6926] IPCACHE: added file to list for BOM: c:/code/RFC-8439-fpga-implementation/AES-Cam-on-PYNQ-Z2-main/AES-Cam-on-PYNQ-Z2-main/AES_SYS/AES_SYS.gen/sources_1/bd/AES_SYS/ip/AES_SYS_auto_ds_1/AES_SYS_auto_ds_1_stub.v
INFO: [IP_Flow 19-6928] IPCACHE: copied cached file c:/code/RFC-8439-fpga-implementation/AES-Cam-on-PYNQ-Z2-main/AES-Cam-on-PYNQ-Z2-main/AES_SYS/AES_SYS.cache/ip/2023.2/f/9/f9503eb3174c7348/AES_SYS_auto_ds_0_stub.vhdl to c:/code/RFC-8439-fpga-implementation/AES-Cam-on-PYNQ-Z2-main/AES-Cam-on-PYNQ-Z2-main/AES_SYS/AES_SYS.gen/sources_1/bd/AES_SYS/ip/AES_SYS_auto_ds_1/AES_SYS_auto_ds_1_stub.vhdl.
INFO: [IP_Flow 19-6926] IPCACHE: added file to list for BOM: c:/code/RFC-8439-fpga-implementation/AES-Cam-on-PYNQ-Z2-main/AES-Cam-on-PYNQ-Z2-main/AES_SYS/AES_SYS.gen/sources_1/bd/AES_SYS/ip/AES_SYS_auto_ds_1/AES_SYS_auto_ds_1_stub.vhdl
INFO: [IP_Flow 19-4993] Using cached IP synthesis design for IP AES_SYS_auto_ds_1, cache-ID = f9503eb3174c7348; cache size = 149.279 MB.
export_ip_user_files -of_objects [get_files C:/code/RFC-8439-fpga-implementation/AES-Cam-on-PYNQ-Z2-main/AES-Cam-on-PYNQ-Z2-main/AES_SYS/AES_SYS.srcs/sources_1/bd/AES_SYS/AES_SYS.bd] -no_script -sync -force -quiet
create_ip_run [get_files -of_objects [get_fileset sources_1] C:/code/RFC-8439-fpga-implementation/AES-Cam-on-PYNQ-Z2-main/AES-Cam-on-PYNQ-Z2-main/AES_SYS/AES_SYS.srcs/sources_1/bd/AES_SYS/AES_SYS.bd]
launch_runs AES_SYS_RFC8439_0_0_synth_1 -jobs 32
INFO: [IP_Flow 19-6924] IPCACHE: Running cache check for IP inst: AES_SYS_RFC8439_0_0
WARNING: [filemgmt 56-199] Attempt to get parsing info during refresh. "On-the-fly" syntax checking information may be incorrect. [C:\code\RFC-8439-fpga-implementation\src\RFC8439.v:]
[Mon May 25 23:35:42 2026] Launched AES_SYS_RFC8439_0_0_synth_1...
Run output will be captured here: C:/code/RFC-8439-fpga-implementation/AES-Cam-on-PYNQ-Z2-main/AES-Cam-on-PYNQ-Z2-main/AES_SYS/AES_SYS.runs/AES_SYS_RFC8439_0_0_synth_1/runme.log
ERROR: [Common 17-180] Spawn failed: No error
ERROR: [Common 17-39] 'launch_runs' failed due to earlier errors.
WARNING: [filemgmt 56-199] Attempt to get parsing info during refresh. "On-the-fly" syntax checking information may be incorrect. [C:\code\RFC-8439-fpga-implementation\src\RFC8439.v:]
ERROR: [Common 17-180] Spawn failed: No error
WARNING: [filemgmt 56-199] Attempt to get parsing info during refresh. "On-the-fly" syntax checking information may be incorrect. [C:\code\RFC-8439-fpga-implementation\src\RFC8439.v:]
ERROR: [Common 17-180] Spawn failed: No error
reset_run synth_1
INFO: [Project 1-1161] Replacing file C:/code/RFC-8439-fpga-implementation/AES-Cam-on-PYNQ-Z2-main/AES-Cam-on-PYNQ-Z2-main/AES_SYS/AES_SYS.srcs/utils_1/imports/synth_1/AES_SYS_wrapper.dcp with file C:/code/RFC-8439-fpga-implementation/AES-Cam-on-PYNQ-Z2-main/AES-Cam-on-PYNQ-Z2-main/AES_SYS/AES_SYS.runs/synth_1/AES_SYS_wrapper.dcp
launch_runs synth_1 -jobs 32
[Mon May 25 23:40:13 2026] Launched synth_1...
Run output will be captured here: C:/code/RFC-8439-fpga-implementation/AES-Cam-on-PYNQ-Z2-main/AES-Cam-on-PYNQ-Z2-main/AES_SYS/AES_SYS.runs/synth_1/runme.log
WARNING: [filemgmt 56-199] Attempt to get parsing info during refresh. "On-the-fly" syntax checking information may be incorrect. [C:\code\RFC-8439-fpga-implementation\src\RFC8439.v:]
ERROR: [Common 17-180] Spawn failed: No error
launch_runs impl_1 -jobs 32
[Mon May 25 23:41:05 2026] Launched impl_1...
Run output will be captured here: C:/code/RFC-8439-fpga-implementation/AES-Cam-on-PYNQ-Z2-main/AES-Cam-on-PYNQ-Z2-main/AES_SYS/AES_SYS.runs/impl_1/runme.log
create_ip_run [get_files -of_objects [get_fileset sources_1] C:/code/RFC-8439-fpga-implementation/AES-Cam-on-PYNQ-Z2-main/AES-Cam-on-PYNQ-Z2-main/AES_SYS/AES_SYS.srcs/sources_1/bd/AES_SYS/AES_SYS.bd]
refresh_design
Netlist sorting complete. Time (s): cpu = 00:00:01 ; elapsed = 00:00:00.546 . Memory (MB): peak = 5775.535 ; gain = 0.000
INFO: [Netlist 29-17] Analyzing 1635 Unisim elements for replacement
INFO: [Netlist 29-28] Unisim Transformation completed in 0 CPU seconds
INFO: [Project 1-479] Netlist was created with Vivado 2023.2
INFO: [Project 1-570] Preparing netlist for logic optimization
WARNING: [Constraints 18-550] Could not create 'IBUF_LOW_PWR' constraint because net 'AES_SYS_i/clk_wiz_0/clk_in1' is not directly connected to top level port. 'IBUF_LOW_PWR' is ignored for synthesis but preserved for implementation.
Read ShapeDB Complete: Time (s): cpu = 00:00:00 ; elapsed = 00:00:00.104 . Memory (MB): peak = 5775.535 ; gain = 0.000
INFO: [Timing 38-478] Restoring timing data from binary archive.
INFO: [Timing 38-479] Binary timing data restore complete.
INFO: [Project 1-856] Restoring constraints from binary archive.
INFO: [Project 1-853] Binary constraint restore complete.
INFO: [Designutils 20-5722] Start Reading Physical Databases.
Reading placement.
Read Netlist Cache: Time (s): cpu = 00:00:00 ; elapsed = 00:00:00.038 . Memory (MB): peak = 5775.535 ; gain = 0.000
Reading placer database...
Read Device Cache: Time (s): cpu = 00:00:00 ; elapsed = 00:00:00.015 . Memory (MB): peak = 5775.535 ; gain = 0.000
Read PlaceDB: Time (s): cpu = 00:00:01 ; elapsed = 00:00:00.983 . Memory (MB): peak = 5775.535 ; gain = 0.000
Read PulsedLatchDB: Time (s): cpu = 00:00:00 ; elapsed = 00:00:00 . Memory (MB): peak = 5775.535 ; gain = 0.000
Reading routing.
Read RouteStorage: Time (s): cpu = 00:00:00 ; elapsed = 00:00:00.457 . Memory (MB): peak = 5775.535 ; gain = 0.000
Read Physdb Files: Time (s): cpu = 00:00:01 ; elapsed = 00:00:02 . Memory (MB): peak = 5775.535 ; gain = 0.000
Restored from archive | CPU: 1.000000 secs | Memory: 0.000000 MB |
Finished XDEF File Restore: Time (s): cpu = 00:00:01 ; elapsed = 00:00:02 . Memory (MB): peak = 5775.535 ; gain = 0.000
refresh_design: Time (s): cpu = 00:00:13 ; elapsed = 00:00:09 . Memory (MB): peak = 5775.535 ; gain = 0.000
open_report: Time (s): cpu = 00:00:12 ; elapsed = 00:00:07 . Memory (MB): peak = 6524.355 ; gain = 748.820
launch_runs impl_1 -to_step write_bitstream -jobs 32
[Mon May 25 23:57:34 2026] Launched impl_1...
Run output will be captured here: C:/code/RFC-8439-fpga-implementation/AES-Cam-on-PYNQ-Z2-main/AES-Cam-on-PYNQ-Z2-main/AES_SYS/AES_SYS.runs/impl_1/runme.log
WARNING: [filemgmt 56-199] Attempt to get parsing info during refresh. "On-the-fly" syntax checking information may be incorrect. [C:\code\RFC-8439-fpga-implementation\src\Chacha20.v:]
WARNING: [filemgmt 56-199] Attempt to get parsing info during refresh. "On-the-fly" syntax checking information may be incorrect. [C:\code\RFC-8439-fpga-implementation\src\RFC8439.v:]
ERROR: [Common 17-180] Spawn failed: No error
WARNING: [filemgmt 56-199] Attempt to get parsing info during refresh. "On-the-fly" syntax checking information may be incorrect. [C:\code\RFC-8439-fpga-implementation\src\Chacha20.v:]
WARNING: [filemgmt 56-199] Attempt to get parsing info during refresh. "On-the-fly" syntax checking information may be incorrect. [C:\code\RFC-8439-fpga-implementation\src\RFC8439.v:]
WARNING: [filemgmt 56-199] Attempt to get parsing info during refresh. "On-the-fly" syntax checking information may be incorrect. [C:\code\RFC-8439-fpga-implementation\src\Chacha20.v:]
WARNING: [filemgmt 56-199] Attempt to get parsing info during refresh. "On-the-fly" syntax checking information may be incorrect. [C:\code\RFC-8439-fpga-implementation\src\RFC8439.v:]
ERROR: [Common 17-180] Spawn failed: No error
WARNING: [filemgmt 56-199] Attempt to get parsing info during refresh. "On-the-fly" syntax checking information may be incorrect. [C:\code\RFC-8439-fpga-implementation\src\Chacha20.v:]
WARNING: [filemgmt 56-199] Attempt to get parsing info during refresh. "On-the-fly" syntax checking information may be incorrect. [C:\code\RFC-8439-fpga-implementation\src\RFC8439.v:]
WARNING: [filemgmt 56-199] Attempt to get parsing info during refresh. "On-the-fly" syntax checking information may be incorrect. [C:\code\RFC-8439-fpga-implementation\src\Chacha20.v:]
WARNING: [filemgmt 56-199] Attempt to get parsing info during refresh. "On-the-fly" syntax checking information may be incorrect. [C:\code\RFC-8439-fpga-implementation\src\RFC8439.v:]
WARNING: [filemgmt 56-199] Attempt to get parsing info during refresh. "On-the-fly" syntax checking information may be incorrect. [C:\code\RFC-8439-fpga-implementation\src\Chacha20.v:]
WARNING: [filemgmt 56-199] Attempt to get parsing info during refresh. "On-the-fly" syntax checking information may be incorrect. [C:\code\RFC-8439-fpga-implementation\src\RFC8439.v:]
WARNING: [filemgmt 56-199] Attempt to get parsing info during refresh. "On-the-fly" syntax checking information may be incorrect. [C:\code\RFC-8439-fpga-implementation\src\Chacha20.v:]
WARNING: [filemgmt 56-199] Attempt to get parsing info during refresh. "On-the-fly" syntax checking information may be incorrect. [C:\code\RFC-8439-fpga-implementation\src\RFC8439.v:]
open_bd_design {C:/code/RFC-8439-fpga-implementation/AES-Cam-on-PYNQ-Z2-main/AES-Cam-on-PYNQ-Z2-main/AES_SYS/AES_SYS.srcs/sources_1/bd/AES_SYS/AES_SYS.bd}
validate_bd_design -force
WARNING: [BD 41-2670] Found an incomplete address path from address space '/processing_system7_0/Data' to master interface '/ps7_0_axi_periph/M07_AXI'. Please either complete or remove this path to resolve.
WARNING: [BD 41-2670] Found an incomplete address path from address space '/processing_system7_0/Data' to master interface '/ps7_0_axi_periph/M10_AXI'. Please either complete or remove this path to resolve.
WARNING: [BD 41-2670] Found an incomplete address path from address space '/processing_system7_0/Data' to master interface '/ps7_0_axi_periph/M12_AXI'. Please either complete or remove this path to resolve.
WARNING: [BD 5-699] No address segments matched 'get_bd_addr_segs -addressables -of_objects /rst_ps7_0_100M'
WARNING: [BD 41-702] Propagation TCL tries to overwrite USER strength parameter PCW_M_AXI_GP0_FREQMHZ(10) on '/processing_system7_0' with propagated value(50). Command ignored
WARNING: [BD 41-702] Propagation TCL tries to overwrite USER strength parameter PCW_S_AXI_HP0_FREQMHZ(10) on '/processing_system7_0' with propagated value(50). Command ignored
WARNING: [BD 41-702] Propagation TCL tries to overwrite USER strength parameter PCW_S_AXI_HP1_FREQMHZ(10) on '/processing_system7_0' with propagated value(50). Command ignored
WARNING: [xilinx.com:ip:axi_intc:4.1-13] /axi_intc_0: Interrupt output connection Bus is selected, but the interrupt bus interface is not connected to a matching interface. Please consider selecting Single instead.
INFO: [xilinx.com:ip:clk_wiz:6.0-1] /clk_wiz_0 clk_wiz propagate
INFO: [xilinx.com:ip:axi_vdma:6.3-15] /axi_vdma_0 
                    All clocks connected to AXI VDMA are not identical, therefore configuring AXI-VDMA in ASYNC mode.
WARNING: [xilinx.com:ip:axi_vdma:6.3-155] /axi_vdma_0 
                    To get the better performance, ensure AXI Memory Map clock frequency is greater than equal to AXI Streaming clock frequency.
validate_bd_design: Time (s): cpu = 00:00:06 ; elapsed = 00:00:05 . Memory (MB): peak = 6590.078 ; gain = 0.000
save_bd_design
Wrote  : <C:\code\RFC-8439-fpga-implementation\AES-Cam-on-PYNQ-Z2-main\AES-Cam-on-PYNQ-Z2-main\AES_SYS\AES_SYS.srcs\sources_1\bd\AES_SYS\AES_SYS.bd> 
Wrote  : <C:/code/RFC-8439-fpga-implementation/AES-Cam-on-PYNQ-Z2-main/AES-Cam-on-PYNQ-Z2-main/AES_SYS/AES_SYS.srcs/sources_1/bd/AES_SYS/ui/bd_9341033d.ui> 
generate_target all [get_files  C:/code/RFC-8439-fpga-implementation/AES-Cam-on-PYNQ-Z2-main/AES-Cam-on-PYNQ-Z2-main/AES_SYS/AES_SYS.srcs/sources_1/bd/AES_SYS/AES_SYS.bd]
INFO: [BD 41-1662] The design 'AES_SYS.bd' is already validated. Therefore parameter propagation will not be re-run.
WARNING: [BD 41-2384] Width mismatch when connecting pin: '/axi_mem_intercon/m00_couplers/auto_pc/m_axi_rid'(1) to pin: '/axi_mem_intercon/m00_couplers/M_AXI_rid'(6) - Only lower order bits will be connected.
WARNING: [BD 41-2384] Width mismatch when connecting pin: '/axi_mem_intercon/m00_couplers/auto_pc/m_axi_bid'(1) to pin: '/axi_mem_intercon/m00_couplers/M_AXI_bid'(6) - Only lower order bits will be connected.
WARNING: [BD 41-2384] Width mismatch when connecting pin: '/axi_bram_ctrl_0_bram/addra'(32) to pin: '/axi_bram_ctrl_0/bram_addr_a'(18) - Only lower order bits will be connected.
WARNING: [BD 41-2384] Width mismatch when connecting pin: '/processing_system7_0/S_AXI_HP0_AWID'(6) to pin: '/axi_mem_intercon/M00_AXI_awid'(1) - Only lower order bits will be connected.
WARNING: [BD 41-2384] Width mismatch when connecting pin: '/processing_system7_0/S_AXI_HP0_ARID'(6) to pin: '/axi_mem_intercon/M00_AXI_arid'(1) - Only lower order bits will be connected.
WARNING: [BD 41-2384] Width mismatch when connecting pin: '/processing_system7_0/S_AXI_HP0_WID'(6) to pin: '/axi_mem_intercon/M00_AXI_wid'(1) - Only lower order bits will be connected.
WARNING: [BD 41-2384] Width mismatch when connecting pin: '/axi_bram_ctrl_0_bram1/addra'(32) to pin: '/axi_bram_ctrl_1/bram_addr_a'(18) - Only lower order bits will be connected.
Verilog Output written to : c:/code/RFC-8439-fpga-implementation/AES-Cam-on-PYNQ-Z2-main/AES-Cam-on-PYNQ-Z2-main/AES_SYS/AES_SYS.gen/sources_1/bd/AES_SYS/synth/AES_SYS.v
WARNING: [BD 41-2384] Width mismatch when connecting pin: '/axi_mem_intercon/m00_couplers/auto_pc/m_axi_rid'(1) to pin: '/axi_mem_intercon/m00_couplers/M_AXI_rid'(6) - Only lower order bits will be connected.
WARNING: [BD 41-2384] Width mismatch when connecting pin: '/axi_mem_intercon/m00_couplers/auto_pc/m_axi_bid'(1) to pin: '/axi_mem_intercon/m00_couplers/M_AXI_bid'(6) - Only lower order bits will be connected.
WARNING: [BD 41-2384] Width mismatch when connecting pin: '/axi_bram_ctrl_0_bram/addra'(32) to pin: '/axi_bram_ctrl_0/bram_addr_a'(18) - Only lower order bits will be connected.
WARNING: [BD 41-2384] Width mismatch when connecting pin: '/processing_system7_0/S_AXI_HP0_AWID'(6) to pin: '/axi_mem_intercon/M00_AXI_awid'(1) - Only lower order bits will be connected.
WARNING: [BD 41-2384] Width mismatch when connecting pin: '/processing_system7_0/S_AXI_HP0_ARID'(6) to pin: '/axi_mem_intercon/M00_AXI_arid'(1) - Only lower order bits will be connected.
WARNING: [BD 41-2384] Width mismatch when connecting pin: '/processing_system7_0/S_AXI_HP0_WID'(6) to pin: '/axi_mem_intercon/M00_AXI_wid'(1) - Only lower order bits will be connected.
WARNING: [BD 41-2384] Width mismatch when connecting pin: '/axi_bram_ctrl_0_bram1/addra'(32) to pin: '/axi_bram_ctrl_1/bram_addr_a'(18) - Only lower order bits will be connected.
Verilog Output written to : c:/code/RFC-8439-fpga-implementation/AES-Cam-on-PYNQ-Z2-main/AES-Cam-on-PYNQ-Z2-main/AES_SYS/AES_SYS.gen/sources_1/bd/AES_SYS/sim/AES_SYS.v
Verilog Output written to : c:/code/RFC-8439-fpga-implementation/AES-Cam-on-PYNQ-Z2-main/AES-Cam-on-PYNQ-Z2-main/AES_SYS/AES_SYS.gen/sources_1/bd/AES_SYS/hdl/AES_SYS_wrapper.v
WARNING: [IP_Flow 19-4994] Overwriting existing constraint file 'c:/code/RFC-8439-fpga-implementation/AES-Cam-on-PYNQ-Z2-main/AES-Cam-on-PYNQ-Z2-main/AES_SYS/AES_SYS.gen/sources_1/bd/AES_SYS/ip/AES_SYS_auto_pc_11/AES_SYS_auto_pc_11_ooc.xdc'
INFO: [BD 41-1029] Generation completed for the IP Integrator block ps7_0_axi_periph/s00_couplers/auto_pc .
WARNING: [IP_Flow 19-4994] Overwriting existing constraint file 'c:/code/RFC-8439-fpga-implementation/AES-Cam-on-PYNQ-Z2-main/AES-Cam-on-PYNQ-Z2-main/AES_SYS/AES_SYS.gen/sources_1/bd/AES_SYS/ip/AES_SYS_auto_pc_0/AES_SYS_auto_pc_0_ooc.xdc'
INFO: [BD 41-1029] Generation completed for the IP Integrator block ps7_0_axi_periph/m00_couplers/auto_pc .
WARNING: [IP_Flow 19-4994] Overwriting existing constraint file 'c:/code/RFC-8439-fpga-implementation/AES-Cam-on-PYNQ-Z2-main/AES-Cam-on-PYNQ-Z2-main/AES_SYS/AES_SYS.gen/sources_1/bd/AES_SYS/ip/AES_SYS_auto_pc_1/AES_SYS_auto_pc_1_ooc.xdc'
INFO: [BD 41-1029] Generation completed for the IP Integrator block ps7_0_axi_periph/m01_couplers/auto_pc .
WARNING: [IP_Flow 19-4994] Overwriting existing constraint file 'c:/code/RFC-8439-fpga-implementation/AES-Cam-on-PYNQ-Z2-main/AES-Cam-on-PYNQ-Z2-main/AES_SYS/AES_SYS.gen/sources_1/bd/AES_SYS/ip/AES_SYS_auto_pc_2/AES_SYS_auto_pc_2_ooc.xdc'
INFO: [BD 41-1029] Generation completed for the IP Integrator block ps7_0_axi_periph/m02_couplers/auto_pc .
WARNING: [IP_Flow 19-4994] Overwriting existing constraint file 'c:/code/RFC-8439-fpga-implementation/AES-Cam-on-PYNQ-Z2-main/AES-Cam-on-PYNQ-Z2-main/AES_SYS/AES_SYS.gen/sources_1/bd/AES_SYS/ip/AES_SYS_auto_pc_3/AES_SYS_auto_pc_3_ooc.xdc'
INFO: [BD 41-1029] Generation completed for the IP Integrator block ps7_0_axi_periph/m03_couplers/auto_pc .
WARNING: [IP_Flow 19-4994] Overwriting existing constraint file 'c:/code/RFC-8439-fpga-implementation/AES-Cam-on-PYNQ-Z2-main/AES-Cam-on-PYNQ-Z2-main/AES_SYS/AES_SYS.gen/sources_1/bd/AES_SYS/ip/AES_SYS_auto_pc_4/AES_SYS_auto_pc_4_ooc.xdc'
INFO: [BD 41-1029] Generation completed for the IP Integrator block ps7_0_axi_periph/m04_couplers/auto_pc .
WARNING: [IP_Flow 19-4994] Overwriting existing constraint file 'c:/code/RFC-8439-fpga-implementation/AES-Cam-on-PYNQ-Z2-main/AES-Cam-on-PYNQ-Z2-main/AES_SYS/AES_SYS.gen/sources_1/bd/AES_SYS/ip/AES_SYS_auto_pc_5/AES_SYS_auto_pc_5_ooc.xdc'
INFO: [BD 41-1029] Generation completed for the IP Integrator block ps7_0_axi_periph/m05_couplers/auto_pc .
WARNING: [IP_Flow 19-4994] Overwriting existing constraint file 'c:/code/RFC-8439-fpga-implementation/AES-Cam-on-PYNQ-Z2-main/AES-Cam-on-PYNQ-Z2-main/AES_SYS/AES_SYS.gen/sources_1/bd/AES_SYS/ip/AES_SYS_auto_pc_6/AES_SYS_auto_pc_6_ooc.xdc'
INFO: [BD 41-1029] Generation completed for the IP Integrator block ps7_0_axi_periph/m06_couplers/auto_pc .
WARNING: [IP_Flow 19-4994] Overwriting existing constraint file 'c:/code/RFC-8439-fpga-implementation/AES-Cam-on-PYNQ-Z2-main/AES-Cam-on-PYNQ-Z2-main/AES_SYS/AES_SYS.gen/sources_1/bd/AES_SYS/ip/AES_SYS_auto_pc_7/AES_SYS_auto_pc_7_ooc.xdc'
INFO: [BD 41-1029] Generation completed for the IP Integrator block ps7_0_axi_periph/m08_couplers/auto_pc .
WARNING: [IP_Flow 19-4994] Overwriting existing constraint file 'c:/code/RFC-8439-fpga-implementation/AES-Cam-on-PYNQ-Z2-main/AES-Cam-on-PYNQ-Z2-main/AES_SYS/AES_SYS.gen/sources_1/bd/AES_SYS/ip/AES_SYS_auto_pc_8/AES_SYS_auto_pc_8_ooc.xdc'
INFO: [BD 41-1029] Generation completed for the IP Integrator block ps7_0_axi_periph/m09_couplers/auto_pc .
WARNING: [IP_Flow 19-4994] Overwriting existing constraint file 'c:/code/RFC-8439-fpga-implementation/AES-Cam-on-PYNQ-Z2-main/AES-Cam-on-PYNQ-Z2-main/AES_SYS/AES_SYS.gen/sources_1/bd/AES_SYS/ip/AES_SYS_auto_pc_9/AES_SYS_auto_pc_9_ooc.xdc'
INFO: [BD 41-1029] Generation completed for the IP Integrator block ps7_0_axi_periph/m11_couplers/auto_pc .
WARNING: [IP_Flow 19-4994] Overwriting existing constraint file 'c:/code/RFC-8439-fpga-implementation/AES-Cam-on-PYNQ-Z2-main/AES-Cam-on-PYNQ-Z2-main/AES_SYS/AES_SYS.gen/sources_1/bd/AES_SYS/ip/AES_SYS_auto_pc_10/AES_SYS_auto_pc_10_ooc.xdc'
INFO: [BD 41-1029] Generation completed for the IP Integrator block ps7_0_axi_periph/m13_couplers/auto_pc .
WARNING: [IP_Flow 19-4994] Overwriting existing constraint file 'c:/code/RFC-8439-fpga-implementation/AES-Cam-on-PYNQ-Z2-main/AES-Cam-on-PYNQ-Z2-main/AES_SYS/AES_SYS.gen/sources_1/bd/AES_SYS/ip/AES_SYS_auto_pc_12/AES_SYS_auto_pc_12_ooc.xdc'
INFO: [BD 41-1029] Generation completed for the IP Integrator block axi_mem_intercon/m00_couplers/auto_pc .
WARNING: [IP_Flow 19-4994] Overwriting existing constraint file 'c:/code/RFC-8439-fpga-implementation/AES-Cam-on-PYNQ-Z2-main/AES-Cam-on-PYNQ-Z2-main/AES_SYS/AES_SYS.gen/sources_1/bd/AES_SYS/ip/AES_SYS_auto_us_0/AES_SYS_auto_us_0_ooc.xdc'
INFO: [IP_Flow 19-5611] Unable to find an associated reset port for the interface 'S_AXI'. A default connection has been created.
INFO: [IP_Flow 19-5611] Unable to find an associated reset port for the interface 'M_AXI'. A default connection has been created.
INFO: [BD 41-1029] Generation completed for the IP Integrator block axi_mem_intercon_1/s00_couplers/auto_us .
WARNING: [IP_Flow 19-4994] Overwriting existing constraint file 'c:/code/RFC-8439-fpga-implementation/AES-Cam-on-PYNQ-Z2-main/AES-Cam-on-PYNQ-Z2-main/AES_SYS/AES_SYS.gen/sources_1/bd/AES_SYS/ip/AES_SYS_auto_pc_13/AES_SYS_auto_pc_13_ooc.xdc'
INFO: [BD 41-1029] Generation completed for the IP Integrator block axi_mem_intercon_1/m00_couplers/auto_pc .
WARNING: [IP_Flow 19-4994] Overwriting existing constraint file 'c:/code/RFC-8439-fpga-implementation/AES-Cam-on-PYNQ-Z2-main/AES-Cam-on-PYNQ-Z2-main/AES_SYS/AES_SYS.gen/sources_1/bd/AES_SYS/ip/AES_SYS_auto_ds_0/AES_SYS_auto_ds_0_ooc.xdc'
INFO: [IP_Flow 19-5611] Unable to find an associated reset port for the interface 'S_AXI'. A default connection has been created.
INFO: [IP_Flow 19-5611] Unable to find an associated reset port for the interface 'M_AXI'. A default connection has been created.
INFO: [BD 41-1029] Generation completed for the IP Integrator block axi_mem_intercon_1/m01_couplers/auto_ds .
WARNING: [IP_Flow 19-4994] Overwriting existing constraint file 'c:/code/RFC-8439-fpga-implementation/AES-Cam-on-PYNQ-Z2-main/AES-Cam-on-PYNQ-Z2-main/AES_SYS/AES_SYS.gen/sources_1/bd/AES_SYS/ip/AES_SYS_auto_ds_1/AES_SYS_auto_ds_1_ooc.xdc'
INFO: [IP_Flow 19-5611] Unable to find an associated reset port for the interface 'S_AXI'. A default connection has been created.
INFO: [IP_Flow 19-5611] Unable to find an associated reset port for the interface 'M_AXI'. A default connection has been created.
INFO: [BD 41-1029] Generation completed for the IP Integrator block axi_mem_intercon_1/m02_couplers/auto_ds .
Exporting to file c:/code/RFC-8439-fpga-implementation/AES-Cam-on-PYNQ-Z2-main/AES-Cam-on-PYNQ-Z2-main/AES_SYS/AES_SYS.gen/sources_1/bd/AES_SYS/hw_handoff/AES_SYS.hwh
Generated Hardware Definition File c:/code/RFC-8439-fpga-implementation/AES-Cam-on-PYNQ-Z2-main/AES-Cam-on-PYNQ-Z2-main/AES_SYS/AES_SYS.gen/sources_1/bd/AES_SYS/synth/AES_SYS.hwdef
catch { config_ip_cache -export [get_ips -all AES_SYS_auto_pc_11] }
INFO: [IP_Flow 19-6924] IPCACHE: Running cache check for IP inst: AES_SYS_auto_pc_11
INFO: [IP_Flow 19-6922] IPCACHE: Exporting cached entry e640ebf91d268473 to dir: c:/code/RFC-8439-fpga-implementation/AES-Cam-on-PYNQ-Z2-main/AES-Cam-on-PYNQ-Z2-main/AES_SYS/AES_SYS.gen/sources_1/bd/AES_SYS/ip/AES_SYS_auto_pc_11
INFO: [IP_Flow 19-6928] IPCACHE: copied cached file c:/code/RFC-8439-fpga-implementation/AES-Cam-on-PYNQ-Z2-main/AES-Cam-on-PYNQ-Z2-main/AES_SYS/AES_SYS.cache/ip/2023.2/e/6/e640ebf91d268473/AES_SYS_auto_pc_11.dcp to c:/code/RFC-8439-fpga-implementation/AES-Cam-on-PYNQ-Z2-main/AES-Cam-on-PYNQ-Z2-main/AES_SYS/AES_SYS.gen/sources_1/bd/AES_SYS/ip/AES_SYS_auto_pc_11/AES_SYS_auto_pc_11.dcp.
INFO: [IP_Flow 19-6926] IPCACHE: added file to list for BOM: c:/code/RFC-8439-fpga-implementation/AES-Cam-on-PYNQ-Z2-main/AES-Cam-on-PYNQ-Z2-main/AES_SYS/AES_SYS.gen/sources_1/bd/AES_SYS/ip/AES_SYS_auto_pc_11/AES_SYS_auto_pc_11.dcp
INFO: [IP_Flow 19-6928] IPCACHE: copied cached file c:/code/RFC-8439-fpga-implementation/AES-Cam-on-PYNQ-Z2-main/AES-Cam-on-PYNQ-Z2-main/AES_SYS/AES_SYS.cache/ip/2023.2/e/6/e640ebf91d268473/AES_SYS_auto_pc_11_sim_netlist.v to c:/code/RFC-8439-fpga-implementation/AES-Cam-on-PYNQ-Z2-main/AES-Cam-on-PYNQ-Z2-main/AES_SYS/AES_SYS.gen/sources_1/bd/AES_SYS/ip/AES_SYS_auto_pc_11/AES_SYS_auto_pc_11_sim_netlist.v.
INFO: [IP_Flow 19-6926] IPCACHE: added file to list for BOM: c:/code/RFC-8439-fpga-implementation/AES-Cam-on-PYNQ-Z2-main/AES-Cam-on-PYNQ-Z2-main/AES_SYS/AES_SYS.gen/sources_1/bd/AES_SYS/ip/AES_SYS_auto_pc_11/AES_SYS_auto_pc_11_sim_netlist.v
INFO: [IP_Flow 19-6928] IPCACHE: copied cached file c:/code/RFC-8439-fpga-implementation/AES-Cam-on-PYNQ-Z2-main/AES-Cam-on-PYNQ-Z2-main/AES_SYS/AES_SYS.cache/ip/2023.2/e/6/e640ebf91d268473/AES_SYS_auto_pc_11_sim_netlist.vhdl to c:/code/RFC-8439-fpga-implementation/AES-Cam-on-PYNQ-Z2-main/AES-Cam-on-PYNQ-Z2-main/AES_SYS/AES_SYS.gen/sources_1/bd/AES_SYS/ip/AES_SYS_auto_pc_11/AES_SYS_auto_pc_11_sim_netlist.vhdl.
INFO: [IP_Flow 19-6926] IPCACHE: added file to list for BOM: c:/code/RFC-8439-fpga-implementation/AES-Cam-on-PYNQ-Z2-main/AES-Cam-on-PYNQ-Z2-main/AES_SYS/AES_SYS.gen/sources_1/bd/AES_SYS/ip/AES_SYS_auto_pc_11/AES_SYS_auto_pc_11_sim_netlist.vhdl
INFO: [IP_Flow 19-6928] IPCACHE: copied cached file c:/code/RFC-8439-fpga-implementation/AES-Cam-on-PYNQ-Z2-main/AES-Cam-on-PYNQ-Z2-main/AES_SYS/AES_SYS.cache/ip/2023.2/e/6/e640ebf91d268473/AES_SYS_auto_pc_11_stub.v to c:/code/RFC-8439-fpga-implementation/AES-Cam-on-PYNQ-Z2-main/AES-Cam-on-PYNQ-Z2-main/AES_SYS/AES_SYS.gen/sources_1/bd/AES_SYS/ip/AES_SYS_auto_pc_11/AES_SYS_auto_pc_11_stub.v.
INFO: [IP_Flow 19-6926] IPCACHE: added file to list for BOM: c:/code/RFC-8439-fpga-implementation/AES-Cam-on-PYNQ-Z2-main/AES-Cam-on-PYNQ-Z2-main/AES_SYS/AES_SYS.gen/sources_1/bd/AES_SYS/ip/AES_SYS_auto_pc_11/AES_SYS_auto_pc_11_stub.v
INFO: [IP_Flow 19-6928] IPCACHE: copied cached file c:/code/RFC-8439-fpga-implementation/AES-Cam-on-PYNQ-Z2-main/AES-Cam-on-PYNQ-Z2-main/AES_SYS/AES_SYS.cache/ip/2023.2/e/6/e640ebf91d268473/AES_SYS_auto_pc_11_stub.vhdl to c:/code/RFC-8439-fpga-implementation/AES-Cam-on-PYNQ-Z2-main/AES-Cam-on-PYNQ-Z2-main/AES_SYS/AES_SYS.gen/sources_1/bd/AES_SYS/ip/AES_SYS_auto_pc_11/AES_SYS_auto_pc_11_stub.vhdl.
INFO: [IP_Flow 19-6926] IPCACHE: added file to list for BOM: c:/code/RFC-8439-fpga-implementation/AES-Cam-on-PYNQ-Z2-main/AES-Cam-on-PYNQ-Z2-main/AES_SYS/AES_SYS.gen/sources_1/bd/AES_SYS/ip/AES_SYS_auto_pc_11/AES_SYS_auto_pc_11_stub.vhdl
INFO: [IP_Flow 19-4993] Using cached IP synthesis design for IP AES_SYS_auto_pc_11, cache-ID = e640ebf91d268473; cache size = 159.880 MB.
catch { config_ip_cache -export [get_ips -all AES_SYS_auto_pc_0] }
INFO: [IP_Flow 19-6924] IPCACHE: Running cache check for IP inst: AES_SYS_auto_pc_0
INFO: [IP_Flow 19-6922] IPCACHE: Exporting cached entry 3bc72d579e6ad5e4 to dir: c:/code/RFC-8439-fpga-implementation/AES-Cam-on-PYNQ-Z2-main/AES-Cam-on-PYNQ-Z2-main/AES_SYS/AES_SYS.gen/sources_1/bd/AES_SYS/ip/AES_SYS_auto_pc_0
INFO: [IP_Flow 19-6928] IPCACHE: copied cached file c:/code/RFC-8439-fpga-implementation/AES-Cam-on-PYNQ-Z2-main/AES-Cam-on-PYNQ-Z2-main/AES_SYS/AES_SYS.cache/ip/2023.2/3/b/3bc72d579e6ad5e4/AES_SYS_auto_pc_0.dcp to c:/code/RFC-8439-fpga-implementation/AES-Cam-on-PYNQ-Z2-main/AES-Cam-on-PYNQ-Z2-main/AES_SYS/AES_SYS.gen/sources_1/bd/AES_SYS/ip/AES_SYS_auto_pc_0/AES_SYS_auto_pc_0.dcp.
INFO: [IP_Flow 19-6926] IPCACHE: added file to list for BOM: c:/code/RFC-8439-fpga-implementation/AES-Cam-on-PYNQ-Z2-main/AES-Cam-on-PYNQ-Z2-main/AES_SYS/AES_SYS.gen/sources_1/bd/AES_SYS/ip/AES_SYS_auto_pc_0/AES_SYS_auto_pc_0.dcp
INFO: [IP_Flow 19-6928] IPCACHE: copied cached file c:/code/RFC-8439-fpga-implementation/AES-Cam-on-PYNQ-Z2-main/AES-Cam-on-PYNQ-Z2-main/AES_SYS/AES_SYS.cache/ip/2023.2/3/b/3bc72d579e6ad5e4/AES_SYS_auto_pc_0_sim_netlist.v to c:/code/RFC-8439-fpga-implementation/AES-Cam-on-PYNQ-Z2-main/AES-Cam-on-PYNQ-Z2-main/AES_SYS/AES_SYS.gen/sources_1/bd/AES_SYS/ip/AES_SYS_auto_pc_0/AES_SYS_auto_pc_0_sim_netlist.v.
INFO: [IP_Flow 19-6926] IPCACHE: added file to list for BOM: c:/code/RFC-8439-fpga-implementation/AES-Cam-on-PYNQ-Z2-main/AES-Cam-on-PYNQ-Z2-main/AES_SYS/AES_SYS.gen/sources_1/bd/AES_SYS/ip/AES_SYS_auto_pc_0/AES_SYS_auto_pc_0_sim_netlist.v
INFO: [IP_Flow 19-6928] IPCACHE: copied cached file c:/code/RFC-8439-fpga-implementation/AES-Cam-on-PYNQ-Z2-main/AES-Cam-on-PYNQ-Z2-main/AES_SYS/AES_SYS.cache/ip/2023.2/3/b/3bc72d579e6ad5e4/AES_SYS_auto_pc_0_sim_netlist.vhdl to c:/code/RFC-8439-fpga-implementation/AES-Cam-on-PYNQ-Z2-main/AES-Cam-on-PYNQ-Z2-main/AES_SYS/AES_SYS.gen/sources_1/bd/AES_SYS/ip/AES_SYS_auto_pc_0/AES_SYS_auto_pc_0_sim_netlist.vhdl.
INFO: [IP_Flow 19-6926] IPCACHE: added file to list for BOM: c:/code/RFC-8439-fpga-implementation/AES-Cam-on-PYNQ-Z2-main/AES-Cam-on-PYNQ-Z2-main/AES_SYS/AES_SYS.gen/sources_1/bd/AES_SYS/ip/AES_SYS_auto_pc_0/AES_SYS_auto_pc_0_sim_netlist.vhdl
INFO: [IP_Flow 19-6928] IPCACHE: copied cached file c:/code/RFC-8439-fpga-implementation/AES-Cam-on-PYNQ-Z2-main/AES-Cam-on-PYNQ-Z2-main/AES_SYS/AES_SYS.cache/ip/2023.2/3/b/3bc72d579e6ad5e4/AES_SYS_auto_pc_0_stub.v to c:/code/RFC-8439-fpga-implementation/AES-Cam-on-PYNQ-Z2-main/AES-Cam-on-PYNQ-Z2-main/AES_SYS/AES_SYS.gen/sources_1/bd/AES_SYS/ip/AES_SYS_auto_pc_0/AES_SYS_auto_pc_0_stub.v.
INFO: [IP_Flow 19-6926] IPCACHE: added file to list for BOM: c:/code/RFC-8439-fpga-implementation/AES-Cam-on-PYNQ-Z2-main/AES-Cam-on-PYNQ-Z2-main/AES_SYS/AES_SYS.gen/sources_1/bd/AES_SYS/ip/AES_SYS_auto_pc_0/AES_SYS_auto_pc_0_stub.v
INFO: [IP_Flow 19-6928] IPCACHE: copied cached file c:/code/RFC-8439-fpga-implementation/AES-Cam-on-PYNQ-Z2-main/AES-Cam-on-PYNQ-Z2-main/AES_SYS/AES_SYS.cache/ip/2023.2/3/b/3bc72d579e6ad5e4/AES_SYS_auto_pc_0_stub.vhdl to c:/code/RFC-8439-fpga-implementation/AES-Cam-on-PYNQ-Z2-main/AES-Cam-on-PYNQ-Z2-main/AES_SYS/AES_SYS.gen/sources_1/bd/AES_SYS/ip/AES_SYS_auto_pc_0/AES_SYS_auto_pc_0_stub.vhdl.
INFO: [IP_Flow 19-6926] IPCACHE: added file to list for BOM: c:/code/RFC-8439-fpga-implementation/AES-Cam-on-PYNQ-Z2-main/AES-Cam-on-PYNQ-Z2-main/AES_SYS/AES_SYS.gen/sources_1/bd/AES_SYS/ip/AES_SYS_auto_pc_0/AES_SYS_auto_pc_0_stub.vhdl
INFO: [IP_Flow 19-4993] Using cached IP synthesis design for IP AES_SYS_auto_pc_0, cache-ID = 3bc72d579e6ad5e4; cache size = 159.880 MB.
catch { config_ip_cache -export [get_ips -all AES_SYS_auto_pc_1] }
INFO: [IP_Flow 19-6924] IPCACHE: Running cache check for IP inst: AES_SYS_auto_pc_1
INFO: [IP_Flow 19-6922] IPCACHE: Exporting cached entry 3bc72d579e6ad5e4 to dir: c:/code/RFC-8439-fpga-implementation/AES-Cam-on-PYNQ-Z2-main/AES-Cam-on-PYNQ-Z2-main/AES_SYS/AES_SYS.gen/sources_1/bd/AES_SYS/ip/AES_SYS_auto_pc_1
INFO: [IP_Flow 19-6928] IPCACHE: copied cached file c:/code/RFC-8439-fpga-implementation/AES-Cam-on-PYNQ-Z2-main/AES-Cam-on-PYNQ-Z2-main/AES_SYS/AES_SYS.cache/ip/2023.2/3/b/3bc72d579e6ad5e4/AES_SYS_auto_pc_0.dcp to c:/code/RFC-8439-fpga-implementation/AES-Cam-on-PYNQ-Z2-main/AES-Cam-on-PYNQ-Z2-main/AES_SYS/AES_SYS.gen/sources_1/bd/AES_SYS/ip/AES_SYS_auto_pc_1/AES_SYS_auto_pc_1.dcp.
INFO: [IP_Flow 19-6926] IPCACHE: added file to list for BOM: c:/code/RFC-8439-fpga-implementation/AES-Cam-on-PYNQ-Z2-main/AES-Cam-on-PYNQ-Z2-main/AES_SYS/AES_SYS.gen/sources_1/bd/AES_SYS/ip/AES_SYS_auto_pc_1/AES_SYS_auto_pc_1.dcp
INFO: [IP_Flow 19-6928] IPCACHE: copied cached file c:/code/RFC-8439-fpga-implementation/AES-Cam-on-PYNQ-Z2-main/AES-Cam-on-PYNQ-Z2-main/AES_SYS/AES_SYS.cache/ip/2023.2/3/b/3bc72d579e6ad5e4/AES_SYS_auto_pc_0_sim_netlist.v to c:/code/RFC-8439-fpga-implementation/AES-Cam-on-PYNQ-Z2-main/AES-Cam-on-PYNQ-Z2-main/AES_SYS/AES_SYS.gen/sources_1/bd/AES_SYS/ip/AES_SYS_auto_pc_1/AES_SYS_auto_pc_1_sim_netlist.v.
INFO: [IP_Flow 19-6926] IPCACHE: added file to list for BOM: c:/code/RFC-8439-fpga-implementation/AES-Cam-on-PYNQ-Z2-main/AES-Cam-on-PYNQ-Z2-main/AES_SYS/AES_SYS.gen/sources_1/bd/AES_SYS/ip/AES_SYS_auto_pc_1/AES_SYS_auto_pc_1_sim_netlist.v
INFO: [IP_Flow 19-6928] IPCACHE: copied cached file c:/code/RFC-8439-fpga-implementation/AES-Cam-on-PYNQ-Z2-main/AES-Cam-on-PYNQ-Z2-main/AES_SYS/AES_SYS.cache/ip/2023.2/3/b/3bc72d579e6ad5e4/AES_SYS_auto_pc_0_sim_netlist.vhdl to c:/code/RFC-8439-fpga-implementation/AES-Cam-on-PYNQ-Z2-main/AES-Cam-on-PYNQ-Z2-main/AES_SYS/AES_SYS.gen/sources_1/bd/AES_SYS/ip/AES_SYS_auto_pc_1/AES_SYS_auto_pc_1_sim_netlist.vhdl.
INFO: [IP_Flow 19-6926] IPCACHE: added file to list for BOM: c:/code/RFC-8439-fpga-implementation/AES-Cam-on-PYNQ-Z2-main/AES-Cam-on-PYNQ-Z2-main/AES_SYS/AES_SYS.gen/sources_1/bd/AES_SYS/ip/AES_SYS_auto_pc_1/AES_SYS_auto_pc_1_sim_netlist.vhdl
INFO: [IP_Flow 19-6928] IPCACHE: copied cached file c:/code/RFC-8439-fpga-implementation/AES-Cam-on-PYNQ-Z2-main/AES-Cam-on-PYNQ-Z2-main/AES_SYS/AES_SYS.cache/ip/2023.2/3/b/3bc72d579e6ad5e4/AES_SYS_auto_pc_0_stub.v to c:/code/RFC-8439-fpga-implementation/AES-Cam-on-PYNQ-Z2-main/AES-Cam-on-PYNQ-Z2-main/AES_SYS/AES_SYS.gen/sources_1/bd/AES_SYS/ip/AES_SYS_auto_pc_1/AES_SYS_auto_pc_1_stub.v.
INFO: [IP_Flow 19-6926] IPCACHE: added file to list for BOM: c:/code/RFC-8439-fpga-implementation/AES-Cam-on-PYNQ-Z2-main/AES-Cam-on-PYNQ-Z2-main/AES_SYS/AES_SYS.gen/sources_1/bd/AES_SYS/ip/AES_SYS_auto_pc_1/AES_SYS_auto_pc_1_stub.v
INFO: [IP_Flow 19-6928] IPCACHE: copied cached file c:/code/RFC-8439-fpga-implementation/AES-Cam-on-PYNQ-Z2-main/AES-Cam-on-PYNQ-Z2-main/AES_SYS/AES_SYS.cache/ip/2023.2/3/b/3bc72d579e6ad5e4/AES_SYS_auto_pc_0_stub.vhdl to c:/code/RFC-8439-fpga-implementation/AES-Cam-on-PYNQ-Z2-main/AES-Cam-on-PYNQ-Z2-main/AES_SYS/AES_SYS.gen/sources_1/bd/AES_SYS/ip/AES_SYS_auto_pc_1/AES_SYS_auto_pc_1_stub.vhdl.
INFO: [IP_Flow 19-6926] IPCACHE: added file to list for BOM: c:/code/RFC-8439-fpga-implementation/AES-Cam-on-PYNQ-Z2-main/AES-Cam-on-PYNQ-Z2-main/AES_SYS/AES_SYS.gen/sources_1/bd/AES_SYS/ip/AES_SYS_auto_pc_1/AES_SYS_auto_pc_1_stub.vhdl
INFO: [IP_Flow 19-4993] Using cached IP synthesis design for IP AES_SYS_auto_pc_1, cache-ID = 3bc72d579e6ad5e4; cache size = 159.880 MB.
catch { config_ip_cache -export [get_ips -all AES_SYS_auto_pc_2] }
INFO: [IP_Flow 19-6924] IPCACHE: Running cache check for IP inst: AES_SYS_auto_pc_2
INFO: [IP_Flow 19-6922] IPCACHE: Exporting cached entry 3bc72d579e6ad5e4 to dir: c:/code/RFC-8439-fpga-implementation/AES-Cam-on-PYNQ-Z2-main/AES-Cam-on-PYNQ-Z2-main/AES_SYS/AES_SYS.gen/sources_1/bd/AES_SYS/ip/AES_SYS_auto_pc_2
INFO: [IP_Flow 19-6928] IPCACHE: copied cached file c:/code/RFC-8439-fpga-implementation/AES-Cam-on-PYNQ-Z2-main/AES-Cam-on-PYNQ-Z2-main/AES_SYS/AES_SYS.cache/ip/2023.2/3/b/3bc72d579e6ad5e4/AES_SYS_auto_pc_0.dcp to c:/code/RFC-8439-fpga-implementation/AES-Cam-on-PYNQ-Z2-main/AES-Cam-on-PYNQ-Z2-main/AES_SYS/AES_SYS.gen/sources_1/bd/AES_SYS/ip/AES_SYS_auto_pc_2/AES_SYS_auto_pc_2.dcp.
INFO: [IP_Flow 19-6926] IPCACHE: added file to list for BOM: c:/code/RFC-8439-fpga-implementation/AES-Cam-on-PYNQ-Z2-main/AES-Cam-on-PYNQ-Z2-main/AES_SYS/AES_SYS.gen/sources_1/bd/AES_SYS/ip/AES_SYS_auto_pc_2/AES_SYS_auto_pc_2.dcp
INFO: [IP_Flow 19-6928] IPCACHE: copied cached file c:/code/RFC-8439-fpga-implementation/AES-Cam-on-PYNQ-Z2-main/AES-Cam-on-PYNQ-Z2-main/AES_SYS/AES_SYS.cache/ip/2023.2/3/b/3bc72d579e6ad5e4/AES_SYS_auto_pc_0_sim_netlist.v to c:/code/RFC-8439-fpga-implementation/AES-Cam-on-PYNQ-Z2-main/AES-Cam-on-PYNQ-Z2-main/AES_SYS/AES_SYS.gen/sources_1/bd/AES_SYS/ip/AES_SYS_auto_pc_2/AES_SYS_auto_pc_2_sim_netlist.v.
INFO: [IP_Flow 19-6926] IPCACHE: added file to list for BOM: c:/code/RFC-8439-fpga-implementation/AES-Cam-on-PYNQ-Z2-main/AES-Cam-on-PYNQ-Z2-main/AES_SYS/AES_SYS.gen/sources_1/bd/AES_SYS/ip/AES_SYS_auto_pc_2/AES_SYS_auto_pc_2_sim_netlist.v
INFO: [IP_Flow 19-6928] IPCACHE: copied cached file c:/code/RFC-8439-fpga-implementation/AES-Cam-on-PYNQ-Z2-main/AES-Cam-on-PYNQ-Z2-main/AES_SYS/AES_SYS.cache/ip/2023.2/3/b/3bc72d579e6ad5e4/AES_SYS_auto_pc_0_sim_netlist.vhdl to c:/code/RFC-8439-fpga-implementation/AES-Cam-on-PYNQ-Z2-main/AES-Cam-on-PYNQ-Z2-main/AES_SYS/AES_SYS.gen/sources_1/bd/AES_SYS/ip/AES_SYS_auto_pc_2/AES_SYS_auto_pc_2_sim_netlist.vhdl.
INFO: [IP_Flow 19-6926] IPCACHE: added file to list for BOM: c:/code/RFC-8439-fpga-implementation/AES-Cam-on-PYNQ-Z2-main/AES-Cam-on-PYNQ-Z2-main/AES_SYS/AES_SYS.gen/sources_1/bd/AES_SYS/ip/AES_SYS_auto_pc_2/AES_SYS_auto_pc_2_sim_netlist.vhdl
INFO: [IP_Flow 19-6928] IPCACHE: copied cached file c:/code/RFC-8439-fpga-implementation/AES-Cam-on-PYNQ-Z2-main/AES-Cam-on-PYNQ-Z2-main/AES_SYS/AES_SYS.cache/ip/2023.2/3/b/3bc72d579e6ad5e4/AES_SYS_auto_pc_0_stub.v to c:/code/RFC-8439-fpga-implementation/AES-Cam-on-PYNQ-Z2-main/AES-Cam-on-PYNQ-Z2-main/AES_SYS/AES_SYS.gen/sources_1/bd/AES_SYS/ip/AES_SYS_auto_pc_2/AES_SYS_auto_pc_2_stub.v.
INFO: [IP_Flow 19-6926] IPCACHE: added file to list for BOM: c:/code/RFC-8439-fpga-implementation/AES-Cam-on-PYNQ-Z2-main/AES-Cam-on-PYNQ-Z2-main/AES_SYS/AES_SYS.gen/sources_1/bd/AES_SYS/ip/AES_SYS_auto_pc_2/AES_SYS_auto_pc_2_stub.v
INFO: [IP_Flow 19-6928] IPCACHE: copied cached file c:/code/RFC-8439-fpga-implementation/AES-Cam-on-PYNQ-Z2-main/AES-Cam-on-PYNQ-Z2-main/AES_SYS/AES_SYS.cache/ip/2023.2/3/b/3bc72d579e6ad5e4/AES_SYS_auto_pc_0_stub.vhdl to c:/code/RFC-8439-fpga-implementation/AES-Cam-on-PYNQ-Z2-main/AES-Cam-on-PYNQ-Z2-main/AES_SYS/AES_SYS.gen/sources_1/bd/AES_SYS/ip/AES_SYS_auto_pc_2/AES_SYS_auto_pc_2_stub.vhdl.
INFO: [IP_Flow 19-6926] IPCACHE: added file to list for BOM: c:/code/RFC-8439-fpga-implementation/AES-Cam-on-PYNQ-Z2-main/AES-Cam-on-PYNQ-Z2-main/AES_SYS/AES_SYS.gen/sources_1/bd/AES_SYS/ip/AES_SYS_auto_pc_2/AES_SYS_auto_pc_2_stub.vhdl
INFO: [IP_Flow 19-4993] Using cached IP synthesis design for IP AES_SYS_auto_pc_2, cache-ID = 3bc72d579e6ad5e4; cache size = 159.880 MB.
catch { config_ip_cache -export [get_ips -all AES_SYS_auto_pc_3] }
INFO: [IP_Flow 19-6924] IPCACHE: Running cache check for IP inst: AES_SYS_auto_pc_3
INFO: [IP_Flow 19-6922] IPCACHE: Exporting cached entry 3bc72d579e6ad5e4 to dir: c:/code/RFC-8439-fpga-implementation/AES-Cam-on-PYNQ-Z2-main/AES-Cam-on-PYNQ-Z2-main/AES_SYS/AES_SYS.gen/sources_1/bd/AES_SYS/ip/AES_SYS_auto_pc_3
INFO: [IP_Flow 19-6928] IPCACHE: copied cached file c:/code/RFC-8439-fpga-implementation/AES-Cam-on-PYNQ-Z2-main/AES-Cam-on-PYNQ-Z2-main/AES_SYS/AES_SYS.cache/ip/2023.2/3/b/3bc72d579e6ad5e4/AES_SYS_auto_pc_0.dcp to c:/code/RFC-8439-fpga-implementation/AES-Cam-on-PYNQ-Z2-main/AES-Cam-on-PYNQ-Z2-main/AES_SYS/AES_SYS.gen/sources_1/bd/AES_SYS/ip/AES_SYS_auto_pc_3/AES_SYS_auto_pc_3.dcp.
INFO: [IP_Flow 19-6926] IPCACHE: added file to list for BOM: c:/code/RFC-8439-fpga-implementation/AES-Cam-on-PYNQ-Z2-main/AES-Cam-on-PYNQ-Z2-main/AES_SYS/AES_SYS.gen/sources_1/bd/AES_SYS/ip/AES_SYS_auto_pc_3/AES_SYS_auto_pc_3.dcp
INFO: [IP_Flow 19-6928] IPCACHE: copied cached file c:/code/RFC-8439-fpga-implementation/AES-Cam-on-PYNQ-Z2-main/AES-Cam-on-PYNQ-Z2-main/AES_SYS/AES_SYS.cache/ip/2023.2/3/b/3bc72d579e6ad5e4/AES_SYS_auto_pc_0_sim_netlist.v to c:/code/RFC-8439-fpga-implementation/AES-Cam-on-PYNQ-Z2-main/AES-Cam-on-PYNQ-Z2-main/AES_SYS/AES_SYS.gen/sources_1/bd/AES_SYS/ip/AES_SYS_auto_pc_3/AES_SYS_auto_pc_3_sim_netlist.v.
INFO: [IP_Flow 19-6926] IPCACHE: added file to list for BOM: c:/code/RFC-8439-fpga-implementation/AES-Cam-on-PYNQ-Z2-main/AES-Cam-on-PYNQ-Z2-main/AES_SYS/AES_SYS.gen/sources_1/bd/AES_SYS/ip/AES_SYS_auto_pc_3/AES_SYS_auto_pc_3_sim_netlist.v
INFO: [IP_Flow 19-6928] IPCACHE: copied cached file c:/code/RFC-8439-fpga-implementation/AES-Cam-on-PYNQ-Z2-main/AES-Cam-on-PYNQ-Z2-main/AES_SYS/AES_SYS.cache/ip/2023.2/3/b/3bc72d579e6ad5e4/AES_SYS_auto_pc_0_sim_netlist.vhdl to c:/code/RFC-8439-fpga-implementation/AES-Cam-on-PYNQ-Z2-main/AES-Cam-on-PYNQ-Z2-main/AES_SYS/AES_SYS.gen/sources_1/bd/AES_SYS/ip/AES_SYS_auto_pc_3/AES_SYS_auto_pc_3_sim_netlist.vhdl.
INFO: [IP_Flow 19-6926] IPCACHE: added file to list for BOM: c:/code/RFC-8439-fpga-implementation/AES-Cam-on-PYNQ-Z2-main/AES-Cam-on-PYNQ-Z2-main/AES_SYS/AES_SYS.gen/sources_1/bd/AES_SYS/ip/AES_SYS_auto_pc_3/AES_SYS_auto_pc_3_sim_netlist.vhdl
INFO: [IP_Flow 19-6928] IPCACHE: copied cached file c:/code/RFC-8439-fpga-implementation/AES-Cam-on-PYNQ-Z2-main/AES-Cam-on-PYNQ-Z2-main/AES_SYS/AES_SYS.cache/ip/2023.2/3/b/3bc72d579e6ad5e4/AES_SYS_auto_pc_0_stub.v to c:/code/RFC-8439-fpga-implementation/AES-Cam-on-PYNQ-Z2-main/AES-Cam-on-PYNQ-Z2-main/AES_SYS/AES_SYS.gen/sources_1/bd/AES_SYS/ip/AES_SYS_auto_pc_3/AES_SYS_auto_pc_3_stub.v.
INFO: [IP_Flow 19-6926] IPCACHE: added file to list for BOM: c:/code/RFC-8439-fpga-implementation/AES-Cam-on-PYNQ-Z2-main/AES-Cam-on-PYNQ-Z2-main/AES_SYS/AES_SYS.gen/sources_1/bd/AES_SYS/ip/AES_SYS_auto_pc_3/AES_SYS_auto_pc_3_stub.v
INFO: [IP_Flow 19-6928] IPCACHE: copied cached file c:/code/RFC-8439-fpga-implementation/AES-Cam-on-PYNQ-Z2-main/AES-Cam-on-PYNQ-Z2-main/AES_SYS/AES_SYS.cache/ip/2023.2/3/b/3bc72d579e6ad5e4/AES_SYS_auto_pc_0_stub.vhdl to c:/code/RFC-8439-fpga-implementation/AES-Cam-on-PYNQ-Z2-main/AES-Cam-on-PYNQ-Z2-main/AES_SYS/AES_SYS.gen/sources_1/bd/AES_SYS/ip/AES_SYS_auto_pc_3/AES_SYS_auto_pc_3_stub.vhdl.
INFO: [IP_Flow 19-6926] IPCACHE: added file to list for BOM: c:/code/RFC-8439-fpga-implementation/AES-Cam-on-PYNQ-Z2-main/AES-Cam-on-PYNQ-Z2-main/AES_SYS/AES_SYS.gen/sources_1/bd/AES_SYS/ip/AES_SYS_auto_pc_3/AES_SYS_auto_pc_3_stub.vhdl
INFO: [IP_Flow 19-4993] Using cached IP synthesis design for IP AES_SYS_auto_pc_3, cache-ID = 3bc72d579e6ad5e4; cache size = 159.880 MB.
catch { config_ip_cache -export [get_ips -all AES_SYS_auto_pc_4] }
INFO: [IP_Flow 19-6924] IPCACHE: Running cache check for IP inst: AES_SYS_auto_pc_4
INFO: [IP_Flow 19-6922] IPCACHE: Exporting cached entry 3bc72d579e6ad5e4 to dir: c:/code/RFC-8439-fpga-implementation/AES-Cam-on-PYNQ-Z2-main/AES-Cam-on-PYNQ-Z2-main/AES_SYS/AES_SYS.gen/sources_1/bd/AES_SYS/ip/AES_SYS_auto_pc_4
INFO: [IP_Flow 19-6928] IPCACHE: copied cached file c:/code/RFC-8439-fpga-implementation/AES-Cam-on-PYNQ-Z2-main/AES-Cam-on-PYNQ-Z2-main/AES_SYS/AES_SYS.cache/ip/2023.2/3/b/3bc72d579e6ad5e4/AES_SYS_auto_pc_0.dcp to c:/code/RFC-8439-fpga-implementation/AES-Cam-on-PYNQ-Z2-main/AES-Cam-on-PYNQ-Z2-main/AES_SYS/AES_SYS.gen/sources_1/bd/AES_SYS/ip/AES_SYS_auto_pc_4/AES_SYS_auto_pc_4.dcp.
INFO: [IP_Flow 19-6926] IPCACHE: added file to list for BOM: c:/code/RFC-8439-fpga-implementation/AES-Cam-on-PYNQ-Z2-main/AES-Cam-on-PYNQ-Z2-main/AES_SYS/AES_SYS.gen/sources_1/bd/AES_SYS/ip/AES_SYS_auto_pc_4/AES_SYS_auto_pc_4.dcp
INFO: [IP_Flow 19-6928] IPCACHE: copied cached file c:/code/RFC-8439-fpga-implementation/AES-Cam-on-PYNQ-Z2-main/AES-Cam-on-PYNQ-Z2-main/AES_SYS/AES_SYS.cache/ip/2023.2/3/b/3bc72d579e6ad5e4/AES_SYS_auto_pc_0_sim_netlist.v to c:/code/RFC-8439-fpga-implementation/AES-Cam-on-PYNQ-Z2-main/AES-Cam-on-PYNQ-Z2-main/AES_SYS/AES_SYS.gen/sources_1/bd/AES_SYS/ip/AES_SYS_auto_pc_4/AES_SYS_auto_pc_4_sim_netlist.v.
INFO: [IP_Flow 19-6926] IPCACHE: added file to list for BOM: c:/code/RFC-8439-fpga-implementation/AES-Cam-on-PYNQ-Z2-main/AES-Cam-on-PYNQ-Z2-main/AES_SYS/AES_SYS.gen/sources_1/bd/AES_SYS/ip/AES_SYS_auto_pc_4/AES_SYS_auto_pc_4_sim_netlist.v
INFO: [IP_Flow 19-6928] IPCACHE: copied cached file c:/code/RFC-8439-fpga-implementation/AES-Cam-on-PYNQ-Z2-main/AES-Cam-on-PYNQ-Z2-main/AES_SYS/AES_SYS.cache/ip/2023.2/3/b/3bc72d579e6ad5e4/AES_SYS_auto_pc_0_sim_netlist.vhdl to c:/code/RFC-8439-fpga-implementation/AES-Cam-on-PYNQ-Z2-main/AES-Cam-on-PYNQ-Z2-main/AES_SYS/AES_SYS.gen/sources_1/bd/AES_SYS/ip/AES_SYS_auto_pc_4/AES_SYS_auto_pc_4_sim_netlist.vhdl.
INFO: [IP_Flow 19-6926] IPCACHE: added file to list for BOM: c:/code/RFC-8439-fpga-implementation/AES-Cam-on-PYNQ-Z2-main/AES-Cam-on-PYNQ-Z2-main/AES_SYS/AES_SYS.gen/sources_1/bd/AES_SYS/ip/AES_SYS_auto_pc_4/AES_SYS_auto_pc_4_sim_netlist.vhdl
INFO: [IP_Flow 19-6928] IPCACHE: copied cached file c:/code/RFC-8439-fpga-implementation/AES-Cam-on-PYNQ-Z2-main/AES-Cam-on-PYNQ-Z2-main/AES_SYS/AES_SYS.cache/ip/2023.2/3/b/3bc72d579e6ad5e4/AES_SYS_auto_pc_0_stub.v to c:/code/RFC-8439-fpga-implementation/AES-Cam-on-PYNQ-Z2-main/AES-Cam-on-PYNQ-Z2-main/AES_SYS/AES_SYS.gen/sources_1/bd/AES_SYS/ip/AES_SYS_auto_pc_4/AES_SYS_auto_pc_4_stub.v.
INFO: [IP_Flow 19-6926] IPCACHE: added file to list for BOM: c:/code/RFC-8439-fpga-implementation/AES-Cam-on-PYNQ-Z2-main/AES-Cam-on-PYNQ-Z2-main/AES_SYS/AES_SYS.gen/sources_1/bd/AES_SYS/ip/AES_SYS_auto_pc_4/AES_SYS_auto_pc_4_stub.v
INFO: [IP_Flow 19-6928] IPCACHE: copied cached file c:/code/RFC-8439-fpga-implementation/AES-Cam-on-PYNQ-Z2-main/AES-Cam-on-PYNQ-Z2-main/AES_SYS/AES_SYS.cache/ip/2023.2/3/b/3bc72d579e6ad5e4/AES_SYS_auto_pc_0_stub.vhdl to c:/code/RFC-8439-fpga-implementation/AES-Cam-on-PYNQ-Z2-main/AES-Cam-on-PYNQ-Z2-main/AES_SYS/AES_SYS.gen/sources_1/bd/AES_SYS/ip/AES_SYS_auto_pc_4/AES_SYS_auto_pc_4_stub.vhdl.
INFO: [IP_Flow 19-6926] IPCACHE: added file to list for BOM: c:/code/RFC-8439-fpga-implementation/AES-Cam-on-PYNQ-Z2-main/AES-Cam-on-PYNQ-Z2-main/AES_SYS/AES_SYS.gen/sources_1/bd/AES_SYS/ip/AES_SYS_auto_pc_4/AES_SYS_auto_pc_4_stub.vhdl
INFO: [IP_Flow 19-4993] Using cached IP synthesis design for IP AES_SYS_auto_pc_4, cache-ID = 3bc72d579e6ad5e4; cache size = 159.880 MB.
catch { config_ip_cache -export [get_ips -all AES_SYS_auto_pc_5] }
INFO: [IP_Flow 19-6924] IPCACHE: Running cache check for IP inst: AES_SYS_auto_pc_5
INFO: [IP_Flow 19-6922] IPCACHE: Exporting cached entry 3bc72d579e6ad5e4 to dir: c:/code/RFC-8439-fpga-implementation/AES-Cam-on-PYNQ-Z2-main/AES-Cam-on-PYNQ-Z2-main/AES_SYS/AES_SYS.gen/sources_1/bd/AES_SYS/ip/AES_SYS_auto_pc_5
INFO: [IP_Flow 19-6928] IPCACHE: copied cached file c:/code/RFC-8439-fpga-implementation/AES-Cam-on-PYNQ-Z2-main/AES-Cam-on-PYNQ-Z2-main/AES_SYS/AES_SYS.cache/ip/2023.2/3/b/3bc72d579e6ad5e4/AES_SYS_auto_pc_0.dcp to c:/code/RFC-8439-fpga-implementation/AES-Cam-on-PYNQ-Z2-main/AES-Cam-on-PYNQ-Z2-main/AES_SYS/AES_SYS.gen/sources_1/bd/AES_SYS/ip/AES_SYS_auto_pc_5/AES_SYS_auto_pc_5.dcp.
INFO: [IP_Flow 19-6926] IPCACHE: added file to list for BOM: c:/code/RFC-8439-fpga-implementation/AES-Cam-on-PYNQ-Z2-main/AES-Cam-on-PYNQ-Z2-main/AES_SYS/AES_SYS.gen/sources_1/bd/AES_SYS/ip/AES_SYS_auto_pc_5/AES_SYS_auto_pc_5.dcp
INFO: [IP_Flow 19-6928] IPCACHE: copied cached file c:/code/RFC-8439-fpga-implementation/AES-Cam-on-PYNQ-Z2-main/AES-Cam-on-PYNQ-Z2-main/AES_SYS/AES_SYS.cache/ip/2023.2/3/b/3bc72d579e6ad5e4/AES_SYS_auto_pc_0_sim_netlist.v to c:/code/RFC-8439-fpga-implementation/AES-Cam-on-PYNQ-Z2-main/AES-Cam-on-PYNQ-Z2-main/AES_SYS/AES_SYS.gen/sources_1/bd/AES_SYS/ip/AES_SYS_auto_pc_5/AES_SYS_auto_pc_5_sim_netlist.v.
INFO: [IP_Flow 19-6926] IPCACHE: added file to list for BOM: c:/code/RFC-8439-fpga-implementation/AES-Cam-on-PYNQ-Z2-main/AES-Cam-on-PYNQ-Z2-main/AES_SYS/AES_SYS.gen/sources_1/bd/AES_SYS/ip/AES_SYS_auto_pc_5/AES_SYS_auto_pc_5_sim_netlist.v
INFO: [IP_Flow 19-6928] IPCACHE: copied cached file c:/code/RFC-8439-fpga-implementation/AES-Cam-on-PYNQ-Z2-main/AES-Cam-on-PYNQ-Z2-main/AES_SYS/AES_SYS.cache/ip/2023.2/3/b/3bc72d579e6ad5e4/AES_SYS_auto_pc_0_sim_netlist.vhdl to c:/code/RFC-8439-fpga-implementation/AES-Cam-on-PYNQ-Z2-main/AES-Cam-on-PYNQ-Z2-main/AES_SYS/AES_SYS.gen/sources_1/bd/AES_SYS/ip/AES_SYS_auto_pc_5/AES_SYS_auto_pc_5_sim_netlist.vhdl.
INFO: [IP_Flow 19-6926] IPCACHE: added file to list for BOM: c:/code/RFC-8439-fpga-implementation/AES-Cam-on-PYNQ-Z2-main/AES-Cam-on-PYNQ-Z2-main/AES_SYS/AES_SYS.gen/sources_1/bd/AES_SYS/ip/AES_SYS_auto_pc_5/AES_SYS_auto_pc_5_sim_netlist.vhdl
INFO: [IP_Flow 19-6928] IPCACHE: copied cached file c:/code/RFC-8439-fpga-implementation/AES-Cam-on-PYNQ-Z2-main/AES-Cam-on-PYNQ-Z2-main/AES_SYS/AES_SYS.cache/ip/2023.2/3/b/3bc72d579e6ad5e4/AES_SYS_auto_pc_0_stub.v to c:/code/RFC-8439-fpga-implementation/AES-Cam-on-PYNQ-Z2-main/AES-Cam-on-PYNQ-Z2-main/AES_SYS/AES_SYS.gen/sources_1/bd/AES_SYS/ip/AES_SYS_auto_pc_5/AES_SYS_auto_pc_5_stub.v.
INFO: [IP_Flow 19-6926] IPCACHE: added file to list for BOM: c:/code/RFC-8439-fpga-implementation/AES-Cam-on-PYNQ-Z2-main/AES-Cam-on-PYNQ-Z2-main/AES_SYS/AES_SYS.gen/sources_1/bd/AES_SYS/ip/AES_SYS_auto_pc_5/AES_SYS_auto_pc_5_stub.v
INFO: [IP_Flow 19-6928] IPCACHE: copied cached file c:/code/RFC-8439-fpga-implementation/AES-Cam-on-PYNQ-Z2-main/AES-Cam-on-PYNQ-Z2-main/AES_SYS/AES_SYS.cache/ip/2023.2/3/b/3bc72d579e6ad5e4/AES_SYS_auto_pc_0_stub.vhdl to c:/code/RFC-8439-fpga-implementation/AES-Cam-on-PYNQ-Z2-main/AES-Cam-on-PYNQ-Z2-main/AES_SYS/AES_SYS.gen/sources_1/bd/AES_SYS/ip/AES_SYS_auto_pc_5/AES_SYS_auto_pc_5_stub.vhdl.
INFO: [IP_Flow 19-6926] IPCACHE: added file to list for BOM: c:/code/RFC-8439-fpga-implementation/AES-Cam-on-PYNQ-Z2-main/AES-Cam-on-PYNQ-Z2-main/AES_SYS/AES_SYS.gen/sources_1/bd/AES_SYS/ip/AES_SYS_auto_pc_5/AES_SYS_auto_pc_5_stub.vhdl
INFO: [IP_Flow 19-4993] Using cached IP synthesis design for IP AES_SYS_auto_pc_5, cache-ID = 3bc72d579e6ad5e4; cache size = 159.880 MB.
catch { config_ip_cache -export [get_ips -all AES_SYS_auto_pc_6] }
INFO: [IP_Flow 19-6924] IPCACHE: Running cache check for IP inst: AES_SYS_auto_pc_6
INFO: [IP_Flow 19-6922] IPCACHE: Exporting cached entry 3bc72d579e6ad5e4 to dir: c:/code/RFC-8439-fpga-implementation/AES-Cam-on-PYNQ-Z2-main/AES-Cam-on-PYNQ-Z2-main/AES_SYS/AES_SYS.gen/sources_1/bd/AES_SYS/ip/AES_SYS_auto_pc_6
INFO: [IP_Flow 19-6928] IPCACHE: copied cached file c:/code/RFC-8439-fpga-implementation/AES-Cam-on-PYNQ-Z2-main/AES-Cam-on-PYNQ-Z2-main/AES_SYS/AES_SYS.cache/ip/2023.2/3/b/3bc72d579e6ad5e4/AES_SYS_auto_pc_0.dcp to c:/code/RFC-8439-fpga-implementation/AES-Cam-on-PYNQ-Z2-main/AES-Cam-on-PYNQ-Z2-main/AES_SYS/AES_SYS.gen/sources_1/bd/AES_SYS/ip/AES_SYS_auto_pc_6/AES_SYS_auto_pc_6.dcp.
INFO: [IP_Flow 19-6926] IPCACHE: added file to list for BOM: c:/code/RFC-8439-fpga-implementation/AES-Cam-on-PYNQ-Z2-main/AES-Cam-on-PYNQ-Z2-main/AES_SYS/AES_SYS.gen/sources_1/bd/AES_SYS/ip/AES_SYS_auto_pc_6/AES_SYS_auto_pc_6.dcp
INFO: [IP_Flow 19-6928] IPCACHE: copied cached file c:/code/RFC-8439-fpga-implementation/AES-Cam-on-PYNQ-Z2-main/AES-Cam-on-PYNQ-Z2-main/AES_SYS/AES_SYS.cache/ip/2023.2/3/b/3bc72d579e6ad5e4/AES_SYS_auto_pc_0_sim_netlist.v to c:/code/RFC-8439-fpga-implementation/AES-Cam-on-PYNQ-Z2-main/AES-Cam-on-PYNQ-Z2-main/AES_SYS/AES_SYS.gen/sources_1/bd/AES_SYS/ip/AES_SYS_auto_pc_6/AES_SYS_auto_pc_6_sim_netlist.v.
INFO: [IP_Flow 19-6926] IPCACHE: added file to list for BOM: c:/code/RFC-8439-fpga-implementation/AES-Cam-on-PYNQ-Z2-main/AES-Cam-on-PYNQ-Z2-main/AES_SYS/AES_SYS.gen/sources_1/bd/AES_SYS/ip/AES_SYS_auto_pc_6/AES_SYS_auto_pc_6_sim_netlist.v
INFO: [IP_Flow 19-6928] IPCACHE: copied cached file c:/code/RFC-8439-fpga-implementation/AES-Cam-on-PYNQ-Z2-main/AES-Cam-on-PYNQ-Z2-main/AES_SYS/AES_SYS.cache/ip/2023.2/3/b/3bc72d579e6ad5e4/AES_SYS_auto_pc_0_sim_netlist.vhdl to c:/code/RFC-8439-fpga-implementation/AES-Cam-on-PYNQ-Z2-main/AES-Cam-on-PYNQ-Z2-main/AES_SYS/AES_SYS.gen/sources_1/bd/AES_SYS/ip/AES_SYS_auto_pc_6/AES_SYS_auto_pc_6_sim_netlist.vhdl.
INFO: [IP_Flow 19-6926] IPCACHE: added file to list for BOM: c:/code/RFC-8439-fpga-implementation/AES-Cam-on-PYNQ-Z2-main/AES-Cam-on-PYNQ-Z2-main/AES_SYS/AES_SYS.gen/sources_1/bd/AES_SYS/ip/AES_SYS_auto_pc_6/AES_SYS_auto_pc_6_sim_netlist.vhdl
INFO: [IP_Flow 19-6928] IPCACHE: copied cached file c:/code/RFC-8439-fpga-implementation/AES-Cam-on-PYNQ-Z2-main/AES-Cam-on-PYNQ-Z2-main/AES_SYS/AES_SYS.cache/ip/2023.2/3/b/3bc72d579e6ad5e4/AES_SYS_auto_pc_0_stub.v to c:/code/RFC-8439-fpga-implementation/AES-Cam-on-PYNQ-Z2-main/AES-Cam-on-PYNQ-Z2-main/AES_SYS/AES_SYS.gen/sources_1/bd/AES_SYS/ip/AES_SYS_auto_pc_6/AES_SYS_auto_pc_6_stub.v.
INFO: [IP_Flow 19-6926] IPCACHE: added file to list for BOM: c:/code/RFC-8439-fpga-implementation/AES-Cam-on-PYNQ-Z2-main/AES-Cam-on-PYNQ-Z2-main/AES_SYS/AES_SYS.gen/sources_1/bd/AES_SYS/ip/AES_SYS_auto_pc_6/AES_SYS_auto_pc_6_stub.v
INFO: [IP_Flow 19-6928] IPCACHE: copied cached file c:/code/RFC-8439-fpga-implementation/AES-Cam-on-PYNQ-Z2-main/AES-Cam-on-PYNQ-Z2-main/AES_SYS/AES_SYS.cache/ip/2023.2/3/b/3bc72d579e6ad5e4/AES_SYS_auto_pc_0_stub.vhdl to c:/code/RFC-8439-fpga-implementation/AES-Cam-on-PYNQ-Z2-main/AES-Cam-on-PYNQ-Z2-main/AES_SYS/AES_SYS.gen/sources_1/bd/AES_SYS/ip/AES_SYS_auto_pc_6/AES_SYS_auto_pc_6_stub.vhdl.
INFO: [IP_Flow 19-6926] IPCACHE: added file to list for BOM: c:/code/RFC-8439-fpga-implementation/AES-Cam-on-PYNQ-Z2-main/AES-Cam-on-PYNQ-Z2-main/AES_SYS/AES_SYS.gen/sources_1/bd/AES_SYS/ip/AES_SYS_auto_pc_6/AES_SYS_auto_pc_6_stub.vhdl
INFO: [IP_Flow 19-4993] Using cached IP synthesis design for IP AES_SYS_auto_pc_6, cache-ID = 3bc72d579e6ad5e4; cache size = 159.880 MB.
catch { config_ip_cache -export [get_ips -all AES_SYS_auto_pc_7] }
INFO: [IP_Flow 19-6924] IPCACHE: Running cache check for IP inst: AES_SYS_auto_pc_7
INFO: [IP_Flow 19-6922] IPCACHE: Exporting cached entry 3bc72d579e6ad5e4 to dir: c:/code/RFC-8439-fpga-implementation/AES-Cam-on-PYNQ-Z2-main/AES-Cam-on-PYNQ-Z2-main/AES_SYS/AES_SYS.gen/sources_1/bd/AES_SYS/ip/AES_SYS_auto_pc_7
INFO: [IP_Flow 19-6928] IPCACHE: copied cached file c:/code/RFC-8439-fpga-implementation/AES-Cam-on-PYNQ-Z2-main/AES-Cam-on-PYNQ-Z2-main/AES_SYS/AES_SYS.cache/ip/2023.2/3/b/3bc72d579e6ad5e4/AES_SYS_auto_pc_0.dcp to c:/code/RFC-8439-fpga-implementation/AES-Cam-on-PYNQ-Z2-main/AES-Cam-on-PYNQ-Z2-main/AES_SYS/AES_SYS.gen/sources_1/bd/AES_SYS/ip/AES_SYS_auto_pc_7/AES_SYS_auto_pc_7.dcp.
INFO: [IP_Flow 19-6926] IPCACHE: added file to list for BOM: c:/code/RFC-8439-fpga-implementation/AES-Cam-on-PYNQ-Z2-main/AES-Cam-on-PYNQ-Z2-main/AES_SYS/AES_SYS.gen/sources_1/bd/AES_SYS/ip/AES_SYS_auto_pc_7/AES_SYS_auto_pc_7.dcp
INFO: [IP_Flow 19-6928] IPCACHE: copied cached file c:/code/RFC-8439-fpga-implementation/AES-Cam-on-PYNQ-Z2-main/AES-Cam-on-PYNQ-Z2-main/AES_SYS/AES_SYS.cache/ip/2023.2/3/b/3bc72d579e6ad5e4/AES_SYS_auto_pc_0_sim_netlist.v to c:/code/RFC-8439-fpga-implementation/AES-Cam-on-PYNQ-Z2-main/AES-Cam-on-PYNQ-Z2-main/AES_SYS/AES_SYS.gen/sources_1/bd/AES_SYS/ip/AES_SYS_auto_pc_7/AES_SYS_auto_pc_7_sim_netlist.v.
INFO: [IP_Flow 19-6926] IPCACHE: added file to list for BOM: c:/code/RFC-8439-fpga-implementation/AES-Cam-on-PYNQ-Z2-main/AES-Cam-on-PYNQ-Z2-main/AES_SYS/AES_SYS.gen/sources_1/bd/AES_SYS/ip/AES_SYS_auto_pc_7/AES_SYS_auto_pc_7_sim_netlist.v
INFO: [IP_Flow 19-6928] IPCACHE: copied cached file c:/code/RFC-8439-fpga-implementation/AES-Cam-on-PYNQ-Z2-main/AES-Cam-on-PYNQ-Z2-main/AES_SYS/AES_SYS.cache/ip/2023.2/3/b/3bc72d579e6ad5e4/AES_SYS_auto_pc_0_sim_netlist.vhdl to c:/code/RFC-8439-fpga-implementation/AES-Cam-on-PYNQ-Z2-main/AES-Cam-on-PYNQ-Z2-main/AES_SYS/AES_SYS.gen/sources_1/bd/AES_SYS/ip/AES_SYS_auto_pc_7/AES_SYS_auto_pc_7_sim_netlist.vhdl.
INFO: [IP_Flow 19-6926] IPCACHE: added file to list for BOM: c:/code/RFC-8439-fpga-implementation/AES-Cam-on-PYNQ-Z2-main/AES-Cam-on-PYNQ-Z2-main/AES_SYS/AES_SYS.gen/sources_1/bd/AES_SYS/ip/AES_SYS_auto_pc_7/AES_SYS_auto_pc_7_sim_netlist.vhdl
INFO: [IP_Flow 19-6928] IPCACHE: copied cached file c:/code/RFC-8439-fpga-implementation/AES-Cam-on-PYNQ-Z2-main/AES-Cam-on-PYNQ-Z2-main/AES_SYS/AES_SYS.cache/ip/2023.2/3/b/3bc72d579e6ad5e4/AES_SYS_auto_pc_0_stub.v to c:/code/RFC-8439-fpga-implementation/AES-Cam-on-PYNQ-Z2-main/AES-Cam-on-PYNQ-Z2-main/AES_SYS/AES_SYS.gen/sources_1/bd/AES_SYS/ip/AES_SYS_auto_pc_7/AES_SYS_auto_pc_7_stub.v.
INFO: [IP_Flow 19-6926] IPCACHE: added file to list for BOM: c:/code/RFC-8439-fpga-implementation/AES-Cam-on-PYNQ-Z2-main/AES-Cam-on-PYNQ-Z2-main/AES_SYS/AES_SYS.gen/sources_1/bd/AES_SYS/ip/AES_SYS_auto_pc_7/AES_SYS_auto_pc_7_stub.v
INFO: [IP_Flow 19-6928] IPCACHE: copied cached file c:/code/RFC-8439-fpga-implementation/AES-Cam-on-PYNQ-Z2-main/AES-Cam-on-PYNQ-Z2-main/AES_SYS/AES_SYS.cache/ip/2023.2/3/b/3bc72d579e6ad5e4/AES_SYS_auto_pc_0_stub.vhdl to c:/code/RFC-8439-fpga-implementation/AES-Cam-on-PYNQ-Z2-main/AES-Cam-on-PYNQ-Z2-main/AES_SYS/AES_SYS.gen/sources_1/bd/AES_SYS/ip/AES_SYS_auto_pc_7/AES_SYS_auto_pc_7_stub.vhdl.
INFO: [IP_Flow 19-6926] IPCACHE: added file to list for BOM: c:/code/RFC-8439-fpga-implementation/AES-Cam-on-PYNQ-Z2-main/AES-Cam-on-PYNQ-Z2-main/AES_SYS/AES_SYS.gen/sources_1/bd/AES_SYS/ip/AES_SYS_auto_pc_7/AES_SYS_auto_pc_7_stub.vhdl
INFO: [IP_Flow 19-4993] Using cached IP synthesis design for IP AES_SYS_auto_pc_7, cache-ID = 3bc72d579e6ad5e4; cache size = 159.880 MB.
catch { config_ip_cache -export [get_ips -all AES_SYS_auto_pc_8] }
INFO: [IP_Flow 19-6924] IPCACHE: Running cache check for IP inst: AES_SYS_auto_pc_8
INFO: [IP_Flow 19-6922] IPCACHE: Exporting cached entry 3bc72d579e6ad5e4 to dir: c:/code/RFC-8439-fpga-implementation/AES-Cam-on-PYNQ-Z2-main/AES-Cam-on-PYNQ-Z2-main/AES_SYS/AES_SYS.gen/sources_1/bd/AES_SYS/ip/AES_SYS_auto_pc_8
INFO: [IP_Flow 19-6928] IPCACHE: copied cached file c:/code/RFC-8439-fpga-implementation/AES-Cam-on-PYNQ-Z2-main/AES-Cam-on-PYNQ-Z2-main/AES_SYS/AES_SYS.cache/ip/2023.2/3/b/3bc72d579e6ad5e4/AES_SYS_auto_pc_0.dcp to c:/code/RFC-8439-fpga-implementation/AES-Cam-on-PYNQ-Z2-main/AES-Cam-on-PYNQ-Z2-main/AES_SYS/AES_SYS.gen/sources_1/bd/AES_SYS/ip/AES_SYS_auto_pc_8/AES_SYS_auto_pc_8.dcp.
INFO: [IP_Flow 19-6926] IPCACHE: added file to list for BOM: c:/code/RFC-8439-fpga-implementation/AES-Cam-on-PYNQ-Z2-main/AES-Cam-on-PYNQ-Z2-main/AES_SYS/AES_SYS.gen/sources_1/bd/AES_SYS/ip/AES_SYS_auto_pc_8/AES_SYS_auto_pc_8.dcp
INFO: [IP_Flow 19-6928] IPCACHE: copied cached file c:/code/RFC-8439-fpga-implementation/AES-Cam-on-PYNQ-Z2-main/AES-Cam-on-PYNQ-Z2-main/AES_SYS/AES_SYS.cache/ip/2023.2/3/b/3bc72d579e6ad5e4/AES_SYS_auto_pc_0_sim_netlist.v to c:/code/RFC-8439-fpga-implementation/AES-Cam-on-PYNQ-Z2-main/AES-Cam-on-PYNQ-Z2-main/AES_SYS/AES_SYS.gen/sources_1/bd/AES_SYS/ip/AES_SYS_auto_pc_8/AES_SYS_auto_pc_8_sim_netlist.v.
INFO: [IP_Flow 19-6926] IPCACHE: added file to list for BOM: c:/code/RFC-8439-fpga-implementation/AES-Cam-on-PYNQ-Z2-main/AES-Cam-on-PYNQ-Z2-main/AES_SYS/AES_SYS.gen/sources_1/bd/AES_SYS/ip/AES_SYS_auto_pc_8/AES_SYS_auto_pc_8_sim_netlist.v
INFO: [IP_Flow 19-6928] IPCACHE: copied cached file c:/code/RFC-8439-fpga-implementation/AES-Cam-on-PYNQ-Z2-main/AES-Cam-on-PYNQ-Z2-main/AES_SYS/AES_SYS.cache/ip/2023.2/3/b/3bc72d579e6ad5e4/AES_SYS_auto_pc_0_sim_netlist.vhdl to c:/code/RFC-8439-fpga-implementation/AES-Cam-on-PYNQ-Z2-main/AES-Cam-on-PYNQ-Z2-main/AES_SYS/AES_SYS.gen/sources_1/bd/AES_SYS/ip/AES_SYS_auto_pc_8/AES_SYS_auto_pc_8_sim_netlist.vhdl.
INFO: [IP_Flow 19-6926] IPCACHE: added file to list for BOM: c:/code/RFC-8439-fpga-implementation/AES-Cam-on-PYNQ-Z2-main/AES-Cam-on-PYNQ-Z2-main/AES_SYS/AES_SYS.gen/sources_1/bd/AES_SYS/ip/AES_SYS_auto_pc_8/AES_SYS_auto_pc_8_sim_netlist.vhdl
INFO: [IP_Flow 19-6928] IPCACHE: copied cached file c:/code/RFC-8439-fpga-implementation/AES-Cam-on-PYNQ-Z2-main/AES-Cam-on-PYNQ-Z2-main/AES_SYS/AES_SYS.cache/ip/2023.2/3/b/3bc72d579e6ad5e4/AES_SYS_auto_pc_0_stub.v to c:/code/RFC-8439-fpga-implementation/AES-Cam-on-PYNQ-Z2-main/AES-Cam-on-PYNQ-Z2-main/AES_SYS/AES_SYS.gen/sources_1/bd/AES_SYS/ip/AES_SYS_auto_pc_8/AES_SYS_auto_pc_8_stub.v.
INFO: [IP_Flow 19-6926] IPCACHE: added file to list for BOM: c:/code/RFC-8439-fpga-implementation/AES-Cam-on-PYNQ-Z2-main/AES-Cam-on-PYNQ-Z2-main/AES_SYS/AES_SYS.gen/sources_1/bd/AES_SYS/ip/AES_SYS_auto_pc_8/AES_SYS_auto_pc_8_stub.v
INFO: [IP_Flow 19-6928] IPCACHE: copied cached file c:/code/RFC-8439-fpga-implementation/AES-Cam-on-PYNQ-Z2-main/AES-Cam-on-PYNQ-Z2-main/AES_SYS/AES_SYS.cache/ip/2023.2/3/b/3bc72d579e6ad5e4/AES_SYS_auto_pc_0_stub.vhdl to c:/code/RFC-8439-fpga-implementation/AES-Cam-on-PYNQ-Z2-main/AES-Cam-on-PYNQ-Z2-main/AES_SYS/AES_SYS.gen/sources_1/bd/AES_SYS/ip/AES_SYS_auto_pc_8/AES_SYS_auto_pc_8_stub.vhdl.
INFO: [IP_Flow 19-6926] IPCACHE: added file to list for BOM: c:/code/RFC-8439-fpga-implementation/AES-Cam-on-PYNQ-Z2-main/AES-Cam-on-PYNQ-Z2-main/AES_SYS/AES_SYS.gen/sources_1/bd/AES_SYS/ip/AES_SYS_auto_pc_8/AES_SYS_auto_pc_8_stub.vhdl
INFO: [IP_Flow 19-4993] Using cached IP synthesis design for IP AES_SYS_auto_pc_8, cache-ID = 3bc72d579e6ad5e4; cache size = 159.880 MB.
catch { config_ip_cache -export [get_ips -all AES_SYS_auto_pc_9] }
INFO: [IP_Flow 19-6924] IPCACHE: Running cache check for IP inst: AES_SYS_auto_pc_9
INFO: [IP_Flow 19-6922] IPCACHE: Exporting cached entry 3bc72d579e6ad5e4 to dir: c:/code/RFC-8439-fpga-implementation/AES-Cam-on-PYNQ-Z2-main/AES-Cam-on-PYNQ-Z2-main/AES_SYS/AES_SYS.gen/sources_1/bd/AES_SYS/ip/AES_SYS_auto_pc_9
INFO: [IP_Flow 19-6928] IPCACHE: copied cached file c:/code/RFC-8439-fpga-implementation/AES-Cam-on-PYNQ-Z2-main/AES-Cam-on-PYNQ-Z2-main/AES_SYS/AES_SYS.cache/ip/2023.2/3/b/3bc72d579e6ad5e4/AES_SYS_auto_pc_0.dcp to c:/code/RFC-8439-fpga-implementation/AES-Cam-on-PYNQ-Z2-main/AES-Cam-on-PYNQ-Z2-main/AES_SYS/AES_SYS.gen/sources_1/bd/AES_SYS/ip/AES_SYS_auto_pc_9/AES_SYS_auto_pc_9.dcp.
INFO: [IP_Flow 19-6926] IPCACHE: added file to list for BOM: c:/code/RFC-8439-fpga-implementation/AES-Cam-on-PYNQ-Z2-main/AES-Cam-on-PYNQ-Z2-main/AES_SYS/AES_SYS.gen/sources_1/bd/AES_SYS/ip/AES_SYS_auto_pc_9/AES_SYS_auto_pc_9.dcp
INFO: [IP_Flow 19-6928] IPCACHE: copied cached file c:/code/RFC-8439-fpga-implementation/AES-Cam-on-PYNQ-Z2-main/AES-Cam-on-PYNQ-Z2-main/AES_SYS/AES_SYS.cache/ip/2023.2/3/b/3bc72d579e6ad5e4/AES_SYS_auto_pc_0_sim_netlist.v to c:/code/RFC-8439-fpga-implementation/AES-Cam-on-PYNQ-Z2-main/AES-Cam-on-PYNQ-Z2-main/AES_SYS/AES_SYS.gen/sources_1/bd/AES_SYS/ip/AES_SYS_auto_pc_9/AES_SYS_auto_pc_9_sim_netlist.v.
INFO: [IP_Flow 19-6926] IPCACHE: added file to list for BOM: c:/code/RFC-8439-fpga-implementation/AES-Cam-on-PYNQ-Z2-main/AES-Cam-on-PYNQ-Z2-main/AES_SYS/AES_SYS.gen/sources_1/bd/AES_SYS/ip/AES_SYS_auto_pc_9/AES_SYS_auto_pc_9_sim_netlist.v
INFO: [IP_Flow 19-6928] IPCACHE: copied cached file c:/code/RFC-8439-fpga-implementation/AES-Cam-on-PYNQ-Z2-main/AES-Cam-on-PYNQ-Z2-main/AES_SYS/AES_SYS.cache/ip/2023.2/3/b/3bc72d579e6ad5e4/AES_SYS_auto_pc_0_sim_netlist.vhdl to c:/code/RFC-8439-fpga-implementation/AES-Cam-on-PYNQ-Z2-main/AES-Cam-on-PYNQ-Z2-main/AES_SYS/AES_SYS.gen/sources_1/bd/AES_SYS/ip/AES_SYS_auto_pc_9/AES_SYS_auto_pc_9_sim_netlist.vhdl.
INFO: [IP_Flow 19-6926] IPCACHE: added file to list for BOM: c:/code/RFC-8439-fpga-implementation/AES-Cam-on-PYNQ-Z2-main/AES-Cam-on-PYNQ-Z2-main/AES_SYS/AES_SYS.gen/sources_1/bd/AES_SYS/ip/AES_SYS_auto_pc_9/AES_SYS_auto_pc_9_sim_netlist.vhdl
INFO: [IP_Flow 19-6928] IPCACHE: copied cached file c:/code/RFC-8439-fpga-implementation/AES-Cam-on-PYNQ-Z2-main/AES-Cam-on-PYNQ-Z2-main/AES_SYS/AES_SYS.cache/ip/2023.2/3/b/3bc72d579e6ad5e4/AES_SYS_auto_pc_0_stub.v to c:/code/RFC-8439-fpga-implementation/AES-Cam-on-PYNQ-Z2-main/AES-Cam-on-PYNQ-Z2-main/AES_SYS/AES_SYS.gen/sources_1/bd/AES_SYS/ip/AES_SYS_auto_pc_9/AES_SYS_auto_pc_9_stub.v.
INFO: [IP_Flow 19-6926] IPCACHE: added file to list for BOM: c:/code/RFC-8439-fpga-implementation/AES-Cam-on-PYNQ-Z2-main/AES-Cam-on-PYNQ-Z2-main/AES_SYS/AES_SYS.gen/sources_1/bd/AES_SYS/ip/AES_SYS_auto_pc_9/AES_SYS_auto_pc_9_stub.v
INFO: [IP_Flow 19-6928] IPCACHE: copied cached file c:/code/RFC-8439-fpga-implementation/AES-Cam-on-PYNQ-Z2-main/AES-Cam-on-PYNQ-Z2-main/AES_SYS/AES_SYS.cache/ip/2023.2/3/b/3bc72d579e6ad5e4/AES_SYS_auto_pc_0_stub.vhdl to c:/code/RFC-8439-fpga-implementation/AES-Cam-on-PYNQ-Z2-main/AES-Cam-on-PYNQ-Z2-main/AES_SYS/AES_SYS.gen/sources_1/bd/AES_SYS/ip/AES_SYS_auto_pc_9/AES_SYS_auto_pc_9_stub.vhdl.
INFO: [IP_Flow 19-6926] IPCACHE: added file to list for BOM: c:/code/RFC-8439-fpga-implementation/AES-Cam-on-PYNQ-Z2-main/AES-Cam-on-PYNQ-Z2-main/AES_SYS/AES_SYS.gen/sources_1/bd/AES_SYS/ip/AES_SYS_auto_pc_9/AES_SYS_auto_pc_9_stub.vhdl
INFO: [IP_Flow 19-4993] Using cached IP synthesis design for IP AES_SYS_auto_pc_9, cache-ID = 3bc72d579e6ad5e4; cache size = 159.880 MB.
catch { config_ip_cache -export [get_ips -all AES_SYS_auto_pc_10] }
INFO: [IP_Flow 19-6924] IPCACHE: Running cache check for IP inst: AES_SYS_auto_pc_10
INFO: [IP_Flow 19-6922] IPCACHE: Exporting cached entry 3bc72d579e6ad5e4 to dir: c:/code/RFC-8439-fpga-implementation/AES-Cam-on-PYNQ-Z2-main/AES-Cam-on-PYNQ-Z2-main/AES_SYS/AES_SYS.gen/sources_1/bd/AES_SYS/ip/AES_SYS_auto_pc_10
INFO: [IP_Flow 19-6928] IPCACHE: copied cached file c:/code/RFC-8439-fpga-implementation/AES-Cam-on-PYNQ-Z2-main/AES-Cam-on-PYNQ-Z2-main/AES_SYS/AES_SYS.cache/ip/2023.2/3/b/3bc72d579e6ad5e4/AES_SYS_auto_pc_0.dcp to c:/code/RFC-8439-fpga-implementation/AES-Cam-on-PYNQ-Z2-main/AES-Cam-on-PYNQ-Z2-main/AES_SYS/AES_SYS.gen/sources_1/bd/AES_SYS/ip/AES_SYS_auto_pc_10/AES_SYS_auto_pc_10.dcp.
INFO: [IP_Flow 19-6926] IPCACHE: added file to list for BOM: c:/code/RFC-8439-fpga-implementation/AES-Cam-on-PYNQ-Z2-main/AES-Cam-on-PYNQ-Z2-main/AES_SYS/AES_SYS.gen/sources_1/bd/AES_SYS/ip/AES_SYS_auto_pc_10/AES_SYS_auto_pc_10.dcp
INFO: [IP_Flow 19-6928] IPCACHE: copied cached file c:/code/RFC-8439-fpga-implementation/AES-Cam-on-PYNQ-Z2-main/AES-Cam-on-PYNQ-Z2-main/AES_SYS/AES_SYS.cache/ip/2023.2/3/b/3bc72d579e6ad5e4/AES_SYS_auto_pc_0_sim_netlist.v to c:/code/RFC-8439-fpga-implementation/AES-Cam-on-PYNQ-Z2-main/AES-Cam-on-PYNQ-Z2-main/AES_SYS/AES_SYS.gen/sources_1/bd/AES_SYS/ip/AES_SYS_auto_pc_10/AES_SYS_auto_pc_10_sim_netlist.v.
INFO: [IP_Flow 19-6926] IPCACHE: added file to list for BOM: c:/code/RFC-8439-fpga-implementation/AES-Cam-on-PYNQ-Z2-main/AES-Cam-on-PYNQ-Z2-main/AES_SYS/AES_SYS.gen/sources_1/bd/AES_SYS/ip/AES_SYS_auto_pc_10/AES_SYS_auto_pc_10_sim_netlist.v
INFO: [IP_Flow 19-6928] IPCACHE: copied cached file c:/code/RFC-8439-fpga-implementation/AES-Cam-on-PYNQ-Z2-main/AES-Cam-on-PYNQ-Z2-main/AES_SYS/AES_SYS.cache/ip/2023.2/3/b/3bc72d579e6ad5e4/AES_SYS_auto_pc_0_sim_netlist.vhdl to c:/code/RFC-8439-fpga-implementation/AES-Cam-on-PYNQ-Z2-main/AES-Cam-on-PYNQ-Z2-main/AES_SYS/AES_SYS.gen/sources_1/bd/AES_SYS/ip/AES_SYS_auto_pc_10/AES_SYS_auto_pc_10_sim_netlist.vhdl.
INFO: [IP_Flow 19-6926] IPCACHE: added file to list for BOM: c:/code/RFC-8439-fpga-implementation/AES-Cam-on-PYNQ-Z2-main/AES-Cam-on-PYNQ-Z2-main/AES_SYS/AES_SYS.gen/sources_1/bd/AES_SYS/ip/AES_SYS_auto_pc_10/AES_SYS_auto_pc_10_sim_netlist.vhdl
INFO: [IP_Flow 19-6928] IPCACHE: copied cached file c:/code/RFC-8439-fpga-implementation/AES-Cam-on-PYNQ-Z2-main/AES-Cam-on-PYNQ-Z2-main/AES_SYS/AES_SYS.cache/ip/2023.2/3/b/3bc72d579e6ad5e4/AES_SYS_auto_pc_0_stub.v to c:/code/RFC-8439-fpga-implementation/AES-Cam-on-PYNQ-Z2-main/AES-Cam-on-PYNQ-Z2-main/AES_SYS/AES_SYS.gen/sources_1/bd/AES_SYS/ip/AES_SYS_auto_pc_10/AES_SYS_auto_pc_10_stub.v.
INFO: [IP_Flow 19-6926] IPCACHE: added file to list for BOM: c:/code/RFC-8439-fpga-implementation/AES-Cam-on-PYNQ-Z2-main/AES-Cam-on-PYNQ-Z2-main/AES_SYS/AES_SYS.gen/sources_1/bd/AES_SYS/ip/AES_SYS_auto_pc_10/AES_SYS_auto_pc_10_stub.v
INFO: [IP_Flow 19-6928] IPCACHE: copied cached file c:/code/RFC-8439-fpga-implementation/AES-Cam-on-PYNQ-Z2-main/AES-Cam-on-PYNQ-Z2-main/AES_SYS/AES_SYS.cache/ip/2023.2/3/b/3bc72d579e6ad5e4/AES_SYS_auto_pc_0_stub.vhdl to c:/code/RFC-8439-fpga-implementation/AES-Cam-on-PYNQ-Z2-main/AES-Cam-on-PYNQ-Z2-main/AES_SYS/AES_SYS.gen/sources_1/bd/AES_SYS/ip/AES_SYS_auto_pc_10/AES_SYS_auto_pc_10_stub.vhdl.
INFO: [IP_Flow 19-6926] IPCACHE: added file to list for BOM: c:/code/RFC-8439-fpga-implementation/AES-Cam-on-PYNQ-Z2-main/AES-Cam-on-PYNQ-Z2-main/AES_SYS/AES_SYS.gen/sources_1/bd/AES_SYS/ip/AES_SYS_auto_pc_10/AES_SYS_auto_pc_10_stub.vhdl
INFO: [IP_Flow 19-4993] Using cached IP synthesis design for IP AES_SYS_auto_pc_10, cache-ID = 3bc72d579e6ad5e4; cache size = 159.880 MB.
catch { config_ip_cache -export [get_ips -all AES_SYS_auto_pc_12] }
INFO: [IP_Flow 19-6924] IPCACHE: Running cache check for IP inst: AES_SYS_auto_pc_12
INFO: [IP_Flow 19-6922] IPCACHE: Exporting cached entry 177366daf5914f73 to dir: c:/code/RFC-8439-fpga-implementation/AES-Cam-on-PYNQ-Z2-main/AES-Cam-on-PYNQ-Z2-main/AES_SYS/AES_SYS.gen/sources_1/bd/AES_SYS/ip/AES_SYS_auto_pc_12
INFO: [IP_Flow 19-6928] IPCACHE: copied cached file c:/code/RFC-8439-fpga-implementation/AES-Cam-on-PYNQ-Z2-main/AES-Cam-on-PYNQ-Z2-main/AES_SYS/AES_SYS.cache/ip/2023.2/1/7/177366daf5914f73/AES_SYS_auto_pc_12.dcp to c:/code/RFC-8439-fpga-implementation/AES-Cam-on-PYNQ-Z2-main/AES-Cam-on-PYNQ-Z2-main/AES_SYS/AES_SYS.gen/sources_1/bd/AES_SYS/ip/AES_SYS_auto_pc_12/AES_SYS_auto_pc_12.dcp.
INFO: [IP_Flow 19-6926] IPCACHE: added file to list for BOM: c:/code/RFC-8439-fpga-implementation/AES-Cam-on-PYNQ-Z2-main/AES-Cam-on-PYNQ-Z2-main/AES_SYS/AES_SYS.gen/sources_1/bd/AES_SYS/ip/AES_SYS_auto_pc_12/AES_SYS_auto_pc_12.dcp
INFO: [IP_Flow 19-6928] IPCACHE: copied cached file c:/code/RFC-8439-fpga-implementation/AES-Cam-on-PYNQ-Z2-main/AES-Cam-on-PYNQ-Z2-main/AES_SYS/AES_SYS.cache/ip/2023.2/1/7/177366daf5914f73/AES_SYS_auto_pc_12_sim_netlist.v to c:/code/RFC-8439-fpga-implementation/AES-Cam-on-PYNQ-Z2-main/AES-Cam-on-PYNQ-Z2-main/AES_SYS/AES_SYS.gen/sources_1/bd/AES_SYS/ip/AES_SYS_auto_pc_12/AES_SYS_auto_pc_12_sim_netlist.v.
INFO: [IP_Flow 19-6926] IPCACHE: added file to list for BOM: c:/code/RFC-8439-fpga-implementation/AES-Cam-on-PYNQ-Z2-main/AES-Cam-on-PYNQ-Z2-main/AES_SYS/AES_SYS.gen/sources_1/bd/AES_SYS/ip/AES_SYS_auto_pc_12/AES_SYS_auto_pc_12_sim_netlist.v
INFO: [IP_Flow 19-6928] IPCACHE: copied cached file c:/code/RFC-8439-fpga-implementation/AES-Cam-on-PYNQ-Z2-main/AES-Cam-on-PYNQ-Z2-main/AES_SYS/AES_SYS.cache/ip/2023.2/1/7/177366daf5914f73/AES_SYS_auto_pc_12_sim_netlist.vhdl to c:/code/RFC-8439-fpga-implementation/AES-Cam-on-PYNQ-Z2-main/AES-Cam-on-PYNQ-Z2-main/AES_SYS/AES_SYS.gen/sources_1/bd/AES_SYS/ip/AES_SYS_auto_pc_12/AES_SYS_auto_pc_12_sim_netlist.vhdl.
INFO: [IP_Flow 19-6926] IPCACHE: added file to list for BOM: c:/code/RFC-8439-fpga-implementation/AES-Cam-on-PYNQ-Z2-main/AES-Cam-on-PYNQ-Z2-main/AES_SYS/AES_SYS.gen/sources_1/bd/AES_SYS/ip/AES_SYS_auto_pc_12/AES_SYS_auto_pc_12_sim_netlist.vhdl
INFO: [IP_Flow 19-6928] IPCACHE: copied cached file c:/code/RFC-8439-fpga-implementation/AES-Cam-on-PYNQ-Z2-main/AES-Cam-on-PYNQ-Z2-main/AES_SYS/AES_SYS.cache/ip/2023.2/1/7/177366daf5914f73/AES_SYS_auto_pc_12_stub.v to c:/code/RFC-8439-fpga-implementation/AES-Cam-on-PYNQ-Z2-main/AES-Cam-on-PYNQ-Z2-main/AES_SYS/AES_SYS.gen/sources_1/bd/AES_SYS/ip/AES_SYS_auto_pc_12/AES_SYS_auto_pc_12_stub.v.
INFO: [IP_Flow 19-6926] IPCACHE: added file to list for BOM: c:/code/RFC-8439-fpga-implementation/AES-Cam-on-PYNQ-Z2-main/AES-Cam-on-PYNQ-Z2-main/AES_SYS/AES_SYS.gen/sources_1/bd/AES_SYS/ip/AES_SYS_auto_pc_12/AES_SYS_auto_pc_12_stub.v
INFO: [IP_Flow 19-6928] IPCACHE: copied cached file c:/code/RFC-8439-fpga-implementation/AES-Cam-on-PYNQ-Z2-main/AES-Cam-on-PYNQ-Z2-main/AES_SYS/AES_SYS.cache/ip/2023.2/1/7/177366daf5914f73/AES_SYS_auto_pc_12_stub.vhdl to c:/code/RFC-8439-fpga-implementation/AES-Cam-on-PYNQ-Z2-main/AES-Cam-on-PYNQ-Z2-main/AES_SYS/AES_SYS.gen/sources_1/bd/AES_SYS/ip/AES_SYS_auto_pc_12/AES_SYS_auto_pc_12_stub.vhdl.
INFO: [IP_Flow 19-6926] IPCACHE: added file to list for BOM: c:/code/RFC-8439-fpga-implementation/AES-Cam-on-PYNQ-Z2-main/AES-Cam-on-PYNQ-Z2-main/AES_SYS/AES_SYS.gen/sources_1/bd/AES_SYS/ip/AES_SYS_auto_pc_12/AES_SYS_auto_pc_12_stub.vhdl
INFO: [IP_Flow 19-4993] Using cached IP synthesis design for IP AES_SYS_auto_pc_12, cache-ID = 177366daf5914f73; cache size = 159.880 MB.
catch { config_ip_cache -export [get_ips -all AES_SYS_auto_us_0] }
INFO: [IP_Flow 19-6924] IPCACHE: Running cache check for IP inst: AES_SYS_auto_us_0
INFO: [IP_Flow 19-6922] IPCACHE: Exporting cached entry 96128dd45566b66c to dir: c:/code/RFC-8439-fpga-implementation/AES-Cam-on-PYNQ-Z2-main/AES-Cam-on-PYNQ-Z2-main/AES_SYS/AES_SYS.gen/sources_1/bd/AES_SYS/ip/AES_SYS_auto_us_0
INFO: [IP_Flow 19-6928] IPCACHE: copied cached file c:/code/RFC-8439-fpga-implementation/AES-Cam-on-PYNQ-Z2-main/AES-Cam-on-PYNQ-Z2-main/AES_SYS/AES_SYS.cache/ip/2023.2/9/6/96128dd45566b66c/AES_SYS_auto_us_0.dcp to c:/code/RFC-8439-fpga-implementation/AES-Cam-on-PYNQ-Z2-main/AES-Cam-on-PYNQ-Z2-main/AES_SYS/AES_SYS.gen/sources_1/bd/AES_SYS/ip/AES_SYS_auto_us_0/AES_SYS_auto_us_0.dcp.
INFO: [IP_Flow 19-6926] IPCACHE: added file to list for BOM: c:/code/RFC-8439-fpga-implementation/AES-Cam-on-PYNQ-Z2-main/AES-Cam-on-PYNQ-Z2-main/AES_SYS/AES_SYS.gen/sources_1/bd/AES_SYS/ip/AES_SYS_auto_us_0/AES_SYS_auto_us_0.dcp
INFO: [IP_Flow 19-6928] IPCACHE: copied cached file c:/code/RFC-8439-fpga-implementation/AES-Cam-on-PYNQ-Z2-main/AES-Cam-on-PYNQ-Z2-main/AES_SYS/AES_SYS.cache/ip/2023.2/9/6/96128dd45566b66c/AES_SYS_auto_us_0_sim_netlist.v to c:/code/RFC-8439-fpga-implementation/AES-Cam-on-PYNQ-Z2-main/AES-Cam-on-PYNQ-Z2-main/AES_SYS/AES_SYS.gen/sources_1/bd/AES_SYS/ip/AES_SYS_auto_us_0/AES_SYS_auto_us_0_sim_netlist.v.
INFO: [IP_Flow 19-6926] IPCACHE: added file to list for BOM: c:/code/RFC-8439-fpga-implementation/AES-Cam-on-PYNQ-Z2-main/AES-Cam-on-PYNQ-Z2-main/AES_SYS/AES_SYS.gen/sources_1/bd/AES_SYS/ip/AES_SYS_auto_us_0/AES_SYS_auto_us_0_sim_netlist.v
INFO: [IP_Flow 19-6928] IPCACHE: copied cached file c:/code/RFC-8439-fpga-implementation/AES-Cam-on-PYNQ-Z2-main/AES-Cam-on-PYNQ-Z2-main/AES_SYS/AES_SYS.cache/ip/2023.2/9/6/96128dd45566b66c/AES_SYS_auto_us_0_sim_netlist.vhdl to c:/code/RFC-8439-fpga-implementation/AES-Cam-on-PYNQ-Z2-main/AES-Cam-on-PYNQ-Z2-main/AES_SYS/AES_SYS.gen/sources_1/bd/AES_SYS/ip/AES_SYS_auto_us_0/AES_SYS_auto_us_0_sim_netlist.vhdl.
INFO: [IP_Flow 19-6926] IPCACHE: added file to list for BOM: c:/code/RFC-8439-fpga-implementation/AES-Cam-on-PYNQ-Z2-main/AES-Cam-on-PYNQ-Z2-main/AES_SYS/AES_SYS.gen/sources_1/bd/AES_SYS/ip/AES_SYS_auto_us_0/AES_SYS_auto_us_0_sim_netlist.vhdl
INFO: [IP_Flow 19-6928] IPCACHE: copied cached file c:/code/RFC-8439-fpga-implementation/AES-Cam-on-PYNQ-Z2-main/AES-Cam-on-PYNQ-Z2-main/AES_SYS/AES_SYS.cache/ip/2023.2/9/6/96128dd45566b66c/AES_SYS_auto_us_0_stub.v to c:/code/RFC-8439-fpga-implementation/AES-Cam-on-PYNQ-Z2-main/AES-Cam-on-PYNQ-Z2-main/AES_SYS/AES_SYS.gen/sources_1/bd/AES_SYS/ip/AES_SYS_auto_us_0/AES_SYS_auto_us_0_stub.v.
INFO: [IP_Flow 19-6926] IPCACHE: added file to list for BOM: c:/code/RFC-8439-fpga-implementation/AES-Cam-on-PYNQ-Z2-main/AES-Cam-on-PYNQ-Z2-main/AES_SYS/AES_SYS.gen/sources_1/bd/AES_SYS/ip/AES_SYS_auto_us_0/AES_SYS_auto_us_0_stub.v
INFO: [IP_Flow 19-6928] IPCACHE: copied cached file c:/code/RFC-8439-fpga-implementation/AES-Cam-on-PYNQ-Z2-main/AES-Cam-on-PYNQ-Z2-main/AES_SYS/AES_SYS.cache/ip/2023.2/9/6/96128dd45566b66c/AES_SYS_auto_us_0_stub.vhdl to c:/code/RFC-8439-fpga-implementation/AES-Cam-on-PYNQ-Z2-main/AES-Cam-on-PYNQ-Z2-main/AES_SYS/AES_SYS.gen/sources_1/bd/AES_SYS/ip/AES_SYS_auto_us_0/AES_SYS_auto_us_0_stub.vhdl.
INFO: [IP_Flow 19-6926] IPCACHE: added file to list for BOM: c:/code/RFC-8439-fpga-implementation/AES-Cam-on-PYNQ-Z2-main/AES-Cam-on-PYNQ-Z2-main/AES_SYS/AES_SYS.gen/sources_1/bd/AES_SYS/ip/AES_SYS_auto_us_0/AES_SYS_auto_us_0_stub.vhdl
INFO: [IP_Flow 19-4993] Using cached IP synthesis design for IP AES_SYS_auto_us_0, cache-ID = 96128dd45566b66c; cache size = 159.880 MB.
catch { config_ip_cache -export [get_ips -all AES_SYS_auto_pc_13] }
INFO: [IP_Flow 19-6924] IPCACHE: Running cache check for IP inst: AES_SYS_auto_pc_13
INFO: [IP_Flow 19-6922] IPCACHE: Exporting cached entry 680f4c3d4d7785e1 to dir: c:/code/RFC-8439-fpga-implementation/AES-Cam-on-PYNQ-Z2-main/AES-Cam-on-PYNQ-Z2-main/AES_SYS/AES_SYS.gen/sources_1/bd/AES_SYS/ip/AES_SYS_auto_pc_13
INFO: [IP_Flow 19-6928] IPCACHE: copied cached file c:/code/RFC-8439-fpga-implementation/AES-Cam-on-PYNQ-Z2-main/AES-Cam-on-PYNQ-Z2-main/AES_SYS/AES_SYS.cache/ip/2023.2/6/8/680f4c3d4d7785e1/AES_SYS_auto_pc_13.dcp to c:/code/RFC-8439-fpga-implementation/AES-Cam-on-PYNQ-Z2-main/AES-Cam-on-PYNQ-Z2-main/AES_SYS/AES_SYS.gen/sources_1/bd/AES_SYS/ip/AES_SYS_auto_pc_13/AES_SYS_auto_pc_13.dcp.
INFO: [IP_Flow 19-6926] IPCACHE: added file to list for BOM: c:/code/RFC-8439-fpga-implementation/AES-Cam-on-PYNQ-Z2-main/AES-Cam-on-PYNQ-Z2-main/AES_SYS/AES_SYS.gen/sources_1/bd/AES_SYS/ip/AES_SYS_auto_pc_13/AES_SYS_auto_pc_13.dcp
INFO: [IP_Flow 19-6928] IPCACHE: copied cached file c:/code/RFC-8439-fpga-implementation/AES-Cam-on-PYNQ-Z2-main/AES-Cam-on-PYNQ-Z2-main/AES_SYS/AES_SYS.cache/ip/2023.2/6/8/680f4c3d4d7785e1/AES_SYS_auto_pc_13_sim_netlist.v to c:/code/RFC-8439-fpga-implementation/AES-Cam-on-PYNQ-Z2-main/AES-Cam-on-PYNQ-Z2-main/AES_SYS/AES_SYS.gen/sources_1/bd/AES_SYS/ip/AES_SYS_auto_pc_13/AES_SYS_auto_pc_13_sim_netlist.v.
INFO: [IP_Flow 19-6926] IPCACHE: added file to list for BOM: c:/code/RFC-8439-fpga-implementation/AES-Cam-on-PYNQ-Z2-main/AES-Cam-on-PYNQ-Z2-main/AES_SYS/AES_SYS.gen/sources_1/bd/AES_SYS/ip/AES_SYS_auto_pc_13/AES_SYS_auto_pc_13_sim_netlist.v
INFO: [IP_Flow 19-6928] IPCACHE: copied cached file c:/code/RFC-8439-fpga-implementation/AES-Cam-on-PYNQ-Z2-main/AES-Cam-on-PYNQ-Z2-main/AES_SYS/AES_SYS.cache/ip/2023.2/6/8/680f4c3d4d7785e1/AES_SYS_auto_pc_13_sim_netlist.vhdl to c:/code/RFC-8439-fpga-implementation/AES-Cam-on-PYNQ-Z2-main/AES-Cam-on-PYNQ-Z2-main/AES_SYS/AES_SYS.gen/sources_1/bd/AES_SYS/ip/AES_SYS_auto_pc_13/AES_SYS_auto_pc_13_sim_netlist.vhdl.
INFO: [IP_Flow 19-6926] IPCACHE: added file to list for BOM: c:/code/RFC-8439-fpga-implementation/AES-Cam-on-PYNQ-Z2-main/AES-Cam-on-PYNQ-Z2-main/AES_SYS/AES_SYS.gen/sources_1/bd/AES_SYS/ip/AES_SYS_auto_pc_13/AES_SYS_auto_pc_13_sim_netlist.vhdl
INFO: [IP_Flow 19-6928] IPCACHE: copied cached file c:/code/RFC-8439-fpga-implementation/AES-Cam-on-PYNQ-Z2-main/AES-Cam-on-PYNQ-Z2-main/AES_SYS/AES_SYS.cache/ip/2023.2/6/8/680f4c3d4d7785e1/AES_SYS_auto_pc_13_stub.v to c:/code/RFC-8439-fpga-implementation/AES-Cam-on-PYNQ-Z2-main/AES-Cam-on-PYNQ-Z2-main/AES_SYS/AES_SYS.gen/sources_1/bd/AES_SYS/ip/AES_SYS_auto_pc_13/AES_SYS_auto_pc_13_stub.v.
INFO: [IP_Flow 19-6926] IPCACHE: added file to list for BOM: c:/code/RFC-8439-fpga-implementation/AES-Cam-on-PYNQ-Z2-main/AES-Cam-on-PYNQ-Z2-main/AES_SYS/AES_SYS.gen/sources_1/bd/AES_SYS/ip/AES_SYS_auto_pc_13/AES_SYS_auto_pc_13_stub.v
INFO: [IP_Flow 19-6928] IPCACHE: copied cached file c:/code/RFC-8439-fpga-implementation/AES-Cam-on-PYNQ-Z2-main/AES-Cam-on-PYNQ-Z2-main/AES_SYS/AES_SYS.cache/ip/2023.2/6/8/680f4c3d4d7785e1/AES_SYS_auto_pc_13_stub.vhdl to c:/code/RFC-8439-fpga-implementation/AES-Cam-on-PYNQ-Z2-main/AES-Cam-on-PYNQ-Z2-main/AES_SYS/AES_SYS.gen/sources_1/bd/AES_SYS/ip/AES_SYS_auto_pc_13/AES_SYS_auto_pc_13_stub.vhdl.
INFO: [IP_Flow 19-6926] IPCACHE: added file to list for BOM: c:/code/RFC-8439-fpga-implementation/AES-Cam-on-PYNQ-Z2-main/AES-Cam-on-PYNQ-Z2-main/AES_SYS/AES_SYS.gen/sources_1/bd/AES_SYS/ip/AES_SYS_auto_pc_13/AES_SYS_auto_pc_13_stub.vhdl
INFO: [IP_Flow 19-4993] Using cached IP synthesis design for IP AES_SYS_auto_pc_13, cache-ID = 680f4c3d4d7785e1; cache size = 159.880 MB.
catch { config_ip_cache -export [get_ips -all AES_SYS_auto_ds_0] }
INFO: [IP_Flow 19-6924] IPCACHE: Running cache check for IP inst: AES_SYS_auto_ds_0
INFO: [IP_Flow 19-6922] IPCACHE: Exporting cached entry f9503eb3174c7348 to dir: c:/code/RFC-8439-fpga-implementation/AES-Cam-on-PYNQ-Z2-main/AES-Cam-on-PYNQ-Z2-main/AES_SYS/AES_SYS.gen/sources_1/bd/AES_SYS/ip/AES_SYS_auto_ds_0
INFO: [IP_Flow 19-6928] IPCACHE: copied cached file c:/code/RFC-8439-fpga-implementation/AES-Cam-on-PYNQ-Z2-main/AES-Cam-on-PYNQ-Z2-main/AES_SYS/AES_SYS.cache/ip/2023.2/f/9/f9503eb3174c7348/AES_SYS_auto_ds_0.dcp to c:/code/RFC-8439-fpga-implementation/AES-Cam-on-PYNQ-Z2-main/AES-Cam-on-PYNQ-Z2-main/AES_SYS/AES_SYS.gen/sources_1/bd/AES_SYS/ip/AES_SYS_auto_ds_0/AES_SYS_auto_ds_0.dcp.
INFO: [IP_Flow 19-6926] IPCACHE: added file to list for BOM: c:/code/RFC-8439-fpga-implementation/AES-Cam-on-PYNQ-Z2-main/AES-Cam-on-PYNQ-Z2-main/AES_SYS/AES_SYS.gen/sources_1/bd/AES_SYS/ip/AES_SYS_auto_ds_0/AES_SYS_auto_ds_0.dcp
INFO: [IP_Flow 19-6928] IPCACHE: copied cached file c:/code/RFC-8439-fpga-implementation/AES-Cam-on-PYNQ-Z2-main/AES-Cam-on-PYNQ-Z2-main/AES_SYS/AES_SYS.cache/ip/2023.2/f/9/f9503eb3174c7348/AES_SYS_auto_ds_0_sim_netlist.v to c:/code/RFC-8439-fpga-implementation/AES-Cam-on-PYNQ-Z2-main/AES-Cam-on-PYNQ-Z2-main/AES_SYS/AES_SYS.gen/sources_1/bd/AES_SYS/ip/AES_SYS_auto_ds_0/AES_SYS_auto_ds_0_sim_netlist.v.
INFO: [IP_Flow 19-6926] IPCACHE: added file to list for BOM: c:/code/RFC-8439-fpga-implementation/AES-Cam-on-PYNQ-Z2-main/AES-Cam-on-PYNQ-Z2-main/AES_SYS/AES_SYS.gen/sources_1/bd/AES_SYS/ip/AES_SYS_auto_ds_0/AES_SYS_auto_ds_0_sim_netlist.v
INFO: [IP_Flow 19-6928] IPCACHE: copied cached file c:/code/RFC-8439-fpga-implementation/AES-Cam-on-PYNQ-Z2-main/AES-Cam-on-PYNQ-Z2-main/AES_SYS/AES_SYS.cache/ip/2023.2/f/9/f9503eb3174c7348/AES_SYS_auto_ds_0_sim_netlist.vhdl to c:/code/RFC-8439-fpga-implementation/AES-Cam-on-PYNQ-Z2-main/AES-Cam-on-PYNQ-Z2-main/AES_SYS/AES_SYS.gen/sources_1/bd/AES_SYS/ip/AES_SYS_auto_ds_0/AES_SYS_auto_ds_0_sim_netlist.vhdl.
INFO: [IP_Flow 19-6926] IPCACHE: added file to list for BOM: c:/code/RFC-8439-fpga-implementation/AES-Cam-on-PYNQ-Z2-main/AES-Cam-on-PYNQ-Z2-main/AES_SYS/AES_SYS.gen/sources_1/bd/AES_SYS/ip/AES_SYS_auto_ds_0/AES_SYS_auto_ds_0_sim_netlist.vhdl
INFO: [IP_Flow 19-6928] IPCACHE: copied cached file c:/code/RFC-8439-fpga-implementation/AES-Cam-on-PYNQ-Z2-main/AES-Cam-on-PYNQ-Z2-main/AES_SYS/AES_SYS.cache/ip/2023.2/f/9/f9503eb3174c7348/AES_SYS_auto_ds_0_stub.v to c:/code/RFC-8439-fpga-implementation/AES-Cam-on-PYNQ-Z2-main/AES-Cam-on-PYNQ-Z2-main/AES_SYS/AES_SYS.gen/sources_1/bd/AES_SYS/ip/AES_SYS_auto_ds_0/AES_SYS_auto_ds_0_stub.v.
INFO: [IP_Flow 19-6926] IPCACHE: added file to list for BOM: c:/code/RFC-8439-fpga-implementation/AES-Cam-on-PYNQ-Z2-main/AES-Cam-on-PYNQ-Z2-main/AES_SYS/AES_SYS.gen/sources_1/bd/AES_SYS/ip/AES_SYS_auto_ds_0/AES_SYS_auto_ds_0_stub.v
INFO: [IP_Flow 19-6928] IPCACHE: copied cached file c:/code/RFC-8439-fpga-implementation/AES-Cam-on-PYNQ-Z2-main/AES-Cam-on-PYNQ-Z2-main/AES_SYS/AES_SYS.cache/ip/2023.2/f/9/f9503eb3174c7348/AES_SYS_auto_ds_0_stub.vhdl to c:/code/RFC-8439-fpga-implementation/AES-Cam-on-PYNQ-Z2-main/AES-Cam-on-PYNQ-Z2-main/AES_SYS/AES_SYS.gen/sources_1/bd/AES_SYS/ip/AES_SYS_auto_ds_0/AES_SYS_auto_ds_0_stub.vhdl.
INFO: [IP_Flow 19-6926] IPCACHE: added file to list for BOM: c:/code/RFC-8439-fpga-implementation/AES-Cam-on-PYNQ-Z2-main/AES-Cam-on-PYNQ-Z2-main/AES_SYS/AES_SYS.gen/sources_1/bd/AES_SYS/ip/AES_SYS_auto_ds_0/AES_SYS_auto_ds_0_stub.vhdl
INFO: [IP_Flow 19-4993] Using cached IP synthesis design for IP AES_SYS_auto_ds_0, cache-ID = f9503eb3174c7348; cache size = 159.880 MB.
catch { config_ip_cache -export [get_ips -all AES_SYS_auto_ds_1] }
INFO: [IP_Flow 19-6924] IPCACHE: Running cache check for IP inst: AES_SYS_auto_ds_1
INFO: [IP_Flow 19-6922] IPCACHE: Exporting cached entry f9503eb3174c7348 to dir: c:/code/RFC-8439-fpga-implementation/AES-Cam-on-PYNQ-Z2-main/AES-Cam-on-PYNQ-Z2-main/AES_SYS/AES_SYS.gen/sources_1/bd/AES_SYS/ip/AES_SYS_auto_ds_1
INFO: [IP_Flow 19-6928] IPCACHE: copied cached file c:/code/RFC-8439-fpga-implementation/AES-Cam-on-PYNQ-Z2-main/AES-Cam-on-PYNQ-Z2-main/AES_SYS/AES_SYS.cache/ip/2023.2/f/9/f9503eb3174c7348/AES_SYS_auto_ds_0.dcp to c:/code/RFC-8439-fpga-implementation/AES-Cam-on-PYNQ-Z2-main/AES-Cam-on-PYNQ-Z2-main/AES_SYS/AES_SYS.gen/sources_1/bd/AES_SYS/ip/AES_SYS_auto_ds_1/AES_SYS_auto_ds_1.dcp.
INFO: [IP_Flow 19-6926] IPCACHE: added file to list for BOM: c:/code/RFC-8439-fpga-implementation/AES-Cam-on-PYNQ-Z2-main/AES-Cam-on-PYNQ-Z2-main/AES_SYS/AES_SYS.gen/sources_1/bd/AES_SYS/ip/AES_SYS_auto_ds_1/AES_SYS_auto_ds_1.dcp
INFO: [IP_Flow 19-6928] IPCACHE: copied cached file c:/code/RFC-8439-fpga-implementation/AES-Cam-on-PYNQ-Z2-main/AES-Cam-on-PYNQ-Z2-main/AES_SYS/AES_SYS.cache/ip/2023.2/f/9/f9503eb3174c7348/AES_SYS_auto_ds_0_sim_netlist.v to c:/code/RFC-8439-fpga-implementation/AES-Cam-on-PYNQ-Z2-main/AES-Cam-on-PYNQ-Z2-main/AES_SYS/AES_SYS.gen/sources_1/bd/AES_SYS/ip/AES_SYS_auto_ds_1/AES_SYS_auto_ds_1_sim_netlist.v.
INFO: [IP_Flow 19-6926] IPCACHE: added file to list for BOM: c:/code/RFC-8439-fpga-implementation/AES-Cam-on-PYNQ-Z2-main/AES-Cam-on-PYNQ-Z2-main/AES_SYS/AES_SYS.gen/sources_1/bd/AES_SYS/ip/AES_SYS_auto_ds_1/AES_SYS_auto_ds_1_sim_netlist.v
INFO: [IP_Flow 19-6928] IPCACHE: copied cached file c:/code/RFC-8439-fpga-implementation/AES-Cam-on-PYNQ-Z2-main/AES-Cam-on-PYNQ-Z2-main/AES_SYS/AES_SYS.cache/ip/2023.2/f/9/f9503eb3174c7348/AES_SYS_auto_ds_0_sim_netlist.vhdl to c:/code/RFC-8439-fpga-implementation/AES-Cam-on-PYNQ-Z2-main/AES-Cam-on-PYNQ-Z2-main/AES_SYS/AES_SYS.gen/sources_1/bd/AES_SYS/ip/AES_SYS_auto_ds_1/AES_SYS_auto_ds_1_sim_netlist.vhdl.
INFO: [IP_Flow 19-6926] IPCACHE: added file to list for BOM: c:/code/RFC-8439-fpga-implementation/AES-Cam-on-PYNQ-Z2-main/AES-Cam-on-PYNQ-Z2-main/AES_SYS/AES_SYS.gen/sources_1/bd/AES_SYS/ip/AES_SYS_auto_ds_1/AES_SYS_auto_ds_1_sim_netlist.vhdl
INFO: [IP_Flow 19-6928] IPCACHE: copied cached file c:/code/RFC-8439-fpga-implementation/AES-Cam-on-PYNQ-Z2-main/AES-Cam-on-PYNQ-Z2-main/AES_SYS/AES_SYS.cache/ip/2023.2/f/9/f9503eb3174c7348/AES_SYS_auto_ds_0_stub.v to c:/code/RFC-8439-fpga-implementation/AES-Cam-on-PYNQ-Z2-main/AES-Cam-on-PYNQ-Z2-main/AES_SYS/AES_SYS.gen/sources_1/bd/AES_SYS/ip/AES_SYS_auto_ds_1/AES_SYS_auto_ds_1_stub.v.
INFO: [IP_Flow 19-6926] IPCACHE: added file to list for BOM: c:/code/RFC-8439-fpga-implementation/AES-Cam-on-PYNQ-Z2-main/AES-Cam-on-PYNQ-Z2-main/AES_SYS/AES_SYS.gen/sources_1/bd/AES_SYS/ip/AES_SYS_auto_ds_1/AES_SYS_auto_ds_1_stub.v
INFO: [IP_Flow 19-6928] IPCACHE: copied cached file c:/code/RFC-8439-fpga-implementation/AES-Cam-on-PYNQ-Z2-main/AES-Cam-on-PYNQ-Z2-main/AES_SYS/AES_SYS.cache/ip/2023.2/f/9/f9503eb3174c7348/AES_SYS_auto_ds_0_stub.vhdl to c:/code/RFC-8439-fpga-implementation/AES-Cam-on-PYNQ-Z2-main/AES-Cam-on-PYNQ-Z2-main/AES_SYS/AES_SYS.gen/sources_1/bd/AES_SYS/ip/AES_SYS_auto_ds_1/AES_SYS_auto_ds_1_stub.vhdl.
INFO: [IP_Flow 19-6926] IPCACHE: added file to list for BOM: c:/code/RFC-8439-fpga-implementation/AES-Cam-on-PYNQ-Z2-main/AES-Cam-on-PYNQ-Z2-main/AES_SYS/AES_SYS.gen/sources_1/bd/AES_SYS/ip/AES_SYS_auto_ds_1/AES_SYS_auto_ds_1_stub.vhdl
INFO: [IP_Flow 19-4993] Using cached IP synthesis design for IP AES_SYS_auto_ds_1, cache-ID = f9503eb3174c7348; cache size = 159.880 MB.
export_ip_user_files -of_objects [get_files C:/code/RFC-8439-fpga-implementation/AES-Cam-on-PYNQ-Z2-main/AES-Cam-on-PYNQ-Z2-main/AES_SYS/AES_SYS.srcs/sources_1/bd/AES_SYS/AES_SYS.bd] -no_script -sync -force -quiet
create_ip_run [get_files -of_objects [get_fileset sources_1] C:/code/RFC-8439-fpga-implementation/AES-Cam-on-PYNQ-Z2-main/AES-Cam-on-PYNQ-Z2-main/AES_SYS/AES_SYS.srcs/sources_1/bd/AES_SYS/AES_SYS.bd]
export_simulation -of_objects [get_files C:/code/RFC-8439-fpga-implementation/AES-Cam-on-PYNQ-Z2-main/AES-Cam-on-PYNQ-Z2-main/AES_SYS/AES_SYS.srcs/sources_1/bd/AES_SYS/AES_SYS.bd] -directory C:/code/RFC-8439-fpga-implementation/AES-Cam-on-PYNQ-Z2-main/AES-Cam-on-PYNQ-Z2-main/AES_SYS/AES_SYS.ip_user_files/sim_scripts -ip_user_files_dir C:/code/RFC-8439-fpga-implementation/AES-Cam-on-PYNQ-Z2-main/AES-Cam-on-PYNQ-Z2-main/AES_SYS/AES_SYS.ip_user_files -ipstatic_source_dir C:/code/RFC-8439-fpga-implementation/AES-Cam-on-PYNQ-Z2-main/AES-Cam-on-PYNQ-Z2-main/AES_SYS/AES_SYS.ip_user_files/ipstatic -lib_map_path [list {modelsim=C:/code/RFC-8439-fpga-implementation/AES-Cam-on-PYNQ-Z2-main/AES-Cam-on-PYNQ-Z2-main/AES_SYS/AES_SYS.cache/compile_simlib/modelsim} {questa=C:/code/RFC-8439-fpga-implementation/AES-Cam-on-PYNQ-Z2-main/AES-Cam-on-PYNQ-Z2-main/AES_SYS/AES_SYS.cache/compile_simlib/questa} {riviera=C:/code/RFC-8439-fpga-implementation/AES-Cam-on-PYNQ-Z2-main/AES-Cam-on-PYNQ-Z2-main/AES_SYS/AES_SYS.cache/compile_simlib/riviera} {activehdl=C:/code/RFC-8439-fpga-implementation/AES-Cam-on-PYNQ-Z2-main/AES-Cam-on-PYNQ-Z2-main/AES_SYS/AES_SYS.cache/compile_simlib/activehdl}] -use_ip_compiled_libs -force -quiet
WARNING: [filemgmt 56-199] Attempt to get parsing info during refresh. "On-the-fly" syntax checking information may be incorrect. [C:\code\RFC-8439-fpga-implementation\src\Chacha20.v:]
WARNING: [filemgmt 56-199] Attempt to get parsing info during refresh. "On-the-fly" syntax checking information may be incorrect. [C:\code\RFC-8439-fpga-implementation\src\RFC8439.v:]
ERROR: [Common 17-180] Spawn failed: No error
WARNING: [filemgmt 56-199] Attempt to get parsing info during refresh. "On-the-fly" syntax checking information may be incorrect. [C:\code\RFC-8439-fpga-implementation\src\Chacha20.v:]
WARNING: [filemgmt 56-199] Attempt to get parsing info during refresh. "On-the-fly" syntax checking information may be incorrect. [C:\code\RFC-8439-fpga-implementation\src\RFC8439.v:]
ERROR: [Common 17-180] Spawn failed: No error
reset_run synth_1
INFO: [Project 1-1161] Replacing file C:/code/RFC-8439-fpga-implementation/AES-Cam-on-PYNQ-Z2-main/AES-Cam-on-PYNQ-Z2-main/AES_SYS/AES_SYS.srcs/utils_1/imports/synth_1/AES_SYS_wrapper.dcp with file C:/code/RFC-8439-fpga-implementation/AES-Cam-on-PYNQ-Z2-main/AES-Cam-on-PYNQ-Z2-main/AES_SYS/AES_SYS.runs/synth_1/AES_SYS_wrapper.dcp
launch_runs synth_1 -jobs 32
[Tue May 26 01:00:27 2026] Launched synth_1...
Run output will be captured here: C:/code/RFC-8439-fpga-implementation/AES-Cam-on-PYNQ-Z2-main/AES-Cam-on-PYNQ-Z2-main/AES_SYS/AES_SYS.runs/synth_1/runme.log
WARNING: [filemgmt 56-199] Attempt to get parsing info during refresh. "On-the-fly" syntax checking information may be incorrect. [C:\code\RFC-8439-fpga-implementation\src\Chacha20.v:]
WARNING: [filemgmt 56-199] Attempt to get parsing info during refresh. "On-the-fly" syntax checking information may be incorrect. [C:\code\RFC-8439-fpga-implementation\src\RFC8439.v:]
WARNING: [filemgmt 56-199] Attempt to get parsing info during refresh. "On-the-fly" syntax checking information may be incorrect. [C:\code\RFC-8439-fpga-implementation\src\Chacha20.v:]
WARNING: [filemgmt 56-199] Attempt to get parsing info during refresh. "On-the-fly" syntax checking information may be incorrect. [C:\code\RFC-8439-fpga-implementation\src\RFC8439.v:]
launch_runs impl_1 -jobs 32
[Tue May 26 01:01:35 2026] Launched impl_1...
Run output will be captured here: C:/code/RFC-8439-fpga-implementation/AES-Cam-on-PYNQ-Z2-main/AES-Cam-on-PYNQ-Z2-main/AES_SYS/AES_SYS.runs/impl_1/runme.log
create_ip_run [get_files -of_objects [get_fileset sources_1] C:/code/RFC-8439-fpga-implementation/AES-Cam-on-PYNQ-Z2-main/AES-Cam-on-PYNQ-Z2-main/AES_SYS/AES_SYS.srcs/sources_1/bd/AES_SYS/AES_SYS.bd]
refresh_design
Netlist sorting complete. Time (s): cpu = 00:00:00 ; elapsed = 00:00:00.532 . Memory (MB): peak = 6590.078 ; gain = 0.000
INFO: [Netlist 29-17] Analyzing 1635 Unisim elements for replacement
INFO: [Netlist 29-28] Unisim Transformation completed in 0 CPU seconds
INFO: [Project 1-479] Netlist was created with Vivado 2023.2
INFO: [Project 1-570] Preparing netlist for logic optimization
WARNING: [Constraints 18-550] Could not create 'IBUF_LOW_PWR' constraint because net 'AES_SYS_i/clk_wiz_0/clk_in1' is not directly connected to top level port. 'IBUF_LOW_PWR' is ignored for synthesis but preserved for implementation.
Read ShapeDB Complete: Time (s): cpu = 00:00:00 ; elapsed = 00:00:00.101 . Memory (MB): peak = 6590.078 ; gain = 0.000
INFO: [Timing 38-478] Restoring timing data from binary archive.
INFO: [Timing 38-479] Binary timing data restore complete.
INFO: [Project 1-856] Restoring constraints from binary archive.
INFO: [Project 1-853] Binary constraint restore complete.
INFO: [Designutils 20-5722] Start Reading Physical Databases.
Reading placement.
Read Netlist Cache: Time (s): cpu = 00:00:00 ; elapsed = 00:00:00.032 . Memory (MB): peak = 6590.078 ; gain = 0.000
Reading placer database...
Read Device Cache: Time (s): cpu = 00:00:00 ; elapsed = 00:00:00.012 . Memory (MB): peak = 6590.078 ; gain = 0.000
Read PlaceDB: Time (s): cpu = 00:00:01 ; elapsed = 00:00:00.945 . Memory (MB): peak = 6590.078 ; gain = 0.000
Read PulsedLatchDB: Time (s): cpu = 00:00:00 ; elapsed = 00:00:00 . Memory (MB): peak = 6590.078 ; gain = 0.000
Reading routing.
Read RouteStorage: Time (s): cpu = 00:00:01 ; elapsed = 00:00:00.477 . Memory (MB): peak = 6590.078 ; gain = 0.000
Read Physdb Files: Time (s): cpu = 00:00:02 ; elapsed = 00:00:01 . Memory (MB): peak = 6590.078 ; gain = 0.000
Restored from archive | CPU: 2.000000 secs | Memory: 0.000000 MB |
Finished XDEF File Restore: Time (s): cpu = 00:00:02 ; elapsed = 00:00:01 . Memory (MB): peak = 6590.078 ; gain = 0.000
refresh_design: Time (s): cpu = 00:00:13 ; elapsed = 00:00:09 . Memory (MB): peak = 6590.078 ; gain = 0.000
open_report: Time (s): cpu = 00:00:13 ; elapsed = 00:00:07 . Memory (MB): peak = 6590.078 ; gain = 0.000
launch_runs impl_1 -to_step write_bitstream -jobs 32
[Tue May 26 01:06:58 2026] Launched impl_1...
Run output will be captured here: C:/code/RFC-8439-fpga-implementation/AES-Cam-on-PYNQ-Z2-main/AES-Cam-on-PYNQ-Z2-main/AES_SYS/AES_SYS.runs/impl_1/runme.log
WARNING: [filemgmt 56-199] Attempt to get parsing info during refresh. "On-the-fly" syntax checking information may be incorrect. [C:\code\RFC-8439-fpga-implementation\src\Chacha20.v:]
WARNING: [filemgmt 56-199] Attempt to get parsing info during refresh. "On-the-fly" syntax checking information may be incorrect. [C:\code\RFC-8439-fpga-implementation\src\RFC8439.v:]
WARNING: [filemgmt 56-199] Attempt to get parsing info during refresh. "On-the-fly" syntax checking information may be incorrect. [C:\code\RFC-8439-fpga-implementation\src\Chacha20.v:]
WARNING: [filemgmt 56-199] Attempt to get parsing info during refresh. "On-the-fly" syntax checking information may be incorrect. [C:\code\RFC-8439-fpga-implementation\src\RFC8439.v:]
WARNING: [filemgmt 56-199] Attempt to get parsing info during refresh. "On-the-fly" syntax checking information may be incorrect. [C:\code\RFC-8439-fpga-implementation\src\Chacha20.v:]
WARNING: [filemgmt 56-199] Attempt to get parsing info during refresh. "On-the-fly" syntax checking information may be incorrect. [C:\code\RFC-8439-fpga-implementation\src\RFC8439.v:]
WARNING: [filemgmt 56-199] Attempt to get parsing info during refresh. "On-the-fly" syntax checking information may be incorrect. [C:\code\RFC-8439-fpga-implementation\src\Chacha20.v:]
WARNING: [filemgmt 56-199] Attempt to get parsing info during refresh. "On-the-fly" syntax checking information may be incorrect. [C:\code\RFC-8439-fpga-implementation\src\RFC8439.v:]
open_bd_design {C:/code/RFC-8439-fpga-implementation/AES-Cam-on-PYNQ-Z2-main/AES-Cam-on-PYNQ-Z2-main/AES_SYS/AES_SYS.srcs/sources_1/bd/AES_SYS/AES_SYS.bd}
open_bd_design {C:/code/RFC-8439-fpga-implementation/AES-Cam-on-PYNQ-Z2-main/AES-Cam-on-PYNQ-Z2-main/AES_SYS/AES_SYS.srcs/sources_1/bd/AES_SYS/AES_SYS.bd}
generate_target all [get_files  C:/code/RFC-8439-fpga-implementation/AES-Cam-on-PYNQ-Z2-main/AES-Cam-on-PYNQ-Z2-main/AES_SYS/AES_SYS.srcs/sources_1/bd/AES_SYS/AES_SYS.bd]
INFO: [BD 41-1637] Generated targets are already up-to-date for block design 'AES_SYS' - hence not re-generating.
export_ip_user_files -of_objects [get_files C:/code/RFC-8439-fpga-implementation/AES-Cam-on-PYNQ-Z2-main/AES-Cam-on-PYNQ-Z2-main/AES_SYS/AES_SYS.srcs/sources_1/bd/AES_SYS/AES_SYS.bd] -no_script -sync -force -quiet
create_ip_run [get_files -of_objects [get_fileset sources_1] C:/code/RFC-8439-fpga-implementation/AES-Cam-on-PYNQ-Z2-main/AES-Cam-on-PYNQ-Z2-main/AES_SYS/AES_SYS.srcs/sources_1/bd/AES_SYS/AES_SYS.bd]
export_simulation -of_objects [get_files C:/code/RFC-8439-fpga-implementation/AES-Cam-on-PYNQ-Z2-main/AES-Cam-on-PYNQ-Z2-main/AES_SYS/AES_SYS.srcs/sources_1/bd/AES_SYS/AES_SYS.bd] -directory C:/code/RFC-8439-fpga-implementation/AES-Cam-on-PYNQ-Z2-main/AES-Cam-on-PYNQ-Z2-main/AES_SYS/AES_SYS.ip_user_files/sim_scripts -ip_user_files_dir C:/code/RFC-8439-fpga-implementation/AES-Cam-on-PYNQ-Z2-main/AES-Cam-on-PYNQ-Z2-main/AES_SYS/AES_SYS.ip_user_files -ipstatic_source_dir C:/code/RFC-8439-fpga-implementation/AES-Cam-on-PYNQ-Z2-main/AES-Cam-on-PYNQ-Z2-main/AES_SYS/AES_SYS.ip_user_files/ipstatic -lib_map_path [list {modelsim=C:/code/RFC-8439-fpga-implementation/AES-Cam-on-PYNQ-Z2-main/AES-Cam-on-PYNQ-Z2-main/AES_SYS/AES_SYS.cache/compile_simlib/modelsim} {questa=C:/code/RFC-8439-fpga-implementation/AES-Cam-on-PYNQ-Z2-main/AES-Cam-on-PYNQ-Z2-main/AES_SYS/AES_SYS.cache/compile_simlib/questa} {riviera=C:/code/RFC-8439-fpga-implementation/AES-Cam-on-PYNQ-Z2-main/AES-Cam-on-PYNQ-Z2-main/AES_SYS/AES_SYS.cache/compile_simlib/riviera} {activehdl=C:/code/RFC-8439-fpga-implementation/AES-Cam-on-PYNQ-Z2-main/AES-Cam-on-PYNQ-Z2-main/AES_SYS/AES_SYS.cache/compile_simlib/activehdl}] -use_ip_compiled_libs -force -quiet
reset_run synth_1
INFO: [Project 1-1161] Replacing file C:/code/RFC-8439-fpga-implementation/AES-Cam-on-PYNQ-Z2-main/AES-Cam-on-PYNQ-Z2-main/AES_SYS/AES_SYS.srcs/utils_1/imports/synth_1/AES_SYS_wrapper.dcp with file C:/code/RFC-8439-fpga-implementation/AES-Cam-on-PYNQ-Z2-main/AES-Cam-on-PYNQ-Z2-main/AES_SYS/AES_SYS.runs/synth_1/AES_SYS_wrapper.dcp
launch_runs synth_1 -jobs 32
[Tue May 26 01:31:14 2026] Launched synth_1...
Run output will be captured here: C:/code/RFC-8439-fpga-implementation/AES-Cam-on-PYNQ-Z2-main/AES-Cam-on-PYNQ-Z2-main/AES_SYS/AES_SYS.runs/synth_1/runme.log
WARNING: [filemgmt 56-199] Attempt to get parsing info during refresh. "On-the-fly" syntax checking information may be incorrect. [C:\code\RFC-8439-fpga-implementation\src\Chacha20.v:]
WARNING: [filemgmt 56-199] Attempt to get parsing info during refresh. "On-the-fly" syntax checking information may be incorrect. [C:\code\RFC-8439-fpga-implementation\src\RFC8439.v:]
WARNING: [filemgmt 56-199] Attempt to get parsing info during refresh. "On-the-fly" syntax checking information may be incorrect. [C:\code\RFC-8439-fpga-implementation\src\Chacha20.v:]
WARNING: [filemgmt 56-199] Attempt to get parsing info during refresh. "On-the-fly" syntax checking information may be incorrect. [C:\code\RFC-8439-fpga-implementation\src\RFC8439.v:]
launch_runs impl_1 -jobs 32
[Tue May 26 01:46:33 2026] Launched impl_1...
Run output will be captured here: C:/code/RFC-8439-fpga-implementation/AES-Cam-on-PYNQ-Z2-main/AES-Cam-on-PYNQ-Z2-main/AES_SYS/AES_SYS.runs/impl_1/runme.log
create_ip_run [get_files -of_objects [get_fileset sources_1] C:/code/RFC-8439-fpga-implementation/AES-Cam-on-PYNQ-Z2-main/AES-Cam-on-PYNQ-Z2-main/AES_SYS/AES_SYS.srcs/sources_1/bd/AES_SYS/AES_SYS.bd]
refresh_design
Netlist sorting complete. Time (s): cpu = 00:00:01 ; elapsed = 00:00:00.565 . Memory (MB): peak = 6590.078 ; gain = 0.000
INFO: [Netlist 29-17] Analyzing 1635 Unisim elements for replacement
INFO: [Netlist 29-28] Unisim Transformation completed in 0 CPU seconds
INFO: [Project 1-479] Netlist was created with Vivado 2023.2
INFO: [Project 1-570] Preparing netlist for logic optimization
WARNING: [Constraints 18-550] Could not create 'IBUF_LOW_PWR' constraint because net 'AES_SYS_i/clk_wiz_0/clk_in1' is not directly connected to top level port. 'IBUF_LOW_PWR' is ignored for synthesis but preserved for implementation.
Read ShapeDB Complete: Time (s): cpu = 00:00:00 ; elapsed = 00:00:00.093 . Memory (MB): peak = 6590.078 ; gain = 0.000
INFO: [Timing 38-478] Restoring timing data from binary archive.
INFO: [Timing 38-479] Binary timing data restore complete.
INFO: [Project 1-856] Restoring constraints from binary archive.
INFO: [Project 1-853] Binary constraint restore complete.
INFO: [Designutils 20-5722] Start Reading Physical Databases.
Reading placement.
Read Netlist Cache: Time (s): cpu = 00:00:00 ; elapsed = 00:00:00.040 . Memory (MB): peak = 6590.078 ; gain = 0.000
Reading placer database...
Read Device Cache: Time (s): cpu = 00:00:00 ; elapsed = 00:00:00.015 . Memory (MB): peak = 6590.078 ; gain = 0.000
Read PlaceDB: Time (s): cpu = 00:00:01 ; elapsed = 00:00:01 . Memory (MB): peak = 6590.078 ; gain = 0.000
Read PulsedLatchDB: Time (s): cpu = 00:00:00 ; elapsed = 00:00:00 . Memory (MB): peak = 6590.078 ; gain = 0.000
Reading routing.
Read RouteStorage: Time (s): cpu = 00:00:01 ; elapsed = 00:00:00.463 . Memory (MB): peak = 6590.078 ; gain = 0.000
Read Physdb Files: Time (s): cpu = 00:00:02 ; elapsed = 00:00:02 . Memory (MB): peak = 6590.078 ; gain = 0.000
Restored from archive | CPU: 2.000000 secs | Memory: 0.000000 MB |
Finished XDEF File Restore: Time (s): cpu = 00:00:02 ; elapsed = 00:00:02 . Memory (MB): peak = 6590.078 ; gain = 0.000
refresh_design: Time (s): cpu = 00:00:13 ; elapsed = 00:00:10 . Memory (MB): peak = 6590.078 ; gain = 0.000
open_report: Time (s): cpu = 00:00:12 ; elapsed = 00:00:07 . Memory (MB): peak = 6590.078 ; gain = 0.000
launch_runs impl_1 -to_step write_bitstream -jobs 32
[Tue May 26 02:09:32 2026] Launched impl_1...
Run output will be captured here: C:/code/RFC-8439-fpga-implementation/AES-Cam-on-PYNQ-Z2-main/AES-Cam-on-PYNQ-Z2-main/AES_SYS/AES_SYS.runs/impl_1/runme.log
exit
INFO: [Common 17-206] Exiting Vivado at Tue May 26 02:25:25 2026...
